sample_index,original_id,company,title,true_label,predicted_label,legitimate_probability,fraud_probability,threshold,correct,model_name,imbalance_strategy
0,emscad_00004,Our passion for improving quality of life through geography is at the heart of everything we do. Esri’s geographic infor,Account Executive - Washington DC,0,0,0.9999015927314758,9.840726852416992e-05,0.05,1,BERT:bert_class_weighted,Class weight
1,emscad_00013,"Novitex Enterprise Solutions, formerly Pitney Bowes Management Services, delivers innovative document and communications","Applications Developer, Digital",0,0,0.9999064803123474,9.351968765258789e-05,0.05,1,BERT:bert_class_weighted,Class weight
2,emscad_00017,At HoneyBook we’re re-imagining the events industry and building a product that is already changing the world for some o,Hands-On QA Leader,0,0,0.9999197125434875,8.028745651245117e-05,0.05,1,BERT:bert_class_weighted,Class weight
3,emscad_00020,We Provide Full Time Permanent Positions for many medium to large US companies. We are interested in finding/recruiting ,Process Controls Engineer - DCS PLC MS Office - PA,0,0,0.9998517036437988,0.00014829635620117188,0.05,1,BERT:bert_class_weighted,Class weight
4,emscad_00021,IntelliBright was created to leverage enterprise level online business practices to generate exclusive leads on behalf o,Marketing Assistant,0,0,0.9999125003814697,8.749961853027344e-05,0.05,1,BERT:bert_class_weighted,Class weight
5,emscad_00025,We are a canary wharf based e-commerce company and are recruiting for a full time customer service administrator. This i,Customer Service,0,0,0.9997541904449463,0.00024580955505371094,0.05,1,BERT:bert_class_weighted,Class weight
6,emscad_00026,i28 Technologies has demonstrated expertise in areas strategic to different business in varying verticals. I28 Technolog,H1B SPONSOR FOR L1/L2/OPT,0,0,0.9997973442077637,0.00020265579223632812,0.05,1,BERT:bert_class_weighted,Class weight
7,emscad_00027,If working in a cubical seems like your idea of hell then joining our awesome startup team might be the opportunity you’,Marketing Exec,0,0,0.9999187588691711,8.124113082885742e-05,0.05,1,BERT:bert_class_weighted,Class weight
8,emscad_00030,"Novitex Enterprise Solutions, formerly Pitney Bowes Management Services, delivers innovative document and communications",Customer Service Associate,0,0,0.999923050403595,7.69495964050293e-05,0.05,1,BERT:bert_class_weighted,Class weight
9,emscad_00031,"Novitex Enterprise Solutions, formerly Pitney Bowes Management Services, delivers innovative document and communications",Customer Service Technical Specialist,0,0,0.9999114871025085,8.851289749145508e-05,0.05,1,BERT:bert_class_weighted,Class weight
10,emscad_00037,We help teachers get safe & secure jobs abroad :),Graduates: English Teacher Abroad,0,0,0.99990314245224,9.685754776000977e-05,0.05,1,BERT:bert_class_weighted,Class weight
11,emscad_00046,"ABC Supply Co., Inc. is the nation’s largest wholesale distributor of roofing and one of the largest distributors of sid",Inside Sales Professional-Omaha,0,0,0.9998326301574707,0.00016736984252929688,0.05,1,BERT:bert_class_weighted,Class weight
12,emscad_00061,We help teachers get safe & secure jobs abroad :),Graduates: English Teacher Abroad (Conversational),0,0,0.9998964667320251,0.00010353326797485352,0.05,1,BERT:bert_class_weighted,Class weight
13,emscad_00066,"TELL is a digital creative agency. It’s not just who you know, it’s how you get to know them. We live in what we call th",Digital Developer,0,0,0.9999271631240845,7.283687591552734e-05,0.05,1,BERT:bert_class_weighted,Class weight
14,emscad_00071,"Luxury British cocoa grower and chocolatier, Hotel Chocolat, was founded in 2004 to make exciting chocolate with three g",Tasting Adventures Presenter,0,0,0.9998923540115356,0.00010764598846435547,0.05,1,BERT:bert_class_weighted,Class weight
15,emscad_00074,A well-known hospital in Dubai is looking for a full - time Specialist Obs./Gynec. (having DHA/HAAD/MOH License) to join,Specialist Obs/Gyn,0,0,0.9857559204101562,0.01424407958984375,0.05,1,BERT:bert_class_weighted,Class weight
16,emscad_00085,"Novitex Enterprise Solutions, formerly Pitney Bowes Management Services, delivers innovative document and communications",Customer Service Associate,0,0,0.9999218583106995,7.814168930053711e-05,0.05,1,BERT:bert_class_weighted,Class weight
17,emscad_00092,"Change Automotive Recruitment was established in 1993, with the aim of supplying quality, talented individuals into the ",Recruitment Consultant,0,0,0.9999174475669861,8.255243301391602e-05,0.05,1,BERT:bert_class_weighted,Class weight
18,emscad_00101,"CAD Operator – Transmission Engineering. Under general direction, this candidate will create or modify electrical, civil",CAD Operator,0,0,0.9998452663421631,0.00015473365783691406,0.05,1,BERT:bert_class_weighted,Class weight
19,emscad_00103,Renewable Energy and Environmental Protection equipment,Marketing Administrator,0,0,0.9999057650566101,9.423494338989258e-05,0.05,1,BERT:bert_class_weighted,Class weight
20,emscad_00114,Simworx is acknowledged as one of the world’s leaders in the supply of 4D Effects Cinemas and Motion Simulation Attracti,Operations Manager,0,0,0.9998968839645386,0.00010311603546142578,0.05,1,BERT:bert_class_weighted,Class weight
21,emscad_00116,Established on the principles that full time education is not for everyone Spectrum Learning is made up of a team of pas,Birmingham Business Admin Apprenticeship Under NAS 16-18 Year Olds Only,0,0,0.999923050403595,7.69495964050293e-05,0.05,1,BERT:bert_class_weighted,Class weight
22,emscad_00119,ActionIQ is a stealth startup building the next generation of data-driven business applications. It is based in New York,"Member of Technical Staff, Backend",0,0,0.9999046325683594,9.5367431640625e-05,0.05,1,BERT:bert_class_weighted,Class weight
23,emscad_00127,Who is AbZorba Games?,Game & Feature Specialist,0,0,0.9999215602874756,7.843971252441406e-05,0.05,1,BERT:bert_class_weighted,Class weight
24,emscad_00140,"Novitex Enterprise Solutions, formerly Pitney Bowes Management Services, delivers innovative document and communications",Customer Service Associate,0,0,0.9999209642410278,7.903575897216797e-05,0.05,1,BERT:bert_class_weighted,Class weight
25,emscad_00142,"Novitex Enterprise Solutions, formerly Pitney Bowes Management Services, delivers innovative document and communications",Customer Service Associate,0,0,0.9999203085899353,7.969141006469727e-05,0.05,1,BERT:bert_class_weighted,Class weight
26,emscad_00149,StartTech Ventures is the investment & incubation arm of the Materializing Innovation Group and has three functions: See,UI/UX developer at StartTech Ventures,0,0,0.9999248385429382,7.516145706176758e-05,0.05,1,BERT:bert_class_weighted,Class weight
27,emscad_00150,Our passion for improving quality of life through geography is at the heart of everything we do. Esri’s geographic infor,Account Executive - Philadelphia,0,0,0.99990314245224,9.685754776000977e-05,0.05,1,BERT:bert_class_weighted,Class weight
28,emscad_00151,Yazamo is a rapidly growing digital lifecycle marketing firm focused on developing web marketing strategies for mid size,Web Developer,0,0,0.9999174475669861,8.255243301391602e-05,0.05,1,BERT:bert_class_weighted,Class weight
29,emscad_00154,"Neverbland is a team of designers, developers and doers. Specialists in user experience, interaction design and product ",Senior Project Manager,0,0,0.9999209642410278,7.903575897216797e-05,0.05,1,BERT:bert_class_weighted,Class weight
30,emscad_00161,"Dairy, food and beverage processors work within one of the most complex, competitive and precision-driven industries. Th",Field Services Supervisor,0,0,0.9998992681503296,0.00010073184967041016,0.05,1,BERT:bert_class_weighted,Class weight
31,emscad_00170,"Novitex Enterprise Solutions, formerly Pitney Bowes Management Services, delivers innovative document and communications",Customer Service Team Lead,0,0,0.9999203085899353,7.969141006469727e-05,0.05,1,BERT:bert_class_weighted,Class weight
32,emscad_00172,The Technical Team and offering at VML London has a very strong heritage dating back to the mid-nineties when the London,System Administrator,0,0,0.9999125003814697,8.749961853027344e-05,0.05,1,BERT:bert_class_weighted,Class weight
33,emscad_00180,Playfair Capital is an early stage technology investment fund based in London.,Internal Recruiter,0,0,0.9999155402183533,8.445978164672852e-05,0.05,1,BERT:bert_class_weighted,Class weight
34,emscad_00186,Established on the principles that full time education is not for everyone Spectrum Learning is made up of a team of pas,Reading Fragrance/Beauty Promotional Staff,0,0,0.9999245405197144,7.545948028564453e-05,0.05,1,BERT:bert_class_weighted,Class weight
35,emscad_00199,MarketInvoice is one of the most high-profile London based fin-tech companies. The Company is Europe’s leading P2P invoi,Junior Funding Specialist (Sales),0,0,0.999925434589386,7.456541061401367e-05,0.05,1,BERT:bert_class_weighted,Class weight
36,emscad_00210,"Novitex Enterprise Solutions, formerly Pitney Bowes Management Services, delivers innovative document and communications",Customer Service Associate,0,0,0.9999221563339233,7.784366607666016e-05,0.05,1,BERT:bert_class_weighted,Class weight
37,emscad_00214,"Novitex Enterprise Solutions, formerly Pitney Bowes Management Services, delivers innovative document and communications",Customer Service Associate,0,0,0.999923050403595,7.69495964050293e-05,0.05,1,BERT:bert_class_weighted,Class weight
38,emscad_00222,Established on the principles that full time education is not for everyone Spectrum Learning is made up of a team of pas,DN4 Apprentice Admin Assistant Under NAS 16-18 Year Olds Only,0,0,0.9999171495437622,8.285045623779297e-05,0.05,1,BERT:bert_class_weighted,Class weight
39,emscad_00228,This is a fantastic opportunity for the right people who have the ability to really push themselves and remain focused o,Telesales,0,0,0.9991655349731445,0.0008344650268554688,0.05,1,BERT:bert_class_weighted,Class weight
40,emscad_00231,"Novitex Enterprise Solutions, formerly Pitney Bowes Management Services, delivers innovative document and communications",Customer Service Associate,0,0,0.9999215602874756,7.843971252441406e-05,0.05,1,BERT:bert_class_weighted,Class weight
41,emscad_00234,Stack Exchange is a fast-growing network of over 100 question and answer sites on diverse topics from computer programmi,Web Support Specialist,0,0,0.9999212622642517,7.873773574829102e-05,0.05,1,BERT:bert_class_weighted,Class weight
42,emscad_00241,"Novitex Enterprise Solutions, formerly Pitney Bowes Management Services, delivers innovative document and communications",Customer Service Associate,0,0,0.9999174475669861,8.255243301391602e-05,0.05,1,BERT:bert_class_weighted,Class weight
43,emscad_00245,Job Overview,Senior Industrial Hygiene Project Manager,0,0,0.9998644590377808,0.00013554096221923828,0.05,1,BERT:bert_class_weighted,Class weight
44,emscad_00246,MarketInvoice is one of the most high-profile London based fin-tech companies. The Company is Europe’s leading P2P invoi,Junior Funding Specialist (Sales),0,0,0.999925434589386,7.456541061401367e-05,0.05,1,BERT:bert_class_weighted,Class weight
45,emscad_00248,MarketInvoice is one of the most high-profile London based fin-tech companies. The Company is Europe’s leading P2P invoi,Head of Communications,0,0,0.999920666217804,7.933378219604492e-05,0.05,1,BERT:bert_class_weighted,Class weight
46,emscad_00259,"Novitex Enterprise Solutions, formerly Pitney Bowes Management Services, delivers innovative document and communications",Driver II,0,0,0.9999194145202637,8.058547973632812e-05,0.05,1,BERT:bert_class_weighted,Class weight
47,emscad_00268,"Novitex Enterprise Solutions, formerly Pitney Bowes Management Services, delivers innovative document and communications",Customer Service Associate,0,0,0.9999209642410278,7.903575897216797e-05,0.05,1,BERT:bert_class_weighted,Class weight
48,emscad_00269,"We are looking for a passionate engineer to join our company and help grow the best web lab in Athens. In Monospace, we ",Front-end Developer,0,0,0.9998440742492676,0.00015592575073242188,0.05,1,BERT:bert_class_weighted,Class weight
49,emscad_00299,"Argenta Field Solutions values the client, creates income streams for them through our sales mechanism and focuses on qu",Sales Representative with Management Training - DirecTV,0,0,0.9998073577880859,0.0001926422119140625,0.05,1,BERT:bert_class_weighted,Class weight
50,emscad_00304,"Responsible for the planning, specification and construction coordination of electrical facilities. The facilities can i",Electrical Project Engineer,0,0,0.9977264404296875,0.0022735595703125,0.05,1,BERT:bert_class_weighted,Class weight
51,emscad_00313,"Professional Technology Resourcing, Managed Services, Contracting, Project Management and Executive Placement Services.","Sales Manager, Hong Kong",0,0,0.9992399215698242,0.0007600784301757812,0.05,1,BERT:bert_class_weighted,Class weight
52,emscad_00322,"Mobile Trainers is a private, mobile personal fitness training company. Services - In-Home Private, Personal Training - ",General Manager | Managing Partner,0,0,0.9999068379402161,9.316205978393555e-05,0.05,1,BERT:bert_class_weighted,Class weight
53,emscad_00331,We help teachers get safe & secure jobs abroad :),Graduates: English Teacher Abroad,0,0,0.99990314245224,9.685754776000977e-05,0.05,1,BERT:bert_class_weighted,Class weight
54,emscad_00334,Our team is carefully balanced with the best specialists in the healthcare market and experts in web development and use,Senior Customer Care Advisor,0,0,0.9999218583106995,7.814168930053711e-05,0.05,1,BERT:bert_class_weighted,Class weight
55,emscad_00344,Unify — formerly known as Siemens Enterprise Communications — is a premier communications software and services firms. O,Quality Assurance (QA) Engineer,0,0,0.9997403621673584,0.00025963783264160156,0.05,1,BERT:bert_class_weighted,Class weight
56,emscad_00352,Balanced Labs exists to provide accountants and small businesses everywhere with a better life through intelligent and e,Digital Product Designer,0,0,0.9999114871025085,8.851289749145508e-05,0.05,1,BERT:bert_class_weighted,Class weight
57,emscad_00359,"Novitex Enterprise Solutions, formerly Pitney Bowes Management Services, delivers innovative document and communications",Service Delivery Associate - On Call,0,0,0.9999178051948547,8.219480514526367e-05,0.05,1,BERT:bert_class_weighted,Class weight
58,emscad_00368,Established on the principles that full time education is not for everyone Spectrum Learning is made up of a team of pas,Southport Business Admin Apprenticeship Under NAS 16-18 Year Olds Only,0,0,0.999919056892395,8.094310760498047e-05,0.05,1,BERT:bert_class_weighted,Class weight
59,emscad_00369,"Jr. QA Engineer Experience :1-5 years Location : Atlanta, Georgia",Jr. Quality Assurance Engineer,0,0,0.9998253583908081,0.00017464160919189453,0.05,1,BERT:bert_class_weighted,Class weight
60,emscad_00377,"The salary is open, DOE. This role manages 4 Data Analysts.",Data Manager--Fixed Income,0,0,0.9998016357421875,0.0001983642578125,0.05,1,BERT:bert_class_weighted,Class weight
61,emscad_00378,Why CSD?,Graphic / Web Designer,0,0,0.9999200105667114,7.998943328857422e-05,0.05,1,BERT:bert_class_weighted,Class weight
62,emscad_00380,"Lost My Name combines the power of storytelling with the possibilities of technology to make magical, personalised books",Back End Engineer - Platform Team,0,0,0.999925434589386,7.456541061401367e-05,0.05,1,BERT:bert_class_weighted,Class weight
63,emscad_00386,IT Rockstars wanted for Fun and Fast Growing San Diego IT Services Company. We are looking to grow our Technical team wi,IT Rockstar Wanted for Fun and Fast Growing San Diego IT Company,0,0,0.9999181032180786,8.189678192138672e-05,0.05,1,BERT:bert_class_weighted,Class weight
64,emscad_00392,"Novitex Enterprise Solutions, formerly Pitney Bowes Management Services, delivers innovative document and communications",Customer Service Associate,0,0,0.9999218583106995,7.814168930053711e-05,0.05,1,BERT:bert_class_weighted,Class weight
65,emscad_00393,MISSION:,PASSIONATE EXPERIENCED PCP's NEEDED TODAY! WE PAY MORE FOR THE VERY BEST IN THE INDUSTRY!,0,0,0.9999151825904846,8.481740951538086e-05,0.05,1,BERT:bert_class_weighted,Class weight
66,emscad_00396,RHB Recruitment Ltd is a business process outsourcing company with its state-of-the-art delivery center (existing capaci,Systems Analyst,0,0,0.9999054074287415,9.459257125854492e-05,0.05,1,BERT:bert_class_weighted,Class weight
67,emscad_00398,"Kin is a hosted HR management app used by small companies to manage employee data and files, time-off, and new hire onbo",UI Engineer,0,0,0.9998858571052551,0.00011414289474487305,0.05,1,BERT:bert_class_weighted,Class weight
68,emscad_00407,Applied Memetics LLC is a professional services company dedicated to integrating and delivering best practice communicat,Paid Internship for Africa Program,0,0,0.9999135136604309,8.64863395690918e-05,0.05,1,BERT:bert_class_weighted,Class weight
69,emscad_00412,WHO WE ARE In2media has ever since the early start in 1994 grown into being a full service digital agency. Following the,Art Director,0,0,0.9999237060546875,7.62939453125e-05,0.05,1,BERT:bert_class_weighted,Class weight
70,emscad_00415,"Novitex Enterprise Solutions, formerly Pitney Bowes Management Services, delivers innovative document and communications",Print Production Associate - On Call,0,0,0.9999227523803711,7.724761962890625e-05,0.05,1,BERT:bert_class_weighted,Class weight
71,emscad_00424,"Delivering superior customer services for over 10 years, IBEX Global is a business process outsourcer offering an integr",Agent-Inbound Sales Position,0,0,0.9998836517333984,0.0001163482666015625,0.05,1,BERT:bert_class_weighted,Class weight
72,emscad_00425,Designing the product architecture,Product Lead,0,0,0.9998273849487305,0.00017261505126953125,0.05,1,BERT:bert_class_weighted,Class weight
73,emscad_00427,"ValleySoft is a fast growing global IT Services & Solutions company based in Silicon Valley, USA . At ValleySoft, we str",HFM Techno Functional Lead,0,0,0.9999151825904846,8.481740951538086e-05,0.05,1,BERT:bert_class_weighted,Class weight
74,emscad_00428,Established on the principles that full time education is not for everyone Spectrum Learning is made up of a team of pas,Manchester Doctors' Business Admin Apprentice Under NAS 16-18 Year Olds Only,0,0,0.9999221563339233,7.784366607666016e-05,0.05,1,BERT:bert_class_weighted,Class weight
75,emscad_00429,"DICE gets fans the best tickets at face value with No Booking Fees. We're based in Shoreditch, London and 100% mobile so",Nightlife Editor,0,0,0.9999061226844788,9.387731552124023e-05,0.05,1,BERT:bert_class_weighted,Class weight
76,emscad_00432,Role: Technical Lead,Technical Lead,0,0,0.9997074604034424,0.0002925395965576172,0.05,1,BERT:bert_class_weighted,Class weight
77,emscad_00433,Want to build a 21st century financial service?,Android Developer,0,0,0.9999203085899353,7.969141006469727e-05,0.05,1,BERT:bert_class_weighted,Class weight
78,emscad_00435,Solutions3 is a woman-owned small business whose focus is IT Service Management using best of breed technology and imple,Sr. ServiceNow Implementers,0,0,0.9999145269393921,8.547306060791016e-05,0.05,1,BERT:bert_class_weighted,Class weight
79,emscad_00450,"L O OP is an award winning interactive agency based in Salzburg with satellite offices in Copenhagen, Berlin, Sydney and",Office Management,0,0,0.9999194145202637,8.058547973632812e-05,0.05,1,BERT:bert_class_weighted,Class weight
80,emscad_00456,"Novitex Enterprise Solutions, formerly Pitney Bowes Management Services, delivers innovative document and communications",Customer Service Associate - Part Time,0,0,0.9999155402183533,8.445978164672852e-05,0.05,1,BERT:bert_class_weighted,Class weight
81,emscad_00468,"Cohaesus is a trusted partner to the world's greatest advertising, marketing, communications and creative agencies. By b",Senior C# Developer,0,0,0.9999257326126099,7.426738739013672e-05,0.05,1,BERT:bert_class_weighted,Class weight
82,emscad_00469,"Cloud Elements is a cloud application developer and integrator based in Denver, CO. We partner with leading SaaS, PaaS a",Junior Software Engineer,0,0,0.9998736381530762,0.00012636184692382812,0.05,1,BERT:bert_class_weighted,Class weight
83,emscad_00475,We are looking for a Dental Cast Partial Tech for our Lab or a Dept Manager. This is a full-time position with great pay,Dental Cast Partial Lab Tech and/or Dept Manager,0,0,0.9992384910583496,0.0007615089416503906,0.05,1,BERT:bert_class_weighted,Class weight
84,emscad_00476,"DICE gets fans the best tickets at face value with No Booking Fees. We're based in Shoreditch, London and 100% mobile so",Assistant to Head of Music,0,0,0.9999075531959534,9.244680404663086e-05,0.05,1,BERT:bert_class_weighted,Class weight
85,emscad_00480,"Novitex Enterprise Solutions, formerly Pitney Bowes Management Services, delivers innovative document and communications",Customer Service Associate,0,0,0.9999215602874756,7.843971252441406e-05,0.05,1,BERT:bert_class_weighted,Class weight
86,emscad_00491,"Proficio Mortgage is a rapidly growing mortgage lender that cares about both our clients, and our team members. Proficio",Customer Service Representative,0,0,0.9998906850814819,0.0001093149185180664,0.05,1,BERT:bert_class_weighted,Class weight
87,emscad_00497,"Novitex Enterprise Solutions, formerly Pitney Bowes Management Services, delivers innovative document and communications",Customer Service Associate,0,0,0.9999224543571472,7.75456428527832e-05,0.05,1,BERT:bert_class_weighted,Class weight
88,emscad_00507,Hawkeye Recruitment provides cost effective recruitment advertising solutions to help you cast the widest net to find th,Assistant Property Manager,0,0,0.9999027848243713,9.721517562866211e-05,0.05,1,BERT:bert_class_weighted,Class weight
89,emscad_00510,"Novitex Enterprise Solutions, formerly Pitney Bowes Management Services, delivers innovative document and communications",Customer Service Associate,0,0,0.9999203085899353,7.969141006469727e-05,0.05,1,BERT:bert_class_weighted,Class weight
90,emscad_00511,"NEW YORK LIFE, 170 years old Fortune 100 Co. with $380 Billion in Assets and $20 Billion in Surplus, is hiring Financial",Financial Advisor,0,0,0.9998584985733032,0.00014150142669677734,0.05,1,BERT:bert_class_weighted,Class weight
91,emscad_00530,An individual must be able to successfully perform the essential functions of this position with or without a reasonable,Junior Forecaster,0,0,0.9996607303619385,0.00033926963806152344,0.05,1,BERT:bert_class_weighted,Class weight
92,emscad_00543,"Optimal Business Action was created in 2005 in order to provide high quality, personalized HR services to medium and lar",Key Account Manager,0,0,0.9999184608459473,8.153915405273438e-05,0.05,1,BERT:bert_class_weighted,Class weight
93,emscad_00545,"Finally, Picture This in Charleston is the first dealership marketing company that completes the marketing process for D",Field Technician/Technician Assistant,0,0,0.9999035000801086,9.649991989135742e-05,0.05,1,BERT:bert_class_weighted,Class weight
94,emscad_00557,"R.H. ÁGIL es una empresa dedicada a ofrecer servicios de Recursos Humanos, especializada en las áreas de Asesoría, Admin",Asistente Administrativa,0,0,0.9997589588165283,0.0002410411834716797,0.05,1,BERT:bert_class_weighted,Class weight
95,emscad_00562,"Novitex Enterprise Solutions, formerly Pitney Bowes Management Services, delivers innovative document and communications",Customer Service Associate - On Call,0,0,0.9999164938926697,8.350610733032227e-05,0.05,1,BERT:bert_class_weighted,Class weight
96,emscad_00566,"Novitex Enterprise Solutions, formerly Pitney Bowes Management Services, delivers innovative document and communications",Customer Service Associate,0,0,0.9999194145202637,8.058547973632812e-05,0.05,1,BERT:bert_class_weighted,Class weight
97,emscad_00567,StayClassy is a fast-growing San Diego-based startup that develops an online fundraising product used by thousands of No,Web Application Developer (Front-end),0,0,0.9999020099639893,9.799003601074219e-05,0.05,1,BERT:bert_class_weighted,Class weight
98,emscad_00596,Want to build a 21st century financial service?,UI/UX Designer,0,0,0.9999187588691711,8.124113082885742e-05,0.05,1,BERT:bert_class_weighted,Class weight
99,emscad_00602,"Novitex Enterprise Solutions, formerly Pitney Bowes Management Services, delivers innovative document and communications",Customer Service Associate,0,0,0.9999158382415771,8.416175842285156e-05,0.05,1,BERT:bert_class_weighted,Class weight
100,emscad_00603,"Novitex Enterprise Solutions, formerly Pitney Bowes Management Services, delivers innovative document and communications",Customer Service Associate,0,0,0.9999151825904846,8.481740951538086e-05,0.05,1,BERT:bert_class_weighted,Class weight
101,emscad_00609,We love the convenience of paying with plastic: swiping a debit or credit card is so much faster and more convenient tha,Director of Hardware,0,0,0.9999071955680847,9.28044319152832e-05,0.05,1,BERT:bert_class_weighted,Class weight
102,emscad_00614,"From the lands of Can Do, Roll Our Sleeves Up and Get It Done, we create and solve things previously unimaginable. We’re",Senior Software Engineer - OpenStack,0,0,0.9999248385429382,7.516145706176758e-05,0.05,1,BERT:bert_class_weighted,Class weight
103,emscad_00617,"Novitex Enterprise Solutions, formerly Pitney Bowes Management Services, delivers innovative document and communications",Customer Service Associate,0,0,0.9999212622642517,7.873773574829102e-05,0.05,1,BERT:bert_class_weighted,Class weight
104,emscad_00620,"ABC Supply Co., Inc. is the nation’s largest wholesale distributor of roofing and one of the largest distributors of sid",Outside Sales Professional-Windsor,0,0,0.9998433589935303,0.00015664100646972656,0.05,1,BERT:bert_class_weighted,Class weight
105,emscad_00624,"Novitex Enterprise Solutions, formerly Pitney Bowes Management Services, delivers innovative document and communications",Customer Service Technical Specialist,0,0,0.9999093413352966,9.065866470336914e-05,0.05,1,BERT:bert_class_weighted,Class weight
106,emscad_00634,Welcome to the Job Portal designed for TEDPB - (Training & Employment of Disabled Persons Board).,HelpDesk Associate,0,0,0.9999203085899353,7.969141006469727e-05,0.05,1,BERT:bert_class_weighted,Class weight
107,emscad_00652,Ruby Red is a British brand which uses the science of nature and the vital nutrients in plant ingredients combined with ,Part-Time Sales Advisor - Beauty London,0,0,0.9999197125434875,8.028745651245117e-05,0.05,1,BERT:bert_class_weighted,Class weight
108,emscad_00662,Aptitude Staffing Solutions has redesigned the recruiting wheel. Our innovative new platform cuts the recruiting time in,Director of Strategy,1,1,0.0,1.0,0.05,1,BERT:bert_class_weighted,Class weight
109,emscad_00663,"Squiz is one of the world's leading web solutions companies. We design, build and manage engaging websites and online ap",Senior Digital Designer,0,0,0.9999221563339233,7.784366607666016e-05,0.05,1,BERT:bert_class_weighted,Class weight
110,emscad_00664,"ABC Supply Co., Inc. is the nation’s largest wholesale distributor of roofing and one of the largest distributors of sid",CDL Driver-Grand Rapids,0,0,0.999879002571106,0.00012099742889404297,0.05,1,BERT:bert_class_weighted,Class weight
111,emscad_00666,"Novitex Enterprise Solutions, formerly Pitney Bowes Management Services, delivers innovative document and communications",Customer Service Technical Specialist,0,0,0.9999171495437622,8.285045623779297e-05,0.05,1,BERT:bert_class_weighted,Class weight
112,emscad_00668,Established on the principles that full time education is not for everyone Spectrum Learning is made up of a team of pas,Beauty & Fragrance consultants needed,0,0,0.999923050403595,7.69495964050293e-05,0.05,1,BERT:bert_class_weighted,Class weight
113,emscad_00674,"Optimal Business Action was created in 2005 in order to provide high quality, personalized HR services to medium and lar",Corporate Marketing Coordinator,0,0,0.9999187588691711,8.124113082885742e-05,0.05,1,BERT:bert_class_weighted,Class weight
114,emscad_00675,"Novitex Enterprise Solutions, formerly Pitney Bowes Management Services, delivers innovative document and communications",Customer Service Associate,0,0,0.9999221563339233,7.784366607666016e-05,0.05,1,BERT:bert_class_weighted,Class weight
115,emscad_00679,True Home Value one of the top five home improvements company's in the USA is now hiring for immediate openings for our ,Telesales,0,0,0.9998876452445984,0.00011235475540161133,0.05,1,BERT:bert_class_weighted,Class weight
116,emscad_00681,Inviting inspirational individuals,Front-end web developer (CSS/HTML),0,0,0.9999266266822815,7.337331771850586e-05,0.05,1,BERT:bert_class_weighted,Class weight
117,emscad_00692,The story of the Great Chicago Fire of 1871 isn’t really about the fire. It’s about what happened next: A remarkable mom,iOS Developer - CloudSpotter Technologies,0,0,0.9998813271522522,0.00011867284774780273,0.05,1,BERT:bert_class_weighted,Class weight
118,emscad_00701,"Babbel enables anyone to learn languages in an easy and interactive way. The learning system offers 13 languages, from E",Working Student Marketing,0,0,0.9999151825904846,8.481740951538086e-05,0.05,1,BERT:bert_class_weighted,Class weight
119,emscad_00714,Sample content. Please view our careers page for the real job ad.,Java Developer,0,0,0.9985675811767578,0.0014324188232421875,0.05,1,BERT:bert_class_weighted,Class weight
120,emscad_00715,Digital Brand Architects is a transformative boutique agency that expertly navigates the digital landscape through a two,Senior Account Executive,0,0,0.9999107718467712,8.922815322875977e-05,0.05,1,BERT:bert_class_weighted,Class weight
121,emscad_00718,"Depop is an exciting new mobile marketplace where you can sell things by simply taking a picture, as well as follow your",UX Designer,0,0,0.9999046325683594,9.5367431640625e-05,0.05,1,BERT:bert_class_weighted,Class weight
122,emscad_00728,"ABC Supply Co., Inc. is the nation’s largest wholesale distributor of roofing and one of the largest distributors of sid",Outside Sales Professional-Hartland,0,0,0.9998161792755127,0.0001838207244873047,0.05,1,BERT:bert_class_weighted,Class weight
123,emscad_00730,"QB Medical, Inc. is a growing medical supply distributor. We specialize in medical product sales to the federal governme",Healthcare Support Rep,0,0,0.9998780488967896,0.00012195110321044922,0.05,1,BERT:bert_class_weighted,Class weight
124,emscad_00735,Online Sales Director Opportunity - Only qualified need apply,Online Director,0,0,0.9996140003204346,0.0003859996795654297,0.05,1,BERT:bert_class_weighted,Class weight
125,emscad_00757,"Space Ape Games is an Award Winning Mobile/Social Gaming startup founded in 2012. We’re a small, high-performing team wi",Player Insight Analyst,0,0,0.9999187588691711,8.124113082885742e-05,0.05,1,BERT:bert_class_weighted,Class weight
126,emscad_00768,Position Overview A Software Developer develops specifications for SigmaTEK applications and modifies/maintains the exis,Software Developer,0,0,0.9993786811828613,0.0006213188171386719,0.05,1,BERT:bert_class_weighted,Class weight
127,emscad_00785,"Novitex Enterprise Solutions, formerly Pitney Bowes Management Services, delivers innovative document and communications",Service Delivery Manager 2,0,0,0.9999227523803711,7.724761962890625e-05,0.05,1,BERT:bert_class_weighted,Class weight
128,emscad_00802,"Novitex Enterprise Solutions, formerly Pitney Bowes Management Services, delivers innovative document and communications",Service Solutions Analyst,0,0,0.9999209642410278,7.903575897216797e-05,0.05,1,BERT:bert_class_weighted,Class weight
129,emscad_00803,Accepted Ltd. was founded in 2004 with the aim of offering an extensive series of IT professional services in the areas ,QA Engineer,0,0,0.9998831748962402,0.00011682510375976562,0.05,1,BERT:bert_class_weighted,Class weight
130,emscad_00827,"Novitex Enterprise Solutions, formerly Pitney Bowes Management Services, delivers innovative document and communications",Lead Operator,0,0,0.9999125003814697,8.749961853027344e-05,0.05,1,BERT:bert_class_weighted,Class weight
131,emscad_00832,“Pride is a personal commitment. It is an attitude which separates excellence from mediocrity.” – Author Unknown,Retail Manager -- Must LOVE Dogs,0,0,0.9999128580093384,8.71419906616211e-05,0.05,1,BERT:bert_class_weighted,Class weight
132,emscad_00836,Workable is a venture-backed startup making cloud-based recruitment software for fast-growing companies around the world,Web Designer,0,0,0.9999260306358337,7.396936416625977e-05,0.05,1,BERT:bert_class_weighted,Class weight
133,emscad_00844,"The Accion story began more than 100 years ago in the Austin,Tx with one family owned establishment. Today, Accion has g",Technical & Customer Support Associates,1,1,0.0,1.0,0.05,1,BERT:bert_class_weighted,Class weight
134,emscad_00846,"The Accion story began more than 100 years ago in the Austin,Tx with one family owned establishment. Today, Accion has g",Service Associate,1,1,0.00048828125,0.99951171875,0.05,1,BERT:bert_class_weighted,Class weight
135,emscad_00847,"Established in 1999, Prometheus Group is a leading provider of and Health Information Management (HIMS) software solutio",Female - Admin Cum Front Office Executive,0,0,0.9998840689659119,0.00011593103408813477,0.05,1,BERT:bert_class_weighted,Class weight
136,emscad_00856,About HitFigure:,Automotive Account Manager,0,0,0.9999111294746399,8.887052536010742e-05,0.05,1,BERT:bert_class_weighted,Class weight
137,emscad_00857,"Tradable's award winning platform helps brokers solve the needs of their most demanding clients. Born open, our APIs all",Graphic Designer,0,0,0.9999203085899353,7.969141006469727e-05,0.05,1,BERT:bert_class_weighted,Class weight
138,emscad_00872,MediaMonks is the biggest creative digital production company on the planet . We specialize in working for and with adve,Jr. Creative Copywriter,0,0,0.9999158382415771,8.416175842285156e-05,0.05,1,BERT:bert_class_weighted,Class weight
139,emscad_00900,Our History,Driver - Light Duty (LA/OC),0,0,0.9999020099639893,9.799003601074219e-05,0.05,1,BERT:bert_class_weighted,Class weight
140,emscad_00902,Upstream’s mission is to revolutionise the way companies market to consumers through cutting edge technology. This is an,Connectivity Engineer,0,0,0.9999200105667114,7.998943328857422e-05,0.05,1,BERT:bert_class_weighted,Class weight
141,emscad_00904,Customer Service Representative to speak with patients and referral sources to provide excellent customer service and pa,Customer Sales Representative,0,1,0.0009765625,0.9990234375,0.05,0,BERT:bert_class_weighted,Class weight
142,emscad_00909,#URL_e837e935106c9b32dff718b3aff43001785693e48a3ebed31444faf85ee2da31# (“PPH”) is a global online services marketplace t,Payments Analyst,0,0,0.9999068379402161,9.316205978393555e-05,0.05,1,BERT:bert_class_weighted,Class weight
143,emscad_00921,"Tidewater Finance Co. was established in 1992 for the initial purpose of purchasing, and servicing retail installment co",Training and Quality Development Facilitator,0,0,0.9998747110366821,0.0001252889633178711,0.05,1,BERT:bert_class_weighted,Class weight
144,emscad_00927,Maker’s Row is an online marketplace that connects American manufacturers and product based businesses. Our mission is t,Software Engineering Intern,0,0,0.9999023675918579,9.763240814208984e-05,0.05,1,BERT:bert_class_weighted,Class weight
145,emscad_00930,Human capital is usually the biggest asset and expense for a company. Making the right hire – the first time – is critic,QA Engineer,0,0,0.999919056892395,8.094310760498047e-05,0.05,1,BERT:bert_class_weighted,Class weight
146,emscad_00932,Viva Payments is one of the first Payments Institutes in Greece and one of the fastest growing Financial Institutions in,Compliance Officer,0,0,0.9998931884765625,0.0001068115234375,0.05,1,BERT:bert_class_weighted,Class weight
147,emscad_00935,Human capital is usually the biggest asset and expense for a company. Making the right hire – the first time – is critic,Talence Group llc Resume Submission,0,0,0.9998889565467834,0.00011104345321655273,0.05,1,BERT:bert_class_weighted,Class weight
148,emscad_00942,PROSULTING IS PEOPLE The ProSulting difference is easy to see. Our passion for delivering qualified pre-screened personn,Accountant,0,0,0.9999111294746399,8.887052536010742e-05,0.05,1,BERT:bert_class_weighted,Class weight
149,emscad_00943,RSP is a design & manufacturing partner that is invested in our customers' success. We have a proven 50 year track recor,Account Manager,0,0,0.999869704246521,0.0001302957534790039,0.05,1,BERT:bert_class_weighted,Class weight
150,emscad_00944,Tile is one of the most successful crowd-funded campaigns in history and is building the world’s largest lost and found.,"Operations Manager, Asia",0,0,0.9999245405197144,7.545948028564453e-05,0.05,1,BERT:bert_class_weighted,Class weight
151,emscad_00945,Seeking top-notch candidates for a full-time superintendent who will be responsible on building projects in the $1m to $,Senior Superintendent - Commerical/Light Industrial,0,0,0.9998574256896973,0.00014257431030273438,0.05,1,BERT:bert_class_weighted,Class weight
152,emscad_00957,We are seeking an individual with extraordinary engineering talent who has a proven track record of developing high perf,Senior Java/WEb Services Developer (Need local to CA),0,0,0.9998253583908081,0.00017464160919189453,0.05,1,BERT:bert_class_weighted,Class weight
153,emscad_00960,Orange County Tech Recruiters is based in Orange County and focuses on finding full time technical talent for clients in,Senior Software Engineer,0,0,0.9999181032180786,8.189678192138672e-05,0.05,1,BERT:bert_class_weighted,Class weight
154,emscad_00963,Execute all visual design stages from concept to final hand-off to engineering,Web Designer,0,0,0.9993624687194824,0.0006375312805175781,0.05,1,BERT:bert_class_weighted,Class weight
155,emscad_00967,"This position provides technical consultation, support, and/or training to clients of computer or other information tech",Technology Support Tech,0,0,0.9998940229415894,0.00010597705841064453,0.05,1,BERT:bert_class_weighted,Class weight
156,emscad_00968,"If you’ve been looking for an Outrageously Dependable company where character counts, then you’re home. Interstate Batte",IT Support,0,0,0.9998307228088379,0.00016927719116210938,0.05,1,BERT:bert_class_weighted,Class weight
157,emscad_00971,"We are seeking a full-time QA Engineer to join our team, continue our success, and bring the busuu language learning exp",QA Engineer,0,0,0.9996645450592041,0.00033545494079589844,0.05,1,BERT:bert_class_weighted,Class weight
158,emscad_00974,"Our team is made of designers, physics wizards, educators, writers, musicians, and illustrators. We work together to bui",iOS Developer (C++ focus),0,0,0.9997909069061279,0.0002090930938720703,0.05,1,BERT:bert_class_weighted,Class weight
159,emscad_01003,"Neverbland is a team of designers, developers and doers. Specialists in user experience, interaction design and product ",Digital Designer,0,0,0.9999251365661621,7.486343383789062e-05,0.05,1,BERT:bert_class_weighted,Class weight
160,emscad_01005,LLC Infobest Systems operates with quality in the Business and information technology sector providing businesses/client,Assistant Sales Manager,0,0,0.9998059272766113,0.00019407272338867188,0.05,1,BERT:bert_class_weighted,Class weight
161,emscad_01012,"Tidewater Finance Co. was established in 1992 for the initial purpose of purchasing, and servicing retail installment co",Marketing / Sales Representative,0,0,0.9998977184295654,0.00010228157043457031,0.05,1,BERT:bert_class_weighted,Class weight
162,emscad_01017,"AUTOHELLAS S.A . is the largest Rent a Car company in Greece, according to its financial capacity and the size of the fl",Sales and Service Associate- Mykonos,0,0,0.9998154640197754,0.00018453598022460938,0.05,1,BERT:bert_class_weighted,Class weight
163,emscad_01025,"Daily Secret is one of the fastest growing digital media brand for premium audiences around the world, serving 1.8 milli",Office Manager,0,0,0.9999071955680847,9.28044319152832e-05,0.05,1,BERT:bert_class_weighted,Class weight
164,emscad_01032,Who is Ramberg Associates?,General practitioner with Anaesthetics/O&G- Western Australia,0,0,0.9998706579208374,0.00012934207916259766,0.05,1,BERT:bert_class_weighted,Class weight
165,emscad_01037,We’re looking for a Scrum Master to help us guide the engineering team and the wider company on how to best use Agile/Sc,Scrum Master,0,0,0.9998081922531128,0.00019180774688720703,0.05,1,BERT:bert_class_weighted,Class weight
166,emscad_01045,"Tidewater Finance Co. was established in 1992 for the initial purpose of purchasing, and servicing retail installment co",Data Entry,0,0,0.9998644590377808,0.00013554096221923828,0.05,1,BERT:bert_class_weighted,Class weight
167,emscad_01048,"Being into the IT domain for over 4 years, Walkover specializes in web based application development and mobile applicat",Linux Server Administrator,0,0,0.9998854398727417,0.00011456012725830078,0.05,1,BERT:bert_class_weighted,Class weight
168,emscad_01050,"Special Counsel, the nation's largest full-service provider of legal staffing and recruiting services, is seeking an Att",Legal Recruiter,0,0,0.999887228012085,0.00011277198791503906,0.05,1,BERT:bert_class_weighted,Class weight
169,emscad_01056,"Novitex Enterprise Solutions, formerly Pitney Bowes Management Services, delivers innovative document and communications",Customer Service Associate,0,0,0.9999227523803711,7.724761962890625e-05,0.05,1,BERT:bert_class_weighted,Class weight
170,emscad_01062,RhodeCode provides the leading source code management solution for enterprises. We are powering the world`s largest orga,Quality Assurance Engineer,0,0,0.9998822808265686,0.00011771917343139648,0.05,1,BERT:bert_class_weighted,Class weight
171,emscad_01064,Ependys GmbH aspires to build great startups in the realm of information and communication technology. Our prime focus i,Entrepreneurial CTO for early-stage Start-up,0,0,0.9998893737792969,0.000110626220703125,0.05,1,BERT:bert_class_weighted,Class weight
172,emscad_01065,"As augmented reality jobs go, one at Blippar is hard to beat. We are a rapidly expanding creative startup at the forefro",Marketing Exec,0,0,0.9999194145202637,8.058547973632812e-05,0.05,1,BERT:bert_class_weighted,Class weight
173,emscad_01076,Applied Memetics LLC is a professional services company dedicated to integrating and delivering best practice communicat,"International Broadcaster, Sango Language",0,0,0.9999138712882996,8.612871170043945e-05,0.05,1,BERT:bert_class_weighted,Class weight
174,emscad_01100,Citymart helps cities to transform their communities by strengthening their innovation capacity and sharing inspiring so,Chief Operating Officer (COO),0,0,0.9999131560325623,8.684396743774414e-05,0.05,1,BERT:bert_class_weighted,Class weight
175,emscad_01106,Upstream’s mission is to revolutionise the way companies market to consumers through cutting edge technology. This is an,Regional Sales Director South Africa,0,0,0.9999200105667114,7.998943328857422e-05,0.05,1,BERT:bert_class_weighted,Class weight
176,emscad_01122,"Newmedica is a dynamic, innovative UK healthcare company that works in partnership with the NHS to deliver specialist cl",Assistant Service Manager,0,0,0.9999148845672607,8.511543273925781e-05,0.05,1,BERT:bert_class_weighted,Class weight
177,emscad_01137,Blloon is an exciting new eReading service launching soon in the UK and US.,Community Manager (f/m),0,0,0.9999203085899353,7.969141006469727e-05,0.05,1,BERT:bert_class_weighted,Class weight
178,emscad_01148,Outstanding Member Service Starts With Outstanding People,Call Center Representative,0,0,0.9999046325683594,9.5367431640625e-05,0.05,1,BERT:bert_class_weighted,Class weight
179,emscad_01152,CommonBond is building a new kind of value-driven financial services company.,Growth Hacker / Customer Acquisitions Manager,0,0,0.9999046325683594,9.5367431640625e-05,0.05,1,BERT:bert_class_weighted,Class weight
180,emscad_01156,WHO WE ARE? MILLER & ASSOCIATES IS AN ENTERPRISE SOFTWARE SOLUTIONS COMPANY.,Digital & Online Data Lead,0,0,0.9998722076416016,0.0001277923583984375,0.05,1,BERT:bert_class_weighted,Class weight
181,emscad_01160,"Shippers Supply, Inc., founded in 1928, is an independently owned and operated wholesale distributor of shipping, packag",Entry Level Sales Representative,0,0,0.9998563528060913,0.0001436471939086914,0.05,1,BERT:bert_class_weighted,Class weight
182,emscad_01162,"Novitex Enterprise Solutions, formerly Pitney Bowes Management Services, delivers innovative document and communications",Customer Service Associate,0,0,0.9999237060546875,7.62939453125e-05,0.05,1,BERT:bert_class_weighted,Class weight
183,emscad_01168,"To work on analytics modelling using desktop and programming tools (R, SPSS) on business data in a financial investment ",Data Analyst,0,0,0.9997494220733643,0.0002505779266357422,0.05,1,BERT:bert_class_weighted,Class weight
184,emscad_01184,Adthena is the UK’s leading competitive intelligence service for Google search advertisers. Adthena is loved by major br,Senior Software Developer,0,0,0.9999237060546875,7.62939453125e-05,0.05,1,BERT:bert_class_weighted,Class weight
185,emscad_01185,Upstream’s mission is to revolutionise the way companies market to consumers through cutting edge technology. This is an,Applications Administrator,0,0,0.9999212622642517,7.873773574829102e-05,0.05,1,BERT:bert_class_weighted,Class weight
186,emscad_01186,Acknowledgement helps brands and organisations achieve their ambition through digital innovation and digital transformat,Automated Test Engineer,0,0,0.9999151825904846,8.481740951538086e-05,0.05,1,BERT:bert_class_weighted,Class weight
187,emscad_01194,"Replise was started in 2008, just a year after Twitter was launched, by a bunch of serial entrepreneurs who believed the",Office Administrator,0,0,0.999920666217804,7.933378219604492e-05,0.05,1,BERT:bert_class_weighted,Class weight
188,emscad_01205,Macpherson Oil and Refined Resources have partnered up in an effort to streamline the hiring process and provide a more ,Health + Environmental Professional,1,1,0.0,1.0,0.05,1,BERT:bert_class_weighted,Class weight
189,emscad_01206,"Novitex Enterprise Solutions, formerly Pitney Bowes Management Services, delivers innovative document and communications",Customer Service Associate-Mailroom,0,0,0.9999148845672607,8.511543273925781e-05,0.05,1,BERT:bert_class_weighted,Class weight
190,emscad_01213,The ones who wish to participate in Academy projects and applied directly or were recommended,Academy @ Vilnius,0,0,0.9998568296432495,0.00014317035675048828,0.05,1,BERT:bert_class_weighted,Class weight
191,emscad_01224,Who is Ramberg Associates?,Emergency Department Registrar's,0,0,0.9999039173126221,9.608268737792969e-05,0.05,1,BERT:bert_class_weighted,Class weight
192,emscad_01241,Hi,Project Manager with Real Estate Exp,0,0,0.9998854398727417,0.00011456012725830078,0.05,1,BERT:bert_class_weighted,Class weight
193,emscad_01245,We’re looking for a Senior Visual Designer with extensive commercial experience to join our design team.,Senior Visual Designer,0,0,0.999833345413208,0.0001666545867919922,0.05,1,BERT:bert_class_weighted,Class weight
194,emscad_01255,We are looking for an iOS Developer who possesses a passion for pushing mobile technologies to the limits and will work ,iOs Developer,0,0,0.9997267723083496,0.0002732276916503906,0.05,1,BERT:bert_class_weighted,Class weight
195,emscad_01257,"Whisbi’s technology and team of Video Agents help companies increase their Internet sales, with clients enjoying as much",Inside Sales Manager - US Market,0,0,0.9999086260795593,9.137392044067383e-05,0.05,1,BERT:bert_class_weighted,Class weight
196,emscad_01265,Balanced Labs exists to provide accountants and small businesses everywhere with a better life through intelligent and e,Designer: Creative References,0,0,0.9999135136604309,8.64863395690918e-05,0.05,1,BERT:bert_class_weighted,Class weight
197,emscad_01280,"Westview Financial Services , located in Hampton, VA has a full-time ASSISTANT MANAGER position available immediately. O",Assistant Branch Manager,0,0,0.999873161315918,0.00012683868408203125,0.05,1,BERT:bert_class_weighted,Class weight
198,emscad_01281,Prepare skids to customer specifications.,Material Handler,0,0,0.9992022514343262,0.0007977485656738281,0.05,1,BERT:bert_class_weighted,Class weight
199,emscad_01297,MarketInvoice is one of the most high-profile London based fin-tech companies. The Company is Europe’s leading P2P invoi,Office Administrator,0,0,0.9999221563339233,7.784366607666016e-05,0.05,1,BERT:bert_class_weighted,Class weight
200,emscad_01302,"At Hayes-Corp, we create the fun stuff. With a focus on software development for mobile platforms, we are constantly loo",Director of Engineering,0,0,0.9998409748077393,0.0001590251922607422,0.05,1,BERT:bert_class_weighted,Class weight
201,emscad_01305,Lakshya Digital is one of the largest Game Development and Interactive Entertainment companies in South Asia. We work ac,3D Artist (Modeling + Texturing),0,0,0.9998722076416016,0.0001277923583984375,0.05,1,BERT:bert_class_weighted,Class weight
202,emscad_01319,ERG is a business and consumer law firm dedicated to helping its clients navigate the BP Claims Process. Almost every ty,Local Representative,0,0,0.999854564666748,0.00014543533325195312,0.05,1,BERT:bert_class_weighted,Class weight
203,emscad_01322,"Intercom ( #URL_cb674f93cbcd215a3a0a57a8615a565545949eead8adbbc73307c26d6a6af81b# ) is a simple, personal messaging serv",Success Engineer (Remote),0,0,0.9998964667320251,0.00010353326797485352,0.05,1,BERT:bert_class_weighted,Class weight
204,emscad_01324,"Tidewater Finance Co. was established in 1992 for the initial purpose of purchasing, and servicing retail installment co",Marketing / Sales Representative,0,0,0.9998989105224609,0.0001010894775390625,0.05,1,BERT:bert_class_weighted,Class weight
205,emscad_01332,"ClarusApex is an international recruiting company with representations in the Netherlands, Austria, Ukraine, Cyprus and ",Engineer - Head of Department Hydrodynamics,0,0,0.9999200105667114,7.998943328857422e-05,0.05,1,BERT:bert_class_weighted,Class weight
206,emscad_01338,"IP Solutions are a Unified Communications Service Provider, delivering cloud based, managed solutions to businesses acro",Senior Unified Communications Sales Consultant,0,0,0.9998352527618408,0.0001647472381591797,0.05,1,BERT:bert_class_weighted,Class weight
207,emscad_01350,Forward3D is the largest independent digital marketing agency in Britain. We run cutting edge digital marketing campaign,Chinese Trainee PPC Analyst,0,0,0.9999294281005859,7.05718994140625e-05,0.05,1,BERT:bert_class_weighted,Class weight
208,emscad_01351,EUROPEAN DYNAMICS (#URL_c66532ffa1ce76ab447da6774719060c42c584edbf44d74cdb94fc4ac219ca45#) is a leading European Softwar,Agile Delivery Manager,0,0,0.9998948574066162,0.00010514259338378906,0.05,1,BERT:bert_class_weighted,Class weight
209,emscad_01357,Applied Memetics LLC is a professional services company dedicated to integrating and delivering best practice communicat,"Makeup Artist, Broadcast Operations Division",0,0,0.9998964667320251,0.00010353326797485352,0.05,1,BERT:bert_class_weighted,Class weight
210,emscad_01359,ParkAround (ex Parking Defenders) is an Athens-based start-up which aims to disrupt the global parking industry. We work,UX/UI Designer,0,0,0.9999237060546875,7.62939453125e-05,0.05,1,BERT:bert_class_weighted,Class weight
211,emscad_01377,"Babbel enables anyone to learn languages in an easy and interactive way. The learning system offers 13 languages, from E",Marketing Analyst,0,0,0.9999008178710938,9.918212890625e-05,0.05,1,BERT:bert_class_weighted,Class weight
212,emscad_01382,"This position is responsible for executing billing, payment processing and accounts receivable management job tasks for ",Revenue Services Specialist,0,1,0.04150390625,0.95849609375,0.05,0,BERT:bert_class_weighted,Class weight
213,emscad_01386,"Familiar is looking for a Web Developer to join our small team in TriBeCa, NYC. We specialize in work with artists and n",Web Developer,0,0,0.9999131560325623,8.684396743774414e-05,0.05,1,BERT:bert_class_weighted,Class weight
214,emscad_01388,"Founded in 2003, #URL_a9d2ee3223d59d0433b0663495314024d1221333ce0328c59175167836d3534c# launched with a mission to make ",Web Integrator,0,0,0.9999197125434875,8.028745651245117e-05,0.05,1,BERT:bert_class_weighted,Class weight
215,emscad_01396,Ripple is the Humans First® IT company. Companies partner with us to take care of thier IT so people can get more work d,Field Technician,0,0,0.9999128580093384,8.71419906616211e-05,0.05,1,BERT:bert_class_weighted,Class weight
216,emscad_01397,"There is a huge skills gap in Ireland, and having a base in Greece and over 15 years experience in the Irish IT sector, ",Grails & Java Developer for Cloud Platform provider. Remote Full Time,0,0,0.9999141693115234,8.58306884765625e-05,0.05,1,BERT:bert_class_weighted,Class weight
217,emscad_01399,"HRdownloads was founded in 2008, and since that time has evolved to become the leader in delivering strategic Human Reso",HR Advisor and Senior HR Advisor,0,0,0.9999023675918579,9.763240814208984e-05,0.05,1,BERT:bert_class_weighted,Class weight
218,emscad_01421,Position: Informatica Tester,Informatica/ Etl Tester,1,0,0.9991555213928223,0.0008444786071777344,0.05,0,BERT:bert_class_weighted,Class weight
219,emscad_01435,Convalescent Aid Society (CAS) is a non-profit organization dedicated to improving the quality of life for residents of ,Warehouse Technician/Driver,0,0,0.9997408390045166,0.00025916099548339844,0.05,1,BERT:bert_class_weighted,Class weight
220,emscad_01437,Mission Statement,Physical Occupational Therapy Case Manager-Field Clinician (Home Health),0,0,0.9997825622558594,0.000217437744140625,0.05,1,BERT:bert_class_weighted,Class weight
221,emscad_01453,"Founded by serial entrepreneur Clive Jackson and launched in 2011, Victor is one of the world’s most trusted names in pr",Digital Marketing & analytics executive,0,0,0.9999212622642517,7.873773574829102e-05,0.05,1,BERT:bert_class_weighted,Class weight
222,emscad_01460,Mailjet is a market leading Email Service Provider with over 25 000 clients and rapidly expanding across Europe and abro,"Sales, Key Accounts (UK & IE)",0,0,0.9998650550842285,0.00013494491577148438,0.05,1,BERT:bert_class_weighted,Class weight
223,emscad_01462,Our History,Shipper (Hayward),0,0,0.9998944401741028,0.0001055598258972168,0.05,1,BERT:bert_class_weighted,Class weight
224,emscad_01465,"Allies In Caring, Inc . is a multicultural non-profit organization dedicated to helping underserved individuals who have",Behavioral Assistant Intern,0,0,0.9998919367790222,0.0001080632209777832,0.05,1,BERT:bert_class_weighted,Class weight
225,emscad_01466,"Novitex Enterprise Solutions, formerly Pitney Bowes Management Services, delivers innovative document and communications",Customer Service Associate,0,0,0.999923050403595,7.69495964050293e-05,0.05,1,BERT:bert_class_weighted,Class weight
226,emscad_01468,A Squared Advisers is a Chartered Accountancy Practice based in Lake Macquarie providing timely and personalised service,Accountant,0,0,0.9998854398727417,0.00011456012725830078,0.05,1,BERT:bert_class_weighted,Class weight
227,emscad_01496,CallCentre People Recruitment is recognised as being specialists within the CallCentre industry.,Part Time Outbound - Retention,0,0,0.9999039173126221,9.608268737792969e-05,0.05,1,BERT:bert_class_weighted,Class weight
228,emscad_01511,"Tidewater Finance Co. was established in 1992 for the initial purpose of purchasing, and servicing retail installment co",Marketing Representative,0,0,0.9999023675918579,9.763240814208984e-05,0.05,1,BERT:bert_class_weighted,Class weight
229,emscad_01519,"Aker Solutions is a global provider of products, systems and services to the oil and gas industry. Our engineering, desi",SAP Support Advisor,1,1,0.0,1.0,0.05,1,BERT:bert_class_weighted,Class weight
230,emscad_01521,We are the creators of Scypho - a revolutionary new product that provides perfect indoor climate when you are home and s,Full-Stack Web Developer,0,0,0.9999096989631653,9.03010368347168e-05,0.05,1,BERT:bert_class_weighted,Class weight
231,emscad_01523,"Our group has been successfully sourcing talented, hardworking professionals for the last 10 years, making us a young bu",IT- Service Desk Analyst / GERMAN speaker,0,0,0.9999240040779114,7.599592208862305e-05,0.05,1,BERT:bert_class_weighted,Class weight
232,emscad_01529,EUROPEAN DYNAMICS (#URL_c66532ffa1ce76ab447da6774719060c42c584edbf44d74cdb94fc4ac219ca45#) is a leading European Softwar,Senior Unix/Linux Production Engineer,0,0,0.9998660087585449,0.00013399124145507812,0.05,1,BERT:bert_class_weighted,Class weight
233,emscad_01531,•Create technical specifications of programs/interfaces based on functional specification provided.,SAP ABAP Developers,0,0,0.9924659729003906,0.007534027099609375,0.05,1,BERT:bert_class_weighted,Class weight
234,emscad_01532,"Kappa Search, Inc. is one of the leading sourcing and placement firms in the nation. Located in downtown Chicago, KSI fo",Quality Engineer,0,0,0.9998849630355835,0.0001150369644165039,0.05,1,BERT:bert_class_weighted,Class weight
235,emscad_01541,Axonix is a global mobile advertising technology company that's powered by a platform with a 4 year history of leading t,"Head of Demand Sales, EMEA",0,0,0.9999068379402161,9.316205978393555e-05,0.05,1,BERT:bert_class_weighted,Class weight
236,emscad_01542,Position : Physical Therapist,Physical Therapist,0,0,0.999718189239502,0.0002818107604980469,0.05,1,BERT:bert_class_weighted,Class weight
237,emscad_01558,Το #URL_bb79581a561837ad604b8fc4ab629753b36407cc3bc76c42e6e46d74bb78eba2# είναι μία επαγγελματική διαδικτυακή πλατφόρμα ,Web Developer (Intern),0,0,0.9999086260795593,9.137392044067383e-05,0.05,1,BERT:bert_class_weighted,Class weight
238,emscad_01559,Axonix is a global mobile advertising technology company that's powered by a platform with a 4 year history of leading t,Global Marketing Manager,0,0,0.9998980760574341,0.00010192394256591797,0.05,1,BERT:bert_class_weighted,Class weight
239,emscad_01575,"Niacet is a leading producer of organic salts, including propionates and acetates, serving the Food, Pharmaceutical and ",Electrician,0,0,0.9998818039894104,0.00011819601058959961,0.05,1,BERT:bert_class_weighted,Class weight
240,emscad_01580,Established on the principles that full time education is not for everyone Spectrum Learning is made up of a team of pas,Beauty & Fragrance consultants needed,0,0,0.999923050403595,7.69495964050293e-05,0.05,1,BERT:bert_class_weighted,Class weight
241,emscad_01582,About Fundzio,Business Cash Advance Sales - $100K +++ Earning potential!,0,0,0.9998915195465088,0.00010848045349121094,0.05,1,BERT:bert_class_weighted,Class weight
242,emscad_01587,United Cerebral Palsy of Oregon & SW Washington (UCP) supports adults with all kinds of developmental disabilities (not ,Community Inclusion Specialist [current UCP employees only!],0,0,0.9999068379402161,9.316205978393555e-05,0.05,1,BERT:bert_class_weighted,Class weight
243,emscad_01590,"Novitex Enterprise Solutions, formerly Pitney Bowes Management Services, delivers innovative document and communications",Customer Service Associate,0,0,0.9999215602874756,7.843971252441406e-05,0.05,1,BERT:bert_class_weighted,Class weight
244,emscad_01598,"Novitex Enterprise Solutions, formerly Pitney Bowes Management Services, delivers innovative document and communications",Customer Service Associate,0,0,0.999919056892395,8.094310760498047e-05,0.05,1,BERT:bert_class_weighted,Class weight
245,emscad_01601,We have an exciting event coming to Fusion!,Seeking semi tech savvy staff,0,0,0.9998371601104736,0.0001628398895263672,0.05,1,BERT:bert_class_weighted,Class weight
246,emscad_01604,Smart Search delivers executive search solutions tailored for global organizations committed to the Greater Thailand mar,Human Resources Manager,0,0,0.9999174475669861,8.255243301391602e-05,0.05,1,BERT:bert_class_weighted,Class weight
247,emscad_01607,"Novitex Enterprise Solutions, formerly Pitney Bowes Management Services, delivers innovative document and communications",Customer Service Associate,0,0,0.9999209642410278,7.903575897216797e-05,0.05,1,BERT:bert_class_weighted,Class weight
248,emscad_01612,"Quality accommodations, exceptional service, memorable destinations, Beck Company Hotels has been committed to excellenc",Hotel Assistant General Manager,0,0,0.9998396635055542,0.00016033649444580078,0.05,1,BERT:bert_class_weighted,Class weight
249,emscad_01634,"Title: IT Security Audit Candidate Location: New york city, NY Duration 6Weeks",IT Security Audit Candidate,0,0,0.998600959777832,0.0013990402221679688,0.05,1,BERT:bert_class_weighted,Class weight
250,emscad_01643,"ISE resolves technology vulnerabilities through rigorous analyses to keep great companies great by providing expert, obj",Client Delivery Manager,0,0,0.9999221563339233,7.784366607666016e-05,0.05,1,BERT:bert_class_weighted,Class weight
251,emscad_01648,"Hi, we are dopios",Front-end Developer,0,0,0.9999027848243713,9.721517562866211e-05,0.05,1,BERT:bert_class_weighted,Class weight
252,emscad_01678,Bluebridge was created by a team of people who are passionate about organizations and the ways that effective technology,Business Development Associate,0,0,0.9999200105667114,7.998943328857422e-05,0.05,1,BERT:bert_class_weighted,Class weight
253,emscad_01681,The Albany Charter School Network is a family of charter schools in the City of Albany that works to prepare children fo,Music Teacher,0,0,0.9998984932899475,0.00010150671005249023,0.05,1,BERT:bert_class_weighted,Class weight
254,emscad_01682,About ADS Security – Our Proud History in the Security Industry,Paid Sales Training! Entry-Level Sales Representative,0,0,0.9998822808265686,0.00011771917343139648,0.05,1,BERT:bert_class_weighted,Class weight
255,emscad_01686,"Valor Services provides Workforce Solutions that meet the needs of companies across the Private Sector, with a special f",Project Manager,0,0,0.9999111294746399,8.887052536010742e-05,0.05,1,BERT:bert_class_weighted,Class weight
256,emscad_01689,H WEDIA είναι μια ταχύτατα αναπτυσσόμενη ελληνική digital εταιρεία που δραστηριοποιείται από το 2009 στο χώρο των ψηφιακ,Senior PHP Web Developer,0,0,0.9998756647109985,0.00012433528900146484,0.05,1,BERT:bert_class_weighted,Class weight
257,emscad_01694,"Dairy, food and beverage processors work within one of the most complex, competitive and precision-driven industries. Th",Applications Engineer,0,0,0.9998511075973511,0.00014889240264892578,0.05,1,BERT:bert_class_weighted,Class weight
258,emscad_01697,"Freytag & Associates, Inc. is a multi-discipline design firm offering architectural, engineering, interior design, lands",Project Architect,0,0,0.9998666048049927,0.00013339519500732422,0.05,1,BERT:bert_class_weighted,Class weight
259,emscad_01704,"PINT is a leader in the web industry with 20 years of web design, software development and consulting experience. PINT's",Software Engineer | Web Development,0,0,0.9999086260795593,9.137392044067383e-05,0.05,1,BERT:bert_class_weighted,Class weight
260,emscad_01709,We Provide Full Time Permanent Positions for many medium to large US companies. We are interested in finding/recruiting ,Manufacturing Engineering Manager,0,0,0.9999224543571472,7.75456428527832e-05,0.05,1,BERT:bert_class_weighted,Class weight
261,emscad_01726,AimTruancy Solutions is a fast-growing company of energetic individuals who work with truant middle school and high scho,Account Manager,0,0,0.9997477531433105,0.0002522468566894531,0.05,1,BERT:bert_class_weighted,Class weight
262,emscad_01728,"Shyp is the easiest way to send anything, anywhere.",General Manager - Boston,0,0,0.9999141693115234,8.58306884765625e-05,0.05,1,BERT:bert_class_weighted,Class weight
263,emscad_01734,Our company is building the next generation of video-on-demand (VOD) in Europe and we are currently looking for the next,Senior Accountant,0,0,0.9999107718467712,8.922815322875977e-05,0.05,1,BERT:bert_class_weighted,Class weight
264,emscad_01749,"Parman Energy Corporation, headquartered in Nashville, Tennessee, has one of the United States' most comprehensive inven",Customer Service Professional,0,1,0.920166015625,0.079833984375,0.05,0,BERT:bert_class_weighted,Class weight
265,emscad_01750,"We design, build, sell, and service the most innovative operations management technology in the world.",Account Executive,0,0,0.9999135136604309,8.64863395690918e-05,0.05,1,BERT:bert_class_weighted,Class weight
266,emscad_01753,"Shyp is the easiest way to send anything, anywhere.",General Manager - Houston,0,0,0.9999020099639893,9.799003601074219e-05,0.05,1,BERT:bert_class_weighted,Class weight
267,emscad_01766,Playfair Capital is an early stage technology investment fund based in London.,Receptionist/ Problem Solver,0,0,0.999923050403595,7.69495964050293e-05,0.05,1,BERT:bert_class_weighted,Class weight
268,emscad_01767,"Voyageur is one of Ontario's leading transportation companies, serving Southwestern and Central Ontario for over 34 year",Non-Urgent Patient Transfer Attendant - Kitchener,0,0,0.9999035000801086,9.649991989135742e-05,0.05,1,BERT:bert_class_weighted,Class weight
269,emscad_01771,"PINT is a leader in the web industry with 20 years of web design, software development and consulting experience. PINT's",Sales Representative - Web Development,0,0,0.9999061226844788,9.387731552124023e-05,0.05,1,BERT:bert_class_weighted,Class weight
270,emscad_01778,Established on the principles that full time education is not for everyone Spectrum Learning is made up of a team of pas,Burnley Apprentice Sales Admin Support Under NAS 16-18 Year Olds Only,0,0,0.9999240040779114,7.599592208862305e-05,0.05,1,BERT:bert_class_weighted,Class weight
271,emscad_01779,We’re a cool little start-up in Gastown beating out the biggest competitors in our space. We’re currently the underdog. ,Lead Software Developer,0,0,0.9999148845672607,8.511543273925781e-05,0.05,1,BERT:bert_class_weighted,Class weight
272,emscad_01784,Who is Fundnation?,Project Manager,0,0,0.9999218583106995,7.814168930053711e-05,0.05,1,BERT:bert_class_weighted,Class weight
273,emscad_01788,"Castle Search Group specializes in matching the right candidate, with the right role and with the right company.",Store Operations Coordinator,0,0,0.9999093413352966,9.065866470336914e-05,0.05,1,BERT:bert_class_weighted,Class weight
274,emscad_01797,Wikispaces is looking for an operations manager to help our team be productive and happy. This position is available ful,Operations Manager,0,0,0.9999135136604309,8.64863395690918e-05,0.05,1,BERT:bert_class_weighted,Class weight
275,emscad_01803,Established on the principles that full time education is not for everyone Spectrum Learning is made up of a team of pas,M5 IT Apprenticeship Under NAS 16-18 Year Olds Only,0,0,0.9999245405197144,7.545948028564453e-05,0.05,1,BERT:bert_class_weighted,Class weight
276,emscad_01810,Since 1973: Working together to make our community healthy,Nurse - Primary Care Outreach (PCO),0,0,0.9999046325683594,9.5367431640625e-05,0.05,1,BERT:bert_class_weighted,Class weight
277,emscad_01814,"Aker Solutions is a global provider of products, systems and services to the oil and gas industry. Our engineering, desi",Mechanical Assembly & Test Technician,1,1,0.0,1.0,0.05,1,BERT:bert_class_weighted,Class weight
278,emscad_01821,Job brief,CSR Workshop Coordinator,0,0,0.9995541572570801,0.0004458427429199219,0.05,1,BERT:bert_class_weighted,Class weight
279,emscad_01827,EXPERT HUMAN CAPITAL SOLUTIONS DELIVERED BY INDUSTRY LEADING PROFESSIONALS.,Senior Consultant - Professional Services Team,0,0,0.9997494220733643,0.0002505779266357422,0.05,1,BERT:bert_class_weighted,Class weight
280,emscad_01828,Accepted Ltd. was founded in 2004 with the aim of offering an extensive series of IT professional services in the areas ,Senior Java Developer,0,0,0.9998644590377808,0.00013554096221923828,0.05,1,BERT:bert_class_weighted,Class weight
281,emscad_01851,Can data be a thing of beauty? We think so.,Business Operations Manager (contract),0,0,0.9999168515205383,8.314847946166992e-05,0.05,1,BERT:bert_class_weighted,Class weight
282,emscad_01859,Quiénes Somos,MCAD Engineer,0,0,0.9998092651367188,0.00019073486328125,0.05,1,BERT:bert_class_weighted,Class weight
283,emscad_01862,We help teachers get safe & secure jobs abroad :),Graduates: English Teacher Abroad,0,0,0.9999039173126221,9.608268737792969e-05,0.05,1,BERT:bert_class_weighted,Class weight
284,emscad_01878,"Novitex Enterprise Solutions, formerly Pitney Bowes Management Services, delivers innovative document and communications",Customer Service Associate,0,0,0.9999187588691711,8.124113082885742e-05,0.05,1,BERT:bert_class_weighted,Class weight
285,emscad_01885,Fiinovation is first of its kind social initiative company in the social development sector. The organization has an age,Fiinovation - Post for Relationship Manager,0,0,0.9997855424880981,0.00021445751190185547,0.05,1,BERT:bert_class_weighted,Class weight
286,emscad_01887,"ClarusApex is an international recruiting company with representations in the Netherlands, Austria, Ukraine, Cyprus and ",Waitress-Barman in the hotel St. Regis Doha,0,0,0.999907910823822,9.208917617797852e-05,0.05,1,BERT:bert_class_weighted,Class weight
287,emscad_01895,"Cigniti Inc. is a 15 year old Irving, TX based professional services and staffing company which helped companies like Tr",Java with Ordering System Production Support,0,0,0.9998534917831421,0.00014650821685791016,0.05,1,BERT:bert_class_weighted,Class weight
288,emscad_01897,Money is a person-to-person money transfer app designed to simplify how people send money home to their friends and fami,iOS Developer,0,0,0.9999128580093384,8.71419906616211e-05,0.05,1,BERT:bert_class_weighted,Class weight
289,emscad_01906,"Launched in 2010, Lyst is an innovative way to shop for fashion online that’s used by millions every month. Lyst partner",Front-end Developer,0,0,0.9999277591705322,7.224082946777344e-05,0.05,1,BERT:bert_class_weighted,Class weight
290,emscad_01910,Come on in.,Supply Chain Analyst,0,0,0.9999096989631653,9.03010368347168e-05,0.05,1,BERT:bert_class_weighted,Class weight
291,emscad_01917,The Senior Publishing Specialist will be part of the Regulatory Operations Publishing Group and to ensure that dossier i,Senior Publishing Specialist,0,0,0.9998747110366821,0.0001252889633178711,0.05,1,BERT:bert_class_weighted,Class weight
292,emscad_01919,"You're youthful, tech savvy and open-minded right? So are we. We aim for excellence in everything that we do, by continu",Executive Assistant,0,0,0.9998568296432495,0.00014317035675048828,0.05,1,BERT:bert_class_weighted,Class weight
293,emscad_01927,About the Company,Imaging Engineer,0,0,0.9999215602874756,7.843971252441406e-05,0.05,1,BERT:bert_class_weighted,Class weight
294,emscad_01932,Why work with tapely,Web Designer,0,0,0.9999181032180786,8.189678192138672e-05,0.05,1,BERT:bert_class_weighted,Class weight
295,emscad_01934,"ABC Supply Co., Inc. is the nation’s largest wholesale distributor of roofing and one of the largest distributors of sid",Outside Sales Professional,0,0,0.9998446702957153,0.00015532970428466797,0.05,1,BERT:bert_class_weighted,Class weight
296,emscad_01936,"Aker Solutions is a global provider of products, systems and services to the oil and gas industry. Our engineering, desi",Hardware/Electrical Engineer,1,1,0.0,1.0,0.05,1,BERT:bert_class_weighted,Class weight
297,emscad_01943,"Novitex Enterprise Solutions, formerly Pitney Bowes Management Services, delivers innovative document and communications",Customer Service Associate,0,0,0.9999209642410278,7.903575897216797e-05,0.05,1,BERT:bert_class_weighted,Class weight
298,emscad_01947,The Beans Group is a media company that exists to empower young people to thrive. We have been on an exponential growth ,Social Media Manager,0,0,0.9999237060546875,7.62939453125e-05,0.05,1,BERT:bert_class_weighted,Class weight
299,emscad_01977,"Founded in 2000, Axxess Industries is an innovative electronics, software and signage workshop changing how people and t",Sales & Marketing Assistant,0,0,0.9996011257171631,0.00039887428283691406,0.05,1,BERT:bert_class_weighted,Class weight
300,emscad_01989,SDI Marketing started in 1988 as a small marketing agency with one simple philosophy: make our client's business our bus,Mystery Shopper - Arkansas,0,0,0.9998794794082642,0.00012052059173583984,0.05,1,BERT:bert_class_weighted,Class weight
301,emscad_01992,Upstream’s mission is to revolutionise the way companies market to consumers through cutting edge technology. This is an,Software Engineer,0,0,0.9999203085899353,7.969141006469727e-05,0.05,1,BERT:bert_class_weighted,Class weight
302,emscad_02008,"Social Care Alba is the highest graded Care at Home Company in the country. We hold awards in Investors in People, Healt",Support Worker (Personal Assistant),0,0,0.9999215602874756,7.843971252441406e-05,0.05,1,BERT:bert_class_weighted,Class weight
303,emscad_02010,Director of Quality Assurance,Java Developer,1,0,0.9996552467346191,0.0003447532653808594,0.05,0,BERT:bert_class_weighted,Class weight
304,emscad_02019,"All Around Sports is a 12 year old successful company, that is currently interviewing motivated sales professionals to w",Business to Business Telephone Sales,0,0,0.9998756647109985,0.00012433528900146484,0.05,1,BERT:bert_class_weighted,Class weight
305,emscad_02024,A dedicated QPIFY Team is currently looking for a Content Contributor. The successful candidate will be responsible for ,Content Contributor,0,0,0.9999158382415771,8.416175842285156e-05,0.05,1,BERT:bert_class_weighted,Class weight
306,emscad_02045,"Aker Solutions is a global provider of products, systems and services to the oil and gas industry. Our engineering, desi",Management System Administrator,1,1,0.0,1.0,0.05,1,BERT:bert_class_weighted,Class weight
307,emscad_02047,How often do you see the combination of solid history and explosive innovation? Hydro-Thermal is a global manufacturing ,Senior Mechanical Engineer,0,0,0.9994997978210449,0.0005002021789550781,0.05,1,BERT:bert_class_weighted,Class weight
308,emscad_02058,Upstream’s mission is to revolutionise the way companies market to consumers through cutting edge technology. This is an,Alliance Manager,0,0,0.9999215602874756,7.843971252441406e-05,0.05,1,BERT:bert_class_weighted,Class weight
309,emscad_02061,"Novitex Enterprise Solutions, formerly Pitney Bowes Management Services, delivers innovative document and communications",Customer Service Technical Specialist,0,0,0.9999158382415771,8.416175842285156e-05,0.05,1,BERT:bert_class_weighted,Class weight
310,emscad_02064,This role represents an important position within the Company. The ideal candidate will be a well rounded internet marke,Internet Marketing Specialist,0,0,0.9998154640197754,0.00018453598022460938,0.05,1,BERT:bert_class_weighted,Class weight
311,emscad_02069,We help teachers get safe & secure jobs abroad :),Graduates: English Teacher Abroad,0,0,0.9999039173126221,9.608268737792969e-05,0.05,1,BERT:bert_class_weighted,Class weight
312,emscad_02078,"Aker Solutions is a global provider of products, systems and services to the oil and gas industry. Our engineering, desi",Piping Material Engineer,1,1,0.0,1.0,0.05,1,BERT:bert_class_weighted,Class weight
313,emscad_02086,Are you someone with a stellar digital/technology sales background? Do you want to work in one of the fastest growing in,Business Development Executive,0,0,0.9998863339424133,0.00011366605758666992,0.05,1,BERT:bert_class_weighted,Class weight
314,emscad_02104,"London’s first temakeria, Yoobi, takes inspiration from Brazil and pushes the sushi experience in an exciting new direct",EXPERIENCED WAITER/ESS NEEDED @ YOOBI - LONDON'S 1ST TEMAKERIA - SUSHI RESTAURANT,0,0,0.9999237060546875,7.62939453125e-05,0.05,1,BERT:bert_class_weighted,Class weight
315,emscad_02109,"Come be a part of one of the fastest growing, well-funded and exciting startups in Silicon Valley. Peel makes the world’",Program Manager/Scrum Master,0,0,0.999907910823822,9.208917617797852e-05,0.05,1,BERT:bert_class_weighted,Class weight
316,emscad_02111,Why work for Mutual Mobile? We craft beautiful mobile interfaces and solve complex software challenges. Clients such as ,Technical Lead - Android,0,0,0.9998371601104736,0.0001628398895263672,0.05,1,BERT:bert_class_weighted,Class weight
317,emscad_02112,CloudWalk Inc. is hiring one embedded C developer/engineer. Join a growing company currently in one of the biggest busin,Ruby and C Developer,0,0,0.9998911023139954,0.00010889768600463867,0.05,1,BERT:bert_class_weighted,Class weight
318,emscad_02130,Volunteers of America is a faith-based human services organization. We are dedicated to helping individuals and families,Case Manager,0,0,0.9998726844787598,0.00012731552124023438,0.05,1,BERT:bert_class_weighted,Class weight
319,emscad_02156,"Modern Automotive Performance is a growth oriented eCommerce and manufacturing company based out of Cottage Grove, Minne",Shipping & Receiving,0,0,0.999873161315918,0.00012683868408203125,0.05,1,BERT:bert_class_weighted,Class weight
320,emscad_02166,Want to build a 21st century financial service?,Community & Brand Engagement Specialist,0,0,0.9999107718467712,8.922815322875977e-05,0.05,1,BERT:bert_class_weighted,Class weight
321,emscad_02169,"Roland & Associates is a Corporate Recruitment Organization providing solutions to Global MNCs in US, Middle East & Asia",Senior Java jobs in Ohio,0,0,0.9998906850814819,0.0001093149185180664,0.05,1,BERT:bert_class_weighted,Class weight
322,emscad_02182,"Novitex Enterprise Solutions, formerly Pitney Bowes Management Services, delivers innovative document and communications",Customer Service Associate,0,0,0.9999209642410278,7.903575897216797e-05,0.05,1,BERT:bert_class_weighted,Class weight
323,emscad_02204,Description,Accountant - Leading Private Equity Firm,0,0,0.9987668991088867,0.0012331008911132812,0.05,1,BERT:bert_class_weighted,Class weight
324,emscad_02208,Mindworks interactive is one of the fastest growing Digital Agencies and the leading Performance Marketing Agency in Gre,Junior Digital Account / Project Manager,0,0,0.9999197125434875,8.028745651245117e-05,0.05,1,BERT:bert_class_weighted,Class weight
325,emscad_02214,The Albany Charter School Network is a family of charter schools in the City of Albany that works to prepare children fo,Social Worker,0,0,0.9999015927314758,9.840726852416992e-05,0.05,1,BERT:bert_class_weighted,Class weight
326,emscad_02217,"Gelato Group is a SaaS company. We've developed a global print engine integrated with the print ecosystem’s key players,",Senior Javascript Developers,0,0,0.9992489814758301,0.0007510185241699219,0.05,1,BERT:bert_class_weighted,Class weight
327,emscad_02218,we are a digital creative studio focused on UX & UI Design.,CFO,0,0,0.9999227523803711,7.724761962890625e-05,0.05,1,BERT:bert_class_weighted,Class weight
328,emscad_02221,"This is a second shift position 6-2:30 AM, Sunday-Thursday. The job is located in Braselton GA, please only apply if you",Picker/Packers $10.50 Plus Overtime,0,0,0.9996352195739746,0.0003647804260253906,0.05,1,BERT:bert_class_weighted,Class weight
329,emscad_02222,Zylun is expanding the recruiting landscape for companies worldwide. We help businesses better compete and increase prof,STEEL DETAILER,0,0,0.9999148845672607,8.511543273925781e-05,0.05,1,BERT:bert_class_weighted,Class weight
330,emscad_02224,"SpotSource Solutions LLC is a Global Human Capital Management Consulting firm headquartered in Miami, Florida. Founded i",Inside Sales,0,0,0.9999012351036072,9.876489639282227e-05,0.05,1,BERT:bert_class_weighted,Class weight
331,emscad_02242,Want to build a 21st century financial service?,Marketing Insights Analyst,0,0,0.9999209642410278,7.903575897216797e-05,0.05,1,BERT:bert_class_weighted,Class weight
332,emscad_02244,MediaMonks is the biggest creative digital production company on the planet . We specialize in working for and with adve,SR. INTERACTIVE ANIMATOR,0,0,0.9999197125434875,8.028745651245117e-05,0.05,1,BERT:bert_class_weighted,Class weight
333,emscad_02253,"Jtec is an award-winning IT solutions provider from Cornwall, Ontario, Canada. From IT products to service management an",Systems Technician,0,0,0.9999141693115234,8.58306884765625e-05,0.05,1,BERT:bert_class_weighted,Class weight
334,emscad_02255,Smarter Good is an innovative global services firm for social sector organizations - a for-profit company with a strong ,"Director, Grants Management Service",0,0,0.9999178051948547,8.219480514526367e-05,0.05,1,BERT:bert_class_weighted,Class weight
335,emscad_02257,"Vend is looking for some awesome new talent to come join us. You'll be working in an awesome team doing awesome things, ",Sales Trainer & Consultant,0,0,0.9999117851257324,8.821487426757812e-05,0.05,1,BERT:bert_class_weighted,Class weight
336,emscad_02258,The Gaylord Texan Located in Grapevine Texas seeks a HVAC Technician to join our team.,HVAC Technician,0,0,0.9998232126235962,0.0001767873764038086,0.05,1,BERT:bert_class_weighted,Class weight
337,emscad_02260,About the Company We are ticketscript - the European market leaders in digital self-ticketing. Whether it’s massive danc,Back-end Developer,0,0,0.9999194145202637,8.058547973632812e-05,0.05,1,BERT:bert_class_weighted,Class weight
338,emscad_02261,"Founded by serial entrepreneur Clive Jackson and launched in 2011, Victor is one of the world’s most trusted names in pr",Data analysis executive,0,0,0.9999125003814697,8.749961853027344e-05,0.05,1,BERT:bert_class_weighted,Class weight
339,emscad_02268,Wedo is a collection of niched e-commerce stores which aim to be the first destination for online shoppers buying in the,Search Marketing Manager,0,0,0.9999257326126099,7.426738739013672e-05,0.05,1,BERT:bert_class_weighted,Class weight
340,emscad_02271,Upstream’s mission is to revolutionise the way companies market to consumers through cutting edge technology. This is an,Software Developer,0,0,0.9999200105667114,7.998943328857422e-05,0.05,1,BERT:bert_class_weighted,Class weight
341,emscad_02277,"For more than two decades, the TRAK Companies have been providing temporary and direct-hire professional support staff t",Tax Assembler,0,0,0.9999046325683594,9.5367431640625e-05,0.05,1,BERT:bert_class_weighted,Class weight
342,emscad_02289,"Jr. QA Engineer Experience :1-5 years Location : Atlanta, Georgia",QA Engineer,0,0,0.9995272159576416,0.00047278404235839844,0.05,1,BERT:bert_class_weighted,Class weight
343,emscad_02292,"We design, make and sell furniture, with a simple mission of getting beautifully crafted furniture from the workshop flo",Swoon Star,0,0,0.999897301197052,0.00010269880294799805,0.05,1,BERT:bert_class_weighted,Class weight
344,emscad_02298,ClarusApex is a global recruiting and migration specialist sourcing top candidates at all levels and industries from 46 ,Maintenance Technician - Bowling club,0,0,0.9999171495437622,8.285045623779297e-05,0.05,1,BERT:bert_class_weighted,Class weight
345,emscad_02302,Radiojar is a new technology startup that creates a new kind of internet radio broadcasting platform.,Inside sales representative,0,0,0.9999234080314636,7.659196853637695e-05,0.05,1,BERT:bert_class_weighted,Class weight
346,emscad_02305,One of my clients is looking for a Project Manager/ Business Analyst to lead the organization's Enterprise Case Manageme,Project Manager / Business Analyst,0,0,0.9998936057090759,0.00010639429092407227,0.05,1,BERT:bert_class_weighted,Class weight
347,emscad_02306,"Sawyer Studios is a full service marketing and advertising agency providing media, digital and creative services to the ",Social Media Strategist,0,0,0.9998409748077393,0.0001590251922607422,0.05,1,BERT:bert_class_weighted,Class weight
348,emscad_02310,"Electus believes in long-term relationships with our candidates. We provide a combination of recruiting expertise, data,",Financial Aid Packaging Specialist,0,0,0.9999071955680847,9.28044319152832e-05,0.05,1,BERT:bert_class_weighted,Class weight
349,emscad_02321,Vision Solutions a dynamic startup developing innovative and integrated enterprise software solutions is seeking profess,Software Engineer,0,0,0.9997434616088867,0.00025653839111328125,0.05,1,BERT:bert_class_weighted,Class weight
350,emscad_02326,Great Customer Service from Start to Finish,Intermediate Accountant,0,0,0.999887228012085,0.00011277198791503906,0.05,1,BERT:bert_class_weighted,Class weight
351,emscad_02327,Job Description,GM Contracts,0,1,0.0283203125,0.9716796875,0.05,0,BERT:bert_class_weighted,Class weight
352,emscad_02335,Upstream’s mission is to revolutionise the way companies market to consumers through cutting edge technology. This is an,Integration Engineer,0,0,0.999919056892395,8.094310760498047e-05,0.05,1,BERT:bert_class_weighted,Class weight
353,emscad_02348,MMR Inc is one of Canada’s highest accomplished recruiting firms today. Our team of consultants find all management and ,Executive Search Consultant,0,0,0.9998944401741028,0.0001055598258972168,0.05,1,BERT:bert_class_weighted,Class weight
354,emscad_02356,"Based in Philadelphia, Stroll is a next-generation direct response e-commerce company which uses proprietary analytical ",Senior Accountant,0,0,0.9999012351036072,9.876489639282227e-05,0.05,1,BERT:bert_class_weighted,Class weight
355,emscad_02357,Job Overview,Landscaping & Light Construction Technician,0,0,0.9998313188552856,0.00016868114471435547,0.05,1,BERT:bert_class_weighted,Class weight
356,emscad_02362,"Roland & Associates is a Corporate Recruitment Organization providing solutions to Global MNCs in US, Middle East & Asia",Regional Sales Manager Jobs in California,0,0,0.9999061226844788,9.387731552124023e-05,0.05,1,BERT:bert_class_weighted,Class weight
357,emscad_02364,SDI Marketing started in 1988 as a small marketing agency with one simple philosophy: make our client's business our bus,Promotional Sales Representative,0,0,0.9998845458030701,0.00011545419692993164,0.05,1,BERT:bert_class_weighted,Class weight
358,emscad_02369,Aptitude Staffing Solutions has redesigned the recruiting wheel. Our innovative new platform cuts the recruiting time in,Director of Product Marketing for Advertisers,1,1,0.0,1.0,0.05,1,BERT:bert_class_weighted,Class weight
359,emscad_02373,Long Island city based Exhibit Design/Fabrication Company is seeking an Experienced Carpenter-Cabinet Maker to perform b,Carpenter-Cabinet Maker,0,0,0.998997688293457,0.0010023117065429688,0.05,1,BERT:bert_class_weighted,Class weight
360,emscad_02381,"This position will be highly focused on the front-end analysis for developing courses. Interviewing SME’s, writing and s",Instructional Designer,0,0,0.9999000430107117,9.995698928833008e-05,0.05,1,BERT:bert_class_weighted,Class weight
361,emscad_02395,"For more than two decades, the TRAK Companies have been providing temporary and direct-hire professional support staff t",Personal Assistant,0,0,0.9999012351036072,9.876489639282227e-05,0.05,1,BERT:bert_class_weighted,Class weight
362,emscad_02406,The best word to describe PCP’s culture is PRIDE. Pride in our company. Pride in our job. And pride in our relationships,Billing Clerk,0,0,0.9998911023139954,0.00010889768600463867,0.05,1,BERT:bert_class_weighted,Class weight
363,emscad_02412,"Shyp is the easiest way to send anything, anywhere.",Operations & Logistics Manager - SF,0,0,0.9999237060546875,7.62939453125e-05,0.05,1,BERT:bert_class_weighted,Class weight
364,emscad_02416,PROSULTING IS PEOPLE The ProSulting difference is easy to see. Our passion for delivering qualified pre-screened personn,Project/Program Manager,0,0,0.9999151825904846,8.481740951538086e-05,0.05,1,BERT:bert_class_weighted,Class weight
365,emscad_02419,"Founded in 1999, PowerChord is a leader in Digital Brand Management, specializing in the development of online channel m",Digital Marketing Coordinator,0,0,0.9999181032180786,8.189678192138672e-05,0.05,1,BERT:bert_class_weighted,Class weight
366,emscad_02421,MathWhisperer Consultation and Tutoring Services was founded by a Certified Mathematics and Science Teacher in Canada. T,Teaching Positions Mathematics and/or Sciences,0,0,0.9999155402183533,8.445978164672852e-05,0.05,1,BERT:bert_class_weighted,Class weight
367,emscad_02423,SDI Marketing started in 1988 as a small marketing agency with one simple philosophy: make our client's business our bus,Mystery Shopper - Ohio,0,0,0.9999117851257324,8.821487426757812e-05,0.05,1,BERT:bert_class_weighted,Class weight
368,emscad_02432,Want to build a 21st century financial service?,Payment Engine Analyst,0,0,0.9999104142189026,8.958578109741211e-05,0.05,1,BERT:bert_class_weighted,Class weight
369,emscad_02447,"Tidewater Finance Co. was established in 1992 for the initial purpose of purchasing, and servicing retail installment co",Marketing Representative,0,0,0.9999023675918579,9.763240814208984e-05,0.05,1,BERT:bert_class_weighted,Class weight
370,emscad_02449,"BIGGER MARKETS is a college marketing agency that combines online and offline resources, including one of the largest on","Senior Vice President for New Business & Sales, North America",0,0,0.9999071955680847,9.28044319152832e-05,0.05,1,BERT:bert_class_weighted,Class weight
371,emscad_02450,BADR is an established company that is striding in to the world of big-data with formal expertise and the right technolo,Software engineer,0,0,0.9999054074287415,9.459257125854492e-05,0.05,1,BERT:bert_class_weighted,Class weight
372,emscad_02461,About Us:,Customer Service Representative,0,0,0.9999075531959534,9.244680404663086e-05,0.05,1,BERT:bert_class_weighted,Class weight
373,emscad_02469,Job Overview,Marine Coastal Engineer,0,0,0.9998897910118103,0.00011020898818969727,0.05,1,BERT:bert_class_weighted,Class weight
374,emscad_02471,We’re looking for a web designer with a passion for web to help us create great products and make our clients happy.,Web Designer,0,0,0.999920666217804,7.933378219604492e-05,0.05,1,BERT:bert_class_weighted,Class weight
375,emscad_02478,Project Manager Project Office Management,Project Manager Project Office Management,0,0,0.9998952746391296,0.00010472536087036133,0.05,1,BERT:bert_class_weighted,Class weight
376,emscad_02489,Why CSD?,Office Assistant (temporary),0,0,0.9998902678489685,0.00010973215103149414,0.05,1,BERT:bert_class_weighted,Class weight
377,emscad_02495,"Shyp is the easiest way to send anything, anywhere.",General Manager - Indianapolis,0,0,0.9999125003814697,8.749961853027344e-05,0.05,1,BERT:bert_class_weighted,Class weight
378,emscad_02497,“Pride is a personal commitment. It is an attitude which separates excellence from mediocrity.” – Author Unknown,Receptionist,0,0,0.999904990196228,9.500980377197266e-05,0.05,1,BERT:bert_class_weighted,Class weight
379,emscad_02499,Established on the principles that full time education is not for everyone Spectrum Learning is made up of a team of pas,RH10 9ET Customer Service Apprenticeship 16-18 Year Olds Only,0,0,0.9999161958694458,8.380413055419922e-05,0.05,1,BERT:bert_class_weighted,Class weight
380,emscad_02503,We help teachers get safe & secure jobs abroad :),Graduates: English Teacher Overseas,0,0,0.9998992681503296,0.00010073184967041016,0.05,1,BERT:bert_class_weighted,Class weight
381,emscad_02506,Mindscape is a Wellington based software development company that specialises in building tools for software engineers. ,Sales account executive,0,0,0.9999054074287415,9.459257125854492e-05,0.05,1,BERT:bert_class_weighted,Class weight
382,emscad_02509,"Daily Secret is one of the fastest growing digital media brand for premium audiences around the world, serving 1.8 milli",Business Operations Manager,0,0,0.9999039173126221,9.608268737792969e-05,0.05,1,BERT:bert_class_weighted,Class weight
383,emscad_02515,"Founded by serial entrepreneur Clive Jackson and launched in 2011, Victor is one of the world’s most trusted names in pr",Senior Sales Manager,0,0,0.9999161958694458,8.380413055419922e-05,0.05,1,BERT:bert_class_weighted,Class weight
384,emscad_02516,"Cigniti Inc. is a 15 year old Irving, TX based professional services and staffing company which helped companies like Tr",Capacity Planner,0,0,0.9998889565467834,0.00011104345321655273,0.05,1,BERT:bert_class_weighted,Class weight
385,emscad_02517,Can data be a thing of beauty? We think so.,Web Application Developer (Node.JS),0,0,0.9999178051948547,8.219480514526367e-05,0.05,1,BERT:bert_class_weighted,Class weight
386,emscad_02519,Electro-Mechanical Technician,Electro-Mechanical Technician/ $23hr,0,0,0.9959602355957031,0.004039764404296875,0.05,1,BERT:bert_class_weighted,Class weight
387,emscad_02524,Visual BI is one of the leading and fastest growing firms focusing exclusively on BI & Analytics. Our offerings cover en,SAP BO Solution Architect,0,0,0.9998961091041565,0.00010389089584350586,0.05,1,BERT:bert_class_weighted,Class weight
388,emscad_02525,"Back office medical assistant for a busy PM&R practice in the east valley. We are looking for warm, friendly people that",Medical Assistant,0,0,0.9997556209564209,0.00024437904357910156,0.05,1,BERT:bert_class_weighted,Class weight
389,emscad_02529,The team at Top Source Talent is known within the technical industry for delivering excellent service with qualified res,Senior Manufacturing Engineer (Electrical),0,0,0.9998956918716431,0.0001043081283569336,0.05,1,BERT:bert_class_weighted,Class weight
390,emscad_02545,"Fort Worth, Texas magazine is a small but mighty group of staffers who are passionate about all sides of publishing — ed",Advertising Account Executive,0,0,0.9996755123138428,0.00032448768615722656,0.05,1,BERT:bert_class_weighted,Class weight
391,emscad_02550,Fabrily makes it easy for campaigners/communities/charities/causes/artists. etc... to raise funds and awareness with cus,Operations Intern - Paid Position,0,0,0.9999224543571472,7.75456428527832e-05,0.05,1,BERT:bert_class_weighted,Class weight
392,emscad_02551,"HealthLink provides a computer communications system that links the information technology systems of more than 10,000 m",Senior Software Engineer,0,0,0.9998691082000732,0.0001308917999267578,0.05,1,BERT:bert_class_weighted,Class weight
393,emscad_02556,"HRdownloads was founded in 2008, and since that time has evolved to become the leader in delivering strategic Human Reso",Marketing Associate,0,0,0.9999128580093384,8.71419906616211e-05,0.05,1,BERT:bert_class_weighted,Class weight
394,emscad_02567,BI Developer - Analyst,BI Developer - Analyst,0,0,0.9996178150177002,0.0003821849822998047,0.05,1,BERT:bert_class_weighted,Class weight
395,emscad_02571,Can data be a thing of beauty? We think so.,Data Solutions Developer (Node.JS),0,0,0.9999197125434875,8.028745651245117e-05,0.05,1,BERT:bert_class_weighted,Class weight
396,emscad_02578,"MAC Property Management is dedicated to providing an exemplary living experience, the highest possible quality of servic",Leasing Consultant,0,0,0.9998876452445984,0.00011235475540161133,0.05,1,BERT:bert_class_weighted,Class weight
397,emscad_02596,"Vend is looking for some awesome new talent to come join us. You'll be working in an awesome team doing awesome things, ",Front-End Developers,0,0,0.9999151825904846,8.481740951538086e-05,0.05,1,BERT:bert_class_weighted,Class weight
398,emscad_02603,ding* is the world’s largest top-up provider. Created to help people working abroad to support and keep in touch with lo,HR Director of the Future (Graduate role),0,0,0.9999224543571472,7.75456428527832e-05,0.05,1,BERT:bert_class_weighted,Class weight
399,emscad_02606,Hiring made easy for Digital Jobs,Data Entry Operator,0,0,0.9972209930419922,0.0027790069580078125,0.05,1,BERT:bert_class_weighted,Class weight
400,emscad_02611,VSO brings people together to fight poverty by delivering innovative development programmes in 36 of the poorest countri,Senior Finance Officer- ICS,0,0,0.9999117851257324,8.821487426757812e-05,0.05,1,BERT:bert_class_weighted,Class weight
401,emscad_02620,Workable is a venture-backed startup making cloud-based recruitment software for fast-growing companies around the world,Marketing Manager,0,0,0.9999234080314636,7.659196853637695e-05,0.05,1,BERT:bert_class_weighted,Class weight
402,emscad_02627,Upstream’s mission is to revolutionise the way companies market to consumers through cutting edge technology. This is an,Campaign Manager,0,0,0.9999215602874756,7.843971252441406e-05,0.05,1,BERT:bert_class_weighted,Class weight
403,emscad_02652,Money is a person-to-person money transfer app designed to simplify how people send money home to their friends and fami,Compliance & Operations Manager,0,0,0.9999215602874756,7.843971252441406e-05,0.05,1,BERT:bert_class_weighted,Class weight
404,emscad_02654,"Jr, Developer Experience : 2-6 years Location : Hoboken, NJ Desired Skills & Experience - Candidate should have 3+ years",Jr. Developer,0,0,0.9998266696929932,0.00017333030700683594,0.05,1,BERT:bert_class_weighted,Class weight
405,emscad_02662,We are a web development shop that helps entrepreneurs kick off tech startups and be successful. We combine lean startup,Frontend Developer,0,0,0.9999274611473083,7.253885269165039e-05,0.05,1,BERT:bert_class_weighted,Class weight
406,emscad_02667,"POS-X is a rapidly growing point-of-sale hardware manufacturer located in Bellingham, WA. The POS-X environment consists",Bilingual (Spanish/English) Customer Service Specialist,0,0,0.9998557567596436,0.0001442432403564453,0.05,1,BERT:bert_class_weighted,Class weight
407,emscad_02669,Acknowledgement helps brands and organisations achieve their ambition through digital innovation and digital transformat,Account Manager,0,0,0.9999194145202637,8.058547973632812e-05,0.05,1,BERT:bert_class_weighted,Class weight
408,emscad_02683,HealthCare California is a locally-owned and operated home health agency providing a variety of home health and medical ,Medical Social Worker (MSW),0,0,0.9997363090515137,0.0002636909484863281,0.05,1,BERT:bert_class_weighted,Class weight
409,emscad_02697,We're a data and design focused startup based in New York City with a passionate and forward-thinking team. We enable pe,Customer Experience Specialist,0,0,0.9999209642410278,7.903575897216797e-05,0.05,1,BERT:bert_class_weighted,Class weight
410,emscad_02701,"With over 30 years of experience in the industry, Mercer Foods has been providing superior quality freeze dried foods an",Dry Processor - Full Time,0,0,0.9998889565467834,0.00011104345321655273,0.05,1,BERT:bert_class_weighted,Class weight
411,emscad_02730,VisaHQ hires a diverse and internationally minded staff of professional and reliable employees who are dedicated to brea,Visa Specialist,0,0,0.9999042749404907,9.572505950927734e-05,0.05,1,BERT:bert_class_weighted,Class weight
412,emscad_02733,POSITION OVERVIEW:,Peoplesoft HCM Lead - Programmer/Analyst,0,0,0.9992690086364746,0.0007309913635253906,0.05,1,BERT:bert_class_weighted,Class weight
413,emscad_02747,"Fairway Technology is an IT consulting and web development firm based in Addison, TX and servicing customers across many",IT Support Specialist,0,0,0.9998517036437988,0.00014829635620117188,0.05,1,BERT:bert_class_weighted,Class weight
414,emscad_02751,"AZCO INC. is an employee-owned, full service industrial constructor and pipe and metal fabricator, capable of self-perfo",Administrative Assistant,1,0,0.9959297180175781,0.004070281982421875,0.05,0,BERT:bert_class_weighted,Class weight
415,emscad_02760,We are a family run business that has been in operation for nearly 40 years. We value long term relationships and want t,Sales Consultant,0,0,0.9998989105224609,0.0001010894775390625,0.05,1,BERT:bert_class_weighted,Class weight
416,emscad_02761,"Jr, Developer Experience : 2-6 years Location : Hoboken, NJ Desired Skills & Experience - Candidate should have 3+ years",PHP Developer,0,0,0.9997477531433105,0.0002522468566894531,0.05,1,BERT:bert_class_weighted,Class weight
417,emscad_02765,"Come be a part of one of the fastest growing, well-funded and exciting startups in Silicon Valley. Peel makes the world’",Android UI Automation Engineer,0,0,0.9998968839645386,0.00010311603546142578,0.05,1,BERT:bert_class_weighted,Class weight
418,emscad_02769,Nitor Infotech is an Information Technology company specialized in providing consulting and technology services in the a,Test Analyst,0,0,0.9998204708099365,0.00017952919006347656,0.05,1,BERT:bert_class_weighted,Class weight
419,emscad_02772,"Roland & Associates is a Corporate Recruitment Organization providing solutions to Global MNCs in US, Middle East & Asia",Financial Planning & Control Leader Jobs in China,0,0,0.9999004602432251,9.953975677490234e-05,0.05,1,BERT:bert_class_weighted,Class weight
420,emscad_02776,"SpotSource Solutions LLC is a Global Human Capital Management Consulting firm headquartered in Miami, Florida. Founded i",Certified Surgical Technologist (CST),0,0,0.9998876452445984,0.00011235475540161133,0.05,1,BERT:bert_class_weighted,Class weight
421,emscad_02782,Wedo is a collection of niched e-commerce stores which aim to be the first destination for online shoppers buying in the,Operations Assistant,0,0,0.9999203085899353,7.969141006469727e-05,0.05,1,BERT:bert_class_weighted,Class weight
422,emscad_02789,Ideal CRM is a sales consulting firm focused on Customer Relationship Management. We specialize in building and implemen,Administrative Assistant,0,0,0.9982519149780273,0.0017480850219726562,0.05,1,BERT:bert_class_weighted,Class weight
423,emscad_02792,We’re not doctors. We are geeks who understand doctors.,VP Business Development,0,0,0.9999071955680847,9.28044319152832e-05,0.05,1,BERT:bert_class_weighted,Class weight
424,emscad_02795,"Likno Software is a software development company based in Athens, Greece.",Web & User Experience Designer,0,0,0.9998785257339478,0.0001214742660522461,0.05,1,BERT:bert_class_weighted,Class weight
425,emscad_02808,"As the premier design studio in Queens, we craft beautiful work using the latest technology and solve design problems th",Art Director (Freelance to Full-time),0,0,0.9999155402183533,8.445978164672852e-05,0.05,1,BERT:bert_class_weighted,Class weight
426,emscad_02818,EUROPEAN DYNAMICS (#URL_c66532ffa1ce76ab447da6774719060c42c584edbf44d74cdb94fc4ac219ca45#) is a leading European Softwar,IT Security Consultant,0,0,0.9999064803123474,9.351968765258789e-05,0.05,1,BERT:bert_class_weighted,Class weight
427,emscad_02822,"Tidewater Finance Co. was established in 1992 for the initial purpose of purchasing, and servicing retail installment co",Marketing / Sales Representative,0,0,0.9998989105224609,0.0001010894775390625,0.05,1,BERT:bert_class_weighted,Class weight
428,emscad_02823,CallCentre People Recruitment is recognised as being specialists within the CallCentre industry.,Home Worker Team Coordinator/Leader,0,0,0.9999215602874756,7.843971252441406e-05,0.05,1,BERT:bert_class_weighted,Class weight
429,emscad_02829,Upstream’s mission is to revolutionise the way companies market to consumers through cutting edge technology. This is an,Campaign Manager,0,0,0.9999215602874756,7.843971252441406e-05,0.05,1,BERT:bert_class_weighted,Class weight
430,emscad_02831,Wedo is a collection of niched e-commerce stores which aim to be the first destination for online shoppers buying in the,Customer Advisor,0,0,0.9999194145202637,8.058547973632812e-05,0.05,1,BERT:bert_class_weighted,Class weight
431,emscad_02832,Company Website: #URL_b0bc289d014ce1647b7dbe8ffe0e121d1f3ded55cbf9e3c20987b3cf1f8d3b5d#,Sales Representative,0,0,0.9998961091041565,0.00010389089584350586,0.05,1,BERT:bert_class_weighted,Class weight
432,emscad_02842,Balanced Labs exists to provide accountants and small businesses everywhere with a better life through intelligent and e,Junior Designer,0,0,0.9999158382415771,8.416175842285156e-05,0.05,1,BERT:bert_class_weighted,Class weight
433,emscad_02845,"Here at Mansfield Property Maintenance we are experienced in providing reactive day to day building maintenance, planned",Maintenance Engineer,0,0,0.9999164938926697,8.350610733032227e-05,0.05,1,BERT:bert_class_weighted,Class weight
434,emscad_02852,"We’re a group of designers, developers, producers and technical toy makers who work together to make forward thinking pr",Digital Product Designer,0,0,0.9999263286590576,7.367134094238281e-05,0.05,1,BERT:bert_class_weighted,Class weight
435,emscad_02859,"Novitex Enterprise Solutions, formerly Pitney Bowes Management Services, delivers innovative document and communications",Customer Service Associate,0,0,0.999919056892395,8.094310760498047e-05,0.05,1,BERT:bert_class_weighted,Class weight
436,emscad_02873,We’re always looking for highly motivated “founder-types” to join us as we grow. Here’s what you need to know.,Javascript Engineer (Mobile),0,0,0.9953994750976562,0.00460052490234375,0.05,1,BERT:bert_class_weighted,Class weight
437,emscad_02878,"As one of the nation’s leading compounding pharmacies, we offer patients and healthcare providers access to experts in p","Pharmaceutical Sales (Loudoun County, VA)",0,0,0.9998968839645386,0.00010311603546142578,0.05,1,BERT:bert_class_weighted,Class weight
438,emscad_02879,"Novitex Enterprise Solutions, formerly Pitney Bowes Management Services, delivers innovative document and communications",Customer Service Associate,0,0,0.9999212622642517,7.873773574829102e-05,0.05,1,BERT:bert_class_weighted,Class weight
439,emscad_02886,Rich Media Support Specialist is responsible for analyzing and resolving multiple technical issues of internet advertisi,Rich Media Support Specialist,0,0,0.9998464584350586,0.00015354156494140625,0.05,1,BERT:bert_class_weighted,Class weight
440,emscad_02892,About,Software Engineer (iOS),0,0,0.9999027848243713,9.721517562866211e-05,0.05,1,BERT:bert_class_weighted,Class weight
441,emscad_02896,Applied Memetics LLC is a professional services company dedicated to integrating and delivering best practice communicat,"Production Assistant, Mandarin Service",0,0,0.9999035000801086,9.649991989135742e-05,0.05,1,BERT:bert_class_weighted,Class weight
442,emscad_02898,"Since 2005, American Secured Benefits, a leading financial planning and insurance brokerage company, has helped thousand",Support Team Member,1,0,0.9998940229415894,0.00010597705841064453,0.05,0,BERT:bert_class_weighted,Class weight
443,emscad_02919,"A-Z Wedding Services is a busy family owned bridal and meswear shop that has been established for more than 20 years, we",Department Supervisor,0,0,0.9999093413352966,9.065866470336914e-05,0.05,1,BERT:bert_class_weighted,Class weight
444,emscad_02921,Applied Memetics LLC is a professional services company dedicated to integrating and delivering best practice communicat,"Producer, English Language Web Programming",0,0,0.9999100565910339,8.994340896606445e-05,0.05,1,BERT:bert_class_weighted,Class weight
445,emscad_02926,"Industrial Color Software is a division of Industrial Color Brands, a family of vertically integrated creative productio",Lead Linux Engineer,0,0,0.9998371601104736,0.0001628398895263672,0.05,1,BERT:bert_class_weighted,Class weight
446,emscad_02927,"At FutureLearn, we want to inspire learning for life. We offer a diverse selection of free, high quality online courses ",Social Marketing Manager,0,0,0.9999240040779114,7.599592208862305e-05,0.05,1,BERT:bert_class_weighted,Class weight
447,emscad_02934,100mentors answers the question: « What do you want to be in 5 years ?»,Software Developer,0,0,0.9999100565910339,8.994340896606445e-05,0.05,1,BERT:bert_class_weighted,Class weight
448,emscad_02952,"We’ve built revolutionary technology that is changing the way people get around cities. Using Via, a luxury ride booked ",Recruiting Manager,0,0,0.9999184608459473,8.153915405273438e-05,0.05,1,BERT:bert_class_weighted,Class weight
449,emscad_02964,"We're a small tight-knit team that wants to change how rentals are done. The rental industry is old, antiquated, and rea",Front end engineer,0,0,0.9998931884765625,0.0001068115234375,0.05,1,BERT:bert_class_weighted,Class weight
450,emscad_02974,Do you love working with children? Are you fun and energetic? Then this is the job for YOU! We are Playful Steps Home Ch,Child Care Assistant,0,0,0.9998863339424133,0.00011366605758666992,0.05,1,BERT:bert_class_weighted,Class weight
451,emscad_02991,The story of the Great Chicago Fire of 1871 isn’t really about the fire. It’s about what happened next: A remarkable mom,iOS Developer - 640 Labs,0,0,0.9998803734779358,0.00011962652206420898,0.05,1,BERT:bert_class_weighted,Class weight
452,emscad_02993,"VeriPic is a leading supplier of enterprise photo and evidence management software to Law Enforcement Agencies, Military",Regional Account Manager,0,0,0.9998706579208374,0.00012934207916259766,0.05,1,BERT:bert_class_weighted,Class weight
453,emscad_02996,"Indianapolis eye doctors since 1940 and now with eye doctors across the state at our 19 locations, Dr. Tavel Family Eye ",Experienced Optician/Manager,0,0,0.9998840689659119,0.00011593103408813477,0.05,1,BERT:bert_class_weighted,Class weight
454,emscad_02997,"Namely is the leading end-to-end HR and payroll platform for growing companies. Offerings include human payroll, benefit",Dev Ops,0,0,0.9999168515205383,8.314847946166992e-05,0.05,1,BERT:bert_class_weighted,Class weight
455,emscad_02998,About the Company We are ticketscript - the European market leaders in digital self-ticketing. Whether it’s massive danc,Office Manager NL,0,0,0.9999218583106995,7.814168930053711e-05,0.05,1,BERT:bert_class_weighted,Class weight
456,emscad_03007,"Cohaesus is a trusted partner to the world's greatest advertising, marketing, communications and creative agencies. By b",Lead Web Developer,0,0,0.9999242424964905,7.575750350952148e-05,0.05,1,BERT:bert_class_weighted,Class weight
457,emscad_03010,Visual BI is one of the leading and fastest growing firms focusing exclusively on BI & Analytics. Our offerings cover en,SAP BI/HANA Managing Consultant,0,0,0.999899685382843,0.00010031461715698242,0.05,1,BERT:bert_class_weighted,Class weight
458,emscad_03013,PROSULTING IS PEOPLE The ProSulting difference is easy to see. Our passion for delivering qualified pre-screened personn,Project Manager (Retail Displays/Fixtures),0,0,0.9999212622642517,7.873773574829102e-05,0.05,1,BERT:bert_class_weighted,Class weight
459,emscad_03015,"Vend is looking for some awesome new talent to come join us. You'll be working in an awesome team doing awesome things, ",SEO/Content Marketing Intern,0,0,0.9999174475669861,8.255243301391602e-05,0.05,1,BERT:bert_class_weighted,Class weight
460,emscad_03024,6 month Contract,Senior Quality Control Inspector,0,0,0.9998377561569214,0.00016224384307861328,0.05,1,BERT:bert_class_weighted,Class weight
461,emscad_03027,"Due to my clients continued and successful growth, we’re looking for a candidate who can help develop our pest control b",Sales Executive (Pest Control),0,0,0.9998747110366821,0.0001252889633178711,0.05,1,BERT:bert_class_weighted,Class weight
462,emscad_03029,"EverTrue’s mission is to build relationships in pursuit of a better world. We hire smart, fun, and vibrant people who sh","Manager, Customer Support",0,0,0.9999117851257324,8.821487426757812e-05,0.05,1,BERT:bert_class_weighted,Class weight
463,emscad_03047,We Provide Full Time Permanent Positions for many medium to large US companies. We are interested in finding/recruiting ,IT Security Analyst,0,0,0.9999075531959534,9.244680404663086e-05,0.05,1,BERT:bert_class_weighted,Class weight
464,emscad_03065,"Tidewater Finance Co. was established in 1992 for the initial purpose of purchasing, and servicing retail installment co",Resolution Specialist,0,0,0.9998911023139954,0.00010889768600463867,0.05,1,BERT:bert_class_weighted,Class weight
465,emscad_03066,"National Capitol Contracting, LLC (NCC) , established in 2002 and headquartered in Arlington, VA, is an SBA-certified 8(",Video Teleconferencing Engineer VTC,0,0,0.9936866760253906,0.006313323974609375,0.05,1,BERT:bert_class_weighted,Class weight
466,emscad_03068,Applied Memetics LLC is a professional services company dedicated to integrating and delivering best practice communicat,"Program Host, Persian Language",0,0,0.9999121427536011,8.785724639892578e-05,0.05,1,BERT:bert_class_weighted,Class weight
467,emscad_03072,Acknowledgement helps brands and organisations achieve their ambition through digital innovation and digital transformat,UX Designer,0,0,0.999919056892395,8.094310760498047e-05,0.05,1,BERT:bert_class_weighted,Class weight
468,emscad_03076,Upstream’s mission is to revolutionise the way companies market to consumers through cutting edge technology. This is an,Engagement Director,0,0,0.9999212622642517,7.873773574829102e-05,0.05,1,BERT:bert_class_weighted,Class weight
469,emscad_03093,"Novitex Enterprise Solutions, formerly Pitney Bowes Management Services, delivers innovative document and communications",Customer Service Associate,0,0,0.9999234080314636,7.659196853637695e-05,0.05,1,BERT:bert_class_weighted,Class weight
470,emscad_03094,"VeriPic is a leading supplier of enterprise photo and evidence management software to Law Enforcement Agencies, Military",Senior Software Engineer - Enterprise Software,0,0,0.9998096227645874,0.00019037723541259766,0.05,1,BERT:bert_class_weighted,Class weight
471,emscad_03097,"StudyHall creates opportunities for college, university students, and recent graduates, to work with the best companies ",Hiring Current Students for Best Internships | StudyHall.com,0,0,0.9999012351036072,9.876489639282227e-05,0.05,1,BERT:bert_class_weighted,Class weight
472,emscad_03102,"Tradable's award winning platform helps brokers solve the needs of their most demanding clients. Born open, our APIs all",Java Developer,0,0,0.9999082684516907,9.173154830932617e-05,0.05,1,BERT:bert_class_weighted,Class weight
473,emscad_03115,#URL_c379aa631173ed5b7c345ab3f500a9a053e509138ca70e52c1088e5a784dc8d7# is a modern online travel agency that was founded,Search Engine Marketing Specialist- Greek Market,0,0,0.9999046325683594,9.5367431640625e-05,0.05,1,BERT:bert_class_weighted,Class weight
474,emscad_03126,"Η Netstudio είναι μια από τις ταχύτερα ανερχόμενες εταιρίες σχεδιασμού, ανάπτυξης, προώθησης, ανάλυσης και βελτιστοποίησ",Digital Designer,0,0,0.999908983707428,9.101629257202148e-05,0.05,1,BERT:bert_class_weighted,Class weight
475,emscad_03129,"Job Purpose: Plan, develop and implement strategies for business development and growth across the given territory for t",sales manager,0,0,0.9993066787719727,0.0006933212280273438,0.05,1,BERT:bert_class_weighted,Class weight
476,emscad_03146,Frontend development has changed a lot in the last few years: we've gone from the start of the web standards movement an,Front End Developer / User Interface Engineer (Expression Engine + Wordpress),0,0,0.9995987415313721,0.0004012584686279297,0.05,1,BERT:bert_class_weighted,Class weight
477,emscad_03165,"For more than two decades, the TRAK Companies have been providing temporary and direct-hire professional support staff t",Marketing Coordinator,0,0,0.9998984932899475,0.00010150671005249023,0.05,1,BERT:bert_class_weighted,Class weight
478,emscad_03167,Are you finding it harder to work for a boss? Have you always wanted a better work / life balance? Do you want to receiv,Earn Money Working From Home,1,1,0.0,1.0,0.05,1,BERT:bert_class_weighted,Class weight
479,emscad_03184,"We are looking for an enthusiastic, social media savvy, and dynamic Client Executive to support the account teams within",CLIENT EXECUTIVE,0,0,0.9999061226844788,9.387731552124023e-05,0.05,1,BERT:bert_class_weighted,Class weight
480,emscad_03186,"We are a full-service marketing and staffing firm, serving companies ranging from Fortune 100 to new start-up organizati",Payroll Data Coordinator Positions - Earn $100-$200 Daily,1,1,0.0,1.0,0.05,1,BERT:bert_class_weighted,Class weight
481,emscad_03200,Pandoo TEK’s mission is to turn innovative ideas into solutions by developing the technologies to support them. Pandoo T,Social Media Expert,0,0,0.9999260306358337,7.396936416625977e-05,0.05,1,BERT:bert_class_weighted,Class weight
482,emscad_03227,We're a Pune based company which specializes in creating apps that you will fall in love with.,iOS Developer,0,0,0.999904990196228,9.500980377197266e-05,0.05,1,BERT:bert_class_weighted,Class weight
483,emscad_03228,We're a Pune based company which specializes in creating apps that you will fall in love with.,Android Developer,0,0,0.9999064803123474,9.351968765258789e-05,0.05,1,BERT:bert_class_weighted,Class weight
484,emscad_03230,We're a Pune based company which specializes in creating apps that you will fall in love with.,Node.js / Backbone.js Developer,0,0,0.9999114871025085,8.851289749145508e-05,0.05,1,BERT:bert_class_weighted,Class weight
485,emscad_03231,Bradley Contracting Group Corporation offers a wide range of B2B services through a plethora of different small business,Info Tech Personnel,1,1,0.0,1.0,0.05,1,BERT:bert_class_weighted,Class weight
486,emscad_03238,We are looking for an Android Developer who will help us create a map based application for one of the largest telecommu,Android Developer,0,0,0.9998803734779358,0.00011962652206420898,0.05,1,BERT:bert_class_weighted,Class weight
487,emscad_03239,"MenuPad is a fast growing startup revolutionizing the dining experience. Our flagship product, MenuPad allows restaurant",iOS Developer,0,0,0.9998741149902344,0.000125885009765625,0.05,1,BERT:bert_class_weighted,Class weight
488,emscad_03245,Established on the principles that full time education is not for everyone Spectrum Learning is made up of a team of pas,Nuneaton DGV Apprenticeship available under NAS 18 year olds only!,0,0,0.9999203085899353,7.969141006469727e-05,0.05,1,BERT:bert_class_weighted,Class weight
489,emscad_03253,Athens Technology Center SA is looking for candidates for the position of Flash Developer.,Flash Developer,0,0,0.9998612403869629,0.00013875961303710938,0.05,1,BERT:bert_class_weighted,Class weight
490,emscad_03260,Home Improvement Contractor seeking ambitious individuals.,Carpenter,0,0,0.9994654655456543,0.0005345344543457031,0.05,1,BERT:bert_class_weighted,Class weight
491,emscad_03263,"Eagle develops products and services that help our clients organise, analyse and manage genomic data. We’re based at the",Ruby Web Application Developer,0,0,0.9998458623886108,0.00015413761138916016,0.05,1,BERT:bert_class_weighted,Class weight
492,emscad_03286,Axonix is a global mobile advertising technology company that's powered by a platform with a 4 year history of leading t,"Head of Supply Sales, EMEA",0,0,0.9999068379402161,9.316205978393555e-05,0.05,1,BERT:bert_class_weighted,Class weight
493,emscad_03287,We are Looking for candidates for Quality Analyst/testing (QA) Training & Placement. Please look for the Details and let,Quality Analyst/testing Training & Projects.(QA),0,0,0.9997153282165527,0.0002846717834472656,0.05,1,BERT:bert_class_weighted,Class weight
494,emscad_03290,SDI Marketing started in 1988 as a small marketing agency with one simple philosophy: make our client's business our bus,Promotional Sales Representative,0,0,0.9998794794082642,0.00012052059173583984,0.05,1,BERT:bert_class_weighted,Class weight
495,emscad_03298,"Located in the heart of the Green Mountains, our welcoming, mountaintop campus is home to more than 1,900 students. We o",Teacher Education Licensing Office Coordinator,0,0,0.9998176097869873,0.0001823902130126953,0.05,1,BERT:bert_class_weighted,Class weight
496,emscad_03319,Make a difference in someone's life!,Looking for supplemental income & flex. hours? VOA Retail Openings!,0,0,0.9998517036437988,0.00014829635620117188,0.05,1,BERT:bert_class_weighted,Class weight
497,emscad_03324,We help teachers get safe & secure jobs abroad :),English Teacher Overseas (Conversational),0,0,0.9998794794082642,0.00012052059173583984,0.05,1,BERT:bert_class_weighted,Class weight
498,emscad_03340,"Adform is the best resourced European display ad tech company, with around 350 people in 15 European countries and US. W",.Net Developer,0,0,0.999907910823822,9.208917617797852e-05,0.05,1,BERT:bert_class_weighted,Class weight
499,emscad_03346,What we're looking for: Do you like helping others? Are you a customer service pro? If you answered yes to any of these ,customer service representative,1,0,0.9922294616699219,0.007770538330078125,0.05,0,BERT:bert_class_weighted,Class weight
500,emscad_03347,"VouchedFor is a highly disruptive start up in the Financial Advice market. Created in 2011, we are an innovative start-u",Front End Developer proficient in JavaScript Frameworks,0,0,0.9999221563339233,7.784366607666016e-05,0.05,1,BERT:bert_class_weighted,Class weight
501,emscad_03352,"Daily Secret is one of the fastest growing digital media brand for premium audiences around the world, serving 1.8 milli",MBA Intern (Business Development),0,0,0.999907910823822,9.208917617797852e-05,0.05,1,BERT:bert_class_weighted,Class weight
502,emscad_03354,"Argenta Field Solutions values the client, creates income streams for them through our sales mechanism and focuses on qu",Clearview Energy has Expanded to Houston and We Need Direct Sales Agents!,0,0,0.9986200332641602,0.0013799667358398438,0.05,1,BERT:bert_class_weighted,Class weight
503,emscad_03363,"Ryanair is Europe’s favourite low fares airline, operating more than 1,600 daily flights (over 500,000 per year) from 69",.Net Developer,0,0,0.9999125003814697,8.749961853027344e-05,0.05,1,BERT:bert_class_weighted,Class weight
504,emscad_03367,The Pinkston Group works with a select group of clients to create and execute media strategies that meet their public re,Senior Account Executive,0,0,0.9999023675918579,9.763240814208984e-05,0.05,1,BERT:bert_class_weighted,Class weight
505,emscad_03382,"Located in the heart of the Green Mountains, our welcoming, mountaintop campus is home to more than 1,900 students. We o","Administrative Assistant, Fine & Performing Arts",0,0,0.9998047351837158,0.0001952648162841797,0.05,1,BERT:bert_class_weighted,Class weight
506,emscad_03385,"Adbrain is at the forefront of the data-driven, multi-screen advertising revolution. Powered by the latest technologies ",Partnership Development Manager,0,0,0.9999168515205383,8.314847946166992e-05,0.05,1,BERT:bert_class_weighted,Class weight
507,emscad_03391,"J-Curve Technologies, a privately held Arizona-based organization, is an award-winning premier outsourcer of shared tech",Customer Care Specialist Full-Time,0,0,0.9998741149902344,0.000125885009765625,0.05,1,BERT:bert_class_weighted,Class weight
508,emscad_03418,Creators of innovative software products for financial industry. We believe that simplicity and great user experience ca,Data Scientist,0,0,0.9999178051948547,8.219480514526367e-05,0.05,1,BERT:bert_class_weighted,Class weight
509,emscad_03422,HireEasy Pro provides specialised project recruitment services focused on Digital Jobs,Project Manager,0,0,0.9999257326126099,7.426738739013672e-05,0.05,1,BERT:bert_class_weighted,Class weight
510,emscad_03442,FreeTextbooks is a startup revolutionizing the college experience. We're just starting with textbooks. We know textbooks,Campus Rep,0,0,0.999919056892395,8.094310760498047e-05,0.05,1,BERT:bert_class_weighted,Class weight
511,emscad_03445,Applied Memetics LLC is a professional services company dedicated to integrating and delivering best practice communicat,"Writer, Vietnamese Language",0,0,0.9999104142189026,8.958578109741211e-05,0.05,1,BERT:bert_class_weighted,Class weight
512,emscad_03452,HealthCare California is a locally-owned and operated home health agency providing a variety of home health and medical ,Clinical Supervisor,0,0,0.9998650550842285,0.00013494491577148438,0.05,1,BERT:bert_class_weighted,Class weight
513,emscad_03454,Want to build a 21st century financial service?,Senior Marketing Manager,0,0,0.9999148845672607,8.511543273925781e-05,0.05,1,BERT:bert_class_weighted,Class weight
514,emscad_03458,Aarna IT Solutions Pvt Ltd. is a product based web development company. We concentrate on doing continuous research and ,Senior Php Software Developer,0,0,0.9989757537841797,0.0010242462158203125,0.05,1,BERT:bert_class_weighted,Class weight
515,emscad_03459,Quanticate is the world’s largest Global Clinical Research Organization (CRO) specializing in the provision of data rela,Senior Statistician,0,0,0.9999145269393921,8.547306060791016e-05,0.05,1,BERT:bert_class_weighted,Class weight
516,emscad_03465,"HealthLink provides a computer communications system that links the information technology systems of more than 10,000 m",Systems Engineer,0,0,0.9998595714569092,0.0001404285430908203,0.05,1,BERT:bert_class_weighted,Class weight
517,emscad_03469,At TeeSmile we make it easy to raise money with t-shirts and rally supporters for anything you're passionate about.,Graphic Designer,0,0,0.999920666217804,7.933378219604492e-05,0.05,1,BERT:bert_class_weighted,Class weight
518,emscad_03473,Vayu builds affordable unmanned aerial vehicles (UAVs) for healthcare supply chain management and post-disaster aid deli,Junior Avionics Systems Design and Analysis Engineer,0,0,0.999841570854187,0.00015842914581298828,0.05,1,BERT:bert_class_weighted,Class weight
519,emscad_03493,"Electus believes in long-term relationships with our candidates. We provide a combination of recruiting expertise, data,",Admissions Counselor,0,0,0.9999117851257324,8.821487426757812e-05,0.05,1,BERT:bert_class_weighted,Class weight
520,emscad_03504,We Build Great Companies,QA Tester in Residence,0,0,0.9999184608459473,8.153915405273438e-05,0.05,1,BERT:bert_class_weighted,Class weight
521,emscad_03509,"HireHopes is the premier professional services consulting firm that specializes in strategic job search, career adviseme",Territory Sales Manager - Leading Technology,0,0,0.9998103380203247,0.00018966197967529297,0.05,1,BERT:bert_class_weighted,Class weight
522,emscad_03530,Ahoy there adventurer! Join us aboard the good ship Locish as we bravely steer our beloved vessel across the ocean of am,Marketing PR (Boatswain),0,0,0.9999128580093384,8.71419906616211e-05,0.05,1,BERT:bert_class_weighted,Class weight
523,emscad_03534,"Trinity Presbyterian Church is a community that seeks to share in God's renewal of all things—our life with God, our own",Assistant for Worship,0,0,0.9992098808288574,0.0007901191711425781,0.05,1,BERT:bert_class_weighted,Class weight
524,emscad_03536,#URL_c379aa631173ed5b7c345ab3f500a9a053e509138ca70e52c1088e5a784dc8d7# is a modern online travel agency that was founded,Customer Support Representative (English Speakers)- Night shift,0,0,0.9999218583106995,7.814168930053711e-05,0.05,1,BERT:bert_class_weighted,Class weight
525,emscad_03541,Applied Memetics LLC is a professional services company dedicated to integrating and delivering best practice communicat,"Production Assistant, East Asia Pacific Division Office",0,0,0.9998936057090759,0.00010639429092407227,0.05,1,BERT:bert_class_weighted,Class weight
526,emscad_03543,Company Description What we do #URL_e837e935106c9b32dff718b3aff43001785693e48a3ebed31444faf85ee2da31# is a utility that ,Senior Web Developer,0,0,0.9999141693115234,8.58306884765625e-05,0.05,1,BERT:bert_class_weighted,Class weight
527,emscad_03552,We seek talented individuals to join our great team and be part of our success in the digital world!,Social Media Specialist,0,0,0.9998944401741028,0.0001055598258972168,0.05,1,BERT:bert_class_weighted,Class weight
528,emscad_03554,Maker’s Row is an online marketplace that connects American manufacturers and product based businesses. Our mission is t,Marketing Director,0,0,0.9998944401741028,0.0001055598258972168,0.05,1,BERT:bert_class_weighted,Class weight
529,emscad_03557,"Cognity is a leading System Integrator in the areas of CRM, Order Management (OM), SOA, Portals and Master Data Manageme",CRM Consultants/Senior CRM Consultants,0,0,0.9998751878738403,0.00012481212615966797,0.05,1,BERT:bert_class_weighted,Class weight
530,emscad_03564,Applied Memetics LLC is a professional services company dedicated to integrating and delivering best practice communicat,Internet Writer,0,0,0.9999121427536011,8.785724639892578e-05,0.05,1,BERT:bert_class_weighted,Class weight
531,emscad_03568,"A letter from Kimberly Yorio, Founder/CEO of YC Media",Executive Assistant,0,0,0.9998092651367188,0.00019073486328125,0.05,1,BERT:bert_class_weighted,Class weight
532,emscad_03571,"Babbel enables anyone to learn languages in an easy and interactive way. The learning system offers 13 languages, from E",Mobile Developer (iOS),0,0,0.9999114871025085,8.851289749145508e-05,0.05,1,BERT:bert_class_weighted,Class weight
533,emscad_03576,H WEDIA είναι μια ταχύτατα αναπτυσσόμενη ελληνική digital εταιρεία που δραστηριοποιείται από το 2009 στο χώρο των ψηφιακ,Digital Copywriter,0,0,0.999897301197052,0.00010269880294799805,0.05,1,BERT:bert_class_weighted,Class weight
534,emscad_03578,"Cigniti Inc. is a 15 year old Irving, TX based professional services and staffing company which helped companies like Tr",Senior Systems Director,0,0,0.9998831748962402,0.00011682510375976562,0.05,1,BERT:bert_class_weighted,Class weight
535,emscad_03590,Shape the Future.,Specialist Curriculum Associate,0,0,0.9998980760574341,0.00010192394256591797,0.05,1,BERT:bert_class_weighted,Class weight
536,emscad_03592,"Novitex Enterprise Solutions, formerly Pitney Bowes Management Services, delivers innovative document and communications",Customer Service Associate,0,0,0.999923050403595,7.69495964050293e-05,0.05,1,BERT:bert_class_weighted,Class weight
537,emscad_03601,Applied Memetics LLC is a professional services company dedicated to integrating and delivering best practice communicat,"Program Host, Indonesian Service",0,0,0.9999107718467712,8.922815322875977e-05,0.05,1,BERT:bert_class_weighted,Class weight
538,emscad_03605,We Provide Full Time Permanent Positions for many medium to large US companies. We are interested in finding/recruiting ,Mechanical Project Engineers - Designing Piping - MS,0,0,0.9999071955680847,9.28044319152832e-05,0.05,1,BERT:bert_class_weighted,Class weight
539,emscad_03607,The Application Developer supports business process through technology solutions. The purpose of the role is to develop ,Application Developer,0,0,0.9998911023139954,0.00010889768600463867,0.05,1,BERT:bert_class_weighted,Class weight
540,emscad_03611,"Niacet is a leading producer of organic salts, including propionates and acetates, serving the Food, Pharmaceutical and ",Administrative Coordinator,0,0,0.9998211860656738,0.00017881393432617188,0.05,1,BERT:bert_class_weighted,Class weight
541,emscad_03614,Applied Memetics LLC is a professional services company dedicated to integrating and delivering best practice communicat,"Level II Basic Digital Media Logger, Broadcast Operations Division",0,0,0.9998836517333984,0.0001163482666015625,0.05,1,BERT:bert_class_weighted,Class weight
542,emscad_03618,"ClarusApex is an international recruiting company with representations in the Netherlands, Austria, Ukraine, Cyprus and ",Design Engineer Metrology,0,0,0.9999263286590576,7.367134094238281e-05,0.05,1,BERT:bert_class_weighted,Class weight
543,emscad_03631,Thanks for visiting our Job Board. Please review our open positions and apply to the positions that match your qualifica,Sector Sales Manager - Saudi Arabia,0,0,0.9998931884765625,0.0001068115234375,0.05,1,BERT:bert_class_weighted,Class weight
544,emscad_03640,"Haldane Systems Ltd. is a UK company specialising in defence & aerospace consultancy and project work, and has a foot in",Front-End Web Designer,0,0,0.9997589588165283,0.0002410411834716797,0.05,1,BERT:bert_class_weighted,Class weight
545,emscad_03668,"Working at i-kiosk means following your passions. We hire rockstars, hackers and pioneers. We want people who can solve ",Senior .NET Developer,0,0,0.9999086260795593,9.137392044067383e-05,0.05,1,BERT:bert_class_weighted,Class weight
546,emscad_03681,"We build software for fashion retailers, to help them make the right commercial decisions about what to sell, and how to",Customer Success Manager - London,0,0,0.9999248385429382,7.516145706176758e-05,0.05,1,BERT:bert_class_weighted,Class weight
547,emscad_03685,"Critical Nurse Staffing, Inc. is enrolled with the U.S Department of Labor to provide nursing care to the former defense","Home Health Aid, Kennewick, WA",0,0,0.9998931884765625,0.0001068115234375,0.05,1,BERT:bert_class_weighted,Class weight
548,emscad_03688,Established on the principles that full time education is not for everyone Spectrum Learning is made up of a team of pas,APPRENTICE RECRUITMENT CONSULTANT - Crewe,0,0,0.9999240040779114,7.599592208862305e-05,0.05,1,BERT:bert_class_weighted,Class weight
549,emscad_03689,Established on the principles that full time education is not for everyone Spectrum Learning is made up of a team of pas,Data Inputter,0,0,0.9999209642410278,7.903575897216797e-05,0.05,1,BERT:bert_class_weighted,Class weight
550,emscad_03693,"We believe we can bring the world’s families closer together by providing a private, simple place to share photos and me",Full-stack web developer,0,0,0.9999234080314636,7.659196853637695e-05,0.05,1,BERT:bert_class_weighted,Class weight
551,emscad_03705,Major League Fantasy needs a senior .NET server-side engineer to complement its team. We have front end developers that ,Senior .NET Back End Dev,0,0,0.9994816780090332,0.0005183219909667969,0.05,1,BERT:bert_class_weighted,Class weight
552,emscad_03719,Layar is a young and ambitious company located in the heart of Amsterdam. As the global leader in mobile augmented reali,QA Engineer,0,0,0.999880850315094,0.00011914968490600586,0.05,1,BERT:bert_class_weighted,Class weight
553,emscad_03730,Mission Statement:,Real Estate Agents,0,0,0.9998893737792969,0.000110626220703125,0.05,1,BERT:bert_class_weighted,Class weight
554,emscad_03738,Berry Clever is a social powered review site with a difference. Instead of sifting through lots of boring online reviews,Content Creator (for a mum / pet owner at home),0,0,0.9999221563339233,7.784366607666016e-05,0.05,1,BERT:bert_class_weighted,Class weight
555,emscad_03740,Visual BI is one of the leading and fastest growing firms focusing exclusively on BI & Analytics. Our offerings cover en,BI Interns,0,0,0.9999174475669861,8.255243301391602e-05,0.05,1,BERT:bert_class_weighted,Class weight
556,emscad_03742,The Beans Group is a media company that exists to empower young people to thrive. We have been on an exponential growth ,Research Sales Manager,0,0,0.9999257326126099,7.426738739013672e-05,0.05,1,BERT:bert_class_weighted,Class weight
557,emscad_03747,Applied Memetics LLC is a professional services company dedicated to integrating and delivering best practice communicat,TV Copy Writer,0,0,0.9999135136604309,8.64863395690918e-05,0.05,1,BERT:bert_class_weighted,Class weight
558,emscad_03753,"Novitex Enterprise Solutions, formerly Pitney Bowes Management Services, delivers innovative document and communications",Customer Service Associate,0,0,0.999919056892395,8.094310760498047e-05,0.05,1,BERT:bert_class_weighted,Class weight
559,emscad_03760,Money is a person-to-person money transfer app designed to simplify how people send money home to their friends and fami,PHP Developer,0,0,0.9999227523803711,7.724761962890625e-05,0.05,1,BERT:bert_class_weighted,Class weight
560,emscad_03767,"LSM has been referred to as the “Harvard of Hustlers.” Through our public workshops we have trained over 25,000 people o",Marketing/Operations Intern,0,0,0.9999128580093384,8.71419906616211e-05,0.05,1,BERT:bert_class_weighted,Class weight
561,emscad_03776,"We're an emerging technology agency, and we build breakthrough products through user-centered design. We're building a t",Senior User Researcher,0,0,0.9998612403869629,0.00013875961303710938,0.05,1,BERT:bert_class_weighted,Class weight
562,emscad_03804,"As a leading provider of mobile services to the enterprise, GLOBO is pioneering a new era in mobilizing business. Its re",Android Developer,0,0,0.9991083145141602,0.0008916854858398438,0.05,1,BERT:bert_class_weighted,Class weight
563,emscad_03805,"Novitex Enterprise Solutions, formerly Pitney Bowes Management Services, delivers innovative document and communications",Customer Service Associate,0,0,0.9999184608459473,8.153915405273438e-05,0.05,1,BERT:bert_class_weighted,Class weight
564,emscad_03812,United Cerebral Palsy of Oregon & SW Washington (UCP) supports adults with all kinds of developmental disabilities (not ,Full-Time Caregiver for a Sweet and Easygoing Woman,0,0,0.9999027848243713,9.721517562866211e-05,0.05,1,BERT:bert_class_weighted,Class weight
565,emscad_03813,"Dairy, food and beverage processors work within one of the most complex, competitive and precision-driven industries. Th",PT Administrative Assistant/Receptionist,0,0,0.9996492862701416,0.00035071372985839844,0.05,1,BERT:bert_class_weighted,Class weight
566,emscad_03814,We are the creators of Scypho - a revolutionary new product that provides perfect indoor climate when you are home and s,The Untraditional Community Manager,0,0,0.9999194145202637,8.058547973632812e-05,0.05,1,BERT:bert_class_weighted,Class weight
567,emscad_03817,JOB DESCRIPTION If you are considering a new path working with a growing company after many years of working in another ,Financial Advisor,0,0,0.9998488426208496,0.00015115737915039062,0.05,1,BERT:bert_class_weighted,Class weight
568,emscad_03835,Want to build a 21st century financial service?,3-month paid marketing and PR internship,0,0,0.9999197125434875,8.028745651245117e-05,0.05,1,BERT:bert_class_weighted,Class weight
569,emscad_03846,Maxim Staffing solution is looking for an experience nurse practitioner or physician’s assistant to work with one of fac,Nurse Practitioner,0,0,0.9998849630355835,0.0001150369644165039,0.05,1,BERT:bert_class_weighted,Class weight
570,emscad_03847,"Novitex Enterprise Solutions, formerly Pitney Bowes Management Services, delivers innovative document and communications",Customer Service Associate,0,0,0.9999221563339233,7.784366607666016e-05,0.05,1,BERT:bert_class_weighted,Class weight
571,emscad_03859,Job Summary:,PHP Software Developer,0,0,0.9997941255569458,0.00020587444305419922,0.05,1,BERT:bert_class_weighted,Class weight
572,emscad_03872,Established on the principles that full time education is not for everyone Spectrum Learning is made up of a team of pas,PR8 Apprentice Administrator Under NAS 16-18 Year Olds Only,0,0,0.9999200105667114,7.998943328857422e-05,0.05,1,BERT:bert_class_weighted,Class weight
573,emscad_03874,"MAC Property Management is dedicated to providing an exemplary living experience, the highest possible quality of servic",Plumber,0,0,0.999897301197052,0.00010269880294799805,0.05,1,BERT:bert_class_weighted,Class weight
574,emscad_03904,Hellas Direct is a new insurance company founded in 2011 with the view of changing the way car insurance companies servi,Social Media / Copywriter,0,0,0.999919056892395,8.094310760498047e-05,0.05,1,BERT:bert_class_weighted,Class weight
575,emscad_03914,Maker’s Row is an online marketplace that connects American manufacturers and product based businesses. Our mission is t,UI/UX DESIGNER,0,0,0.9999151825904846,8.481740951538086e-05,0.05,1,BERT:bert_class_weighted,Class weight
576,emscad_03926,EUROPEAN DYNAMICS (#URL_c66532ffa1ce76ab447da6774719060c42c584edbf44d74cdb94fc4ac219ca45#) is a leading European Softwar,IS Tester,0,0,0.999899685382843,0.00010031461715698242,0.05,1,BERT:bert_class_weighted,Class weight
577,emscad_03927,"Pricing Recruiters is the leading global resource for the procurement, vetting and placement of qualified, pricing and p","State Street - GS Pricing Specialist, Associate 1 (2:30pm - 6:30pm)",0,0,0.9999171495437622,8.285045623779297e-05,0.05,1,BERT:bert_class_weighted,Class weight
578,emscad_03929,Description:,Financial Controller,0,0,0.9998371601104736,0.0001628398895263672,0.05,1,BERT:bert_class_weighted,Class weight
579,emscad_03934,Process Unlimited and Refined Resources have partnered up in an effort to streamline the hiring process and provide a mo,Project Manager: Mechanical,1,1,0.0,1.0,0.05,1,BERT:bert_class_weighted,Class weight
580,emscad_03941,"We're Food52, and we've created a groundbreaking and award-winning cooking site. We support, connect, and celebrate home",Director of Growth Marketing,0,0,0.9999224543571472,7.75456428527832e-05,0.05,1,BERT:bert_class_weighted,Class weight
581,emscad_03957,We are looking for passionate individuals who will partner with us and ensure the long-term success of our business and ,Couple Jobs - Self Employment,0,0,0.9998176097869873,0.0001823902130126953,0.05,1,BERT:bert_class_weighted,Class weight
582,emscad_03962,Come join a fast-pace growing company that is looking for high-energy individuals wanting to grow with us! We are curren,Night Baker,0,0,0.9998511075973511,0.00014889240264892578,0.05,1,BERT:bert_class_weighted,Class weight
583,emscad_03966,Why CSD?,New York Communication Assistant,0,0,0.999908983707428,9.101629257202148e-05,0.05,1,BERT:bert_class_weighted,Class weight
584,emscad_03970,hello world,Passionate Frontend Developer (m/w),0,0,0.9999168515205383,8.314847946166992e-05,0.05,1,BERT:bert_class_weighted,Class weight
585,emscad_03971,Envision Consulting conducts retained searches for nonprofit clients seeking to expand and enhance their mission through,Associate Executive Director,0,0,0.9998785257339478,0.0001214742660522461,0.05,1,BERT:bert_class_weighted,Class weight
586,emscad_03976,We Provide Full Time Permanent Positions for many medium to large US companies. We are interested in finding/recruiting ,Corporate Accounting Manager,0,0,0.9999200105667114,7.998943328857422e-05,0.05,1,BERT:bert_class_weighted,Class weight
587,emscad_03981,"Formed in 2006, Saul&Partners is an executive search consulting firm specialising in talent management for permanent sta",Account Executive - Online Marketing (Entry Level Position),0,0,0.9998989105224609,0.0001010894775390625,0.05,1,BERT:bert_class_weighted,Class weight
588,emscad_03986,Maxim Healthcare has the following opportunity available: Harbor UCLA Torrance CA Case Management RN 13 week M-F DAYS Yo,RN Case Manager,0,0,0.9997813701629639,0.0002186298370361328,0.05,1,BERT:bert_class_weighted,Class weight
589,emscad_03991,"Founded By Entrepreneurs, For Entrepreneurs",Front End Engineer,0,0,0.9999221563339233,7.784366607666016e-05,0.05,1,BERT:bert_class_weighted,Class weight
590,emscad_03996,"As a growing and successful startup, Conversocial is a great place to work for ambitious individuals.",Community Manager,0,0,0.9999240040779114,7.599592208862305e-05,0.05,1,BERT:bert_class_weighted,Class weight
591,emscad_03997,"VisionMobile is the leading research company in the apps economy. We track app developer trends across 10,000+ developer","Web developer & hacker (full-time), Athens",0,0,0.9999197125434875,8.028745651245117e-05,0.05,1,BERT:bert_class_weighted,Class weight
592,emscad_04012,Outstanding Member Service Starts With Outstanding People,Indirect Lending Sales Rep/Funder,0,0,0.9999082684516907,9.173154830932617e-05,0.05,1,BERT:bert_class_weighted,Class weight
593,emscad_04039,"VeriPic is a leading supplier of enterprise photo and evidence management software to Law Enforcement Agencies, Military",Regional Account Manager,0,0,0.9998706579208374,0.00012934207916259766,0.05,1,BERT:bert_class_weighted,Class weight
594,emscad_04056,"We are not your average Monday mail recruiters. We are here to align stars and connect dots, not just match titles with ",PURPOSE: Project & Business Managers,0,0,0.9998876452445984,0.00011235475540161133,0.05,1,BERT:bert_class_weighted,Class weight
595,emscad_04060,"Bare-Square is an independent analytics consultancy, specializing in web, mobile and social media analytics and optimiza",Junior Web Developer/ Data Analyst,0,0,0.99990314245224,9.685754776000977e-05,0.05,1,BERT:bert_class_weighted,Class weight
596,emscad_04067,Roland & Associates is a Corporate Recruitment Organization providing solutions to Global MNC’s for the past 12 years.,.NET Developer,0,0,0.999919056892395,8.094310760498047e-05,0.05,1,BERT:bert_class_weighted,Class weight
597,emscad_04070,Applied Memetics LLC is a professional services company dedicated to integrating and delivering best practice communicat,"International Broadcaster, English to Africa Service",0,0,0.9999107718467712,8.922815322875977e-05,0.05,1,BERT:bert_class_weighted,Class weight
598,emscad_04081,About You...,ITSM Sales,0,0,0.9998197555541992,0.00018024444580078125,0.05,1,BERT:bert_class_weighted,Class weight
599,emscad_04082,"Hello, we are Impero. We’re an award winning creative digital/social agency with a studio in East London. We need a mid-",Front end developer (mid-senior),0,0,0.9999181032180786,8.189678192138672e-05,0.05,1,BERT:bert_class_weighted,Class weight
600,emscad_04089,"Ryanair is Europe’s favourite low fares airline, operating more than 1,600 daily flights (over 500,000 per year) from 69",Flight Operations Bases Manager,0,0,0.999899685382843,0.00010031461715698242,0.05,1,BERT:bert_class_weighted,Class weight
601,emscad_04091,Job Description:,Controls Engineer- Programming & Debug of PLC- Automotive Environment,0,0,0.9994025230407715,0.0005974769592285156,0.05,1,BERT:bert_class_weighted,Class weight
602,emscad_04094,Forward3D is the largest independent digital marketing agency in Britain. We run cutting edge digital marketing campaign,Digital Account Manager,0,0,0.9999248385429382,7.516145706176758e-05,0.05,1,BERT:bert_class_weighted,Class weight
603,emscad_04099,iOS developer to join ZuluTrade's Web team and use his/her talents for handling new and old iOS platform projects workin,iOS Developer,0,0,0.9998089075088501,0.00019109249114990234,0.05,1,BERT:bert_class_weighted,Class weight
604,emscad_04102,Casual job\Part-Time,Casual/Part-Time Position,0,0,0.9974842071533203,0.0025157928466796875,0.05,1,BERT:bert_class_weighted,Class weight
605,emscad_04105,BILINGUAL JAPANESE PLANNING AND GENERAL AFFAIRS SUPERVISOR,BILINGUAL JAPANESE PLANNING AND GENERAL AFFAIRS SUPERVISOR,0,0,0.988800048828125,0.011199951171875,0.05,1,BERT:bert_class_weighted,Class weight
606,emscad_04110,Imperative is a movement to evolve the economy into one driven by purpose. We believe in a more human world where by bet,Scala / Play! Framework / RESTful API developer,0,0,0.99981689453125,0.00018310546875,0.05,1,BERT:bert_class_weighted,Class weight
607,emscad_04111,"Glownet is the UK startup that is revolutionizing the live event experience for promoters, festival goers, caterers and ",Senior .NET Web Developer,0,0,0.9999279975891113,7.200241088867188e-05,0.05,1,BERT:bert_class_weighted,Class weight
608,emscad_04113,Job Overview,Equipment Operator,0,0,0.9998876452445984,0.00011235475540161133,0.05,1,BERT:bert_class_weighted,Class weight
609,emscad_04114,"Overview: Responsible for working with key accounts assisting with engineering design, specifying product, selling and p",Outside Territory Manager - Wired and Wireless Electronic Components and Assemblies,0,0,0.9997726678848267,0.00022733211517333984,0.05,1,BERT:bert_class_weighted,Class weight
610,emscad_04116,United Cerebral Palsy of Oregon & SW Washington (UCP) supports adults with all kinds of developmental disabilities (not ,Full-Time Caregiver for an Active Young Man,0,0,0.9999075531959534,9.244680404663086e-05,0.05,1,BERT:bert_class_weighted,Class weight
611,emscad_04118,"We love games. We want to open windows to new, mysterious worlds. We are a game development startup dreaming big.",Game Developer,0,0,0.9999200105667114,7.998943328857422e-05,0.05,1,BERT:bert_class_weighted,Class weight
612,emscad_04132,The CSR Association of Pakistan serves as a gateway for partnership opportunities between social development and private,Summer Internships,0,0,0.9997649192810059,0.00023508071899414062,0.05,1,BERT:bert_class_weighted,Class weight
613,emscad_04148,MISSION:,PASSIONATE EXPERT PCP's NEEDED TODAY! COMPENSATION & BENEFITS MAXIMUM HOURS FOR MAX PAY!,0,0,0.9999151825904846,8.481740951538086e-05,0.05,1,BERT:bert_class_weighted,Class weight
614,emscad_04169,"Valor Services provides Workforce Solutions that meet the needs of companies across the Private Sector, with a special f",Production Engineer,0,0,0.9998964667320251,0.00010353326797485352,0.05,1,BERT:bert_class_weighted,Class weight
615,emscad_04170,"St Francis Hospital in Wilmington, Delaware. USA is looking for a qualified Biomed Equipment Technician. Candidate must ",BIOMEDICAL EQUIPMENT TECHNICAN,0,0,0.9976730346679688,0.00232696533203125,0.05,1,BERT:bert_class_weighted,Class weight
616,emscad_04178,"Babbel enables anyone to learn languages in an easy and interactive way. The learning system offers 13 languages, from E",Team & Executive Assistant,0,0,0.9999068379402161,9.316205978393555e-05,0.05,1,BERT:bert_class_weighted,Class weight
617,emscad_04181,"We're Food52, and we've created a groundbreaking and award-winning cooking site. We support, connect, and celebrate home",Marketing Team Intern,0,0,0.999919056892395,8.094310760498047e-05,0.05,1,BERT:bert_class_weighted,Class weight
618,emscad_04190,BorrowMyDoggy is an online community that connects dog owners with trusted local people who will help look after their d,Pawsome Ruby Developer,0,0,0.9999271631240845,7.283687591552734e-05,0.05,1,BERT:bert_class_weighted,Class weight
619,emscad_04195,Web technology company currently has a vacancy for a PHP - Drupal Developer fluent in English. The selected candidate wi,PHP - Drupal Developer,0,0,0.9993834495544434,0.0006165504455566406,0.05,1,BERT:bert_class_weighted,Class weight
620,emscad_04197,"We are looking for a driven, high energetic and high caliber young professional with interest in joining a startup based",Core member of startup in the hospitality industry,0,0,0.9999151825904846,8.481740951538086e-05,0.05,1,BERT:bert_class_weighted,Class weight
621,emscad_04201,"Looking for someone that can install safes, which can sometimes be bolted in to the floor or put into the wall.",Skilled Safe Installer & Mover,0,0,0.9997541904449463,0.00024580955505371094,0.05,1,BERT:bert_class_weighted,Class weight
622,emscad_04213,VisaHQ hires a diverse and internationally minded staff of professional and reliable employees who are dedicated to brea,Inside Sales Executive,0,0,0.9998676776885986,0.0001323223114013672,0.05,1,BERT:bert_class_weighted,Class weight
623,emscad_04240,"We build software for fashion retailers, to help them make the right commercial decisions about what to sell, and how to",Office Manager / PA,0,0,0.9999224543571472,7.75456428527832e-05,0.05,1,BERT:bert_class_weighted,Class weight
624,emscad_04267,"Since 2005, American Secured Benefits, a leading financial planning and insurance brokerage company, has helped thousand",Customer Service Representative,1,0,0.9998717308044434,0.00012826919555664062,0.05,0,BERT:bert_class_weighted,Class weight
625,emscad_04274,"Certoid is an identity, impersonation and reputation network. The area: Software Engineering Our engineers develop the n",Android Developer,0,0,0.9998931884765625,0.0001068115234375,0.05,1,BERT:bert_class_weighted,Class weight
626,emscad_04285,"HRdownloads was founded in 2008, and since that time has evolved to become the leader in delivering strategic Human Reso",Director of Marketing,0,0,0.9999111294746399,8.887052536010742e-05,0.05,1,BERT:bert_class_weighted,Class weight
627,emscad_04288,"Valor Services provides Workforce Solutions that meet the needs of companies across the Private Sector, with a special f",Frac Supervisor,0,0,0.9999015927314758,9.840726852416992e-05,0.05,1,BERT:bert_class_weighted,Class weight
628,emscad_04292,"At MAM, we are passionate about changing the culture of the mental health industry. We seek to de-fragment care, utilize",Community Relations Specialist,0,0,0.9998440742492676,0.00015592575073242188,0.05,1,BERT:bert_class_weighted,Class weight
629,emscad_04293,"ValleySoft is a fast growing global IT Services & Solutions company based in Silicon Valley, USA . At ValleySoft, we str",Oracle IAM Architect,0,0,0.9999042749404907,9.572505950927734e-05,0.05,1,BERT:bert_class_weighted,Class weight
630,emscad_04300,Healthy Spot is looking for a full-time or part-time Daycare Attendant to join our small dog daycare staff! You can't as,Dog Daycare Attendant,0,0,0.999908983707428,9.101629257202148e-05,0.05,1,BERT:bert_class_weighted,Class weight
631,emscad_04306,"GPL Technologies is a solutions provider focused on the design, implementation, and support of high-performance informat",Business Development Associate,0,0,0.999887228012085,0.00011277198791503906,0.05,1,BERT:bert_class_weighted,Class weight
632,emscad_04322,i28 Technologies has demonstrated expertise in areas strategic to different business in varying verticals. I28 Technolog,SAP Data Migration,0,0,0.9996626377105713,0.00033736228942871094,0.05,1,BERT:bert_class_weighted,Class weight
633,emscad_04355,Corporate overview,Management System Administrator,1,1,0.0,1.0,0.05,1,BERT:bert_class_weighted,Class weight
634,emscad_04371,"Sinopoulos Panglobal Machinery, is established to be the official distributor of Förch products. Our team is a bonded gr",E-commerce Marketing Specialist,0,0,0.9999020099639893,9.799003601074219e-05,0.05,1,BERT:bert_class_weighted,Class weight
635,emscad_04376,Frustrated with the status quo?,Embedded Device Hacker Internship,0,0,0.9999251365661621,7.486343383789062e-05,0.05,1,BERT:bert_class_weighted,Class weight
636,emscad_04381,Operate machinery used in the production process. • Examine products to verify conformance to quality standards. • Count,2nd Shift Machine Operator,0,1,0.45654296875,0.54345703125,0.05,0,BERT:bert_class_weighted,Class weight
637,emscad_04385,Applied Memetics LLC is a professional services company dedicated to integrating and delivering best practice communicat,"International Broadcaster, Indonesian Service",0,0,0.999908983707428,9.101629257202148e-05,0.05,1,BERT:bert_class_weighted,Class weight
638,emscad_04386,"At Hayes-Corp, we create the fun stuff. With a focus on software development for mobile platforms, we are constantly loo",Tech Operations & Data Input Operations Assistant,0,0,0.9998476505279541,0.00015234947204589844,0.05,1,BERT:bert_class_weighted,Class weight
639,emscad_04396,"Aquira help businesses sell more. Lots more. We do this through a range of tailored direct marketing services, high qual",Sales Training Manager,0,0,0.9999248385429382,7.516145706176758e-05,0.05,1,BERT:bert_class_weighted,Class weight
640,emscad_04408,Maker’s Row is an online marketplace that connects American manufacturers and product based businesses. Our mission is t,Data Specialist,0,0,0.9999042749404907,9.572505950927734e-05,0.05,1,BERT:bert_class_weighted,Class weight
641,emscad_04409,"PINT is a leader in the web industry with 20 years of web design, software development and consulting experience. PINT's",Developer - PHP | JavaScript,0,0,0.9998711347579956,0.00012886524200439453,0.05,1,BERT:bert_class_weighted,Class weight
642,emscad_04413,i28 Technologies has demonstrated expertise in areas strategic to different business in varying verticals. I28 Technolog,.NET UI Developer,0,0,0.9998691082000732,0.0001308917999267578,0.05,1,BERT:bert_class_weighted,Class weight
643,emscad_04416,"Shyp is the easiest way to send anything, anywhere.",Senior iOS Developer,0,0,0.9999015927314758,9.840726852416992e-05,0.05,1,BERT:bert_class_weighted,Class weight
644,emscad_04441,"With an exceptional record of over 50% growth in each of the last 5 years, we’ve become the UK’s largest online retailer",Business Analyst - Systems,0,0,0.9999184608459473,8.153915405273438e-05,0.05,1,BERT:bert_class_weighted,Class weight
645,emscad_04450,"At Hospitality Parking we are currently seeking a honest, reliable, and enthusiastic individual to become our next Overn",Valet Overnight Night Auditor,0,0,0.9998863339424133,0.00011366605758666992,0.05,1,BERT:bert_class_weighted,Class weight
646,emscad_04453,Why CSD?,New York Communication Assistant,0,0,0.999908983707428,9.101629257202148e-05,0.05,1,BERT:bert_class_weighted,Class weight
647,emscad_04474,"Novitex Enterprise Solutions, formerly Pitney Bowes Management Services, delivers innovative document and communications",Customer Service Associate,0,0,0.9999234080314636,7.659196853637695e-05,0.05,1,BERT:bert_class_weighted,Class weight
648,emscad_04485,Lasertag Adventure - Profile,Epic Adventurist,0,0,0.9998964667320251,0.00010353326797485352,0.05,1,BERT:bert_class_weighted,Class weight
649,emscad_04486,Want to build a 21st century financial service?,Business Development Intern,0,0,0.9999135136604309,8.64863395690918e-05,0.05,1,BERT:bert_class_weighted,Class weight
650,emscad_04499,Upstream’s mission is to revolutionise the way companies market to consumers through cutting edge technology. This is an,Campaign Manager,0,0,0.9999215602874756,7.843971252441406e-05,0.05,1,BERT:bert_class_weighted,Class weight
651,emscad_04501,Applied Memetics LLC is a professional services company dedicated to integrating and delivering best practice communicat,"Program Host, Tibetan Service",0,0,0.9999161958694458,8.380413055419922e-05,0.05,1,BERT:bert_class_weighted,Class weight
652,emscad_04502,Applied Memetics LLC is a professional services company dedicated to integrating and delivering best practice communicat,Producer for Africa Project,0,0,0.9999075531959534,9.244680404663086e-05,0.05,1,BERT:bert_class_weighted,Class weight
653,emscad_04528,We are a property preservation (construction) company that is seeking self-motivated individuals who have excellent writ,Full-time Updater (Office) Positions Available,0,0,0.9997917413711548,0.00020825862884521484,0.05,1,BERT:bert_class_weighted,Class weight
654,emscad_04532,"At Cedexis, we’re passionate about solutions for a faster web and we need people to bring our message to the world.",Sr. Designer,0,0,0.9999227523803711,7.724761962890625e-05,0.05,1,BERT:bert_class_weighted,Class weight
655,emscad_04538,"We're Food52, and we've created a groundbreaking and award-winning cooking site. We support, connect, and celebrate home",Provisions Food Stylist & Sourcing Associate,0,0,0.9999161958694458,8.380413055419922e-05,0.05,1,BERT:bert_class_weighted,Class weight
656,emscad_04543,Applied Memetics LLC is a professional services company dedicated to integrating and delivering best practice communicat,"International Broadcaster, Armenian Language",0,0,0.9999158382415771,8.416175842285156e-05,0.05,1,BERT:bert_class_weighted,Class weight
657,emscad_04545,"Ilias Sotiropoulos first went into business as a natural person in 1973, importing used cars from Germany. He then deale",Car Dealer Sales Manager/Customer Service,0,0,0.9998296499252319,0.0001703500747680664,0.05,1,BERT:bert_class_weighted,Class weight
658,emscad_04551,"Hello,",Websphere Architect,0,0,0.998809814453125,0.001190185546875,0.05,1,BERT:bert_class_weighted,Class weight
659,emscad_04554,"We design, deploy, and maintain advanced technologies that enable our customers to achieve operational excellence at sub",Security Integrator,0,0,0.9999061226844788,9.387731552124023e-05,0.05,1,BERT:bert_class_weighted,Class weight
660,emscad_04556,"Write Enterprise is an educational services company, dedicated to providing solutions to students within the UK and Inte",Recruiter - Writer Relations,0,0,0.999919056892395,8.094310760498047e-05,0.05,1,BERT:bert_class_weighted,Class weight
661,emscad_04563,StartupTAP is not a conventional recruiting agency. We're true Talent Acquisition Partners.,Account Executive - Boston,0,0,0.9999212622642517,7.873773574829102e-05,0.05,1,BERT:bert_class_weighted,Class weight
662,emscad_04589,"We are a startup digital agency that is “helping companies make money online” by specializing in AdWords, Analytics and ",Data Analyst Intern,0,0,0.9999121427536011,8.785724639892578e-05,0.05,1,BERT:bert_class_weighted,Class weight
663,emscad_04590,"Anthony Warren is a Marketing and Advertising consultant. After completing one enlistment as a U.S. Marine at Quantico, ",Web design intern,1,1,0.00048828125,0.99951171875,0.05,1,BERT:bert_class_weighted,Class weight
664,emscad_04600,"The Accion story began more than 100 years ago in the Austin,Tx with one family owned establishment. Today, Accion has g",Mortgage Customer Service Coordinator (Call Center),1,1,0.00048828125,0.99951171875,0.05,1,BERT:bert_class_weighted,Class weight
665,emscad_04602,How often do you see the combination of solid history and explosive innovation? Hydro-Thermal is a global manufacturing ,Marketing Manager,0,0,0.9998931884765625,0.0001068115234375,0.05,1,BERT:bert_class_weighted,Class weight
666,emscad_04604,Established on the principles that full time education is not for everyone Spectrum Learning is made up of a team of pas,M50 3XP Apprentice Recruitment Consultant government funding for 16-18 year olds only,0,0,0.9999266266822815,7.337331771850586e-05,0.05,1,BERT:bert_class_weighted,Class weight
667,emscad_04614,"UNION is a digital marketing company focused on UX, Customer Experience Management, social engagement, analytics, and ca",Intermediate/Senior .Net developer,0,0,0.999923050403595,7.69495964050293e-05,0.05,1,BERT:bert_class_weighted,Class weight
668,emscad_04618,Our passion for improving quality of life through geography is at the heart of everything we do. Esri’s geographic infor,Account Executive - Colorado,0,0,0.9998897910118103,0.00011020898818969727,0.05,1,BERT:bert_class_weighted,Class weight
669,emscad_04625,Can data be a thing of beauty? We think so.,UI / UX Designer Developer,0,0,0.9999054074287415,9.459257125854492e-05,0.05,1,BERT:bert_class_weighted,Class weight
670,emscad_04631,Main tasks:,Fraud and Payment Analyst,0,0,0.9998396635055542,0.00016033649444580078,0.05,1,BERT:bert_class_weighted,Class weight
671,emscad_04641,SilverStripe CMS & Framework is an open source platform of web development tools. The platform is curated by SilverStrip,Automated Test Analyst,0,0,0.999919056892395,8.094310760498047e-05,0.05,1,BERT:bert_class_weighted,Class weight
672,emscad_04644,"We have a really cool opportunity to join a best in field team on a tremendously interesting datacentric project, workin",Senior Test Analyst,0,0,0.999897301197052,0.00010269880294799805,0.05,1,BERT:bert_class_weighted,Class weight
673,emscad_04654,Applied Memetics LLC is a professional services company dedicated to integrating and delivering best practice communicat,Agile Business Analyst,0,0,0.9999138712882996,8.612871170043945e-05,0.05,1,BERT:bert_class_weighted,Class weight
674,emscad_04666,"At Cedexis, we’re passionate about solutions for a faster web and we need people to bring our message to the world.",Accounting Manager,0,0,0.9999151825904846,8.481740951538086e-05,0.05,1,BERT:bert_class_weighted,Class weight
675,emscad_04682,PEI Media ( #URL_4cffe430b8da4c0d7e6074d11e638d28a1e165c8782b891e111fc17606c3d961# ) provides a range of highly respecte,FINANCIAL RESEARCHER - GRADUATE OPPORTUNITY,0,0,0.9999023675918579,9.763240814208984e-05,0.05,1,BERT:bert_class_weighted,Class weight
676,emscad_04718,"Recruitment to Recruitment specialists, covering the UK.",Temp/Perm Consultant,0,0,0.9999027848243713,9.721517562866211e-05,0.05,1,BERT:bert_class_weighted,Class weight
677,emscad_04722,"Vend is looking for some awesome new talent to come join us. You'll be working in an awesome team doing awesome things, ",Technical Talent Specialist,0,0,0.9999082684516907,9.173154830932617e-05,0.05,1,BERT:bert_class_weighted,Class weight
678,emscad_04735,"Luxury British cocoa grower and chocolatier, Hotel Chocolat, was founded in 2004 to make exciting chocolate with three g",Quality Assurance Manager,0,0,0.9999100565910339,8.994340896606445e-05,0.05,1,BERT:bert_class_weighted,Class weight
679,emscad_04736,Adthena is the UK’s leading competitive intelligence service for Google search advertisers. Adthena is loved by major br,Big Data Technologies - Snr Dev,0,0,0.9999234080314636,7.659196853637695e-05,0.05,1,BERT:bert_class_weighted,Class weight
680,emscad_04737,"We are expanding our team to help with the smooth running of DeskLodge. We need somebody who is able to work Monday, Thu",Assistant Centre Manager,0,0,0.9998858571052551,0.00011414289474487305,0.05,1,BERT:bert_class_weighted,Class weight
681,emscad_04742,Insite Software is looking for smart and motivated people who want to help change the way companies are doing business. ,Sr. Application Support Specialist,0,0,0.9998927712440491,0.00010722875595092773,0.05,1,BERT:bert_class_weighted,Class weight
682,emscad_04750,"As the industry’s largest supply contracting company, Novation serves the purchasing needs of more than 65,000 VHA, UHC ",Call Center Representative I,1,1,0.0,1.0,0.05,1,BERT:bert_class_weighted,Class weight
683,emscad_04754,** ONLY US CITIZENS OR GREEN CARD HOLDERS APPLY ** ** THIS IS A CORP TO CORP POSITION **,.NET/C# Developer,0,1,0.01953125,0.98046875,0.05,0,BERT:bert_class_weighted,Class weight
684,emscad_04755,Applied Memetics LLC is a professional services company dedicated to integrating and delivering best practice communicat,"International Broadcaster, Swahili Language",0,0,0.9999164938926697,8.350610733032227e-05,0.05,1,BERT:bert_class_weighted,Class weight
685,emscad_04758,Assisting Director of Purchasing in daily tasks which includes purchasing of capital items for 25 (and growing) Skilled ,Executive Assistant - Purchasing Department,0,0,0.9998676776885986,0.0001323223114013672,0.05,1,BERT:bert_class_weighted,Class weight
686,emscad_04762,Our motherless world for Charity location has an immediate part-time opening for a Company Representative. Must be avail,COMPANY REPRESENTATIVE NEEDED,1,0,0.9998143911361694,0.0001856088638305664,0.05,0,BERT:bert_class_weighted,Class weight
687,emscad_04763,We believe cities are complicated. And your mobile device should save you from the everyday challenges of living in them,Community Management / User Support,0,0,0.999925434589386,7.456541061401367e-05,0.05,1,BERT:bert_class_weighted,Class weight
688,emscad_04766,Aspex Recruitment,Service Advisor,0,0,0.9999181032180786,8.189678192138672e-05,0.05,1,BERT:bert_class_weighted,Class weight
689,emscad_04770,Since 1973: Working together to make our community healthy,Program Assistant - Sandy Hill Good Food Market,0,0,0.9999054074287415,9.459257125854492e-05,0.05,1,BERT:bert_class_weighted,Class weight
690,emscad_04774,"Skills:.Net, C#, Sitecore, CMS, JavaScript, HTML, CSS, JQuery, Strong communications skills. Leading bank based in downt",".Net, C#, Sitecore, CMS, JavaScript - .Net Sitecore Developer",0,0,0.9995112419128418,0.0004887580871582031,0.05,1,BERT:bert_class_weighted,Class weight
691,emscad_04782,We are looking for a Business Intelligence Analyst to work in a major growth area within the company: you will have the ,Business Intelligence Analyst,0,0,0.9998911023139954,0.00010889768600463867,0.05,1,BERT:bert_class_weighted,Class weight
692,emscad_04801,Who is Ramberg Associates?,Specialists Required New Zealand.,0,0,0.999882698059082,0.00011730194091796875,0.05,1,BERT:bert_class_weighted,Class weight
693,emscad_04804,About PTL SOLAR,Solar Sales & Design Engineer,0,0,0.9998371601104736,0.0001628398895263672,0.05,1,BERT:bert_class_weighted,Class weight
694,emscad_04809,"AREA 17 is an interactive agency. We take an interdisciplinary approach — blending the practices of design, technology a",Quality & Support Manager,0,0,0.9999242424964905,7.575750350952148e-05,0.05,1,BERT:bert_class_weighted,Class weight
695,emscad_04811,We are one of the UK's leading retailers with around 21 million customers visiting our stores each week. We sell high qu,International Graduate,0,0,0.999882698059082,0.00011730194091796875,0.05,1,BERT:bert_class_weighted,Class weight
696,emscad_04819,Overview,Nuclear Sales Manager,0,0,0.9998629093170166,0.00013709068298339844,0.05,1,BERT:bert_class_weighted,Class weight
697,emscad_04831,"Novitex Enterprise Solutions, formerly Pitney Bowes Management Services, delivers innovative document and communications",Customer Service Associate-Receptionist,0,0,0.9999174475669861,8.255243301391602e-05,0.05,1,BERT:bert_class_weighted,Class weight
698,emscad_04832,schooX is a Social Academy where anyone can teach and learn online. Learners can attend online courses and build a stron,Senior Software Engineer,0,0,0.9999161958694458,8.380413055419922e-05,0.05,1,BERT:bert_class_weighted,Class weight
699,emscad_04844,"#URL_31fdc354999cbb96507ebbe4e9c4aa7eed5edd0dd1c0816b36e0f4c681f01fac# is a marketplace for Bitcoin, everyone’s favourit",Back-end Developer Python/Django,0,0,0.9999004602432251,9.953975677490234e-05,0.05,1,BERT:bert_class_weighted,Class weight
700,emscad_04849,"compensation: Salary: $10-15 an hour based on experience, 5% commission over sales goal. HigheJob Title: Sales associate",Sales\Tradeshow associate for wholesale store,0,0,0.9998273849487305,0.00017261505126953125,0.05,1,BERT:bert_class_weighted,Class weight
701,emscad_04850,Upstream’s mission is to revolutionise the way companies market to consumers through cutting edge technology. This is an,Data Engineer,0,0,0.9999203085899353,7.969141006469727e-05,0.05,1,BERT:bert_class_weighted,Class weight
702,emscad_04859,Established on the principles that full time education is not for everyone Spectrum Learning is made up of a team of pas,PR8 Apprentice Administrator Under NAS 16-18 Year Olds Only,0,0,0.9999200105667114,7.998943328857422e-05,0.05,1,BERT:bert_class_weighted,Class weight
703,emscad_04862,We are a digital marketing agency with an emphasis upon quality development that is developed and sold in a consultative,Sales Agents $400/wk Plus Commission,0,1,0.04345703125,0.95654296875,0.05,0,BERT:bert_class_weighted,Class weight
704,emscad_04875,The Beans Group is a media company that exists to empower young people to thrive. We have been on an exponential growth ,Copywriter -- Storyteller,0,0,0.9999263286590576,7.367134094238281e-05,0.05,1,BERT:bert_class_weighted,Class weight
705,emscad_04876,"We're looking for a software engineer with experience in Python, Django, Javascript and CSS.",Software Engineer,0,0,0.9991879463195801,0.0008120536804199219,0.05,1,BERT:bert_class_weighted,Class weight
706,emscad_04881,"Novitex Enterprise Solutions, formerly Pitney Bowes Management Services, delivers innovative document and communications",Customer Service Associate,0,0,0.9999224543571472,7.75456428527832e-05,0.05,1,BERT:bert_class_weighted,Class weight
707,emscad_04883,VSO brings people together to fight poverty by delivering innovative development programmes in 36 of the poorest countri,Marketing and communications adviser (Fixed term),0,0,0.9999155402183533,8.445978164672852e-05,0.05,1,BERT:bert_class_weighted,Class weight
708,emscad_04895,"Intercom ( #URL_cb674f93cbcd215a3a0a57a8615a565545949eead8adbbc73307c26d6a6af81b# ) is a simple, personal messaging serv",Head of Product Marketing,0,0,0.9999107718467712,8.922815322875977e-05,0.05,1,BERT:bert_class_weighted,Class weight
709,emscad_04907,Massive Media is the social media company behind the successful digital brands #URL_18234f381f5e7b9a9ffdc727cd05c9046edf,Community Management Assistant,0,0,0.9999227523803711,7.724761962890625e-05,0.05,1,BERT:bert_class_weighted,Class weight
710,emscad_04917,Ahoy there adventurer! Join us aboard the good ship Locish as we bravely steer our beloved vessel across the ocean of am,Operations Paid Intern (Learner Loci),0,0,0.9999240040779114,7.599592208862305e-05,0.05,1,BERT:bert_class_weighted,Class weight
711,emscad_04923,JOB DESCRIPTION:,"Experienced HCC coder,ER coder,E&M coder",0,0,0.9998129606246948,0.00018703937530517578,0.05,1,BERT:bert_class_weighted,Class weight
712,emscad_04926,Somnoware is a software platform to manage sleep wellness for healthcare providers and their customers. It provides a si,Technical Writer,0,0,0.9999174475669861,8.255243301391602e-05,0.05,1,BERT:bert_class_weighted,Class weight
713,emscad_04928,Associate Manager,Associate Manager,0,0,0.9997977018356323,0.00020229816436767578,0.05,1,BERT:bert_class_weighted,Class weight
714,emscad_04933,"Ron Christopher Co., Inc. (RCC) is a Mergers and Acquistions firm that helps buyers and sellers of independent insurance",Cold Calling - Part-Time,0,0,0.9998915195465088,0.00010848045349121094,0.05,1,BERT:bert_class_weighted,Class weight
715,emscad_04940,"This position provides an excellent opportunity for career growth. Most wages, good benefits, and much more is waiting f",Position Finance Assistant,1,1,0.00146484375,0.99853515625,0.05,1,BERT:bert_class_weighted,Class weight
716,emscad_04970,"True Shabu is a new restaurant in Anaheim Hills, California offering fresh and delicious ""shabu-shabu"" hot pot cuisine w",Server,0,0,0.9998103380203247,0.00018966197967529297,0.05,1,BERT:bert_class_weighted,Class weight
717,emscad_04978,Capoo provide talent consultancy for fast growth digital & tech companies. We are passionate about changing the way in w,Senior Sales Executive,0,0,0.999925434589386,7.456541061401367e-05,0.05,1,BERT:bert_class_weighted,Class weight
718,emscad_04982,"Proficio Mortgage is a rapidly growing mortgage lender that cares about both our clients, and our team members. Proficio",Entry Level Loan Officer,0,0,0.9999054074287415,9.459257125854492e-05,0.05,1,BERT:bert_class_weighted,Class weight
719,emscad_04994,Want to build a 21st century financial service?,In-house Recruiter,0,0,0.9999197125434875,8.028745651245117e-05,0.05,1,BERT:bert_class_weighted,Class weight
720,emscad_05003,We help teachers get safe & secure jobs abroad :),English Teacher Overseas,0,0,0.9998940229415894,0.00010597705841064453,0.05,1,BERT:bert_class_weighted,Class weight
721,emscad_05005,We are seeking a seasoned Temporary Accounts Receivable professional with 3-5 years of experience working with high end ,Accounts Receivable Analyst,0,0,0.99990314245224,9.685754776000977e-05,0.05,1,BERT:bert_class_weighted,Class weight
722,emscad_05006,"Blloon is an exciting new freemium ebook subscription service. Currently in private beta in the UK, launching soon in th","UX Designer (iOS, web)",0,0,0.9999068379402161,9.316205978393555e-05,0.05,1,BERT:bert_class_weighted,Class weight
723,emscad_05028,If working in a cubical seems like your idea of hell then joining our awesome startup team might be the opportunity you’,VP of Customer Success,0,0,0.9999114871025085,8.851289749145508e-05,0.05,1,BERT:bert_class_weighted,Class weight
724,emscad_05029,Young & Shand is a full service digital agency that loves a challenge.,Entry Level Web Developer - Back End,0,0,0.9999237060546875,7.62939453125e-05,0.05,1,BERT:bert_class_weighted,Class weight
725,emscad_05036,AtDrive is a prominent IT product development and software service firm that provides high end technology solutions to i,Software Development Engineer,0,0,0.9998494386672974,0.00015056133270263672,0.05,1,BERT:bert_class_weighted,Class weight
726,emscad_05057,"The success story continues... Join the #1 casino team on the east coast! Parx Casino, located in Bensalem, PA., is seek",Web Developer,0,0,0.9999012351036072,9.876489639282227e-05,0.05,1,BERT:bert_class_weighted,Class weight
727,emscad_05058,Massive Media is the social media company behind the successful digital brands #URL_18234f381f5e7b9a9ffdc727cd05c9046edf,Polyvalente medewerkster interne ondersteuning,0,0,0.9999068379402161,9.316205978393555e-05,0.05,1,BERT:bert_class_weighted,Class weight
728,emscad_05060,"THE COMPANY: SCOREBIG, INC.",CRM Manager,0,0,0.9998923540115356,0.00010764598846435547,0.05,1,BERT:bert_class_weighted,Class weight
729,emscad_05065,SportPointMe is a new start up that was born during the StartUpWeekend in Athens in 2013. We got positive comments and f,Mobile CTO/Co-founder (iOs),0,0,0.9999020099639893,9.799003601074219e-05,0.05,1,BERT:bert_class_weighted,Class weight
730,emscad_05066,"Novitex Enterprise Solutions, formerly Pitney Bowes Management Services, delivers innovative document and communications",Customer Service Associate,0,0,0.9999209642410278,7.903575897216797e-05,0.05,1,BERT:bert_class_weighted,Class weight
731,emscad_05067,"Bandsintown is a digital media company powered by music. With over 14 million registered concert-goers, a global audienc",Linux Sysadmin (intermediate),0,0,0.999879002571106,0.00012099742889404297,0.05,1,BERT:bert_class_weighted,Class weight
732,emscad_05070,"One Design Company is a digital design, strategy and development agency. We’ve called Chicago our home for nearly a deca",Mid-Senior Strategist/Copywriter,0,0,0.9999200105667114,7.998943328857422e-05,0.05,1,BERT:bert_class_weighted,Class weight
733,emscad_05092,"Intercom ( #URL_cb674f93cbcd215a3a0a57a8615a565545949eead8adbbc73307c26d6a6af81b# ) is a simple, personal messaging serv",Success Engineer,0,0,0.9999121427536011,8.785724639892578e-05,0.05,1,BERT:bert_class_weighted,Class weight
734,emscad_05106,"We're Food52, and we've created a groundbreaking and award-winning cooking site. We support, connect, and celebrate home",Senior Rails & Web App Engineer,0,0,0.9999271631240845,7.283687591552734e-05,0.05,1,BERT:bert_class_weighted,Class weight
735,emscad_05117,Job Title :- Business Analyst (Application Development Processes),Business Analyst (Application Development Processes),0,0,0.9997332096099854,0.00026679039001464844,0.05,1,BERT:bert_class_weighted,Class weight
736,emscad_05122,Volunteers of America is a faith-based human services organization. We are dedicated to helping individuals and families,Psychiatrist,0,0,0.9998629093170166,0.00013709068298339844,0.05,1,BERT:bert_class_weighted,Class weight
737,emscad_05126,Our company is a young and highly dynamic b2b & online multi-channel and multi-national retailer working very closely wi,Business Development & Sales Consultant,0,0,0.999920666217804,7.933378219604492e-05,0.05,1,BERT:bert_class_weighted,Class weight
738,emscad_05128,"Novitex Enterprise Solutions, formerly Pitney Bowes Management Services, delivers innovative document and communications",Customer Service Associate,0,0,0.9999194145202637,8.058547973632812e-05,0.05,1,BERT:bert_class_weighted,Class weight
739,emscad_05138,"SAS DATA MINING ANALYST - 6 MONTH PRO RATA CONTRACT - $110,000 - HOUSTON",SAS Data Mining Analyst,0,0,0.9996094703674316,0.0003905296325683594,0.05,1,BERT:bert_class_weighted,Class weight
740,emscad_05146,"For over 20 years NAC Marketing Company, LLC d/b/a New Vitality has helped people be healthy and live better by marketin",Staff Accountant,0,0,0.9998944401741028,0.0001055598258972168,0.05,1,BERT:bert_class_weighted,Class weight
741,emscad_05147,Q2Hire has been delivering concrete results for more than 10 years. And this successful history has a formula: Your goal,Java / J2ee Developers,0,0,0.9995253086090088,0.00047469139099121094,0.05,1,BERT:bert_class_weighted,Class weight
742,emscad_05155,SettlementOne Valuation is currently seeking experienced mid to high-level Sales Professionals with strong B2B and insid,Account Executive,0,0,0.9999064803123474,9.351968765258789e-05,0.05,1,BERT:bert_class_weighted,Class weight
743,emscad_05156,"For more than two decades, the TRAK Companies have been providing temporary and direct-hire professional support staff t",HR Assistant,0,0,0.9999015927314758,9.840726852416992e-05,0.05,1,BERT:bert_class_weighted,Class weight
744,emscad_05159,"Novitex Enterprise Solutions, formerly Pitney Bowes Management Services, delivers innovative document and communications",Customer Service Associate,0,0,0.9999200105667114,7.998943328857422e-05,0.05,1,BERT:bert_class_weighted,Class weight
745,emscad_05175,We Provide Full Time Permanent Positions for many medium to large US companies. We are interested in finding/recruiting ,".Net Developer - C# SQL SOA SSIS - Albany, NY",0,0,0.9999171495437622,8.285045623779297e-05,0.05,1,BERT:bert_class_weighted,Class weight
746,emscad_05188,"Campus Concepts we are a National Sports Marketing Firm with National Headquarters located in Los Angeles, CA. Campuses ",Sales - Sports Advertising Sales,0,0,0.9997532367706299,0.0002467632293701172,0.05,1,BERT:bert_class_weighted,Class weight
747,emscad_05195,"Novitex Enterprise Solutions, formerly Pitney Bowes Management Services, delivers innovative document and communications",Service Delivery Manager 1,0,0,0.9999187588691711,8.124113082885742e-05,0.05,1,BERT:bert_class_weighted,Class weight
748,emscad_05198,"SummaView is een jong bedrijf uit Amersfoort die mensen, kennis en software levert ophet snijvlak van controlling en Bus",OUD: SummaView zoekt een Senior Developer 2,0,0,0.9999107718467712,8.922815322875977e-05,0.05,1,BERT:bert_class_weighted,Class weight
749,emscad_05202,InVision is a venture-backed startup working to create the world's best design communication and collaboration platform.,Director of Customer Success (remote/telecommute),0,0,0.9999237060546875,7.62939453125e-05,0.05,1,BERT:bert_class_weighted,Class weight
750,emscad_05211,BuzzDial lets you instantly share reactions to live events and shows as they happen using our web platform or suite of m,Office Manager,0,0,0.9999131560325623,8.684396743774414e-05,0.05,1,BERT:bert_class_weighted,Class weight
751,emscad_05217,"Novitex Enterprise Solutions, formerly Pitney Bowes Management Services, delivers innovative document and communications",Customer Service Driver I,0,0,0.9999221563339233,7.784366607666016e-05,0.05,1,BERT:bert_class_weighted,Class weight
752,emscad_05221,"Dice is a highly specialized online marketing and software development firm headquartered in Portland, Oregon—the heart ",Sales Executive,0,0,0.9999141693115234,8.58306884765625e-05,0.05,1,BERT:bert_class_weighted,Class weight
753,emscad_05225,If working in a cubical seems like your idea of hell then joining our awesome startup team might be the opportunity you’,Graduate Program,0,0,0.9999107718467712,8.922815322875977e-05,0.05,1,BERT:bert_class_weighted,Class weight
754,emscad_05226,Established on the principles that full time education is not for everyone Spectrum Learning is made up of a team of pas,Beauty & Fragrance consultants needed,0,0,0.9999227523803711,7.724761962890625e-05,0.05,1,BERT:bert_class_weighted,Class weight
755,emscad_05231,#URL_c379aa631173ed5b7c345ab3f500a9a053e509138ca70e52c1088e5a784dc8d7# is a modern online travel agency that was founded,SEM Coordinator,0,0,0.9999114871025085,8.851289749145508e-05,0.05,1,BERT:bert_class_weighted,Class weight
756,emscad_05240,"ValleySoft is a fast growing global IT Services & Solutions company based in Silicon Valley, USA . At ValleySoft, we str",Oracle Techno-Functional Consultant,0,0,0.9999131560325623,8.684396743774414e-05,0.05,1,BERT:bert_class_weighted,Class weight
757,emscad_05241,Mission Statement:,Real Estate Agents,0,0,0.9998893737792969,0.000110626220703125,0.05,1,BERT:bert_class_weighted,Class weight
758,emscad_05251,"Round Rock is a creative production agency specializing in live event, marketing and entertainment productions on behalf",Cotillion Ballroom Dance Instructor,0,0,0.9998612403869629,0.00013875961303710938,0.05,1,BERT:bert_class_weighted,Class weight
759,emscad_05256,"Founded in 2003, #URL_a9d2ee3223d59d0433b0663495314024d1221333ce0328c59175167836d3534c# launched with a mission to make ",Front-end Developer,0,0,0.9999237060546875,7.62939453125e-05,0.05,1,BERT:bert_class_weighted,Class weight
760,emscad_05261,We are looking to hire a C++ Graphics Programmer,C++ GRAPHICS PROGRAMMER,0,0,0.9994869232177734,0.0005130767822265625,0.05,1,BERT:bert_class_weighted,Class weight
761,emscad_05276,"Babbel enables anyone to learn languages in an easy and interactive way. The learning system offers 13 languages, from E",Junior App Store Manager,0,0,0.9999039173126221,9.608268737792969e-05,0.05,1,BERT:bert_class_weighted,Class weight
762,emscad_05277,We are looking for a passionate Sales Director to join our team in San Francisco area. This position should manage retai,Sales Director,0,0,0.9999093413352966,9.065866470336914e-05,0.05,1,BERT:bert_class_weighted,Class weight
763,emscad_05281,We deliver premium value at competitive prices. Our services are matchless and provide long term benefits to our clients,"Mixers/Batch Makers (Commercial Bakery) | North York, ON",0,0,0.9998799562454224,0.00012004375457763672,0.05,1,BERT:bert_class_weighted,Class weight
764,emscad_05282,"Taxibeat is changing the global taxi industry. It's an easy to use, convenient and contemporary way to hail and book a t",Marketing Manager,0,0,0.9999125003814697,8.749961853027344e-05,0.05,1,BERT:bert_class_weighted,Class weight
765,emscad_05284,Jiffy Worldwide is the parent company of the Jiffy Group of Companies. Jiffy operates a mobile application development c,Chief Operating Officer,0,0,0.9998803734779358,0.00011962652206420898,0.05,1,BERT:bert_class_weighted,Class weight
766,emscad_05291,"Since Pilot is dynamically developing, we are constantly looking for new people to join our team. If you want to be a pa",Senior Ruby on Rails Developer,0,0,0.9997351169586182,0.00026488304138183594,0.05,1,BERT:bert_class_weighted,Class weight
767,emscad_05293,"We provide a fresh perspective to HR and career solutions. Building on solid expertise, international experience, and a ",Key Account Manager,0,0,0.9999135136604309,8.64863395690918e-05,0.05,1,BERT:bert_class_weighted,Class weight
768,emscad_05298,"Taxibeat is changing the global taxi industry. It's an easy to use, convenient and contemporary way to hail and book a t",PHP developer,0,0,0.9999171495437622,8.285045623779297e-05,0.05,1,BERT:bert_class_weighted,Class weight
769,emscad_05305,We are looking for a passionate Sales Director to join our team in San Francisco area. This position should manage retai,Sales Director,0,0,0.999908983707428,9.101629257202148e-05,0.05,1,BERT:bert_class_weighted,Class weight
770,emscad_05309,"Depop is an exciting new mobile marketplace where you can sell things by simply taking a picture, as well as follow your","VP/General Manager, US",0,0,0.9999184608459473,8.153915405273438e-05,0.05,1,BERT:bert_class_weighted,Class weight
771,emscad_05313,"With our head office in Radstock the Unique Group cover Recruitment, Security, Training, Facilities Management & Franchi",Senior Consultant / Manager,0,0,0.9998992681503296,0.00010073184967041016,0.05,1,BERT:bert_class_weighted,Class weight
772,emscad_05321,Evergive,Engagement Marketing Manager,0,0,0.9998931884765625,0.0001068115234375,0.05,1,BERT:bert_class_weighted,Class weight
773,emscad_05327,"Everything you need to track vehicles, assets & equipment",JavaScript Web Developer,0,0,0.9998751878738403,0.00012481212615966797,0.05,1,BERT:bert_class_weighted,Class weight
774,emscad_05330,"EVH is a fashion, lifestyle, design and luxury communications, digital, events and sales agency. With integrity and inte",Digital Internship,0,0,0.9999203085899353,7.969141006469727e-05,0.05,1,BERT:bert_class_weighted,Class weight
775,emscad_05332,Welcome guests into the office,Office Manager,0,0,0.9998629093170166,0.00013709068298339844,0.05,1,BERT:bert_class_weighted,Class weight
776,emscad_05340,Responsibilities:,FX Institutional Sales / Business Development (Global),0,0,0.9996645450592041,0.00033545494079589844,0.05,1,BERT:bert_class_weighted,Class weight
777,emscad_05343,Job tasks:,Structural Engineer,0,1,0.06787109375,0.93212890625,0.05,0,BERT:bert_class_weighted,Class weight
778,emscad_05351,KEY RESPONSIBILITIES/DUTIES:-,Geospatial Surveyor,0,0,0.9997332096099854,0.00026679039001464844,0.05,1,BERT:bert_class_weighted,Class weight
779,emscad_05352,"Novitex Enterprise Solutions, formerly Pitney Bowes Management Services, delivers innovative document and communications",Customer Service Print Team Lead,0,0,0.9999215602874756,7.843971252441406e-05,0.05,1,BERT:bert_class_weighted,Class weight
780,emscad_05359,"DOTSOFT SA is an SME, specializing in Software Development and Integrated ICT Solutions for the public and private secto",R&D Proposal Consultant,0,0,0.9997833967208862,0.00021660327911376953,0.05,1,BERT:bert_class_weighted,Class weight
781,emscad_05366,Wedo is a collection of niched e-commerce stores which aim to be the first destination for online shoppers buying in the,Customer Service Representative,0,0,0.9999200105667114,7.998943328857422e-05,0.05,1,BERT:bert_class_weighted,Class weight
782,emscad_05376,"Collabera is a fast growing, end-to-end information technology services and solutions provider working with leading Glob",Application Developer Java,0,0,0.9998670816421509,0.0001329183578491211,0.05,1,BERT:bert_class_weighted,Class weight
783,emscad_05382,"Inspired by a commitment to excellence, Shipmates at Entertainment Cruises",Ticket Booth Agent,0,0,0.9999027848243713,9.721517562866211e-05,0.05,1,BERT:bert_class_weighted,Class weight
784,emscad_05393,American Kidz Academy ® is the expert in elite urban education and child care . We offer the best solution for families ,Assistant Teacher,0,0,0.9999158382415771,8.416175842285156e-05,0.05,1,BERT:bert_class_weighted,Class weight
785,emscad_05395,"Babbel enables anyone to learn languages in an easy and interactive way. The learning system offers 13 languages, from E",Freelance Customer Service Agent English,0,0,0.9999121427536011,8.785724639892578e-05,0.05,1,BERT:bert_class_weighted,Class weight
786,emscad_05410,Premise is building a novel information-gathering network on a global scale. The network harnesses the explosion in mobi,Data Scientist,0,0,0.9999131560325623,8.684396743774414e-05,0.05,1,BERT:bert_class_weighted,Class weight
787,emscad_05419,SALES ASSOCIATES - CHANGE YOUR LIFE,sales Associate,1,0,0.9998893737792969,0.000110626220703125,0.05,0,BERT:bert_class_weighted,Class weight
788,emscad_05422,"Information Integration, Inc. (i3) is a leading provider of integrated documentation and training solutions to the finan",Policy/Procedures writer,0,0,0.9997885227203369,0.00021147727966308594,0.05,1,BERT:bert_class_weighted,Class weight
789,emscad_05423,"Optimy is a fast-growing company that develops and sells a unique solution (as a SaaS web- application) for sponsorship,",Sales & Marketing Trainee,0,0,0.9999131560325623,8.684396743774414e-05,0.05,1,BERT:bert_class_weighted,Class weight
790,emscad_05427,A prominent law firm has a job opportunity in their Orange County office for a Transactional Secretary with 5+ years of ,Transactional Secretary Job in Orange County,0,0,0.9998889565467834,0.00011104345321655273,0.05,1,BERT:bert_class_weighted,Class weight
791,emscad_05428,A well-known law firm has a job opportunity in their Orange County office for a Records Clerk. The ideal candidate will ,Records Clerk Job in Orange County,0,0,0.9997717142105103,0.0002282857894897461,0.05,1,BERT:bert_class_weighted,Class weight
792,emscad_05430,Established on the principles that full time education is not for everyone Spectrum Learning is made up of a team of pas,Sheffield Estate Agents Office Assistant Apprenticeship Under NAS 16-18 Year Olds Only,0,0,0.9999200105667114,7.998943328857422e-05,0.05,1,BERT:bert_class_weighted,Class weight
793,emscad_05433,"Customer Service Reps. needed to take inbound and make outbound calls. You will also answer online applications, post ad",Customer Service Rep.,1,1,0.00048828125,0.99951171875,0.05,1,BERT:bert_class_weighted,Class weight
794,emscad_05434,Established on the principles that full time education is not for everyone Spectrum Learning is made up of a team of pas,TELESALES AGENTS,0,0,0.9999224543571472,7.75456428527832e-05,0.05,1,BERT:bert_class_weighted,Class weight
795,emscad_05436,Corporate overview,Mechanical Assembly & Test Technician,1,1,0.0,1.0,0.05,1,BERT:bert_class_weighted,Class weight
796,emscad_05444,"Systems Technology International, Inc. (STI), a full service innovative professional services corporation serving in vir","Controls Engineer - St Louis, MO",1,1,0.0927734375,0.9072265625,0.05,1,BERT:bert_class_weighted,Class weight
797,emscad_05445,Le Meridien is situated in the heart of kuala lumpur's tourist centre. We provide and exciting and entertaining experien,Executive Chef,1,1,0.00048828125,0.99951171875,0.05,1,BERT:bert_class_weighted,Class weight
798,emscad_05446,"Founded in 2010 by a team from Google’s London and New York offices, Qubit work with some of the biggest names in Online",Graduate Strategist,0,0,0.9999215602874756,7.843971252441406e-05,0.05,1,BERT:bert_class_weighted,Class weight
799,emscad_05452,"Arise Virtual Solutions is a business process outsourcing company that uniquely blends crowdsourcing innovation, virtual",Adminstrative/Data Entry,1,0,0.9995486736297607,0.0004513263702392578,0.05,0,BERT:bert_class_weighted,Class weight
800,emscad_05455,Job Overview,Field Technician,0,0,0.9998701810836792,0.00012981891632080078,0.05,1,BERT:bert_class_weighted,Class weight
801,emscad_05466,Upstream’s mission is to revolutionise the way companies market to consumers through cutting edge technology. This is an,Engagement Director,0,0,0.9999212622642517,7.873773574829102e-05,0.05,1,BERT:bert_class_weighted,Class weight
802,emscad_05468,"Populist Cleaning Co. is an independently owned, full-service commercial cleaning company. Populist has been providing j",Part Time Cleaner- Brighton,0,0,0.999904990196228,9.500980377197266e-05,0.05,1,BERT:bert_class_weighted,Class weight
803,emscad_05471,Q2Hire has been delivering concrete results for more than 10 years. And this successful history has a formula: Your goal,PHP Developer,0,0,0.9997690916061401,0.00023090839385986328,0.05,1,BERT:bert_class_weighted,Class weight
804,emscad_05472,Essence London is a members lifestyle club – offering bespoke concierge service and proactive assistance to a select few,Client Services Assistant,0,0,0.9999000430107117,9.995698928833008e-05,0.05,1,BERT:bert_class_weighted,Class weight
805,emscad_05493,"For more than two decades, the TRAK Companies have been providing temporary and direct-hire professional support staff t",Accounting Assistant,0,0,0.9999000430107117,9.995698928833008e-05,0.05,1,BERT:bert_class_weighted,Class weight
806,emscad_05526,Tel Tech Networks is a Voice/Data/Video/Security systems contractor operating primarily in the Southwestern United State,Cable Tech,0,0,0.999748706817627,0.0002512931823730469,0.05,1,BERT:bert_class_weighted,Class weight
807,emscad_05530,"We are looking for a full-time self-sufficient, multi-tasker with a can-do attitude. The position requires a knowledge o",Data Entry/ Administrative Position,1,1,0.00048828125,0.99951171875,0.05,1,BERT:bert_class_weighted,Class weight
808,emscad_05540,StayClassy is a fast-growing San Diego-based startup that develops an online fundraising product used by thousands of No,Business Development Specialist,0,0,0.9999111294746399,8.887052536010742e-05,0.05,1,BERT:bert_class_weighted,Class weight
809,emscad_05545,Gust is a global platform for the sourcing and management of early-stage investments. Gust enables skilled entrepreneurs,Senior UX Designer,0,0,0.999925434589386,7.456541061401367e-05,0.05,1,BERT:bert_class_weighted,Class weight
810,emscad_05546,About The Symicor Group:,Commercial Banking Officer C&I -SW Chicago Suburbs,0,0,0.9998906850814819,0.0001093149185180664,0.05,1,BERT:bert_class_weighted,Class weight
811,emscad_05547,"The RealReal is changing the way people buy and sell luxury items. The leader in luxury resale, the company is a full se",Luxury Manager,0,0,0.9999114871025085,8.851289749145508e-05,0.05,1,BERT:bert_class_weighted,Class weight
812,emscad_05549,"As augmented reality jobs go, one at Blippar is hard to beat. We are a rapidly expanding creative startup at the forefro",Publisher Partnerships Manager,0,0,0.9999215602874756,7.843971252441406e-05,0.05,1,BERT:bert_class_weighted,Class weight
813,emscad_05562,"Founded in 2010 by a team from Google’s London and New York offices, Qubit work with some of the biggest names in Online",Accounting Administrator (Part time),0,0,0.9999266266822815,7.337331771850586e-05,0.05,1,BERT:bert_class_weighted,Class weight
814,emscad_05568,Process Unlimited and Refined Resources have partnered up in an effort to streamline the hiring process and provide a mo,Process Safety Engineer,1,1,0.0,1.0,0.05,1,BERT:bert_class_weighted,Class weight
815,emscad_05569,"Novitex Enterprise Solutions, formerly Pitney Bowes Management Services, delivers innovative document and communications",Customer Service Associate,0,0,0.9999242424964905,7.575750350952148e-05,0.05,1,BERT:bert_class_weighted,Class weight
816,emscad_05575,We Provide Full Time Permanent Positions for many medium to large US companies. We are interested in finding/recruiting ,Account Director -- Business Development,0,0,0.9999158382415771,8.416175842285156e-05,0.05,1,BERT:bert_class_weighted,Class weight
817,emscad_05594,This position will be responsible for gathering information/details/questions from stakeholders and creating queries to ,SQL DBA,0,0,0.9998390674591064,0.0001609325408935547,0.05,1,BERT:bert_class_weighted,Class weight
818,emscad_05597,We're on a hunt for a e-mail marketing specialist to join our fast-growing marketing team. This role is about improving ,E-mail marketing specialist,0,0,0.9998919367790222,0.0001080632209777832,0.05,1,BERT:bert_class_weighted,Class weight
819,emscad_05598,"The Central California SPCA (CCSPCA), established in 1946 and located in Fresno County, California, is a 501(c)(3) non-p",Veterinary Assistant/RVT,0,0,0.99983811378479,0.00016188621520996094,0.05,1,BERT:bert_class_weighted,Class weight
820,emscad_05601,General Purpose,Office Assistant,1,0,0.9997262954711914,0.00027370452880859375,0.05,0,BERT:bert_class_weighted,Class weight
821,emscad_05602,"Located in the heart of downtown Kansas City, we’re redefining the future of fan engagement and innovative business solu",Client Services Manager,0,0,0.9999138712882996,8.612871170043945e-05,0.05,1,BERT:bert_class_weighted,Class weight
822,emscad_05603,"With offices across UK, mainland Europe, Australia, New Zealand, and the United States, Squiz helps clients across the g",People and Culture Manager,0,0,0.9999161958694458,8.380413055419922e-05,0.05,1,BERT:bert_class_weighted,Class weight
823,emscad_05605,"We're an emerging technology agency, and we build breakthrough products through user-centered design. We're building a t",Senior Project Manager,0,0,0.9999145269393921,8.547306060791016e-05,0.05,1,BERT:bert_class_weighted,Class weight
824,emscad_05610,Medopad is the leading enterprise mobile health solution that delivers patient information and clinical applications str,Software & System Test Engineer,0,0,0.9998717308044434,0.00012826919555664062,0.05,1,BERT:bert_class_weighted,Class weight
825,emscad_05615,About ECHOING GREEN :,"Coordinator, Work on Purpose",0,0,0.999908983707428,9.101629257202148e-05,0.05,1,BERT:bert_class_weighted,Class weight
826,emscad_05617,Fueled is a NY-based design and development agency that specializes in mobile application development.,Sr. Android Developer,0,0,0.9999057650566101,9.423494338989258e-05,0.05,1,BERT:bert_class_weighted,Class weight
827,emscad_05630,"At iMATCHATIVE, we believe in the power of science and technology to inspire creative solutions and to transform busines",DevOps / CI Engineer,0,0,0.9999164938926697,8.350610733032227e-05,0.05,1,BERT:bert_class_weighted,Class weight
828,emscad_05632,"Linkwise is the leading affiliate network in S.E. Europe. Launched in 2008, it has since been at the forefront of the Af",Account Manager,0,0,0.9999100565910339,8.994340896606445e-05,0.05,1,BERT:bert_class_weighted,Class weight
829,emscad_05641,SupersonicAds is looking for an experienced and accomplished sale professional to drive new revenue in the US mobile adv,Advertising Sales Manager,0,0,0.999897301197052,0.00010269880294799805,0.05,1,BERT:bert_class_weighted,Class weight
830,emscad_05644,"Itsa Southern Thing Apparel owns several clothing brands: Eat More Tees, Itsa Girl Thing, and Fripp & Folly. We strive t",Customer Service Representatives,0,0,0.9998534917831421,0.00014650821685791016,0.05,1,BERT:bert_class_weighted,Class weight
831,emscad_05657,Positionly Inc. provides high quality software for hundreds of companies in the SEO industry. The development of the com,Ruby Engineer,0,0,0.9996697902679443,0.00033020973205566406,0.05,1,BERT:bert_class_weighted,Class weight
832,emscad_05687,We are one of the UK's leading retailers with around 21 million customers visiting our stores each week. We sell high qu,Store Manager,0,0,0.9999161958694458,8.380413055419922e-05,0.05,1,BERT:bert_class_weighted,Class weight
833,emscad_05694,In Discoveroom we have a grand vision: to change the hospitality industry by,Mobile Developer,0,0,0.9999158382415771,8.416175842285156e-05,0.05,1,BERT:bert_class_weighted,Class weight
834,emscad_05697,Hodges-Mace Benefits Group is dedicated to delivering the best benefits experience to our clients. The Benefit Counselor,Benefit Counselor,0,0,0.9998246431350708,0.00017535686492919922,0.05,1,BERT:bert_class_weighted,Class weight
835,emscad_05698,"Why Choose AECOM? Imagine working for a truly global company whose 45,000 employees share a singular passion: to make th",Construction Engineer,1,1,0.00048828125,0.99951171875,0.05,1,BERT:bert_class_weighted,Class weight
836,emscad_05701,"""Our mission to our clients is to preserve their independence, enhance their quality of life, promote health & wellbeing",Caregiver-Cass/Berrien/Van Buren Counties,0,0,0.9998980760574341,0.00010192394256591797,0.05,1,BERT:bert_class_weighted,Class weight
837,emscad_05715,"Production Trading Floor Support Major Responsibilities: Responsible for supporting the Equities Trading, Option Trading",Production Trading Floor Support,0,0,0.9998528957366943,0.00014710426330566406,0.05,1,BERT:bert_class_weighted,Class weight
838,emscad_05719,Datasource Consulting is a premier leader in the enterprise information management and business intelligence space. We s,Senior Informatica Developer/Consultant,0,0,0.9996559619903564,0.0003440380096435547,0.05,1,BERT:bert_class_weighted,Class weight
839,emscad_05736,"We started making apps the day App Store opened. Initially, we developed iOS apps for other companies, but in 2011 we st",Ad Monetisation Expert,0,0,0.9999054074287415,9.459257125854492e-05,0.05,1,BERT:bert_class_weighted,Class weight
840,emscad_05737,"Duration: Full time / W2 Location: Piscataway,NJ Job description: BA/QA We are looking to hire resources for our Financi",Jr. Business Analyst & Quality Analyst (entry level),0,0,0.9998111724853516,0.0001888275146484375,0.05,1,BERT:bert_class_weighted,Class weight
841,emscad_05746,NOW: Pensions is a UK based multi-employer trust serving thousands of employers and hundreds of thousands of employees f,IT Infrastructure and Control Manager,0,0,0.9999181032180786,8.189678192138672e-05,0.05,1,BERT:bert_class_weighted,Class weight
842,emscad_05754,"AGOGO creates a personalized audio channel by bringing together your favorite programming -- news, entertainment, sports",UI/UX Designer,0,0,0.9999155402183533,8.445978164672852e-05,0.05,1,BERT:bert_class_weighted,Class weight
843,emscad_05768,Ameritech Media wants to give industry thought-leaders the marketing communications they need to stay out in front. We’r,Administrative Assistant,0,0,0.9999164938926697,8.350610733032227e-05,0.05,1,BERT:bert_class_weighted,Class weight
844,emscad_05781,"""Our mission to our clients is to preserve their independence, enhance their quality of life, promote health & wellbeing",Caregiver- Marcellus/Lawton,0,0,0.9999086260795593,9.137392044067383e-05,0.05,1,BERT:bert_class_weighted,Class weight
845,emscad_05785,"SampraSoft is a fast growing IT solutions company headquartered in Atlanta, GA, USA, specialized in IT consulting, Staff","iLog Developer - Contract in Mclean, VA",0,0,0.999539852142334,0.0004601478576660156,0.05,1,BERT:bert_class_weighted,Class weight
846,emscad_05792,"HireHopes is the premier professional services consulting firm that specializes in strategic job search, career adviseme",Headhunter / Recruiter - Looking for Partner,0,0,0.9998681545257568,0.00013184547424316406,0.05,1,BERT:bert_class_weighted,Class weight
847,emscad_05801,What is ColorElephant?,Sales Intern [Part-Time],0,0,0.9999107718467712,8.922815322875977e-05,0.05,1,BERT:bert_class_weighted,Class weight
848,emscad_05808,CallCentre People Recruitment is recognised as being specialists within the CallCentre industry.,Sales Representative Electrical/Data,0,0,0.9999104142189026,8.958578109741211e-05,0.05,1,BERT:bert_class_weighted,Class weight
849,emscad_05821,NOW: Pensions is a UK based multi-employer trust serving thousands of employers and hundreds of thousands of employees f,Other Opportunities,0,0,0.9999114871025085,8.851289749145508e-05,0.05,1,BERT:bert_class_weighted,Class weight
850,emscad_05822,"BIGGER MARKETS is a college marketing agency that combines online and offline resources, including one of the largest on",College Marketing Rep (SEATTLE),0,0,0.9999131560325623,8.684396743774414e-05,0.05,1,BERT:bert_class_weighted,Class weight
851,emscad_05823,hello world,Junior Developer Frontend,0,0,0.9999268651008606,7.31348991394043e-05,0.05,1,BERT:bert_class_weighted,Class weight
852,emscad_05824,"Newmedica is a dynamic, innovative UK healthcare company that works in partnership with the NHS to deliver specialist cl",Clinic Assistant,0,0,0.999923050403595,7.69495964050293e-05,0.05,1,BERT:bert_class_weighted,Class weight
853,emscad_05832,"Softomotive Ltd is a Software Development company located in Athens, Greece. We specialize in Process Automation softwar",Customer Support Representative for Software Development Company,0,0,0.9998612403869629,0.00013875961303710938,0.05,1,BERT:bert_class_weighted,Class weight
854,emscad_05836,Position Overview:,Senior Software Engineer (Php),0,0,0.9971218109130859,0.0028781890869140625,0.05,1,BERT:bert_class_weighted,Class weight
855,emscad_05837,"Founded by top technical experts, Arithmica is a Software Development and Services company focussed on delivering the hi",Java Architect,0,0,0.9987983703613281,0.001201629638671875,0.05,1,BERT:bert_class_weighted,Class weight
856,emscad_05842,The Business Analyst (BA) will be responsible for gathering and understanding the business needs of members within speci,Business Analyst,0,0,0.9998845458030701,0.00011545419692993164,0.05,1,BERT:bert_class_weighted,Class weight
857,emscad_05860,Live It China Limited (#URL_0389a2a7444c0bba5f6d58972ba5ec7c28feca6c25e0ae80063c1298e7f0395e#) is a free and open social,Digital Marketing Manager,0,0,0.9999209642410278,7.903575897216797e-05,0.05,1,BERT:bert_class_weighted,Class weight
858,emscad_05862,"Openfund is a seed investment fund, working with technology companies that deliver innovative software products.",Software Development,0,0,0.9999104142189026,8.958578109741211e-05,0.05,1,BERT:bert_class_weighted,Class weight
859,emscad_05867,"LumaCorp Inc., founded in 1984, is an Accredited Management Organization as designated by the Institute of Real Estate M",Apartment Community Service Manager,0,0,0.9998867511749268,0.00011324882507324219,0.05,1,BERT:bert_class_weighted,Class weight
860,emscad_05870,2132,Project Manager New Product Introduction Aerospace,1,1,0.0,1.0,0.05,1,BERT:bert_class_weighted,Class weight
861,emscad_05873,The story of the Great Chicago Fire of 1871 isn’t really about the fire. It’s about what happened next: A remarkable mom,Account Manager - AdYapper,0,0,0.9998961091041565,0.00010389089584350586,0.05,1,BERT:bert_class_weighted,Class weight
862,emscad_05880,Cashie Commerce is the fastest way to create and run a successful online store. Our goal is to help small businesses lau,Community Manager,0,0,0.9999138712882996,8.612871170043945e-05,0.05,1,BERT:bert_class_weighted,Class weight
863,emscad_05883,"We started making apps the day App Store opened. Initially, we developed iOS apps for other companies, but in 2011 we st",Project manager,0,0,0.9999187588691711,8.124113082885742e-05,0.05,1,BERT:bert_class_weighted,Class weight
864,emscad_05885,"Saberlight Digital is a strategic web design agency based in the Northern Design Centre, Gateshead and we are looking fo",Web Developer,0,0,0.9999057650566101,9.423494338989258e-05,0.05,1,BERT:bert_class_weighted,Class weight
865,emscad_05892,"Novitex Enterprise Solutions, formerly Pitney Bowes Management Services, delivers innovative document and communications",Customer Service Associate,0,0,0.9999209642410278,7.903575897216797e-05,0.05,1,BERT:bert_class_weighted,Class weight
866,emscad_05894,Paymentwall Inc is the leading digital payments platform helping sites sell digital content in any country.,"BUSINESS DEVELOPMENT ASSOCIATE - AMSTERDAM, NL",0,0,0.9999015927314758,9.840726852416992e-05,0.05,1,BERT:bert_class_weighted,Class weight
867,emscad_05895,1970,Field Service Tech Capital Equipment 1970,1,1,0.0,1.0,0.05,1,BERT:bert_class_weighted,Class weight
868,emscad_05907,You will be joining a small (6) but highly productive development team. This will be a high impact role building out new,Back-End Developer,0,0,0.9996862411499023,0.00031375885009765625,0.05,1,BERT:bert_class_weighted,Class weight
869,emscad_05911,"import•io was founded in 2012 by David White (CEO), Andrew Fogg (CDO) and Matt Painter (CTO) with a unique vision: to ma",SEO Analyst,0,0,0.9999245405197144,7.545948028564453e-05,0.05,1,BERT:bert_class_weighted,Class weight
870,emscad_05914,"Job Description We are seeking a self-motivated Field Technician to join our team in Westminster, Colorado and become an",Field Technician,0,0,0.9997131824493408,0.0002868175506591797,0.05,1,BERT:bert_class_weighted,Class weight
871,emscad_05916,"PINT is a leader in the web industry with 20 years of web design, software development and consulting experience. PINT's",Administrative Assistant,0,0,0.9998266696929932,0.00017333030700683594,0.05,1,BERT:bert_class_weighted,Class weight
872,emscad_05917,"Local remodeler and custom home builder with more than 40 years in the industry is seeking a dynamic, experienced full-t",Accounting Professional,0,0,0.9998294115066528,0.00017058849334716797,0.05,1,BERT:bert_class_weighted,Class weight
873,emscad_05921,"import•io was founded in 2012 by David White (CEO), Andrew Fogg (CDO) and Matt Painter (CTO) with a unique vision: to ma",User Support Analyst,0,0,0.9999240040779114,7.599592208862305e-05,0.05,1,BERT:bert_class_weighted,Class weight
874,emscad_05923,"NoteVault, Inc. provides innovative mobile reporting solutions for the engineering and construction industry. NoteVault ",Account Manager - Atlanta,0,0,0.999899685382843,0.00010031461715698242,0.05,1,BERT:bert_class_weighted,Class weight
875,emscad_05924,#URL_0af22b40b7a4daec383e1c28b7082f4990b2648631980cfadb17aaa3a4eb0369# is a top online luxury fashion destination with 4,Senior ASP .Net Developer,0,0,0.999923050403595,7.69495964050293e-05,0.05,1,BERT:bert_class_weighted,Class weight
876,emscad_05929,"ValleySoft is a fast growing global IT Services & Solutions company based in Silicon Valley, USA . At ValleySoft, we str",Teradata DBA,0,0,0.9999131560325623,8.684396743774414e-05,0.05,1,BERT:bert_class_weighted,Class weight
877,emscad_05941,"Declara is focused on bringing data to life. Our technology platform uses machine learning, search, algorithms and recom",Full Stack Engineer,0,0,0.9999086260795593,9.137392044067383e-05,0.05,1,BERT:bert_class_weighted,Class weight
878,emscad_05948,Reel Creative Studios is a multi purpose production studio located in Chelsea NYC. Our goal is to help our clients achie,DP - Director of Photography,0,0,0.9999164938926697,8.350610733032227e-05,0.05,1,BERT:bert_class_weighted,Class weight
879,emscad_05950,"Novitex Enterprise Solutions, formerly Pitney Bowes Management Services, delivers innovative document and communications",Customer Service Associate,0,0,0.9999221563339233,7.784366607666016e-05,0.05,1,BERT:bert_class_weighted,Class weight
880,emscad_05955,"Founded in 2010 by a team from Google’s London and New York offices, Qubit work with some of the biggest names in Online",Graphic Designer (Intern),0,0,0.9999271631240845,7.283687591552734e-05,0.05,1,BERT:bert_class_weighted,Class weight
881,emscad_05970,"Gelato Group is a SaaS company. We've developed a global print engine integrated with the print ecosystem’s key players,",Data and Marketing Analyst,0,0,0.9998948574066162,0.00010514259338378906,0.05,1,BERT:bert_class_weighted,Class weight
882,emscad_05971,We Provide Full Time Permanent Positions for many medium to large US companies. We are interested in finding/recruiting ,Manufacturing Engineer - FDA GMP ISO CAD DVM - CT,0,0,0.9998551607131958,0.00014483928680419922,0.05,1,BERT:bert_class_weighted,Class weight
883,emscad_05973,We are a startup looking for someone who is an expert in developing a mobile app and can do it at a breakneck speed. The,Mobile App Developer,0,0,0.9987955093383789,0.0012044906616210938,0.05,1,BERT:bert_class_weighted,Class weight
884,emscad_05979,"We are Netguru and we love to develop web application based on Ruby On Rails framework. We value quality, transparent co",Office Manager,0,0,0.9999215602874756,7.843971252441406e-05,0.05,1,BERT:bert_class_weighted,Class weight
885,emscad_05989,United Cerebral Palsy of Oregon & SW Washington (UCP) supports adults with all kinds of developmental disabilities (not ,Full-Time Job Coach,0,0,0.9999107718467712,8.922815322875977e-05,0.05,1,BERT:bert_class_weighted,Class weight
886,emscad_05991,"ValleySoft is a fast growing global IT Services & Solutions company based in Silicon Valley, USA . At ValleySoft, we str",PeopleSoft HRMS Consultant,0,0,0.9999117851257324,8.821487426757812e-05,0.05,1,BERT:bert_class_weighted,Class weight
887,emscad_05994,Want to build a 21st century financial service?,Community Coordinator- Ambassador Programme,0,0,0.999920666217804,7.933378219604492e-05,0.05,1,BERT:bert_class_weighted,Class weight
888,emscad_06015,"Intercom ( #URL_cb674f93cbcd215a3a0a57a8615a565545949eead8adbbc73307c26d6a6af81b# ) is a simple, personal messaging serv",Software Engineer (Product),0,0,0.9999004602432251,9.953975677490234e-05,0.05,1,BERT:bert_class_weighted,Class weight
889,emscad_06020,Seeking qualified candidates for a full-time superintendent for building projects in the $1m to $30m range. Position is ,Commercial/Industrial Construction Superintendent,0,1,0.08935546875,0.91064453125,0.05,0,BERT:bert_class_weighted,Class weight
890,emscad_06021,"Liberated Networks - ""The Likeable Software Company""",Developer,0,0,0.9998948574066162,0.00010514259338378906,0.05,1,BERT:bert_class_weighted,Class weight
891,emscad_06028,A web designer/developer should have:,P2P Tech start up requires a lead Web Developer,0,0,0.9998660087585449,0.00013399124145507812,0.05,1,BERT:bert_class_weighted,Class weight
892,emscad_06036,Adthena is the UK’s leading competitive intelligence service for Google search advertisers. Adthena is loved by major br,Account Manager - Sydney,0,0,0.9999237060546875,7.62939453125e-05,0.05,1,BERT:bert_class_weighted,Class weight
893,emscad_06045,"codebender is an online platform for makers, hobbyists and engineers. In other words, an online IDE and community for Ar",C++ Developer for NPAPI Cross-Browser Plugin,0,0,0.999769926071167,0.0002300739288330078,0.05,1,BERT:bert_class_weighted,Class weight
894,emscad_06063,"Netrobe is a leading fashion social network and wardrobe management tool, loved by passionate users worldwide .",Lead iOS developer,0,0,0.9999015927314758,9.840726852416992e-05,0.05,1,BERT:bert_class_weighted,Class weight
895,emscad_06080,"Farmigo, a well funded Startup , develops a platform for consumers to make healthy eating part of their everyday lives b",Test Automation Engineer,0,0,0.9998980760574341,0.00010192394256591797,0.05,1,BERT:bert_class_weighted,Class weight
896,emscad_06083,"HealthLink provides a computer communications system that links the information technology systems of more than 10,000 m",Analyst / Software Engineer,0,0,0.9998741149902344,0.000125885009765625,0.05,1,BERT:bert_class_weighted,Class weight
897,emscad_06088,"Why Choose AECOM? Imagine working for a truly global company whose 45,000 employees share a singular passion: to make th",Environmental Technician I,1,1,0.0029296875,0.9970703125,0.05,1,BERT:bert_class_weighted,Class weight
898,emscad_06091,Studio 18A is looking for an individual interested in working with their clients in a one-to-one setting in a privately ,"Masseuse, Pilates, Qi Gong, Tai Chi and/or Yoga Instructor",0,0,0.9998756647109985,0.00012433528900146484,0.05,1,BERT:bert_class_weighted,Class weight
899,emscad_06104,"""Our mission to our clients is to preserve their independence, enhance their quality of life, promote health & wellbeing",Caregiver- Niles/Buchanan,0,0,0.9999054074287415,9.459257125854492e-05,0.05,1,BERT:bert_class_weighted,Class weight
900,emscad_06107,"HireHopes is the premier professional services consulting firm that specializes in strategic job search, career adviseme",Sales Business Development Executive,0,0,0.9998992681503296,0.00010073184967041016,0.05,1,BERT:bert_class_weighted,Class weight
901,emscad_06108,Transifex is a SaaS continuous localization platform powering the process of launching products into multiple languages ,"Office Manager, Secretary",0,0,0.9999212622642517,7.873773574829102e-05,0.05,1,BERT:bert_class_weighted,Class weight
902,emscad_06119,"Seeking a rewarding career, helping others with room for personal and professinoal growth?",ABA Counselor,0,0,0.9998880624771118,0.0001119375228881836,0.05,1,BERT:bert_class_weighted,Class weight
903,emscad_06126,"POS-X is a rapidly growing point-of-sale hardware manufacturer located in Bellingham, WA. The POS-X environment consists",Director of Operations (SCM & Manufacturing),0,0,0.9998050928115845,0.00019490718841552734,0.05,1,BERT:bert_class_weighted,Class weight
904,emscad_06129,"Hello Applicant, What is your situation? Are you losing sleep at night worrying how to get a legitimate part time Job? (",Accounting/Bookkeeping,1,0,0.9998741149902344,0.000125885009765625,0.05,0,BERT:bert_class_weighted,Class weight
905,emscad_06133,LINK Integrasi a.k.a. PT. Lintas Karya Integrasi,PHP Developer,0,0,0.999854564666748,0.00014543533325195312,0.05,1,BERT:bert_class_weighted,Class weight
906,emscad_06139,Want to build a 21st century financial service?,Affiliates/Partnerships Manager,0,0,0.999923050403595,7.69495964050293e-05,0.05,1,BERT:bert_class_weighted,Class weight
907,emscad_06147,"Red Star Yeast Company LLC (RSYC), a leader in the Yeast Manufacturing Industry, is a joint venture between Lesaffre Yea","Operator, Nutritional Yeast",0,0,0.9998849630355835,0.0001150369644165039,0.05,1,BERT:bert_class_weighted,Class weight
908,emscad_06151,Convalescent Aid Society (CAS) is a non-profit organization dedicated to improving the quality of life for residents of ,Customer Service Personnel,0,0,0.9942359924316406,0.005764007568359375,0.05,1,BERT:bert_class_weighted,Class weight
909,emscad_06155,"Netrobe is a leading fashion social network and wardrobe management tool, loved by passionate users worldwide .",Software engineer (Python),0,0,0.9999008178710938,9.918212890625e-05,0.05,1,BERT:bert_class_weighted,Class weight
910,emscad_06168,Jiffy Worldwide is the parent company of the Jiffy Group of Companies. Jiffy operates a mobile application development c,Chief Operating Officer,0,0,0.9998803734779358,0.00011962652206420898,0.05,1,BERT:bert_class_weighted,Class weight
911,emscad_06172,Dreamers & Creators is a creative agency that begun as a means for its founders to pursue varied creative interests. We ,Customer Experience Superstar,0,0,0.9999234080314636,7.659196853637695e-05,0.05,1,BERT:bert_class_weighted,Class weight
912,emscad_06173,Bradley Contracting Group Corporation offers a wide range of B2B services through a plethora of different small business,Dispatcher,1,1,0.0,1.0,0.05,1,BERT:bert_class_weighted,Class weight
913,emscad_06176,SilverStripe CMS & Framework is an open source platform of web development tools. The platform is curated by SilverStrip,JavaScript Developer,0,0,0.9999020099639893,9.799003601074219e-05,0.05,1,BERT:bert_class_weighted,Class weight
914,emscad_06181,"Since 2001, RL Zapin Associates has been a recognized leader in the placement of mid to senior level Analytics professio","Manager, Customer Analytics",0,0,0.9998403787612915,0.0001596212387084961,0.05,1,BERT:bert_class_weighted,Class weight
915,emscad_06188,At TeeSmile we make it easy to raise money with t-shirts and rally supporters for anything you're passionate about.,Sales Associate,0,0,0.9999178051948547,8.219480514526367e-05,0.05,1,BERT:bert_class_weighted,Class weight
916,emscad_06207,We are a visual technology startup pioneering powerful immersive experiences for next generation wearable displays. Cond,Software Engineer Intern,0,0,0.9999121427536011,8.785724639892578e-05,0.05,1,BERT:bert_class_weighted,Class weight
917,emscad_06216,"Founded by serial entrepreneur Clive Jackson and launched in 2011, Victor is one of the world’s most trusted names in pr",Commerical and Operations Manager,0,0,0.9999164938926697,8.350610733032227e-05,0.05,1,BERT:bert_class_weighted,Class weight
918,emscad_06225,"PINT is a leader in the web industry with 20 years of web design, software development and consulting experience. PINT's",Front-End Programmer - Web Developer,0,0,0.9998840689659119,0.00011593103408813477,0.05,1,BERT:bert_class_weighted,Class weight
919,emscad_06226,We are a property preservation (construction) company that is seeking self-motivated individuals who have excellent lead,Account Manager,0,0,0.9999035000801086,9.649991989135742e-05,0.05,1,BERT:bert_class_weighted,Class weight
920,emscad_06229,Do you like writing mean and clean Ruby code? Come join our team and help us build amazing things.,Ruby On Rails Engineer,0,0,0.9993562698364258,0.0006437301635742188,0.05,1,BERT:bert_class_weighted,Class weight
921,emscad_06232,"Advantage xPO is part of the Advantage Resourcing group, which is among the ten largest global staffing firms. Advantage",Travel Agent,1,1,0.0,1.0,0.05,1,BERT:bert_class_weighted,Class weight
922,emscad_06236,"Novitex Enterprise Solutions, formerly Pitney Bowes Management Services, delivers innovative document and communications",Customer Service Associate,0,0,0.9999224543571472,7.75456428527832e-05,0.05,1,BERT:bert_class_weighted,Class weight
923,emscad_06247,incrediblue is busting the myth that boating is only for the rich and famous by enabling any traveller to book an amazin,Online Marketing Specialist,0,0,0.9999039173126221,9.608268737792969e-05,0.05,1,BERT:bert_class_weighted,Class weight
924,emscad_06265,"At Holiday Inn Express Sping Mills, Falling Waters, WV we believe you are at your best when you can truly be yourself. A",Executive Housekeeper,0,0,0.9998747110366821,0.0001252889633178711,0.05,1,BERT:bert_class_weighted,Class weight
925,emscad_06274,Head of Human Resources Job opportunity in San Francisco - California - USA,Head of Human Resources,0,0,0.9997062683105469,0.000293731689453125,0.05,1,BERT:bert_class_weighted,Class weight
926,emscad_06285,"Novitex Enterprise Solutions, formerly Pitney Bowes Management Services, delivers innovative document and communications",Service Delivery Manager 1,0,0,0.9999181032180786,8.189678192138672e-05,0.05,1,BERT:bert_class_weighted,Class weight
927,emscad_06298,Established on the principles that full time education is not for everyone Spectrum Learning is made up of a team of pas,M14 5NP Admin Assistant Under NAS 16-18 Year Olds Only,0,0,0.9999194145202637,8.058547973632812e-05,0.05,1,BERT:bert_class_weighted,Class weight
928,emscad_06342,RHB Recruitment Ltd is a business process outsourcing company with its state-of-the-art delivery center (existing capaci,Informatica MDM- Business Analyst,0,0,0.9999020099639893,9.799003601074219e-05,0.05,1,BERT:bert_class_weighted,Class weight
929,emscad_06343,RHB Recruitment Ltd is a business process outsourcing company with its state-of-the-art delivery center (existing capaci,Oracle ERP,0,0,0.9998845458030701,0.00011545419692993164,0.05,1,BERT:bert_class_weighted,Class weight
930,emscad_06345,EUROPEAN DYNAMICS (#URL_c66532ffa1ce76ab447da6774719060c42c584edbf44d74cdb94fc4ac219ca45#) is a leading European Softwar,Java Analyst Developer,0,0,0.9998780488967896,0.00012195110321044922,0.05,1,BERT:bert_class_weighted,Class weight
931,emscad_06346,Airenvy’s mission is to provide lucrative yet hassle free full service short term property management all around the wor,Full Stack Rails Engineer,0,0,0.9998911023139954,0.00010889768600463867,0.05,1,BERT:bert_class_weighted,Class weight
932,emscad_06358,schooX is a Social Academy where anyone can teach and learn online. Learners can attend online courses and build a stron,Mobile Developer,0,0,0.9998936057090759,0.00010639429092407227,0.05,1,BERT:bert_class_weighted,Class weight
933,emscad_06395,RHB Recruitment Ltd is a business process outsourcing company with its state-of-the-art delivery center (existing capaci,BUSINESS-ANALYST - DWH-Business Intelligence - (8-10 YEARS),0,0,0.9998977184295654,0.00010228157043457031,0.05,1,BERT:bert_class_weighted,Class weight
934,emscad_06403,We are one of the UK's leading retailers with around 21 million customers visiting our stores each week. We sell high qu,Store Manager,0,0,0.9999111294746399,8.887052536010742e-05,0.05,1,BERT:bert_class_weighted,Class weight
935,emscad_06405,"We are Netguru and we love to develop web application based on Ruby On Rails framework. We value quality, transparent co",Senior Developer Ruby on Rails,0,0,0.9999242424964905,7.575750350952148e-05,0.05,1,BERT:bert_class_weighted,Class weight
936,emscad_06407,"Opened in November 2011, MoonShine Modern Supper Club presents Contemporary American cooking executed with style, finess",Wait Staff Position Available,0,0,0.999882698059082,0.00011730194091796875,0.05,1,BERT:bert_class_weighted,Class weight
937,emscad_06423,i28 Technologies has demonstrated expertise in areas strategic to different business in varying verticals. I28 Technolog,Core Java Developer,0,0,0.9995801448822021,0.00041985511779785156,0.05,1,BERT:bert_class_weighted,Class weight
938,emscad_06426,PowerbyProxi and its customers are leading a revolution to deliver unplugged power. We have changed the way electricity ,Graduate application - HW Design,0,0,0.9999114871025085,8.851289749145508e-05,0.05,1,BERT:bert_class_weighted,Class weight
939,emscad_06432,i28 Technologies has demonstrated expertise in areas strategic to different business in varying verticals. I28 Technolog,Team Lead,0,0,0.999779224395752,0.00022077560424804688,0.05,1,BERT:bert_class_weighted,Class weight
940,emscad_06433,Job Overview,Environmental Project Manager,0,0,0.9998666048049927,0.00013339519500732422,0.05,1,BERT:bert_class_weighted,Class weight
941,emscad_06437,Job Overview,Stormwater& Light Construction,0,0,0.9998629093170166,0.00013709068298339844,0.05,1,BERT:bert_class_weighted,Class weight
942,emscad_06438,"We are Netguru and we love to develop web application based on Ruby On Rails framework. We value quality, transparent co",Front-end Developer,0,0,0.9998977184295654,0.00010228157043457031,0.05,1,BERT:bert_class_weighted,Class weight
943,emscad_06449,Established on the principles that full time education is not for everyone Spectrum Learning is made up of a team of pas,Southport Apprenticeships Under NAS 16-18 Year Olds Only,0,0,0.9999197125434875,8.028745651245117e-05,0.05,1,BERT:bert_class_weighted,Class weight
944,emscad_06451,"HireHopes is the premier professional services consulting firm that specializes in strategic job search, career adviseme",Tech Support Specialist,0,0,0.9998346567153931,0.0001653432846069336,0.05,1,BERT:bert_class_weighted,Class weight
945,emscad_06453,BGMenu is a startup backed by LauncHUB; we're Bulgaria’s leading food delivery & takeout platform. Over the past couple ,Sales Manager,0,0,0.9999257326126099,7.426738739013672e-05,0.05,1,BERT:bert_class_weighted,Class weight
946,emscad_06454,Trustworthy. Efficient. Friendly.,Shyp Hero Courier - Los Angeles,0,0,0.9999174475669861,8.255243301391602e-05,0.05,1,BERT:bert_class_weighted,Class weight
947,emscad_06459,"We are looking for a sharp candidate to join our marketing team, in order to improve the performance and scale of our gl",Junior Search Engine Marketing (SEM) Manager,0,0,0.9998722076416016,0.0001277923583984375,0.05,1,BERT:bert_class_weighted,Class weight
948,emscad_06472,Rithmio is an Illinois-headquartered startup founded in 2013 that enables gesture recognition-based products.,Android Developer,0,0,0.999887228012085,0.00011277198791503906,0.05,1,BERT:bert_class_weighted,Class weight
949,emscad_06479,MarketInvoice is one of the most high-profile London based fin-tech companies. The Company is Europe’s leading P2P invoi,Data Analyst,0,0,0.9999178051948547,8.219480514526367e-05,0.05,1,BERT:bert_class_weighted,Class weight
950,emscad_06483,"Jungle Ventures is the leading Singapore based, entrepreneur backed, venture capital firm, that funds and actively suppo",Summer Intern,0,0,0.999923050403595,7.69495964050293e-05,0.05,1,BERT:bert_class_weighted,Class weight
951,emscad_06492,We Provide Full Time Permanent Positions for many medium to large US companies. We are interested in finding/recruiting ,"Manager - PeopleSoft Oracle UNIX Linux ITIL- Denver, CO",0,0,0.9999064803123474,9.351968765258789e-05,0.05,1,BERT:bert_class_weighted,Class weight
952,emscad_06496,WHY WORK AT IMAGINET,Senior .NET Developer,0,0,0.9999093413352966,9.065866470336914e-05,0.05,1,BERT:bert_class_weighted,Class weight
953,emscad_06500,Human capital is usually the biggest asset and expense for a company. Making the right hire – the first time – is critic,Enterprise Account Executive,0,0,0.9999171495437622,8.285045623779297e-05,0.05,1,BERT:bert_class_weighted,Class weight
954,emscad_06540,Aggressive outbound prospecting conducted primarily by phone and email,Business Development Executive,0,0,0.9998488426208496,0.00015115737915039062,0.05,1,BERT:bert_class_weighted,Class weight
955,emscad_06555,This role is responsible for Monitoring & Diagnostics Model Building Support Contract support personnel to build InStep ,Model Builder,0,0,0.9998190402984619,0.00018095970153808594,0.05,1,BERT:bert_class_weighted,Class weight
956,emscad_06558,"If you enjoy sales and fashion, consider this position as a full-time Optical Frame Stylist in a private optometry pract",Frame Stylist / Optician,1,1,0.0,1.0,0.05,1,BERT:bert_class_weighted,Class weight
957,emscad_06569,"As the industry’s largest supply contracting company, Novation serves the purchasing needs of more than 65,000 VHA, UHC ",Call Center Representative I,1,1,0.0,1.0,0.05,1,BERT:bert_class_weighted,Class weight
958,emscad_06570,This position is for technical software quality engineer where automation and API level testing skills are required. You,Java Automation QA,0,0,0.9997165203094482,0.0002834796905517578,0.05,1,BERT:bert_class_weighted,Class weight
959,emscad_06578,"Skills: Java, J2EE, eCommerce development, Web Services (HTTP/s, SOAP, REST), JMS, S/FTP, SQL, ATG nice to have, Leading","Java, J2EE, eCommerce development,Web Services -Senior Architect",0,0,0.9975032806396484,0.0024967193603515625,0.05,1,BERT:bert_class_weighted,Class weight
960,emscad_06590,"Come be a part of one of the fastest growing, well-funded and exciting startups in Silicon Valley. Peel makes the world’","Product Manager, Platform",0,0,0.9999068379402161,9.316205978393555e-05,0.05,1,BERT:bert_class_weighted,Class weight
961,emscad_06602,"We design, build, sell, and service the most innovative operations management technology in the world.",GIS Technician,0,0,0.9999141693115234,8.58306884765625e-05,0.05,1,BERT:bert_class_weighted,Class weight
962,emscad_06606,"Vend is looking for some awesome new talent to come join us. You'll be working in an awesome team doing awesome things, ",Events & Sponsorship Manager,0,0,0.9999093413352966,9.065866470336914e-05,0.05,1,BERT:bert_class_weighted,Class weight
963,emscad_06641,MarketInvoice is one of the most high-profile London based fin-tech companies. The Company is Europe’s leading P2P invoi,Account Manager,0,0,0.9999240040779114,7.599592208862305e-05,0.05,1,BERT:bert_class_weighted,Class weight
964,emscad_06646,"POS-X is a rapidly growing point-of-sale hardware manufacturer located in Bellingham, WA. The POS-X environment consists",Production Designer - Graphic Design & Marketing,0,0,0.998504638671875,0.001495361328125,0.05,1,BERT:bert_class_weighted,Class weight
965,emscad_06651,"""Our mission to our clients is to preserve their independence, enhance their quality of life, promote health & wellbeing",Caregiver Van Buren County,0,0,0.9999128580093384,8.71419906616211e-05,0.05,1,BERT:bert_class_weighted,Class weight
966,emscad_06654,“ Pride is a personal commitment. It is an attitude which separates excellence from mediocrit y.” – Author Unknown,Receptionist -- Must Love Dogs,0,0,0.9999114871025085,8.851289749145508e-05,0.05,1,BERT:bert_class_weighted,Class weight
967,emscad_06661,The Limited is a leading specialty retailer of contemporary American women’s fashion with over 200 stores nationwide. As,Sales Associate - The Limited at Ridgedale Center,0,0,0.999873161315918,0.00012683868408203125,0.05,1,BERT:bert_class_weighted,Class weight
968,emscad_06662,Mission Statement:,Sales Partner,0,0,0.9998944401741028,0.0001055598258972168,0.05,1,BERT:bert_class_weighted,Class weight
969,emscad_06664,You don't need to be a Linux guru to hack on embedded devices like the Raspberry Pi. All you need is JavaScript.,Software/System Engineer,0,0,0.9998936057090759,0.00010639429092407227,0.05,1,BERT:bert_class_weighted,Class weight
970,emscad_06672,Excellent communication skills 3-5 years using QTP Custom Library development in QTP Good knowledge in VB scripting Abil,QA - QTP Automation Engineer - Descriptive Programming,0,0,0.9990744590759277,0.0009255409240722656,0.05,1,BERT:bert_class_weighted,Class weight
971,emscad_06673,Our History,Shipper (Portland),0,0,0.9998845458030701,0.00011545419692993164,0.05,1,BERT:bert_class_weighted,Class weight
972,emscad_06680,Can data be a thing of beauty? We think so.,Inside Sales Representative,0,0,0.9999242424964905,7.575750350952148e-05,0.05,1,BERT:bert_class_weighted,Class weight
973,emscad_06681,Curalate is looking for talented software developers to join our team. Our engineering team today is deep in the trenche,Software Engineer Intern,0,0,0.9998623132705688,0.00013768672943115234,0.05,1,BERT:bert_class_weighted,Class weight
974,emscad_06693,"Key Responsibilities include: · WA-34X permit well(s) design, execution support and close out · Design normally pressure",Drilling Engineer - Exploration,1,1,0.831298828125,0.168701171875,0.05,1,BERT:bert_class_weighted,Class weight
975,emscad_06702,Can data be a thing of beauty? We think so.,Project Manager,0,0,0.9999171495437622,8.285045623779297e-05,0.05,1,BERT:bert_class_weighted,Class weight
976,emscad_06706,"Novitex Enterprise Solutions, formerly Pitney Bowes Management Services, delivers innovative document and communications",Technical Support Representative,0,0,0.999920666217804,7.933378219604492e-05,0.05,1,BERT:bert_class_weighted,Class weight
977,emscad_06721,Mission Statement:,Real Estate Agents,0,0,0.9998893737792969,0.000110626220703125,0.05,1,BERT:bert_class_weighted,Class weight
978,emscad_06722,The story of the Great Chicago Fire of 1871 isn’t really about the fire. It’s about what happened next: A remarkable mom,Rails Developer - Mercaris,0,0,0.9999004602432251,9.953975677490234e-05,0.05,1,BERT:bert_class_weighted,Class weight
979,emscad_06729,"AREA 17 is an interactive agency. We take an interdisciplinary approach — blending the practices of design, technology a",Editorial and Community Internship (Paid),0,0,0.9999155402183533,8.445978164672852e-05,0.05,1,BERT:bert_class_weighted,Class weight
980,emscad_06731,Blloon is an exciting new eReading service launching soon in the UK and US.,Copywriter (freelance),0,0,0.9999277591705322,7.224082946777344e-05,0.05,1,BERT:bert_class_weighted,Class weight
981,emscad_06744,"WRAYS PHARMACY INC. a/k/a ""Wrays Pharmacy"" is a young New York based Corporation/Company established in the year 2013 an",Stock/Inventory Administration,0,0,0.9998670816421509,0.0001329183578491211,0.05,1,BERT:bert_class_weighted,Class weight
982,emscad_06747,hello world,Hardware Expert,0,0,0.9999209642410278,7.903575897216797e-05,0.05,1,BERT:bert_class_weighted,Class weight
983,emscad_06754,We’re on a mission to create Europe’s go-to brand for fashion jewellery. Somewhere fashion forward women can discover & ,Buying Intern,0,0,0.9999054074287415,9.459257125854492e-05,0.05,1,BERT:bert_class_weighted,Class weight
984,emscad_06765,"For over 20 years NAC Marketing Company, LLC d/b/a New Vitality has helped people be healthy and live better by marketin","Sales Specialist, Outbound Calls",0,0,0.9999004602432251,9.953975677490234e-05,0.05,1,BERT:bert_class_weighted,Class weight
985,emscad_06766,Cloudreach are the only top tier partner of choice for both Amazon Web Services and Google based in Europe - two giants ,Sales Development Representative - Germany,0,0,0.9999096989631653,9.03010368347168e-05,0.05,1,BERT:bert_class_weighted,Class weight
986,emscad_06778,Our company is kept confidential due to the large number of responses we receive.,Sales - Cyber Security,0,0,0.9998761415481567,0.00012385845184326172,0.05,1,BERT:bert_class_weighted,Class weight
987,emscad_06779,"Vend is looking for some awesome new talent to come join us. You'll be working in an awesome team doing awesome things, ",BI / Data Analyst,0,0,0.9999100565910339,8.994340896606445e-05,0.05,1,BERT:bert_class_weighted,Class weight
988,emscad_06782,Quest College is seeking an individual to join the staff as an Admissions Advisor,Admissions Advisor,0,0,0.9998794794082642,0.00012052059173583984,0.05,1,BERT:bert_class_weighted,Class weight
989,emscad_06795,"HealthLink provides a computer communications system that links the information technology systems of more than 10,000 m",Solution Architect,0,0,0.9998717308044434,0.00012826919555664062,0.05,1,BERT:bert_class_weighted,Class weight
990,emscad_06799,The Heafey Group is a private real estate investment and management conglomerate founded more than 33 years ago and head,Leasing Consultant,0,0,0.9993081092834473,0.0006918907165527344,0.05,1,BERT:bert_class_weighted,Class weight
991,emscad_06801,"Lead cook this is a corp company -Compass Group Eurest Dining Monday thru Friday 6am-2:30pm health , dental , meal benef",Lead Cook,0,0,0.9998639822006226,0.0001360177993774414,0.05,1,BERT:bert_class_weighted,Class weight
992,emscad_06806,"Babbel enables anyone to learn languages in an easy and interactive way. The learning system offers 13 languages, from E",TV Manager USA,0,0,0.9999171495437622,8.285045623779297e-05,0.05,1,BERT:bert_class_weighted,Class weight
993,emscad_06809,Are you interested in developing an automatically scaling infrastructure that tests and deploys the code for thousands o,Build Infrastructure Developer,0,0,0.9998919367790222,0.0001080632209777832,0.05,1,BERT:bert_class_weighted,Class weight
994,emscad_06811,"We're an emerging technology agency, and we build breakthrough products through user-centered design. We're building a t",Misc Referrals,0,0,0.9998574256896973,0.00014257431030273438,0.05,1,BERT:bert_class_weighted,Class weight
995,emscad_06812,"ValleySoft is a fast growing global IT Services & Solutions company based in Silicon Valley, USA . At ValleySoft, we str",Java Developer,0,0,0.9999096989631653,9.03010368347168e-05,0.05,1,BERT:bert_class_weighted,Class weight
996,emscad_06825,We are a digital marketing agency with an emphasis upon quality development that is developed and sold in a consultative,Appointment Setters,0,0,0.9999184608459473,8.153915405273438e-05,0.05,1,BERT:bert_class_weighted,Class weight
997,emscad_06827,The story of the Great Chicago Fire of 1871 isn’t really about the fire. It’s about what happened next: A remarkable mom,Business Development Manager - Reliefwatch (Impact Engine),0,0,0.9999061226844788,9.387731552124023e-05,0.05,1,BERT:bert_class_weighted,Class weight
998,emscad_06857,"Collabera is a fast growing, end-to-end information technology services and solutions provider working with leading Glob",.Net Support Engineer,0,0,0.9998867511749268,0.00011324882507324219,0.05,1,BERT:bert_class_weighted,Class weight
999,emscad_06869,Super awesome games and apps,UX designer for iOS app,0,0,0.9998618364334106,0.00013816356658935547,0.05,1,BERT:bert_class_weighted,Class weight
1000,emscad_06880,Typical Responsibilities:,Structural Designer,1,0,0.9952430725097656,0.004756927490234375,0.05,0,BERT:bert_class_weighted,Class weight
1001,emscad_06893,"Opened in November 2011, MoonShine Modern Supper Club presents Contemporary American cooking executed with style, finess",Bartenders and Servers,0,0,0.99988853931427,0.00011146068572998047,0.05,1,BERT:bert_class_weighted,Class weight
1002,emscad_06899,Data Analyst & Insights Guru,Data Analytics & Insights Guru,0,0,0.999919056892395,8.094310760498047e-05,0.05,1,BERT:bert_class_weighted,Class weight
1003,emscad_06900,"Cresttek is a subsidiary of American Hydrostatics, a 25 year old company providing Manufraturing and MRO services to Aut",Automotive Crash Analyst,0,0,0.9999068379402161,9.316205978393555e-05,0.05,1,BERT:bert_class_weighted,Class weight
1004,emscad_06904,"Working in over 60 countries and 30 languages, Autotorq is one of the world’s leading digital automotive agencies.",Digital Account Manager,0,0,0.999923050403595,7.69495964050293e-05,0.05,1,BERT:bert_class_weighted,Class weight
1005,emscad_06919,"Collabera is a fast growing, end-to-end information technology services and solutions provider working with leading Glob",Siebel Configuration,0,0,0.999859094619751,0.00014090538024902344,0.05,1,BERT:bert_class_weighted,Class weight
1006,emscad_06925,"We are specialized in HR consulting, sourcing PhD, MSc & MEng professionals on permanent and contract level positions ac",Product Engineering Manager,0,0,0.9998992681503296,0.00010073184967041016,0.05,1,BERT:bert_class_weighted,Class weight
1007,emscad_06929,We are a company looking for qualified individuals to help out with writing tasks such as: - Short stories - Movie scrip,Writers,1,0,0.9994516372680664,0.0005483627319335938,0.05,0,BERT:bert_class_weighted,Class weight
1008,emscad_06931,"Founded in 1997, The Missing Link is a premium provider of information technology solutions across applications, infrast",Security Sales Executive,0,0,0.9999171495437622,8.285045623779297e-05,0.05,1,BERT:bert_class_weighted,Class weight
1009,emscad_06932,"We are looking for a Java Developer with experience in building high-performing, scalable, enterprise-grade applications",Java developer,0,0,0.9995169639587402,0.0004830360412597656,0.05,1,BERT:bert_class_weighted,Class weight
1010,emscad_06943,Wedo is a collection of niched e-commerce stores which aim to be the first destination for online shoppers buying in the,Multi-Disciplined Designer/Retoucher/Photographer,0,0,0.9999251365661621,7.486343383789062e-05,0.05,1,BERT:bert_class_weighted,Class weight
1011,emscad_06958,"Sharewave is the best way for private companies to manage shareholders. A simple, yet powerful platform to manage cap ta",Front End Developer,0,0,0.9998936057090759,0.00010639429092407227,0.05,1,BERT:bert_class_weighted,Class weight
1012,emscad_06961,Digital Shadows is a cyber threat intelligence company that protects organisations from data loss and targeted cyber att,Cyber Intelligence Analyst (Russian cyber crime),0,0,0.9999279975891113,7.200241088867188e-05,0.05,1,BERT:bert_class_weighted,Class weight
1013,emscad_06979,We help teachers get safe & secure jobs abroad :),Teaching English,0,0,0.9998421669006348,0.00015783309936523438,0.05,1,BERT:bert_class_weighted,Class weight
1014,emscad_06988,Head y Talent Hunting​​​​,Director(a) de Proyecto,0,0,0.9998358488082886,0.00016415119171142578,0.05,1,BERT:bert_class_weighted,Class weight
1015,emscad_06990,BuzzDial lets you instantly share reactions to live events and shows as they happen using our web platform or suite of m,Data Analyst,0,0,0.9999145269393921,8.547306060791016e-05,0.05,1,BERT:bert_class_weighted,Class weight
1016,emscad_06994,United Cerebral Palsy of Oregon & SW Washington (UCP) supports adults with all kinds of developmental disabilities (not ,Part-Time Personal Assistant (For 2 People with Disabilities),0,0,0.9999104142189026,8.958578109741211e-05,0.05,1,BERT:bert_class_weighted,Class weight
1017,emscad_07008,Established on the principles that full time education is not for everyone Spectrum Learning is made up of a team of pas,Birmingham Business Admin Apprenticeship Under NAS 16-18 Year Olds Only,0,0,0.999923050403595,7.69495964050293e-05,0.05,1,BERT:bert_class_weighted,Class weight
1018,emscad_07012,#URL_e837e935106c9b32dff718b3aff43001785693e48a3ebed31444faf85ee2da31# (“PPH”) is a global online services marketplace t,Junior Product Manager,0,0,0.9999131560325623,8.684396743774414e-05,0.05,1,BERT:bert_class_weighted,Class weight
1019,emscad_07017,United Cerebral Palsy of Oregon & SW Washington (UCP) supports adults with all kinds of developmental disabilities (not ,"Part-Time Caregiver (Position C) for Easygoing, Caring Woman",0,0,0.9999064803123474,9.351968765258789e-05,0.05,1,BERT:bert_class_weighted,Class weight
1020,emscad_07019,"Sr. Maintenance Manager, Automated Distribution Centers","Sr. Maintenance Manager, Automated Distribution Centers",0,0,0.9995670318603516,0.0004329681396484375,0.05,1,BERT:bert_class_weighted,Class weight
1021,emscad_07020,Corporate overview,QC Inspector,1,1,0.0,1.0,0.05,1,BERT:bert_class_weighted,Class weight
1022,emscad_07029,"StudyHall creates opportunities for college, university students, and recent graduates, to work with the best companies ",Sales and Business Development Associate,0,0,0.9999100565910339,8.994340896606445e-05,0.05,1,BERT:bert_class_weighted,Class weight
1023,emscad_07058,At Founders we create companies. We are are a team of people who constantly work and experiment with business models app,UX Designer,0,0,0.9999227523803711,7.724761962890625e-05,0.05,1,BERT:bert_class_weighted,Class weight
1024,emscad_07059,Kettle is an independent digital agency based in New York City and the Bay Area. We’re committed to making digital do mo,"OF | UX DESIGNER, MOBILE APP @OP !!!",0,0,0.999904990196228,9.500980377197266e-05,0.05,1,BERT:bert_class_weighted,Class weight
1025,emscad_07061,"Taxibeat is changing the global taxi industry. It's an easy to use, convenient and contemporary way to hail and book a t",International Financial Controller,0,0,0.9999135136604309,8.64863395690918e-05,0.05,1,BERT:bert_class_weighted,Class weight
1026,emscad_07066,Middle East Recruitment is a specialized recruitment and consulting agency. Established since 1997 founded by profession,Data-Network Engineer,0,0,0.9998956918716431,0.0001043081283569336,0.05,1,BERT:bert_class_weighted,Class weight
1027,emscad_07073,Middle East Recruitment is a specialized recruitment and consulting agency. Established since 1997 founded by profession,Project Engineer,0,0,0.999899685382843,0.00010031461715698242,0.05,1,BERT:bert_class_weighted,Class weight
1028,emscad_07074,Middle East Recruitment is a specialized recruitment and consulting agency. Established since 1997 founded by profession,Project Engineer,0,0,0.9998980760574341,0.00010192394256591797,0.05,1,BERT:bert_class_weighted,Class weight
1029,emscad_07075,Middle East Recruitment is a specialized recruitment and consulting agency. Established since 1997 founded by profession,Construction Analyst (Safety),0,0,0.9998940229415894,0.00010597705841064453,0.05,1,BERT:bert_class_weighted,Class weight
1030,emscad_07080,Middle East Recruitment is a specialized recruitment and consulting agency. Established since 1997 founded by profession,"Construction Engineer,Architect, Civil, Mechanical, Piping",0,0,0.9998831748962402,0.00011682510375976562,0.05,1,BERT:bert_class_weighted,Class weight
1031,emscad_07102,#URL_42e5896a94d95251b14832167d4bbb9df167da9d8b9f60a8872133f108203e5f# is a fledging local services marketplace helping ,Digital Marketing Trainee,0,0,0.9998845458030701,0.00011545419692993164,0.05,1,BERT:bert_class_weighted,Class weight
1032,emscad_07104,United Cerebral Palsy of Oregon & SW Washington (UCP) supports adults with all kinds of developmental disabilities (not ,"Full Time Caregiver (Position D) for Easygoing, Caring Woman",0,0,0.9999039173126221,9.608268737792969e-05,0.05,1,BERT:bert_class_weighted,Class weight
1033,emscad_07106,Envision Consulting conducts retained searches for nonprofit clients seeking to expand and enhance their mission through,Program Manager,0,0,0.9998919367790222,0.0001080632209777832,0.05,1,BERT:bert_class_weighted,Class weight
1034,emscad_07109,#URL_42e5896a94d95251b14832167d4bbb9df167da9d8b9f60a8872133f108203e5f# is a fledging local services marketplace helping ,Web Developer,0,0,0.9999096989631653,9.03010368347168e-05,0.05,1,BERT:bert_class_weighted,Class weight
1035,emscad_07126,"As a growing and successful startup, Conversocial is a great place to work for ambitious individuals.",Junior Engineer,0,0,0.999920666217804,7.933378219604492e-05,0.05,1,BERT:bert_class_weighted,Class weight
1036,emscad_07133,"Shyp is the easiest way to send anything, anywhere.",General Manager - New York,0,0,0.9999148845672607,8.511543273925781e-05,0.05,1,BERT:bert_class_weighted,Class weight
1037,emscad_07134,We are a digital marketing agency with an emphasis upon quality development that is developed and sold in a consultative,Sales Agents $400/wk Plus Commission,0,1,0.32861328125,0.67138671875,0.05,0,BERT:bert_class_weighted,Class weight
1038,emscad_07144,"Description Set standards, define processes and provide guidance and for all health and safety matters. Assure complianc",Health and Safety Manager,1,0,0.9756011962890625,0.0243988037109375,0.05,0,BERT:bert_class_weighted,Class weight
1039,emscad_07149,"Our globally connected world has forced businesses to rethink how they communicate. Mobile lifestyles, a flood of techno",CUSTOMER SERVICE REP,1,1,0.0,1.0,0.05,1,BERT:bert_class_weighted,Class weight
1040,emscad_07169,"With offices across UK, mainland Europe, Australia, New Zealand, and the United States, Squiz helps clients across the g",Product Sales Manager,0,0,0.9999131560325623,8.684396743774414e-05,0.05,1,BERT:bert_class_weighted,Class weight
1041,emscad_07183,The OneReach team is comprised of a diverse group of wonderful people from all walks of life. We’re currently hiring for,Network Engineer (VOIP/SIP),0,0,0.9999197125434875,8.028745651245117e-05,0.05,1,BERT:bert_class_weighted,Class weight
1042,emscad_07192,"The International Humanity Foundation provides a home for children at its center in Nakuru, Kenya. This facility has ove",Volunteer Nurse needed to help children in Kenya,0,0,0.9998867511749268,0.00011324882507324219,0.05,1,BERT:bert_class_weighted,Class weight
1043,emscad_07193,"Novitex Enterprise Solutions, formerly Pitney Bowes Management Services, delivers innovative document and communications",Customer Service Associate,0,0,0.9999164938926697,8.350610733032227e-05,0.05,1,BERT:bert_class_weighted,Class weight
1044,emscad_07202,"Through the Apache Spark platform, we are working to transform large-scale data analysis.",Solutions Architecture,0,0,0.9998936057090759,0.00010639429092407227,0.05,1,BERT:bert_class_weighted,Class weight
1045,emscad_07218,PowerbyProxi and its customers are leading a revolution to deliver unplugged power. We have changed the way electricity ,Production Operations Manager,0,0,0.9999148845672607,8.511543273925781e-05,0.05,1,BERT:bert_class_weighted,Class weight
1046,emscad_07220,"Valor Services provides Workforce Solutions that meet the needs of companies across the Private Sector, with a special f","Director of Operations, Water Transfer Services",0,0,0.9999068379402161,9.316205978393555e-05,0.05,1,BERT:bert_class_weighted,Class weight
1047,emscad_07223,Positionly Inc. is a company that provides the highest quality SEO software for 2000+ companies worldwide. Our product o,Junior Marketing Manager,0,0,0.9998751878738403,0.00012481212615966797,0.05,1,BERT:bert_class_weighted,Class weight
1048,emscad_07227,"Valor Services provides Workforce Solutions that meet the needs of companies across the Private Sector, with a special f",Senior Division Order Analyst,0,0,0.9999082684516907,9.173154830932617e-05,0.05,1,BERT:bert_class_weighted,Class weight
1049,emscad_07228,"Babbel enables anyone to learn languages in an easy and interactive way. The learning system offers 13 languages, from E",Mobile Product Manager (Junior),0,0,0.9999086260795593,9.137392044067383e-05,0.05,1,BERT:bert_class_weighted,Class weight
1050,emscad_07232,"Proficio Mortgage is a rapidly growing mortgage lender that cares about both our clients, and our team members. Proficio",Mortgage Loan Processor,0,0,0.9999082684516907,9.173154830932617e-05,0.05,1,BERT:bert_class_weighted,Class weight
1051,emscad_07240,Applied Memetics LLC is a professional services company dedicated to integrating and delivering best practice communicat,HAUSA RADIO PRODUCER,0,0,0.9999125003814697,8.749961853027344e-05,0.05,1,BERT:bert_class_weighted,Class weight
1052,emscad_07244,Sage Data Security provides information security services to regional banks and credit unions along with hospitals and h,Information Security Programmer - nDiscovery Team,0,0,0.9999209642410278,7.903575897216797e-05,0.05,1,BERT:bert_class_weighted,Class weight
1053,emscad_07250,The Albany Charter School Network is a family of charter schools in the City of Albany that works to prepare children fo,Short-Term Leave High School Science Teacher,0,0,0.9998813271522522,0.00011867284774780273,0.05,1,BERT:bert_class_weighted,Class weight
1054,emscad_07251,HealthCare California is a locally-owned and operated home health agency providing a variety of home health and medical ,Physical Therapist,0,0,0.9998726844787598,0.00012731552124023438,0.05,1,BERT:bert_class_weighted,Class weight
1055,emscad_07260,The story of the Great Chicago Fire of 1871 isn’t really about the fire. It’s about what happened next: A remarkable mom,Senior Software Engineer - CloudSpotter Technologies,0,0,0.9998961091041565,0.00010389089584350586,0.05,1,BERT:bert_class_weighted,Class weight
1056,emscad_07285,Maker’s Row is an online marketplace that connects American manufacturers and product based businesses. Our mission is t,Videographer/ Photographer Intern,0,0,0.9998992681503296,0.00010073184967041016,0.05,1,BERT:bert_class_weighted,Class weight
1057,emscad_07288,Established on the principles that full time education is not for everyone Spectrum Learning is made up of a team of pas,WF7 5BE Admin Assistant Apprenticeship Under NAS 16-18 Year Olds Only,0,0,0.9999148845672607,8.511543273925781e-05,0.05,1,BERT:bert_class_weighted,Class weight
1058,emscad_07301,"ClarusApex is an international recruiting company with representations in the Netherlands, Austria, Ukraine, Cyprus and ",Cashier in the airport ERBIL,0,0,0.9999151825904846,8.481740951538086e-05,0.05,1,BERT:bert_class_weighted,Class weight
1059,emscad_07302,Soft ware Com petitiveness International (SOFTCOM INTERNATIONAL) is characterized for personel excellence .,Experienced and Senior Java developers (Java SE),0,0,0.9997694492340088,0.00023055076599121094,0.05,1,BERT:bert_class_weighted,Class weight
1060,emscad_07311,Coffeewards is a cloud loyalty platform which enables businesses to:,Graphics Designer,0,0,0.9998822808265686,0.00011771917343139648,0.05,1,BERT:bert_class_weighted,Class weight
1061,emscad_07321,"We experiment with new digital products, retail experiences and business models at M&S.com",International Front End Developer (AngularJS),0,0,0.9999279975891113,7.200241088867188e-05,0.05,1,BERT:bert_class_weighted,Class weight
1062,emscad_07333,"Recruitment to Recruitment specialists, covering the UK.",Senior Recruitment Consultant,0,0,0.999854564666748,0.00014543533325195312,0.05,1,BERT:bert_class_weighted,Class weight
1063,emscad_07343,"Novitex Enterprise Solutions, formerly Pitney Bowes Management Services, delivers innovative document and communications",Customer Service Associate,0,0,0.9999209642410278,7.903575897216797e-05,0.05,1,BERT:bert_class_weighted,Class weight
1064,emscad_07352,Eviture is a professional services firm that specialise in leading enterprise agile delivery for complex business and IT,Lua developer,0,0,0.9998858571052551,0.00011414289474487305,0.05,1,BERT:bert_class_weighted,Class weight
1065,emscad_07373,NFP is a leader in the delivery of benefits solutions for companies of all sizes and in the delivery of life insurance a,Sr. Account Executive - Boston,0,0,0.9998940229415894,0.00010597705841064453,0.05,1,BERT:bert_class_weighted,Class weight
1066,emscad_07389,A Squared Advisers is a Chartered Accountancy Practice based in Lake Macquarie providing timely and personalised service,Accountant,0,0,0.9998854398727417,0.00011456012725830078,0.05,1,BERT:bert_class_weighted,Class weight
1067,emscad_07400,"Novitex Enterprise Solutions, formerly Pitney Bowes Management Services, delivers innovative document and communications",Customer Service Team Lead,0,0,0.9999194145202637,8.058547973632812e-05,0.05,1,BERT:bert_class_weighted,Class weight
1068,emscad_07408,Massive Media is the social media company behind the successful digital brands #URL_18234f381f5e7b9a9ffdc727cd05c9046edf,Personal Assistant to the CEO,0,0,0.9999187588691711,8.124113082885742e-05,0.05,1,BERT:bert_class_weighted,Class weight
1069,emscad_07410,Role: Responsible for providing field technical support at our client customer sites in Ontario by performing connectivi,Field Service Technician,0,0,0.9998440742492676,0.00015592575073242188,0.05,1,BERT:bert_class_weighted,Class weight
1070,emscad_07414,"24MEDIA is Greece's leading and fastest-growing digital publishing group, managing over 20 premium brands that connect a",Social Media Editor,0,0,0.99990314245224,9.685754776000977e-05,0.05,1,BERT:bert_class_weighted,Class weight
1071,emscad_07421,Visual BI is one of the leading and fastest growing firms focusing exclusively on BI & Analytics. Our offerings cover en,SAP BPC Technical Lead,0,0,0.9998893737792969,0.000110626220703125,0.05,1,BERT:bert_class_weighted,Class weight
1072,emscad_07437,We build products and supercharge startups.,Senior Software Engineer (remote position),0,0,0.999920666217804,7.933378219604492e-05,0.05,1,BERT:bert_class_weighted,Class weight
1073,emscad_07445,Inviting inspirational individuals,PA / Executive Assistant to Chief Executive,0,0,0.9999075531959534,9.244680404663086e-05,0.05,1,BERT:bert_class_weighted,Class weight
1074,emscad_07453,"Babbel enables anyone to learn languages in an easy and interactive way. The learning system offers 13 languages, from E",Working Student/Intern Engineering Management Assistant,0,0,0.9999107718467712,8.922815322875977e-05,0.05,1,BERT:bert_class_weighted,Class weight
1075,emscad_07455,London's Going Out App! Explovia simply and brilliantly combines Group Chat with Event Booking.,Quality Assurance Engineer,0,0,0.9999215602874756,7.843971252441406e-05,0.05,1,BERT:bert_class_weighted,Class weight
1076,emscad_07481,Find more jobs at #URL_1efb08d6a6da1c56afb2d0c686e1ed0dc14d0fbcb22482369e8a69999aa0d278#,Operating Room RN,1,1,0.0,1.0,0.05,1,BERT:bert_class_weighted,Class weight
1077,emscad_07484,Our Mission,ASP.NET MVC Developer,0,0,0.999908983707428,9.101629257202148e-05,0.05,1,BERT:bert_class_weighted,Class weight
1078,emscad_07487,Shape the Future.,Specialist Curriculum Associate,0,0,0.9998980760574341,0.00010192394256591797,0.05,1,BERT:bert_class_weighted,Class weight
1079,emscad_07490,Apply using below link,"RN, SURGERY UNIT DIRECTOR",1,1,0.0,1.0,0.05,1,BERT:bert_class_weighted,Class weight
1080,emscad_07516,ehumanlife is a medical platform for live online consultations through HD video calls. You can call a doctor now from th,"Mobile Developer (iOS, Android or Windows Phone)",0,0,0.9998923540115356,0.00010764598846435547,0.05,1,BERT:bert_class_weighted,Class weight
1081,emscad_07533,hello world,Product Manager,0,0,0.9999218583106995,7.814168930053711e-05,0.05,1,BERT:bert_class_weighted,Class weight
1082,emscad_07536,Technology Will Save Us design devices that you make yourself. Our DIY kits and resources are the best way to learn skil,Digital Marketing Coordinator,0,0,0.9999227523803711,7.724761962890625e-05,0.05,1,BERT:bert_class_weighted,Class weight
1083,emscad_07541,Middle East Recruitment is a specialized recruitment and consulting agency. Established since 1997 founded by profession,Field Compliance Coordinator,0,0,0.9998931884765625,0.0001068115234375,0.05,1,BERT:bert_class_weighted,Class weight
1084,emscad_07550,MediaMonks is the biggest creative digital production company on the planet . We specialize in working for and with adve,FINANCIAL CONTROLLER,0,0,0.9999218583106995,7.814168930053711e-05,0.05,1,BERT:bert_class_weighted,Class weight
1085,emscad_07557,"Working in over 60 countries and 30 languages, Autotorq is one of the world’s leading digital automotive agencies.",ASP.NET (C#) Developer,0,0,0.9999221563339233,7.784366607666016e-05,0.05,1,BERT:bert_class_weighted,Class weight
1086,emscad_07584,"Novitex Enterprise Solutions, formerly Pitney Bowes Management Services, delivers innovative document and communications",Customer Service Associate,0,0,0.9999203085899353,7.969141006469727e-05,0.05,1,BERT:bert_class_weighted,Class weight
1087,emscad_07593,"StudyHall creates opportunities for college, university students, and recent graduates, to work with the best companies ",Business Developer for Startup Company | StudyHall.com,0,0,0.9999075531959534,9.244680404663086e-05,0.05,1,BERT:bert_class_weighted,Class weight
1088,emscad_07611,"With over 30 years of experience in the industry, Mercer Foods has been providing superior quality freeze dried foods an",HR Generalist - Benefits and Safety,0,0,0.9999075531959534,9.244680404663086e-05,0.05,1,BERT:bert_class_weighted,Class weight
1089,emscad_07621,The Albany Charter School Network is a family of charter schools in the City of Albany that works to prepare children fo,Office Assistant,0,0,0.9998984932899475,0.00010150671005249023,0.05,1,BERT:bert_class_weighted,Class weight
1090,emscad_07623,"Babbel enables anyone to learn languages in an easy and interactive way. The learning system offers 13 languages, from E",Internal IT Lead,0,0,0.9999114871025085,8.851289749145508e-05,0.05,1,BERT:bert_class_weighted,Class weight
1091,emscad_07634,Middle East Recruitment is a specialized recruitment and consulting agency. Established since 1997 founded by profession,Field Compliance Coordinator,0,0,0.9998915195465088,0.00010848045349121094,0.05,1,BERT:bert_class_weighted,Class weight
1092,emscad_07640,About the Company We are ticketscript - the European market leaders in digital self-ticketing. Whether it’s massive danc,Financial Accountant,0,0,0.9999268651008606,7.31348991394043e-05,0.05,1,BERT:bert_class_weighted,Class weight
1093,emscad_07643,Special Counsel’s Charlotte office is searching for a Banking and Finance Attorney for an exciting opportunity for an as,Banking and Finance Attorney,0,0,0.9998639822006226,0.0001360177993774414,0.05,1,BERT:bert_class_weighted,Class weight
1094,emscad_07649,"Declara is focused on bringing data to life. Our technology platform uses machine learning, search, algorithms and recom",Technical Project Manager,0,0,0.9999111294746399,8.887052536010742e-05,0.05,1,BERT:bert_class_weighted,Class weight
1095,emscad_07650,"Goldstar is the world’s largest online seller of half-price tickets to live theater, concerts, comedy and sports. We exe",Customer Service Specialist,0,0,0.9999023675918579,9.763240814208984e-05,0.05,1,BERT:bert_class_weighted,Class weight
1096,emscad_07651,"Novitex Enterprise Solutions, formerly Pitney Bowes Management Services, delivers innovative document and communications",Customer Service Associate,0,0,0.9999209642410278,7.903575897216797e-05,0.05,1,BERT:bert_class_weighted,Class weight
1097,emscad_07659,We are seeking individuals to be connected with companies who are hiring employees directly to work from their homes. Yo,Admin Clerical Data Processor,1,1,0.0,1.0,0.05,1,BERT:bert_class_weighted,Class weight
1098,emscad_07662,We are seeking individuals to be connected with companies who are hiring employees directly to work from their homes. Yo,Office Data Processing Assistant,1,1,0.0,1.0,0.05,1,BERT:bert_class_weighted,Class weight
1099,emscad_07672,Flite delivers ad innovation at scale to the world's top publishers and brands. Marketers use the self-service Flite Pla,Vice President of Sales,0,0,0.9999012351036072,9.876489639282227e-05,0.05,1,BERT:bert_class_weighted,Class weight
1100,emscad_07674,We are looking for passionate individuals who will partner with us and ensure the long-term success of our business and ,Working from Home,0,0,0.9997408390045166,0.00025916099548339844,0.05,1,BERT:bert_class_weighted,Class weight
1101,emscad_07678,"Our company, Matte Publishing, is an online media and publishing property that focuses on creating concise and engaging ",Journalist,0,0,0.9999171495437622,8.285045623779297e-05,0.05,1,BERT:bert_class_weighted,Class weight
1102,emscad_07686,"OgilvyOne worldwide, Athens was established in 1987. The company provides Digital, CRM and Promotional services to Greek",Actionscript Developer,0,0,0.9999096989631653,9.03010368347168e-05,0.05,1,BERT:bert_class_weighted,Class weight
1103,emscad_07703,Overview,Software Business Analyst,0,0,0.9997855424880981,0.00021445751190185547,0.05,1,BERT:bert_class_weighted,Class weight
1104,emscad_07704,JOB DESCRIPTION SUMMER INTERNSHIP PROGRAM,SUMMER INTERNSHIP PROGRAM,0,0,0.998774528503418,0.0012254714965820312,0.05,1,BERT:bert_class_weighted,Class weight
1105,emscad_07710,We are an Auto Dealership Group located in Wyoming and Nebraska representing 11 different automotive brands. We are prog,Volkswagen Dealership Service Manager,0,0,0.9998897910118103,0.00011020898818969727,0.05,1,BERT:bert_class_weighted,Class weight
1106,emscad_07719,"Since 2001, RL Zapin Associates has been a recognized leader in the placement of mid to senior level Analytics professio","Sr Manager, Customer Acquisition Analytics",0,0,0.9998352527618408,0.0001647472381591797,0.05,1,BERT:bert_class_weighted,Class weight
1107,emscad_07728,"Novitex Enterprise Solutions, formerly Pitney Bowes Management Services, delivers innovative document and communications",Customer Service Associate,0,0,0.9999224543571472,7.75456428527832e-05,0.05,1,BERT:bert_class_weighted,Class weight
1108,emscad_07731,"Responsible for maintenance and administration, enhancements, following change management policies, report capacity and ",Web Logic Administrator,0,0,0.999335765838623,0.0006642341613769531,0.05,1,BERT:bert_class_weighted,Class weight
1109,emscad_07742,"At McLane Intel, we believe that everyone should love where they work! We understand that our ongoing success is attribu",Accountant,0,0,0.9998464584350586,0.00015354156494140625,0.05,1,BERT:bert_class_weighted,Class weight
1110,emscad_07760,EUROPEAN DYNAMICS (#URL_c66532ffa1ce76ab447da6774719060c42c584edbf44d74cdb94fc4ac219ca45#) is a leading European Softwar,.NET Developer,0,0,0.9999161958694458,8.380413055419922e-05,0.05,1,BERT:bert_class_weighted,Class weight
1111,emscad_07762,"Novitex Enterprise Solutions, formerly Pitney Bowes Management Services, delivers innovative document and communications",Solution Architect,0,0,0.9998482465744019,0.00015175342559814453,0.05,1,BERT:bert_class_weighted,Class weight
1112,emscad_07769,EUROPEAN DYNAMICS (#URL_c66532ffa1ce76ab447da6774719060c42c584edbf44d74cdb94fc4ac219ca45#) is a leading European Softwar,JAVA Web developer,0,0,0.9998476505279541,0.00015234947204589844,0.05,1,BERT:bert_class_weighted,Class weight
1113,emscad_07785,We Provide Full Time Permanent Positions for many medium to large US companies. We are interested in finding/recruiting ,Manufacturing Engineer - FDA GMP ISO CAD DVM - CT,0,0,0.9998551607131958,0.00014483928680419922,0.05,1,BERT:bert_class_weighted,Class weight
1114,emscad_07793,"Founded in 2003, by Yale University graduate Chris Sandeman and Edinburgh College of Art graduate Peregrin Hodgkinson, S",English or Spanish Speaking Tour Guides in Manhattan - Experience not required!,0,0,0.9999194145202637,8.058547973632812e-05,0.05,1,BERT:bert_class_weighted,Class weight
1115,emscad_07798,Want to be part of a NZ success story that’s going places?,Procurement Specialist,0,0,0.999879002571106,0.00012099742889404297,0.05,1,BERT:bert_class_weighted,Class weight
1116,emscad_07806,Technology is the key to our product. Our team is small and highly skilled. Software Engineers work together with design,Ruby on Rails Expert - Disrupt the financial industry with Numbrs,0,0,0.999919056892395,8.094310760498047e-05,0.05,1,BERT:bert_class_weighted,Class weight
1117,emscad_07808,The Beans Group is a media company that exists to empower young people to thrive. We have been on an exponential growth ,Client Services Executive,0,0,0.9999237060546875,7.62939453125e-05,0.05,1,BERT:bert_class_weighted,Class weight
1118,emscad_07827,Kettle is an independent digital agency based in New York City and the Bay Area. We’re committed to making digital do mo,Front End Developer,0,0,0.9999240040779114,7.599592208862305e-05,0.05,1,BERT:bert_class_weighted,Class weight
1119,emscad_07843,"More than just another tech company, we consider ourselves to be a service company—one that delivers the highest possibl",Sales Director,0,0,0.9999046325683594,9.5367431640625e-05,0.05,1,BERT:bert_class_weighted,Class weight
1120,emscad_07845,Frustrated with the status quo?,Software Engineer - Video and Imaging,0,0,0.9999221563339233,7.784366607666016e-05,0.05,1,BERT:bert_class_weighted,Class weight
1121,emscad_07853,"OgilvyOne worldwide, Athens was established in 1987. The company provides Digital, CRM and Promotional services to Greek",Web Developer,0,0,0.9999131560325623,8.684396743774414e-05,0.05,1,BERT:bert_class_weighted,Class weight
1122,emscad_07855,#URL_c379aa631173ed5b7c345ab3f500a9a053e509138ca70e52c1088e5a784dc8d7# is a modern online travel agency that was founded,Online Marketing Specialist,0,0,0.999908983707428,9.101629257202148e-05,0.05,1,BERT:bert_class_weighted,Class weight
1123,emscad_07861,"Vend is looking for some awesome new talent to come join us. You'll be working in an awesome team doing awesome things, ",Developers,0,0,0.9999135136604309,8.64863395690918e-05,0.05,1,BERT:bert_class_weighted,Class weight
1124,emscad_07867,"Cin7 is total inventory, warehouse and point of sale cloud software in one seamless system. Used by retail, wholesale an",Marketing Manager,0,0,0.9998915195465088,0.00010848045349121094,0.05,1,BERT:bert_class_weighted,Class weight
1125,emscad_07869,The Beans Group is a media company that exists to empower young people to thrive. We have been on an exponential growth ,Web Designer - London,0,0,0.9999274611473083,7.253885269165039e-05,0.05,1,BERT:bert_class_weighted,Class weight
1126,emscad_07893,"We are a leading Electrical Contractor and IBEW signatory, and take pride in the skill level and productivity of our wor",Operations Manager,0,0,0.9999027848243713,9.721517562866211e-05,0.05,1,BERT:bert_class_weighted,Class weight
1127,emscad_07908,"Babbel enables anyone to learn languages in an easy and interactive way. The learning system offers 13 languages, from E",Online Marketing Manager France,0,0,0.9999145269393921,8.547306060791016e-05,0.05,1,BERT:bert_class_weighted,Class weight
1128,emscad_07917,"Founded at the beginning of 2013, the startup #URL_1126a42ca4e3346cc3e1a08fbb8e4c3f867169c63a14fc3710ba1f37c6c0e928# is ",(Internship) PR / Event Manager Assistant,0,0,0.9999148845672607,8.511543273925781e-05,0.05,1,BERT:bert_class_weighted,Class weight
1129,emscad_07928,ding* is the world’s largest top-up provider. Created to help people working abroad to support and keep in touch with lo,Customer Care Agent (Night Shift),0,0,0.9999145269393921,8.547306060791016e-05,0.05,1,BERT:bert_class_weighted,Class weight
1130,emscad_07929,#URL_c379aa631173ed5b7c345ab3f500a9a053e509138ca70e52c1088e5a784dc8d7# is a modern online travel agency that was founded,Internship in Marketing Department,0,0,0.9999227523803711,7.724761962890625e-05,0.05,1,BERT:bert_class_weighted,Class weight
1131,emscad_07945,"Since 2005, American Secured Benefits, a leading financial planning and insurance brokerage company, has helped thousand",Sales Representative,1,0,0.9998936057090759,0.00010639429092407227,0.05,0,BERT:bert_class_weighted,Class weight
1132,emscad_07956,"With offices across UK, mainland Europe, Australia, New Zealand, and the United States, Squiz helps clients across the g",Digital Account Manager,0,0,0.999923050403595,7.69495964050293e-05,0.05,1,BERT:bert_class_weighted,Class weight
1133,emscad_07958,"Floored is a New York City–based company that creates interactive 3d graphics for commercial, residential, industrial, &",Blender Developer,0,0,0.9999000430107117,9.995698928833008e-05,0.05,1,BERT:bert_class_weighted,Class weight
1134,emscad_07974,hello world,Software Engineer,0,0,0.9999240040779114,7.599592208862305e-05,0.05,1,BERT:bert_class_weighted,Class weight
1135,emscad_07978,Work at dxw,Administrator / EA,0,0,0.9999218583106995,7.814168930053711e-05,0.05,1,BERT:bert_class_weighted,Class weight
1136,emscad_07979,"Neusoft America is a division of Neusoft, the largest IT Solutions & Services provider in China with a US presence that ",Senior Account Executive - Embedded Solutions,0,0,0.9998936057090759,0.00010639429092407227,0.05,1,BERT:bert_class_weighted,Class weight
1137,emscad_07987,We're looking for a passionate and entrepreneurial person with exceptional sales experience to join our growing team of ,Sales Associate,0,0,0.999907910823822,9.208917617797852e-05,0.05,1,BERT:bert_class_weighted,Class weight
1138,emscad_08022,"12-15 years of experience in Solution, Design and Development of web applications using the Java EE, Webservices, JMS, X",Sr Java Developer/Lead/Architect,0,0,0.9976081848144531,0.002391815185546875,0.05,1,BERT:bert_class_weighted,Class weight
1139,emscad_08026,Trading Economics provides its users with accurate information for 232 countries including historical data for more than,Web Developer,0,0,0.9999027848243713,9.721517562866211e-05,0.05,1,BERT:bert_class_weighted,Class weight
1140,emscad_08047,Soft ware Com petitiveness International (SOFTCOM INTERNATIONAL) is characterized for personel excellence .,"Senior Software Engineers, C++ for AUTOMOTIVE",0,0,0.999869704246521,0.0001302957534790039,0.05,1,BERT:bert_class_weighted,Class weight
1141,emscad_08051,Are you aged 16 to 21 and looking to get a flying start in your career?,Junior Pa,0,0,0.99988853931427,0.00011146068572998047,0.05,1,BERT:bert_class_weighted,Class weight
1142,emscad_08069,"We are a small team changing the way everyone thinks and deals with tax. It does not have to be a pain, boring and ugly.",Python Backend Engineers,0,0,0.9998822808265686,0.00011771917343139648,0.05,1,BERT:bert_class_weighted,Class weight
1143,emscad_08078,Key Responsibilities,Regional Change Consultant,0,0,0.9988327026367188,0.00116729736328125,0.05,1,BERT:bert_class_weighted,Class weight
1144,emscad_08082,EUROPEAN DYNAMICS (#URL_c66532ffa1ce76ab447da6774719060c42c584edbf44d74cdb94fc4ac219ca45#) is a leading European Softwar,Test Automation Engineer,0,0,0.9998840689659119,0.00011593103408813477,0.05,1,BERT:bert_class_weighted,Class weight
1145,emscad_08085,Massive Media is the social media company behind the successful digital brands #URL_18234f381f5e7b9a9ffdc727cd05c9046edf,Cloud Engineer,0,0,0.9999237060546875,7.62939453125e-05,0.05,1,BERT:bert_class_weighted,Class weight
1146,emscad_08092,Existanze Integrated Solutions was founded in 2005 and has established itself as a company with deep technical knowledge,Web Developer,0,0,0.9999068379402161,9.316205978393555e-05,0.05,1,BERT:bert_class_weighted,Class weight
1147,emscad_08094,"Novitex Enterprise Solutions, formerly Pitney Bowes Management Services, delivers innovative document and communications",Customer Service Associate,0,0,0.9999194145202637,8.058547973632812e-05,0.05,1,BERT:bert_class_weighted,Class weight
1148,emscad_08109,"LEI Home Enhancements, is an Ohio based company that has been installing windows, siding, doors and decks in homes throu",***NEEDED 15-20 CUSTOMER SERVICE REPS,0,0,0.9998534917831421,0.00014650821685791016,0.05,1,BERT:bert_class_weighted,Class weight
1149,emscad_08113,"Shapeways is the leading 3D printing marketplace and community, empowering designers to bring amazing products to life. ",Database Administrator,0,0,0.9999221563339233,7.784366607666016e-05,0.05,1,BERT:bert_class_weighted,Class weight
1150,emscad_08126,"Infolob Solutions is a leader in Managed IT services, Enterprise Application Software, IT staffing and Consulting and Ap",Need a Documentum developer,0,0,0.9997636079788208,0.00023639202117919922,0.05,1,BERT:bert_class_weighted,Class weight
1151,emscad_08134,Position: ETL Hadoop Developer,ETL Hadoop Developer,0,0,0.9972896575927734,0.0027103424072265625,0.05,1,BERT:bert_class_weighted,Class weight
1152,emscad_08139,EUROPEAN DYNAMICS (#URL_c66532ffa1ce76ab447da6774719060c42c584edbf44d74cdb94fc4ac219ca45#) is a leading European Softwar,"SharePoint Administrator/Developer (SharePoint 2007/2010, SharePoint Designer)",0,0,0.9999086260795593,9.137392044067383e-05,0.05,1,BERT:bert_class_weighted,Class weight
1153,emscad_08140,"SampraSoft is a fast growing IT solutions company headquartered in Atlanta, GA, USA, specialized in IT consulting, Staff",Tibco Architect,0,0,0.9998059272766113,0.00019407272338867188,0.05,1,BERT:bert_class_weighted,Class weight
1154,emscad_08142,"Babbel enables anyone to learn languages in an easy and interactive way. The learning system offers 13 languages, from E",Freelance Authors and Editors (m/f) for Indonesian Courses,0,0,0.9999161958694458,8.380413055419922e-05,0.05,1,BERT:bert_class_weighted,Class weight
1155,emscad_08145,"Since Pilot is dynamically developing, we are constantly looking for new people to join our team. If you want to be a pa",Senior iOS Developer,0,0,0.9997453689575195,0.00025463104248046875,0.05,1,BERT:bert_class_weighted,Class weight
1156,emscad_08191,Transifex is a SaaS continuous localization platform powering the process of launching products into multiple languages ,iOS Mobile Engineer,0,0,0.999880850315094,0.00011914968490600586,0.05,1,BERT:bert_class_weighted,Class weight
1157,emscad_08194,"The Accounting Clerk will work in a team environment providing general clerical, accounting and office support. Primary ",Accounting Clerk $15/hr,0,0,0.9998858571052551,0.00011414289474487305,0.05,1,BERT:bert_class_weighted,Class weight
1158,emscad_08203,"TapHunter ( #URL_95b1bf876c79465b7a563292438e8293a651920b605b528509c8d4c14bfc174e# ) provides bars, restaurants, bottle ",Marketing & Sales Support,0,0,0.9999184608459473,8.153915405273438e-05,0.05,1,BERT:bert_class_weighted,Class weight
1159,emscad_08206,Interactive Strategies is a boutique digital agency whose strength lies in understanding the complex relationship that e,Drupal Developer,0,0,0.9999111294746399,8.887052536010742e-05,0.05,1,BERT:bert_class_weighted,Class weight
1160,emscad_08207,Massive Media is the social media company behind the successful digital brands #URL_18234f381f5e7b9a9ffdc727cd05c9046edf,Loyalty Marketing Manager - Netlog,0,0,0.9999194145202637,8.058547973632812e-05,0.05,1,BERT:bert_class_weighted,Class weight
1161,emscad_08209,Take Out Brands is a food franchise business with a #URL_4524df5c91ce800c4ba16ef1406d622db7d51d37105a7fcee27521e61854615,Graduate Marketing Executive,0,0,0.9999242424964905,7.575750350952148e-05,0.05,1,BERT:bert_class_weighted,Class weight
1162,emscad_08217,Kettle is an independent digital agency based in New York City and the Bay Area. We’re committed to making digital do mo,Senior Digital Producer,0,0,0.9999248385429382,7.516145706176758e-05,0.05,1,BERT:bert_class_weighted,Class weight
1163,emscad_08253,"Why Choose AECOM? Imagine working for a truly global company whose 45,000 employees share a singular passion: to make th",Civil Engineer II,1,1,0.0009765625,0.9990234375,0.05,1,BERT:bert_class_weighted,Class weight
1164,emscad_08254,Our History,Inside Sales Representative (LA/OC),0,0,0.9998911023139954,0.00010889768600463867,0.05,1,BERT:bert_class_weighted,Class weight
1165,emscad_08270,We Provide Full Time Permanent Positions for many medium to large US companies. We are interested in finding/recruiting ,Project Cost Estimating Engineer II - SAP MS Office - TX,0,0,0.9998676776885986,0.0001323223114013672,0.05,1,BERT:bert_class_weighted,Class weight
1166,emscad_08278,#URL_c379aa631173ed5b7c345ab3f500a9a053e509138ca70e52c1088e5a784dc8d7# is a modern online travel agency that was founded,Internship in Content Team,0,0,0.9999224543571472,7.75456428527832e-05,0.05,1,BERT:bert_class_weighted,Class weight
1167,emscad_08279,"Vend is looking for some awesome new talent to come join us. You'll be working in an awesome team doing awesome things, ",Community Manager,0,0,0.9999093413352966,9.065866470336914e-05,0.05,1,BERT:bert_class_weighted,Class weight
1168,emscad_08290,NOW: Pensions is a UK based multi-employer trust serving thousands of employers and hundreds of thousands of employees f,3x Data Analyst (6 months fixed-term),0,0,0.9999107718467712,8.922815322875977e-05,0.05,1,BERT:bert_class_weighted,Class weight
1169,emscad_08301,Varsity is a managed IT service provider serving non-profits and education institutions throughout the San Francisco Bay,Information Technology Associate,0,0,0.9999171495437622,8.285045623779297e-05,0.05,1,BERT:bert_class_weighted,Class weight
1170,emscad_08306,Zaius is a digital intuition platform enabling companies to optimize consumer experiences across channels. We're poised ,UI Designer,0,0,0.9999046325683594,9.5367431640625e-05,0.05,1,BERT:bert_class_weighted,Class weight
1171,emscad_08318,Envision Consulting conducts retained searches for nonprofit clients seeking to expand and enhance their mission through,PT Programs and Events Coordinator,0,0,0.9999125003814697,8.749961853027344e-05,0.05,1,BERT:bert_class_weighted,Class weight
1172,emscad_08320,"hedgehog lab is a post-PC digital agency. We architect, design, develop, and market apps & digital solutions for phones,",Project Manager,0,0,0.9999178051948547,8.219480514526367e-05,0.05,1,BERT:bert_class_weighted,Class weight
1173,emscad_08327,Who are we?,Front-End Designer / Developer,0,0,0.9999093413352966,9.065866470336914e-05,0.05,1,BERT:bert_class_weighted,Class weight
1174,emscad_08330,"Pricing Recruiters is the leading global resource for the procurement, vetting and placement of qualified, pricing and p","Alliance Data - Manager, Pricing & Profit Analysis",0,0,0.9999111294746399,8.887052536010742e-05,0.05,1,BERT:bert_class_weighted,Class weight
1175,emscad_08333,#URL_e837e935106c9b32dff718b3aff43001785693e48a3ebed31444faf85ee2da31# (“PPH”) is a global online services marketplace t,UX / UI Designer,0,0,0.9999221563339233,7.784366607666016e-05,0.05,1,BERT:bert_class_weighted,Class weight
1176,emscad_08337,"Interana is for interactive exploration of event data. With a simple, interactive interface, Interana enables people to ",Full Stack/Python App Engineer,0,0,0.999815821647644,0.00018417835235595703,0.05,1,BERT:bert_class_weighted,Class weight
1177,emscad_08350,We help teachers get safe & secure jobs abroad :),Graduates: English Teacher Abroad (Conversational),0,0,0.9998961091041565,0.00010389089584350586,0.05,1,BERT:bert_class_weighted,Class weight
1178,emscad_08356,"Based in Hoxton, London, Forward Partners are a “startup catalyst”, combining investment with practical hands-on experti",Head of Customer Acquisition at SPOKE,0,0,0.9999277591705322,7.224082946777344e-05,0.05,1,BERT:bert_class_weighted,Class weight
1179,emscad_08360,Zylun’s mission is to help small and medium size enterprises take advantage of a highly skilled global workforce in a si,LINUX SYSTEM ADMINISTRATOR,0,0,0.9999068379402161,9.316205978393555e-05,0.05,1,BERT:bert_class_weighted,Class weight
1180,emscad_08371,Why CSD?,Community Support Specialist (PT),0,0,0.9998494386672974,0.00015056133270263672,0.05,1,BERT:bert_class_weighted,Class weight
1181,emscad_08373,"#URL_31fdc354999cbb96507ebbe4e9c4aa7eed5edd0dd1c0816b36e0f4c681f01fac# is a marketplace for Bitcoin, everyone’s favourit","Remote support, AU timezone (UTC+10)",0,0,0.9998977184295654,0.00010228157043457031,0.05,1,BERT:bert_class_weighted,Class weight
1182,emscad_08386,ECG Studio is a process design and visual communication consultancy empowering change makers.,Sr. Business Process Analyst,0,0,0.9999248385429382,7.516145706176758e-05,0.05,1,BERT:bert_class_weighted,Class weight
1183,emscad_08412,"Stokes Automotive Group-Beaufort is a family owned and operated dealer group in Beaufort, SC. Stokes is the leader in th",Sales Consultant,0,0,0.9998458623886108,0.00015413761138916016,0.05,1,BERT:bert_class_weighted,Class weight
1184,emscad_08414,EUROPEAN DYNAMICS (#URL_c66532ffa1ce76ab447da6774719060c42c584edbf44d74cdb94fc4ac219ca45#) is a leading European Softwar,Solution Architect,0,0,0.9998893737792969,0.000110626220703125,0.05,1,BERT:bert_class_weighted,Class weight
1185,emscad_08424,Outstanding Member Service Starts With Outstanding People,Call Center Manager,0,0,0.9999161958694458,8.380413055419922e-05,0.05,1,BERT:bert_class_weighted,Class weight
1186,emscad_08446,Responsibilities: Electrical and project engineering work involving support of Gypsum divisional operations through desi,DIVISION ELECTRICAL ENGINEER,1,0,0.9989719390869141,0.0010280609130859375,0.05,0,BERT:bert_class_weighted,Class weight
1187,emscad_08458,Filament Labs is building Patient IOTM — a care plan platform.,Android Engineer at high growth health IT startup,0,0,0.9999107718467712,8.922815322875977e-05,0.05,1,BERT:bert_class_weighted,Class weight
1188,emscad_08479,Human capital is usually the biggest asset and expense for a company. Making the right hire – the first time – is critic,Medical Director,0,0,0.9999184608459473,8.153915405273438e-05,0.05,1,BERT:bert_class_weighted,Class weight
1189,emscad_08494,PROSULTING IS PEOPLE The ProSulting difference is easy to see. Our passion for delivering qualified pre-screened personn,Controller,0,0,0.9999096989631653,9.03010368347168e-05,0.05,1,BERT:bert_class_weighted,Class weight
1190,emscad_08521,Our History,Desktop Support Lead,0,0,0.9999104142189026,8.958578109741211e-05,0.05,1,BERT:bert_class_weighted,Class weight
1191,emscad_08535,About the Company,Product Manager: Mobile,0,0,0.9999203085899353,7.969141006469727e-05,0.05,1,BERT:bert_class_weighted,Class weight
1192,emscad_08538,WHY WORK AT IMAGINET,SharePoint Project Manager,0,0,0.9999107718467712,8.922815322875977e-05,0.05,1,BERT:bert_class_weighted,Class weight
1193,emscad_08556,"Pricing Recruiters is the leading global resource for the procurement, vetting and placement of qualified, pricing and p","J.P. Morgan - Associate, Pricing Direct",0,0,0.9999075531959534,9.244680404663086e-05,0.05,1,BERT:bert_class_weighted,Class weight
1194,emscad_08559,"Joist is a platform for trades contractors that allows them to estimate, invoice, accept payments, & much more!",Front-End Web Engineer,0,0,0.9999161958694458,8.380413055419922e-05,0.05,1,BERT:bert_class_weighted,Class weight
1195,emscad_08565,"Growing event production company providing staging, scenic, and drapery primarily in the state of Florida. We have a sec",Installers,0,0,0.9998906850814819,0.0001093149185180664,0.05,1,BERT:bert_class_weighted,Class weight
1196,emscad_08567,About us,ESL Teacher,0,0,0.9999141693115234,8.58306884765625e-05,0.05,1,BERT:bert_class_weighted,Class weight
1197,emscad_08568,"Novitex Enterprise Solutions, formerly Pitney Bowes Management Services, delivers innovative document and communications",Customer Service Associate,0,0,0.9999240040779114,7.599592208862305e-05,0.05,1,BERT:bert_class_weighted,Class weight
1198,emscad_08570,"We're an emerging technology agency, and we build breakthrough products through user-centered design. We're building a t",Keep in touch,0,0,0.990081787109375,0.009918212890625,0.05,1,BERT:bert_class_weighted,Class weight
1199,emscad_08585,"Novitex Enterprise Solutions, formerly Pitney Bowes Management Services, delivers innovative document and communications",Customer Service Associate,0,0,0.9999209642410278,7.903575897216797e-05,0.05,1,BERT:bert_class_weighted,Class weight
1200,emscad_08588,Find more jobs at #URL_1efb08d6a6da1c56afb2d0c686e1ed0dc14d0fbcb22482369e8a69999aa0d278#,PACU RN,1,1,0.0,1.0,0.05,1,BERT:bert_class_weighted,Class weight
1201,emscad_08593,We Provide Full Time Permanent Positions for many medium to large US companies. We are interested in finding/recruiting ,Corporate Logistics Manager - Materials Management - MS,0,0,0.9998936057090759,0.00010639429092407227,0.05,1,BERT:bert_class_weighted,Class weight
1202,emscad_08602,Apply using below link,RN PACU,1,1,0.0,1.0,0.05,1,BERT:bert_class_weighted,Class weight
1203,emscad_08605,"Novitex Enterprise Solutions, formerly Pitney Bowes Management Services, delivers innovative document and communications",Associate Receptionist,0,0,0.999920666217804,7.933378219604492e-05,0.05,1,BERT:bert_class_weighted,Class weight
1204,emscad_08608,Virteva delivers managed IT services and project-based consulting services that optimize our customer’s IT infrastructur,IT Consultant,0,0,0.9999148845672607,8.511543273925781e-05,0.05,1,BERT:bert_class_weighted,Class weight
1205,emscad_08615,"Knowit består av 1800 spesialister som jobber i skjæringspunktet mellom strategi, kreativitet og teknologi. Kulturen vår",Hvilke APPS vil du skape?,0,0,0.9997748136520386,0.00022518634796142578,0.05,1,BERT:bert_class_weighted,Class weight
1206,emscad_08623,"We're an emerging technology agency, and we build breakthrough products through user-centered design. We're building a t",Contract Product Designer,0,0,0.9999054074287415,9.459257125854492e-05,0.05,1,BERT:bert_class_weighted,Class weight
1207,emscad_08624,Human capital is usually the biggest asset and expense for a company. Making the right hire – the first time – is critic,Vice President of Finance,0,0,0.999907910823822,9.208917617797852e-05,0.05,1,BERT:bert_class_weighted,Class weight
1208,emscad_08636,"With $4 billion under active management, Bessemer Venture Partners is a global venture capital firm with offices in Sili",Analyst,0,0,0.9983186721801758,0.0016813278198242188,0.05,1,BERT:bert_class_weighted,Class weight
1209,emscad_08645,We launched Involvio as students at Drexel University in Philadelphia out of our frustration that keeping track of event,Customer Success Associate,0,0,0.9999125003814697,8.749961853027344e-05,0.05,1,BERT:bert_class_weighted,Class weight
1210,emscad_08651,We're hiring!,Social Media Intern,0,0,0.9999168515205383,8.314847946166992e-05,0.05,1,BERT:bert_class_weighted,Class weight
1211,emscad_08656,Massive Media is the social media company behind the successful digital brands #URL_18234f381f5e7b9a9ffdc727cd05c9046edf,Business Developer - Netlog,0,0,0.999920666217804,7.933378219604492e-05,0.05,1,BERT:bert_class_weighted,Class weight
1212,emscad_08657,We are looking for someone to telecommute (work from home) as a Marketing Assistant. This is an independent contractor p,Marketing Assistant,0,0,0.998504638671875,0.001495361328125,0.05,1,BERT:bert_class_weighted,Class weight
1213,emscad_08658,Soft ware Com petitiveness International (SOFTCOM INTERNATIONAL) is characterized for personel excellence .,"Senior Software Engineers, C++ for AUTOMOTIVE",0,0,0.9998639822006226,0.0001360177993774414,0.05,1,BERT:bert_class_weighted,Class weight
1214,emscad_08661,Why CSD?,Operation Specialist | Recruiter,0,0,0.9998919367790222,0.0001080632209777832,0.05,1,BERT:bert_class_weighted,Class weight
1215,emscad_08663,Drupal Developer Job opportunity in Washington DC - USA,Drupal Developer,0,0,0.9997522830963135,0.00024771690368652344,0.05,1,BERT:bert_class_weighted,Class weight
1216,emscad_08664,"Valor Services provides Workforce Solutions that meet the needs of companies across the Private Sector, with a special f",Frac Supervisor,0,0,0.9999054074287415,9.459257125854492e-05,0.05,1,BERT:bert_class_weighted,Class weight
1217,emscad_08673,"Founded by John A. Sobrato in 1979 and led by CEO John M. Sobrato and President Rob Hollister, The Sobrato Organization ",Accounting Manager,0,0,0.9997463226318359,0.0002536773681640625,0.05,1,BERT:bert_class_weighted,Class weight
1218,emscad_08685,We are seeking individuals to be connected with companies who are hiring employees directly to work from their homes. Yo,Data Entry / Customer Service,1,1,0.0,1.0,0.05,1,BERT:bert_class_weighted,Class weight
1219,emscad_08695,The Beans Group is a media company that exists to empower young people to thrive. We have been on an exponential growth ,Event Sales Manager,0,0,0.9999245405197144,7.545948028564453e-05,0.05,1,BERT:bert_class_weighted,Class weight
1220,emscad_08697,"Here is the requirement mentioned below. Please respond with Resume, and Phone number Reply me ASAP...",IOS Lead Developer at MA,0,0,0.9939155578613281,0.006084442138671875,0.05,1,BERT:bert_class_weighted,Class weight
1221,emscad_08699,InVision is a venture-backed startup working to create the world's best design communication and collaboration platform.,Director of Growth (remote/telecommute),0,0,0.999923050403595,7.69495964050293e-05,0.05,1,BERT:bert_class_weighted,Class weight
1222,emscad_08711,Upstream’s mission is to revolutionise the way companies market to consumers through cutting edge technology. This is an,Applications Administrator,0,0,0.9999212622642517,7.873773574829102e-05,0.05,1,BERT:bert_class_weighted,Class weight
1223,emscad_08712,Upstream’s mission is to revolutionise the way companies market to consumers through cutting edge technology. This is an,Java Developer,0,0,0.9999187588691711,8.124113082885742e-05,0.05,1,BERT:bert_class_weighted,Class weight
1224,emscad_08723,"Position :Manager, Software Development Job Type : Full Time Job Location : Washington–Bellevue Us work status required ",Hiring for Business Intelligence and Analytics Project Manager,1,1,0.005859375,0.994140625,0.05,1,BERT:bert_class_weighted,Class weight
1225,emscad_08724,PROSULTING IS PEOPLE The ProSulting difference is easy to see. Our passion for delivering qualified pre-screened personn,Controller,0,0,0.9999096989631653,9.03010368347168e-05,0.05,1,BERT:bert_class_weighted,Class weight
1226,emscad_08733,SilverStripe CMS & Framework is an open source platform of web development tools. The platform is curated by SilverStrip,Development Manager,0,0,0.9999135136604309,8.64863395690918e-05,0.05,1,BERT:bert_class_weighted,Class weight
1227,emscad_08741,"Novitex Enterprise Solutions, formerly Pitney Bowes Management Services, delivers innovative document and communications",Customer Service Associate,0,0,0.9999224543571472,7.75456428527832e-05,0.05,1,BERT:bert_class_weighted,Class weight
1228,emscad_08742,Established on the principles that full time education is not for everyone Spectrum Learning is made up of a team of pas,Content Writer,0,0,0.9999158382415771,8.416175842285156e-05,0.05,1,BERT:bert_class_weighted,Class weight
1229,emscad_08744,Netigate is a leading European provider of cloud based services for online surveys that are primarily used for voice of ,Mobile Experience Manager till Electrolux,0,0,0.9999178051948547,8.219480514526367e-05,0.05,1,BERT:bert_class_weighted,Class weight
1230,emscad_08781,The AdPilot is a startup working on the automation of Google AdWords for eshops. We believe that online advertising is t,Web Developer intern,0,0,0.9999248385429382,7.516145706176758e-05,0.05,1,BERT:bert_class_weighted,Class weight
1231,emscad_08782,"HSAGlobal specialises in solutions enabling connected care, to reduce the impact of the heaviest users on the healthcare",Senior and Intermediate C# Developers,0,0,0.999919056892395,8.094310760498047e-05,0.05,1,BERT:bert_class_weighted,Class weight
1232,emscad_08793,Shape the Future.,Operations and Planning Associate,0,0,0.9998911023139954,0.00010889768600463867,0.05,1,BERT:bert_class_weighted,Class weight
1233,emscad_08811,How often do you see the combination of solid history and explosive innovation? Hydro-Thermal is a global manufacturing ,Mechanical Designer,0,0,0.9997439384460449,0.0002560615539550781,0.05,1,BERT:bert_class_weighted,Class weight
1234,emscad_08825,Positionly Inc. is a company that provides the highest quality SEO software for 2000+ companies worldwide. Our product o,Ruby on Rails Engineer,0,0,0.9998176097869873,0.0001823902130126953,0.05,1,BERT:bert_class_weighted,Class weight
1235,emscad_08830,"Lakefront Brewery is a leader in brewing the best beers in Milwaukee. Founded in 1987, Lakefront has been brewing for mo",Front of House Manager,0,0,0.999887228012085,0.00011277198791503906,0.05,1,BERT:bert_class_weighted,Class weight
1236,emscad_08844,WannaYum is a user-centric mobile food-ordering platform that attracts and retains customers through a proprietary embed,Community Support Representative - New York City,0,0,0.9998893737792969,0.000110626220703125,0.05,1,BERT:bert_class_weighted,Class weight
1237,emscad_08846,"At Hayes-Corp, we create the fun stuff. With a focus on software development for mobile platforms, we are constantly loo","Administrative Assistant (Digital, Tech, Ops)",0,0,0.9999209642410278,7.903575897216797e-05,0.05,1,BERT:bert_class_weighted,Class weight
1238,emscad_08851,Welcome to our Careers section. Please review the positions we are currently hiring for and apply to the ones that inter,Sr. Software Engineer for Java,0,0,0.9999125003814697,8.749961853027344e-05,0.05,1,BERT:bert_class_weighted,Class weight
1239,emscad_08855,JustUnfollow powers Twitter and Instagram connections. Network better and reach the right people on these social platfor,Backend Developer,0,0,0.999907910823822,9.208917617797852e-05,0.05,1,BERT:bert_class_weighted,Class weight
1240,emscad_08859,CallCentre People Recruitment is recognised as being specialists within the CallCentre industry.,Inbound Customer Service Representative,0,0,0.9999187588691711,8.124113082885742e-05,0.05,1,BERT:bert_class_weighted,Class weight
1241,emscad_08867,Wedo is a collection of niched e-commerce stores which aim to be the first destination for online shoppers buying in the,Inventory Planning Manager,0,0,0.999925434589386,7.456541061401367e-05,0.05,1,BERT:bert_class_weighted,Class weight
1242,emscad_08868,Wedo is a collection of niched e-commerce stores which aim to be the first destination for online shoppers buying in the,Ecommerce Analyst,0,0,0.9999227523803711,7.724761962890625e-05,0.05,1,BERT:bert_class_weighted,Class weight
1243,emscad_08870,"Our client is one of the leading SaaS-based providers of clinical and financial software for home care, hospice and priv",Software Engineer,0,0,0.9998906850814819,0.0001093149185180664,0.05,1,BERT:bert_class_weighted,Class weight
1244,emscad_08876,"Gelato Group is a SaaS company. We've developed a global print engine integrated with the print ecosystem’s key players,",Business Developer - Gelato Air,0,0,0.9998813271522522,0.00011867284774780273,0.05,1,BERT:bert_class_weighted,Class weight
1245,emscad_08886,We’re always looking for highly motivated “founder-types” to join us as we grow. Here’s what you need to know.,Chief of Staff,0,0,0.9998747110366821,0.0001252889633178711,0.05,1,BERT:bert_class_weighted,Class weight
1246,emscad_08887,"Saberlight Digital is an ambitious and fast-growing strategic web design agency based in the Northern Design Centre, Gat",Web/Ux Designer,0,0,0.9998980760574341,0.00010192394256591797,0.05,1,BERT:bert_class_weighted,Class weight
1247,emscad_08898,Young & Shand is a full service digital agency that loves a challenge.,Financial Analyst,0,0,0.999923050403595,7.69495964050293e-05,0.05,1,BERT:bert_class_weighted,Class weight
1248,emscad_08915,We’re on a mission to identify a smart and engaging Front-End Developer to join our client’s engineering team. We know y,Front End Web Developer,0,0,0.9998211860656738,0.00017881393432617188,0.05,1,BERT:bert_class_weighted,Class weight
1249,emscad_08927,StartupTAP is not a conventional recruiting agency. We're true Talent Acquisition Partners.,Account Executive - St Louis,0,0,0.9999209642410278,7.903575897216797e-05,0.05,1,BERT:bert_class_weighted,Class weight
1250,emscad_08928,"Equinix is the leading global interconnection platform, accelerating business performance by connecting companies to the","Sr. Manager, Global Solutions Architects",0,0,0.9998919367790222,0.0001080632209777832,0.05,1,BERT:bert_class_weighted,Class weight
1251,emscad_08953,Monitors the economic aspect of the Group’s new projects,FINANCIAL BUSINESS COORDINATOR,0,0,0.99988853931427,0.00011146068572998047,0.05,1,BERT:bert_class_weighted,Class weight
1252,emscad_08965,RECENT GRADUATES APPLY ONLY!,Seeking Chef (Recent Graduate only),0,0,0.9995617866516113,0.0004382133483886719,0.05,1,BERT:bert_class_weighted,Class weight
1253,emscad_08984,"Novitex Enterprise Solutions, formerly Pitney Bowes Management Services, delivers innovative document and communications",Customer Service Associate,0,0,0.9999209642410278,7.903575897216797e-05,0.05,1,BERT:bert_class_weighted,Class weight
1254,emscad_08990,The Company Our software platform is driving next generation molecular sequencing that is profoundly changing the way we,Senior Java Developer,0,0,0.9997730255126953,0.0002269744873046875,0.05,1,BERT:bert_class_weighted,Class weight
1255,emscad_08998,You will collaborate with the team leader and application development management and development staff to develop techni,Senior JAVA Developer,0,0,0.9989833831787109,0.0010166168212890625,0.05,1,BERT:bert_class_weighted,Class weight
1256,emscad_08999,"Lost My Name combines the power of storytelling with the possibilities of technology to make magical, personalised books",Data analyst intership (paid),0,0,0.9999168515205383,8.314847946166992e-05,0.05,1,BERT:bert_class_weighted,Class weight
1257,emscad_09000,"Mention changes the way you monitor the web. Create keyword-based alerts on your company name, your brand, and your comp",Front End Developer,0,0,0.9998948574066162,0.00010514259338378906,0.05,1,BERT:bert_class_weighted,Class weight
1258,emscad_09002,"We’re looking for outstanding engineers to join our team! If you have a passion for gameplay, physics, networking, tools",Senior Software Engineer,0,0,0.9996109008789062,0.00038909912109375,0.05,1,BERT:bert_class_weighted,Class weight
1259,emscad_09006,WHO WE ARE? MILLER & ASSOCIATES IS AN ENTERPRISE SOFTWARE SOLUTIONS COMPANY.,BusinessObjects,0,0,0.9998818039894104,0.00011819601058959961,0.05,1,BERT:bert_class_weighted,Class weight
1260,emscad_09015,"Founded in 2010 by a team from Google’s London and New York offices, Qubit work with some of the biggest names in Online",Junior Digital Designer,0,0,0.9999260306358337,7.396936416625977e-05,0.05,1,BERT:bert_class_weighted,Class weight
1261,emscad_09016,PROSULTING IS PEOPLE The ProSulting difference is easy to see. Our passion for delivering qualified pre-screened personn,Controller,0,0,0.9999096989631653,9.03010368347168e-05,0.05,1,BERT:bert_class_weighted,Class weight
1262,emscad_09023,Established on the principles that full time education is not for everyone Spectrum Learning is made up of a team of pas,Wakefield Social Media Apprenticeship Under NAS 16-18 Year Olds Only,0,0,0.9999257326126099,7.426738739013672e-05,0.05,1,BERT:bert_class_weighted,Class weight
1263,emscad_09027,Fundation is a technology-empowered direct lender that delivers small balance commercial loans nationwide. The firm prov,Customer Relationship Manager,0,0,0.9998940229415894,0.00010597705841064453,0.05,1,BERT:bert_class_weighted,Class weight
1264,emscad_09029,We are testing a new program that allows people with a driven attitude to partner with a industry leader in sales. Learn,Appointment coordinator,0,0,0.9998736381530762,0.00012636184692382812,0.05,1,BERT:bert_class_weighted,Class weight
1265,emscad_09035,"Shyp is the easiest way to send anything, anywhere.",General Manager - Major Cities,0,0,0.9999178051948547,8.219480514526367e-05,0.05,1,BERT:bert_class_weighted,Class weight
1266,emscad_09036,We help teachers get safe & secure jobs abroad :),Graduates: English Teacher Abroad (Conversational),0,0,0.9998944401741028,0.0001055598258972168,0.05,1,BERT:bert_class_weighted,Class weight
1267,emscad_09048,"Fusemachines combines the power of Data Science, Artificial Intelligence and Natural Language Processing to build unique",Sales Intern,0,0,0.9999131560325623,8.684396743774414e-05,0.05,1,BERT:bert_class_weighted,Class weight
1268,emscad_09051,We help teachers get safe & secure jobs abroad :),English Teacher Overseas,0,0,0.9998747110366821,0.0001252889633178711,0.05,1,BERT:bert_class_weighted,Class weight
1269,emscad_09053,"At Hayes-Corp, we create the fun stuff. With a focus on software development for mobile platforms, we are constantly loo","Operations Assistant (Digital, Internet, Tech)",0,0,0.9999155402183533,8.445978164672852e-05,0.05,1,BERT:bert_class_weighted,Class weight
1270,emscad_09060,Le Meridien is situated in the heart of kuala lumpur's tourist centre. We provide and exciting and entertaining experien,Executive Chef,1,1,0.00048828125,0.99951171875,0.05,1,BERT:bert_class_weighted,Class weight
1271,emscad_09073,"Novitex Enterprise Solutions, formerly Pitney Bowes Management Services, delivers innovative document and communications",Sustainability Project Assistant - Part Time,0,0,0.9999221563339233,7.784366607666016e-05,0.05,1,BERT:bert_class_weighted,Class weight
1272,emscad_09085,Why CSD?,MN Domestic Violence Advocate (Part-time),0,0,0.9998952746391296,0.00010472536087036133,0.05,1,BERT:bert_class_weighted,Class weight
1273,emscad_09096,"Novitex Enterprise Solutions, formerly Pitney Bowes Management Services, delivers innovative document and communications",Conference & A/V Room Coordinator - Part Time,0,0,0.9999131560325623,8.684396743774414e-05,0.05,1,BERT:bert_class_weighted,Class weight
1274,emscad_09097,"Awarded by Expatriate Lifestyle Magazine with 2013 Best Business Hotel Excellence Award , Le Meridien Kuala Lumpur is th",Restaurant Manager - Le Meridien KL,1,1,0.00048828125,0.99951171875,0.05,1,BERT:bert_class_weighted,Class weight
1275,emscad_09112,Climate Corporation and Aptitude Staffing Solutions have partnered up in an effort to streamline the hiring process and ,Director of Engineering | Applications,1,1,0.00048828125,0.99951171875,0.05,1,BERT:bert_class_weighted,Class weight
1276,emscad_09125,"We, at TinyOwl, are starting a revolution- a food revolution! Our goal is to let your food be at your fingertips in a sm",Senior Executive,0,0,0.9999061226844788,9.387731552124023e-05,0.05,1,BERT:bert_class_weighted,Class weight
1277,emscad_09138,We believe cities are complicated. And your mobile device should save you from the everyday challenges of living in them,Web Developer,0,0,0.999923050403595,7.69495964050293e-05,0.05,1,BERT:bert_class_weighted,Class weight
1278,emscad_09154,Who are We?,Healthcare IT Recruiter,0,0,0.9999218583106995,7.814168930053711e-05,0.05,1,BERT:bert_class_weighted,Class weight
1279,emscad_09156,Applied Memetics LLC is a professional services company dedicated to integrating and delivering best practice communicat,Social Media/Video Editor,0,0,0.9999093413352966,9.065866470336914e-05,0.05,1,BERT:bert_class_weighted,Class weight
1280,emscad_09162,Why CSD?,Interpreter Service Relations Specialist,0,0,0.9999125003814697,8.749961853027344e-05,0.05,1,BERT:bert_class_weighted,Class weight
1281,emscad_09175,Why CSD?,Interpreter Service Relations Specialist,0,0,0.9999027848243713,9.721517562866211e-05,0.05,1,BERT:bert_class_weighted,Class weight
1282,emscad_09180,"#URL_31fdc354999cbb96507ebbe4e9c4aa7eed5edd0dd1c0816b36e0f4c681f01fac# is a marketplace for Bitcoin, everyone’s favourit",DevOps Engineer/Server specialist,0,0,0.99990314245224,9.685754776000977e-05,0.05,1,BERT:bert_class_weighted,Class weight
1283,emscad_09200,Why CSD?,Staff Interpreter (Part-time),0,0,0.9998984932899475,0.00010150671005249023,0.05,1,BERT:bert_class_weighted,Class weight
1284,emscad_09201,"Fusemachines combines the power of Data Science, Artificial Intelligence and Natural Language Processing to build unique",Director of Sales,0,0,0.9998845458030701,0.00011545419692993164,0.05,1,BERT:bert_class_weighted,Class weight
1285,emscad_09204,"Levo League is a thriving community of young professionals, role models, and innovative companies taking Gen Y by storm.",Full Stack Developer,0,0,0.9999178051948547,8.219480514526367e-05,0.05,1,BERT:bert_class_weighted,Class weight
1286,emscad_09207,"Novitex Enterprise Solutions, formerly Pitney Bowes Management Services, delivers innovative document and communications",Customer Service Associate,0,0,0.9999212622642517,7.873773574829102e-05,0.05,1,BERT:bert_class_weighted,Class weight
1287,emscad_09215,"Valor Services provides Workforce Solutions that meet the needs of companies across the Private Sector, with a special f",Accountant,0,0,0.9999046325683594,9.5367431640625e-05,0.05,1,BERT:bert_class_weighted,Class weight
1288,emscad_09222,CallCentre People Recruitment is recognised as being specialists within the CallCentre industry.,Contract Administrator,0,0,0.9999075531959534,9.244680404663086e-05,0.05,1,BERT:bert_class_weighted,Class weight
1289,emscad_09235,"Engagor is a venture backed startup founded in 2011, with offices in San Francisco and Belgium, Europe. Engagor is real-",Web Developer,0,0,0.9999197125434875,8.028745651245117e-05,0.05,1,BERT:bert_class_weighted,Class weight
1290,emscad_09238,Fortune Brands creates products and services that help fulfill the dreams of homeowners and help people feel more secure,Temporary Executive Assistant,0,0,0.9998780488967896,0.00012195110321044922,0.05,1,BERT:bert_class_weighted,Class weight
1291,emscad_09241,"HealthLink provides a computer communications system that links the information technology systems of more than 10,000 m",Content Manager/Medical Writer,0,0,0.999880850315094,0.00011914968490600586,0.05,1,BERT:bert_class_weighted,Class weight
1292,emscad_09246,Applied Memetics LLC is a professional services company dedicated to integrating and delivering best practice communicat,HAUSA RADIO/ANCHOR REPORTER,0,0,0.9999057650566101,9.423494338989258e-05,0.05,1,BERT:bert_class_weighted,Class weight
1293,emscad_09248,Upstream’s mission is to revolutionise the way companies market to consumers through cutting edge technology. This is an,Applications Administrator,0,0,0.9999212622642517,7.873773574829102e-05,0.05,1,BERT:bert_class_weighted,Class weight
1294,emscad_09253,"Tidewater Finance Co. was established in 1992 for the initial purpose of purchasing, and servicing retail installment co",Collection Account Representative,0,0,0.9998956918716431,0.0001043081283569336,0.05,1,BERT:bert_class_weighted,Class weight
1295,emscad_09256,Title:,Immidiately Needed Corporate Attorney,0,0,0.9996762275695801,0.0003237724304199219,0.05,1,BERT:bert_class_weighted,Class weight
1296,emscad_09280,"Novitex Enterprise Solutions, formerly Pitney Bowes Management Services, delivers innovative document and communications",Customer Service Associate,0,0,0.9999234080314636,7.659196853637695e-05,0.05,1,BERT:bert_class_weighted,Class weight
1297,emscad_09285,Can data be a thing of beauty? We think so.,Project Manager,0,0,0.9999171495437622,8.285045623779297e-05,0.05,1,BERT:bert_class_weighted,Class weight
1298,emscad_09293,"Founded in 1974 in Canada, and in 1985 in the U.S. as a specialty engineering and contracting company, Landmark works th",Systems Administrator,0,0,0.9999128580093384,8.71419906616211e-05,0.05,1,BERT:bert_class_weighted,Class weight
1299,emscad_09294,"ABC Supply Co., Inc. is the nation’s largest wholesale distributor of roofing and one of the largest distributors of sid",Warehouse/Driver,0,0,0.9999020099639893,9.799003601074219e-05,0.05,1,BERT:bert_class_weighted,Class weight
1300,emscad_09300,"We design, make and sell furniture, with a simple mission of getting beautifully crafted furniture from the workshop flo",Interior Stylist/ Producer,0,0,0.9999158382415771,8.416175842285156e-05,0.05,1,BERT:bert_class_weighted,Class weight
1301,emscad_09302,Trading Economics provides its users with accurate information for 232 countries including historical data for more than,DATA ANALYST,0,0,0.9998794794082642,0.00012052059173583984,0.05,1,BERT:bert_class_weighted,Class weight
1302,emscad_09306,establishing a detailed application specification through discussion;,Dev-Sales,0,0,0.9997560977935791,0.00024390220642089844,0.05,1,BERT:bert_class_weighted,Class weight
1303,emscad_09309,Established on the principles that full time education is not for everyone Spectrum Learning is made up of a team of pas,Oxford Customer Service Apprenticeship Under NAS 16-18 Year Olds Only,0,0,0.9999240040779114,7.599592208862305e-05,0.05,1,BERT:bert_class_weighted,Class weight
1304,emscad_09315,"Babbel enables anyone to learn languages in an easy and interactive way. The learning system offers 13 languages, from E",Project Manager Business Systems,0,0,0.9999082684516907,9.173154830932617e-05,0.05,1,BERT:bert_class_weighted,Class weight
1305,emscad_09325,"Shyp is the easiest way to send anything, anywhere.",Shyp Hero Courier - Los Angeles,0,0,0.9999114871025085,8.851289749145508e-05,0.05,1,BERT:bert_class_weighted,Class weight
1306,emscad_09336,We are a family run business that has been in operation for nearly 40 years. We value long term relationships and want t,Internet Coordinator,0,0,0.9999100565910339,8.994340896606445e-05,0.05,1,BERT:bert_class_weighted,Class weight
1307,emscad_09341,About the Company We are ticketscript - the European market leaders in digital self-ticketing. Whether it’s massive danc,Sales Manager NL,0,0,0.9999194145202637,8.058547973632812e-05,0.05,1,BERT:bert_class_weighted,Class weight
1308,emscad_09347,"Novitex Enterprise Solutions, formerly Pitney Bowes Management Services, delivers innovative document and communications",Mail Customer Service Associate 2 - Part Time,0,0,0.9999215602874756,7.843971252441406e-05,0.05,1,BERT:bert_class_weighted,Class weight
1309,emscad_09350,Millionaires In Training Recruiting Group specializes in placing qualified job seekers in the most successful direct sal,Sales Ambassadors,0,0,0.9999039173126221,9.608268737792969e-05,0.05,1,BERT:bert_class_weighted,Class weight
1310,emscad_09353,Shop Hers is the only peer-to-peer marketplace dedicated exclusively to pre-owned designer fashion. We curate a communit,Product Photographer,0,0,0.9999200105667114,7.998943328857422e-05,0.05,1,BERT:bert_class_weighted,Class weight
1311,emscad_09360,Visual BI is one of the leading and fastest growing firms focusing exclusively on BI & Analytics. Our offerings cover en,Top Star SAP BI Hire Program ( SAP BW / BO / HANA),0,0,0.9998522996902466,0.00014770030975341797,0.05,1,BERT:bert_class_weighted,Class weight
1312,emscad_09363,ding* is the world’s largest top-up provider. Created to help people working abroad to support and keep in touch with lo,Business Development Executive,0,0,0.9999174475669861,8.255243301391602e-05,0.05,1,BERT:bert_class_weighted,Class weight
1313,emscad_09369,Are you passionate about coding and problem solving? Are you excited about working in a dynamic environment where you wi,Software Developer,0,0,0.9998952746391296,0.00010472536087036133,0.05,1,BERT:bert_class_weighted,Class weight
1314,emscad_09390,"Crossroads Treatment Centers is a nationally-accredited, medication-assisted, out-patient program that delivers fast, ef",Administrative Assistant,0,0,0.9998300075531006,0.00016999244689941406,0.05,1,BERT:bert_class_weighted,Class weight
1315,emscad_09392,Ameritech Media wants to give industry thought-leaders the marketing communications they need to stay out in front. We’r,Business Development Manager,0,0,0.9999218583106995,7.814168930053711e-05,0.05,1,BERT:bert_class_weighted,Class weight
1316,emscad_09404,You have true passion for technology! – Serve the globe with your solutions. Join us as a passionate Developer of web-ba,Senior PHP Developer (m/f) - remote,0,0,0.9999027848243713,9.721517562866211e-05,0.05,1,BERT:bert_class_weighted,Class weight
1317,emscad_09413,We are growing...,Junior Graphic Designer,0,0,0.999897301197052,0.00010269880294799805,0.05,1,BERT:bert_class_weighted,Class weight
1318,emscad_09414,Want to build a 21st century financial service?,HR Intern (paid - immediate start),0,0,0.9999093413352966,9.065866470336914e-05,0.05,1,BERT:bert_class_weighted,Class weight
1319,emscad_09419,"Novitex Enterprise Solutions, formerly Pitney Bowes Management Services, delivers innovative document and communications",Customer Service Associate,0,0,0.9999171495437622,8.285045623779297e-05,0.05,1,BERT:bert_class_weighted,Class weight
1320,emscad_09420,"Advocate Construction is an up and coming leader in the disaster recovery industry, In early 2012, Advocate was founded ",Corporate Accountant CPA,0,0,0.9999168515205383,8.314847946166992e-05,0.05,1,BERT:bert_class_weighted,Class weight
1321,emscad_09427,"Vend is looking for some awesome new talent to come join us. You'll be working in an awesome team doing awesome things, ",People & Culture Manager - APAC,0,0,0.9999248385429382,7.516145706176758e-05,0.05,1,BERT:bert_class_weighted,Class weight
1322,emscad_09428,InVision is a venture-backed startup working to create the world's best design communication and collaboration platform.,Marketing Events Coordinator (remote/telecommute),0,0,0.999923050403595,7.69495964050293e-05,0.05,1,BERT:bert_class_weighted,Class weight
1323,emscad_09436,"Novitex Enterprise Solutions, formerly Pitney Bowes Management Services, delivers innovative document and communications",Customer Service Associate,0,0,0.9999227523803711,7.724761962890625e-05,0.05,1,BERT:bert_class_weighted,Class weight
1324,emscad_09437,The story of the Great Chicago Fire of 1871 isn’t really about the fire. It’s about what happened next: A remarkable mom,Director of Sales - Weave The People,0,0,0.9998880624771118,0.0001119375228881836,0.05,1,BERT:bert_class_weighted,Class weight
1325,emscad_09446,"Social Care Alba is the highest graded Care at Home Company in the country. We hold awards in Investors in People, Healt",Care Assistant (Personal Assistant),0,0,0.9999187588691711,8.124113082885742e-05,0.05,1,BERT:bert_class_weighted,Class weight
1326,emscad_09447,"Neusoft America is a division of Neusoft, the largest IT Solutions & Services provider in China with a US presence that ",Android Developer,0,0,0.9999008178710938,9.918212890625e-05,0.05,1,BERT:bert_class_weighted,Class weight
1327,emscad_09453,"Novitex Enterprise Solutions, formerly Pitney Bowes Management Services, delivers innovative document and communications",Customer Service Associate,0,0,0.9999248385429382,7.516145706176758e-05,0.05,1,BERT:bert_class_weighted,Class weight
1328,emscad_09455,"At MAM, we are passionate about changing the culture of the mental health industry. We seek to de-fragment care, utilize",Mental Health Technician,0,0,0.9998992681503296,0.00010073184967041016,0.05,1,BERT:bert_class_weighted,Class weight
1329,emscad_09456,"Novitex Enterprise Solutions, formerly Pitney Bowes Management Services, delivers innovative document and communications",Customer Service Associate - Records,0,0,0.9999131560325623,8.684396743774414e-05,0.05,1,BERT:bert_class_weighted,Class weight
1330,emscad_09458,Zylun is expanding the recruiting landscape for companies worldwide. We help businesses better compete and increase prof,IT OJT (Dev),0,0,0.9999128580093384,8.71419906616211e-05,0.05,1,BERT:bert_class_weighted,Class weight
1331,emscad_09479,#URL_73cd1d86897d9c7b653551bab4d3554986c583bd9228d2ca840002eaa46e3163# is a cloud infrastructure services provider and i,Director of Marketing,0,0,0.9998785257339478,0.0001214742660522461,0.05,1,BERT:bert_class_weighted,Class weight
1332,emscad_09480,"ABC Supply Co., Inc. is the nation’s largest wholesale distributor of roofing and one of the largest distributors of sid",Outside Sales Professional-St. Paul,0,0,0.9998458623886108,0.00015413761138916016,0.05,1,BERT:bert_class_weighted,Class weight
1333,emscad_09487,Established on the principles that full time education is not for everyone Spectrum Learning is made up of a team of pas,Beauty & Fragrance consultants needed,0,0,0.999923050403595,7.69495964050293e-05,0.05,1,BERT:bert_class_weighted,Class weight
1334,emscad_09502,"Since Pilot is dynamically developing, we are constantly looking for new people to join our team. If you want to be a pa",Front-end JavaScript Developer,0,0,0.9865493774414062,0.01345062255859375,0.05,1,BERT:bert_class_weighted,Class weight
1335,emscad_09512,"Aker Solutions is a global provider of products, systems and services to the oil and gas industry. Our engineering, desi",QC Inspector,1,1,0.0,1.0,0.05,1,BERT:bert_class_weighted,Class weight
1336,emscad_09525,"The RealReal is changing the way people buy and sell luxury items. The leader in luxury resale, the company is a full se",Fashion Product Receiver,0,0,0.9999121427536011,8.785724639892578e-05,0.05,1,BERT:bert_class_weighted,Class weight
1337,emscad_09527,Massive Media is the social media company behind the successful digital brands #URL_18234f381f5e7b9a9ffdc727cd05c9046edf,Internship,0,0,0.9999227523803711,7.724761962890625e-05,0.05,1,BERT:bert_class_weighted,Class weight
1338,emscad_09528,Our History,Inside Sales Representative (Phoenix),0,0,0.9998923540115356,0.00010764598846435547,0.05,1,BERT:bert_class_weighted,Class weight
1339,emscad_09532,We Help Create Communities that Withstand the Test of Time,Association Manager,0,0,0.9998964667320251,0.00010353326797485352,0.05,1,BERT:bert_class_weighted,Class weight
1340,emscad_09544,"Sous Chef needed at a very high end retirement community in the Fort Worth, Texas area. Must have experience at an upsca",Sous Chef Needed!,0,0,0.9992399215698242,0.0007600784301757812,0.05,1,BERT:bert_class_weighted,Class weight
1341,emscad_09545,"Dering Hall, #URL_5f3201a601e42a814d6d0724e0b94a4cf371abcd4b89ec239e909fe96a4b8521#, is to the online marketplace that f",Associate Manager of Community,0,0,0.9999117851257324,8.821487426757812e-05,0.05,1,BERT:bert_class_weighted,Class weight
1342,emscad_09554,The Role :,Mobile Web Developer - Bulgaria,0,0,0.9995026588439941,0.0004973411560058594,0.05,1,BERT:bert_class_weighted,Class weight
1343,emscad_09557,We Provide Full Time Permanent Positions for many medium to large US companies. We are interested in finding/recruiting ,Internal Audit & Financial Advisory Senior,0,0,0.9999131560325623,8.684396743774414e-05,0.05,1,BERT:bert_class_weighted,Class weight
1344,emscad_09564,"Farmigo, a well funded Startup , develops a platform for consumers to make healthy eating part of their everyday lives b",FrontEnd Developer,0,0,0.9998482465744019,0.00015175342559814453,0.05,1,BERT:bert_class_weighted,Class weight
1345,emscad_09574,Massive Media is the social media company behind the successful digital brands #URL_18234f381f5e7b9a9ffdc727cd05c9046edf,Marketing Traffic Manager,0,0,0.9999197125434875,8.028745651245117e-05,0.05,1,BERT:bert_class_weighted,Class weight
1346,emscad_09580,Katapult Group - We leverage technology and relationships to accelerate profit generation.,International growth strategy consultant - Contract position,0,0,0.9998863339424133,0.00011366605758666992,0.05,1,BERT:bert_class_weighted,Class weight
1347,emscad_09592,"Founded By Entrepreneurs, For Entrepreneurs",Growth / Online Marketing Specialist,0,0,0.9999242424964905,7.575750350952148e-05,0.05,1,BERT:bert_class_weighted,Class weight
1348,emscad_09602,Airenvy’s mission is to provide lucrative yet hassle free full service short term property management all around the wor,Growth Hacker/Head of Marketing,0,0,0.9999117851257324,8.821487426757812e-05,0.05,1,BERT:bert_class_weighted,Class weight
1349,emscad_09606,MRSI is a nonprofit organization established in 1977 by a group of parents and professionals as a local alternative to t,Direct Support Professional- Part-time,0,0,0.9998452663421631,0.00015473365783691406,0.05,1,BERT:bert_class_weighted,Class weight
1350,emscad_09614,"Novitex Enterprise Solutions, formerly Pitney Bowes Management Services, delivers innovative document and communications",Customer Service Associate,0,0,0.9999227523803711,7.724761962890625e-05,0.05,1,BERT:bert_class_weighted,Class weight
1351,emscad_09631,About the Company,Internships,0,0,0.9999141693115234,8.58306884765625e-05,0.05,1,BERT:bert_class_weighted,Class weight
1352,emscad_09642,PEI Media ( #URL_4cffe430b8da4c0d7e6074d11e638d28a1e165c8782b891e111fc17606c3d961# ) provides a range of highly respecte,Managing Editor,0,0,0.9999015927314758,9.840726852416992e-05,0.05,1,BERT:bert_class_weighted,Class weight
1353,emscad_09646,BADR is an established company that is striding in to the world of big-data with formal expertise and the right technolo,iOS Senior Software Engineer,0,0,0.9998500347137451,0.0001499652862548828,0.05,1,BERT:bert_class_weighted,Class weight
1354,emscad_09682,NOW: Pensions is a UK based multi-employer trust serving thousands of employers and hundreds of thousands of employees f,Operations Manager,0,0,0.9999135136604309,8.64863395690918e-05,0.05,1,BERT:bert_class_weighted,Class weight
1355,emscad_09688,Avazzar is a progressive recruitment company with a robust commitment to timely and accurate delivery of HR Solutions. O,Senior Java Architect- For a US Based MNC,0,0,0.99990314245224,9.685754776000977e-05,0.05,1,BERT:bert_class_weighted,Class weight
1356,emscad_09689,Massive Media is the social media company behind the successful digital brands #URL_18234f381f5e7b9a9ffdc727cd05c9046edf,Marketing Manager - Gatcha!,0,0,0.9999161958694458,8.380413055419922e-05,0.05,1,BERT:bert_class_weighted,Class weight
1357,emscad_09693,ding* is the world’s largest top-up provider. Created to help people working abroad to support and keep in touch with lo,Social Media Guru,0,0,0.9999200105667114,7.998943328857422e-05,0.05,1,BERT:bert_class_weighted,Class weight
1358,emscad_09699,"The RealReal is changing the way people buy and sell luxury items. The leader in luxury resale, the company is a full se",Sales Director - Business-to-Business Channel,0,0,0.9998876452445984,0.00011235475540161133,0.05,1,BERT:bert_class_weighted,Class weight
1359,emscad_09705,"Squiz is one of the world's leading web solutions companies. We design, build and manage engaging websites and online ap",Service Delivery Manager,0,0,0.999919056892395,8.094310760498047e-05,0.05,1,BERT:bert_class_weighted,Class weight
1360,emscad_09732,EUROPEAN DYNAMICS (#URL_c66532ffa1ce76ab447da6774719060c42c584edbf44d74cdb94fc4ac219ca45#) is a leading European Softwar,Java/J2EE Analyst Developer,0,0,0.999869704246521,0.0001302957534790039,0.05,1,BERT:bert_class_weighted,Class weight
1361,emscad_09741,We help teachers get safe & secure jobs abroad :),English Teacher Overseas,0,0,0.9998845458030701,0.00011545419692993164,0.05,1,BERT:bert_class_weighted,Class weight
1362,emscad_09766,"WDM Group is an innovative, forward thinking digital company aimed at bringing business executives up-to-date with the l","Sales Professional, Australasia",0,0,0.9999178051948547,8.219480514526367e-05,0.05,1,BERT:bert_class_weighted,Class weight
1363,emscad_09767,Costco - Wireless Etc...,Sales Associate,0,0,0.9998377561569214,0.00016224384307861328,0.05,1,BERT:bert_class_weighted,Class weight
1364,emscad_09770,SalesDouble is a small but well established and fast growing national firm specializing in sales and marketing solutions,Administrative / General Office / Data Entry,0,0,0.9998741149902344,0.000125885009765625,0.05,1,BERT:bert_class_weighted,Class weight
1365,emscad_09782,Tullow Oil Limited require the services of an experience Security Guards. Salary monthly:Negotiable and attractive Locat,Security Guard,0,0,0.9998263120651245,0.00017368793487548828,0.05,1,BERT:bert_class_weighted,Class weight
1366,emscad_09790,Reevoo is a pioneering Ratings and Reviews provider. We are the independent reviews service people trust. And Our Engine,Ruby Developer,0,0,0.9999187588691711,8.124113082885742e-05,0.05,1,BERT:bert_class_weighted,Class weight
1367,emscad_09793,Tel Tech Networks is a Voice/Data/Video/Security systems contractor operating primarily in the Southwestern United State,Cabling Techs,0,0,0.9998464584350586,0.00015354156494140625,0.05,1,BERT:bert_class_weighted,Class weight
1368,emscad_09795,We need awesome people!,Mobile UX Designer,0,0,0.9999145269393921,8.547306060791016e-05,0.05,1,BERT:bert_class_weighted,Class weight
1369,emscad_09802,"ABC Supply Co., Inc. is the nation’s largest wholesale distributor of roofing and one of the largest distributors of sid",Outside Sales Professional-New Hudson,0,0,0.9998440742492676,0.00015592575073242188,0.05,1,BERT:bert_class_weighted,Class weight
1370,emscad_09803,Contentful ( #URL_0252efddcbc4b8f51969fca7b054595976ea4678fd880b3653151e618d447b33# ) is an API-first content management,Junior Software Developer,0,0,0.9999209642410278,7.903575897216797e-05,0.05,1,BERT:bert_class_weighted,Class weight
1371,emscad_09812,MediaMonks is the biggest creative digital production company on the planet . We specialize in working for and with adve,Sr. Digital Designer,0,0,0.9999174475669861,8.255243301391602e-05,0.05,1,BERT:bert_class_weighted,Class weight
1372,emscad_09833,Our vision is to be the accountant and financial advisor of choice for medical practitioners across Australia.,Credit Support Officer / Junior Broker,0,0,0.999907910823822,9.208917617797852e-05,0.05,1,BERT:bert_class_weighted,Class weight
1373,emscad_09856,"Novitex Enterprise Solutions, formerly Pitney Bowes Management Services, delivers innovative document and communications",Customer Service Team Lead,0,0,0.999919056892395,8.094310760498047e-05,0.05,1,BERT:bert_class_weighted,Class weight
1374,emscad_09857,Pardon Services Canada is a national legal services company established in 1989.We serve as an advocate for Canadians wi,"Client Sales Advisor, Legal Services",0,0,0.999904990196228,9.500980377197266e-05,0.05,1,BERT:bert_class_weighted,Class weight
1375,emscad_09858,"Founded in the mid 2000′s, our services include building and management of systems that provide the overall web infrastr",Project Manager / Architect,0,0,0.9999135136604309,8.64863395690918e-05,0.05,1,BERT:bert_class_weighted,Class weight
1376,emscad_09868,"OgilvyOne worldwide, Athens was established in 1987. The company provides Digital, CRM and Promotional services to Greek",Web Designer,0,0,0.9999131560325623,8.684396743774414e-05,0.05,1,BERT:bert_class_weighted,Class weight
1377,emscad_09872,"Tidewater Finance Co. was established in 1992 for the initial purpose of purchasing, and servicing retail installment co",Asset Recovery Manager,0,0,0.9998911023139954,0.00010889768600463867,0.05,1,BERT:bert_class_weighted,Class weight
1378,emscad_09874,Who is Ramberg Associates?,"Staff Specialist Psychiatrist - Large Tertiary Hospital, Brisbane",0,0,0.9998670816421509,0.0001329183578491211,0.05,1,BERT:bert_class_weighted,Class weight
1379,emscad_09877,MediaMonks is the biggest creative digital production company on the planet . We specialize in working for and with adve,INTERNSHIP: BUSINESS & PRODUCER,0,0,0.999920666217804,7.933378219604492e-05,0.05,1,BERT:bert_class_weighted,Class weight
1380,emscad_09880,The company:,Business Development,0,0,0.9998294115066528,0.00017058849334716797,0.05,1,BERT:bert_class_weighted,Class weight
1381,emscad_09888,CGSoft provides innovative software products and requisite high-standard services which cover the whole spectrum of “e-b,Software Engineer,0,0,0.9998670816421509,0.0001329183578491211,0.05,1,BERT:bert_class_weighted,Class weight
1382,emscad_09904,"PINT is a leader in the web industry with 20 years of web design, software development and consulting experience. PINT's",Linux SysAdmin | Network Admin,0,0,0.9999174475669861,8.255243301391602e-05,0.05,1,BERT:bert_class_weighted,Class weight
1383,emscad_09905,"We design, deploy, and maintain advanced technologies that enable our customers to achieve operational excellence at sub",Security Operations Deployment Engineer,0,0,0.9998952746391296,0.00010472536087036133,0.05,1,BERT:bert_class_weighted,Class weight
1384,emscad_09908,Experienced Web Developer/Programmer,Web Developer,0,0,0.9999104142189026,8.958578109741211e-05,0.05,1,BERT:bert_class_weighted,Class weight
1385,emscad_09970,TaskUs provides outsourced customer care and back office support to more than 100 of the world’s fastest growing compani,Content Evangelist and Propagandist,0,0,0.9999184608459473,8.153915405273438e-05,0.05,1,BERT:bert_class_weighted,Class weight
1386,emscad_09976,"Empower America is mission driven to recruit, train and employ our military veterans into careers in renewable energy th",Military Veterans Wanted for Solar Energy Construction,0,0,0.9999068379402161,9.316205978393555e-05,0.05,1,BERT:bert_class_weighted,Class weight
1387,emscad_09988,United Cerebral Palsy of Oregon & SW Washington (UCP) supports adults with all kinds of developmental disabilities (not ,Employment Specialist,0,0,0.9999035000801086,9.649991989135742e-05,0.05,1,BERT:bert_class_weighted,Class weight
1388,emscad_09989,About Fundzio,Business Cash Advance Sales - $100K +++ Earning potential!,0,0,0.9998915195465088,0.00010848045349121094,0.05,1,BERT:bert_class_weighted,Class weight
1389,emscad_10000,United Cerebral Palsy of Oregon & SW Washington (UCP) supports adults with all kinds of developmental disabilities (not ,Personal Agent/Special Projects Coordinator,0,0,0.9999054074287415,9.459257125854492e-05,0.05,1,BERT:bert_class_weighted,Class weight
1390,emscad_10001,United Cerebral Palsy of Oregon & SW Washington (UCP) supports adults with all kinds of developmental disabilities (not ,Weekend Caregiver for a Hip Young Man,0,0,0.9999093413352966,9.065866470336914e-05,0.05,1,BERT:bert_class_weighted,Class weight
1391,emscad_10015,Our History,Driver - Light Duty (Kent),0,0,0.9999035000801086,9.649991989135742e-05,0.05,1,BERT:bert_class_weighted,Class weight
1392,emscad_10021,"Based in Hoxton, London, Forward Partners are a “startup catalyst”, combining investment with practical hands-on experti",Software Engineer at a Venture Capital Studio,0,0,0.9999263286590576,7.367134094238281e-05,0.05,1,BERT:bert_class_weighted,Class weight
1393,emscad_10034,"Our work at HPS is collaborative, centered on a fun, team-oriented environment. It is also extremely challenging. We foc",Fall Public Affairs Internship,0,0,0.9998766183853149,0.0001233816146850586,0.05,1,BERT:bert_class_weighted,Class weight
1394,emscad_10038,"Space Ape Games is an Award Winning Mobile/Social Gaming startup founded in 2012. We’re a small, high-performing team wi",Operations Executive,0,0,0.999907910823822,9.208917617797852e-05,0.05,1,BERT:bert_class_weighted,Class weight
1395,emscad_10039,"Justipher Inc. is a company with two franchise concepts, FASTSIGNS® Oakland and Plato's Closet® Pleasanton (independentl",Pre-press Graphic Designer,0,0,0.9999141693115234,8.58306884765625e-05,0.05,1,BERT:bert_class_weighted,Class weight
1396,emscad_10040,mokaal is a startup aiming to change the way Location Based Services are offered and perceived across a wide range of in,Senior Android Developer,0,0,0.9996755123138428,0.00032448768615722656,0.05,1,BERT:bert_class_weighted,Class weight
1397,emscad_10069,#URL_c379aa631173ed5b7c345ab3f500a9a053e509138ca70e52c1088e5a784dc8d7# is a modern online travel agency that was founded,Portuguese Speaking Customer Support Representative,0,0,0.9999121427536011,8.785724639892578e-05,0.05,1,BERT:bert_class_weighted,Class weight
1398,emscad_10076,We’re always looking for highly motivated “founder-types” to join us as we grow. Here’s what you need to know.,Sr. JavaScript Front-End Engineer,0,0,0.9998183250427246,0.00018167495727539062,0.05,1,BERT:bert_class_weighted,Class weight
1399,emscad_10077,"Gelato Group is a SaaS company. We've developed a global print engine integrated with the print ecosystem’s key players,",General Application,0,0,0.999841570854187,0.00015842914581298828,0.05,1,BERT:bert_class_weighted,Class weight
1400,emscad_10085,"Novitex Enterprise Solutions, formerly Pitney Bowes Management Services, delivers innovative document and communications",Customer Service Technical Specialist,0,0,0.9999168515205383,8.314847946166992e-05,0.05,1,BERT:bert_class_weighted,Class weight
1401,emscad_10089,"Novitex Enterprise Solutions, formerly Pitney Bowes Management Services, delivers innovative document and communications",Service Delivery Manager 1,0,0,0.9999187588691711,8.124113082885742e-05,0.05,1,BERT:bert_class_weighted,Class weight
1402,emscad_10092,MISSION:,PASSIONATE EXPERIENCED PCP's NEEDED TODAY! WE PAY MORE FOR THE VERY BEST IN THE INDUSTRY!,0,0,0.9999155402183533,8.445978164672852e-05,0.05,1,BERT:bert_class_weighted,Class weight
1403,emscad_10102,"Novitex Enterprise Solutions, formerly Pitney Bowes Management Services, delivers innovative document and communications",Mail Processing Associate - General Clerk 1,0,0,0.9999117851257324,8.821487426757812e-05,0.05,1,BERT:bert_class_weighted,Class weight
1404,emscad_10105,"The focus of this position is on-time delivery of accurate CNC programs, via CAD/CAM, to the production department while",CAD/CAM Programmer / Drafter,0,0,0.999809980392456,0.0001900196075439453,0.05,1,BERT:bert_class_weighted,Class weight
1405,emscad_10107,Making Quality Metrics Actionable,Interaction / Interface Designer,0,0,0.999923050403595,7.69495964050293e-05,0.05,1,BERT:bert_class_weighted,Class weight
1406,emscad_10115,"Novitex Enterprise Solutions, formerly Pitney Bowes Management Services, delivers innovative document and communications",Customer Service Associate,0,0,0.9999203085899353,7.969141006469727e-05,0.05,1,BERT:bert_class_weighted,Class weight
1407,emscad_10129,Talent Response connects flexible professional talent with firms requiring rapid staff augmentation and consulting suppo,Consulting Director - Sales Effectiveness,0,0,0.9998889565467834,0.00011104345321655273,0.05,1,BERT:bert_class_weighted,Class weight
1408,emscad_10135,Massive Media is the social media company behind the successful digital brands #URL_18234f381f5e7b9a9ffdc727cd05c9046edf,Assistant Reception/Administration,0,0,0.9999212622642517,7.873773574829102e-05,0.05,1,BERT:bert_class_weighted,Class weight
1409,emscad_10144,"Novitex Enterprise Solutions, formerly Pitney Bowes Management Services, delivers innovative document and communications",Customer Service Technical Specialist,0,0,0.9999135136604309,8.64863395690918e-05,0.05,1,BERT:bert_class_weighted,Class weight
1410,emscad_10148,"Novitex Enterprise Solutions, formerly Pitney Bowes Management Services, delivers innovative document and communications",Customer Service Associate,0,0,0.999923050403595,7.69495964050293e-05,0.05,1,BERT:bert_class_weighted,Class weight
1411,emscad_10158,"Novitex Enterprise Solutions, formerly Pitney Bowes Management Services, delivers innovative document and communications",Customer Service Associate,0,0,0.9999224543571472,7.75456428527832e-05,0.05,1,BERT:bert_class_weighted,Class weight
1412,emscad_10161,"Novitex Enterprise Solutions, formerly Pitney Bowes Management Services, delivers innovative document and communications",Customer Service Associate- Part Time,0,0,0.9999158382415771,8.416175842285156e-05,0.05,1,BERT:bert_class_weighted,Class weight
1413,emscad_10170,"Novitex Enterprise Solutions, formerly Pitney Bowes Management Services, delivers innovative document and communications",Customer Service Associate,0,0,0.9999237060546875,7.62939453125e-05,0.05,1,BERT:bert_class_weighted,Class weight
1414,emscad_10172,Human capital is usually the biggest asset and expense for a company. Making the right hire – the first time – is critic,Senior Drafting and Design Manager,0,0,0.9999117851257324,8.821487426757812e-05,0.05,1,BERT:bert_class_weighted,Class weight
1415,emscad_10177,"Essence is a global digital agency and the world’s largest independent buyer of digital media. We blend data science, ob","Director, Engineering",0,0,0.9999121427536011,8.785724639892578e-05,0.05,1,BERT:bert_class_weighted,Class weight
1416,emscad_10199,"Industrial Color Software is a division of Industrial Color Brands, a family of vertically integrated creative productio",Director of IT,0,0,0.9998803734779358,0.00011962652206420898,0.05,1,BERT:bert_class_weighted,Class weight
1417,emscad_10201,"#URL_c59e83e0460115b6817e5222a26b0e0f821ffad0ef2167b473cb66e5e7192142# is the creator of the first ""Everywhere"" social n",VP Strategic & Partnerships,0,0,0.9999168515205383,8.314847946166992e-05,0.05,1,BERT:bert_class_weighted,Class weight
1418,emscad_10223,X-Team is a global network of the world's most trusted developers. We believe in building a future where every extraordi,Drupal developer for The Oscars,0,0,0.9999171495437622,8.285045623779297e-05,0.05,1,BERT:bert_class_weighted,Class weight
1419,emscad_10225,"Novitex Enterprise Solutions, formerly Pitney Bowes Management Services, delivers innovative document and communications",Customer Service Associate,0,0,0.9999184608459473,8.153915405273438e-05,0.05,1,BERT:bert_class_weighted,Class weight
1420,emscad_10232,We Provide Full Time Permanent Positions for many medium to large US companies. We are interested in finding/recruiting ,"SAP SD Analyst - SAP CRM BW Vendavo - Charlotte, NC",0,0,0.999887228012085,0.00011277198791503906,0.05,1,BERT:bert_class_weighted,Class weight
1421,emscad_10233,Take Out Brands is a food franchise business with a #URL_4524df5c91ce800c4ba16ef1406d622db7d51d37105a7fcee27521e61854615,Part-time In-Store Assistants (Papa John's Pizza),0,0,0.9999114871025085,8.851289749145508e-05,0.05,1,BERT:bert_class_weighted,Class weight
1422,emscad_10241,"Novitex Enterprise Solutions, formerly Pitney Bowes Management Services, delivers innovative document and communications",Customer Service Techincal Specialist - Part Time,0,0,0.9999042749404907,9.572505950927734e-05,0.05,1,BERT:bert_class_weighted,Class weight
1423,emscad_10255,"SpotSource Solutions LLC is a Global Human Capital Management Consulting firm headquartered in Miami, Florida. Founded i",Inside Sales,0,0,0.9999012351036072,9.876489639282227e-05,0.05,1,BERT:bert_class_weighted,Class weight
1424,emscad_10259,"Novitex Enterprise Solutions, formerly Pitney Bowes Management Services, delivers innovative document and communications",Customer Service Associate - Part Time,0,0,0.9999187588691711,8.124113082885742e-05,0.05,1,BERT:bert_class_weighted,Class weight
1425,emscad_10264,InVision is a venture-backed startup working to create the world's best design communication and collaboration platform.,Director of PR & Communications,0,0,0.9999221563339233,7.784366607666016e-05,0.05,1,BERT:bert_class_weighted,Class weight
1426,emscad_10271,We Provide Full Time Permanent Positions for many medium to large US companies. We are interested in finding/recruiting ,Manufacturing Engineering Manager,0,0,0.9999221563339233,7.784366607666016e-05,0.05,1,BERT:bert_class_weighted,Class weight
1427,emscad_10272,"Novitex Enterprise Solutions, formerly Pitney Bowes Management Services, delivers innovative document and communications",Driver II,0,0,0.9999242424964905,7.575750350952148e-05,0.05,1,BERT:bert_class_weighted,Class weight
1428,emscad_10296,"Novitex Enterprise Solutions, formerly Pitney Bowes Management Services, delivers innovative document and communications",Customer Service Techincal Specialist - Part Time,0,0,0.9999117851257324,8.821487426757812e-05,0.05,1,BERT:bert_class_weighted,Class weight
1429,emscad_10302,"Ryanair is Europe’s favourite low fares airline, operating more than 1,600 daily flights (over 500,000 per year) from 69",social media executive,0,0,0.9999064803123474,9.351968765258789e-05,0.05,1,BERT:bert_class_weighted,Class weight
1430,emscad_10309,"Novitex Enterprise Solutions, formerly Pitney Bowes Management Services, delivers innovative document and communications",Customer Service Associate,0,0,0.9999200105667114,7.998943328857422e-05,0.05,1,BERT:bert_class_weighted,Class weight
1431,emscad_10310,"Novitex Enterprise Solutions, formerly Pitney Bowes Management Services, delivers innovative document and communications",Customer Service Associate,0,0,0.9999197125434875,8.028745651245117e-05,0.05,1,BERT:bert_class_weighted,Class weight
1432,emscad_10313,Visual BI is one of the leading and fastest growing firms focusing exclusively on BI & Analytics. Our offerings cover en,Sales and Marketing Intern,0,0,0.9999161958694458,8.380413055419922e-05,0.05,1,BERT:bert_class_weighted,Class weight
1433,emscad_10314,"Novitex Enterprise Solutions, formerly Pitney Bowes Management Services, delivers innovative document and communications",Customer Service Associate,0,0,0.9999181032180786,8.189678192138672e-05,0.05,1,BERT:bert_class_weighted,Class weight
1434,emscad_10315,"Novitex Enterprise Solutions, formerly Pitney Bowes Management Services, delivers innovative document and communications",Driver II,0,0,0.9999197125434875,8.028745651245117e-05,0.05,1,BERT:bert_class_weighted,Class weight
1435,emscad_10332,The Albany Charter School Network is a family of charter schools in the City of Albany that works to prepare children fo,Middle School Building Substitute Teacher,0,0,0.9998919367790222,0.0001080632209777832,0.05,1,BERT:bert_class_weighted,Class weight
1436,emscad_10346,"Novitex Enterprise Solutions, formerly Pitney Bowes Management Services, delivers innovative document and communications",Customer Service Associate,0,0,0.9999212622642517,7.873773574829102e-05,0.05,1,BERT:bert_class_weighted,Class weight
1437,emscad_10349,Varsity Technologies helps schools and non-profits make strategic information technology decisions that enable them to m,Systems Administrator,0,0,0.9998923540115356,0.00010764598846435547,0.05,1,BERT:bert_class_weighted,Class weight
1438,emscad_10353,"In 1981, Walker Engineering, Inc was formed in Dallas, Texas. The company started with only three employees, and during ",Superintendent,0,0,0.999509334564209,0.0004906654357910156,0.05,1,BERT:bert_class_weighted,Class weight
1439,emscad_10357,"Novitex Enterprise Solutions, formerly Pitney Bowes Management Services, delivers innovative document and communications",Customer Service Associate,0,0,0.999923050403595,7.69495964050293e-05,0.05,1,BERT:bert_class_weighted,Class weight
1440,emscad_10370,#URL_c379aa631173ed5b7c345ab3f500a9a053e509138ca70e52c1088e5a784dc8d7# is a modern online travel agency that was founded,Senior Web Developer,0,0,0.9999248385429382,7.516145706176758e-05,0.05,1,BERT:bert_class_weighted,Class weight
1441,emscad_10375,We’re always looking for highly motivated “founder-types” to join us as we grow. Here’s what you need to know.,PR Director,0,0,0.9999071955680847,9.28044319152832e-05,0.05,1,BERT:bert_class_weighted,Class weight
1442,emscad_10381,Established on the principles that full time education is not for everyone Spectrum Learning is made up of a team of pas,Wakefield Apprentice Fundraiser and Social Developer Under NAS 16-18 Year Olds Only,0,0,0.9999248385429382,7.516145706176758e-05,0.05,1,BERT:bert_class_weighted,Class weight
1443,emscad_10392,Established on the principles that full time education is not for everyone Spectrum Learning is made up of a team of pas,Beauty & Fragrance consultants needed,0,0,0.999923050403595,7.69495964050293e-05,0.05,1,BERT:bert_class_weighted,Class weight
1444,emscad_10398,LKM Search Solutions is an Executive Search Firm that cares about your future. We work hard to find the position that is,Mid Level Attorney M&A,0,0,0.9998726844787598,0.00012731552124023438,0.05,1,BERT:bert_class_weighted,Class weight
1445,emscad_10403,"ABC Supply Co., Inc. is the nation’s largest wholesale distributor of roofing and one of the largest distributors of sid",CDL Driver-Tinley Park,0,0,0.9998785257339478,0.0001214742660522461,0.05,1,BERT:bert_class_weighted,Class weight
1446,emscad_10413,Established on the principles that full time education is not for everyone Spectrum Learning is made up of a team of pas,NE45 5AT Estate Agents Apprenticeship Under NAS 16-18 Year Olds Only,0,0,0.9999224543571472,7.75456428527832e-05,0.05,1,BERT:bert_class_weighted,Class weight
1447,emscad_10416,Position : Senior SAS Application Support Engineer Job Location : United States - Virginia - Reston Us work status requi,Senior SAS Application Support Engineer Job opportunity at Virginia,0,1,0.673095703125,0.326904296875,0.05,0,BERT:bert_class_weighted,Class weight
1448,emscad_10417,Forward3D is the largest independent digital marketing agency in Britain. We run cutting edge digital marketing campaign,Sales Manager - London,0,0,0.9999251365661621,7.486343383789062e-05,0.05,1,BERT:bert_class_weighted,Class weight
1449,emscad_10423,Massive Media is the social media company behind the successful digital brands #URL_18234f381f5e7b9a9ffdc727cd05c9046edf,Partnership Manager,0,0,0.9999224543571472,7.75456428527832e-05,0.05,1,BERT:bert_class_weighted,Class weight
1450,emscad_10426,Fundation is a technology-empowered direct lender that delivers small balance commercial loans nationwide. The firm prov,Loan Administrator - High Growth Specialty Finance Company,0,0,0.999897301197052,0.00010269880294799805,0.05,1,BERT:bert_class_weighted,Class weight
1451,emscad_10432,"Snider Advisors is a boutique, state-registered investment advisor founded by Kim Snider. Helping our clients become bet",Entry Level Investment Advisor / Financial Planner,0,0,0.9999023675918579,9.763240814208984e-05,0.05,1,BERT:bert_class_weighted,Class weight
1452,emscad_10458,EROAD was established to modernise New Zealand’s paper-based RUC regime and in 2009 launched the world’s first GPS/cellu,Solutions Architect,0,0,0.9999171495437622,8.285045623779297e-05,0.05,1,BERT:bert_class_weighted,Class weight
1453,emscad_10461,"At McLane Intel, we believe that everyone should love where they work! We understand that our ongoing success is attribu",Help Desk - Tier 1 Support Specialist,0,0,0.9998915195465088,0.00010848045349121094,0.05,1,BERT:bert_class_weighted,Class weight
1454,emscad_10462,ComboApp is a full cycle communications and marketing solutions provider for a global mobile marketplace.,Senior Sales Manager,0,0,0.9998977184295654,0.00010228157043457031,0.05,1,BERT:bert_class_weighted,Class weight
1455,emscad_10475,Great Customer Service from Start to Finish,Experienced Service Technician - Window & Door Installation,0,0,0.9999015927314758,9.840726852416992e-05,0.05,1,BERT:bert_class_weighted,Class weight
1456,emscad_10491,Roland & Associates is a Corporate Recruitment Organization providing solutions to Global MNC’s for the past 12 years.,Physical Therapist,0,0,0.9999161958694458,8.380413055419922e-05,0.05,1,BERT:bert_class_weighted,Class weight
1457,emscad_10499,Established on the principles that full time education is not for everyone Spectrum Learning is made up of a team of pas,Manchester Doctors Requires Business Admin Apprentice Under NAS 16-18 Year Olds Only,0,0,0.999923050403595,7.69495964050293e-05,0.05,1,BERT:bert_class_weighted,Class weight
1458,emscad_10504,"SAP CRM WEB UI Developer for a 1 month opportunity based in the St. Paul, MN.",SAP CRM WEB UI Developer,0,0,0.9981327056884766,0.0018672943115234375,0.05,1,BERT:bert_class_weighted,Class weight
1459,emscad_10508,WHY WORK AT IMAGINET,ALM Consultant,0,0,0.9999012351036072,9.876489639282227e-05,0.05,1,BERT:bert_class_weighted,Class weight
1460,emscad_10509,"Founded in 2010 by a team from Google’s London and New York offices, Qubit work with some of the biggest names in Online",Technical Sales Specialist,0,0,0.9999245405197144,7.545948028564453e-05,0.05,1,BERT:bert_class_weighted,Class weight
1461,emscad_10512,"QB Medical, Inc. is a growing medical supply distributor. We specialize in medical product sales to the federal governme",Healthcare Support Rep,0,0,0.999879002571106,0.00012099742889404297,0.05,1,BERT:bert_class_weighted,Class weight
1462,emscad_10513,100mentors answers the question: « What do you want to be in 5 years ?»,Software Developer,0,0,0.9999100565910339,8.994340896606445e-05,0.05,1,BERT:bert_class_weighted,Class weight
1463,emscad_10530,Brewbot is building a tight-knit electronic engineering team in order to work on the development of hardware for brewing,Electronic Engineer,0,0,0.9998836517333984,0.0001163482666015625,0.05,1,BERT:bert_class_weighted,Class weight
1464,emscad_10534,Layar is a young and ambitious company located in the heart of Amsterdam. As the global leader in mobile augmented reali,Junior Sales & Business Development Associate,0,0,0.9999064803123474,9.351968765258789e-05,0.05,1,BERT:bert_class_weighted,Class weight
1465,emscad_10540,Fortune Brands creates products and services that help fulfill the dreams of homeowners and help people feel more secure,Temporary Benefits Analyst,0,0,0.9998836517333984,0.0001163482666015625,0.05,1,BERT:bert_class_weighted,Class weight
1466,emscad_10543,"At Atlas Lift Tech, safety always comes first! We are a fast growing company with an innovative vision of making Safe Pa",EMTs (Lift Coaches) Los Angeles,0,0,0.9999138712882996,8.612871170043945e-05,0.05,1,BERT:bert_class_weighted,Class weight
1467,emscad_10550,Zylun is expanding the recruiting landscape for companies worldwide. We help businesses better compete and increase prof,JUNIOR SUPERVISOR,0,0,0.9999111294746399,8.887052536010742e-05,0.05,1,BERT:bert_class_weighted,Class weight
1468,emscad_10551,"Jr. QA Engineer Experience :1-5 years Location : Atlanta, Georgia",QA Software Tester,0,0,0.9994492530822754,0.0005507469177246094,0.05,1,BERT:bert_class_weighted,Class weight
1469,emscad_10553,We believe cities are complicated. And your mobile device should save you from the everyday challenges of living in them,Personal Assistant,0,0,0.9999125003814697,8.749961853027344e-05,0.05,1,BERT:bert_class_weighted,Class weight
1470,emscad_10554,"Space Ape Games is an Award Winning Mobile/Social Gaming startup founded in 2012. We’re a small, high-performing team wi",3D Artist (Character),0,0,0.9998931884765625,0.0001068115234375,0.05,1,BERT:bert_class_weighted,Class weight
1471,emscad_10570,"SummaView is een jong bedrijf uit Amersfoort die mensen, kennis en software levert ophet snijvlak van controlling en Bus",OUD: Business Controller 6.,0,0,0.9999151825904846,8.481740951538086e-05,0.05,1,BERT:bert_class_weighted,Class weight
1472,emscad_10576,"As a maestro commands notes, instruments and timing to produce a symphony, an ideal website content management system (C",Senior Director of Software Development and Architecture,0,0,0.9998517036437988,0.00014829635620117188,0.05,1,BERT:bert_class_weighted,Class weight
1473,emscad_10580,"Being into the IT domain for over 4 years, Walkover specializes in web based application development and mobile applicat",IOS Developer,0,0,0.9998822808265686,0.00011771917343139648,0.05,1,BERT:bert_class_weighted,Class weight
1474,emscad_10586,"As augmented reality jobs go, one at Blippar is hard to beat. We are a rapidly expanding creative startup at the forefro",iOS App / UI Developer,0,0,0.9998936057090759,0.00010639429092407227,0.05,1,BERT:bert_class_weighted,Class weight
1475,emscad_10587,Airenvy’s mission is to provide lucrative yet hassle free full service short term property management all around the wor,Contact Center Manager,0,0,0.9999096989631653,9.03010368347168e-05,0.05,1,BERT:bert_class_weighted,Class weight
1476,emscad_10590,"The Restaurant Manager is responsible for ensuring excellence in guest satisfaction through effective training of staff,",Events catering manager,0,0,0.9998307228088379,0.00016927719116210938,0.05,1,BERT:bert_class_weighted,Class weight
1477,emscad_10593,If working in a cubical seems like your idea of hell then joining our awesome startup team might be the opportunity you’,Sales Development Ninja (Associate Level Position),0,0,0.9999248385429382,7.516145706176758e-05,0.05,1,BERT:bert_class_weighted,Class weight
1478,emscad_10599,"As augmented reality jobs go, one at Blippar is hard to beat. We are a rapidly expanding creative startup at the forefro",Blipp Developer Turkey,0,0,0.999919056892395,8.094310760498047e-05,0.05,1,BERT:bert_class_weighted,Class weight
1479,emscad_10629,PowerbyProxi and its customers are leading a revolution to deliver unplugged power. We have changed the way electricity ,Summer interns - 2014/15,0,0,0.9999100565910339,8.994340896606445e-05,0.05,1,BERT:bert_class_weighted,Class weight
1480,emscad_10636,UFN is a dynamic start-up founded in 2008 that specializes in providing strategically designed e-commerce websites and o,Customer Service Representative,0,0,0.9999240040779114,7.599592208862305e-05,0.05,1,BERT:bert_class_weighted,Class weight
1481,emscad_10637,United Cerebral Palsy of Oregon & SW Washington (UCP) supports adults with all kinds of developmental disabilities (not ,"Full Time Caregiver (Position 1) for Easygoing, Caring Woman",0,0,0.9999086260795593,9.137392044067383e-05,0.05,1,BERT:bert_class_weighted,Class weight
1482,emscad_10638,Scale Venture Partners (ScaleVP) invests in early-in-revenue technology companies that are transforming the technology l,Associate,0,0,0.9998822808265686,0.00011771917343139648,0.05,1,BERT:bert_class_weighted,Class weight
1483,emscad_10641,"Dairy, food and beverage processors work within one of the most complex, competitive and precision-driven industries. Th",Project Manager,0,0,0.999908983707428,9.101629257202148e-05,0.05,1,BERT:bert_class_weighted,Class weight
1484,emscad_10645,InVision is a venture-backed startup working to create the world's best design communication and collaboration platform.,Customer Advocate - Europe (remote/telecommute),0,0,0.9999248385429382,7.516145706176758e-05,0.05,1,BERT:bert_class_weighted,Class weight
1485,emscad_10663,"Aker Solutions is a global provider of products, systems and services to the oil and gas industry. Our engineering, desi",FEA Senior engineer,1,1,0.0,1.0,0.05,1,BERT:bert_class_weighted,Class weight
1486,emscad_10666,"Dice is a highly specialized online marketing and software development firm headquartered in Portland, Oregon—the heart ",Sales Executive,0,0,0.9999141693115234,8.58306884765625e-05,0.05,1,BERT:bert_class_weighted,Class weight
1487,emscad_10667,"Baesman is a nationally-recognized, single-source provider of direct marketing strategy and solutions, including CRM dat",Experienced Cutter Operator,0,0,0.9998736381530762,0.00012636184692382812,0.05,1,BERT:bert_class_weighted,Class weight
1488,emscad_10668,"Joist is a platform for trades contractors that allows them to estimate, invoice, accept payments, & much more!",iOS Engineer,0,0,0.9999082684516907,9.173154830932617e-05,0.05,1,BERT:bert_class_weighted,Class weight
1489,emscad_10677,"Dice is a highly specialized online marketing and software development firm headquartered in Portland, Oregon—the heart ",Sales Executive,0,0,0.9999151825904846,8.481740951538086e-05,0.05,1,BERT:bert_class_weighted,Class weight
1490,emscad_10678,Established on the principles that full time education is not for everyone Spectrum Learning is made up of a team of pas,Manchester Business Admin Apprenticeships available under NAS 16-18 year olds only!,0,0,0.9999227523803711,7.724761962890625e-05,0.05,1,BERT:bert_class_weighted,Class weight
1491,emscad_10681,"Dice is a highly specialized online marketing and software development firm headquartered in Portland, Oregon—the heart ",Sales Executive,0,0,0.9999138712882996,8.612871170043945e-05,0.05,1,BERT:bert_class_weighted,Class weight
1492,emscad_10682,"Dice is a highly specialized online marketing and software development firm headquartered in Portland, Oregon—the heart ",Sales Executive,0,0,0.9999145269393921,8.547306060791016e-05,0.05,1,BERT:bert_class_weighted,Class weight
1493,emscad_10688,ServiceTitan is the world's leading CRM software for home services businesses. It powers the world's best service compan,Customer Support Advocate,0,0,0.9999181032180786,8.189678192138672e-05,0.05,1,BERT:bert_class_weighted,Class weight
1494,emscad_10691,"We’re looking for a Senior Business Analyst expert with a passion for data and problem solving, to build and lead GetTax",BI Analyst - GetTaxi,0,0,0.999907910823822,9.208917617797852e-05,0.05,1,BERT:bert_class_weighted,Class weight
1495,emscad_10708,Rarely Impossible exists due to a passion for working with amazing clients and aiding them to bring their ideas to life.,Javascript Frontend Developer,0,0,0.999769926071167,0.0002300739288330078,0.05,1,BERT:bert_class_weighted,Class weight
1496,emscad_10710,"Bandsintown is a digital media company powered by music. With over 14 million registered concert-goers, a global audienc",Senior Ruby on Rails Developer,0,0,0.9999082684516907,9.173154830932617e-05,0.05,1,BERT:bert_class_weighted,Class weight
1497,emscad_10713,"As a growing and successful startup, Conversocial is a great place to work for ambitious individuals.","Director, EMEA Marketing",0,0,0.9999251365661621,7.486343383789062e-05,0.05,1,BERT:bert_class_weighted,Class weight
1498,emscad_10718,"Delivering superior customer services for over 10 years, IBEX Global is a business process outsourcer offering an integr",Agent-Inbound Sales Position,0,0,0.9998836517333984,0.0001163482666015625,0.05,1,BERT:bert_class_weighted,Class weight
1499,emscad_10726,"With offices across UK, mainland Europe, Australia, New Zealand, and the United States, Squiz helps clients across the g",Sales Executive,0,0,0.999904990196228,9.500980377197266e-05,0.05,1,BERT:bert_class_weighted,Class weight
1500,emscad_10734,"Novitex Enterprise Solutions, formerly Pitney Bowes Management Services, delivers innovative document and communications",Customer Service Associate,0,0,0.9999200105667114,7.998943328857422e-05,0.05,1,BERT:bert_class_weighted,Class weight
1501,emscad_10735,"Novitex Enterprise Solutions, formerly Pitney Bowes Management Services, delivers innovative document and communications",Customer Service Associate,0,0,0.9999221563339233,7.784366607666016e-05,0.05,1,BERT:bert_class_weighted,Class weight
1502,emscad_10743,Principal Responsibilities:,Maintenance Mechanic,0,0,0.9997607469558716,0.00023925304412841797,0.05,1,BERT:bert_class_weighted,Class weight
1503,emscad_10758,"Novitex Enterprise Solutions, formerly Pitney Bowes Management Services, delivers innovative document and communications",Customer Service Associate,0,0,0.9999209642410278,7.903575897216797e-05,0.05,1,BERT:bert_class_weighted,Class weight
1504,emscad_10762,"Novitex Enterprise Solutions, formerly Pitney Bowes Management Services, delivers innovative document and communications",Customer Service Associate - Part Time,0,0,0.9999212622642517,7.873773574829102e-05,0.05,1,BERT:bert_class_weighted,Class weight
1505,emscad_10763,"Novitex Enterprise Solutions, formerly Pitney Bowes Management Services, delivers innovative document and communications",Customer Service Technical Specialist,0,0,0.9999145269393921,8.547306060791016e-05,0.05,1,BERT:bert_class_weighted,Class weight
1506,emscad_10765,"Novitex Enterprise Solutions, formerly Pitney Bowes Management Services, delivers innovative document and communications",Customer Service Associate - Part Time,0,0,0.999920666217804,7.933378219604492e-05,0.05,1,BERT:bert_class_weighted,Class weight
1507,emscad_10775,Established on the principles that full time education is not for everyone Spectrum Learning is made up of a team of pas,HD6 4AB Recruitment Apprenticeship Under NAS 16-18 Year Olds Only,0,0,0.9999237060546875,7.62939453125e-05,0.05,1,BERT:bert_class_weighted,Class weight
1508,emscad_10780,"Novitex Enterprise Solutions, formerly Pitney Bowes Management Services, delivers innovative document and communications",Customer Service Associate,0,0,0.9999209642410278,7.903575897216797e-05,0.05,1,BERT:bert_class_weighted,Class weight
1509,emscad_10784,"Zoottle is a startup founded by IT, Telco and Web services veterans with worldwide sales, marketing and services experie",Junior Sales Executive,0,0,0.9999245405197144,7.545948028564453e-05,0.05,1,BERT:bert_class_weighted,Class weight
1510,emscad_10793,"S2scout, is a Pittsburgh-based talent aquisition firm providing services to small, medium, and large organizations acros",Software Support Engineer,0,0,0.9999164938926697,8.350610733032227e-05,0.05,1,BERT:bert_class_weighted,Class weight
1511,emscad_10800,"Novitex Enterprise Solutions, formerly Pitney Bowes Management Services, delivers innovative document and communications",Customer Service Associate,0,0,0.9999158382415771,8.416175842285156e-05,0.05,1,BERT:bert_class_weighted,Class weight
1512,emscad_10802,"Farmigo is a mission-driven startup with a simple, ambitious goal: we want to make local, sustainably produced food more",NYC Field Organizer,0,0,0.9999218583106995,7.814168930053711e-05,0.05,1,BERT:bert_class_weighted,Class weight
1513,emscad_10804,"Novitex Enterprise Solutions, formerly Pitney Bowes Management Services, delivers innovative document and communications",Customer Service Associate,0,0,0.9999164938926697,8.350610733032227e-05,0.05,1,BERT:bert_class_weighted,Class weight
1514,emscad_10810,"Novitex Enterprise Solutions, formerly Pitney Bowes Management Services, delivers innovative document and communications",Customer Service Associate,0,0,0.9999227523803711,7.724761962890625e-05,0.05,1,BERT:bert_class_weighted,Class weight
1515,emscad_10811,SilverStripe CMS & Framework is an open source platform of web development tools. The platform is curated by SilverStrip,Front-End Developer,0,0,0.9999111294746399,8.887052536010742e-05,0.05,1,BERT:bert_class_weighted,Class weight
1516,emscad_10815,"StudyHall creates opportunities for college, university students, and recent graduates, to work with the best companies ",Graphic Design Superstar for a Startup Company | StudyHall.com,0,0,0.9999161958694458,8.380413055419922e-05,0.05,1,BERT:bert_class_weighted,Class weight
1517,emscad_10820,Favado is changing the way people shop for groceries by empowering consumers with the latest sale and coupon data on mob,Product Manager,0,0,0.9999061226844788,9.387731552124023e-05,0.05,1,BERT:bert_class_weighted,Class weight
1518,emscad_10827,StayClassy is a fast-growing San Diego-based startup that develops an online fundraising product used by thousands of No,Account Strategist (Non-Profit Experience Needed),0,0,0.9999096989631653,9.03010368347168e-05,0.05,1,BERT:bert_class_weighted,Class weight
1519,emscad_10831,Thanks for visiting our Job Board. Please review our open positions and apply to the positions that match your qualifica,UI Developer,0,0,0.9998940229415894,0.00010597705841064453,0.05,1,BERT:bert_class_weighted,Class weight
1520,emscad_10845,"Novitex Enterprise Solutions, formerly Pitney Bowes Management Services, delivers innovative document and communications",Customer Service Associate,0,0,0.9999209642410278,7.903575897216797e-05,0.05,1,BERT:bert_class_weighted,Class weight
1521,emscad_10858,"Novitex Enterprise Solutions, formerly Pitney Bowes Management Services, delivers innovative document and communications",Customer Service Associate,0,0,0.9999209642410278,7.903575897216797e-05,0.05,1,BERT:bert_class_weighted,Class weight
1522,emscad_10863,"Novitex Enterprise Solutions, formerly Pitney Bowes Management Services, delivers innovative document and communications",Customer Service Associate,0,0,0.9999209642410278,7.903575897216797e-05,0.05,1,BERT:bert_class_weighted,Class weight
1523,emscad_10864,"Novitex Enterprise Solutions, formerly Pitney Bowes Management Services, delivers innovative document and communications",Service Delivery Manager 2,0,0,0.9999008178710938,9.918212890625e-05,0.05,1,BERT:bert_class_weighted,Class weight
1524,emscad_10881,"Critical Nurse Staffing, Inc. is enrolled with the U.S Department of Labor to provide nursing care to the former defense","Home Health CNA--Yakima, WA",0,0,0.9998845458030701,0.00011545419692993164,0.05,1,BERT:bert_class_weighted,Class weight
1525,emscad_10886,"Delivering superior customer services for over 10 years, IBEX Global is a business process outsourcer offering an integr",Agent-Inbound Sales Position,0,0,0.9998897910118103,0.00011020898818969727,0.05,1,BERT:bert_class_weighted,Class weight
1526,emscad_10899,Established on the principles that full time education is not for everyone Spectrum Learning is made up of a team of pas,SN3 Logistics Apprentice/Warehousing Apprenticeship Under NAS 16-18 Year Olds Only,0,0,0.9999251365661621,7.486343383789062e-05,0.05,1,BERT:bert_class_weighted,Class weight
1527,emscad_10905,"Novitex Enterprise Solutions, formerly Pitney Bowes Management Services, delivers innovative document and communications",Customer Service Associate,0,0,0.999919056892395,8.094310760498047e-05,0.05,1,BERT:bert_class_weighted,Class weight
1528,emscad_10909,"Farmigo is a mission-driven startup with a simple, ambitious goal: we want to make local, sustainably produced food more",Community Support Coordinator,0,0,0.9999245405197144,7.545948028564453e-05,0.05,1,BERT:bert_class_weighted,Class weight
1529,emscad_10920,ding* is the world’s largest top-up provider. Created to help people working abroad to support and keep in touch with lo,Graphic Design Wizard (Part-time internship),0,0,0.9999260306358337,7.396936416625977e-05,0.05,1,BERT:bert_class_weighted,Class weight
1530,emscad_10922,Eviture is a professional services firm that specialise in leading enterprise agile delivery for complex business and IT,Java developer - online banking,0,0,0.9998352527618408,0.0001647472381591797,0.05,1,BERT:bert_class_weighted,Class weight
1531,emscad_10933,"For over 15 years, CaseNEX has been a leader in the education technology industry and continues to provide flexible and ",Technical Support Specialist,0,0,0.9998989105224609,0.0001010894775390625,0.05,1,BERT:bert_class_weighted,Class weight
1532,emscad_10934,"SpotSource Solutions LLC is a Global Human Capital Management Consulting firm headquartered in Miami, Florida. Founded i",Creative Director - Web Designer,0,0,0.9999020099639893,9.799003601074219e-05,0.05,1,BERT:bert_class_weighted,Class weight
1533,emscad_10937,"Novitex Enterprise Solutions, formerly Pitney Bowes Management Services, delivers innovative document and communications",Service Delivery Manager II,0,0,0.9999082684516907,9.173154830932617e-05,0.05,1,BERT:bert_class_weighted,Class weight
1534,emscad_10950,"Novitex Enterprise Solutions, formerly Pitney Bowes Management Services, delivers innovative document and communications",Customer Service Associate,0,0,0.9999240040779114,7.599592208862305e-05,0.05,1,BERT:bert_class_weighted,Class weight
1535,emscad_10958,Why CSD?,New York Relay Supervisor,0,0,0.9998770952224731,0.00012290477752685547,0.05,1,BERT:bert_class_weighted,Class weight
1536,emscad_10960,"Novitex Enterprise Solutions, formerly Pitney Bowes Management Services, delivers innovative document and communications",Customer Service Associate,0,0,0.9999200105667114,7.998943328857422e-05,0.05,1,BERT:bert_class_weighted,Class weight
1537,emscad_10962,Aptitude Staffing Solutions has redesigned the recruiting wheel. Our innovative new platform cuts the recruiting time in,Lead Software Engineer - Web,1,1,0.0,1.0,0.05,1,BERT:bert_class_weighted,Class weight
1538,emscad_10963,Green Street Advisors is the industry leader in real estate and real estate investment trust (REITs) research for over 2,Advisory & Consulting Associate,0,0,0.9998919367790222,0.0001080632209777832,0.05,1,BERT:bert_class_weighted,Class weight
1539,emscad_10969,"Novitex Enterprise Solutions, formerly Pitney Bowes Management Services, delivers innovative document and communications",Customer Service Associate,0,0,0.9999200105667114,7.998943328857422e-05,0.05,1,BERT:bert_class_weighted,Class weight
1540,emscad_10973,"Novitex Enterprise Solutions, formerly Pitney Bowes Management Services, delivers innovative document and communications",Driver II,0,0,0.9999221563339233,7.784366607666016e-05,0.05,1,BERT:bert_class_weighted,Class weight
1541,emscad_10974,"Shyp is the easiest way to send anything, anywhere.",Head of Customer Experience,0,0,0.9999245405197144,7.545948028564453e-05,0.05,1,BERT:bert_class_weighted,Class weight
1542,emscad_10990,Established on the principles that full time education is not for everyone Spectrum Learning is made up of a team of pas,CH1 1DD Business Admin Apprentice Available Under NAS 16-18 year olds only,0,0,0.9999209642410278,7.903575897216797e-05,0.05,1,BERT:bert_class_weighted,Class weight
1543,emscad_10994,"Novitex Enterprise Solutions, formerly Pitney Bowes Management Services, delivers innovative document and communications",Customer Service Associate,0,0,0.9999194145202637,8.058547973632812e-05,0.05,1,BERT:bert_class_weighted,Class weight
1544,emscad_11011,"Novitex Enterprise Solutions, formerly Pitney Bowes Management Services, delivers innovative document and communications",Customer Service Associate,0,0,0.9999171495437622,8.285045623779297e-05,0.05,1,BERT:bert_class_weighted,Class weight
1545,emscad_11012,Workable is a venture-backed startup making cloud-based recruitment software for fast-growing companies around the world,Office Manager,0,0,0.9999240040779114,7.599592208862305e-05,0.05,1,BERT:bert_class_weighted,Class weight
1546,emscad_11013,"Founded in 2010 by a team from Google’s London and New York offices, Qubit work with some of the biggest names in Online",Finance Assistant,0,0,0.9999242424964905,7.575750350952148e-05,0.05,1,BERT:bert_class_weighted,Class weight
1547,emscad_11015,"Novitex Enterprise Solutions, formerly Pitney Bowes Management Services, delivers innovative document and communications",Customer Service Associate,0,0,0.9999197125434875,8.028745651245117e-05,0.05,1,BERT:bert_class_weighted,Class weight
1548,emscad_11016,We are on a mission: Making cities smarter.,Product Management Intern,0,0,0.9999141693115234,8.58306884765625e-05,0.05,1,BERT:bert_class_weighted,Class weight
1549,emscad_11020,Abakus is a software platform built on game theory that evaluates and optimizes marketing. It is used by brands and adve,Analytics Associate,0,0,0.9999117851257324,8.821487426757812e-05,0.05,1,BERT:bert_class_weighted,Class weight
1550,emscad_11021,Inc42 is a technology focused media portal with extensive focus on innovation and creating value. In the past 6 months I,Tech Lead (PHP/WordPress),0,0,0.999920666217804,7.933378219604492e-05,0.05,1,BERT:bert_class_weighted,Class weight
1551,emscad_11028,Zylun is expanding the recruiting landscape for companies worldwide. We help businesses better compete and increase prof,VIRTUAL ASSISTANT,0,0,0.9999082684516907,9.173154830932617e-05,0.05,1,BERT:bert_class_weighted,Class weight
1552,emscad_11033,"Novitex Enterprise Solutions, formerly Pitney Bowes Management Services, delivers innovative document and communications",Customer Service Associate,0,0,0.9999224543571472,7.75456428527832e-05,0.05,1,BERT:bert_class_weighted,Class weight
1553,emscad_11037,"Novitex Enterprise Solutions, formerly Pitney Bowes Management Services, delivers innovative document and communications",Customer Service Associate,0,0,0.9999141693115234,8.58306884765625e-05,0.05,1,BERT:bert_class_weighted,Class weight
1554,emscad_11038,Work with Rohan to develop,Migration Center,1,0,0.999335765838623,0.0006642341613769531,0.05,0,BERT:bert_class_weighted,Class weight
1555,emscad_11045,"Gelato Group is a SaaS company. We've developed a global print engine integrated with the print ecosystem’s key players,",System Administrator,0,0,0.999887228012085,0.00011277198791503906,0.05,1,BERT:bert_class_weighted,Class weight
1556,emscad_11076,We help teachers get safe & secure jobs abroad :),English Teacher Overseas,0,0,0.999880850315094,0.00011914968490600586,0.05,1,BERT:bert_class_weighted,Class weight
1557,emscad_11079,"Novitex Enterprise Solutions, formerly Pitney Bowes Management Services, delivers innovative document and communications",Customer Service Associate,0,0,0.9999209642410278,7.903575897216797e-05,0.05,1,BERT:bert_class_weighted,Class weight
1558,emscad_11106,"Novitex Enterprise Solutions, formerly Pitney Bowes Management Services, delivers innovative document and communications",Customer Service Associate,0,0,0.9999197125434875,8.028745651245117e-05,0.05,1,BERT:bert_class_weighted,Class weight
1559,emscad_11119,"Critical Nurse Staffing, Inc. is enrolled with the U.S Department of Labor to provide nursing care to the former defense","Home Health CNA-Groveland, ID",0,0,0.9998780488967896,0.00012195110321044922,0.05,1,BERT:bert_class_weighted,Class weight
1560,emscad_11126,Contentful ( #URL_0252efddcbc4b8f51969fca7b054595976ea4678fd880b3653151e618d447b33# ) is an API-first content management,Sales Manager,0,0,0.999923050403595,7.69495964050293e-05,0.05,1,BERT:bert_class_weighted,Class weight
1561,emscad_11135,"Places Senior Technology and Data professionals nationwide with a focus on Software Engineering, Big Data, Analytics, Bu",Senior Data Analyst,0,0,0.9998706579208374,0.00012934207916259766,0.05,1,BERT:bert_class_weighted,Class weight
1562,emscad_11140,Visual BI is one of the leading and fastest growing firms focusing exclusively on BI & Analytics. Our offerings cover en,SAP BI/HANA Managing Consultant,0,0,0.999899685382843,0.00010031461715698242,0.05,1,BERT:bert_class_weighted,Class weight
1563,emscad_11146,"Novitex Enterprise Solutions, formerly Pitney Bowes Management Services, delivers innovative document and communications",Customer Service Techincal Specialist - Part Time,0,0,0.9999151825904846,8.481740951538086e-05,0.05,1,BERT:bert_class_weighted,Class weight
1564,emscad_11174,"Novitex Enterprise Solutions, formerly Pitney Bowes Management Services, delivers innovative document and communications",Customer Service Technical Specialist,0,0,0.9999218583106995,7.814168930053711e-05,0.05,1,BERT:bert_class_weighted,Class weight
1565,emscad_11195,"At Hayes-Corp, we create the fun stuff. With a focus on software development for mobile platforms, we are constantly loo",Copywriter (Freelance),0,0,0.9998717308044434,0.00012826919555664062,0.05,1,BERT:bert_class_weighted,Class weight
1566,emscad_11206,"Anittel is an ASX listed company providing IT & telecommunications services and solutions, with 17 offices throughout Au",Project Manager,0,0,0.9998831748962402,0.00011682510375976562,0.05,1,BERT:bert_class_weighted,Class weight
1567,emscad_11218,"Vend is looking for some awesome new talent to come join us. You'll be working in an awesome team doing awesome things, ",Data Quality Lead,0,0,0.9999057650566101,9.423494338989258e-05,0.05,1,BERT:bert_class_weighted,Class weight
1568,emscad_11221,Established on the principles that full time education is not for everyone Spectrum Learning is made up of a team of pas,M16 9HQ Warehousing Apprenticeship Under NAS 16-24 year olds,0,0,0.9999248385429382,7.516145706176758e-05,0.05,1,BERT:bert_class_weighted,Class weight
1569,emscad_11225,"We're an emerging technology agency, and we build breakthrough products through user-centered design. We're building a t",Production Artist,0,0,0.9999061226844788,9.387731552124023e-05,0.05,1,BERT:bert_class_weighted,Class weight
1570,emscad_11226,"inAccess’ InSolar is an integrated, vendor independent solution for the centralized management of geographically distrib",Linux Systems Engineer,0,0,0.999904990196228,9.500980377197266e-05,0.05,1,BERT:bert_class_weighted,Class weight
1571,emscad_11229,"We are currently seeking a part time retail sales associate for an exciting opportunity at Target Mobile in Frisco, TX. ",Retail Sales Associate - Part Time - Hiring This Week,0,0,0.9998722076416016,0.0001277923583984375,0.05,1,BERT:bert_class_weighted,Class weight
1572,emscad_11241,Outstanding Member Service Starts With Outstanding People,Senior Mortgage Underwriter,0,0,0.9999071955680847,9.28044319152832e-05,0.05,1,BERT:bert_class_weighted,Class weight
1573,emscad_11246,"CitySourced is the most widely used enterprise civic engagement platform, covering millions residents worldwide. Our one",Community / Marketing Coordinator,0,0,0.9999042749404907,9.572505950927734e-05,0.05,1,BERT:bert_class_weighted,Class weight
1574,emscad_11248,"Founded by serial entrepreneur Clive Jackson and launched in 2011, Victor is one of the world’s most trusted names in pr",Product manager,0,0,0.9999151825904846,8.481740951538086e-05,0.05,1,BERT:bert_class_weighted,Class weight
1575,emscad_11259,Eureka! Manager,Restaurant Manager - Hiring now!,0,0,0.9998902678489685,0.00010973215103149414,0.05,1,BERT:bert_class_weighted,Class weight
1576,emscad_11265,Why CSD?,Development Specialist,0,0,0.9999117851257324,8.821487426757812e-05,0.05,1,BERT:bert_class_weighted,Class weight
1577,emscad_11272,Eureka! Manager,Restaurant Manager (Great opportunity!),0,0,0.9998681545257568,0.00013184547424316406,0.05,1,BERT:bert_class_weighted,Class weight
1578,emscad_11275,Established on the principles that full time education is not for everyone Spectrum Learning is made up of a team of pas,M1 5AN Business Admin Apprenticeship available under NAS 16-18 year olds only,0,0,0.999923050403595,7.69495964050293e-05,0.05,1,BERT:bert_class_weighted,Class weight
1579,emscad_11286,We’re always looking for highly motivated “founder-types” to join us as we grow. Here’s what you need to know.,In-House Sales Recruiter - NY,0,0,0.9999131560325623,8.684396743774414e-05,0.05,1,BERT:bert_class_weighted,Class weight
1580,emscad_11287,"As augmented reality jobs go, one at Blippar is hard to beat. We are a rapidly expanding creative startup at the forefro",Graphic Designer (Augmented Reality and Mobile),0,0,0.9999187588691711,8.124113082885742e-05,0.05,1,BERT:bert_class_weighted,Class weight
1581,emscad_11294,"Lore Ventures is a boutique consulting firm based in Palo Alto, CA. We partner with early stage ventures to accelerate g",Engagement Manager - Marketing Strategy,0,0,0.9998352527618408,0.0001647472381591797,0.05,1,BERT:bert_class_weighted,Class weight
1582,emscad_11302,At the core of IT’s challenges is a perennial cycle where the majority of budgets are consumed maintaining existing syst,Health & Wellness Medical Assistant,0,0,0.9998876452445984,0.00011235475540161133,0.05,1,BERT:bert_class_weighted,Class weight
1583,emscad_11331,Leapfrog Services provides managed IT services for businesses and nonprofits worldwide. Founded in 1998 with the philoso,Knowledge Data Entry Technician,0,0,0.9999237060546875,7.62939453125e-05,0.05,1,BERT:bert_class_weighted,Class weight
1584,emscad_11332,"Industrial Color Software is a division of Industrial Color Brands, a family of vertically integrated creative productio",Director of IT,0,0,0.9998803734779358,0.00011962652206420898,0.05,1,BERT:bert_class_weighted,Class weight
1585,emscad_11333,"Gelato Group is a SaaS company. We've developed a global print engine integrated with the print ecosystem’s key players,",DevOps / Release Engineer,0,0,0.9998794794082642,0.00012052059173583984,0.05,1,BERT:bert_class_weighted,Class weight
1586,emscad_11338,"From the lands of Can Do, Roll Our Sleeves Up and Get It Done, we create and solve things previously unimaginable. We’re",Technical Writer - Documentation,0,0,0.9999128580093384,8.71419906616211e-05,0.05,1,BERT:bert_class_weighted,Class weight
1587,emscad_11354,"Shyp is the easiest way to send anything, anywhere.","Delivery Driver - Miami, FL",0,0,0.9999184608459473,8.153915405273438e-05,0.05,1,BERT:bert_class_weighted,Class weight
1588,emscad_11356,We Provide Full Time Permanent Positions for many medium to large US companies. We are interested in finding/recruiting ,Product Engineer,0,0,0.9999161958694458,8.380413055419922e-05,0.05,1,BERT:bert_class_weighted,Class weight
1589,emscad_11362,Hiring Field Representatives (Anaheim),Field Representative/ Hiring Immediately,0,0,0.9998799562454224,0.00012004375457763672,0.05,1,BERT:bert_class_weighted,Class weight
1590,emscad_11363,"We are experiencing a rapid worldwide adoption of our flagship open source product, Vaadin Framework, and are now lookin",Project Manager,0,0,0.9999061226844788,9.387731552124023e-05,0.05,1,BERT:bert_class_weighted,Class weight
1591,emscad_11372,Maker’s Row is an online marketplace that connects American manufacturers and product based businesses. Our mission is t,Account Manager,0,0,0.9999107718467712,8.922815322875977e-05,0.05,1,BERT:bert_class_weighted,Class weight
1592,emscad_11375,"Ixonos is a global design + technology consultancy based out of Finland; With design studios in London, Helsinki, Košice",Senior Visual Designer,0,0,0.9999221563339233,7.784366607666016e-05,0.05,1,BERT:bert_class_weighted,Class weight
1593,emscad_11378,Forward3D is the largest independent digital marketing agency in Britain. We run cutting edge digital marketing campaign,SEO Manager,0,0,0.999925434589386,7.456541061401367e-05,0.05,1,BERT:bert_class_weighted,Class weight
1594,emscad_11383,"SummaView is een jong bedrijf uit Amersfoort die mensen, kennis en software levert ophet snijvlak van controlling en Bus",OUD: Business Controller 7,0,0,0.9999135136604309,8.64863395690918e-05,0.05,1,BERT:bert_class_weighted,Class weight
1595,emscad_11384,Want to build a 21st century financial service?,UK Banking Lead,0,0,0.9999184608459473,8.153915405273438e-05,0.05,1,BERT:bert_class_weighted,Class weight
1596,emscad_11386,We Provide Full Time Permanent Positions for many medium to large US companies. We are interested in finding/recruiting ,.NET Developer,0,0,0.999925434589386,7.456541061401367e-05,0.05,1,BERT:bert_class_weighted,Class weight
1597,emscad_11387,At Founders we create companies. We are are a team of people who constantly work and experiment with business models app,Senior Developer,0,0,0.9999151825904846,8.481740951538086e-05,0.05,1,BERT:bert_class_weighted,Class weight
1598,emscad_11409,Visual BI is one of the leading and fastest growing firms focusing exclusively on BI & Analytics. Our offerings cover en,UI / UX / Graphic Designer,0,0,0.9999194145202637,8.058547973632812e-05,0.05,1,BERT:bert_class_weighted,Class weight
1599,emscad_11412,"Job Responsibilities In addition to maintaining an active caseload of clients, this position will be responsible for the",Chemical Dependency Counselor,0,0,0.9998201131820679,0.0001798868179321289,0.05,1,BERT:bert_class_weighted,Class weight
1600,emscad_11416,BillGuard is a personal finance security service powered by the collective knowledge of millions of people . The family ,Online Performance Analyst,0,0,0.9999187588691711,8.124113082885742e-05,0.05,1,BERT:bert_class_weighted,Class weight
1601,emscad_11417,"Levo League is a thriving community of young professionals, role models, and innovative companies taking Gen Y by storm.",UX/UI Designer,0,0,0.9999145269393921,8.547306060791016e-05,0.05,1,BERT:bert_class_weighted,Class weight
1602,emscad_11426,"SummaView is een jong bedrijf uit Amersfoort die mensen, kennis en software levert ophet snijvlak van controlling en Bus",OUD 10:SummaView zoekt een Business Controller,0,0,0.9999151825904846,8.481740951538086e-05,0.05,1,BERT:bert_class_weighted,Class weight
1603,emscad_11436,Envision Consulting conducts retained searches for nonprofit clients seeking to expand and enhance their mission through,Community Programs Manager,0,0,0.999899685382843,0.00010031461715698242,0.05,1,BERT:bert_class_weighted,Class weight
1604,emscad_11439,Salary ranges to approximately $110+,Sr. Lawson System Administrator (Hospital near the Dallas Area),0,0,0.9997739791870117,0.00022602081298828125,0.05,1,BERT:bert_class_weighted,Class weight
1605,emscad_11451,Established on the principles that full time education is not for everyone Spectrum Learning is made up of a team of pas,BS37 5NZ DGV Apprenticeship available under NAS 18 year olds only!,0,0,0.9999224543571472,7.75456428527832e-05,0.05,1,BERT:bert_class_weighted,Class weight
1606,emscad_11456,"We are an award-winning team of professionals, providing the very best value for glass shower enclosures, designer close",Skilled Glazer,0,0,0.9999023675918579,9.763240814208984e-05,0.05,1,BERT:bert_class_weighted,Class weight
1607,emscad_11458,"In 1959 Edward Miller recognized the need for a high quality, reliable manufacturing partner in the marketplace. He took",CNC Setup Operator - Multi (2nd Shift),0,0,0.999730110168457,0.00026988983154296875,0.05,1,BERT:bert_class_weighted,Class weight
1608,emscad_11460,HTS Ag has been working with producers to prove the profitability of precision technology since 1995. HTS Ag’s goal is t,Precision Ag Associate Advisor (Sales & Service),0,0,0.9997413158416748,0.0002586841583251953,0.05,1,BERT:bert_class_weighted,Class weight
1609,emscad_11495,"Ixonos is a global design + technology consultancy based out of Finland; With design studios in London, Helsinki, Košice",HTML 5 Developer,0,0,0.9999174475669861,8.255243301391602e-05,0.05,1,BERT:bert_class_weighted,Class weight
1610,emscad_11498,RESPONSIBILITIES:,GIS Technician,0,0,0.9998726844787598,0.00012731552124023438,0.05,1,BERT:bert_class_weighted,Class weight
1611,emscad_11529,"Are you looking to impact lives, inspire change and provide solutions for children, families & communities in Ohio?",Early Childhood Mental HealthTherapist,0,0,0.9998655319213867,0.00013446807861328125,0.05,1,BERT:bert_class_weighted,Class weight
1612,emscad_11537,Massive Media is the social media company behind the successful digital brands #URL_18234f381f5e7b9a9ffdc727cd05c9046edf,Digital Marketing Executive,0,0,0.9999203085899353,7.969141006469727e-05,0.05,1,BERT:bert_class_weighted,Class weight
1613,emscad_11555,"We believe clients need a business partner who gets their business, gets the uniqueness of their culture and gets their ",Sr. Community Manager,0,0,0.9999168515205383,8.314847946166992e-05,0.05,1,BERT:bert_class_weighted,Class weight
1614,emscad_11575,"Founded in 2010 by a team from Google’s London and New York offices, Qubit work with some of the biggest names in Online",Sales Development Manager,0,0,0.9999242424964905,7.575750350952148e-05,0.05,1,BERT:bert_class_weighted,Class weight
1615,emscad_11590,"Being into the IT domain for over 4 years, Walkover specializes in web based application development and mobile applicat",Business Development Trainee,0,0,0.9998568296432495,0.00014317035675048828,0.05,1,BERT:bert_class_weighted,Class weight
1616,emscad_11597,Upstream’s mission is to revolutionise the way companies market to consumers through cutting edge technology. This is an,Marketing Executive,0,0,0.9999224543571472,7.75456428527832e-05,0.05,1,BERT:bert_class_weighted,Class weight
1617,emscad_11611,"Sparkol is a growing software company based outside of Bristol, UK.",Application Support Analyst,0,0,0.9999141693115234,8.58306884765625e-05,0.05,1,BERT:bert_class_weighted,Class weight
1618,emscad_11612,WHO WE ARE? MILLER & ASSOCIATES IS AN ENTERPRISE SOFTWARE SOLUTIONS COMPANY.,Java Developer,0,0,0.9997800588607788,0.0002199411392211914,0.05,1,BERT:bert_class_weighted,Class weight
1619,emscad_11621,Established on the principles that full time education is not for everyone Spectrum Learning is made up of a team of pas,Aberdeen Driving Apprenticeship Under NAS 18 Year Olds Only,0,0,0.999925434589386,7.456541061401367e-05,0.05,1,BERT:bert_class_weighted,Class weight
1620,emscad_11622,Priority Care Group are a family run care group with 6 Care Homes in Scotland.,Assistant Cook,0,0,0.9999015927314758,9.840726852416992e-05,0.05,1,BERT:bert_class_weighted,Class weight
1621,emscad_11623,"Ryanair is Europe’s favourite low fares airline, operating more than 1,600 daily flights (over 500,000 per year) from 69",Social Media Agent,0,0,0.9998867511749268,0.00011324882507324219,0.05,1,BERT:bert_class_weighted,Class weight
1622,emscad_11636,"Ryanair is Europe’s favourite low fares airline, operating more than 1,600 daily flights (over 500,000 per year) from 69",Flight Operations Rostering Manager,0,0,0.9998992681503296,0.00010073184967041016,0.05,1,BERT:bert_class_weighted,Class weight
1623,emscad_11639,"With offices across UK, mainland Europe, Australia, New Zealand, and the United States, Squiz helps clients across the g",Magento Developer,0,0,0.9999194145202637,8.058547973632812e-05,0.05,1,BERT:bert_class_weighted,Class weight
1624,emscad_11655,"We provide a fresh perspective to HR and career solutions. Building on solid expertise, international experience, and a ",Web Developer,0,0,0.9999194145202637,8.058547973632812e-05,0.05,1,BERT:bert_class_weighted,Class weight
1625,emscad_11664,"Babbel enables anyone to learn languages in an easy and interactive way. The learning system offers 13 languages, from E",Team Coordinator Quality Assurance (m/f),0,0,0.9999148845672607,8.511543273925781e-05,0.05,1,BERT:bert_class_weighted,Class weight
1626,emscad_11669,Hawkeye Recruitment provides cost effective recruitment advertising solutions to help you cast the widest net to find th,Personal Care Worker - Community Living Assistant,0,0,0.9999128580093384,8.71419906616211e-05,0.05,1,BERT:bert_class_weighted,Class weight
1627,emscad_11675,"Based in Hoxton, London, Forward Partners are a “startup catalyst”, combining investment with practical hands-on experti",Sales Executive at VC backed startup ParcelBright,0,0,0.9999248385429382,7.516145706176758e-05,0.05,1,BERT:bert_class_weighted,Class weight
1628,emscad_11681,Our Mission,UX/UI HTML/CSS Designer,0,0,0.9999171495437622,8.285045623779297e-05,0.05,1,BERT:bert_class_weighted,Class weight
1629,emscad_11688,hello world,Team Lead Algorithm,0,0,0.9999237060546875,7.62939453125e-05,0.05,1,BERT:bert_class_weighted,Class weight
1630,emscad_11695,Cardback ( #URL_90abbb32080c1fe9e207dea7ce143b8287f6df854d5c6a7977a33e7ddf3fb9a1# ) is all set to change the way you use,Super Ninja Tech Card,0,0,0.999879002571106,0.00012099742889404297,0.05,1,BERT:bert_class_weighted,Class weight
1631,emscad_11696,Who are We?,Receptionist - Entry Level,0,0,0.9998911023139954,0.00010889768600463867,0.05,1,BERT:bert_class_weighted,Class weight
1632,emscad_11698,Moxie Labs is a venture-backed startup making cloud-based recruitment software for fast-growing companies around the wor,Inside Sales Director,0,0,0.9999161958694458,8.380413055419922e-05,0.05,1,BERT:bert_class_weighted,Class weight
1633,emscad_11701,"We're an established same-day cleaning company with 1,000's of regular customers around Zone 1-3 in London. We're lookin",UK Cleaners,0,0,0.9999071955680847,9.28044319152832e-05,0.05,1,BERT:bert_class_weighted,Class weight
1634,emscad_11704,"Vend is looking for some awesome new talent to come join us. You'll be working in an awesome team doing awesome things, ",I want to work at Vend in AUCKLAND,0,0,0.999904990196228,9.500980377197266e-05,0.05,1,BERT:bert_class_weighted,Class weight
1635,emscad_11705,Working at FBN,Frontend Software Engineer,0,0,0.9999184608459473,8.153915405273438e-05,0.05,1,BERT:bert_class_weighted,Class weight
1636,emscad_11737,Netotiate© is on track to forever change the way companies promote and grow their sales online,Full Stack Web developer,0,0,0.9999128580093384,8.71419906616211e-05,0.05,1,BERT:bert_class_weighted,Class weight
1637,emscad_11746,"With over 30 years of experience in the industry, Mercer Foods has been providing superior quality freeze dried foods an",General Labor - Part Time,0,0,0.9998911023139954,0.00010889768600463867,0.05,1,BERT:bert_class_weighted,Class weight
1638,emscad_11758,Staffing & Recruiting done right for the Oil & Energy Industry!,UTC Lead Testing Technician,1,1,0.0,1.0,0.05,1,BERT:bert_class_weighted,Class weight
1639,emscad_11759,"Founded in 2010 by a team from Google’s London and New York offices, Qubit work with some of the biggest names in Online",Associate Product Manager,0,0,0.999923050403595,7.69495964050293e-05,0.05,1,BERT:bert_class_weighted,Class weight
1640,emscad_11769,Aptitude Staffing Solutions has redesigned the recruiting wheel. Our innovative new platform cuts the recruiting time in,Lead Software Engineer - Web,1,1,0.0,1.0,0.05,1,BERT:bert_class_weighted,Class weight
1641,emscad_11771,Aptitude Staffing Solutions has redesigned the recruiting wheel. Our innovative new platform cuts the recruiting time in,Senior System Engineering Manager,1,1,0.0,1.0,0.05,1,BERT:bert_class_weighted,Class weight
1642,emscad_11776,Avelgood Apps is creating cutting-edge audio and image recognition technologies that help people identify and engage wit,Software Engineer - Image Recognition,0,0,0.9999114871025085,8.851289749145508e-05,0.05,1,BERT:bert_class_weighted,Class weight
1643,emscad_11793,United Med Force was created due to the high demand for elite sales professionals in the healthcare industry. United Med,Pharmaceutical / Compound Sales Representative- Illinois,0,0,0.9998889565467834,0.00011104345321655273,0.05,1,BERT:bert_class_weighted,Class weight
1644,emscad_11797,"We are a young, dynamic, fast-growing digital marketing agency established in February 2013 and headquartered in Athens,",Copywriter and Community Manager,0,0,0.999925434589386,7.456541061401367e-05,0.05,1,BERT:bert_class_weighted,Class weight
1645,emscad_11804,"#URL_c59e83e0460115b6817e5222a26b0e0f821ffad0ef2167b473cb66e5e7192142# is the creator of the first ""Everywhere"" social n",Marketing Manager,0,0,0.9999148845672607,8.511543273925781e-05,0.05,1,BERT:bert_class_weighted,Class weight
1646,emscad_11807,MISSION:,EXPERIENCED CAREGIVERS NEEDED TODAY!THE BEST PAY & AWESOME BENEFITS!!,0,0,0.9999151825904846,8.481740951538086e-05,0.05,1,BERT:bert_class_weighted,Class weight
1647,emscad_11819,"Save-In is a mobile startup, that aims to revolutionize the mobile couponing business via a unique value proposition tow",Mobile App Developer,0,0,0.9997148513793945,0.00028514862060546875,0.05,1,BERT:bert_class_weighted,Class weight
1648,emscad_11823,BADR is an established company that is striding in to the world of big-data with formal expertise and the right technolo,Senior Data Engineer,0,0,0.9999145269393921,8.547306060791016e-05,0.05,1,BERT:bert_class_weighted,Class weight
1649,emscad_11825,Our mission is to bring the world's best-loved local restaurants into everyone's home or office - fast.,Driver Operations Manager,0,0,0.9999234080314636,7.659196853637695e-05,0.05,1,BERT:bert_class_weighted,Class weight
1650,emscad_11828,Brewbot is building a tight-knit electronic engineering team in order to work on the development of hardware for brewing,Senior Embedded Software Engineer,0,0,0.9997518062591553,0.00024819374084472656,0.05,1,BERT:bert_class_weighted,Class weight
1651,emscad_11835,JUICE Mobile is an award-winning mobile advertising and technology firm solely dedicated to growing and monetizing the m,Digital Sales Planner,0,0,0.9998968839645386,0.00010311603546142578,0.05,1,BERT:bert_class_weighted,Class weight
1652,emscad_11841,Established on the principles that full time education is not for everyone Spectrum Learning is made up of a team of pas,West Yorkshire Lead Generators/Sales Opporutunity,0,0,0.9999212622642517,7.873773574829102e-05,0.05,1,BERT:bert_class_weighted,Class weight
1653,emscad_11869,InVision is a venture-backed startup working to create the world's best design communication and collaboration platform.,Senior Full-Stack Developer (remote/telecommute),0,0,0.9999178051948547,8.219480514526367e-05,0.05,1,BERT:bert_class_weighted,Class weight
1654,emscad_11873,We’re always looking for highly motivated “founder-types” to join us as we grow. Here’s what you need to know.,Java Engineer,0,0,0.9999161958694458,8.380413055419922e-05,0.05,1,BERT:bert_class_weighted,Class weight
1655,emscad_11890,Workable is a venture-backed startup making cloud-based recruitment software for fast-growing companies around the world,Developer (Front-end team),0,0,0.9999164938926697,8.350610733032227e-05,0.05,1,BERT:bert_class_weighted,Class weight
1656,emscad_11895,Brewbot is looking for a highly experienced software engineer to lead the development of our suite of mobile application,Senior iOS Software Engineer,0,0,0.9990601539611816,0.0009398460388183594,0.05,1,BERT:bert_class_weighted,Class weight
1657,emscad_11921,The OneReach team is comprised of a diverse group of wonderful people from all walks of life. We’re currently hiring for,.NET Developer,0,0,0.9999178051948547,8.219480514526367e-05,0.05,1,BERT:bert_class_weighted,Class weight
1658,emscad_11929,Established on the principles that full time education is not for everyone Spectrum Learning is made up of a team of pas,Fragrance consultants needed in Nottingham,0,0,0.9999237060546875,7.62939453125e-05,0.05,1,BERT:bert_class_weighted,Class weight
1659,emscad_11931,"Since 1986, we've offered world-class software that has changed how the construction industry operates. As we've grown, ",Technical Support Analyst - VIP Event Posting,0,0,0.999907910823822,9.208917617797852e-05,0.05,1,BERT:bert_class_weighted,Class weight
1660,emscad_11935,We Provide Full Time Permanent Positions for many medium to large US companies. We are interested in finding/recruiting ,Design Engineer,0,0,0.9999224543571472,7.75456428527832e-05,0.05,1,BERT:bert_class_weighted,Class weight
1661,emscad_11936,Key Responsibilities,Regional Change Consultant,0,0,0.9981212615966797,0.0018787384033203125,0.05,1,BERT:bert_class_weighted,Class weight
1662,emscad_11937,We are looking for a talented UI Designer to create amazing user experiences. The ideal candidate should have an eye for,UI Designer,0,0,0.999879002571106,0.00012099742889404297,0.05,1,BERT:bert_class_weighted,Class weight
1663,emscad_11944,we are looking for a (Senior) Naval Architect. The (Senior) Naval Architect is the Innovations Department's responsible ,Naval Architect,0,0,0.999589204788208,0.0004107952117919922,0.05,1,BERT:bert_class_weighted,Class weight
1664,emscad_11947,"CitySourced is the most widely used enterprise civic engagement platform, covering millions residents worldwide. Our one",Office Manager / Executive Assistant,0,0,0.9999125003814697,8.749961853027344e-05,0.05,1,BERT:bert_class_weighted,Class weight
1665,emscad_11956,We are an innovative personnel-sourcing firm with solid team strength in recruiting candidates for various domains in th,"Java Architect Job opportunity at California,San Diego",0,0,0.9999075531959534,9.244680404663086e-05,0.05,1,BERT:bert_class_weighted,Class weight
1666,emscad_11958,"NLCollect is a full-service platform for sports clubs and other organizations handling invoicing, billing, reminding and",Medewerker Klantenservice,0,0,0.9999121427536011,8.785724639892578e-05,0.05,1,BERT:bert_class_weighted,Class weight
1667,emscad_11965,We are on a mission: Making cities smarter.,Cities Project Manager,0,0,0.9999212622642517,7.873773574829102e-05,0.05,1,BERT:bert_class_weighted,Class weight
1668,emscad_11986,As Project Supervisor you will be responsible for:,Project Supervisor,0,0,0.9998433589935303,0.00015664100646972656,0.05,1,BERT:bert_class_weighted,Class weight
1669,emscad_11987,We Help Create Communities that Withstand the Test of Time,Association Manager,0,0,0.9999012351036072,9.876489639282227e-05,0.05,1,BERT:bert_class_weighted,Class weight
1670,emscad_11993,StartupTAP is not a conventional recruiting agency. We're true Talent Acquisition Partners.,Recruiting Associate,0,0,0.9999212622642517,7.873773574829102e-05,0.05,1,BERT:bert_class_weighted,Class weight
1671,emscad_11996,"Friend MTS is a leading provider of technology to the media and entertainment industry. Specialising in video security, ",Marketing Manager,0,0,0.9999093413352966,9.065866470336914e-05,0.05,1,BERT:bert_class_weighted,Class weight
1672,emscad_11998,Marketing Manager UK,Marketing Manager UK,0,0,0.9999100565910339,8.994340896606445e-05,0.05,1,BERT:bert_class_weighted,Class weight
1673,emscad_12004,"Strategic public relations. At Pierce Mattie Communications, that’s the phrase we toss around when people ask about our ",PR Senior Beauty Account Executive,0,0,0.9999000430107117,9.995698928833008e-05,0.05,1,BERT:bert_class_weighted,Class weight
1674,emscad_12008,MISSION:,EXPERIENCED CAREGIVERS NEEDED TODAY!THE BEST PAY & AWESOME BENEFITS!!,0,0,0.9999151825904846,8.481740951538086e-05,0.05,1,BERT:bert_class_weighted,Class weight
1675,emscad_12009,"Founded in 2010 by a team from Google’s London and New York offices, Qubit work with some of the biggest names in Online",Global Product Operations Manager,0,0,0.9999245405197144,7.545948028564453e-05,0.05,1,BERT:bert_class_weighted,Class weight
1676,emscad_12013,"Keycafe is the leading key exchange solution for Airbnb hosts, property managers and real estate agents. We have over 10",Expansion Representative,0,0,0.9999061226844788,9.387731552124023e-05,0.05,1,BERT:bert_class_weighted,Class weight
1677,emscad_12025,"We're changing how the world creates and publishes content. Even crazier, we're doing it from North Dakota. It's going t",UI/UX Designer,0,0,0.9999227523803711,7.724761962890625e-05,0.05,1,BERT:bert_class_weighted,Class weight
1678,emscad_12037,"Daily Secret is one of the fastest growing digital media brand for premium audiences around the world, serving 1.8 milli",Ruby on Rails Developer - Backend,0,0,0.9999224543571472,7.75456428527832e-05,0.05,1,BERT:bert_class_weighted,Class weight
1679,emscad_12043,Job Description:,Business Development Executive- Bidding,0,0,0.9998482465744019,0.00015175342559814453,0.05,1,BERT:bert_class_weighted,Class weight
1680,emscad_12054,"Salary: £18,000 - £20,000 Basic",Trainee Recruitment Consultant,0,0,0.9994473457336426,0.0005526542663574219,0.05,1,BERT:bert_class_weighted,Class weight
1681,emscad_12056,Visual BI is one of the leading and fastest growing firms focusing exclusively on BI & Analytics. Our offerings cover en,BI Solutions Intern,0,0,0.9999181032180786,8.189678192138672e-05,0.05,1,BERT:bert_class_weighted,Class weight
1682,emscad_12060,Job Description,Junior Developer,0,0,0.9998893737792969,0.000110626220703125,0.05,1,BERT:bert_class_weighted,Class weight
1683,emscad_12072,"Urban Robotics Inc. provides cutting edge software and hardware solutions for Intelligence, Surveillance and Reconnaissa",Mechanical Design Sleuth,0,0,0.9998183250427246,0.00018167495727539062,0.05,1,BERT:bert_class_weighted,Class weight
1684,emscad_12075,Established on the principles that full time education is not for everyone Spectrum Learning is made up of a team of pas,Country Durham Apprenticeship Under NAS 16-18 Year Olds Only,0,0,0.9999218583106995,7.814168930053711e-05,0.05,1,BERT:bert_class_weighted,Class weight
1685,emscad_12082,Position: Bijou-Pastry Cook,Pastry Cook,0,0,0.9998557567596436,0.0001442432403564453,0.05,1,BERT:bert_class_weighted,Class weight
1686,emscad_12086,Established on the principles that full time education is not for everyone Spectrum Learning is made up of a team of pas,Beauty & Fragrance consultants needed,0,0,0.999923050403595,7.69495964050293e-05,0.05,1,BERT:bert_class_weighted,Class weight
1687,emscad_12111,Atcom is a world - class software vendor of smart content management products for intelligent interactive media solution,UX & Usability Analyst at UXlab,0,0,0.9998126029968262,0.00018739700317382812,0.05,1,BERT:bert_class_weighted,Class weight
1688,emscad_12112,Soft ware Com petitiveness International (SOFTCOM INTERNATIONAL) is characterized for personel excellence .,"Senior Software Engineers, C++ for AUTOMOTIVE",0,0,0.9998644590377808,0.00013554096221923828,0.05,1,BERT:bert_class_weighted,Class weight
1689,emscad_12116,At the core of IT’s challenges is a perennial cycle where the majority of budgets are consumed maintaining existing syst,Construction Safety Specialist,0,0,0.9998968839645386,0.00010311603546142578,0.05,1,BERT:bert_class_weighted,Class weight
1690,emscad_12130,We are a young tech company specialising in long-term data storage.,Python Software Engineer,0,0,0.9999245405197144,7.545948028564453e-05,0.05,1,BERT:bert_class_weighted,Class weight
1691,emscad_12133,We Provide Full Time Permanent Positions for many medium to large US companies. We are interested in finding/recruiting ,"Strategic Marketing Director - Gearing - Houston, TX",0,0,0.99990314245224,9.685754776000977e-05,0.05,1,BERT:bert_class_weighted,Class weight
1692,emscad_12135,Established on the principles that full time education is not for everyone Spectrum Learning is made up of a team of pas,Beauty & Fragrance consultants needed,0,0,0.999923050403595,7.69495964050293e-05,0.05,1,BERT:bert_class_weighted,Class weight
1693,emscad_12142,"Novitex Enterprise Solutions, formerly Pitney Bowes Management Services, delivers innovative document and communications",Driver I,0,0,0.9999218583106995,7.814168930053711e-05,0.05,1,BERT:bert_class_weighted,Class weight
1694,emscad_12143,Axonix is a global mobile advertising technology company that's powered by a platform with a 4 year history of leading t,Media Services Sales Team Lead,0,0,0.9999008178710938,9.918212890625e-05,0.05,1,BERT:bert_class_weighted,Class weight
1695,emscad_12144,MISSION:,EXPERIENCED CAREGIVERS NEEDED TODAY!THE BEST PAY & AWESOME BENEFITS!!,0,0,0.9999155402183533,8.445978164672852e-05,0.05,1,BERT:bert_class_weighted,Class weight
1696,emscad_12147,"Depop is an exciting new mobile marketplace where you can sell things by simply taking a picture, as well as follow your",Support Agent,0,0,0.9999054074287415,9.459257125854492e-05,0.05,1,BERT:bert_class_weighted,Class weight
1697,emscad_12150,"Position : SR Network Engineer Job Location : United States-California-Santa Rosa Us work status required : EAD ,Green C","Senior Network Engineer Job opportunity at California, Santa Rosa",0,0,0.9996774196624756,0.00032258033752441406,0.05,1,BERT:bert_class_weighted,Class weight
1698,emscad_12155,"At Cedexis, we’re passionate about solutions for a faster web and we need people to bring our message to the world.",Sales Director,0,0,0.9999227523803711,7.724761962890625e-05,0.05,1,BERT:bert_class_weighted,Class weight
1699,emscad_12161,Established on the principles that full time education is not for everyone Spectrum Learning is made up of a team of pas,Beauty & Fragrance consultants needed,0,0,0.999923050403595,7.69495964050293e-05,0.05,1,BERT:bert_class_weighted,Class weight
1700,emscad_12178,"Urban Robotics Inc. provides cutting edge software and hardware solutions for Intelligence, Surveillance and Reconnaissa",Field Service Representative,0,0,0.9978351593017578,0.0021648406982421875,0.05,1,BERT:bert_class_weighted,Class weight
1701,emscad_12182,Established on the principles that full time education is not for everyone Spectrum Learning is made up of a team of pas,Beauty & Fragrance consultants needed,0,0,0.999923050403595,7.69495964050293e-05,0.05,1,BERT:bert_class_weighted,Class weight
1702,emscad_12192,Outstanding Member Service Starts With Outstanding People,Underwriter Manager,0,0,0.9999061226844788,9.387731552124023e-05,0.05,1,BERT:bert_class_weighted,Class weight
1703,emscad_12194,"DICE gets fans the best tickets at face value with No Booking Fees. We're based in Shoreditch, London and 100% mobile so",Head of Digital and Social Marketing,0,0,0.999920666217804,7.933378219604492e-05,0.05,1,BERT:bert_class_weighted,Class weight
1704,emscad_12201,Our History,Driver - Light Duty (Hayward),0,0,0.9999023675918579,9.763240814208984e-05,0.05,1,BERT:bert_class_weighted,Class weight
1705,emscad_12211,Real Time Machine Learning: We are developing technology for streaming data analytics at scale using cutting edge statis,Statistician,0,0,0.99990314245224,9.685754776000977e-05,0.05,1,BERT:bert_class_weighted,Class weight
1706,emscad_12219,Established on the principles that full time education is not for everyone Spectrum Learning is made up of a team of pas,Fragrance and Beauty Sales/Promotional Staff needed,0,0,0.9999227523803711,7.724761962890625e-05,0.05,1,BERT:bert_class_weighted,Class weight
1707,emscad_12226,"Shapeways is the leading 3D printing marketplace and community, empowering designers to bring amazing products to life. ",Industrial Engineer,0,0,0.9999221563339233,7.784366607666016e-05,0.05,1,BERT:bert_class_weighted,Class weight
1708,emscad_12227,Zylun’s mission is to help small and medium size enterprises take advantage of a highly skilled global workforce in a si,PHP DEVELOPER WITH WORDPRESS,0,0,0.9999194145202637,8.058547973632812e-05,0.05,1,BERT:bert_class_weighted,Class weight
1709,emscad_12234,"The RealReal is changing the way people buy and sell luxury items. The leader in luxury resale, the company is a full se",Wardrobe Assistant,0,0,0.9999096989631653,9.03010368347168e-05,0.05,1,BERT:bert_class_weighted,Class weight
1710,emscad_12240,We are currently seeking a part time retail sales associate for an exciting opportunity at Target Mobile in multiple Tar,Retail Sales Associate - Part Time - Hiring This Week!!!,0,0,0.9998676776885986,0.0001323223114013672,0.05,1,BERT:bert_class_weighted,Class weight
1711,emscad_12256,"We are a well established Web Development, Design and Marketing firm located in Wilmington, North Carolina. We offer a r",Digital Campaign Manager,0,0,0.9999251365661621,7.486343383789062e-05,0.05,1,BERT:bert_class_weighted,Class weight
1712,emscad_12259,"Marketing Evolution is a place where innovative marketing minds, advanced data science, and visionary technology meet. W","Analyst, Client Services",0,0,0.9999057650566101,9.423494338989258e-05,0.05,1,BERT:bert_class_weighted,Class weight
1713,emscad_12265,Playfair Capital is an early stage technology investment fund based in London.,Travel & Hospitality Manager,0,0,0.9999203085899353,7.969141006469727e-05,0.05,1,BERT:bert_class_weighted,Class weight
1714,emscad_12268,About ECHOING GREEN :,Director of Strategic Communications,0,0,0.9999061226844788,9.387731552124023e-05,0.05,1,BERT:bert_class_weighted,Class weight
1715,emscad_12274,"WillDom is a top notch IT Outsourcing Business Ecosystem, where each member contributes in creating world class value. W",Senior Database Engineer,0,0,0.9999168515205383,8.314847946166992e-05,0.05,1,BERT:bert_class_weighted,Class weight
1716,emscad_12279,"Our job is to make what you do, what you say and how you say it live up to consumers expectations.","UI / UX designer, sr",0,0,0.9999263286590576,7.367134094238281e-05,0.05,1,BERT:bert_class_weighted,Class weight
1717,emscad_12280,London's Going Out App! Explovia simply and brilliantly combines Group Chat with Event Booking.,Junior Front-end Web Developer,0,0,0.9999263286590576,7.367134094238281e-05,0.05,1,BERT:bert_class_weighted,Class weight
1718,emscad_12281,"With offices in San Francisco, Orlando and New York, Vantage PR is an award-winning public relations and social media ag",PR Assistant @ Tech PR Agency,0,0,0.999923050403595,7.69495964050293e-05,0.05,1,BERT:bert_class_weighted,Class weight
1719,emscad_12283,Job Title : Data Architect,Data Architect for contract to Hire Position,0,0,0.9996633529663086,0.00033664703369140625,0.05,1,BERT:bert_class_weighted,Class weight
1720,emscad_12324,Established on the principles that full time education is not for everyone Spectrum Learning is made up of a team of pas,WF17 Apprentice Office Assistant Under NAS 16-18 Year Olds Only,0,0,0.999920666217804,7.933378219604492e-05,0.05,1,BERT:bert_class_weighted,Class weight
1721,emscad_12343,We Build Great Companies,Operations Officer,0,0,0.9999209642410278,7.903575897216797e-05,0.05,1,BERT:bert_class_weighted,Class weight
1722,emscad_12357,Vayu builds affordable unmanned aerial vehicles (UAVs) for healthcare supply chain management and post-disaster aid deli,Administrative Coordinator,0,0,0.9998756647109985,0.00012433528900146484,0.05,1,BERT:bert_class_weighted,Class weight
1723,emscad_12362,"Headquarters in France, Montpellier (Place de la Comédie) & in the USA.",Sales Lead Generation Specialist,0,0,0.999907910823822,9.208917617797852e-05,0.05,1,BERT:bert_class_weighted,Class weight
1724,emscad_12366,"If you are someone who loves to learn new things; design, develop and implement stunning web-based solutions; we need yo",PHP Developer,0,0,0.9996671676635742,0.00033283233642578125,0.05,1,BERT:bert_class_weighted,Class weight
1725,emscad_12382,"At Hayes-Corp, we create the fun stuff. With a focus on software development for mobile platforms, we are constantly loo",IT Support Assistant,0,0,0.9997966289520264,0.0002033710479736328,0.05,1,BERT:bert_class_weighted,Class weight
1726,emscad_12389,"ABC Supply Co., Inc. is the nation’s largest wholesale distributor of roofing and one of the largest distributors of sid",Outside Sales Professional-Herculaneum,0,0,0.9998488426208496,0.00015115737915039062,0.05,1,BERT:bert_class_weighted,Class weight
1727,emscad_12409,We Provide Full Time Permanent Positions for many medium to large US companies. We are interested in finding/recruiting ,Business Analyst,0,0,0.9999046325683594,9.5367431640625e-05,0.05,1,BERT:bert_class_weighted,Class weight
1728,emscad_12421,Upstream’s mission is to revolutionise the way companies market to consumers through cutting edge technology. This is an,Senior Systems Engineer,0,0,0.999919056892395,8.094310760498047e-05,0.05,1,BERT:bert_class_weighted,Class weight
1729,emscad_12430,"Aquira help businesses sell more. Lots more. We do this through a range of tailored direct marketing services, high qual",B2B Energy Sales Advisor (Outbound) Mon-Fri 9am-5pm,0,0,0.9999161958694458,8.380413055419922e-05,0.05,1,BERT:bert_class_weighted,Class weight
1730,emscad_12434,Making Mobile Device Management Clear is Clearmark Technologies mission. Our team is made up of bright people who thrive,Sales Professional- SMB,1,1,0.00048828125,0.99951171875,0.05,1,BERT:bert_class_weighted,Class weight
1731,emscad_12435,"Aquira help businesses sell more. Lots more. We do this through a range of tailored direct marketing services, high qual",HR Manager,0,0,0.9999245405197144,7.545948028564453e-05,0.05,1,BERT:bert_class_weighted,Class weight
1732,emscad_12436,Atcom is a world - class software vendor of smart content management products for intelligent interactive media solution,.NET Web Developer,0,0,0.9996330738067627,0.0003669261932373047,0.05,1,BERT:bert_class_weighted,Class weight
1733,emscad_12442,"Founded in 2010 by a team from Google’s London and New York offices, Qubit work with some of the biggest names in Online",Graduate Client Engineer 2015,0,0,0.9999257326126099,7.426738739013672e-05,0.05,1,BERT:bert_class_weighted,Class weight
1734,emscad_12448,InVision is a venture-backed startup working to create the world's best design communication and collaboration platform.,Inside Sales Executive - Agency Accounts (New York),0,0,0.9999248385429382,7.516145706176758e-05,0.05,1,BERT:bert_class_weighted,Class weight
1735,emscad_12457,E-Hospitality is an IT / Hospitality company focusing on the global meeting industry. With its product Book2Meet (previo,Account Manager Business Solutions Germany,0,0,0.9999082684516907,9.173154830932617e-05,0.05,1,BERT:bert_class_weighted,Class weight
1736,emscad_12461,We’re always looking for highly motivated “founder-types” to join us as we grow. Here’s what you need to know.,Data Engineer,0,0,0.9999082684516907,9.173154830932617e-05,0.05,1,BERT:bert_class_weighted,Class weight
1737,emscad_12465,Location: Pennsylvania Duration: 4 months Target Start Date: 11/09/14,SAP Archive Specialist,0,0,0.9994139671325684,0.0005860328674316406,0.05,1,BERT:bert_class_weighted,Class weight
1738,emscad_12475,Boat International Media Limited is the world’s leading media group serving the superyacht industry. We publish the worl,Digital Editor - Boat International,0,0,0.999920666217804,7.933378219604492e-05,0.05,1,BERT:bert_class_weighted,Class weight
1739,emscad_12476,Established on the principles that full time education is not for everyone Spectrum Learning is made up of a team of pas,Salford I.T Apprenticeship available under NAS 16-18 year olds only,0,0,0.9999240040779114,7.599592208862305e-05,0.05,1,BERT:bert_class_weighted,Class weight
1740,emscad_12477,"We’ve built revolutionary technology that is changing the way people get around cities. Using Via, a luxury ride booked ",Senior Designer,0,0,0.9999184608459473,8.153915405273438e-05,0.05,1,BERT:bert_class_weighted,Class weight
1741,emscad_12479,"Critical Nurse Staffing, Inc. is enrolled with the U.S Department of Labor to provide nursing care to the former defense","CNA-Point Blank, TX",0,0,0.9998984932899475,0.00010150671005249023,0.05,1,BERT:bert_class_weighted,Class weight
1742,emscad_12487,VisaHQ hires a diverse and internationally minded staff of professional and reliable employees who are dedicated to brea,Passport and Visa Specialist / Courier,0,0,0.9998915195465088,0.00010848045349121094,0.05,1,BERT:bert_class_weighted,Class weight
1743,emscad_12491,Our History,Light Duty Driver,0,0,0.9998831748962402,0.00011682510375976562,0.05,1,BERT:bert_class_weighted,Class weight
1744,emscad_12499,Hawkeye Recruitment provides cost effective recruitment advertising solutions to help you cast the widest net to find th,Police Officer,0,0,0.9998889565467834,0.00011104345321655273,0.05,1,BERT:bert_class_weighted,Class weight
1745,emscad_12501,Established on the principles that full time education is not for everyone Spectrum Learning is made up of a team of pas,Chester Apprenticeships Under NAS 16-18 Year Olds Only,0,0,0.9999203085899353,7.969141006469727e-05,0.05,1,BERT:bert_class_weighted,Class weight
1746,emscad_12502,"Delivering superior customer services for over 10 years, IBEX Global is a business process outsourcer offering an integr",Agent-Inbound Sales Position,0,0,0.9998836517333984,0.0001163482666015625,0.05,1,BERT:bert_class_weighted,Class weight
1747,emscad_12521,Hawkeye Recruitment provides cost effective recruitment advertising solutions to help you cast the widest net to find th,Inside Sales Representative - Outside Sales Representative,0,0,0.9999125003814697,8.749961853027344e-05,0.05,1,BERT:bert_class_weighted,Class weight
1748,emscad_12529,Hawkeye Recruitment provides cost effective recruitment advertising solutions to help you cast the widest net to find th,Personal Care Worker - Community Living Assistant,0,0,0.999904990196228,9.500980377197266e-05,0.05,1,BERT:bert_class_weighted,Class weight
1749,emscad_12539,Hawkeye Recruitment provides cost effective recruitment advertising solutions to help you cast the widest net to find th,Plumber,0,0,0.9999114871025085,8.851289749145508e-05,0.05,1,BERT:bert_class_weighted,Class weight
1750,emscad_12540,Hawkeye Recruitment provides cost effective recruitment advertising solutions to help you cast the widest net to find th,Superintendent - Maintenance Supervisor,0,0,0.9999141693115234,8.58306884765625e-05,0.05,1,BERT:bert_class_weighted,Class weight
1751,emscad_12544,"At Atlas Lift Tech, safety always comes first! We are a fast growing company with an innovative vision of making Safe Pa",Regional Sales Representative,0,0,0.9999093413352966,9.065866470336914e-05,0.05,1,BERT:bert_class_weighted,Class weight
1752,emscad_12558,Established on the principles that full time education is not for everyone Spectrum Learning is made up of a team of pas,CONTRACTS MANAGER (Internal Construction),0,0,0.9999240040779114,7.599592208862305e-05,0.05,1,BERT:bert_class_weighted,Class weight
1753,emscad_12566,The company was founded in 1980 as ‘Panther electronics’ and since 1990 operates under the name Semitron. In 1996 Semitr,R&D - Software Engineer,0,0,0.9998488426208496,0.00015115737915039062,0.05,1,BERT:bert_class_weighted,Class weight
1754,emscad_12568,VisaHQ hires a diverse and internationally minded staff of professional and reliable employees who are dedicated to brea,"Internship, Visa and Passport Agency",0,0,0.9998952746391296,0.00010472536087036133,0.05,1,BERT:bert_class_weighted,Class weight
1755,emscad_12584,Unify — formerly known as Siemens Enterprise Communications — is a premier communications software and services firms. O,Junior Interaction Designer,0,0,0.9998799562454224,0.00012004375457763672,0.05,1,BERT:bert_class_weighted,Class weight
1756,emscad_12591,We Provide Full Time Permanent Positions for many medium to large US companies. We are interested in finding/recruiting ,Process Engineer - Environmental laws - TX,0,0,0.9999023675918579,9.763240814208984e-05,0.05,1,BERT:bert_class_weighted,Class weight
1757,emscad_12592,"ABC Supply Co., Inc. is the nation’s largest wholesale distributor of roofing and one of the largest distributors of sid",Outside Sales Professional-Hartland,0,0,0.999802827835083,0.0001971721649169922,0.05,1,BERT:bert_class_weighted,Class weight
1758,emscad_12598,"We’ve built revolutionary technology that is changing the way people get around cities. Using Via, a luxury ride booked ",MBA Intern,0,0,0.9999194145202637,8.058547973632812e-05,0.05,1,BERT:bert_class_weighted,Class weight
1759,emscad_12599,"Come be a part of one of the fastest growing, well-funded and exciting startups in Silicon Valley. Peel makes the world’",UI/UX Designer,0,0,0.9999023675918579,9.763240814208984e-05,0.05,1,BERT:bert_class_weighted,Class weight
1760,emscad_12603,"Maxnet offers Staff Augmentation Solutions for Big Data Analytics in Retail, Healthcare and Regulatory & Compliance.",Web method Developer,0,0,0.9999000430107117,9.995698928833008e-05,0.05,1,BERT:bert_class_weighted,Class weight
1761,emscad_12608,#URL_c914851eb385d8c6471d602008fc4e84780de02287ca6ee67080b5f24864592f# is a developers tools provider based in LasVegas ,Frontend Developer,0,0,0.9999107718467712,8.922815322875977e-05,0.05,1,BERT:bert_class_weighted,Class weight
1762,emscad_12616,HealthCare California is a locally-owned and operated home health agency providing a variety of home health and medical ,Payroll/AP Clerk,0,0,0.9998106956481934,0.00018930435180664062,0.05,1,BERT:bert_class_weighted,Class weight
1763,emscad_12621,De Novo Group is a non-profit organization based out of Berkeley and backed by Google and federal grants. We turn cuttin,Broadband Technician,0,0,0.9999064803123474,9.351968765258789e-05,0.05,1,BERT:bert_class_weighted,Class weight
1764,emscad_12622,Since 1973: Working together to make our community healthy,Addiction and Mental Health Counsellor,0,0,0.9999057650566101,9.423494338989258e-05,0.05,1,BERT:bert_class_weighted,Class weight
1765,emscad_12628,At HoneyBook we’re re-imagining the events industry and building a product that is already changing the world for some o,Community Manager,0,0,0.9999168515205383,8.314847946166992e-05,0.05,1,BERT:bert_class_weighted,Class weight
1766,emscad_12633,hello world,Creative Director,0,0,0.9999263286590576,7.367134094238281e-05,0.05,1,BERT:bert_class_weighted,Class weight
1767,emscad_12638,We Help Create Communities that Withstand the Test of Time,HOA Property Inspector,0,0,0.9998927712440491,0.00010722875595092773,0.05,1,BERT:bert_class_weighted,Class weight
1768,emscad_12640,The Boston Consulting Group ( #URL_45423e1e16703aa4d8ee444d3ad69bb51525f1dad0b3115713cf80dc496299e2# ) has launched a ne,Human Centered Industrial Designer,0,0,0.99990314245224,9.685754776000977e-05,0.05,1,BERT:bert_class_weighted,Class weight
1769,emscad_12649,"We are looking for a full-time software engineer to join a high frequency algorithmic trading team based in Athens, work",Software Engineer - Algorithmic Trading,0,0,0.9998980760574341,0.00010192394256591797,0.05,1,BERT:bert_class_weighted,Class weight
1770,emscad_12650,At HoneyBook we’re re-imagining the events industry and building a product that is already changing the world for some o,Chief of Office,0,0,0.9999104142189026,8.958578109741211e-05,0.05,1,BERT:bert_class_weighted,Class weight
1771,emscad_12653,OUR EMPLOYEES DRIVE OUR BUSINESS,Agent-Inbound Customer Service,0,0,0.9998923540115356,0.00010764598846435547,0.05,1,BERT:bert_class_weighted,Class weight
1772,emscad_12663,Established on the principles that full time education is not for everyone Spectrum Learning is made up of a team of pas,Beauty & Fragrance consultants needed,0,0,0.999923050403595,7.69495964050293e-05,0.05,1,BERT:bert_class_weighted,Class weight
1773,emscad_12664,"Tribe Wearables is a venture-backed startup, developing a cutting edge muscle activity tracker, embedded into sport appa",Senior Industrial Designer,0,0,0.9999248385429382,7.516145706176758e-05,0.05,1,BERT:bert_class_weighted,Class weight
1774,emscad_12666,"Namely is the leading end-to-end HR and payroll platform for growing companies. Offerings include human payroll, benefit",Senior Visual Designer,0,0,0.9999237060546875,7.62939453125e-05,0.05,1,BERT:bert_class_weighted,Class weight
1775,emscad_12686,"PINT is a leader in the web industry with 20 years of web design, software development and consulting experience. PINT's",Business Analyst - Web | Software Development,0,0,0.9999057650566101,9.423494338989258e-05,0.05,1,BERT:bert_class_weighted,Class weight
1776,emscad_12698,Established on the principles that full time education is not for everyone Spectrum Learning is made up of a team of pas,Bristol DGV Apprenticeship available under NAS 18 year olds only!,0,0,0.9999240040779114,7.599592208862305e-05,0.05,1,BERT:bert_class_weighted,Class weight
1777,emscad_12700,Who are We?,Business Development Associate,0,0,0.9998840689659119,0.00011593103408813477,0.05,1,BERT:bert_class_weighted,Class weight
1778,emscad_12716,"We're an emerging technology agency, and we build breakthrough products through user-centered design. We're building a t",Senior Product Designer,0,0,0.999907910823822,9.208917617797852e-05,0.05,1,BERT:bert_class_weighted,Class weight
1779,emscad_12719,"Our client is seeking a sales representative to drive new client business and relationships, with major focus in Telecom",Sales Rep,0,0,0.9998346567153931,0.0001653432846069336,0.05,1,BERT:bert_class_weighted,Class weight
1780,emscad_12733,"Intercom ( #URL_cb674f93cbcd215a3a0a57a8615a565545949eead8adbbc73307c26d6a6af81b# ) is a simple, personal messaging serv",Data Analyst,0,0,0.9999171495437622,8.285045623779297e-05,0.05,1,BERT:bert_class_weighted,Class weight
1781,emscad_12754,Contentful ( #URL_0252efddcbc4b8f51969fca7b054595976ea4678fd880b3653151e618d447b33# ) is an API-first content management,QA Automation Engineer,0,0,0.9999171495437622,8.285045623779297e-05,0.05,1,BERT:bert_class_weighted,Class weight
1782,emscad_12761,Established on the principles that full time education is not for everyone Spectrum Learning is made up of a team of pas,Chelmsford Warehousing apprenticeship available under NAS 16-18 year olds only!,0,0,0.9999237060546875,7.62939453125e-05,0.05,1,BERT:bert_class_weighted,Class weight
1783,emscad_12762,Airenvy’s mission is to provide lucrative yet hassle free full service short term property management all around the wor,Philippines - Manager - Booking Team,0,0,0.9999004602432251,9.953975677490234e-05,0.05,1,BERT:bert_class_weighted,Class weight
1784,emscad_12770,We Provide Full Time Permanent Positions for many medium to large US companies. We are interested in finding/recruiting ,IT Security Analyst,0,0,0.999908983707428,9.101629257202148e-05,0.05,1,BERT:bert_class_weighted,Class weight
1785,emscad_12773,Take Out Brands is a food franchise business with a #URL_4524df5c91ce800c4ba16ef1406d622db7d51d37105a7fcee27521e61854615,Store Manager - Papa John's Pizza,0,0,0.9999187588691711,8.124113082885742e-05,0.05,1,BERT:bert_class_weighted,Class weight
1786,emscad_12774,We Provide Full Time Permanent Positions for many medium to large US companies. We are interested in finding/recruiting ,Talent Management Process Manager - All Major states,0,0,0.999859094619751,0.00014090538024902344,0.05,1,BERT:bert_class_weighted,Class weight
1787,emscad_12777,"WebLinc is the e-commerce platform and services provider for the fastest growing online retailers. WebLinc’s modern, agi",Project Manager,0,0,0.9999194145202637,8.058547973632812e-05,0.05,1,BERT:bert_class_weighted,Class weight
1788,emscad_12779,We are a digital marketing agency with an emphasis upon quality development that is developed and sold in a consultative,Sales Agents $400/wk Plus Commission,0,1,0.04345703125,0.95654296875,0.05,0,BERT:bert_class_weighted,Class weight
1789,emscad_12784,Take Out Brands is a food franchise business with a #URL_4524df5c91ce800c4ba16ef1406d622db7d51d37105a7fcee27521e61854615,Part-time In-Store Assistants (Papa John's Pizza),0,0,0.9999114871025085,8.851289749145508e-05,0.05,1,BERT:bert_class_weighted,Class weight
1790,emscad_12799,"Even though we’ve been industry leaders for years, we’ve never lost sight of our primary goal: to serve and protect our ","Life Insurance Agent - Riverside, CA",0,0,0.9999004602432251,9.953975677490234e-05,0.05,1,BERT:bert_class_weighted,Class weight
1791,emscad_12808,"We are experts in enterprise systems management for the desktop, mobility, datacentre + cloud. We are a young and dynami",Business Development Manager,0,0,0.999908983707428,9.101629257202148e-05,0.05,1,BERT:bert_class_weighted,Class weight
1792,emscad_12815,"Cloudit specialise in web based, leading-edge technologies which help drive your business forward. With over 20 years in",JavaScript Developer,0,0,0.9997408390045166,0.00025916099548339844,0.05,1,BERT:bert_class_weighted,Class weight
1793,emscad_12821,"Write well designed, testable, efficient code by using best software development practices",Web Developer,0,0,0.9998365640640259,0.0001634359359741211,0.05,1,BERT:bert_class_weighted,Class weight
1794,emscad_12827,"Even though we’ve been industry leaders for years, we’ve never lost sight of our primary goal: to serve and protect our ","Life Insurance Agent - Phoenix, AZ",0,0,0.9999012351036072,9.876489639282227e-05,0.05,1,BERT:bert_class_weighted,Class weight
1795,emscad_12830,"Ryanair is Europe’s favourite low fares airline, operating more than 1,600 daily flights (over 500,000 per year) from 69",Head of Finance,0,0,0.9998952746391296,0.00010472536087036133,0.05,1,BERT:bert_class_weighted,Class weight
1796,emscad_12847,Title: Data Modeler / Data Architect,Multiple Positions in Multiple Locations - Data Modeler / Data Architect,0,0,0.999666690826416,0.0003333091735839844,0.05,1,BERT:bert_class_weighted,Class weight
1797,emscad_12858,MarPoint is a maritime IT company that specializes in providing out of the box solutions for the maritime industry. All ,Junior .Net Developer,0,0,0.9998858571052551,0.00011414289474487305,0.05,1,BERT:bert_class_weighted,Class weight
1798,emscad_12859,"We are an international, venture backed team making it easy for millions of students worldwide to find and book their ac",Junior Accounts Assistant,0,0,0.9999138712882996,8.612871170043945e-05,0.05,1,BERT:bert_class_weighted,Class weight
1799,emscad_12860,We Provide Full Time Permanent Positions for many medium to large US companies. We are interested in finding/recruiting ,Manager-Plastics Mfg Engineering - Full Time Permanent Job,0,0,0.9999082684516907,9.173154830932617e-05,0.05,1,BERT:bert_class_weighted,Class weight
1800,emscad_12864,Praxis Life Sciences is a dynamic project management and consultancy practice servicing the life sciences industry. Prax,Manager - Life Sciences Consulting / Project Management,0,0,0.9998253583908081,0.00017464160919189453,0.05,1,BERT:bert_class_weighted,Class weight
1801,emscad_12868,Hawkeye Recruitment provides cost effective recruitment advertising solutions to help you cast the widest net to find th,Porters - Maintenance,0,0,0.9998956918716431,0.0001043081283569336,0.05,1,BERT:bert_class_weighted,Class weight
1802,emscad_12874,"WDM Group is an innovative, forward thinking digital company aimed at bringing business executives up-to-date with the l",UX/UI Designer,0,0,0.9999023675918579,9.763240814208984e-05,0.05,1,BERT:bert_class_weighted,Class weight
1803,emscad_12882,"ABC Supply Co., Inc. is the nation’s largest wholesale distributor of roofing and one of the largest distributors of sid",Outside Sales Professional-Kalamazoo,0,0,0.9998494386672974,0.00015056133270263672,0.05,1,BERT:bert_class_weighted,Class weight
1804,emscad_12889,ConsumerTrack is a technology-centric internet marketing company built on a culture of excellence. We are the preferred ,Ad Operations Specialist,0,0,0.9999237060546875,7.62939453125e-05,0.05,1,BERT:bert_class_weighted,Class weight
1805,emscad_12890,Seeking full and part-time day janitors and supervisors to clean commercial office buildings in San Francisco. Duties in,Janitors (San Francisco),0,0,0.9998043775558472,0.00019562244415283203,0.05,1,BERT:bert_class_weighted,Class weight
1806,emscad_12891,WHAT WE DO,Software Developer - Intermediate to Senior,0,0,0.9999164938926697,8.350610733032227e-05,0.05,1,BERT:bert_class_weighted,Class weight
1807,emscad_12897,THE COMPANY: theAudience ( #URL_f3517a05fc71a73ef91dd5d00f6443a8da91d54cee2beb7373234066761c761b# ),"Manager, Brand Strategy",0,0,0.9999111294746399,8.887052536010742e-05,0.05,1,BERT:bert_class_weighted,Class weight
1808,emscad_12898,"Reinventing the specialty mortgage servicing process by providing the highest level of customer service to our clients, ",Recovery Specialist-Collections,0,0,0.9999107718467712,8.922815322875977e-05,0.05,1,BERT:bert_class_weighted,Class weight
1809,emscad_12902,Qualified Staffing Services That Meet Your Technical Needs,Mechanical Assembler (Draw Works),0,0,0.9995946884155273,0.00040531158447265625,0.05,1,BERT:bert_class_weighted,Class weight
1810,emscad_12922,Bluebridge was created by a team of people who are passionate about organizations and the ways that effective technology,Product Marketing,0,0,0.9999203085899353,7.969141006469727e-05,0.05,1,BERT:bert_class_weighted,Class weight
1811,emscad_12931,Transifex is a SaaS continuous localization platform powering the process of launching products into multiple languages ,DevOps / SysAdmin,0,0,0.9998470544815063,0.00015294551849365234,0.05,1,BERT:bert_class_weighted,Class weight
1812,emscad_12935,"34 OFFICES in 21 COUNTRIES , and 27 YEARS’ EXPERIENCE",Business Process Analyst,0,0,0.9998506307601929,0.0001493692398071289,0.05,1,BERT:bert_class_weighted,Class weight
1813,emscad_12946,This project is to help staff up the Ash Basin Strategic Team Implementation. This is a new project being developed to p,Project Manager,0,0,0.9998775720596313,0.00012242794036865234,0.05,1,BERT:bert_class_weighted,Class weight
1814,emscad_12950,LKM Search Solutions is an Executive Search Firm that cares about your future. We work hard to find the position that is,Docketing Manager,0,0,0.9999155402183533,8.445978164672852e-05,0.05,1,BERT:bert_class_weighted,Class weight
1815,emscad_12960,"Electus believes in long-term relationships with our candidates. We provide a combination of recruiting expertise, data,",Senior Informatica Developer,0,0,0.9999082684516907,9.173154830932617e-05,0.05,1,BERT:bert_class_weighted,Class weight
1816,emscad_12961,Flite delivers ad innovation at scale to the world's top publishers and brands. Marketers use the self-service Flite Pla,Infrastructure Engineer,0,0,0.9999203085899353,7.969141006469727e-05,0.05,1,BERT:bert_class_weighted,Class weight
1817,emscad_12984,Bluebridge was created by a team of people who are passionate about organizations and the ways that effective technology,Tourism Content Writer - Freelance,0,0,0.9999234080314636,7.659196853637695e-05,0.05,1,BERT:bert_class_weighted,Class weight
1818,emscad_12992,Fabrily makes it easy for campaigners/communities/charities/causes/artists. etc... to raise funds and awareness with cus,Languages & Communications Manager,0,0,0.9999209642410278,7.903575897216797e-05,0.05,1,BERT:bert_class_weighted,Class weight
1819,emscad_12994,"Businessfriend, a growing social media company based in San Diego, is seeking a Head of Engineering to help take the new",Head of Engineering - Social Media Start-Up!,0,0,0.9999015927314758,9.840726852416992e-05,0.05,1,BERT:bert_class_weighted,Class weight
1820,emscad_13005,The Associate provides support for the development and execution of client projects including corporate training program,Training Associate,0,0,0.9998948574066162,0.00010514259338378906,0.05,1,BERT:bert_class_weighted,Class weight
1821,emscad_13021,EUROPEAN DYNAMICS (#URL_c66532ffa1ce76ab447da6774719060c42c584edbf44d74cdb94fc4ac219ca45#) is a leading European Softwar,"Data Warehouse Developer (SQL server, T-SQL)",0,0,0.9998854398727417,0.00011456012725830078,0.05,1,BERT:bert_class_weighted,Class weight
1822,emscad_13037,"Places Senior Technology and Data professionals nationwide with a focus on Software Engineering, Big Data, Analytics, Bu",Manager of Process Design and Improvement,0,0,0.9998670816421509,0.0001329183578491211,0.05,1,BERT:bert_class_weighted,Class weight
1823,emscad_13038,LanguageWire is a leading translation company servicing clients from its offices throughout Europe. With a proven track ,Senior Product Marketing Manager,0,0,0.999920666217804,7.933378219604492e-05,0.05,1,BERT:bert_class_weighted,Class weight
1824,emscad_13040,"It's all about Jesus. Everything we strive to do and be is influenced by Him. In the Bible, a guy by the name of Paul wr",Director of Youth Ministry,0,0,0.9999082684516907,9.173154830932617e-05,0.05,1,BERT:bert_class_weighted,Class weight
1825,emscad_13041,hello world,Head of Online Marketing,0,0,0.9999215602874756,7.843971252441406e-05,0.05,1,BERT:bert_class_weighted,Class weight
1826,emscad_13046,Hawkeye Recruitment provides cost effective recruitment advertising solutions to help you cast the widest net to find th,Home Inspector/ Consultant,0,0,0.9998968839645386,0.00010311603546142578,0.05,1,BERT:bert_class_weighted,Class weight
1827,emscad_13067,Arrival Education is a social enterprise that transforms the life prospects of young people from disadvantaged communiti,Youth Worker - Talent Development Manager,0,0,0.9999178051948547,8.219480514526367e-05,0.05,1,BERT:bert_class_weighted,Class weight
1828,emscad_13085,MUST BE BILINGUAL (English/Spanish) Provide excellent customer service to internal and external customers as well as abl,Bilingual Products and Services Coordinator II,0,0,0.9997422695159912,0.00025773048400878906,0.05,1,BERT:bert_class_weighted,Class weight
1829,emscad_13094,Bluebridge was created by a team of people who are passionate about organizations and the ways that effective technology,Mobile Technology Content Writer - Freelance,0,0,0.9999245405197144,7.545948028564453e-05,0.05,1,BERT:bert_class_weighted,Class weight
1830,emscad_13100,"Cylance is a global cybersecurity products and service company, specializeing in advanced threat security that detects a",Product Support Engineer,0,0,0.9998940229415894,0.00010597705841064453,0.05,1,BERT:bert_class_weighted,Class weight
1831,emscad_13111,"Declara is focused on bringing data to life. Our technology platform uses machine learning, search, algorithms and recom",Controller,0,0,0.9999027848243713,9.721517562866211e-05,0.05,1,BERT:bert_class_weighted,Class weight
1832,emscad_13121,"Founded by serial entrepreneur Clive Jackson and launched in 2011, Victor is one of the world’s most trusted names in pr",Commercial and Operations Executive,0,0,0.9999155402183533,8.445978164672852e-05,0.05,1,BERT:bert_class_weighted,Class weight
1833,emscad_13128,"Newmedica is a dynamic, innovative UK healthcare company that works in partnership with the NHS to deliver specialist cl","Clinical Optometrists, Nationwide",0,0,0.9999224543571472,7.75456428527832e-05,0.05,1,BERT:bert_class_weighted,Class weight
1834,emscad_13133,#URL_8417994cbfc9bdd39291d438b83cd3b9c29ee4b0cb862c1ad78b868218fa89a7# offers a platform that makes it easy for anyone t,Systems Engineer,0,0,0.9998639822006226,0.0001360177993774414,0.05,1,BERT:bert_class_weighted,Class weight
1835,emscad_13143,"With offices across UK, mainland Europe, Australia, New Zealand, and the United States, Squiz helps clients across the g",Senior Digital Project Manager,0,0,0.9999227523803711,7.724761962890625e-05,0.05,1,BERT:bert_class_weighted,Class weight
1836,emscad_13145,We Provide Full Time Permanent Positions for many medium to large US companies. We are interested in finding/recruiting ,Manufacturing Engineering Manager,0,0,0.9999237060546875,7.62939453125e-05,0.05,1,BERT:bert_class_weighted,Class weight
1837,emscad_13150,"With an exceptional record of over 50% growth in each of the last 5 years, we’ve become the UK’s largest online retailer",Ecommerce Sales Consultant,0,0,0.9999100565910339,8.994340896606445e-05,0.05,1,BERT:bert_class_weighted,Class weight
1838,emscad_13153,"Hey there, you.",COMEDY TICKET SALES REPRESENTATIVE,0,0,0.9996402263641357,0.0003597736358642578,0.05,1,BERT:bert_class_weighted,Class weight
1839,emscad_13172,Qualified Staffing Services That Meet Your Technical Needs,Material Handler,0,0,0.9998433589935303,0.00015664100646972656,0.05,1,BERT:bert_class_weighted,Class weight
1840,emscad_13174,BADR is an established company that is striding in to the world of big-data with formal expertise and the right technolo,Software Engineer,0,0,0.9999054074287415,9.459257125854492e-05,0.05,1,BERT:bert_class_weighted,Class weight
1841,emscad_13181,"At Hayes-Corp, we create the fun stuff. With a focus on software development for mobile platforms, we are constantly loo",Accounting Assistant,0,0,0.9998339414596558,0.00016605854034423828,0.05,1,BERT:bert_class_weighted,Class weight
1842,emscad_13194,"Welcome to interface rehab interface rehab provides comprehensive rehabilitation (Physical, Occupational & Speech Therap",Occupational Therapy Assistant,0,0,0.9998482465744019,0.00015175342559814453,0.05,1,BERT:bert_class_weighted,Class weight
1843,emscad_13199,"At McLane Intel, we believe that everyone should love where they work! We understand that our ongoing success is attribu",System Engineer/Network Administrator,0,0,0.9998741149902344,0.000125885009765625,0.05,1,BERT:bert_class_weighted,Class weight
1844,emscad_13201,We provide recruiting services for a select group of companies which do good and make money. We help place people that a,"Brand and Marketing Manager, Dig Inn",0,0,0.9999125003814697,8.749961853027344e-05,0.05,1,BERT:bert_class_weighted,Class weight
1845,emscad_13212,We build digital companies with creative technology. Backbone is a digital web agency that specializes in developing dyn,Office Manager,0,0,0.9999266266822815,7.337331771850586e-05,0.05,1,BERT:bert_class_weighted,Class weight
1846,emscad_13216,"ClarusApex is an international recruiting company with representations in the Netherlands, Austria, Ukraine, Cyprus and ",Researcher / Junior Recruiter with English skills,0,0,0.9999240040779114,7.599592208862305e-05,0.05,1,BERT:bert_class_weighted,Class weight
1847,emscad_13220,Brosa is a transformative lifestyle brand with an ambitious objective: to offer designer furniture at accessible price p,Customer Service Champion (Full-Time),0,0,0.9999086260795593,9.137392044067383e-05,0.05,1,BERT:bert_class_weighted,Class weight
1848,emscad_13240,We are looking for a enterprise level Technical Support Analyst (Full-time & Part-time) to provide technical support to ,Technical Support Analyst,0,0,0.9998756647109985,0.00012433528900146484,0.05,1,BERT:bert_class_weighted,Class weight
1849,emscad_13258,United Cerebral Palsy of Oregon & SW Washington (UCP) supports adults with all kinds of developmental disabilities (not ,Community Inclusion Support Specialist,0,0,0.9999046325683594,9.5367431640625e-05,0.05,1,BERT:bert_class_weighted,Class weight
1850,emscad_13267,SilverStripe CMS & Framework is an open source platform of web development tools. The platform is curated by SilverStrip,Junior Support Developer,0,0,0.9999151825904846,8.481740951538086e-05,0.05,1,BERT:bert_class_weighted,Class weight
1851,emscad_13269,Pardon Services Canada is a national legal services company established in 1989.We serve as an advocate for Canadians wi,Inbound Marketer/Growth Hacker (Part-time),0,0,0.9998902678489685,0.00010973215103149414,0.05,1,BERT:bert_class_weighted,Class weight
1852,emscad_13271,Ready to let your star shine? Discover the career you’ve been dreaming about at AvaStars where...,Technology Systems Engineer,0,0,0.9999187588691711,8.124113082885742e-05,0.05,1,BERT:bert_class_weighted,Class weight
1853,emscad_13276,Established on the principles that full time education is not for everyone Spectrum Learning is made up of a team of pas,Beauty & Fragrance consultants needed,0,0,0.999923050403595,7.69495964050293e-05,0.05,1,BERT:bert_class_weighted,Class weight
1854,emscad_13280,"УУРРАА - технологическая компания, работающая в сфере B2B в России.",Web-analyst,0,0,0.9998992681503296,0.00010073184967041016,0.05,1,BERT:bert_class_weighted,Class weight
1855,emscad_13286,hello world,Technical Operations Engineer,0,0,0.9999257326126099,7.426738739013672e-05,0.05,1,BERT:bert_class_weighted,Class weight
1856,emscad_13290,Established on the principles that full time education is not for everyone Spectrum Learning is made up of a team of pas,Beauty & Fragrance consultants needed,0,0,0.999923050403595,7.69495964050293e-05,0.05,1,BERT:bert_class_weighted,Class weight
1857,emscad_13306,"Happy Typing, on any smart device.",Software Engineer - Android,0,0,0.9998948574066162,0.00010514259338378906,0.05,1,BERT:bert_class_weighted,Class weight
1858,emscad_13310,#URL_c379aa631173ed5b7c345ab3f500a9a053e509138ca70e52c1088e5a784dc8d7# is a modern online travel agency that was founded,Management Trainee,0,0,0.9999184608459473,8.153915405273438e-05,0.05,1,BERT:bert_class_weighted,Class weight
1859,emscad_13312,"Founded in 2010 by a team from Google’s London and New York offices, Qubit work with some of the biggest names in Online",Learning and Development Specialist,0,0,0.9999251365661621,7.486343383789062e-05,0.05,1,BERT:bert_class_weighted,Class weight
1860,emscad_13316,Implements the agreed strategy regarding Responsible Gaming and closely follows the agreed action plan,CSR Specialist,0,0,0.9998780488967896,0.00012195110321044922,0.05,1,BERT:bert_class_weighted,Class weight
1861,emscad_13318,"AREA 17 is an interactive agency. We take an interdisciplinary approach — blending the practices of design, technology a","None of your openings fit me, hire me anyway!",0,0,0.9999121427536011,8.785724639892578e-05,0.05,1,BERT:bert_class_weighted,Class weight
1862,emscad_13326,PowToon (#URL_84da40102d63eebf414f1476e73cf04c518288708e1f2fe344ec3f0417a067aa#) is a brand new presentation software th,Web/Graphic Designer,0,0,0.9999100565910339,8.994340896606445e-05,0.05,1,BERT:bert_class_weighted,Class weight
1863,emscad_13327,"Ginetta Web/Mobile is a leading web company based in Zürich, Switzerland. We carefully design and develop outstanding us",Account Manager,0,0,0.9998964667320251,0.00010353326797485352,0.05,1,BERT:bert_class_weighted,Class weight
1864,emscad_13329,"With an exceptional record of over 50% growth in each of the last 5 years, we’ve become the UK’s largest online retailer",Recruitment Coordinator,0,0,0.9999200105667114,7.998943328857422e-05,0.05,1,BERT:bert_class_weighted,Class weight
1865,emscad_13333,"Joomag is a leader in digital publishing services, providing integrated solution for publishing, distributing, tracking ",PR & Media Specialist,0,0,0.9999104142189026,8.958578109741211e-05,0.05,1,BERT:bert_class_weighted,Class weight
1866,emscad_13349,Who is Ramberg Associates?,"General Practitioner - Gold Coast, Queensland, Australia",0,0,0.9998464584350586,0.00015354156494140625,0.05,1,BERT:bert_class_weighted,Class weight
1867,emscad_13357,"Founded by serial entrepreneur Clive Jackson and launched in 2011, Victor is one of the world’s most trusted names in pr",Business Analyst (Consultant- Director level),0,0,0.9999194145202637,8.058547973632812e-05,0.05,1,BERT:bert_class_weighted,Class weight
1868,emscad_13369,EUROPEAN DYNAMICS (#URL_c66532ffa1ce76ab447da6774719060c42c584edbf44d74cdb94fc4ac219ca45#) is a leading European Softwar,Back office Tester,0,0,0.999908983707428,9.101629257202148e-05,0.05,1,BERT:bert_class_weighted,Class weight
1869,emscad_13370,EUROPEAN DYNAMICS (#URL_c66532ffa1ce76ab447da6774719060c42c584edbf44d74cdb94fc4ac219ca45#) is a leading European Softwar,Senior JAVA Developer,0,0,0.9998736381530762,0.00012636184692382812,0.05,1,BERT:bert_class_weighted,Class weight
1870,emscad_13371,Account Manager,Account Manager,0,0,0.9998948574066162,0.00010514259338378906,0.05,1,BERT:bert_class_weighted,Class weight
1871,emscad_13372,WHY WORK AT IMAGINET,SharePoint Developer,0,0,0.9999096989631653,9.03010368347168e-05,0.05,1,BERT:bert_class_weighted,Class weight
1872,emscad_13373,The story of the Great Chicago Fire of 1871 isn’t really about the fire. It’s about what happened next: A remarkable mom,Jr SQL Developer - BigTime Software,0,0,0.9999023675918579,9.763240814208984e-05,0.05,1,BERT:bert_class_weighted,Class weight
1873,emscad_13377,"We are an ambitious company looking for energetic, enthusiastic and creative people to join our Dublin based team! We of",Senior Software Engineer,0,0,0.9999096989631653,9.03010368347168e-05,0.05,1,BERT:bert_class_weighted,Class weight
1874,emscad_13379,Role: Responsible for providing field technical support at our client customer sites in British Columbia by performing c,Field Service Technician,0,0,0.999859094619751,0.00014090538024902344,0.05,1,BERT:bert_class_weighted,Class weight
1875,emscad_13381,HealthcareLink is fast growing; an Australian online company founded to address the strategic recruiting needs and chall,Medical Recruitment Consultant X 2,0,0,0.9999212622642517,7.873773574829102e-05,0.05,1,BERT:bert_class_weighted,Class weight
1876,emscad_13386,Our passion for improving quality of life through geography is at the heart of everything we do. Esri’s geographic infor,Sr. Product Marketing Strategist,0,0,0.9999096989631653,9.03010368347168e-05,0.05,1,BERT:bert_class_weighted,Class weight
1877,emscad_13401,Workable is a venture-backed startup making cloud-based recruitment software for fast-growing companies around the world,Inside Sales Director,0,0,0.9999234080314636,7.659196853637695e-05,0.05,1,BERT:bert_class_weighted,Class weight
1878,emscad_13409,"We are experts in enterprise systems management for the desktop, mobility, datacentre + cloud. We are a young and dynami",Technical Consultant - Microsoft Infrastructure,0,0,0.999832034111023,0.00016796588897705078,0.05,1,BERT:bert_class_weighted,Class weight
1879,emscad_13428,Beauty Consultants Bureau is one of the largest national recruitment businesses dedicated to the beauty and fragrance in,Temporary Beauty Retail Consultants in Central London,0,0,0.9999096989631653,9.03010368347168e-05,0.05,1,BERT:bert_class_weighted,Class weight
1880,emscad_13434,We Provide Full Time Permanent Positions for many medium to large US companies. We are interested in finding/recruiting ,Development Operations Infrastructure Engineer - DNS UNIX APC SDLC - CT,0,0,0.9998968839645386,0.00010311603546142578,0.05,1,BERT:bert_class_weighted,Class weight
1881,emscad_13435,MaxPlayTM is a cross-platform digital publishing company focused on revolutionizing the games as a service market. You p,Core Systems Engineer,0,0,0.9998952746391296,0.00010472536087036133,0.05,1,BERT:bert_class_weighted,Class weight
1882,emscad_13437,"Happy Typing, on any smart device.",Software Engineer - Android,0,0,0.9998961091041565,0.00010389089584350586,0.05,1,BERT:bert_class_weighted,Class weight
1883,emscad_13441,"The RealReal is changing the way people buy and sell luxury items. The leader in luxury resale, the company is a full se",Style Art Director,0,0,0.9999145269393921,8.547306060791016e-05,0.05,1,BERT:bert_class_weighted,Class weight
1884,emscad_13449,We're looking for a Sales and Marketing Manager to join the team at Pong! Your time will be divided between managing the,Sales and Marketing Executive,0,0,0.9998915195465088,0.00010848045349121094,0.05,1,BERT:bert_class_weighted,Class weight
1885,emscad_13469,About the Company We are ticketscript - the European market leaders in digital self-ticketing. Whether it’s massive danc,Social Media Content Manager,0,0,0.9999282956123352,7.170438766479492e-05,0.05,1,BERT:bert_class_weighted,Class weight
1886,emscad_13470,"Optimal Business Action was created in 2005 in order to provide high quality, personalized HR services to medium and lar","Sales Manager, Athens",0,0,0.9999212622642517,7.873773574829102e-05,0.05,1,BERT:bert_class_weighted,Class weight
1887,emscad_13473,Minimum 2yrs of Experience of Investment Banking / 1+ yr of private equity experience with strong academic background,Investment Banking Associate,0,0,0.9998876452445984,0.00011235475540161133,0.05,1,BERT:bert_class_weighted,Class weight
1888,emscad_13500,"Cylance is a global cybersecurity products and service company, specializeing in advanced threat security that detects a",Product Support Engineer,0,0,0.9998940229415894,0.00010597705841064453,0.05,1,BERT:bert_class_weighted,Class weight
1889,emscad_13504,Home Source is a startup based in southern New Jersey. We design and build software for large ticket retailers. We have ,Web Developer,0,0,0.9999111294746399,8.887052536010742e-05,0.05,1,BERT:bert_class_weighted,Class weight
1890,emscad_13510,Bluebridge was created by a team of people who are passionate about organizations and the ways that effective technology,"Driven, Strategic Relationship Manager for SaaS Startup",0,0,0.9999260306358337,7.396936416625977e-05,0.05,1,BERT:bert_class_weighted,Class weight
1891,emscad_13530,- Code custom WordPress themes,Full-time Web Developer,0,0,0.9997973442077637,0.00020265579223632812,0.05,1,BERT:bert_class_weighted,Class weight
1892,emscad_13534,"Babbel enables anyone to learn languages in an easy and interactive way. The learning system offers 13 languages, from E",TV Marketing Manager,0,0,0.9999114871025085,8.851289749145508e-05,0.05,1,BERT:bert_class_weighted,Class weight
1893,emscad_13535,"ustwo offers you the opportunity to be yourself, whilst delivering the best work on the planet for some of the biggest a",Personal Assistant to Founders,0,0,0.9999184608459473,8.153915405273438e-05,0.05,1,BERT:bert_class_weighted,Class weight
1894,emscad_13537,At HoneyBook we’re re-imagining the events industry and building a product that is already changing the world for some o,Business Operations Analyst,0,0,0.9999197125434875,8.028745651245117e-05,0.05,1,BERT:bert_class_weighted,Class weight
1895,emscad_13541,If working in a cubical seems like your idea of hell then joining our awesome startup team might be the opportunity you’,Frontend Web Designer in Singapore,0,0,0.9999240040779114,7.599592208862305e-05,0.05,1,BERT:bert_class_weighted,Class weight
1896,emscad_13552,"Meet cove, a network of neighborhood productive spaces with a community defining how to be productive together. We are a","Onsite Host (Alexandria, VA)",0,0,0.999904990196228,9.500980377197266e-05,0.05,1,BERT:bert_class_weighted,Class weight
1897,emscad_13555,Ready to let your star shine? Discover the career you’ve been dreaming about at AvaStars where...,Technology Operations Manager,0,0,0.9999197125434875,8.028745651245117e-05,0.05,1,BERT:bert_class_weighted,Class weight
1898,emscad_13577,Balanced Labs exists to provide accountants and small businesses everywhere with a better life through intelligent and e,Software Developer / Technical lead,0,0,0.9999151825904846,8.481740951538086e-05,0.05,1,BERT:bert_class_weighted,Class weight
1899,emscad_13580,grandPad is the safest and simplest tablet computer that effortlessly connects seniors to those they love,Software Engineering Team Leader,0,0,0.9998876452445984,0.00011235475540161133,0.05,1,BERT:bert_class_weighted,Class weight
1900,emscad_13582,"Coachbase develops the no.1 paid sports across 3 platforms in the USA: iOS, Android and Mac. Our app is featured by Appl",iOS developer,0,0,0.9999061226844788,9.387731552124023e-05,0.05,1,BERT:bert_class_weighted,Class weight
1901,emscad_13595,"With offices across UK, mainland Europe, Australia, New Zealand, and the United States, Squiz helps clients across the g",Business Development Manager - US East,0,0,0.9999178051948547,8.219480514526367e-05,0.05,1,BERT:bert_class_weighted,Class weight
1902,emscad_13605,"Industrial Color Software is a division of Industrial Color Brands, a family of vertically integrated creative productio",Client solutions manager,0,0,0.9998313188552856,0.00016868114471435547,0.05,1,BERT:bert_class_weighted,Class weight
1903,emscad_13611,"At LendInvest fundamentally changing the way people think about their savings, investments and how you get a mortgage. W",Head of Sales,0,0,0.9999111294746399,8.887052536010742e-05,0.05,1,BERT:bert_class_weighted,Class weight
1904,emscad_13612,Adthena is the UK’s leading competitive intelligence service for Google search advertisers. Adthena is loved by major br,Digital Marketing Intern,0,0,0.9999242424964905,7.575750350952148e-05,0.05,1,BERT:bert_class_weighted,Class weight
1905,emscad_13621,"Keen360 helps organizations to design strategies, develop operational efficiencies, and deliver innovative solutions to ",Remote Part Time Recruiter,0,0,0.9999131560325623,8.684396743774414e-05,0.05,1,BERT:bert_class_weighted,Class weight
1906,emscad_13625,"Nubank is an early stage, technology-driven financial services startup funded by Sequoia Capital and Kaszek Ventures. We",Front-end Engineer,0,0,0.9999128580093384,8.71419906616211e-05,0.05,1,BERT:bert_class_weighted,Class weight
1907,emscad_13632,"One Zero Capital is an investment holding company focused on the convergence of technology, consumer finance, and credit",Mortgage Operations Manager,0,0,0.9999035000801086,9.649991989135742e-05,0.05,1,BERT:bert_class_weighted,Class weight
1908,emscad_13647,"From the lands of Can Do, Roll Our Sleeves Up and Get It Done, we create and solve things previously unimaginable. We’re",Product Marketing Rep,0,0,0.9999151825904846,8.481740951538086e-05,0.05,1,BERT:bert_class_weighted,Class weight
1909,emscad_13651,"Neusoft America is a division of Neusoft, the largest IT Solutions & Services provider in China with a US presence that ","Business Development Director, Alliances & Partners",0,0,0.9999004602432251,9.953975677490234e-05,0.05,1,BERT:bert_class_weighted,Class weight
1910,emscad_13666,Established on the principles that full time education is not for everyone Spectrum Learning is made up of a team of pas,Beauty & Fragrance consultants needed,0,0,0.999923050403595,7.69495964050293e-05,0.05,1,BERT:bert_class_weighted,Class weight
1911,emscad_13667,Transifex is a SaaS continuous localization platform powering the process of launching products into multiple languages ,Web Designer,0,0,0.9999068379402161,9.316205978393555e-05,0.05,1,BERT:bert_class_weighted,Class weight
1912,emscad_13701,G3 Communications is a fast-growing B2B content agency that specializes in custom content creation and demand generation,Senior Account Manager for Content Agency,0,0,0.999920666217804,7.933378219604492e-05,0.05,1,BERT:bert_class_weighted,Class weight
1913,emscad_13706,"Novitex Enterprise Solutions, formerly Pitney Bowes Management Services, delivers innovative document and communications",Driver I,0,0,0.9999215602874756,7.843971252441406e-05,0.05,1,BERT:bert_class_weighted,Class weight
1914,emscad_13710,The story of the Great Chicago Fire of 1871 isn’t really about the fire. It’s about what happened next: A remarkable mom,P/T CONTRACT ActionScript/Flash Developer (Kahoots),0,0,0.999882698059082,0.00011730194091796875,0.05,1,BERT:bert_class_weighted,Class weight
1915,emscad_13717,"Created in 2010, RoyalCactus has specialized in the development of casual and social games. Since its launch on Facebook",Mobile Marketing Manager,0,0,0.9999114871025085,8.851289749145508e-05,0.05,1,BERT:bert_class_weighted,Class weight
1916,emscad_13747,MERL's internship program gives students excellent opportunities to work in an industrial research lab environment side-,Coherent array imaging,0,0,0.9998863339424133,0.00011366605758666992,0.05,1,BERT:bert_class_weighted,Class weight
1917,emscad_13755,KatalystFP is a Specialty Finance and Servicing Company that finances small to medium sized companies. KatalystFP offers,Senior Accountant,0,0,0.9998944401741028,0.0001055598258972168,0.05,1,BERT:bert_class_weighted,Class weight
1918,emscad_13757,Why CSD?,Snack Bar Specialist - Part Time,0,0,0.999920666217804,7.933378219604492e-05,0.05,1,BERT:bert_class_weighted,Class weight
1919,emscad_13773,"Created in 2010, RoyalCactus has specialized in the development of casual and social games. Since its launch on Facebook",Mobile Developer - W8 Mobile,0,0,0.9999107718467712,8.922815322875977e-05,0.05,1,BERT:bert_class_weighted,Class weight
1920,emscad_13787,"HealthLink provides a computer communications system that links the information technology systems of more than 10,000 m",Business Analyst,0,0,0.9998681545257568,0.00013184547424316406,0.05,1,BERT:bert_class_weighted,Class weight
1921,emscad_13790,We Provide Full Time Permanent Positions for many medium to large US companies. We are interested in finding/recruiting ,.NET Developer,0,0,0.999925434589386,7.456541061401367e-05,0.05,1,BERT:bert_class_weighted,Class weight
1922,emscad_13803,"Crossroads Treatment Centers is a nationally-accredited, medication-assisted, out-patient program that delivers fast, ef",Cleaning Technician,0,0,0.9998775720596313,0.00012242794036865234,0.05,1,BERT:bert_class_weighted,Class weight
1923,emscad_13820,"EatAds is a global platform business, like #URL_21e7f703da8e28a4edd962a114e1af7ba244609a9ccd3760ae493e9f447c25fe# or #UR","Account Manager (Mumbai role, Singapore company)",0,0,0.9999212622642517,7.873773574829102e-05,0.05,1,BERT:bert_class_weighted,Class weight
1924,emscad_13830,"Founded in 2010 by a team from Google’s London and New York offices, Qubit work with some of the biggest names in Online",Technical Writer (Freelance),0,0,0.9999234080314636,7.659196853637695e-05,0.05,1,BERT:bert_class_weighted,Class weight
1925,emscad_13837,We are a technology focused company with an established line of learning management tools that can cover a variety of cu,Python Developer,0,0,0.9999027848243713,9.721517562866211e-05,0.05,1,BERT:bert_class_weighted,Class weight
1926,emscad_13841,"Mashape is the largest, most trafficked API marketplace/hub in the world.",Integrations Developer,0,0,0.9998919367790222,0.0001080632209777832,0.05,1,BERT:bert_class_weighted,Class weight
1927,emscad_13847,"If you’re looking to start a career at a fast-paced, innovative company with tons of opportunity, then look no further t",Sales Executive,0,0,0.9999046325683594,9.5367431640625e-05,0.05,1,BERT:bert_class_weighted,Class weight
1928,emscad_13855,"Radico is building next-generation vertical marketplaces, and we're seeking a talented designer to help us build our vin",Lead Designer,0,0,0.9999141693115234,8.58306884765625e-05,0.05,1,BERT:bert_class_weighted,Class weight
1929,emscad_13860,Visual BI is one of the leading and fastest growing firms focusing exclusively on BI & Analytics. Our offerings cover en,BI Engineer,0,0,0.9999131560325623,8.684396743774414e-05,0.05,1,BERT:bert_class_weighted,Class weight
1930,emscad_13862,"We're artists, thinkers, and doers in an open, collaborative, and challenging environment. We love to work our hearts ou",Sr. Interactive Producer,0,0,0.999920666217804,7.933378219604492e-05,0.05,1,BERT:bert_class_weighted,Class weight
1931,emscad_13880,"Happy Typing, on any smart device.",Software Engineer - C++ / Automation,0,0,0.9998050928115845,0.00019490718841552734,0.05,1,BERT:bert_class_weighted,Class weight
1932,emscad_13882,"Social Asylum is a new startup located in San Diego, we creating a platform for application development that can be repl",Full Time Software Engineer / Programmer / Developer,0,0,0.9998977184295654,0.00010228157043457031,0.05,1,BERT:bert_class_weighted,Class weight
1933,emscad_13884,Are you looking for an opportunity to challenge yourself and a career that allows you to make a strong impact every day?,Junior Coordinator to the Sales Director,0,0,0.9999004602432251,9.953975677490234e-05,0.05,1,BERT:bert_class_weighted,Class weight
1934,emscad_13889,"Opened in November 2011, MoonShine Modern Supper Club presents Contemporary American cooking executed with style, finess",Experienced Servers and Bartenders,0,0,0.9998923540115356,0.00010764598846435547,0.05,1,BERT:bert_class_weighted,Class weight
1935,emscad_13894,"LanternCRM crafts software that helps small businesses communicate more effectively. Calls, emails, support tickets, and",Digital/Social Marketing Rockstar,0,0,0.9999086260795593,9.137392044067383e-05,0.05,1,BERT:bert_class_weighted,Class weight
1936,emscad_13896,"Namely is the leading end-to-end HR and payroll platform for growing companies. Offerings include human payroll, benefit",Sales Development Representative,0,0,0.9999212622642517,7.873773574829102e-05,0.05,1,BERT:bert_class_weighted,Class weight
1937,emscad_13909,The Technical Team and offering at VML London has a very strong heritage dating back to the mid-nineties when the London,Senior Technical Project Manager,0,0,0.9999128580093384,8.71419906616211e-05,0.05,1,BERT:bert_class_weighted,Class weight
1938,emscad_13916,"Dice is a highly specialized online marketing and software development firm headquartered in Portland, Oregon—the heart ",Sales Manager,0,0,0.9999093413352966,9.065866470336914e-05,0.05,1,BERT:bert_class_weighted,Class weight
1939,emscad_13925,"Babbel enables anyone to learn languages in an easy and interactive way. The learning system offers 13 languages, from E",Digital Design Trainee,0,0,0.9999131560325623,8.684396743774414e-05,0.05,1,BERT:bert_class_weighted,Class weight
1940,emscad_13958,"Vortex® is considered the world leader in valves for handling dry bulk solids. Sitting on a 15-acre campus in Salina, KS",Director of HR,0,0,0.9998470544815063,0.00015294551849365234,0.05,1,BERT:bert_class_weighted,Class weight
1941,emscad_13977,"Qrator is a visual (web & mobile) platform that connects a wide range of creative professionals (artisans, craftmen, fas",Junior Designer,0,0,0.9999245405197144,7.545948028564453e-05,0.05,1,BERT:bert_class_weighted,Class weight
1942,emscad_13985,The Technical Team and offering at VML London has a very strong heritage dating back to the mid-nineties when the London,"Technical Architect (Angular, Enterprise JavaScript and Web)",0,0,0.9999061226844788,9.387731552124023e-05,0.05,1,BERT:bert_class_weighted,Class weight
1943,emscad_14000,The Boston Consulting Group ( #URL_45423e1e16703aa4d8ee444d3ad69bb51525f1dad0b3115713cf80dc496299e2# ) has launched a ne,Human Centered Designer,0,0,0.9999075531959534,9.244680404663086e-05,0.05,1,BERT:bert_class_weighted,Class weight
1944,emscad_14035,"The Central California SPCA (CCSPCA), established in 1946 and located in Fresno County, California, is a 501(c)(3) non-p",Hospital Manager,0,0,0.9998440742492676,0.00015592575073242188,0.05,1,BERT:bert_class_weighted,Class weight
1945,emscad_14039,Hiring made easy for Digital Jobs,Customer Service Associate,0,0,0.9998250007629395,0.00017499923706054688,0.05,1,BERT:bert_class_weighted,Class weight
1946,emscad_14044,Money is a person-to-person money transfer app designed to simplify how people send money home to their friends and fami,QA Engineer,0,0,0.999920666217804,7.933378219604492e-05,0.05,1,BERT:bert_class_weighted,Class weight
1947,emscad_14054,Hiring made easy for Digital Jobs,Data Entry Operator,0,0,0.999701738357544,0.0002982616424560547,0.05,1,BERT:bert_class_weighted,Class weight
1948,emscad_14056,"We are a creative agency for the here, now and next. Our job is to get brands into people’s heads and lives, and stay th",Digital Designer with UX/Mobile Experience,0,0,0.9999234080314636,7.659196853637695e-05,0.05,1,BERT:bert_class_weighted,Class weight
1949,emscad_14068,We’re always looking for highly motivated “founder-types” to join us as we grow. Here’s what you need to know.,Graphic Designer,0,0,0.9999203085899353,7.969141006469727e-05,0.05,1,BERT:bert_class_weighted,Class weight
1950,emscad_14078,"Medical Receptionist/Marketing Liaison (Killeen, TX)",Medical Receptionist/Marketing Liaison,0,0,0.9998035430908203,0.0001964569091796875,0.05,1,BERT:bert_class_weighted,Class weight
1951,emscad_14079,"Vaadin is a creative, startup-like company that is developing Vaadin Framework, a modern open source product for buildin",Key Account Manager,0,0,0.9998612403869629,0.00013875961303710938,0.05,1,BERT:bert_class_weighted,Class weight
1952,emscad_14084,Applied Memetics LLC is a professional services company dedicated to integrating and delivering best practice communicat,"Graphic Artist, English Service",0,0,0.9999093413352966,9.065866470336914e-05,0.05,1,BERT:bert_class_weighted,Class weight
1953,emscad_14114,"Founded by serial entrepreneur Clive Jackson and launched in 2011, Victor is one of the world’s most trusted names in pr","Front End Hacker (JS, HTML, CSS)",0,0,0.9999240040779114,7.599592208862305e-05,0.05,1,BERT:bert_class_weighted,Class weight
1954,emscad_14124,Tizaro has a fabulous online marketing team who are wizards when it comes to customer acquisition. Your role is to take ,Inhouse Sales Associate,0,0,0.9998948574066162,0.00010514259338378906,0.05,1,BERT:bert_class_weighted,Class weight
1955,emscad_14129,We are a network of national standards bodies. These national standards bodies make up the ISO membership and they repre,Adminstrative/Data Entry,1,1,0.00634765625,0.99365234375,0.05,1,BERT:bert_class_weighted,Class weight
1956,emscad_14138,Distributor of Award Winning Personal Empowerment accredited course. Helping others to start their own home businesses.,Direct Sales Opportunity,0,0,0.9998440742492676,0.00015592575073242188,0.05,1,BERT:bert_class_weighted,Class weight
1957,emscad_14141,"If you’re looking to start a career at a fast-paced, innovative company with tons of opportunity, then look no further t",Director of Integrations,0,0,0.9999111294746399,8.887052536010742e-05,0.05,1,BERT:bert_class_weighted,Class weight
1958,emscad_14150,Controller Chaos opened for business in early 2008 to fill a void we saw in the gaming world - quality modded controller,Marketing Intern (Non-Paid),0,0,0.9999023675918579,9.763240814208984e-05,0.05,1,BERT:bert_class_weighted,Class weight
1959,emscad_14154,American Kidz Academy ® is the expert in elite urban education and child care . We offer the best solution for families ,Preschool Teacher,0,0,0.9999181032180786,8.189678192138672e-05,0.05,1,BERT:bert_class_weighted,Class weight
1960,emscad_14159,WannaYum is a user-centric mobile food-ordering platform that attracts and retains customers through a proprietary embed,Community Outreach Manager - New York City,0,0,0.9998992681503296,0.00010073184967041016,0.05,1,BERT:bert_class_weighted,Class weight
1961,emscad_14170,"LHBS is an unconventional strategy firm with office in Berlin, Copenhagen and Vienna. We approach marketing and innovati",Strategy Summer Internship,0,0,0.9999227523803711,7.724761962890625e-05,0.05,1,BERT:bert_class_weighted,Class weight
1962,emscad_14180,Aptitude Staffing Solutions has redesigned the recruiting wheel. Our innovative new platform cuts the recruiting time in,Director of Software Engineering,1,1,0.0,1.0,0.05,1,BERT:bert_class_weighted,Class weight
1963,emscad_14184,Massive Media is the social media company behind the successful digital brands #URL_18234f381f5e7b9a9ffdc727cd05c9046edf,Marketing & Business Operations Coordinator,0,0,0.9999197125434875,8.028745651245117e-05,0.05,1,BERT:bert_class_weighted,Class weight
1964,emscad_14189,"Novitex Enterprise Solutions, formerly Pitney Bowes Management Services, delivers innovative document and communications",Customer Service Technical Specialist,0,0,0.9999104142189026,8.958578109741211e-05,0.05,1,BERT:bert_class_weighted,Class weight
1965,emscad_14192,Benny gives freelancers the benefits of fulltime employment through our virtual back office. Benny integrates with marke,UX/UI Designer,0,0,0.9999104142189026,8.958578109741211e-05,0.05,1,BERT:bert_class_weighted,Class weight
1966,emscad_14200,"Novitex Enterprise Solutions, formerly Pitney Bowes Management Services, delivers innovative document and communications",Lobby Ambassador - Part Time,0,0,0.9999237060546875,7.62939453125e-05,0.05,1,BERT:bert_class_weighted,Class weight
1967,emscad_14205,"Voyageur is one of Ontario's leading transportation companies, serving Southwestern and Central Ontario for over 34 year",Call Centre Manager,0,0,0.9998919367790222,0.0001080632209777832,0.05,1,BERT:bert_class_weighted,Class weight
1968,emscad_14207,Mindworks interactive is one of the fastest growing Digital Agencies and the leading Performance Marketing Agency in Gre,Senior Digital Account Manager,0,0,0.9999158382415771,8.416175842285156e-05,0.05,1,BERT:bert_class_weighted,Class weight
1969,emscad_14216,"The Aguilar Group is a nationwide search and recruitment agency, dedicated to working with our clients to help them find",Manager Trainee (Pittsburgh),0,0,0.999908983707428,9.101629257202148e-05,0.05,1,BERT:bert_class_weighted,Class weight
1970,emscad_14235,Visual BI is one of the leading and fastest growing firms focusing exclusively on BI & Analytics. Our offerings cover en,SAP BI/HANA Managing Consultant,0,0,0.9999012351036072,9.876489639282227e-05,0.05,1,BERT:bert_class_weighted,Class weight
1971,emscad_14264,Can data be a thing of beauty? We think so.,Data Solutions Developer (Node.JS),0,0,0.9999197125434875,8.028745651245117e-05,0.05,1,BERT:bert_class_weighted,Class weight
1972,emscad_14277,Are you looking for a career that will challenge you and allow you to make an impact every day? Are you excited by the o,Key Account Manager Switzerland,0,0,0.9998936057090759,0.00010639429092407227,0.05,1,BERT:bert_class_weighted,Class weight
1973,emscad_14279,"Launched in 2010, Lyst is an innovative way to shop for fashion online that’s used by millions every month. Lyst partner",Communications Director - USA,0,0,0.9999282956123352,7.170438766479492e-05,0.05,1,BERT:bert_class_weighted,Class weight
1974,emscad_14281,Hudl is a sports + technology company.,Product Designer - Coaching Tools,0,0,0.99988853931427,0.00011146068572998047,0.05,1,BERT:bert_class_weighted,Class weight
1975,emscad_14287,We Provide Full Time Permanent Positions for many medium to large US companies. We are interested in finding/recruiting ,Business Analyst,0,0,0.9999046325683594,9.5367431640625e-05,0.05,1,BERT:bert_class_weighted,Class weight
1976,emscad_14319,"Cloud 66 helps Devs and Ops deploy their applications on any public cloud. With Cloud 66, developers can deploy their we",Developer Advocate,0,0,0.9999240040779114,7.599592208862305e-05,0.05,1,BERT:bert_class_weighted,Class weight
1977,emscad_14336,"Optimity is a dynamic technology service provider based in the heart of London. Since it opened its doors in 2002, the c",Senior Network Engineer,0,0,0.9999117851257324,8.821487426757812e-05,0.05,1,BERT:bert_class_weighted,Class weight
1978,emscad_14352,"TalentSphere is an independent, Canadian owned recruitment consultancy offering permanent, temporary and interim recruit",Accounts Receivable Clerk,0,0,0.9999100565910339,8.994340896606445e-05,0.05,1,BERT:bert_class_weighted,Class weight
1979,emscad_14354,The Technical Team and offering at VML London has a very strong heritage dating back to the mid-nineties when the London,Associate Creative Director,0,0,0.9999111294746399,8.887052536010742e-05,0.05,1,BERT:bert_class_weighted,Class weight
1980,emscad_14372,"Ryanair is Europe’s favourite low fares airline, operating more than 1,600 daily flights (over 500,000 per year) from 69",Senior Linux Administrator,0,0,0.9998956918716431,0.0001043081283569336,0.05,1,BERT:bert_class_weighted,Class weight
1981,emscad_14386,Established on the principles that full time education is not for everyone Spectrum Learning is made up of a team of pas,Beauty & Fragrance consultants needed,0,0,0.9999218583106995,7.814168930053711e-05,0.05,1,BERT:bert_class_weighted,Class weight
1982,emscad_14391,Outstanding Member Service Starts With Outstanding People,Fraud Analyst,0,0,0.9998989105224609,0.0001010894775390625,0.05,1,BERT:bert_class_weighted,Class weight
1983,emscad_14398,"Namely is the leading end-to-end HR and payroll platform for growing companies. Offerings include human payroll, benefit",Visual Designer,0,0,0.9999242424964905,7.575750350952148e-05,0.05,1,BERT:bert_class_weighted,Class weight
1984,emscad_14403,WHO WE ARE? MILLER & ASSOCIATES IS AN ENTERPRISE SOFTWARE SOLUTIONS COMPANY.,Merchant Data Warehouse Lead,0,0,0.9998840689659119,0.00011593103408813477,0.05,1,BERT:bert_class_weighted,Class weight
1985,emscad_14404,"We're an emerging technology agency, and we build breakthrough products through user-centered design. We're building a t",Senior Android Engineer,0,0,0.9999111294746399,8.887052536010742e-05,0.05,1,BERT:bert_class_weighted,Class weight
1986,emscad_14430,Job description,Senior QA Engineer,0,0,0.9992561340332031,0.000743865966796875,0.05,1,BERT:bert_class_weighted,Class weight
1987,emscad_14431,"Based in Hoxton, London, Forward Partners are a “startup catalyst”, combining investment with practical hands-on experti",Internship at Health and Wellness Startup - BABY2BODY,0,0,0.9999313354492188,6.866455078125e-05,0.05,1,BERT:bert_class_weighted,Class weight
1988,emscad_14433,#URL_e7c9057d5e6f097876436d175031e95669ede4ebaab52b6be0957c837bc98343#,"Title Insurance: Commercial Counsel -New York, NY",0,0,0.9998660087585449,0.00013399124145507812,0.05,1,BERT:bert_class_weighted,Class weight
1989,emscad_14434,"Critical Nurse Staffing, Inc. is enrolled with the U.S Department of Labor to provide nursing care to the former defense","Home Health RN--Beaver, UT",0,0,0.9998923540115356,0.00010764598846435547,0.05,1,BERT:bert_class_weighted,Class weight
1990,emscad_14435,United Cerebral Palsy of Oregon & SW Washington (UCP) supports adults with all kinds of developmental disabilities (not ,"Full-Time Personal Assistant (Position B) for a Fun-Loving, Sassy Woman with Disabilities",0,0,0.9998961091041565,0.00010389089584350586,0.05,1,BERT:bert_class_weighted,Class weight
1991,emscad_14457,"Critical Nurse Staffing, Inc. is enrolled with the U.S Department of Labor to provide nursing care to the former defense","Home Health RN--Battle Mountain, NV",0,0,0.999882698059082,0.00011730194091796875,0.05,1,BERT:bert_class_weighted,Class weight
1992,emscad_14466,"Alliance Solutions Group is a family of 9 specialized brands providing temporary and contract staffing, direct-hire recr",Onboarding Specialist,0,0,0.9998409748077393,0.0001590251922607422,0.05,1,BERT:bert_class_weighted,Class weight
1993,emscad_14472,Solar electricity is the way of the future! We are focused on bringing solar to homeowners in a simple solution with no ,Area Manager,0,0,0.9996812343597412,0.00031876564025878906,0.05,1,BERT:bert_class_weighted,Class weight
1994,emscad_14476,Essence London is a members lifestyle club – offering bespoke concierge service and proactive assistance to a select few,Junior Lifestyle Consultant,0,0,0.9999114871025085,8.851289749145508e-05,0.05,1,BERT:bert_class_weighted,Class weight
1995,emscad_14485,Ashridge Business School is one of the world's leading providers of management education and works with over 700 corpora,IS&T Customer Services Manager,0,0,0.9998390674591064,0.0001609325408935547,0.05,1,BERT:bert_class_weighted,Class weight
1996,emscad_14492,"AutoAmerica is trying to make the worst consumer experience fast, easy and enjoyable. It is no easy task, but we are out",Customer Service Representative,0,0,0.9996614456176758,0.00033855438232421875,0.05,1,BERT:bert_class_weighted,Class weight
1997,emscad_14504,"Come be a part of one of the fastest growing, well-funded and exciting startups in Silicon Valley. Peel makes the world’",Senior Platform Engineer,0,0,0.9999035000801086,9.649991989135742e-05,0.05,1,BERT:bert_class_weighted,Class weight
1998,emscad_14513,"S2scout, is a Pittsburgh-based talent aquisition firm providing services to small, medium, and large organizations acros",Senior Supplier Quality Assurance Engineer,0,0,0.9999168515205383,8.314847946166992e-05,0.05,1,BERT:bert_class_weighted,Class weight
1999,emscad_14517,"Riverside is an internationally recognized engineering, science, and information technology company with more than 25 ye",Fisheries Biologist (Plankton Unit - Decapod),0,0,0.999887228012085,0.00011277198791503906,0.05,1,BERT:bert_class_weighted,Class weight
2000,emscad_14524,The front door to most businesses is online. Connectivity allows business owners know every first impression. We are pas,Lead Analyst,0,0,0.9999096989631653,9.03010368347168e-05,0.05,1,BERT:bert_class_weighted,Class weight
2001,emscad_14529,Since 1973: Working together to make our community healthy,AMHS Counsellor,0,0,0.9999035000801086,9.649991989135742e-05,0.05,1,BERT:bert_class_weighted,Class weight
2002,emscad_14533,"Computer St. Louis is an IT solution provider (MSP) that has a wide range of products and services, scaling from the sma",Systems Engineer/Administrator Tiers II-III,0,0,0.9998989105224609,0.0001010894775390625,0.05,1,BERT:bert_class_weighted,Class weight
2003,emscad_14535,Thanks for visiting our Job Board. Please review our open positions and apply to the positions that match your qualifica,Personal Assistant to the CEO,0,0,0.9998923540115356,0.00010764598846435547,0.05,1,BERT:bert_class_weighted,Class weight
2004,emscad_14544,47Billion is a Product engineering and Experience design company that delivers state-of-the-art solutions. We provide en,Sr. Mobile SDK Developer (Android),0,0,0.9995977878570557,0.00040221214294433594,0.05,1,BERT:bert_class_weighted,Class weight
2005,emscad_14555,We Provide Full Time Permanent Positions for many medium to large US companies. We are interested in finding/recruiting ,Design Engineer,0,0,0.9999227523803711,7.724761962890625e-05,0.05,1,BERT:bert_class_weighted,Class weight
2006,emscad_14558,"We build software for fashion retailers, to help them make the right commercial decisions about what to sell, and how to",Runway Trend Assistant Intern,0,0,0.9999237060546875,7.62939453125e-05,0.05,1,BERT:bert_class_weighted,Class weight
2007,emscad_14559,Flite delivers ad innovation at scale to the world's top publishers and brands. Marketers use the self-service Flite Pla,Sales Director (Chicago),0,0,0.999920666217804,7.933378219604492e-05,0.05,1,BERT:bert_class_weighted,Class weight
2008,emscad_14564,MediaMonks is the biggest creative digital production company on the planet . We specialize in working for and with adve,BANNER ANIMATOR,0,0,0.9999218583106995,7.814168930053711e-05,0.05,1,BERT:bert_class_weighted,Class weight
2009,emscad_14568,"Ginetta Web/Mobile is a leading web company based in Zürich, Switzerland. We carefully design and develop outstanding us",Interaction Designer Internship,0,0,0.9998867511749268,0.00011324882507324219,0.05,1,BERT:bert_class_weighted,Class weight
2010,emscad_14574,Lesaffre Yeast Corporation is a French privately owned company that has been the worldwide leader in yeast manufacturing,Warehouse Operator,0,0,0.9997822046279907,0.00021779537200927734,0.05,1,BERT:bert_class_weighted,Class weight
2011,emscad_14601,MERL's internship program gives students excellent opportunities to work in an industrial research lab environment side-,Deep learning for semantic scene labeling,0,0,0.9999008178710938,9.918212890625e-05,0.05,1,BERT:bert_class_weighted,Class weight
2012,emscad_14605,NFP is a leader in the delivery of benefits solutions for companies of all sizes and in the delivery of life insurance a,Account Executive,0,0,0.999873161315918,0.00012683868408203125,0.05,1,BERT:bert_class_weighted,Class weight
2013,emscad_14616,Established on the principles that full time education is not for everyone Spectrum Learning is made up of a team of pas,Southampton Fragrance and Beauty Promotional Staff,0,0,0.9999215602874756,7.843971252441406e-05,0.05,1,BERT:bert_class_weighted,Class weight
2014,emscad_14621,Are you passionate about changing the world by selling software that helps diagnose global diseases? Want to be part of ,"High-Tech Sales & Business Development Manager, EU",0,0,0.9998927712440491,0.00010722875595092773,0.05,1,BERT:bert_class_weighted,Class weight
2015,emscad_14648,"We are a creative agency for the here, now and next. Our job is to get brands into people’s heads and lives, and stay th",Back-end Developer,0,0,0.9999151825904846,8.481740951538086e-05,0.05,1,BERT:bert_class_weighted,Class weight
2016,emscad_14659,"From the lands of Can Do, Roll Our Sleeves Up and Get It Done, we create and solve things previously unimaginable. We’re",Senior Sales Executive - Southeast,0,0,0.9999178051948547,8.219480514526367e-05,0.05,1,BERT:bert_class_weighted,Class weight
2017,emscad_14660,"Indianapolis eye doctors since 1940 and now with eye doctors across the state at our 19 locations, Dr. Tavel Family Eye ",Receptionist-Terre Haute,0,0,0.9998780488967896,0.00012195110321044922,0.05,1,BERT:bert_class_weighted,Class weight
2018,emscad_14670,Making Quality Metrics Actionable,Sr. Software Engineer (Ruby on Rails),0,0,0.9999128580093384,8.71419906616211e-05,0.05,1,BERT:bert_class_weighted,Class weight
2019,emscad_14677,Since 1978,Brand Manager,0,0,0.9999111294746399,8.887052536010742e-05,0.05,1,BERT:bert_class_weighted,Class weight
2020,emscad_14681,"We are an after-school program committed to assisting the students of Savannah, Georgia in reading and math through blen",Instructional Advocate,0,0,0.99988853931427,0.00011146068572998047,0.05,1,BERT:bert_class_weighted,Class weight
2021,emscad_14690,"We are not your average Monday mail recruiters. We are here to align stars and connect dots, not just match titles with ",REDSCOUT: Senior Business Lead,0,0,0.9998911023139954,0.00010889768600463867,0.05,1,BERT:bert_class_weighted,Class weight
2022,emscad_14692,Why CSD?,Customer Experience Professionals,0,0,0.9998880624771118,0.0001119375228881836,0.05,1,BERT:bert_class_weighted,Class weight
2023,emscad_14697,We Provide Full Time Permanent Positions for many medium to large US companies. We are interested in finding/recruiting ,"Sr. Android Software Engineer - Agile SCRUM ARM - Fairfax, VA",0,0,0.9999071955680847,9.28044319152832e-05,0.05,1,BERT:bert_class_weighted,Class weight
2024,emscad_14702,"With an exceptional record of over 50% growth in each of the last 5 years, we’ve become the UK’s largest online retailer",Front End Product Manager,0,0,0.9999212622642517,7.873773574829102e-05,0.05,1,BERT:bert_class_weighted,Class weight
2025,emscad_14703,"PINT is a leader in the web industry with 20 years of web design, software development and consulting experience. PINT's",MEAN Stack Developer,0,0,0.9999151825904846,8.481740951538086e-05,0.05,1,BERT:bert_class_weighted,Class weight
2026,emscad_14707,"We are not your average Monday mail recruiters. We are here to align stars and connect dots, not just match titles with ",REDSCOUT: Strategy Director,0,0,0.9999138712882996,8.612871170043945e-05,0.05,1,BERT:bert_class_weighted,Class weight
2027,emscad_14721,"Even though we’ve been industry leaders for years, we’ve never lost sight of our primary goal: to serve and protect our ","Life Insurance Agent - Tampa, FL",0,0,0.9998977184295654,0.00010228157043457031,0.05,1,BERT:bert_class_weighted,Class weight
2028,emscad_14733,Upstream’s mission is to revolutionise the way companies market to consumers through cutting edge technology. This is an,Systems Engineer,0,0,0.9999187588691711,8.124113082885742e-05,0.05,1,BERT:bert_class_weighted,Class weight
2029,emscad_14738,We Provide Full Time Permanent Positions for many medium to large US companies. We are interested in finding/recruiting ,Wireless Routers Firmware Director - Embedded Linux GPS- Vancouver,0,0,0.9999093413352966,9.065866470336914e-05,0.05,1,BERT:bert_class_weighted,Class weight
2030,emscad_14741,Take Out Brands is a food franchise business with a #URL_4524df5c91ce800c4ba16ef1406d622db7d51d37105a7fcee27521e61854615,Pizza Delivery Drivers - Durham,0,0,0.9999200105667114,7.998943328857422e-05,0.05,1,BERT:bert_class_weighted,Class weight
2031,emscad_14749,Take Out Brands is a food franchise business with a #URL_4524df5c91ce800c4ba16ef1406d622db7d51d37105a7fcee27521e61854615,Assistant Managers / Supervisors,0,0,0.9999171495437622,8.285045623779297e-05,0.05,1,BERT:bert_class_weighted,Class weight
2032,emscad_14751,"Vend is looking for some awesome new talent to come join us. You'll be working in an awesome team doing awesome things, ",Senior Customer Success Manager,0,0,0.9999141693115234,8.58306884765625e-05,0.05,1,BERT:bert_class_weighted,Class weight
2033,emscad_14762,"Optimal Business Action was created in 2005 in order to provide high quality, personalized HR services to medium and lar",English University Lecturers- Oman,0,0,0.9999209642410278,7.903575897216797e-05,0.05,1,BERT:bert_class_weighted,Class weight
2034,emscad_14764,Take Out Brands is a food franchise business with a #URL_4524df5c91ce800c4ba16ef1406d622db7d51d37105a7fcee27521e61854615,Finance & Administration Manager (CIMA),0,0,0.9999012351036072,9.876489639282227e-05,0.05,1,BERT:bert_class_weighted,Class weight
2035,emscad_14776,We just built the factory of our dreams.,Process Engineer,0,0,0.9999008178710938,9.918212890625e-05,0.05,1,BERT:bert_class_weighted,Class weight
2036,emscad_14781,We’re always looking for highly motivated “founder-types” to join us as we grow. Here’s what you need to know.,PR Director,0,0,0.9999071955680847,9.28044319152832e-05,0.05,1,BERT:bert_class_weighted,Class weight
2037,emscad_14784,"TAA (Talent Advertising Agency) Creative Group is a fast-paced, talent development and recruiting firm. We place highly ","Hiring Registered Nurses: F/T, P/T & Per Diem. $38-$45/hour",0,0,0.9994754791259766,0.0005245208740234375,0.05,1,BERT:bert_class_weighted,Class weight
2038,emscad_14796,The MacTay Group is a leading consulting company with its sole aim to nurture and improve growth in people and establish,Transaction Officers,0,0,0.999880850315094,0.00011914968490600586,0.05,1,BERT:bert_class_weighted,Class weight
2039,emscad_14801,"As augmented reality jobs go, one at Blippar is hard to beat. We are a rapidly expanding creative startup at the forefro",Blipp Developer,0,0,0.9999181032180786,8.189678192138672e-05,0.05,1,BERT:bert_class_weighted,Class weight
2040,emscad_14803,Sr. Information Security Analyst/ Firewall Admin has at least three (3) years demonstrable professional experience in ne,IT Security Admin Analyst II,0,0,0.9998601675033569,0.0001398324966430664,0.05,1,BERT:bert_class_weighted,Class weight
2041,emscad_14804,"Tidewater Finance Co. was established in 1992 for the initial purpose of purchasing, and servicing retail installment co",Assistant Training & Quality Development Faciliator,0,0,0.9998711347579956,0.00012886524200439453,0.05,1,BERT:bert_class_weighted,Class weight
2042,emscad_14806,Triangle Workforce is a unique and refreshing workforce provider who bypasses the traditional antiquated methods of recr,Business Analyst- Equity Trading - Fidessa,0,0,0.9998770952224731,0.00012290477752685547,0.05,1,BERT:bert_class_weighted,Class weight
2043,emscad_14839,"Fleetio is improving the way companies manage vehicle-based operations. We're a fast-growing, profitable SaaS company wi",Senior Front-End Software Engineer,0,0,0.9999042749404907,9.572505950927734e-05,0.05,1,BERT:bert_class_weighted,Class weight
2044,emscad_14855,"We believe that the future of banking services is transparent, cheap and easy. We believe the future banks will let you ",Lead Product Designer,0,0,0.9999234080314636,7.659196853637695e-05,0.05,1,BERT:bert_class_weighted,Class weight
2045,emscad_14863,We are looking for a talented back end developer who isn't afraid to get their hands dirty and invent new ways to do thi,Back End Developer (Python / MySQL),0,0,0.9998666048049927,0.00013339519500732422,0.05,1,BERT:bert_class_weighted,Class weight
2046,emscad_14866,Rarely Impossible exists due to a passion for working with amazing clients and aiding them to bring their ideas to life.,senior c# developer,0,0,0.9999158382415771,8.416175842285156e-05,0.05,1,BERT:bert_class_weighted,Class weight
2047,emscad_14869,Working at FBN,Application Software Engineer,0,0,0.9999171495437622,8.285045623779297e-05,0.05,1,BERT:bert_class_weighted,Class weight
2048,emscad_14870,"NOTE: Eugene, OR location preference, but remote work from anywhere in US is fine",PHP/JavaScript Web Developer for full time telecommute growing a SaaS app,0,0,0.9995834827423096,0.0004165172576904297,0.05,1,BERT:bert_class_weighted,Class weight
2049,emscad_14896,All Points Broadband ( #URL_d1c13f1c9c5d7b7a95b9a3425fca5f70f42b37ebfc6ae7ec54ae1f4dc4cf8fca# ) is a leading broadband I,Chief Operating Officer (COO),0,0,0.9998840689659119,0.00011593103408813477,0.05,1,BERT:bert_class_weighted,Class weight
2050,emscad_14904,"Optimal Business Action was created in 2005 in order to provide high quality, personalized HR services to medium and lar",Applications' Systems Engineer,0,0,0.9999215602874756,7.843971252441406e-05,0.05,1,BERT:bert_class_weighted,Class weight
2051,emscad_14915,Fortune Brands creates products and services that help fulfill the dreams of homeowners and help people feel more secure,Temporary Benefits Analyst,0,0,0.9998836517333984,0.0001163482666015625,0.05,1,BERT:bert_class_weighted,Class weight
2052,emscad_14920,EROAD was established to modernise New Zealand’s paper-based RUC regime and in 2009 launched the world’s first GPS/cellu,Administration Assistant,0,0,0.9999061226844788,9.387731552124023e-05,0.05,1,BERT:bert_class_weighted,Class weight
2053,emscad_14933,"PINT is a leader in the web industry with 20 years of web design, software development and consulting experience. PINT's","Web Developer, HTML | CSS | JavaScript",0,0,0.9998670816421509,0.0001329183578491211,0.05,1,BERT:bert_class_weighted,Class weight
2054,emscad_14934,"Based in Tokyo, we are an international team of engineers and consultants who are dedicated to pushing the boundaries of",Server Engineer/DevOPS,0,0,0.9999128580093384,8.71419906616211e-05,0.05,1,BERT:bert_class_weighted,Class weight
2055,emscad_14948,ConsumerTrack is a technology-centric internet marketing company built on a culture of excellence. We are the preferred ,Freelance Writer -- Finance,0,0,0.9999096989631653,9.03010368347168e-05,0.05,1,BERT:bert_class_weighted,Class weight
2056,emscad_14970,"Dice is a highly specialized online marketing and software development firm headquartered in Portland, Oregon—the heart ",Sales Executive,0,0,0.9999151825904846,8.481740951538086e-05,0.05,1,BERT:bert_class_weighted,Class weight
2057,emscad_14972,"Hiring: Front office receptionist with a positive attitude, genuine heart and ability to make people feel loved!",Receptionist - Wellness Practice,0,0,0.9928665161132812,0.00713348388671875,0.05,1,BERT:bert_class_weighted,Class weight
2058,emscad_14988,"Finally, Picture This in Charleston is the first dealership marketing company that completes the marketing process for D",Receptionist | Administrative Assistant,0,0,0.9998992681503296,0.00010073184967041016,0.05,1,BERT:bert_class_weighted,Class weight
2059,emscad_14994,"Christopherson Business Travel is the independently owned leader in intelligent business travel management, online trave",Technology Support,0,0,0.9999100565910339,8.994340896606445e-05,0.05,1,BERT:bert_class_weighted,Class weight
2060,emscad_15008,"Meet cove, a network of neighborhood productive spaces with a community defining how to be productive together. We are a",Lead Web Developer (full stack),0,0,0.9999218583106995,7.814168930053711e-05,0.05,1,BERT:bert_class_weighted,Class weight
2061,emscad_15016,"Launched in 2010, Lyst is an innovative way to shop for fashion online that’s used by millions every month. Lyst partner",Data Scientist (Recommendations),0,0,0.999925434589386,7.456541061401367e-05,0.05,1,BERT:bert_class_weighted,Class weight
2062,emscad_15021,"Space Ape Games is an Award Winning Mobile/Social Gaming startup founded in 2012. We’re a small, high-performing team wi",User Acquisition Expert,0,0,0.9999027848243713,9.721517562866211e-05,0.05,1,BERT:bert_class_weighted,Class weight
2063,emscad_15027,"We build software for fashion retailers, to help them make the right commercial decisions about what to sell, and how to",Senior Developer / Engineer,0,0,0.999904990196228,9.500980377197266e-05,0.05,1,BERT:bert_class_weighted,Class weight
2064,emscad_15035,Working at FBN,Senior Software Engineer - Big Data,0,0,0.999920666217804,7.933378219604492e-05,0.05,1,BERT:bert_class_weighted,Class weight
2065,emscad_15038,"Clinical Psychotherapist (LCSW, LMFT, LPC, PsyD) ReGenesis Counseling & Assessment Center, PLLC – Arlington, TX Exciting",Clinical Psychotherapist,0,0,0.9994621276855469,0.000537872314453125,0.05,1,BERT:bert_class_weighted,Class weight
2066,emscad_15040,Want to build a 21st century financial service?,Front-End Developer Viral Growth,0,0,0.9999155402183533,8.445978164672852e-05,0.05,1,BERT:bert_class_weighted,Class weight
2067,emscad_15042,"Advocate Construction is an up and coming leader in the disaster recovery industry, In early 2012, Advocate was founded ",Entry Level Sales and Marketing Rep - South Chicago and Indiana Area,0,0,0.9999171495437622,8.285045623779297e-05,0.05,1,BERT:bert_class_weighted,Class weight
2068,emscad_15045,Established on the principles that full time education is not for everyone Spectrum Learning is made up of a team of pas,Beauty & Fragrance consultants needed,0,0,0.999923050403595,7.69495964050293e-05,0.05,1,BERT:bert_class_weighted,Class weight
2069,emscad_15058,About the Company:,Marketing Intern,0,0,0.9999227523803711,7.724761962890625e-05,0.05,1,BERT:bert_class_weighted,Class weight
2070,emscad_15078,We're a data and design focused startup based in New York City with a passionate and forward-thinking team. We enable pe,Senior Infrastructure Engineer,0,0,0.9999194145202637,8.058547973632812e-05,0.05,1,BERT:bert_class_weighted,Class weight
2071,emscad_15081,**Please Note** Applications without a cover letter will not be accepted.,Operations and Customer Relations Assistant,0,0,0.98773193359375,0.01226806640625,0.05,1,BERT:bert_class_weighted,Class weight
2072,emscad_15113,"You thrive in social media, love ecommerce, and are a natural people person. You are looking for an opportunity to prove",Marketing Manager,0,0,0.9999200105667114,7.998943328857422e-05,0.05,1,BERT:bert_class_weighted,Class weight
2073,emscad_15127,Workable is a venture-backed startup making cloud-based recruitment software for fast-growing companies around the world,Office Manager,0,0,0.9999227523803711,7.724761962890625e-05,0.05,1,BERT:bert_class_weighted,Class weight
2074,emscad_15132,"PINT is a leader in the web industry with 20 years of web design, software development and consulting experience. PINT's",Web Application Project Manager | Junior-level,0,0,0.9999187588691711,8.124113082885742e-05,0.05,1,BERT:bert_class_weighted,Class weight
2075,emscad_15139,"Namely is the leading end-to-end HR and payroll platform for growing companies. Offerings include human payroll, benefit",iOS Developer,0,0,0.9998964667320251,0.00010353326797485352,0.05,1,BERT:bert_class_weighted,Class weight
2076,emscad_15144,"Instrumental is a highly dynamic, fast-paced organization providing expert professional services to vendors and end-user",Senior Technologist,0,0,0.9998952746391296,0.00010472536087036133,0.05,1,BERT:bert_class_weighted,Class weight
2077,emscad_15146,Millionaires In Training Recruiting Group specializes in placing qualified job seekers in the most successful direct sal,Direct Sales Representative,0,0,0.9998666048049927,0.00013339519500732422,0.05,1,BERT:bert_class_weighted,Class weight
2078,emscad_15148,"Engagor is a venture backed startup founded in 2011, with offices in San Francisco and Belgium, Europe. Engagor is real-",Account Executive,0,0,0.9999242424964905,7.575750350952148e-05,0.05,1,BERT:bert_class_weighted,Class weight
2079,emscad_15157,"At #URL_26aa5b048d5746cf7c34ba35a18fdddc29aaf77c6b10dcfb0c8c9f06d9596697# , we break data silos and push the cloud bound",DevOps Engineer,0,0,0.9999203085899353,7.969141006469727e-05,0.05,1,BERT:bert_class_weighted,Class weight
2080,emscad_15163,We Provide Full Time Permanent Positions for many medium to large US companies. We are interested in finding/recruiting ,Manufacturing Engineering Manager,0,0,0.9999218583106995,7.814168930053711e-05,0.05,1,BERT:bert_class_weighted,Class weight
2081,emscad_15164,BIG EVENT IN CHESTER! NOVEMBER 10TH AND 13TH!,Event Servers Needed - Hiring ASAP!,0,0,0.9998650550842285,0.00013494491577148438,0.05,1,BERT:bert_class_weighted,Class weight
2082,emscad_15174,"Equinix is the leading global interconnection platform, accelerating business performance by connecting companies to the","Sr. Manager, Global Solutions Architects",0,0,0.9998944401741028,0.0001055598258972168,0.05,1,BERT:bert_class_weighted,Class weight
2083,emscad_15176,At Osper we believe learning is doing! We want to empower young people with tools that teach money management and give y,Lead User Experience Architect,0,0,0.9999224543571472,7.75456428527832e-05,0.05,1,BERT:bert_class_weighted,Class weight
2084,emscad_15192,Transifex is a SaaS continuous localization platform powering the process of launching products into multiple languages ,UI/UX Developer,0,0,0.9998409748077393,0.0001590251922607422,0.05,1,BERT:bert_class_weighted,Class weight
2085,emscad_15201,TaskUs provides outsourced customer care and back office support to more than 100 of the world’s fastest growing compani,"Business Development Specialist, Enterprise Sales - New York (Remote)",0,0,0.9999071955680847,9.28044319152832e-05,0.05,1,BERT:bert_class_weighted,Class weight
2086,emscad_15204,"Farmigo is a mission-driven startup with a simple, ambitious goal: we want to make local, sustainably produced food more",Product Designer,0,0,0.9999240040779114,7.599592208862305e-05,0.05,1,BERT:bert_class_weighted,Class weight
2087,emscad_15229,"J-Curve Technologies, a privately held Arizona-based organization, is an award-winning premier outsourcer of shared tech",Director of Contact Center Operations,0,0,0.9997208118438721,0.0002791881561279297,0.05,1,BERT:bert_class_weighted,Class weight
2088,emscad_15233,"From the lands of Can Do, Roll Our Sleeves Up and Get It Done, we create and solve things previously unimaginable. We’re",Senior Sales Executive - Financial Services,0,0,0.9999251365661621,7.486343383789062e-05,0.05,1,BERT:bert_class_weighted,Class weight
2089,emscad_15240,"Empower America is mission driven to recruit, train and employ our military veterans into careers in renewable energy th",Military Veterans Wanted for Solar Energy Construction,0,0,0.9999093413352966,9.065866470336914e-05,0.05,1,BERT:bert_class_weighted,Class weight
2090,emscad_15245,"J-Curve Technologies, a privately held Arizona-based organization, is an award-winning premier outsourcer of shared tech",Overnight Technical Support Specialist,0,0,0.9996824264526367,0.00031757354736328125,0.05,1,BERT:bert_class_weighted,Class weight
2091,emscad_15254,We are a PR and social media agency that goes ALL IN to create campaigns people can't stop talking about for major consu,PR Account Executive,0,0,0.9999107718467712,8.922815322875977e-05,0.05,1,BERT:bert_class_weighted,Class weight
2092,emscad_15256,"QB Medical Inc. is a medical supply distributor located in Chula Vista, CA. Founded in 2005, we now services over 100 go",Accounts Payable Rep,0,0,0.9998902678489685,0.00010973215103149414,0.05,1,BERT:bert_class_weighted,Class weight
2093,emscad_15257,Axonix is a global mobile advertising technology company that's powered by a platform with a 4 year history of leading t,Java Software Developer,0,0,0.9997766017913818,0.00022339820861816406,0.05,1,BERT:bert_class_weighted,Class weight
2094,emscad_15264,Kettle is an independent digital agency based in New York City and the Bay Area. We’re committed to making digital do mo,STRATEGIST,0,0,0.999925434589386,7.456541061401367e-05,0.05,1,BERT:bert_class_weighted,Class weight
2095,emscad_15267,At the core of IT’s challenges is a perennial cycle where the majority of budgets are consumed maintaining existing syst,Corporate Counseling Associate/Addictions/Substance Abuse,0,0,0.9998644590377808,0.00013554096221923828,0.05,1,BERT:bert_class_weighted,Class weight
2096,emscad_15288,"Babbel enables anyone to learn languages in an easy and interactive way. The learning system offers 13 languages, from E",Lead Data Architect (AWS Redshift),0,0,0.9999164938926697,8.350610733032227e-05,0.05,1,BERT:bert_class_weighted,Class weight
2097,emscad_15304,"Critical Nurse Staffing, Inc. is enrolled with the U.S Department of Labor to provide nursing care to the former defense","Home Health RN/Case Manager--Las Vegas, NV",0,0,0.9998831748962402,0.00011682510375976562,0.05,1,BERT:bert_class_weighted,Class weight
2098,emscad_15334,Job Responsibilities:,Compliance Analyst,0,0,0.9998568296432495,0.00014317035675048828,0.05,1,BERT:bert_class_weighted,Class weight
2099,emscad_15355,University Beyond: Connecting Students With Potential Employers,Software Engineer,0,0,0.9999054074287415,9.459257125854492e-05,0.05,1,BERT:bert_class_weighted,Class weight
2100,emscad_15374,About Us,Talented Architect,0,0,0.9999245405197144,7.545948028564453e-05,0.05,1,BERT:bert_class_weighted,Class weight
2101,emscad_15376,We Provide Full Time Permanent Positions for many medium to large US companies. We are interested in finding/recruiting ,.NET Developer,0,0,0.999925434589386,7.456541061401367e-05,0.05,1,BERT:bert_class_weighted,Class weight
2102,emscad_15385,"Critical Nurse Staffing, Inc. is enrolled with the U.S Department of Labor to provide nursing care to the former defense","Home Health RN - Idaho Falls, ID",0,0,0.9998867511749268,0.00011324882507324219,0.05,1,BERT:bert_class_weighted,Class weight
2103,emscad_15394,#URL_3a07abe079d2ac1022092b9f66cf66310a6d6a8fbcda91c6f1d1071c25c694d8# disrupts e-commerce by enabling private and autom,Digital Marketer,0,0,0.9999178051948547,8.219480514526367e-05,0.05,1,BERT:bert_class_weighted,Class weight
2104,emscad_15400,hello world,Head of Online Marketing,0,0,0.9999240040779114,7.599592208862305e-05,0.05,1,BERT:bert_class_weighted,Class weight
2105,emscad_15406,"Babbel enables anyone to learn languages in an easy and interactive way. The learning system offers 13 languages, from E",Marketing Manager Germany,0,0,0.999907910823822,9.208917617797852e-05,0.05,1,BERT:bert_class_weighted,Class weight
2106,emscad_15413,"Carlyle Financial is a mortgage bank based in Beverly Hills, CA offering a full range of home loan products. We concentr",Senior Mortgage Banker For Beverly Hills Mortgage Bank,0,0,0.9998944401741028,0.0001055598258972168,0.05,1,BERT:bert_class_weighted,Class weight
2107,emscad_15421,We Provide Full Time Permanent Positions for many medium to large US companies. We are interested in finding/recruiting ,"Sr. Project Engineer - HVAC CAD MS Office - Richmond, VA",0,0,0.999904990196228,9.500980377197266e-05,0.05,1,BERT:bert_class_weighted,Class weight
2108,emscad_15429,"Valor Services provides Workforce Solutions that meet the needs of companies across the Private Sector, with a special f",Construction Scheduling-Planning Manager (Ammonia/Urea Plant),0,0,0.9999141693115234,8.58306884765625e-05,0.05,1,BERT:bert_class_weighted,Class weight
2109,emscad_15436,"Recombine provides clinical genetic testing. CarrierMap, the first product created at Recombine, is the most comprehensi",Associate Bioinformaticist,0,0,0.9999125003814697,8.749961853027344e-05,0.05,1,BERT:bert_class_weighted,Class weight
2110,emscad_15459,Lead Android Developer,Lead Android Developer,0,0,0.9996492862701416,0.00035071372985839844,0.05,1,BERT:bert_class_weighted,Class weight
2111,emscad_15470,Dropoff is modernizing courier and same-day delivery by providing our business customers a superior experience built on ,"Dropoff Driver ""Agent"" - Houston",0,0,0.9999178051948547,8.219480514526367e-05,0.05,1,BERT:bert_class_weighted,Class weight
2112,emscad_15476,"OgilvyOne worldwide, Athens was established in 1987. The company provides Digital, CRM and Promotional services to Greek",Digital Account Manager,0,0,0.9999135136604309,8.64863395690918e-05,0.05,1,BERT:bert_class_weighted,Class weight
2113,emscad_15481,Inc42 is a technology focused media portal with extensive focus on innovation and creating value. In the past 6 months I,Content Writer/Journalist,0,0,0.999923050403595,7.69495964050293e-05,0.05,1,BERT:bert_class_weighted,Class weight
2114,emscad_15498,"Shapeways is the leading 3D printing marketplace and community, empowering designers to bring amazing products to life. ",Shapeways Operations Intern,0,0,0.9999194145202637,8.058547973632812e-05,0.05,1,BERT:bert_class_weighted,Class weight
2115,emscad_15503,Want to build a 21st century financial service?,Social Ads Intern (paid internship),0,0,0.9999171495437622,8.285045623779297e-05,0.05,1,BERT:bert_class_weighted,Class weight
2116,emscad_15513,"Farmigo is a mission-driven startup with a simple, ambitious goal: we want to make local, sustainably produced food more",Special Projects Manager,0,0,0.9999260306358337,7.396936416625977e-05,0.05,1,BERT:bert_class_weighted,Class weight
2117,emscad_15516,"We're Thread, and we're trying to reinvent retail so guys can dress well without being subjected to the horrors of high ",Lead Data Scientist,0,0,0.9999064803123474,9.351968765258789e-05,0.05,1,BERT:bert_class_weighted,Class weight
2118,emscad_15524,"NO RECRUITERS PLEASE Headquartered in central New Jersey, Edgewood Properties (""Edgewood"" or the ""Company"") is a leading",Corporate Controller,0,0,0.9998984932899475,0.00010150671005249023,0.05,1,BERT:bert_class_weighted,Class weight
2119,emscad_15531,Luxy Hair is a customer-centric hair extensions eCommerce retailer founded in 2010. We’re one of the fastest-growing bea,General Manager (eCommerce),0,0,0.9999104142189026,8.958578109741211e-05,0.05,1,BERT:bert_class_weighted,Class weight
2120,emscad_15538,Unify — formerly known as Siemens Enterprise Communications — is a premier communications software and services firms. O,Embedded Linux Software Engineer,0,0,0.9998300075531006,0.00016999244689941406,0.05,1,BERT:bert_class_weighted,Class weight
2121,emscad_15539,Revolutionary Cloud based suite of Hospitality IT solutions,Business Development and Marketing,0,0,0.9998756647109985,0.00012433528900146484,0.05,1,BERT:bert_class_weighted,Class weight
2122,emscad_15542,MISSION:,EXPERIENCED CAREGIVERS NEEDED TODAY!THE BEST PAY & AWESOME BENEFITS!!,0,0,0.9999155402183533,8.445978164672852e-05,0.05,1,BERT:bert_class_weighted,Class weight
2123,emscad_15565,Fabrily makes it easy for campaigners/communities/charities/causes/artists. etc... to raise funds and awareness with cus,Marketing Intern with Vietnamese language skills - Paid Position (part-time),0,0,0.9999187588691711,8.124113082885742e-05,0.05,1,BERT:bert_class_weighted,Class weight
2124,emscad_15578,Forward3D is the largest independent digital marketing agency in Britain. We run cutting edge digital marketing campaign,Content Manager,0,0,0.9999245405197144,7.545948028564453e-05,0.05,1,BERT:bert_class_weighted,Class weight
2125,emscad_15582,Position: Test Automation Engineer,Test Automation Engineer,1,1,0.52978515625,0.47021484375,0.05,1,BERT:bert_class_weighted,Class weight
2126,emscad_15585,Forward3D is the largest independent digital marketing agency in Britain. We run cutting edge digital marketing campaign,PPC Group Lead,0,0,0.9999240040779114,7.599592208862305e-05,0.05,1,BERT:bert_class_weighted,Class weight
2127,emscad_15591,"Independent team of Designers & Developers, focused on creating top quality products through exceptional Web and Mobile ",Full Stack Developer,0,0,0.9998706579208374,0.00012934207916259766,0.05,1,BERT:bert_class_weighted,Class weight
2128,emscad_15610,"Luxury British cocoa grower and chocolatier, Hotel Chocolat, was founded in 2004 to make exciting chocolate with three g","Assistant Store Manager- Central, South & West",0,0,0.9999128580093384,8.71419906616211e-05,0.05,1,BERT:bert_class_weighted,Class weight
2129,emscad_15624,Zylun’s mission is to help small and medium size enterprises take advantage of a highly skilled global workforce in a si,FRONT END WEB DEVELOPER,0,0,0.9999148845672607,8.511543273925781e-05,0.05,1,BERT:bert_class_weighted,Class weight
2130,emscad_15652,"Shyp is the easiest way to send anything, anywhere.",Product / QA Intern,0,0,0.9999215602874756,7.843971252441406e-05,0.05,1,BERT:bert_class_weighted,Class weight
2131,emscad_15672,"Ryanair is Europe’s favourite low fares airline, operating more than 1,600 daily flights (over 500,000 per year) from 69",Business Analyst,0,0,0.9999039173126221,9.608268737792969e-05,0.05,1,BERT:bert_class_weighted,Class weight
2132,emscad_15684,"ustwo offers you the opportunity to be yourself, whilst delivering the best work on the planet for some of the biggest a",Android Developer,0,0,0.9999215602874756,7.843971252441406e-05,0.05,1,BERT:bert_class_weighted,Class weight
2133,emscad_15700,We Provide Full Time Permanent Positions for many medium to large US companies. We are interested in finding/recruiting ,Maintenance Engineer - Industry Exp MS Office - PA,0,0,0.9998761415481567,0.00012385845184326172,0.05,1,BERT:bert_class_weighted,Class weight
2134,emscad_15702,Upstream’s mission is to revolutionise the way companies market to consumers through cutting edge technology. This is an,Product Manager Content Services,0,0,0.9999248385429382,7.516145706176758e-05,0.05,1,BERT:bert_class_weighted,Class weight
2135,emscad_15722,"Pronto delivers breakfast, lunch and dinner to our customers in under 15 minutes. We are all about healthier, wholesome ",Student Delivery Bikers,0,0,0.9999027848243713,9.721517562866211e-05,0.05,1,BERT:bert_class_weighted,Class weight
2136,emscad_15746,Nectar Creative Communications is a Queensland based specialist events and communication agency that believes in the str,Event Coordinator,0,0,0.9999100565910339,8.994340896606445e-05,0.05,1,BERT:bert_class_weighted,Class weight
2137,emscad_15764,Thanks for visiting our Job Board. Please review our open positions and apply to the positions that match your qualifica,Training Manager,0,0,0.9999064803123474,9.351968765258789e-05,0.05,1,BERT:bert_class_weighted,Class weight
2138,emscad_15768,"The Eleven is a startup studio. We're obsessed by building great ideas into brilliant businesses, and we’re on a mission",Operations,0,0,0.9999181032180786,8.189678192138672e-05,0.05,1,BERT:bert_class_weighted,Class weight
2139,emscad_15795,"Space Ape Games is an Award Winning Mobile/Social Gaming startup founded in 2012. We’re a small, high-performing team wi",Live Ops Manager,0,0,0.9999128580093384,8.71419906616211e-05,0.05,1,BERT:bert_class_weighted,Class weight
2140,emscad_15819,"Critical Nurse Staffing, Inc. is enrolled with the U.S Department of Labor to provide nursing care to the former defense","Home Health RN - Hondo, NM",0,0,0.9998893737792969,0.000110626220703125,0.05,1,BERT:bert_class_weighted,Class weight
2141,emscad_15832,hello world,Affiliate Marketing Manager,0,0,0.9999224543571472,7.75456428527832e-05,0.05,1,BERT:bert_class_weighted,Class weight
2142,emscad_15833,Our mission is to bring the world's best-loved local restaurants into everyone's home or office - fast.,Market Launch Manager,0,0,0.9999221563339233,7.784366607666016e-05,0.05,1,BERT:bert_class_weighted,Class weight
2143,emscad_15838,"Retailers around the world are constantly working to keep customers coming into their stores. It’s not a new challenge, ",Digital Producer/ Project Manager,0,0,0.999925434589386,7.456541061401367e-05,0.05,1,BERT:bert_class_weighted,Class weight
2144,emscad_15840,We Provide Full Time Permanent Positions for many medium to large US companies. We are interested in finding/recruiting ,Manufacturing Engineering Manager,0,0,0.9999224543571472,7.75456428527832e-05,0.05,1,BERT:bert_class_weighted,Class weight
2145,emscad_15846,"Critical Nurse Staffing, Inc. is enrolled with the U.S Department of Labor to provide nursing care to the former defense","Home Health RN - Groveland, ID",0,0,0.9998741149902344,0.000125885009765625,0.05,1,BERT:bert_class_weighted,Class weight
2146,emscad_15850,Commercial cleaning & office cleaning specialists Paramount Services is a leading New Zealand franchise company providin,Evening Supervisor,0,0,0.9998818039894104,0.00011819601058959961,0.05,1,BERT:bert_class_weighted,Class weight
2147,emscad_15853,"Mention changes the way you monitor the web. Create keyword-based alerts on your company name, your brand, and your comp",Content Marketer,0,0,0.9998989105224609,0.0001010894775390625,0.05,1,BERT:bert_class_weighted,Class weight
2148,emscad_15858,"Tidewater Finance Co. was established in 1992 for the initial purpose of purchasing, and servicing retail installment co",Collection Account Representatives,0,0,0.9999020099639893,9.799003601074219e-05,0.05,1,BERT:bert_class_weighted,Class weight
2149,emscad_15875,"Places Senior Technology and Data professionals nationwide with a focus on Software Engineering, Big Data, Analytics, Bu",Senior Database Analyst,0,0,0.9998927712440491,0.00010722875595092773,0.05,1,BERT:bert_class_weighted,Class weight
2150,emscad_15877,Who are We?,Experienced Travel Recruiter,0,0,0.9999194145202637,8.058547973632812e-05,0.05,1,BERT:bert_class_weighted,Class weight
2151,emscad_15881,"We're an emerging technology agency, and we build breakthrough products through user-centered design. We're building a t","Technical Lead, Android",0,0,0.9999071955680847,9.28044319152832e-05,0.05,1,BERT:bert_class_weighted,Class weight
2152,emscad_15887,"Intale SA is a dynamic technology company located in Athens, whose products and services act as the main pillar of a sus",Senior Developer,0,0,0.9998726844787598,0.00012731552124023438,0.05,1,BERT:bert_class_weighted,Class weight
2153,emscad_15893,"Adform is the best resourced European display ad tech company, with around 400 people in 15 European countries and US. W",C# Developer,0,0,0.9998818039894104,0.00011819601058959961,0.05,1,BERT:bert_class_weighted,Class weight
2154,emscad_15902,"Strategic public relations. At Pierce Mattie Communications, that’s the phrase we toss around when people ask about our ",PR-Senior Account Executive: Beauty Division,0,0,0.9998989105224609,0.0001010894775390625,0.05,1,BERT:bert_class_weighted,Class weight
2155,emscad_15913,"Our team is made of designers, physics wizards, educators, writers, musicians, and illustrators. We work together to bui",Intern: Editorial & Research,0,0,0.9999125003814697,8.749961853027344e-05,0.05,1,BERT:bert_class_weighted,Class weight
2156,emscad_15924,"THE COMPANY: SCOREBIG, INC.",Senior Product Manager,0,0,0.9998944401741028,0.0001055598258972168,0.05,1,BERT:bert_class_weighted,Class weight
2157,emscad_15929,Compensation: $18.00 per hour We are looking for people to join out team. We are a global pharmaceutical company looking,Administrative Positions,1,1,0.0,1.0,0.05,1,BERT:bert_class_weighted,Class weight
2158,emscad_15936,Innovative streetwear and clothes you can play with. Soon in a crowdfunding platform near you.,"Apparel, Streetwear Designer",0,0,0.9999178051948547,8.219480514526367e-05,0.05,1,BERT:bert_class_weighted,Class weight
2159,emscad_15948,Working at FBN,Agronomic Data Scientist,0,0,0.999907910823822,9.208917617797852e-05,0.05,1,BERT:bert_class_weighted,Class weight
2160,emscad_15952,Our agency is one of the most dynamic integrated communication agencies in Athens and the affiliate of Edelman in the ma,Account Manager,0,0,0.9999184608459473,8.153915405273438e-05,0.05,1,BERT:bert_class_weighted,Class weight
2161,emscad_15953,"Urban Robotics Inc. provides cutting edge software and hardware solutions for Intelligence, Surveillance and Reconnaissa",Senior Software Developer/Cluster Architect,0,0,0.9997165203094482,0.0002834796905517578,0.05,1,BERT:bert_class_weighted,Class weight
2162,emscad_15955,"The MarketMaker4 leadership team has extensive experience in e-procurement, online auctions, market intelligence, strate",Information Security Consultant - Chicago Based,0,0,0.9999184608459473,8.153915405273438e-05,0.05,1,BERT:bert_class_weighted,Class weight
2163,emscad_15959,SLI Systems is a SaaS company revolutionizing the way online retailers do business. SLI works closely with online retail,Graduate Software Developer,0,0,0.9998831748962402,0.00011682510375976562,0.05,1,BERT:bert_class_weighted,Class weight
2164,emscad_15960,Enter sales orders into system,Order Admin/ $15hr,0,1,0.0009765625,0.9990234375,0.05,0,BERT:bert_class_weighted,Class weight
2165,emscad_15961,"POS-X is a rapidly growing point-of-sale hardware manufacturer located in Bellingham, WA. The POS-X environment consists",General Application,0,0,0.999858021736145,0.00014197826385498047,0.05,1,BERT:bert_class_weighted,Class weight
2166,emscad_15977,Are you passionate about making a difference?,Domestic Cleaner jobs Basingstoke,0,0,0.9998770952224731,0.00012290477752685547,0.05,1,BERT:bert_class_weighted,Class weight
2167,emscad_15994,Espressoft Systems Sdn Bhd is a Malaysia-based agile software development company focused on providing innovative techno,Mobile Application Software Engineer (Android),0,0,0.9996154308319092,0.0003845691680908203,0.05,1,BERT:bert_class_weighted,Class weight
2168,emscad_16001,"Babbel enables anyone to learn languages in an easy and interactive way. The learning system offers 13 languages, from E",Student Assistant User Research,0,0,0.9999104142189026,8.958578109741211e-05,0.05,1,BERT:bert_class_weighted,Class weight
2169,emscad_16006,The Technical Team and offering at VML London has a very strong heritage dating back to the mid-nineties when the London,Finance Assistant Temp to Perm Role,0,0,0.9999008178710938,9.918212890625e-05,0.05,1,BERT:bert_class_weighted,Class weight
2170,emscad_16013,Work at dxw,Delivery Manager,0,0,0.9999215602874756,7.843971252441406e-05,0.05,1,BERT:bert_class_weighted,Class weight
2171,emscad_16017,"Cylance is a global cybersecurity products and service company, specializeing in advanced threat security that detects a",Regional Sales Director - North East,0,0,0.9998540878295898,0.00014591217041015625,0.05,1,BERT:bert_class_weighted,Class weight
2172,emscad_16059,"Social Care Alba is the highest graded Care at Home Company in the country. We hold awards in Investors in People, Healt",Care Assistant (Personal Assistant),0,0,0.9999184608459473,8.153915405273438e-05,0.05,1,BERT:bert_class_weighted,Class weight
2173,emscad_16063,"Welcome to Groove, one of the fastest-growing and high-energy dance production companies in the nation! At Groove, we st",Non-CDL Seasonal Truck Drivers Wanted,0,0,0.9999194145202637,8.058547973632812e-05,0.05,1,BERT:bert_class_weighted,Class weight
2174,emscad_16077,"Urban Robotics Inc. provides cutting edge software and hardware solutions for Intelligence, Surveillance and Reconnaissa",Accounting Manager,0,0,0.9993486404418945,0.0006513595581054688,0.05,1,BERT:bert_class_weighted,Class weight
2175,emscad_16078,Jiffy Worldwide is the parent company of the Jiffy Group of Companies. Jiffy operates a mobile application development c,Sales Position,0,0,0.99990314245224,9.685754776000977e-05,0.05,1,BERT:bert_class_weighted,Class weight
2176,emscad_16096,"We have created the world’s leading lean customer experience platform – its not just us that think that, Gartner does to",UX Consultant,0,0,0.999923050403595,7.69495964050293e-05,0.05,1,BERT:bert_class_weighted,Class weight
2177,emscad_16114,PowerbyProxi and its customers are leading a revolution to deliver unplugged power. We have changed the way electricity ,Engineer - Embedded Design (US),0,0,0.9999181032180786,8.189678192138672e-05,0.05,1,BERT:bert_class_weighted,Class weight
2178,emscad_16116,"With an exceptional record of over 50% growth in each of the last 5 years, we’ve become the UK’s largest online retailer",Image and Video Department Coordinator,0,0,0.999923050403595,7.69495964050293e-05,0.05,1,BERT:bert_class_weighted,Class weight
2179,emscad_16126,Unify — formerly known as Siemens Enterprise Communications — is a premier communications software and services firms. O,Quality Assurance (QA) Engineer,0,0,0.9996230602264404,0.0003769397735595703,0.05,1,BERT:bert_class_weighted,Class weight
2180,emscad_16128,"""Our mission to our clients is to preserve their independence, enhance their quality of life, promote health & wellbeing",Caregiver-Dowagiac,0,0,0.9999161958694458,8.380413055419922e-05,0.05,1,BERT:bert_class_weighted,Class weight
2181,emscad_16137,"Independent team of Designers & Developers, focused on creating top quality products through exceptional Web and Mobile ",Front-end Developer,0,0,0.99988853931427,0.00011146068572998047,0.05,1,BERT:bert_class_weighted,Class weight
2182,emscad_16152,"Space Ape Games is an Award Winning Mobile/Social Gaming startup founded in 2012. We’re a small, high-performing team wi",Chief Marketing Officer,0,0,0.9999135136604309,8.64863395690918e-05,0.05,1,BERT:bert_class_weighted,Class weight
2183,emscad_16155,"Tidewater Finance Co. was established in 1992 for the initial purpose of purchasing, and servicing retail installment co",Bankruptcy Specialist,0,0,0.9998956918716431,0.0001043081283569336,0.05,1,BERT:bert_class_weighted,Class weight
2184,emscad_16159,THE COMPANY: FlashFunders ( #URL_e3b6d99b3442da190b75a52397dfcbed486fa7a5ea8b8fd653d8ad070d0d6065# ),Senior UI/UX Designer,0,0,0.9999197125434875,8.028745651245117e-05,0.05,1,BERT:bert_class_weighted,Class weight
2185,emscad_16176,"Argenta Field Solutions values the client, creates income streams for them through our sales mechanism and focuses on qu",Sales Representative with Management Training - DirecTV,0,0,0.9998300075531006,0.00016999244689941406,0.05,1,BERT:bert_class_weighted,Class weight
2186,emscad_16193,"Critical Nurse Staffing, Inc. is enrolled with the U.S Department of Labor to provide nursing care to the former defense","Home Health Aid - Granger, WA",0,0,0.9998761415481567,0.00012385845184326172,0.05,1,BERT:bert_class_weighted,Class weight
2187,emscad_16202,"Valor Services provides Workforce Solutions that meet the needs of companies across the Private Sector, with a special f",Pipe Welder,0,0,0.9998992681503296,0.00010073184967041016,0.05,1,BERT:bert_class_weighted,Class weight
2188,emscad_16215,"2.5 years ago when we started on the development of Witkit, we had a mission: allowing businesses to capitalize on colla",Senior Back-End Developer,0,0,0.999899685382843,0.00010031461715698242,0.05,1,BERT:bert_class_weighted,Class weight
2189,emscad_16219,"Union is a digital marketing agency founded in 2002 and headquartered in Charlotte, NC. Considered a digital marketing l",Digital Designer,0,0,0.9999164938926697,8.350610733032227e-05,0.05,1,BERT:bert_class_weighted,Class weight
2190,emscad_16224,"Namely is the leading end-to-end HR and payroll platform for growing companies. Offerings include human payroll, benefit",VP Client Success,0,0,0.9999184608459473,8.153915405273438e-05,0.05,1,BERT:bert_class_weighted,Class weight
2191,emscad_16239,"Crossroads Treatment Centers is a nationally-accredited, medication-assisted, out-patient program that delivers fast, ef",Licensed Practical Nurse (Greensboro Center),0,0,0.999879002571106,0.00012099742889404297,0.05,1,BERT:bert_class_weighted,Class weight
2192,emscad_16245,Hi!,Front-End Developer,0,0,0.9996945858001709,0.00030541419982910156,0.05,1,BERT:bert_class_weighted,Class weight
2193,emscad_16248,"We're an emerging technology agency, and we build breakthrough products through user-centered design. We're building a t","Technical Lead, QA",0,0,0.9999242424964905,7.575750350952148e-05,0.05,1,BERT:bert_class_weighted,Class weight
2194,emscad_16251,"Our job is to make what you do, what you say and how you say it live up to consumers expectations.",Back End PHP Developer,0,0,0.9999215602874756,7.843971252441406e-05,0.05,1,BERT:bert_class_weighted,Class weight
2195,emscad_16260,ABOUT US: Our brand Welt Sparen is the leading online marketplace for fixed term deposits in Germany. Our partner banks ,Web Developer (m/f),0,0,0.9999274611473083,7.253885269165039e-05,0.05,1,BERT:bert_class_weighted,Class weight
2196,emscad_16264,This is a start-up NGO. So you need to love both start-ups and NGOs.,Part-time right-hand (start-up NGO),0,0,0.9998506307601929,0.0001493692398071289,0.05,1,BERT:bert_class_weighted,Class weight
2197,emscad_16266,"Bandsintown is a digital media company powered by music. With over 14 million registered concert-goers, a global audienc","Manager, Ad Operations",0,0,0.9999057650566101,9.423494338989258e-05,0.05,1,BERT:bert_class_weighted,Class weight
2198,emscad_16269,"Crossroads Treatment Centers is a nationally-accredited, medication-assisted, out-patient program that delivers fast, ef",Licensed Practical Nurse - Part-time (Seneca Center),0,0,0.9998259544372559,0.00017404556274414062,0.05,1,BERT:bert_class_weighted,Class weight
2199,emscad_16277,"Valor Services provides Workforce Solutions that meet the needs of companies across the Private Sector, with a special f",Front Desk Receptionist,0,0,0.9999027848243713,9.721517562866211e-05,0.05,1,BERT:bert_class_weighted,Class weight
2200,emscad_16285,"JOB SUMMARY This position is responsible for assisting the physician in patient treatment issues, providing direct patie",Patient Service Coordinator,0,0,0.9993786811828613,0.0006213188171386719,0.05,1,BERT:bert_class_weighted,Class weight
2201,emscad_16287,MarketInvoice is one of the most high-profile London based fin-tech companies. The Company is Europe’s leading P2P invoi,"VP, Strategy & Analytics",0,0,0.9999197125434875,8.028745651245117e-05,0.05,1,BERT:bert_class_weighted,Class weight
2202,emscad_16303,"Do you want to help people be more successful at work? Then consider Jhana, a feisty little startup that pursues this go",Sales Development Representative (B2B SaaS),0,0,0.9998940229415894,0.00010597705841064453,0.05,1,BERT:bert_class_weighted,Class weight
2203,emscad_16308,We Provide Full Time Permanent Positions for many medium to large US companies. We are interested in finding/recruiting ,Manufacturing Engineering Manager,0,0,0.999923050403595,7.69495964050293e-05,0.05,1,BERT:bert_class_weighted,Class weight
2204,emscad_16314,"Babbel enables anyone to learn languages in an easy and interactive way. The learning system offers 13 languages, from E",Lead QA Engineer,0,0,0.9999046325683594,9.5367431640625e-05,0.05,1,BERT:bert_class_weighted,Class weight
2205,emscad_16317,"Pacific54 is a boutique online marketing and branding agency. We are a passionate, talented group of creatives who live ","Inbound ""White Hat"" SEO Specialist",0,0,0.9999291300773621,7.086992263793945e-05,0.05,1,BERT:bert_class_weighted,Class weight
2206,emscad_16318,We Provide Full Time Permanent Positions for many medium to large US companies. We are interested in finding/recruiting ,IT Security Analyst,0,0,0.999908983707428,9.101629257202148e-05,0.05,1,BERT:bert_class_weighted,Class weight
2207,emscad_16326,"ustwo offers you the opportunity to be yourself, whilst delivering the best work on the planet for some of the biggest a",Interaction Designer (UX),0,0,0.9999141693115234,8.58306884765625e-05,0.05,1,BERT:bert_class_weighted,Class weight
2208,emscad_16331,"Founded in 2010 by a team from Google’s London and New York offices, Qubit work with some of the biggest names in Online",Data Quality Analyst,0,0,0.9999245405197144,7.545948028564453e-05,0.05,1,BERT:bert_class_weighted,Class weight
2209,emscad_16341,"Sparkol is a growing software company based outside of Bristol, UK.",Social Media Manager,0,0,0.9998989105224609,0.0001010894775390625,0.05,1,BERT:bert_class_weighted,Class weight
2210,emscad_16343,"Το social taste είναι μια νέα, πρωτοποριακή πλατφόρμα, που σας επιτρέπει να δέχεστε παραγγελίες μέσα από τη σελίδα σας σ",Sales Representative,0,0,0.9998666048049927,0.00013339519500732422,0.05,1,BERT:bert_class_weighted,Class weight
2211,emscad_16348,Contentful ( #URL_0252efddcbc4b8f51969fca7b054595976ea4678fd880b3653151e618d447b33# ) is an API-first content management,Software Development Intern,0,0,0.9999181032180786,8.189678192138672e-05,0.05,1,BERT:bert_class_weighted,Class weight
2212,emscad_16358,The Beans Group is a media company that exists to empower young people to thrive. We have been on an exponential growth ,Student Beans University Editor,0,0,0.9999138712882996,8.612871170043945e-05,0.05,1,BERT:bert_class_weighted,Class weight
2213,emscad_16362,Kettle is an independent digital agency based in New York City and the Bay Area. We’re committed to making digital do mo,Internship Opportunities,0,0,0.999919056892395,8.094310760498047e-05,0.05,1,BERT:bert_class_weighted,Class weight
2214,emscad_16367,We’re always looking for highly motivated “founder-types” to join us as we grow. Here’s what you need to know.,Sr. Account Executive,0,0,0.9999075531959534,9.244680404663086e-05,0.05,1,BERT:bert_class_weighted,Class weight
2215,emscad_16368,"Conseev is a small, fun, fast-growing technology company. We're looking for an outstanding copywriter to come on board a",Copywriter,0,0,0.9999004602432251,9.953975677490234e-05,0.05,1,BERT:bert_class_weighted,Class weight
2216,emscad_16383,"We design, make and sell furniture, with a simple mission of getting beautifully crafted furniture from the workshop flo",Quality Control Abroad (Intern),0,0,0.9999197125434875,8.028745651245117e-05,0.05,1,BERT:bert_class_weighted,Class weight
2217,emscad_16387,"The RealReal is changing the way people buy and sell luxury items. The leader in luxury resale, the company is a full se",Style Art Director,0,0,0.9999158382415771,8.416175842285156e-05,0.05,1,BERT:bert_class_weighted,Class weight
2218,emscad_16398,Airenvy’s mission is to provide lucrative yet hassle free full service short term property management all around the wor,Business Analyst Intern,0,0,0.9998940229415894,0.00010597705841064453,0.05,1,BERT:bert_class_weighted,Class weight
2219,emscad_16404,MERL's internship program gives students excellent opportunities to work in an industrial research lab environment side-,Applied electromagnetics,0,0,0.9998623132705688,0.00013768672943115234,0.05,1,BERT:bert_class_weighted,Class weight
2220,emscad_16406,United Cerebral Palsy of Oregon & SW Washington (UCP) supports adults with all kinds of developmental disabilities (not ,Overnight Caregiver for a Gregarious Man,0,0,0.9999138712882996,8.612871170043945e-05,0.05,1,BERT:bert_class_weighted,Class weight
2221,emscad_16408,MediaMonks is the biggest creative digital production company on the planet . We specialize in working for and with adve,Producer Internship,0,0,0.9999178051948547,8.219480514526367e-05,0.05,1,BERT:bert_class_weighted,Class weight
2222,emscad_16410,"Felsburg Holt & Ullevig is a consulting firm specializing in transportation and environmental planning, traffic engineer",Environmental Scientist/Environmental Engineer,0,0,0.9997372627258301,0.0002627372741699219,0.05,1,BERT:bert_class_weighted,Class weight
2223,emscad_16417,"Frequency540 (FQ540) is a full service digital agency focused on creating prosperity for our clients, our people, and pa",Director of Digital Analytics and Strategy (Contract),0,0,0.9999168515205383,8.314847946166992e-05,0.05,1,BERT:bert_class_weighted,Class weight
2224,emscad_16423,"We’ve built revolutionary technology that is changing the way people get around cities. Using Via, a luxury ride booked ",Associate,0,0,0.9999155402183533,8.445978164672852e-05,0.05,1,BERT:bert_class_weighted,Class weight
2225,emscad_16434,"ustwo offers you the opportunity to be yourself, whilst delivering the best work on the planet for some of the biggest a","Developer, Front End Web",0,0,0.999907910823822,9.208917617797852e-05,0.05,1,BERT:bert_class_weighted,Class weight
2226,emscad_16438,We're working on a difficult and meaningful problem.,Data scientist,0,0,0.9999171495437622,8.285045623779297e-05,0.05,1,BERT:bert_class_weighted,Class weight
2227,emscad_16443,"#URL_25e85371e7108e279a4b25d6e965889a44917879b7b587c905714ef30f933cb8# is a young, growing e-commerce company with our e",Fulfillment Associate,0,0,0.9999174475669861,8.255243301391602e-05,0.05,1,BERT:bert_class_weighted,Class weight
2228,emscad_16451,Crest Financial is one of the leading privately held consumer financing companies in the United States. Crest blends the,Retailer Services,0,0,0.9999035000801086,9.649991989135742e-05,0.05,1,BERT:bert_class_weighted,Class weight
2229,emscad_16460,"2.5 years ago when we started on the development of Witkit, we had a mission: allowing businesses to capitalize on colla",Senior Front-End Developer (Javascript),0,0,0.9983386993408203,0.0016613006591796875,0.05,1,BERT:bert_class_weighted,Class weight
2230,emscad_16469,"Exciting opportunity to join a fun, fast-growing behavioral health & wellness group practice with locations in Cleburne ",Licensed Massage Therapist/Integrated Practice Model!,0,0,0.9994139671325684,0.0005860328674316406,0.05,1,BERT:bert_class_weighted,Class weight
2231,emscad_16474,EUROPEAN DYNAMICS (#URL_c66532ffa1ce76ab447da6774719060c42c584edbf44d74cdb94fc4ac219ca45#) is a leading European Softwar,IS Tester,0,0,0.999899685382843,0.00010031461715698242,0.05,1,BERT:bert_class_weighted,Class weight
2232,emscad_16478,MERL's internship program gives students excellent opportunities to work in an industrial research lab environment side-,Intelligent Data Analysis,0,0,0.9998741149902344,0.000125885009765625,0.05,1,BERT:bert_class_weighted,Class weight
2233,emscad_16492,"For over 15 years, CaseNEX has been a leader in the education technology industry and continues to provide flexible and ",.NET developer,0,0,0.9998470544815063,0.00015294551849365234,0.05,1,BERT:bert_class_weighted,Class weight
2234,emscad_16497,Tile is one of the most successful crowd-funded campaigns in history and is building the world’s largest lost and found.,Mobile UX Designer,0,0,0.9999184608459473,8.153915405273438e-05,0.05,1,BERT:bert_class_weighted,Class weight
2235,emscad_16502,"Retailers around the world are constantly working to keep customers coming into their stores. It’s not a new challenge, ",iOS Developer,0,0,0.999880850315094,0.00011914968490600586,0.05,1,BERT:bert_class_weighted,Class weight
2236,emscad_16507,"VisionMobile is the leading research company in the apps economy. We track app developer trends across 10,000+ developer",Senior Node.js Developer,0,0,0.9999171495437622,8.285045623779297e-05,0.05,1,BERT:bert_class_weighted,Class weight
2237,emscad_16514,Playfair Capital is an early stage technology investment fund based in London.,Graphic Designer - Intern,0,0,0.9999218583106995,7.814168930053711e-05,0.05,1,BERT:bert_class_weighted,Class weight
2238,emscad_16527,"Infrascale is the only complete cloud backup and disaster recovery solution, designed for MSPs. Located in El Segundo, C",Account Manager,0,0,0.9998756647109985,0.00012433528900146484,0.05,1,BERT:bert_class_weighted,Class weight
2239,emscad_16543,#URL_e7c9057d5e6f097876436d175031e95669ede4ebaab52b6be0957c837bc98343#,Escrow Officers & Title Insurance Sales - Houston Area,0,0,0.999832034111023,0.00016796588897705078,0.05,1,BERT:bert_class_weighted,Class weight
2240,emscad_16558,Webdata Solutions is one of the fastest growing providers of market intelligence and provides leading solutions for acce,Junior Sales Manager (m/f),0,0,0.9998863339424133,0.00011366605758666992,0.05,1,BERT:bert_class_weighted,Class weight
2241,emscad_16560,Tribal Worldwide Athens is a digitally centric advertising agency that draws no lines.,Junior Web Developer,0,0,0.9998964667320251,0.00010353326797485352,0.05,1,BERT:bert_class_weighted,Class weight
2242,emscad_16567,"Ruby on Rails Web Engineer (RoR) Now Hiring Ruby on Rails Web Engineer for one of our client in Long Beach, CA Job Role ",Ruby on Rails Developer/Programmer,0,0,0.9997098445892334,0.00029015541076660156,0.05,1,BERT:bert_class_weighted,Class weight
2243,emscad_16568,Passion for God.,Sewing Mechanic,0,0,0.9997503757476807,0.00024962425231933594,0.05,1,BERT:bert_class_weighted,Class weight
2244,emscad_16589,We are a rapidly growing agribusiness company focused on providing naturally based fertilizer additives that enhance pla,Export Documentation Coordinator/Customer Service,0,0,0.9997005462646484,0.0002994537353515625,0.05,1,BERT:bert_class_weighted,Class weight
2245,emscad_16592,"Our client, located in Haverford, PA is looking for a High-End Jewelry Sales Associate to become a member of their team ",GREAT High-End Jewelry Sales Associate Position Available Now!,0,0,0.99990314245224,9.685754776000977e-05,0.05,1,BERT:bert_class_weighted,Class weight
2246,emscad_16611,"LEI Home Enhancements, is an Ohio based company that has been installing windows, siding, doors and decks in homes throu",Customer Service Reps,0,0,0.9998831748962402,0.00011682510375976562,0.05,1,BERT:bert_class_weighted,Class weight
2247,emscad_16612,"LEI Home Enhancements, is an Ohio based company that has been installing windows, siding, doors and decks in homes throu",Customer Service Reps,0,0,0.9998831748962402,0.00011682510375976562,0.05,1,BERT:bert_class_weighted,Class weight
2248,emscad_16626,At Tristan Sims International our Executive Recruitment offering is composed of thousands of leading global professional,Customer Engagement Solutions Sales Executive,0,0,0.9999054074287415,9.459257125854492e-05,0.05,1,BERT:bert_class_weighted,Class weight
2249,emscad_16629,"CARES is Alabama’s approach to the modernization of the enrollment and eligibility systems for Medicaid, Child Health In",Development Manager,0,0,0.9999023675918579,9.763240814208984e-05,0.05,1,BERT:bert_class_weighted,Class weight
2250,emscad_16639,"VAM SYSTEMS is a Business Consulting, IT Solutions and Services company with operations in UAE, Qatar, Bahrain, USA, Aus",Immediate Opening : Help Desk /Technical Support Coordinator,0,0,0.9998736381530762,0.00012636184692382812,0.05,1,BERT:bert_class_weighted,Class weight
2251,emscad_16653,Welcome to Trans4u Ltd.,Freelance Interpreters in London,0,0,0.9999117851257324,8.821487426757812e-05,0.05,1,BERT:bert_class_weighted,Class weight
2252,emscad_16661,"Ruby on Rails Web Engineer (RoR) Now Hiring Ruby on Rails Web Engineer for one of our client in Long Beach, CA Job Role ",Ruby on Rails/HTML/Java Developer,0,0,0.9996118545532227,0.00038814544677734375,0.05,1,BERT:bert_class_weighted,Class weight
2253,emscad_16664,Job Description: Experience required: Minimum 2 years in iOS / Android in mobility Domain,Hiring Software Engineers for Mobility Domain.,0,0,0.9884033203125,0.0115966796875,0.05,1,BERT:bert_class_weighted,Class weight
2254,emscad_16665,"A Creative agency for Web Design & Development, Software Development and Mobile Application Development. We offering a v",Sales Representatives,0,0,0.9999260306358337,7.396936416625977e-05,0.05,1,BERT:bert_class_weighted,Class weight
2255,emscad_16671,"Established in 1984, Geotechnology, Inc. is a highly respected, professional engineering and environmental services corp",Senior Field Representative,0,0,0.9994754791259766,0.0005245208740234375,0.05,1,BERT:bert_class_weighted,Class weight
2256,emscad_16679,"VAM SYSTEMS is a Business Consulting, IT Solutions and Services company with operations in UAE, Qatar, Bahrain, USA, Aus",Urgent Need : JAVA Developer for Qatar,0,0,0.9999141693115234,8.58306884765625e-05,0.05,1,BERT:bert_class_weighted,Class weight
2257,emscad_16682,At Tristan Sims International our Executive Recruitment offering is composed of thousands of leading global professional,Customer Engagement Solutions Sales Executive,0,0,0.9999054074287415,9.459257125854492e-05,0.05,1,BERT:bert_class_weighted,Class weight
2258,emscad_16683,At Tristan Sims International our Executive Recruitment offering is composed of thousands of leading global professional,Customer Engagement Solutions Sales Executive,0,0,0.9999054074287415,9.459257125854492e-05,0.05,1,BERT:bert_class_weighted,Class weight
2259,emscad_16686,"VAM SYSTEMS is a Business Consulting, IT Solutions and Services company with operations in UAE, Qatar, Bahrain, USA, Aus",Urgent Need : Oracle HRMS Functional Consultant for Bahrain,0,0,0.9998470544815063,0.00015294551849365234,0.05,1,BERT:bert_class_weighted,Class weight
2260,emscad_16701,Daily Secret is the fastest growing digital media brand for young and affluent professionals around the world. Covering ,Junior Graphic Designer,0,0,0.9999168515205383,8.314847946166992e-05,0.05,1,BERT:bert_class_weighted,Class weight
2261,emscad_16708,Internship offers : Business Developer (Spanish or French or German or US markets),Sales Intern,0,0,0.999923050403595,7.69495964050293e-05,0.05,1,BERT:bert_class_weighted,Class weight
2262,emscad_16715,"A Creative agency for Web Design & Development, Software Development and Mobile Application Development. We offering a v",Internship Program 2013,0,0,0.9998339414596558,0.00016605854034423828,0.05,1,BERT:bert_class_weighted,Class weight
2263,emscad_16722,"A Creative agency for Web Design & Development, Software Development and Mobile Application Development. We offering a v",Team Leaders,0,0,0.9999203085899353,7.969141006469727e-05,0.05,1,BERT:bert_class_weighted,Class weight
2264,emscad_16729,Purpose of the job at SADAFCO,Facilities Manager,0,0,0.9998650550842285,0.00013494491577148438,0.05,1,BERT:bert_class_weighted,Class weight
2265,emscad_16733,Runscope is building tools for developers working on API-driven mobile and web applications. We have a clear vision for ,Marketing Designer,0,0,0.9998106956481934,0.00018930435180664062,0.05,1,BERT:bert_class_weighted,Class weight
2266,emscad_16752,"CARES is Alabama’s approach to the modernization of the enrollment and eligibility systems for Medicaid, Child Health In",Build Environment Manager,0,0,0.9999004602432251,9.953975677490234e-05,0.05,1,BERT:bert_class_weighted,Class weight
2267,emscad_16776,Maintains the work structure by updating job requirements and job descriptions for all positions.,HR Manager,0,0,0.9990301132202148,0.0009698867797851562,0.05,1,BERT:bert_class_weighted,Class weight
2268,emscad_16778,Daily Secret is the fastest growing digital media brand for young and affluent professionals around the world. Covering ,English Writer - Part Time,0,0,0.9999131560325623,8.684396743774414e-05,0.05,1,BERT:bert_class_weighted,Class weight
2269,emscad_16808,Passion for God.,QC Supervisor,0,0,0.9997739791870117,0.00022602081298828125,0.05,1,BERT:bert_class_weighted,Class weight
2270,emscad_16827,Our Mission,Embedded Consultant --- Python developer,0,0,0.9997813701629639,0.0002186298370361328,0.05,1,BERT:bert_class_weighted,Class weight
2271,emscad_16834,CMC is looking for a skilled marketer to add to the team. This role is perfect for a proven marketing leader who desires,Marketing Manager,0,0,0.9998551607131958,0.00014483928680419922,0.05,1,BERT:bert_class_weighted,Class weight
2272,emscad_16844,Passion for God.,HR Staff,0,0,0.9997236728668213,0.00027632713317871094,0.05,1,BERT:bert_class_weighted,Class weight
2273,emscad_16856,GRNET provides high-quality international and national networking and computational services to the Greek academic & res,Senior Sysadmin,0,0,0.9998867511749268,0.00011324882507324219,0.05,1,BERT:bert_class_weighted,Class weight
2274,emscad_16869,"The Learning Lab develops and runs premier educational programs in English, Mathematics and Science at the pre-primary, ",Client Ambassador,0,0,0.99990314245224,9.685754776000977e-05,0.05,1,BERT:bert_class_weighted,Class weight
2275,emscad_16875,WE ARE GLOBAL BEACH,Want to work at Global Beach?,0,0,0.9999187588691711,8.124113082885742e-05,0.05,1,BERT:bert_class_weighted,Class weight
2276,emscad_16883,"AbellTech was recently started in early 2013 and is growing rapidly. Located on the East Coast of the United States, our",Wordpress & Squarespace Developer,0,0,0.9999200105667114,7.998943328857422e-05,0.05,1,BERT:bert_class_weighted,Class weight
2277,emscad_16885,We are a small but ambitious software-as-a-service startup in Atlanta looking for talented individuals ready to tackle t,Client Support Engineer,0,0,0.9999117851257324,8.821487426757812e-05,0.05,1,BERT:bert_class_weighted,Class weight
2278,emscad_16965,Olympus Advertising specializes in retail programs for our clients’ products and services. Our extensive client base spe,Sales and Management Training,0,0,0.9999061226844788,9.387731552124023e-05,0.05,1,BERT:bert_class_weighted,Class weight
2279,emscad_16967,Complete camp and catering services to meet the needs of your remote location.,Placement Coordinator,0,0,0.9993786811828613,0.0006213188171386719,0.05,1,BERT:bert_class_weighted,Class weight
2280,emscad_16989,Selectus is a leading provider of Novated Lease management services and salary packaging administration to employers and,Settlements Coordinator,0,0,0.9998813271522522,0.00011867284774780273,0.05,1,BERT:bert_class_weighted,Class weight
2281,emscad_16993,Do you want to be part of a services company with both a proven record of success and planned growth? TriNet is a leadin,Senior Software Engineer (PHP),0,0,0.999859094619751,0.00014090538024902344,0.05,1,BERT:bert_class_weighted,Class weight
2282,emscad_17006,"Hello! We're Photojojo, and we're on a mission to make photography more fun for everyone.",Web Developer,0,0,0.9999128580093384,8.71419906616211e-05,0.05,1,BERT:bert_class_weighted,Class weight
2283,emscad_17008,Position: Network Engineer,Network Engineer,0,0,0.9931106567382812,0.00688934326171875,0.05,1,BERT:bert_class_weighted,Class weight
2284,emscad_17019,"Network Closing Services has been serving Lenders, Real Estate Consumers, and Professionals since 1999. We provide court",Title Closer / Title Agent,0,0,0.9999100565910339,8.994340896606445e-05,0.05,1,BERT:bert_class_weighted,Class weight
2285,emscad_17057,"Network Closing Services has been serving Lenders, Real Estate Consumers, and Professionals since 1999. We provide court",Jr. Systems Administrator,0,0,0.9999086260795593,9.137392044067383e-05,0.05,1,BERT:bert_class_weighted,Class weight
2286,emscad_17058,Position: Project Manager,Project Manager,0,0,0.9936752319335938,0.00632476806640625,0.05,1,BERT:bert_class_weighted,Class weight
2287,emscad_17067,Position Title: Oracle Retail Analyst,Oracle Retail Analyst / Developer,0,0,0.9990763664245605,0.0009236335754394531,0.05,1,BERT:bert_class_weighted,Class weight
2288,emscad_17072,"Network Closing Services has been serving Lenders, Real Estate Consumers, and Professionals since 1999. We provide court",Title Closer / Title Agent,0,0,0.9999100565910339,8.994340896606445e-05,0.05,1,BERT:bert_class_weighted,Class weight
2289,emscad_17094,"The Central California SPCA (CCSPCA), established in 1946 and located in Fresno County, California, is a 501(c)(3) non-p",Front Desk Clerk,0,0,0.9997653961181641,0.0002346038818359375,0.05,1,BERT:bert_class_weighted,Class weight
2290,emscad_17108,"PINT is a leader in the web industry with 20 years of web design, software development and consulting experience. PINT's",Marketing Associate,0,0,0.9999221563339233,7.784366607666016e-05,0.05,1,BERT:bert_class_weighted,Class weight
2291,emscad_17116,A well-known law firm has a job opportunity in their Orange County office for a Trial Technology Paralegal. The ideal ca,Trial Technology Paralegal Job in Orange County,0,0,0.9998511075973511,0.00014889240264892578,0.05,1,BERT:bert_class_weighted,Class weight
2292,emscad_17120,"Proficio Mortgage is a rapidly growing mortgage lender that cares about both our clients, and our team members. Proficio",ENTRY LEVEL - LOAN OFFICER,0,0,0.9999104142189026,8.958578109741211e-05,0.05,1,BERT:bert_class_weighted,Class weight
2293,emscad_17124,"From the lands of Can Do, Roll Our Sleeves Up and Get It Done, we create and solve things previously unimaginable. We’re",Executive Assistant,0,0,0.9998980760574341,0.00010192394256591797,0.05,1,BERT:bert_class_weighted,Class weight
2294,emscad_17125,"Nubank is an early stage, technology-driven financial services startup funded by Sequoia Capital and Kaszek Ventures. We",Business Analyst - Decision Sciences,0,0,0.9999121427536011,8.785724639892578e-05,0.05,1,BERT:bert_class_weighted,Class weight
2295,emscad_17138,"Novitex Enterprise Solutions, formerly Pitney Bowes Management Services, delivers innovative document and communications",Customer Service Associate,0,0,0.9999203085899353,7.969141006469727e-05,0.05,1,BERT:bert_class_weighted,Class weight
2296,emscad_17143,Want to build a 21st century financial service?,Research and policy intern,0,0,0.9999197125434875,8.028745651245117e-05,0.05,1,BERT:bert_class_weighted,Class weight
2297,emscad_17149,"Electus believes in long-term relationships with our candidates. We provide a combination of recruiting expertise, data,",Rational Software Architect,0,0,0.9998902678489685,0.00010973215103149414,0.05,1,BERT:bert_class_weighted,Class weight
2298,emscad_17151,"Situated on a spacious, leafy campus with impressive facilities, SJI International Elementary School is an independent c","Class Teacher, Primary Years V1",0,0,0.9998911023139954,0.00010889768600463867,0.05,1,BERT:bert_class_weighted,Class weight
2299,emscad_17158,"Conversocial is a social customer service software tool for Facebook and Twitter, used by companies including Sephora, G",Accountant,0,0,0.999907910823822,9.208917617797852e-05,0.05,1,BERT:bert_class_weighted,Class weight
2300,emscad_17160,We’re on a mission to create Europe’s go-to brand for fashion jewellery. Somewhere fashion forward women can discover & ,Marketing and eCommerce Intern,0,0,0.9999093413352966,9.065866470336914e-05,0.05,1,BERT:bert_class_weighted,Class weight
2301,emscad_17174,Tel Tech Networks is a Voice/Data/Video/Security systems contractor operating primarily in the Southwestern United State,Field DAS Engineer,0,0,0.9998066425323486,0.0001933574676513672,0.05,1,BERT:bert_class_weighted,Class weight
2302,emscad_17176,Normal,EFL English Language Teachers for Saudi Arabia Tax Free,0,0,0.9965362548828125,0.0034637451171875,0.05,1,BERT:bert_class_weighted,Class weight
2303,emscad_17180,We’re looking for Javascript Engineer to join our growing engineering team.,Javascript Engineer,0,0,0.9997909069061279,0.0002090930938720703,0.05,1,BERT:bert_class_weighted,Class weight
2304,emscad_17209,Established on the principles that full time education is not for everyone Spectrum Learning is made up of a team of pas,Birmingham Business Admin Apprenticeship Under NAS 16-18 Year Olds Only,0,0,0.9999224543571472,7.75456428527832e-05,0.05,1,BERT:bert_class_weighted,Class weight
2305,emscad_17211,"Space Ape Games is an Award Winning Mobile/Social Gaming startup founded in 2012. We’re a small, high-performing team wi",Director of Finance,0,0,0.9999135136604309,8.64863395690918e-05,0.05,1,BERT:bert_class_weighted,Class weight
2306,emscad_17217,"This initiative is being led by a very talented, energetic and inspirational group of young Greek leaders called “Global",Internship (Investment Banking),0,0,0.9998845458030701,0.00011545419692993164,0.05,1,BERT:bert_class_weighted,Class weight
2307,emscad_17220,"DICE gets fans the best tickets at face value with No Booking Fees. We're based in Shoreditch, London and 100% mobile so",Systems administrator,0,0,0.9999121427536011,8.785724639892578e-05,0.05,1,BERT:bert_class_weighted,Class weight
2308,emscad_17224,Established on the principles that full time education is not for everyone Spectrum Learning is made up of a team of pas,PR4 2AS Business Admin Apprenticeship available under NAS 16-24 year olds only!,0,0,0.9999237060546875,7.62939453125e-05,0.05,1,BERT:bert_class_weighted,Class weight
2309,emscad_17231,"EatAds is a global platform business, like #URL_21e7f703da8e28a4edd962a114e1af7ba244609a9ccd3760ae493e9f447c25fe# or #UR","Senior Android Software Engineer (Delhi role, Singapore Company)",0,0,0.9999174475669861,8.255243301391602e-05,0.05,1,BERT:bert_class_weighted,Class weight
2310,emscad_17235,Aspex Recruitment,Car Sales Executive,0,0,0.9999197125434875,8.028745651245117e-05,0.05,1,BERT:bert_class_weighted,Class weight
2311,emscad_17240,"The MarketMaker4 leadership team has extensive experience in e-procurement, online auctions, market intelligence, strate",Global Category Manager - IT/MRO/HR,0,0,0.9999212622642517,7.873773574829102e-05,0.05,1,BERT:bert_class_weighted,Class weight
2312,emscad_17244,Playfair Capital is an early stage technology investment fund based in London.,Growth Lead,0,0,0.9999158382415771,8.416175842285156e-05,0.05,1,BERT:bert_class_weighted,Class weight
2313,emscad_17251,"Neusoft America is a division of Neusoft, the largest IT Solutions & Services provider in China with a US presence that ",Senior Account Executive - Embedded Solutions,0,0,0.9998936057090759,0.00010639429092407227,0.05,1,BERT:bert_class_weighted,Class weight
2314,emscad_17254,Community Action Partnership of Ramsey & Washington Counties (Community Action) was established in 1964 as a program of ,Head Start Bus Driver,0,0,0.9998681545257568,0.00013184547424316406,0.05,1,BERT:bert_class_weighted,Class weight
2315,emscad_17264,StartupTAP is not a conventional recruiting agency. We're true Talent Acquisition Partners.,Account Executive - Colorado,0,0,0.9999178051948547,8.219480514526367e-05,0.05,1,BERT:bert_class_weighted,Class weight
2316,emscad_17284,Desired Skills & Experience,Store Manager,0,0,0.9997868537902832,0.00021314620971679688,0.05,1,BERT:bert_class_weighted,Class weight
2317,emscad_17288,Crest Financial is one of the leading privately held consumer financing companies in the United States. Crest blends the,Inside Consumer Sales Representative,0,0,0.9999039173126221,9.608268737792969e-05,0.05,1,BERT:bert_class_weighted,Class weight
2318,emscad_17294,"Intercom ( #URL_cb674f93cbcd215a3a0a57a8615a565545949eead8adbbc73307c26d6a6af81b# ) is a simple, personal messaging serv",Talent Manager,0,0,0.9999138712882996,8.612871170043945e-05,0.05,1,BERT:bert_class_weighted,Class weight
2319,emscad_17342,We need awesome people!,Database Developer Search,0,0,0.9999221563339233,7.784366607666016e-05,0.05,1,BERT:bert_class_weighted,Class weight
2320,emscad_17367,"Novitex Enterprise Solutions, formerly Pitney Bowes Management Services, delivers innovative document and communications",Human Resources Consultant,0,0,0.9999168515205383,8.314847946166992e-05,0.05,1,BERT:bert_class_weighted,Class weight
2321,emscad_17371,Ciao! Welcome to Big Italian Meatball! We are a local Italian quick service restaurant that provides delicious Italian s,Operations Associate (FT),0,0,0.99990314245224,9.685754776000977e-05,0.05,1,BERT:bert_class_weighted,Class weight
2322,emscad_17373,"POS-X is a rapidly growing point-of-sale hardware manufacturer located in Bellingham, WA. The POS-X environment consists",Bilingual (Spanish/English) Support Technician,0,0,0.9998726844787598,0.00012731552124023438,0.05,1,BERT:bert_class_weighted,Class weight
2323,emscad_17408,"Supply chain management company with emphasis placed in Rehabilitation Therapy, Health IT, and Information Security",Outpatient Physical Therapy,0,0,0.9998655319213867,0.00013446807861328125,0.05,1,BERT:bert_class_weighted,Class weight
2324,emscad_17414,Advancr gets app developers/publishers paid quicker for revenues earned on the world's leading App Stores.,Junior Back End Developer - Java,0,0,0.999919056892395,8.094310760498047e-05,0.05,1,BERT:bert_class_weighted,Class weight
2325,emscad_17417,"Offerial is a hospitality technology startup helping hotels improve sales, marketing, customer satisfaction and loyalty ",Senior Web Developer (Back End/Infrastructure),0,0,0.9999184608459473,8.153915405273438e-05,0.05,1,BERT:bert_class_weighted,Class weight
2326,emscad_17419,Tribal Worldwide Athens is a digitally centric advertising agency that draws no lines.,Junior Web Designer,0,0,0.9999251365661621,7.486343383789062e-05,0.05,1,BERT:bert_class_weighted,Class weight
2327,emscad_17431,Mission Statement:,Experienced Real Estate Agent,0,0,0.9998931884765625,0.0001068115234375,0.05,1,BERT:bert_class_weighted,Class weight
2328,emscad_17432,MERL's internship program gives students excellent opportunities to work in an industrial research lab environment side-,SA807: Object detection and embedded vision,0,0,0.9998867511749268,0.00011324882507324219,0.05,1,BERT:bert_class_weighted,Class weight
2329,emscad_17435,"At Holiday Inn Express Sping Mills, Falling Waters, WV we believe you are at your best when you can truly be yourself. A",Hotel Executive Housekeeper,0,0,0.9998836517333984,0.0001163482666015625,0.05,1,BERT:bert_class_weighted,Class weight
2330,emscad_17450,Skills:,Business Analyst,0,0,0.999361515045166,0.0006384849548339844,0.05,1,BERT:bert_class_weighted,Class weight
2331,emscad_17459,Mindworks interactive is one of the fastest growing Digital Agencies and the leading Performance Marketing Agency in Gre,Senior Front-End Developer,0,0,0.9999068379402161,9.316205978393555e-05,0.05,1,BERT:bert_class_weighted,Class weight
2332,emscad_17465,"At Sensai, our goal is to quantify the world. From big data stores of corporate documents to fast moving flows of web, s",Java Developer,0,0,0.9999027848243713,9.721517562866211e-05,0.05,1,BERT:bert_class_weighted,Class weight
2333,emscad_17481,"Ruby on Rails Web Engineer (RoR) Now Hiring Ruby on Rails Web Engineer for one of our client in Long Beach, CA Job Role ",Ruby on Rails Programmer,0,0,0.999779224395752,0.00022077560424804688,0.05,1,BERT:bert_class_weighted,Class weight
2334,emscad_17493,"GPL Technologies is a solutions provider focused on the design, implementation, and support of high-performance informat",Administrative Assistant,0,0,0.9998785257339478,0.0001214742660522461,0.05,1,BERT:bert_class_weighted,Class weight
2335,emscad_17515,"Love Design? Enjoy expressing yourself through digital media? The UK's leading B2B Email Marketing Agency, based in Nort",Web Graphic Designer,0,0,0.999833345413208,0.0001666545867919922,0.05,1,BERT:bert_class_weighted,Class weight
2336,emscad_17533,We are seeking individuals to be connected with companies who are hiring employees directly to work from their homes. Yo,Typist / Data Processing Clerical,1,1,0.0,1.0,0.05,1,BERT:bert_class_weighted,Class weight
2337,emscad_17534,"Quality Assurance: 100% Employee Owned Windings, Inc., #URL_6606cbb7a48bfa97e44a8291080db53150be427c46f47417707c84c42e67",Quality Engineer,1,0,0.9997320175170898,0.00026798248291015625,0.05,0,BERT:bert_class_weighted,Class weight
2338,emscad_17541,Health Catalyst is recruiting for Data Entry/Administrative Assistant positions with exciting corporate and non-profit c,Data Entry/Administrative Assistant,1,0,0.9998893737792969,0.000110626220703125,0.05,0,BERT:bert_class_weighted,Class weight
2339,emscad_17553,Apply using below link,Nurse Shift/Program Supervisor,1,1,0.0,1.0,0.05,1,BERT:bert_class_weighted,Class weight
2340,emscad_17560,Apply to this job using below link,Nurse Shift/Program Supervisor,1,1,0.0,1.0,0.05,1,BERT:bert_class_weighted,Class weight
2341,emscad_17569,We are a company looking for qualified individuals to help out with writing tasks such as: - Short stories - Movie scrip,Writers,1,0,0.9993424415588379,0.0006575584411621094,0.05,0,BERT:bert_class_weighted,Class weight
2342,emscad_17579,"Cash In Hand Jobs To Begin This Week. You can do it all from home, in your free time, at your own place. Spend 30 minute",Cash In Hand Jobs To Begin This Week.,1,1,0.0,1.0,0.05,1,BERT:bert_class_weighted,Class weight
2343,emscad_17587,"We produce Networking Software (IOS & NX-OS)Optical Networking , Routers,Toric Marker,Pre-chopper,Spectacles,Application","Data Entry, Clerical Admin, Administrative Assistant, Customer Service, Accounting, payroll Clerk, Book keeping",1,0,0.9996230602264404,0.0003769397735595703,0.05,0,BERT:bert_class_weighted,Class weight
2344,emscad_17599,"Elite Realty Services was formed in 2004 by its Founder, Robert Do, who originally owned and operated several Coldwell B",Real Estate & Insurance Professionals,1,0,0.999908983707428,9.101629257202148e-05,0.05,0,BERT:bert_class_weighted,Class weight
2345,emscad_17631,"We have positions available for confident, out-going, enthusiastic candidates to join our team of financial assistant.",Financial Assistant position,1,0,0.9993515014648438,0.00064849853515625,0.05,0,BERT:bert_class_weighted,Class weight
2346,emscad_17656,"Systems Technology International, Inc. (STI), a full service innovative professional services corporation serving in vir","Controls Engineer - Troy, MI",1,1,0.03515625,0.96484375,0.05,1,BERT:bert_class_weighted,Class weight
2347,emscad_17662,"We produce Networking Software (IOS & NX-OS)Optical Networking , Routers,Toric Marker,Pre-chopper,Spectacles,Application",DATA ENTRY,1,0,0.999761700630188,0.00023829936981201172,0.05,0,BERT:bert_class_weighted,Class weight
2348,emscad_17664,Cash In Hand Job (Urgent Staff Required) No Experience Required And Never Any Fees. Work Anytime 1 To 2 Hrs Daily In Fre,Cash In Hand Job (Urgent Staff Required),1,1,0.00048828125,0.99951171875,0.05,1,BERT:bert_class_weighted,Class weight
2349,emscad_17668,"Our client is an award winning High-Frequency Prop. Trading firm specializing in trading F ixed Income, Equity, and oil ",Quant Analyst,1,0,0.9998968839645386,0.00010311603546142578,0.05,0,BERT:bert_class_weighted,Class weight
2350,emscad_17678,"Part Time & Full Time Jobs, Cash In Hands. You can do it all from home, in your free time, at your own place. Spend 30 m","Part Time & Full Time Jobs, Cash In Hands.",1,1,0.0,1.0,0.05,1,BERT:bert_class_weighted,Class weight
2351,emscad_17702,The Accounting Clerk works under tight deadlines and is responsible for accounting activities and supporting the account,Accounting Clerk/ $23,1,0,0.9996781349182129,0.0003218650817871094,0.05,0,BERT:bert_class_weighted,Class weight
2352,emscad_17717,Sales (inside/outside),Sales associate Home Security,1,1,0.22705078125,0.77294921875,0.05,1,BERT:bert_class_weighted,Class weight
2353,emscad_17723,We are Looking for a person with strong writing skills and demonstrable experience building Microsoft Excel spreadsheets,administrative assistance,1,1,0.3056640625,0.6943359375,0.05,1,BERT:bert_class_weighted,Class weight
2354,emscad_17727,"""Let us show you how we've taught others just like you to earn an executive level income from home”.",Work From Home,1,1,0.0,1.0,0.05,1,BERT:bert_class_weighted,Class weight
2355,emscad_17728,"You will be responsible for greeting clients, managing the front office functions, maintaining supply inventory, and gen",Front Desk Receptionist Professional,1,1,0.03125,0.96875,0.05,1,BERT:bert_class_weighted,Class weight
2356,emscad_17733,Apply using below link directly,Tele RN,1,1,0.0,1.0,0.05,1,BERT:bert_class_weighted,Class weight
2357,emscad_17734,"Preparing all sorts of source documents, identification and interpretation of data to be entered. Compiling, sorting and",Payroll Processor Entry Clerk Position - $50/Hr,1,1,0.0009765625,0.9990234375,0.05,1,BERT:bert_class_weighted,Class weight
2358,emscad_17749,Preparation of monthly invoices for all commercial and industrial accounts. Provide professional support relating to cus,Administrative,1,1,0.00048828125,0.99951171875,0.05,1,BERT:bert_class_weighted,Class weight
2359,emscad_17750,Normal,Administrative/Receptionist - $19.25/hr,1,1,0.00048828125,0.99951171875,0.05,1,BERT:bert_class_weighted,Class weight
2360,emscad_17771,Titan Business Properties (TBP) is one of country's most pre-eminent and prolific developers. As an all-encompassing pro,Receptionist - Administrative Assistant,1,0,0.9998563528060913,0.0001436471939086914,0.05,0,BERT:bert_class_weighted,Class weight
2361,emscad_17806,"We the Montcalm Hotel are looking for the position of a Receptionist to work here in London, Interested persons are enco",Receptionist,1,1,0.00048828125,0.99951171875,0.05,1,BERT:bert_class_weighted,Class weight
2362,emscad_17809,"We are hiring home / domestic #URL_a611accdf5e94eb5fe30981160c8d3567cd60b01d074a6bfea919aca521be808# mother is home, bef","vacancies,nannies,cooks,drivers and housekeepers needed",1,0,0.9858245849609375,0.0141754150390625,0.05,0,BERT:bert_class_weighted,Class weight
2363,emscad_17819,The company is seeking an Admin assistant to join their team! As traineeship. Relevant on job training will be provided.,Admin Assistant\Urgently,1,1,0.00341796875,0.99658203125,0.05,1,BERT:bert_class_weighted,Class weight
2364,emscad_17821,Currently seeking an Office Assistant for our home office on a casual part time basis. This job involves personal and of,Office/Personal Assistant (15-20 hours per week),1,1,0.06689453125,0.93310546875,0.05,1,BERT:bert_class_weighted,Class weight
2365,emscad_17823,Analyze the excel books of the franchise and then post them online for him to use.,5 Guys,1,1,0.083984375,0.916015625,0.05,1,BERT:bert_class_weighted,Class weight
2366,emscad_17826,ADMINISTRATIVE & OFFICE ASSISTANT,ADMINISTRATIVE & OFFICE ASSISTANT,1,1,0.00048828125,0.99951171875,0.05,1,BERT:bert_class_weighted,Class weight
2367,emscad_17853,GWT Expert,GWT Expert,0,0,0.9999086260795593,9.137392044067383e-05,0.05,1,BERT:bert_class_weighted,Class weight
2368,emscad_17856,"Shyp is the easiest way to send anything, anywhere.",Android Engineer,0,0,0.9999194145202637,8.058547973632812e-05,0.05,1,BERT:bert_class_weighted,Class weight
2369,emscad_17859,"Keen360 helps organizations to design strategies, develop operational efficiencies, and deliver innovative solutions to ",Pharmaceutical Senior Project Manager Consultant,0,0,0.9999086260795593,9.137392044067383e-05,0.05,1,BERT:bert_class_weighted,Class weight
2370,emscad_17867,Stories by REL,Post Production Editor,0,0,0.9999071955680847,9.28044319152832e-05,0.05,1,BERT:bert_class_weighted,Class weight
