sample_index,original_id,company,title,true_label,predicted_label,legitimate_probability,fraud_probability,threshold,correct,model_name,imbalance_strategy
0,emscad_00002,"90 Seconds, the worlds Cloud Video Production Service.",Customer Service - Cloud Video Production,0,0,0.9997203350067139,0.0002796649932861328,0.7,1,BERT:bert_class_weighted,Class weight
1,emscad_00012,Want to build a 21st century financial service?,Talent Sourcer (6 months fixed-term contract),0,0,0.9998403787612915,0.0001596212387084961,0.7,1,BERT:bert_class_weighted,Class weight
2,emscad_00025,We are a canary wharf based e-commerce company and are recruiting for a full time customer service administrator. This i,Customer Service,0,0,0.9984235763549805,0.0015764236450195312,0.7,1,BERT:bert_class_weighted,Class weight
3,emscad_00030,"Novitex Enterprise Solutions, formerly Pitney Bowes Management Services, delivers innovative document and communications",Customer Service Associate,0,0,0.999879002571106,0.00012099742889404297,0.7,1,BERT:bert_class_weighted,Class weight
4,emscad_00034,"Valor Services provides Workforce Solutions that meet the needs of companies across the Private Sector, with a special f",Completion Engineer,0,0,0.999882698059082,0.00011730194091796875,0.7,1,BERT:bert_class_weighted,Class weight
5,emscad_00040,"Novitex Enterprise Solutions, formerly Pitney Bowes Management Services, delivers innovative document and communications",Receptionist/Customer Service Technical Specialist,0,0,0.9998528957366943,0.00014710426330566406,0.7,1,BERT:bert_class_weighted,Class weight
6,emscad_00057,"ABC Supply Co., Inc. is the nation’s largest wholesale distributor of roofing and one of the largest distributors of sid",Outside Sales Professional-Oronoco,0,0,0.9998059272766113,0.00019407272338867188,0.7,1,BERT:bert_class_weighted,Class weight
7,emscad_00069,We Provide Full Time Permanent Positions for many medium to large US companies. We are interested in finding/recruiting ,New Product Development Project Leader,0,0,0.9996685981750488,0.0003314018249511719,0.7,1,BERT:bert_class_weighted,Class weight
8,emscad_00084,"Novitex Enterprise Solutions, formerly Pitney Bowes Management Services, delivers innovative document and communications",Mail Processing Associate - General Clerk 1,0,0,0.9998911023139954,0.00010889768600463867,0.7,1,BERT:bert_class_weighted,Class weight
9,emscad_00092,"Change Automotive Recruitment was established in 1993, with the aim of supplying quality, talented individuals into the ",Recruitment Consultant,0,0,0.9998346567153931,0.0001653432846069336,0.7,1,BERT:bert_class_weighted,Class weight
10,emscad_00096,"Industrial Color Software is a division of Industrial Color Brands, a family of vertically integrated creative productio",Senior Marketing Manager,0,0,0.9997885227203369,0.00021147727966308594,0.7,1,BERT:bert_class_weighted,Class weight
11,emscad_00099,Staffing & Recruiting done right for the Oil & Energy Industry!,IC&E Technician,1,1,0.0,1.0,0.7,1,BERT:bert_class_weighted,Class weight
12,emscad_00106,GetCloudServices is a privately held technology services firm founded in 2003. We are a leader in the professional cloud,Manager of Support Services,0,0,0.9996645450592041,0.00033545494079589844,0.7,1,BERT:bert_class_weighted,Class weight
13,emscad_00110,"Novitex Enterprise Solutions, formerly Pitney Bowes Management Services, delivers innovative document and communications",Director of Client Engagement,0,0,0.9998219013214111,0.0001780986785888672,0.7,1,BERT:bert_class_weighted,Class weight
14,emscad_00111,"Novitex Enterprise Solutions, formerly Pitney Bowes Management Services, delivers innovative document and communications",Customer Services Associate - Data Entry,0,0,0.9998858571052551,0.00011414289474487305,0.7,1,BERT:bert_class_weighted,Class weight
15,emscad_00125,"Novitex Enterprise Solutions, formerly Pitney Bowes Management Services, delivers innovative document and communications",Customer Service Associate - Part Time,0,0,0.9998528957366943,0.00014710426330566406,0.7,1,BERT:bert_class_weighted,Class weight
16,emscad_00127,Who is AbZorba Games?,Game & Feature Specialist,0,0,0.9994997978210449,0.0005002021789550781,0.7,1,BERT:bert_class_weighted,Class weight
17,emscad_00138,We are on a mission: Making cities smarter.,Head of Marketing (option CMO),0,0,0.9996492862701416,0.00035071372985839844,0.7,1,BERT:bert_class_weighted,Class weight
18,emscad_00145,The group has raised a fund for the purchase of homes in the Southeast. The student on this project will help them build,Forward Cap.,1,0,0.9989347457885742,0.0010652542114257812,0.7,0,BERT:bert_class_weighted,Class weight
19,emscad_00149,StartTech Ventures is the investment & incubation arm of the Materializing Innovation Group and has three functions: See,UI/UX developer at StartTech Ventures,0,0,0.9995834827423096,0.0004165172576904297,0.7,1,BERT:bert_class_weighted,Class weight
20,emscad_00153,"Dering Hall, #URL_5f3201a601e42a814d6d0724e0b94a4cf371abcd4b89ec239e909fe96a4b8521#, is to the online marketplace that f",Digital Sales Manager - High End Decor,0,0,0.9998246431350708,0.00017535686492919922,0.7,1,BERT:bert_class_weighted,Class weight
21,emscad_00154,"Neverbland is a team of designers, developers and doers. Specialists in user experience, interaction design and product ",Senior Project Manager,0,0,0.9994397163391113,0.0005602836608886719,0.7,1,BERT:bert_class_weighted,Class weight
22,emscad_00156,"Since its founding in 1992, Edgewood Properties has established itself as a leading real estate development and property",Customer Service Professional - Property Management Industry Exp.,0,0,0.9995336532592773,0.00046634674072265625,0.7,1,BERT:bert_class_weighted,Class weight
23,emscad_00157,"We're artists, thinkers, and doers in an open, collaborative, and challenging environment. We love to work our hearts ou",Choose Your Own Adventure,0,0,0.9994330406188965,0.0005669593811035156,0.7,1,BERT:bert_class_weighted,Class weight
24,emscad_00163,"EVH is a fashion, lifestyle, design and luxury communications, digital, events and sales agency. With integrity and inte",Account Manager (Fashion),0,0,0.9998313188552856,0.00016868114471435547,0.7,1,BERT:bert_class_weighted,Class weight
25,emscad_00181,Sales Executive,Sales Executive,1,0,0.85791015625,0.14208984375,0.7,0,BERT:bert_class_weighted,Class weight
26,emscad_00212,Upstream’s mission is to revolutionise the way companies market to consumers through cutting edge technology. This is an,Engagement Executive,0,0,0.9997358322143555,0.00026416778564453125,0.7,1,BERT:bert_class_weighted,Class weight
27,emscad_00216,Staffing & Recruiting done right for the Oil & Energy Industry!,IC&E Technician Mt Poso,1,1,0.0,1.0,0.7,1,BERT:bert_class_weighted,Class weight
28,emscad_00229,Outstanding Member Service Starts With Outstanding People,Branch Associate,0,0,0.9997779130935669,0.00022208690643310547,0.7,1,BERT:bert_class_weighted,Class weight
29,emscad_00230,"Job Title: IT Technician / Desktop / Clinical Support Tier 1/2 Location: Franklin, TN 37067 Full Time Position - 40 hour",Service Desk (Help Desk/ Desktop Support) Tier 1/2 - Healthcare IT,0,0,0.9990730285644531,0.000926971435546875,0.7,1,BERT:bert_class_weighted,Class weight
30,emscad_00255,We Provide Full Time Permanent Positions for many medium to large US companies. We are interested in finding/recruiting ,CNC Programmer,0,0,0.9997774362564087,0.0002225637435913086,0.7,1,BERT:bert_class_weighted,Class weight
31,emscad_00268,"Novitex Enterprise Solutions, formerly Pitney Bowes Management Services, delivers innovative document and communications",Customer Service Associate,0,0,0.9998612403869629,0.00013875961303710938,0.7,1,BERT:bert_class_weighted,Class weight
32,emscad_00286,The front door to most businesses is online. Connectivity allows business owners know every first impression. We are pas,Jr Account Executive,0,0,0.9997327327728271,0.00026726722717285156,0.7,1,BERT:bert_class_weighted,Class weight
33,emscad_00289,"ABC Supply Co., Inc. is the nation’s largest wholesale distributor of roofing and one of the largest distributors of sid",Outside Sales Professional,0,0,0.9998133182525635,0.00018668174743652344,0.7,1,BERT:bert_class_weighted,Class weight
34,emscad_00292,"Shapeways is the leading 3D printing marketplace and community, empowering designers to bring amazing products to life. ",Financial Accountant,0,0,0.9998176097869873,0.0001823902130126953,0.7,1,BERT:bert_class_weighted,Class weight
35,emscad_00294,"Tidewater Finance Co. was established in 1992 for the initial purpose of purchasing, and servicing retail installment co",Contact Center Representatives,0,0,0.9998246431350708,0.00017535686492919922,0.7,1,BERT:bert_class_weighted,Class weight
36,emscad_00299,"Argenta Field Solutions values the client, creates income streams for them through our sales mechanism and focuses on qu",Sales Representative with Management Training - DirecTV,0,0,0.9996755123138428,0.00032448768615722656,0.7,1,BERT:bert_class_weighted,Class weight
37,emscad_00308,hello world,Product Manager Mobile Apps (m/w),0,0,0.9997062683105469,0.000293731689453125,0.7,1,BERT:bert_class_weighted,Class weight
38,emscad_00311,"90 Seconds, the worlds Cloud Video Production Service.","Production Manager - Video Production, London",0,0,0.9998259544372559,0.00017404556274414062,0.7,1,BERT:bert_class_weighted,Class weight
39,emscad_00318,"Founded in 2010 by a team from Google’s London and New York offices, Qubit work with some of the biggest names in Online",Account Manager,0,0,0.9997686147689819,0.0002313852310180664,0.7,1,BERT:bert_class_weighted,Class weight
40,emscad_00328,incrediblue is busting the myth that boating is only for the rich and famous by enabling any traveller to book an amazin,Senior Frontend Developer,0,0,0.9998500347137451,0.0001499652862548828,0.7,1,BERT:bert_class_weighted,Class weight
41,emscad_00333,The OneReach team is comprised of a diverse group of wonderful people from all walks of life. We’re currently hiring for,TwiML Application Developer - Freelance (Contract),0,0,0.9996352195739746,0.0003647804260253906,0.7,1,BERT:bert_class_weighted,Class weight
42,emscad_00340,"Cylance is a global cybersecurity products and service company, specializeing in advanced threat security that detects a",Principal Security Consultant / Penetration Tester,0,0,0.9995970726013184,0.0004029273986816406,0.7,1,BERT:bert_class_weighted,Class weight
43,emscad_00341,The Technical Team and offering at VML London has a very strong heritage dating back to the mid-nineties when the London,Account Manager -Xbox,0,0,0.999858021736145,0.00014197826385498047,0.7,1,BERT:bert_class_weighted,Class weight
44,emscad_00365,We believe cities are complicated. And your mobile device should save you from the everyday challenges of living in them,Intern,0,0,0.999643087387085,0.00035691261291503906,0.7,1,BERT:bert_class_weighted,Class weight
45,emscad_00368,Established on the principles that full time education is not for everyone Spectrum Learning is made up of a team of pas,Southport Business Admin Apprenticeship Under NAS 16-18 Year Olds Only,0,0,0.9998595714569092,0.0001404285430908203,0.7,1,BERT:bert_class_weighted,Class weight
46,emscad_00369,"Jr. QA Engineer Experience :1-5 years Location : Atlanta, Georgia",Jr. Quality Assurance Engineer,0,0,0.9988861083984375,0.0011138916015625,0.7,1,BERT:bert_class_weighted,Class weight
47,emscad_00370,"Riverside is an internationally recognized engineering, science, and information technology company with more than 25 ye",Project Coordinator,0,0,0.9997988939285278,0.00020110607147216797,0.7,1,BERT:bert_class_weighted,Class weight
48,emscad_00371,Job Summary,Assistant Softball Coach,0,0,0.9970417022705078,0.0029582977294921875,0.7,1,BERT:bert_class_weighted,Class weight
49,emscad_00381,The Ext JS Developer is a key member of the development team. This person will be responsible for JavaScript-based UI de,Ext JS Developer,0,0,0.99530029296875,0.00469970703125,0.7,1,BERT:bert_class_weighted,Class weight
50,emscad_00390,Job Description:,Hiring for Senior MIS and Data Research Executive,0,1,0.00341796875,0.99658203125,0.7,0,BERT:bert_class_weighted,Class weight
51,emscad_00405,We help teachers get safe & secure jobs abroad :),English Teacher Abroad (Conversational),0,0,0.9998409748077393,0.0001590251922607422,0.7,1,BERT:bert_class_weighted,Class weight
52,emscad_00408,ClearGuide is an intelligent documentation platform that organizes product knowledge into various forms of learning to t,"Front End Web Developer - HTML5, CSS3, JavaScript, Bootstrap",0,0,0.999028205871582,0.0009717941284179688,0.7,1,BERT:bert_class_weighted,Class weight
53,emscad_00410,PEI Media ( #URL_4cffe430b8da4c0d7e6074d11e638d28a1e165c8782b891e111fc17606c3d961# ) provides a range of highly respecte,Producer - Specialist Publications,0,0,0.9997941255569458,0.00020587444305419922,0.7,1,BERT:bert_class_weighted,Class weight
54,emscad_00414,Established on the principles that full time education is not for everyone Spectrum Learning is made up of a team of pas,B2 4RN Business Admin Apprenticeship Under NAS 16-18 Year Olds Only,0,0,0.9998118877410889,0.0001881122589111328,0.7,1,BERT:bert_class_weighted,Class weight
55,emscad_00430,Crossroads Staffing dedicates a significant amount of time getting to know clients and candidates alike to ensure an exc,Accounting Assistant,0,0,0.9997833967208862,0.00021660327911376953,0.7,1,BERT:bert_class_weighted,Class weight
56,emscad_00432,Role: Technical Lead,Technical Lead,0,0,0.9996507167816162,0.00034928321838378906,0.7,1,BERT:bert_class_weighted,Class weight
57,emscad_00435,Solutions3 is a woman-owned small business whose focus is IT Service Management using best of breed technology and imple,Sr. ServiceNow Implementers,0,0,0.9994354248046875,0.0005645751953125,0.7,1,BERT:bert_class_weighted,Class weight
58,emscad_00442,"Anderson Insurance Associates, an independent insurance agency, is seeking experienced individuals for a Personal Lines ",Account Manager/CSR -insurance agency,0,0,0.9996836185455322,0.00031638145446777344,0.7,1,BERT:bert_class_weighted,Class weight
59,emscad_00446,"Novitex Enterprise Solutions, formerly Pitney Bowes Management Services, delivers innovative document and communications",Customer Service Associate - Part Time,0,0,0.9998633861541748,0.0001366138458251953,0.7,1,BERT:bert_class_weighted,Class weight
60,emscad_00447,Crossroads Staffing dedicates a significant amount of time getting to know clients and candidates alike to ensure an exc,Technical Writer,0,0,0.9997494220733643,0.0002505779266357422,0.7,1,BERT:bert_class_weighted,Class weight
61,emscad_00448,"Novitex Enterprise Solutions, formerly Pitney Bowes Management Services, delivers innovative document and communications",Customer Service Team Lead,0,0,0.9998650550842285,0.00013494491577148438,0.7,1,BERT:bert_class_weighted,Class weight
62,emscad_00449,"In 2011, Veeshee launched as an online monogramming boutique. As the Veeshee dream evolved from monogrammed gifts to com",Seamstress,0,0,0.9997153282165527,0.0002846717834472656,0.7,1,BERT:bert_class_weighted,Class weight
63,emscad_00450,"L O OP is an award winning interactive agency based in Salzburg with satellite offices in Copenhagen, Berlin, Sydney and",Office Management,0,0,0.9995326995849609,0.0004673004150390625,0.7,1,BERT:bert_class_weighted,Class weight
64,emscad_00455,"Novitex Enterprise Solutions, formerly Pitney Bowes Management Services, delivers innovative document and communications",Customer Service Associate - On Call,0,0,0.9998761415481567,0.00012385845184326172,0.7,1,BERT:bert_class_weighted,Class weight
65,emscad_00457,hello world,Customer Service Agent,0,0,0.9997985363006592,0.0002014636993408203,0.7,1,BERT:bert_class_weighted,Class weight
66,emscad_00459,"Founded in the mid 2000′s, our services include building and management of systems that provide the overall web infrastr",Sales Consultants,0,0,0.9996511936187744,0.00034880638122558594,0.7,1,BERT:bert_class_weighted,Class weight
67,emscad_00461,The Albany Charter School Network is a family of charter schools in the City of Albany that works to prepare children fo,Middle School Spanish Teacher,0,0,0.9998452663421631,0.00015473365783691406,0.7,1,BERT:bert_class_weighted,Class weight
68,emscad_00466,"Lost My Name combines the power of storytelling with the possibilities of technology to make magical, personalised books",Interface Engineer - Platform Team,0,0,0.9997743368148804,0.0002256631851196289,0.7,1,BERT:bert_class_weighted,Class weight
69,emscad_00470,"Created in 2010, RoyalCactus has specialized in the development of casual and social games. Since its launch on Facebook",User Acquisition Manager,0,0,0.9996945858001709,0.00030541419982910156,0.7,1,BERT:bert_class_weighted,Class weight
70,emscad_00477,"Niacet is a leading producer of organic salts, including propionates and acetates, serving the Food, Pharmaceutical and ",Electrician,0,0,0.9998701810836792,0.00012981891632080078,0.7,1,BERT:bert_class_weighted,Class weight
71,emscad_00484,"Gelato Group is a SaaS company. We've developed a global print engine integrated with the print ecosystem’s key players,",Senior Frontend Developers,0,0,0.9994621276855469,0.000537872314453125,0.7,1,BERT:bert_class_weighted,Class weight
72,emscad_00491,"Proficio Mortgage is a rapidly growing mortgage lender that cares about both our clients, and our team members. Proficio",Customer Service Representative,0,0,0.9994010925292969,0.000598907470703125,0.7,1,BERT:bert_class_weighted,Class weight
73,emscad_00516,Everyone has a story to tell. Everyone is unique. Everyone wants to love and be loved. Everyone who wants to learn is wi,Visual Designer,0,0,0.9998818039894104,0.00011819601058959961,0.7,1,BERT:bert_class_weighted,Class weight
74,emscad_00523,"At SwiftStack, we build the cloud storage software that is used by some of the most well known brands on the Internet, i",Software Engineer,0,0,0.999211311340332,0.0007886886596679688,0.7,1,BERT:bert_class_weighted,Class weight
75,emscad_00534,About the Company,Partner Manager,0,0,0.9995810985565186,0.0004189014434814453,0.7,1,BERT:bert_class_weighted,Class weight
76,emscad_00537,As Part Time Administrative Assistant/ Data Entry I you will be responsible for:,Part-Time Administrative/Data Entry I,0,1,0.0,1.0,0.7,0,BERT:bert_class_weighted,Class weight
77,emscad_00540,"SpotSource Solutions LLC is a Global Human Capital Management Consulting firm headquartered in Miami, Florida. Founded i",Web Designer,0,0,0.9998618364334106,0.00013816356658935547,0.7,1,BERT:bert_class_weighted,Class weight
78,emscad_00551,A Midwife to Joshu's Mobile Applications with high sense of ownership.,Android Tech Lead,0,0,0.9976806640625,0.0023193359375,0.7,1,BERT:bert_class_weighted,Class weight
79,emscad_00563,Adventure Cow is looking for a production intern one or two days a week to help us develop and publish our first game. I,Production Intern,0,0,0.9992618560791016,0.0007381439208984375,0.7,1,BERT:bert_class_weighted,Class weight
80,emscad_00572,"As augmented reality jobs go, one at Blippar is hard to beat. We are a rapidly expanding creative startup at the forefro",Data Architect - Cloud and Scalability,0,0,0.999683141708374,0.00031685829162597656,0.7,1,BERT:bert_class_weighted,Class weight
81,emscad_00603,"Novitex Enterprise Solutions, formerly Pitney Bowes Management Services, delivers innovative document and communications",Customer Service Associate,0,0,0.9998822808265686,0.00011771917343139648,0.7,1,BERT:bert_class_weighted,Class weight
82,emscad_00604,"Aker Solutions is a global provider of products, systems and services to the oil and gas industry. Our engineering, desi",Lead Mechanical Engineer,1,1,0.0,1.0,0.7,1,BERT:bert_class_weighted,Class weight
83,emscad_00607,Bright Edge and Aptitude Staffing Solutions have partnered up in an effort to streamline the hiring process and provide ,Director of Strategy,1,1,0.0,1.0,0.7,1,BERT:bert_class_weighted,Class weight
84,emscad_00617,"Novitex Enterprise Solutions, formerly Pitney Bowes Management Services, delivers innovative document and communications",Customer Service Associate,0,0,0.9998676776885986,0.0001323223114013672,0.7,1,BERT:bert_class_weighted,Class weight
85,emscad_00624,"Novitex Enterprise Solutions, formerly Pitney Bowes Management Services, delivers innovative document and communications",Customer Service Technical Specialist,0,0,0.9998470544815063,0.00015294551849365234,0.7,1,BERT:bert_class_weighted,Class weight
86,emscad_00625,"Tidewater Finance Co. was established in 1992 for the initial purpose of purchasing, and servicing retail installment co",Assistant Training and Quality Development Faciliator,0,0,0.9998246431350708,0.00017535686492919922,0.7,1,BERT:bert_class_weighted,Class weight
87,emscad_00632,You will need excellent knowledge and understanding of the EYFS and good understanding of both the care and educational ,Early Years Practitioner - full or part time,0,0,0.9997305870056152,0.0002694129943847656,0.7,1,BERT:bert_class_weighted,Class weight
88,emscad_00634,Welcome to the Job Portal designed for TEDPB - (Training & Employment of Disabled Persons Board).,HelpDesk Associate,0,0,0.9997988939285278,0.00020110607147216797,0.7,1,BERT:bert_class_weighted,Class weight
89,emscad_00642,"With an exceptional record of over 50% growth in each of the last 5 years, we’ve become the UK’s largest online retailer",Production Assistant,0,0,0.9998300075531006,0.00016999244689941406,0.7,1,BERT:bert_class_weighted,Class weight
90,emscad_00649,"Taxibeat is changing the global taxi industry. It's an easy to use, convenient and contemporary way to hail and book a t",People Operations Coordinator,0,0,0.9998286962509155,0.00017130374908447266,0.7,1,BERT:bert_class_weighted,Class weight
91,emscad_00657,Factory Media is Europe’s largest and most innovative Action Sports content,Editor - Cycling,0,0,0.999671220779419,0.0003287792205810547,0.7,1,BERT:bert_class_weighted,Class weight
92,emscad_00661,"Minimum 6 years experience with atleast 5 years in the design of transmission lines in wood, steel pole and/or lattice t",Substation Technical Specialist,0,0,0.745849609375,0.254150390625,0.7,1,BERT:bert_class_weighted,Class weight
93,emscad_00663,"Squiz is one of the world's leading web solutions companies. We design, build and manage engaging websites and online ap",Senior Digital Designer,0,0,0.999647855758667,0.0003521442413330078,0.7,1,BERT:bert_class_weighted,Class weight
94,emscad_00680,"Novitex Enterprise Solutions, formerly Pitney Bowes Management Services, delivers innovative document and communications",Customer Service Associate (Part-Time),0,0,0.9998775720596313,0.00012242794036865234,0.7,1,BERT:bert_class_weighted,Class weight
95,emscad_00681,Inviting inspirational individuals,Front-end web developer (CSS/HTML),0,0,0.9997186660766602,0.00028133392333984375,0.7,1,BERT:bert_class_weighted,Class weight
96,emscad_00704,EUROPEAN DYNAMICS (#URL_c66532ffa1ce76ab447da6774719060c42c584edbf44d74cdb94fc4ac219ca45#) is a leading European Softwar,JAVA developer,0,0,0.999363899230957,0.0006361007690429688,0.7,1,BERT:bert_class_weighted,Class weight
97,emscad_00712,Mossio is a full service digital agency focused on high quality craftsmanship of web and mobile applications. Our team i,Product Designer,0,0,0.9988374710083008,0.0011625289916992188,0.7,1,BERT:bert_class_weighted,Class weight
98,emscad_00726,"Brainbow is a London-based startup founded by entrepreneurs from Google, Amazon, Playfish / EA and academia with a missi",Director of User Acquisition,0,0,0.9996500015258789,0.00034999847412109375,0.7,1,BERT:bert_class_weighted,Class weight
99,emscad_00758,"Ryanair is Europe’s favourite low fares airline, operating more than 1,600 daily flights (over 500,000 per year) from 69",Accounts Payable Manager,0,0,0.9998346567153931,0.0001653432846069336,0.7,1,BERT:bert_class_weighted,Class weight
100,emscad_00759,Our History,Driver - Medium Duty (Phoenix),0,0,0.9998902678489685,0.00010973215103149414,0.7,1,BERT:bert_class_weighted,Class weight
101,emscad_00760,Adthena is the UK’s leading competitive intelligence service for Google search advertisers. Adthena is loved by major br,Digital Sales Geek,0,0,0.9998246431350708,0.00017535686492919922,0.7,1,BERT:bert_class_weighted,Class weight
102,emscad_00765,Maker’s Row is an online marketplace that connects American manufacturers and product based businesses. Our mission is t,Account Manager,0,0,0.9998294115066528,0.00017058849334716797,0.7,1,BERT:bert_class_weighted,Class weight
103,emscad_00787,"Babbel enables anyone to learn languages in an easy and interactive way. The learning system offers 13 languages, from E",Mobile Ad Operations Manager,0,0,0.9997843503952026,0.00021564960479736328,0.7,1,BERT:bert_class_weighted,Class weight
104,emscad_00799,"StudyHall creates opportunities for college, university students, and recent graduates, to work with the best companies ",Want the best internship in the world? | StudyHall.com,0,0,0.999640941619873,0.0003590583801269531,0.7,1,BERT:bert_class_weighted,Class weight
105,emscad_00803,Accepted Ltd. was founded in 2004 with the aim of offering an extensive series of IT professional services in the areas ,QA Engineer,0,0,0.999445915222168,0.0005540847778320312,0.7,1,BERT:bert_class_weighted,Class weight
106,emscad_00808,1212 Flooring Solutions Inc. is a family owned and operated nationwide flooring management service company. Our focus is,Flooring Technicians,0,0,0.9998528957366943,0.00014710426330566406,0.7,1,BERT:bert_class_weighted,Class weight
107,emscad_00815,Staffing & Recruiting done right for the Oil & Energy Industry!,Project Manager: Engineer,1,1,0.0,1.0,0.7,1,BERT:bert_class_weighted,Class weight
108,emscad_00819,The Selectus Group is a customer focused organisation committed to providing high quality services to employees througho,"Senior Regional Manager, WA",0,0,0.9998176097869873,0.0001823902130126953,0.7,1,BERT:bert_class_weighted,Class weight
109,emscad_00827,"Novitex Enterprise Solutions, formerly Pitney Bowes Management Services, delivers innovative document and communications",Lead Operator,0,0,0.9998279809951782,0.00017201900482177734,0.7,1,BERT:bert_class_weighted,Class weight
110,emscad_00839,"The RealReal is changing the way people buy and sell luxury items. The leader in luxury resale, the company is a full se",DevOps Engineer,0,0,0.9996547698974609,0.0003452301025390625,0.7,1,BERT:bert_class_weighted,Class weight
111,emscad_00896,"Since our incorporation in back in 2007, our mission has been to become the United States' prime Local Search Marketing ",Service/Sales Representatives for Inbound Call Center,0,0,0.9997900724411011,0.00020992755889892578,0.7,1,BERT:bert_class_weighted,Class weight
112,emscad_00907,"Industrial Color Software is a division of Industrial Color Brands, a family of vertically integrated creative productio",Lead UI / UX Designer,0,0,0.9996147155761719,0.000385284423828125,0.7,1,BERT:bert_class_weighted,Class weight
113,emscad_00908,What do we do?,Lead Software Developer / CTO @ Investly,0,0,0.9996213912963867,0.00037860870361328125,0.7,1,BERT:bert_class_weighted,Class weight
114,emscad_00925,"We’re a user experience design consultancy based in Dublin, Ireland, with an impressive list of international clients. O",Head of UX,0,0,0.9997413158416748,0.0002586841583251953,0.7,1,BERT:bert_class_weighted,Class weight
115,emscad_00928,"Tidewater Finance Co. was established in 1992 for the initial purpose of purchasing, and servicing retail installment co",Sub-prime Automotive Finance Analyst/Underwriter,0,0,0.9998279809951782,0.00017201900482177734,0.7,1,BERT:bert_class_weighted,Class weight
116,emscad_00934,"At Hayes-Corp, we create the fun stuff. With a focus on software development for mobile platforms, we are constantly loo",Human Resources Manager,0,0,0.999713659286499,0.00028634071350097656,0.7,1,BERT:bert_class_weighted,Class weight
117,emscad_00945,Seeking top-notch candidates for a full-time superintendent who will be responsible on building projects in the $1m to $,Senior Superintendent - Commerical/Light Industrial,0,0,0.9997636079788208,0.00023639202117919922,0.7,1,BERT:bert_class_weighted,Class weight
118,emscad_00952,Layar is a young and ambitious company located in the heart of Amsterdam. As the global leader in mobile augmented reali,iOS Developer,0,0,0.9993906021118164,0.0006093978881835938,0.7,1,BERT:bert_class_weighted,Class weight
119,emscad_00961,"Tutorizon is an online platform connecting students and tutors of High school, Foreign languages and University courses.",Graphic Designer,0,0,0.9997069835662842,0.0002930164337158203,0.7,1,BERT:bert_class_weighted,Class weight
120,emscad_00962,"FTC Global is an International Business Group and Venture Incubator with presence across Asia, Europe and Americas (#URL",ECOMMERCE LOGISTICS AND SUPPLY CHAIN MANAGERS,0,0,0.9996819496154785,0.0003180503845214844,0.7,1,BERT:bert_class_weighted,Class weight
121,emscad_00963,Execute all visual design stages from concept to final hand-off to engineering,Web Designer,0,0,0.9985446929931641,0.0014553070068359375,0.7,1,BERT:bert_class_weighted,Class weight
122,emscad_00964,"Christopherson Business Travel is the independently owned leader in intelligent business travel management, online trave",Accounts Payable Specialist,0,0,0.9998043775558472,0.00019562244415283203,0.7,1,BERT:bert_class_weighted,Class weight
123,emscad_00965,Get is a full service digital agency. We take a simple approach and create scalable solutions that actually work. We are,Digital Executive,0,0,0.9997208118438721,0.0002791881561279297,0.7,1,BERT:bert_class_weighted,Class weight
124,emscad_00967,"This position provides technical consultation, support, and/or training to clients of computer or other information tech",Technology Support Tech,0,0,0.9995627403259277,0.0004372596740722656,0.7,1,BERT:bert_class_weighted,Class weight
125,emscad_00971,"We are seeking a full-time QA Engineer to join our team, continue our success, and bring the busuu language learning exp",QA Engineer,0,0,0.9989595413208008,0.0010404586791992188,0.7,1,BERT:bert_class_weighted,Class weight
126,emscad_00974,"Our team is made of designers, physics wizards, educators, writers, musicians, and illustrators. We work together to bui",iOS Developer (C++ focus),0,0,0.9990110397338867,0.0009889602661132812,0.7,1,BERT:bert_class_weighted,Class weight
127,emscad_00981,"Top ranked web-centric company in Boulder, CO has an opening for a Designer on its Mobile Web Team. This is a direct hir","Designer, Mobile Web",0,0,0.9993734359741211,0.0006265640258789062,0.7,1,BERT:bert_class_weighted,Class weight
128,emscad_00984,Established on the principles that full time education is not for everyone Spectrum Learning is made up of a team of pas,CA10 Business Admin Apprenticeship Under NAS 16-18 Year Olds Only,0,0,0.9998197555541992,0.00018024444580078125,0.7,1,BERT:bert_class_weighted,Class weight
129,emscad_00986,En Adjust somos un DSP (Demand Side Platform) / DMP (Data Management Platform) con tecnología única en México y LATAM: A,Trafficker,0,0,0.9997752904891968,0.00022470951080322266,0.7,1,BERT:bert_class_weighted,Class weight
130,emscad_00990,Envision Consulting conducts retained searches for nonprofit clients seeking to expand and enhance their mission through,Client Services Director,0,0,0.9997626543045044,0.00023734569549560547,0.7,1,BERT:bert_class_weighted,Class weight
131,emscad_01006,Mailjet is a market leading Email Service Provider with over 25 000 clients and rapidly expanding across Europe and abro,"Inbound Marketing Associate, New York",0,0,0.9997448921203613,0.0002551078796386719,0.7,1,BERT:bert_class_weighted,Class weight
132,emscad_01017,"AUTOHELLAS S.A . is the largest Rent a Car company in Greece, according to its financial capacity and the size of the fl",Sales and Service Associate- Mykonos,0,0,0.9997551441192627,0.0002448558807373047,0.7,1,BERT:bert_class_weighted,Class weight
133,emscad_01018,Pioneering advanced analytics vendor RapidMiner is redefining how business analysts use Big Data to predict the future. ,Predictive Analytics Consultant,0,0,0.9987936019897461,0.0012063980102539062,0.7,1,BERT:bert_class_weighted,Class weight
134,emscad_01028,Position: Financial Controller Location: Islamabad Company Sector: Hotel Salary: Rs. 70K to 75K -- may vary,Financial Controller,0,0,0.9978122711181641,0.0021877288818359375,0.7,1,BERT:bert_class_weighted,Class weight
135,emscad_01029,Maker’s Row is an online marketplace that connects American manufacturers and product based businesses. Our mission is t,Graphic Design Intern (Paid),0,0,0.9998273849487305,0.00017261505126953125,0.7,1,BERT:bert_class_weighted,Class weight
136,emscad_01043,"At Holiday Inn Express Sping Mills, Falling Waters, WV we believe you are at your best when you can truly be yourself. A",Hotel Guest Service Agent,0,0,0.9996633529663086,0.00033664703369140625,0.7,1,BERT:bert_class_weighted,Class weight
137,emscad_01047,Adthena is the UK’s leading competitive intelligence service for Google search advertisers. Adthena is loved by major br,Data Scientist,0,0,0.9998066425323486,0.0001933574676513672,0.7,1,BERT:bert_class_weighted,Class weight
138,emscad_01060,Expert in Android Programming Good understanding of Android framework with experience of Android Framework development w,Android framework Developer in CA,0,0,0.996917724609375,0.003082275390625,0.7,1,BERT:bert_class_weighted,Class weight
139,emscad_01061,"Makielab is a thriving toys and games start up, based in London, UK. Our team invented the world's first fully customisa",3D Games Artist,0,0,0.999361515045166,0.0006384849548339844,0.7,1,BERT:bert_class_weighted,Class weight
140,emscad_01063,BlueLine Grid is transforming government communications. At a time when government employees are increasingly being aske,Product Manager,0,0,0.9997721910476685,0.00022780895233154297,0.7,1,BERT:bert_class_weighted,Class weight
141,emscad_01066,"Recruitment to Recruitment specialists, covering the UK.",Trades and Labour Construction Recruitment Consultant,0,0,0.9995150566101074,0.0004849433898925781,0.7,1,BERT:bert_class_weighted,Class weight
142,emscad_01085,"Supply chain management company with emphasis placed in Rehabilitation Therapy, Health IT, and Information Security",Physical Therapist Outpatient and SNF,0,0,0.9997220039367676,0.0002779960632324219,0.7,1,BERT:bert_class_weighted,Class weight
143,emscad_01088,"We’re a group of designers, developers, producers and technical toy makers who work together to make forward thinking pr",Social Media & Digital Marketing Internship,0,0,0.9996552467346191,0.0003447532653808594,0.7,1,BERT:bert_class_weighted,Class weight
144,emscad_01093,"OPUSYS Technologies Pvt. Ltd .isan ITService Management Company providing Professional, Social and Commercial Solution S",URGENT HIRING For Web Designer...!!!,0,0,0.92144775390625,0.07855224609375,0.7,1,BERT:bert_class_weighted,Class weight
145,emscad_01102,"We design, build, sell, and service the most innovative operations management technology in the world.",Copywriter / Communication Intern,0,0,0.9996614456176758,0.00033855438232421875,0.7,1,BERT:bert_class_weighted,Class weight
146,emscad_01110,The Boston Consulting Group ( #URL_45423e1e16703aa4d8ee444d3ad69bb51525f1dad0b3115713cf80dc496299e2# ) has launched a ne,Solutions Architect,0,0,0.9995777606964111,0.0004222393035888672,0.7,1,BERT:bert_class_weighted,Class weight
147,emscad_01115,Do you enjoy helping people no mater what the situation?,Home Assistant,0,0,0.9997981786727905,0.00020182132720947266,0.7,1,BERT:bert_class_weighted,Class weight
148,emscad_01116,Wedo is a collection of niched e-commerce stores which aim to be the first destination for online shoppers buying in the,Business Reporting Internship,0,0,0.999713659286499,0.00028634071350097656,0.7,1,BERT:bert_class_weighted,Class weight
149,emscad_01121,"For over 20 years NAC Marketing Company, LLC d/b/a New Vitality has helped people be healthy and live better by marketin",Accountant,0,0,0.9997787475585938,0.00022125244140625,0.7,1,BERT:bert_class_weighted,Class weight
150,emscad_01135,"Tidewater Finance Co. was established in 1992 for the initial purpose of purchasing, and servicing retail installment co",Recovery Specialists,0,0,0.9998154640197754,0.00018453598022460938,0.7,1,BERT:bert_class_weighted,Class weight
151,emscad_01137,Blloon is an exciting new eReading service launching soon in the UK and US.,Community Manager (f/m),0,0,0.99959397315979,0.00040602684020996094,0.7,1,BERT:bert_class_weighted,Class weight
152,emscad_01143,Have you coded in C++ and are trying to break into Java / C#? Excellent opportunity for someone with Visual C++ and MFC ,C++ Software Engineer,0,0,0.9950180053710938,0.00498199462890625,0.7,1,BERT:bert_class_weighted,Class weight
153,emscad_01148,Outstanding Member Service Starts With Outstanding People,Call Center Representative,0,0,0.9997305870056152,0.0002694129943847656,0.7,1,BERT:bert_class_weighted,Class weight
154,emscad_01151,New York City-based e-commerce start-up seeks a motivated and talented Intern to help manage the vendor relations side o,Internship at E-Commerce Start-Up in NYC,0,0,0.9996645450592041,0.00033545494079589844,0.7,1,BERT:bert_class_weighted,Class weight
155,emscad_01153,Administrative Assistant Essential Job Responsibilities: Answering and routing telephone calls to appropriate people Sch,Administrative Assistant,1,1,0.00048828125,0.99951171875,0.7,1,BERT:bert_class_weighted,Class weight
156,emscad_01159,"AGOGO creates a personalized audio channel by bringing together your favorite programming -- news, entertainment, sports",Programming Associate,0,0,0.9997220039367676,0.0002779960632324219,0.7,1,BERT:bert_class_weighted,Class weight
157,emscad_01165,This is an exciting job opportunity for those who would like to an individual to join innovative company. The company is,Assistant Manager,0,1,0.0009765625,0.9990234375,0.7,0,BERT:bert_class_weighted,Class weight
158,emscad_01168,"To work on analytics modelling using desktop and programming tools (R, SPSS) on business data in a financial investment ",Data Analyst,0,0,0.983184814453125,0.016815185546875,0.7,1,BERT:bert_class_weighted,Class weight
159,emscad_01177,"At Karmarama we have a unique hiring policy: nice, talented and decent people who genuinely want to do what's right for ",Digital Account Manager,0,0,0.9998059272766113,0.00019407272338867188,0.7,1,BERT:bert_class_weighted,Class weight
160,emscad_01182,"Taxibeat is changing the global taxi industry. It's an easy to use, convenient and contemporary way to hail and book a t",Marketing Manager,0,0,0.9997774362564087,0.0002225637435913086,0.7,1,BERT:bert_class_weighted,Class weight
161,emscad_01189,We Provide Full Time Permanent Positions for many medium to large US companies. We are interested in finding/recruiting ,HR Manager,0,0,0.9997241497039795,0.0002758502960205078,0.7,1,BERT:bert_class_weighted,Class weight
162,emscad_01216,ERG is a business and consumer law firm dedicated to helping its clients navigate the BP Claims Process. Almost every ty,Local Representative,0,0,0.9998204708099365,0.00017952919006347656,0.7,1,BERT:bert_class_weighted,Class weight
163,emscad_01223,Job Description:,UX Designer,0,0,0.9986200332641602,0.0013799667358398438,0.7,1,BERT:bert_class_weighted,Class weight
164,emscad_01235,Fereikos is currently seeking a motivated Junior Accountant who will be responsible mainly for the commercial part and e,Junior Accountant,0,0,0.9994306564331055,0.0005693435668945312,0.7,1,BERT:bert_class_weighted,Class weight
165,emscad_01237,CallCentre People Recruitment is recognised as being specialists within the CallCentre industry.,Hot Sales Candidates,0,0,0.9998259544372559,0.00017404556274414062,0.7,1,BERT:bert_class_weighted,Class weight
166,emscad_01245,We’re looking for a Senior Visual Designer with extensive commercial experience to join our design team.,Senior Visual Designer,0,0,0.9991168975830078,0.0008831024169921875,0.7,1,BERT:bert_class_weighted,Class weight
167,emscad_01263,Job Overview,Environmental Scientist,0,0,0.999626636505127,0.0003733634948730469,0.7,1,BERT:bert_class_weighted,Class weight
168,emscad_01265,Balanced Labs exists to provide accountants and small businesses everywhere with a better life through intelligent and e,Designer: Creative References,0,0,0.999539852142334,0.0004601478576660156,0.7,1,BERT:bert_class_weighted,Class weight
169,emscad_01283,Yazamo is a rapidly growing digital lifecycle marketing firm focused on developing web marketing strategies for mid size,Marketing Coordinator,0,0,0.9992532730102539,0.0007467269897460938,0.7,1,BERT:bert_class_weighted,Class weight
170,emscad_01307,NFP is a leader in the delivery of benefits solutions for companies of all sizes and in the delivery of life insurance a,Human Resources Director,0,0,0.9996953010559082,0.0003046989440917969,0.7,1,BERT:bert_class_weighted,Class weight
171,emscad_01309,Lakshya Digital is one of the largest Game Development and Interactive Entertainment companies in South Asia. We work ac,Flash Animator (QC),0,0,0.9984302520751953,0.0015697479248046875,0.7,1,BERT:bert_class_weighted,Class weight
172,emscad_01318,Primary responsibility is to have a constant dialogue with existing and potential customers to maintain and further deve,Oil Marketing Manager,0,1,0.00244140625,0.99755859375,0.7,0,BERT:bert_class_weighted,Class weight
173,emscad_01323,"We are looking for a Junior Marketing Assistant working from Boston, MA. You should have experience in Online Marketing ",Junior Marketing Assistant,0,0,0.9993786811828613,0.0006213188171386719,0.7,1,BERT:bert_class_weighted,Class weight
174,emscad_01333,“Pride is a personal commitment. It is an attitude which separates excellence from mediocrity.” – Author Unknown,Retail Manager - Location TBD,0,0,0.9998568296432495,0.00014317035675048828,0.7,1,BERT:bert_class_weighted,Class weight
175,emscad_01336,"Magpie is a boutique recruitment agency specialising in Accounting & Finance, Sales & Marketing and Office & Administrat",Management Accountant,0,0,0.9997966289520264,0.0002033710479736328,0.7,1,BERT:bert_class_weighted,Class weight
176,emscad_01338,"IP Solutions are a Unified Communications Service Provider, delivering cloud based, managed solutions to businesses acro",Senior Unified Communications Sales Consultant,0,0,0.999741792678833,0.0002582073211669922,0.7,1,BERT:bert_class_weighted,Class weight
177,emscad_01342,#URL_e7c9057d5e6f097876436d175031e95669ede4ebaab52b6be0957c837bc98343#,Title Insurance Ops: Sr Title Officer/Counsel,0,0,0.9998273849487305,0.00017261505126953125,0.7,1,BERT:bert_class_weighted,Class weight
178,emscad_01348,"Novitex Enterprise Solutions, formerly Pitney Bowes Management Services, delivers innovative document and communications",Customer Service Associate,0,0,0.9998644590377808,0.00013554096221923828,0.7,1,BERT:bert_class_weighted,Class weight
179,emscad_01357,Applied Memetics LLC is a professional services company dedicated to integrating and delivering best practice communicat,"Makeup Artist, Broadcast Operations Division",0,0,0.9998239278793335,0.0001760721206665039,0.7,1,BERT:bert_class_weighted,Class weight
180,emscad_01375,"Novitex Enterprise Solutions, formerly Pitney Bowes Management Services, delivers innovative document and communications",Customer Service Team Lead,0,0,0.9998601675033569,0.0001398324966430664,0.7,1,BERT:bert_class_weighted,Class weight
181,emscad_01376,ding* is the world’s largest top-up provider. Created to help people working abroad to support and keep in touch with lo,QA Manager,0,0,0.9998012781143188,0.00019872188568115234,0.7,1,BERT:bert_class_weighted,Class weight
182,emscad_01377,"Babbel enables anyone to learn languages in an easy and interactive way. The learning system offers 13 languages, from E",Marketing Analyst,0,0,0.9997937679290771,0.00020623207092285156,0.7,1,BERT:bert_class_weighted,Class weight
183,emscad_01378,"ABC Supply Co., Inc. is the nation’s largest wholesale distributor of roofing and one of the largest distributors of sid",Class A Driver,0,0,0.9998226165771484,0.0001773834228515625,0.7,1,BERT:bert_class_weighted,Class weight
184,emscad_01384,Established on the principles that full time education is not for everyone Spectrum Learning is made up of a team of pas,Leeds Fragrance and Beauty Promotional Staff,0,0,0.9998980760574341,0.00010192394256591797,0.7,1,BERT:bert_class_weighted,Class weight
185,emscad_01388,"Founded in 2003, #URL_a9d2ee3223d59d0433b0663495314024d1221333ce0328c59175167836d3534c# launched with a mission to make ",Web Integrator,0,0,0.9996163845062256,0.00038361549377441406,0.7,1,BERT:bert_class_weighted,Class weight
186,emscad_01398,NFP is a leader in the delivery of benefits solutions for companies of all sizes and in the delivery of life insurance a,Employee Benefits Account Manager - Monroe,0,0,0.9997800588607788,0.0002199411392211914,0.7,1,BERT:bert_class_weighted,Class weight
187,emscad_01446,"Declara is focused on bringing data to life. Our technology platform uses machine learning, search, algorithms and recom",Client Operations - CRM Program Analyst,0,0,0.9997649192810059,0.00023508071899414062,0.7,1,BERT:bert_class_weighted,Class weight
188,emscad_01452,Fundation is a technology-empowered direct lender that delivers small balance commercial loans nationwide. The firm prov,Junior Investment Officer - High Growth Specialty Finance Company,0,0,0.9997332096099854,0.00026679039001464844,0.7,1,BERT:bert_class_weighted,Class weight
189,emscad_01455,Our History,Driver - Heavy Duty (Anaheim),0,0,0.9998845458030701,0.00011545419692993164,0.7,1,BERT:bert_class_weighted,Class weight
190,emscad_01473,The Albany Charter School Network is a family of charter schools in the City of Albany that works to prepare children fo,Communications Director,0,0,0.9998557567596436,0.0001442432403564453,0.7,1,BERT:bert_class_weighted,Class weight
191,emscad_01475,"Westview Financial Services , located in Hampton, VA has a full-time BRANCH MANAGER position available immediately. Our ",Branch Manager,0,0,0.9997327327728271,0.00026726722717285156,0.7,1,BERT:bert_class_weighted,Class weight
192,emscad_01479,"Founded in 2009, Greene Health Care Inc. is the leading provider of hospice solutions. We facilitate health care converg",Tech Support Specialist,0,0,0.9997825622558594,0.000217437744140625,0.7,1,BERT:bert_class_weighted,Class weight
193,emscad_01480,"Mann was founded in 1991 by Alex and Harold Mann, and the firm provides technology solutions to small and medium sized b",Associate Consultant (Mac and/or PC),0,0,0.9998111724853516,0.0001888275146484375,0.7,1,BERT:bert_class_weighted,Class weight
194,emscad_01505,Description:,Account Director - Banking,0,0,0.9996788501739502,0.0003211498260498047,0.7,1,BERT:bert_class_weighted,Class weight
195,emscad_01508,Ideal CRM is a sales consulting firm focused on Customer Relationship Management. We specialize in building and implemen,Project Administrator,0,0,0.9995744228363037,0.00042557716369628906,0.7,1,BERT:bert_class_weighted,Class weight
196,emscad_01509,"ClarusApex is an international recruiting company with representations in the Netherlands, Austria, Ukraine, Cyprus and ",Hostess in the restaurant Nando's,0,0,0.999741792678833,0.0002582073211669922,0.7,1,BERT:bert_class_weighted,Class weight
197,emscad_01512,"SENIOR TECHNICAL MANAGEMENT CONSULTANT, London","SENIOR TECHNICAL MANAGEMENT CONSULTANT, London",0,0,0.9996500015258789,0.00034999847412109375,0.7,1,BERT:bert_class_weighted,Class weight
198,emscad_01519,"Aker Solutions is a global provider of products, systems and services to the oil and gas industry. Our engineering, desi",SAP Support Advisor,1,1,0.0,1.0,0.7,1,BERT:bert_class_weighted,Class weight
199,emscad_01529,EUROPEAN DYNAMICS (#URL_c66532ffa1ce76ab447da6774719060c42c584edbf44d74cdb94fc4ac219ca45#) is a leading European Softwar,Senior Unix/Linux Production Engineer,0,0,0.9993548393249512,0.0006451606750488281,0.7,1,BERT:bert_class_weighted,Class weight
200,emscad_01530,"PINT is a leader in the web industry with 20 years of web design, software development and consulting experience. PINT's",Front-end Coder // Web Developer,0,0,0.9992084503173828,0.0007915496826171875,0.7,1,BERT:bert_class_weighted,Class weight
201,emscad_01531,•Create technical specifications of programs/interfaces based on functional specification provided.,SAP ABAP Developers,0,0,0.9990243911743164,0.0009756088256835938,0.7,1,BERT:bert_class_weighted,Class weight
202,emscad_01545,The Intersect Fund is a nonprofit organization that empowers entrepreneurs to build strong businesses so they can genera,Loan Officer,0,0,0.9997988939285278,0.00020110607147216797,0.7,1,BERT:bert_class_weighted,Class weight
203,emscad_01549,"Industrial Color Software is a division of Industrial Color Brands, a family of vertically integrated creative productio",Application Support Engineer,0,0,0.9992036819458008,0.0007963180541992188,0.7,1,BERT:bert_class_weighted,Class weight
204,emscad_01551,"Since 2001, RL Zapin Associates has been a recognized leader in the placement of mid to senior level Analytics professio","Managing Director, Analytics",0,0,0.9993677139282227,0.0006322860717773438,0.7,1,BERT:bert_class_weighted,Class weight
205,emscad_01564,Want to build a 21st century financial service?,Verification Specialist,0,0,0.9998103380203247,0.00018966197967529297,0.7,1,BERT:bert_class_weighted,Class weight
206,emscad_01582,About Fundzio,Business Cash Advance Sales - $100K +++ Earning potential!,0,0,0.9996471405029297,0.0003528594970703125,0.7,1,BERT:bert_class_weighted,Class weight
207,emscad_01589,T Dispatch is looking for a brilliant Financial Administrator to join our growing team. We need someone proactive to han,Love Financial Administration?,0,0,0.9997860193252563,0.00021398067474365234,0.7,1,BERT:bert_class_weighted,Class weight
208,emscad_01596,Soft ware Com petitiveness International (SOFTCOM INTERNATIONAL) is characterized for personel excellence .,"Senior Software Engineers, C++",0,0,0.999722957611084,0.0002770423889160156,0.7,1,BERT:bert_class_weighted,Class weight
209,emscad_01598,"Novitex Enterprise Solutions, formerly Pitney Bowes Management Services, delivers innovative document and communications",Customer Service Associate,0,0,0.9998629093170166,0.00013709068298339844,0.7,1,BERT:bert_class_weighted,Class weight
210,emscad_01602,"Our client, a growing company in Danbury, CT, is looking to hire 100+ Call Center Representatives IMMEDIATELY. As a repr",Call Center Representative,0,0,0.9995760917663574,0.0004239082336425781,0.7,1,BERT:bert_class_weighted,Class weight
211,emscad_01607,"Novitex Enterprise Solutions, formerly Pitney Bowes Management Services, delivers innovative document and communications",Customer Service Associate,0,0,0.9998568296432495,0.00014317035675048828,0.7,1,BERT:bert_class_weighted,Class weight
212,emscad_01620,Our company is building the next generation of video-on-demand (VOD) in Europe and we are currently looking for the next,CRM/Salesforce Administrator,0,0,0.9997358322143555,0.00026416778564453125,0.7,1,BERT:bert_class_weighted,Class weight
213,emscad_01623,"reEmbedit provides a branded video player for embedded videos (YouTube, etc) together with real time analytics and monet",Senior Back-End Engineer,0,0,0.9996929168701172,0.0003070831298828125,0.7,1,BERT:bert_class_weighted,Class weight
214,emscad_01624,"Viewed as one of the most premier jewelry and watch retailers in the Caribbean, Little Switzerland and Jewels have a lon",REGIONAL MARKETING REPRESENTATIVE,0,0,0.9996485710144043,0.0003514289855957031,0.7,1,BERT:bert_class_weighted,Class weight
215,emscad_01625,Our company is building the next generation of video-on-demand (VOD) in Europe and we are currently looking for the next,Integration/API Engineer,0,0,0.9992985725402832,0.0007014274597167969,0.7,1,BERT:bert_class_weighted,Class weight
216,emscad_01641,Jobinbraz is the Bridge between you and Brazil.,Jobs in Brazil,0,0,0.99971604347229,0.00028395652770996094,0.7,1,BERT:bert_class_weighted,Class weight
217,emscad_01646,We are looking for a talented and experienced PR Account Manager or Director to join our team. This role will appeal to ,Account Manager/Director,0,0,0.9994673728942871,0.0005326271057128906,0.7,1,BERT:bert_class_weighted,Class weight
218,emscad_01650,SUMMARY The warehouse manager will act as the lead manager & overseer of all warehouse operation for the 3pl logistics c,3PL Services National Warehouse Manager,0,0,0.9996929168701172,0.0003070831298828125,0.7,1,BERT:bert_class_weighted,Class weight
219,emscad_01654,Are you experienced in sales and want the potential to boost your earnings?,Solar Sales Representative,0,0,0.9997644424438477,0.00023555755615234375,0.7,1,BERT:bert_class_weighted,Class weight
220,emscad_01679,"SummaView is een jong bedrijf uit Amersfoort die mensen, kennis en software levert ophet snijvlak van controlling en Bus",SummaView zoekt een Business Controller,0,0,0.9997676610946655,0.00023233890533447266,0.7,1,BERT:bert_class_weighted,Class weight
221,emscad_01682,About ADS Security – Our Proud History in the Security Industry,Paid Sales Training! Entry-Level Sales Representative,0,0,0.9997909069061279,0.0002090930938720703,0.7,1,BERT:bert_class_weighted,Class weight
222,emscad_01688,"Novitex Enterprise Solutions, formerly Pitney Bowes Management Services, delivers innovative document and communications",Customer Service Associate - Part Time,0,0,0.9998741149902344,0.000125885009765625,0.7,1,BERT:bert_class_weighted,Class weight
223,emscad_01689,H WEDIA είναι μια ταχύτατα αναπτυσσόμενη ελληνική digital εταιρεία που δραστηριοποιείται από το 2009 στο χώρο των ψηφιακ,Senior PHP Web Developer,0,0,0.9997981786727905,0.00020182132720947266,0.7,1,BERT:bert_class_weighted,Class weight
224,emscad_01690,"HireHopes is the premier professional services consulting firm that specializes in strategic job search, career adviseme",Sales Account Executive,0,0,0.9995970726013184,0.0004029273986816406,0.7,1,BERT:bert_class_weighted,Class weight
225,emscad_01696,The Beans Group is a media company that exists to empower young people to thrive. We have been on an exponential growth ,Travel Writer for Student Beans,0,0,0.9997258186340332,0.0002741813659667969,0.7,1,BERT:bert_class_weighted,Class weight
226,emscad_01702,"Our company is looking for a freelance developer with experience in HTML, CSS, and JavaScript who can create a custom Go",Chrome Extension Developer,0,0,0.9986410140991211,0.0013589859008789062,0.7,1,BERT:bert_class_weighted,Class weight
227,emscad_01710,We're a yound and crazy start-up of greeks around the world making the next generation marine social platform. We need a,Assistance on start-up,0,0,0.9996769428253174,0.0003230571746826172,0.7,1,BERT:bert_class_weighted,Class weight
228,emscad_01722,"""Our mission to our clients is to preserve their independence, enhance their quality of life, promote health & wellbeing",Caregiver-Cass County Michigan,0,0,0.9998464584350586,0.00015354156494140625,0.7,1,BERT:bert_class_weighted,Class weight
229,emscad_01724,Pack Events is an innovative company that is bridging the gap between the real world and the virtual world. Pack Events ,Technology Sales in the Entertainment Industry,0,0,0.999523401260376,0.00047659873962402344,0.7,1,BERT:bert_class_weighted,Class weight
230,emscad_01728,"Shyp is the easiest way to send anything, anywhere.",General Manager - Boston,0,0,0.9997988939285278,0.00020110607147216797,0.7,1,BERT:bert_class_weighted,Class weight
231,emscad_01751,Applied Memetics LLC is a professional services company dedicated to integrating and delivering best practice communicat,"International Broadcaster, Bangla Language",0,0,0.9998066425323486,0.0001933574676513672,0.7,1,BERT:bert_class_weighted,Class weight
232,emscad_01752,First class technical skills with:,Operations Contract,0,0,0.9994416236877441,0.0005583763122558594,0.7,1,BERT:bert_class_weighted,Class weight
233,emscad_01774,We're a data and design focused startup based in New York City with a passionate and forward-thinking team. We enable pe,Business Development Manager,0,0,0.9997103214263916,0.00028967857360839844,0.7,1,BERT:bert_class_weighted,Class weight
234,emscad_01778,Established on the principles that full time education is not for everyone Spectrum Learning is made up of a team of pas,Burnley Apprentice Sales Admin Support Under NAS 16-18 Year Olds Only,0,0,0.9998476505279541,0.00015234947204589844,0.7,1,BERT:bert_class_weighted,Class weight
235,emscad_01779,We’re a cool little start-up in Gastown beating out the biggest competitors in our space. We’re currently the underdog. ,Lead Software Developer,0,0,0.9991083145141602,0.0008916854858398438,0.7,1,BERT:bert_class_weighted,Class weight
236,emscad_01785,"Jr. QA Engineer Experience :1-5 years Location : Atlanta, Georgia",Automation Tester,0,0,0.9985866546630859,0.0014133453369140625,0.7,1,BERT:bert_class_weighted,Class weight
237,emscad_01787,"Appurify’s mission is to create innovative tools that help developers build higher quality, better performing mobile app",Product Marketing Associate,0,0,0.998988151550293,0.0010118484497070312,0.7,1,BERT:bert_class_weighted,Class weight
238,emscad_01798,Netop is actively searching for C++ Windows Developers. The Developer is writing applications according with the custome,Senior C++ Developer Windows,0,0,0.9988727569580078,0.0011272430419921875,0.7,1,BERT:bert_class_weighted,Class weight
239,emscad_01808,Office Administrator,Office Administrator,0,0,0.9993882179260254,0.0006117820739746094,0.7,1,BERT:bert_class_weighted,Class weight
240,emscad_01822,"Aker Solutions is a global provider of products, systems and services to the oil and gas industry. Our engineering, desi",Principal/Senior Mechanical Engineer (Package Equipment),1,1,0.0,1.0,0.7,1,BERT:bert_class_weighted,Class weight
241,emscad_01825,Applied Memetics LLC is a professional services company dedicated to integrating and delivering best practice communicat,"International Broadcaster, Hausa Language",0,0,0.9998012781143188,0.00019872188568115234,0.7,1,BERT:bert_class_weighted,Class weight
242,emscad_01831,Truckbird is a startup company aiming to disrupt the transportation of goods industry. By partnering with PLANNING S.A. ,iOS / mobile developer,0,0,0.9996724128723145,0.0003275871276855469,0.7,1,BERT:bert_class_weighted,Class weight
243,emscad_01838,Position Title: System Analyst/ Programmer Sector: Pharmaceutical Company type: Large Pharmaceutical Company Location: L,System Analyst/ Programmer,0,0,0.9987478256225586,0.0012521743774414062,0.7,1,BERT:bert_class_weighted,Class weight
244,emscad_01852,"Intercom ( #URL_cb674f93cbcd215a3a0a57a8615a565545949eead8adbbc73307c26d6a6af81b# ) is a simple, personal messaging serv",Inside Sales Representative,0,0,0.9994869232177734,0.0005130767822265625,0.7,1,BERT:bert_class_weighted,Class weight
245,emscad_01855,"Aker Solutions is a global provider of products, systems and services to the oil and gas industry. Our engineering, desi",Automation Software Engineer,1,1,0.0,1.0,0.7,1,BERT:bert_class_weighted,Class weight
246,emscad_01856,Luxy Hair is a customer-centric hair extensions eCommerce retailer founded in 2010. We’re one of the fastest-growing bea,Chief Executive Officer (CEO),0,0,0.9997363090515137,0.0002636909484863281,0.7,1,BERT:bert_class_weighted,Class weight
247,emscad_01858,"Aker Solutions is a global provider of products, systems and services to the oil and gas industry. Our engineering, desi",Mechanical Technician,1,1,0.0,1.0,0.7,1,BERT:bert_class_weighted,Class weight
248,emscad_01866,Aspex Recruitment,B2B Sales Executive Manchester City Centre,0,0,0.9998421669006348,0.00015783309936523438,0.7,1,BERT:bert_class_weighted,Class weight
249,emscad_01867,EUROPEAN DYNAMICS (#URL_c66532ffa1ce76ab447da6774719060c42c584edbf44d74cdb94fc4ac219ca45#) is a leading European Softwar,Vaadin Developer,0,0,0.9995737075805664,0.00042629241943359375,0.7,1,BERT:bert_class_weighted,Class weight
250,emscad_01874,PROSULTING IS PEOPLE The ProSulting difference is easy to see. Our passion for delivering qualified pre-screened personn,Marketing Coordinator/Manager,0,0,0.9997779130935669,0.00022208690643310547,0.7,1,BERT:bert_class_weighted,Class weight
251,emscad_01883,Pardon Services Canada is a national legal services company established in 1989.We serve as an advocate for Canadians wi,Entrepreneurial Executive Assistant,0,0,0.9998073577880859,0.0001926422119140625,0.7,1,BERT:bert_class_weighted,Class weight
252,emscad_01885,Fiinovation is first of its kind social initiative company in the social development sector. The organization has an age,Fiinovation - Post for Relationship Manager,0,0,0.9997551441192627,0.0002448558807373047,0.7,1,BERT:bert_class_weighted,Class weight
253,emscad_01894,Kettle is an independent digital agency based in New York City and the Bay Area. We’re committed to making digital do mo,SF | ACD (COPY) @OP,0,0,0.9996464252471924,0.0003535747528076172,0.7,1,BERT:bert_class_weighted,Class weight
254,emscad_01902,"Novitex Enterprise Solutions, formerly Pitney Bowes Management Services, delivers innovative document and communications",Senior Docket Clerk/Court Filer,0,0,0.9999064803123474,9.351968765258789e-05,0.7,1,BERT:bert_class_weighted,Class weight
255,emscad_01906,"Launched in 2010, Lyst is an innovative way to shop for fashion online that’s used by millions every month. Lyst partner",Front-end Developer,0,0,0.9996645450592041,0.00033545494079589844,0.7,1,BERT:bert_class_weighted,Class weight
256,emscad_01907,"Novitex Enterprise Solutions, formerly Pitney Bowes Management Services, delivers innovative document and communications",Customer Service Team Lead,0,0,0.9998666048049927,0.00013339519500732422,0.7,1,BERT:bert_class_weighted,Class weight
257,emscad_01909,NOW: Pensions is a UK based multi-employer trust serving thousands of employers and hundreds of thousands of employees f,Generic - speculative application,0,0,0.9998780488967896,0.00012195110321044922,0.7,1,BERT:bert_class_weighted,Class weight
258,emscad_01914,"Roland & Associates is a Corporate Recruitment Organization providing solutions to Global MNCs in US, Middle East & Asia",Lead LAMP Developer,0,0,0.9996352195739746,0.0003647804260253906,0.7,1,BERT:bert_class_weighted,Class weight
259,emscad_01916,The Study Manager will be accountable for the overall management of all clinical studies. Must be comfortable collaborat,Clinical Study Manager,0,0,0.998143196105957,0.0018568038940429688,0.7,1,BERT:bert_class_weighted,Class weight
260,emscad_01917,The Senior Publishing Specialist will be part of the Regulatory Operations Publishing Group and to ensure that dossier i,Senior Publishing Specialist,0,0,0.9996485710144043,0.0003514289855957031,0.7,1,BERT:bert_class_weighted,Class weight
261,emscad_01919,"You're youthful, tech savvy and open-minded right? So are we. We aim for excellence in everything that we do, by continu",Executive Assistant,0,0,0.9997148513793945,0.00028514862060546875,0.7,1,BERT:bert_class_weighted,Class weight
262,emscad_01921,"Our team is made of designers, physics wizards, educators, writers, musicians, and illustrators. We work together to bui",Intern: Production,0,0,0.9994716644287109,0.0005283355712890625,0.7,1,BERT:bert_class_weighted,Class weight
263,emscad_01924,Finance and Legals manager is overall and final responsible for the legal status and the implementation of sustainable f,Finance and Legals Manager,0,0,0.999671220779419,0.0003287792205810547,0.7,1,BERT:bert_class_weighted,Class weight
264,emscad_01928,Upstream’s mission is to revolutionise the way companies market to consumers through cutting edge technology. This is an,Senior Service Delivery Engineer,0,0,0.9997766017913818,0.00022339820861816406,0.7,1,BERT:bert_class_weighted,Class weight
265,emscad_01929,Tailor is a digital agency specialising in three things:,Web Developer,0,0,0.9993500709533691,0.0006499290466308594,0.7,1,BERT:bert_class_weighted,Class weight
266,emscad_01932,Why work with tapely,Web Designer,0,0,0.9993252754211426,0.0006747245788574219,0.7,1,BERT:bert_class_weighted,Class weight
267,emscad_01940,"National Capitol Contracting, LLC (NCC) , established in 2002 and headquartered in Arlington, VA, is an SBA-certified 8(",Crystal Reports Writer,0,0,0.9997377395629883,0.00026226043701171875,0.7,1,BERT:bert_class_weighted,Class weight
268,emscad_01949,Special Counsel’s Charlotte office has an exciting opportunity for a Structured Finance Attorney to join an AmLaw top 50,Structured Finance Associate,0,0,0.9997262954711914,0.00027370452880859375,0.7,1,BERT:bert_class_weighted,Class weight
269,emscad_01961,Aptitude Staffing Solutions has redesigned the recruiting wheel. Our innovative new platform cuts the recruiting time in,Mobile Developer-Back End,1,1,0.0,1.0,0.7,1,BERT:bert_class_weighted,Class weight
270,emscad_01972,You’ve just stumbled upon the dream opportunity in the hybrid HTML5 & native mobile space. These types of opportunities ,Android - Mobile UI Expert,0,0,0.999140739440918,0.0008592605590820312,0.7,1,BERT:bert_class_weighted,Class weight
271,emscad_01976,"Valor Services provides Workforce Solutions that meet the needs of companies across the Private Sector, with a special f",Internal Auditor,0,0,0.9998863339424133,0.00011366605758666992,0.7,1,BERT:bert_class_weighted,Class weight
272,emscad_01991,Conditions,Entrepreneur in Residence,0,0,0.9996886253356934,0.0003113746643066406,0.7,1,BERT:bert_class_weighted,Class weight
273,emscad_02004,"Palo Ltd was founded in 2008 and launched #URL_cf3d9d38e9c2da290363dd2aa5b312dca604ec414bdca89040086ccf5e290dd9#, the fi",Sr. Software Developer,0,0,0.9995522499084473,0.0004477500915527344,0.7,1,BERT:bert_class_weighted,Class weight
274,emscad_02016,Thanks for visiting our Job Board. Please review our open positions and apply to the positions that match your qualifica,Senior Graphic Designer,0,0,0.999775767326355,0.00022423267364501953,0.7,1,BERT:bert_class_weighted,Class weight
275,emscad_02023,Upstream’s mission is to revolutionise the way companies market to consumers through cutting edge technology. This is an,Operational Database Administrator,0,0,0.9998005628585815,0.00019943714141845703,0.7,1,BERT:bert_class_weighted,Class weight
276,emscad_02026,I need skilled Unity3D Game Designers/Developers to come and work in Manchester (City Centre). I am starting a small ind,Game Developer Unity3D Manchester (collaboration),0,0,0.9995179176330566,0.0004820823669433594,0.7,1,BERT:bert_class_weighted,Class weight
277,emscad_02030,POSITION RESPONSIBILITIES:,Implementation Specialist,0,0,0.8739013671875,0.1260986328125,0.7,1,BERT:bert_class_weighted,Class weight
278,emscad_02051,"Novitex Enterprise Solutions, formerly Pitney Bowes Management Services, delivers innovative document and communications",Customer Service Associate,0,0,0.9998568296432495,0.00014317035675048828,0.7,1,BERT:bert_class_weighted,Class weight
279,emscad_02056,"We're Food52, and we've created a groundbreaking and award-winning cooking site. We support, connect, and celebrate home",Design & Home Editor,0,0,0.9998346567153931,0.0001653432846069336,0.7,1,BERT:bert_class_weighted,Class weight
280,emscad_02071,Confidently Humble?,Confidently Humble Javascript Front-end Developer,0,0,0.9994826316833496,0.0005173683166503906,0.7,1,BERT:bert_class_weighted,Class weight
281,emscad_02077,"Special Counsel, the nation's largest full-service provider of legal staffing and recruiting services, is seeking an Att",Attorney Recruiter,0,0,0.9997220039367676,0.0002779960632324219,0.7,1,BERT:bert_class_weighted,Class weight
282,emscad_02080,MarketInvoice is one of the most high-profile London based fin-tech companies. The Company is Europe’s leading P2P invoi,Strategy & Analytics Associate,0,0,0.9998307228088379,0.00016927719116210938,0.7,1,BERT:bert_class_weighted,Class weight
283,emscad_02081,We are a visual technology startup pioneering powerful immersive experiences for next generation wearable displays. Cond,Senior Computer Vision Engineer,0,0,0.9994964599609375,0.0005035400390625,0.7,1,BERT:bert_class_weighted,Class weight
284,emscad_02092,"Tidewater Finance Co. was established in 1992 for the initial purpose of purchasing, and servicing retail installment co",Attorney,0,0,0.9997668266296387,0.00023317337036132812,0.7,1,BERT:bert_class_weighted,Class weight
285,emscad_02098,Koemei is a social video learning platform changing the way enterprises and education institutions use video learning th,Director Sales Development,0,0,0.9997363090515137,0.0002636909484863281,0.7,1,BERT:bert_class_weighted,Class weight
286,emscad_02111,Why work for Mutual Mobile? We craft beautiful mobile interfaces and solve complex software challenges. Clients such as ,Technical Lead - Android,0,0,0.9989290237426758,0.0010709762573242188,0.7,1,BERT:bert_class_weighted,Class weight
287,emscad_02112,CloudWalk Inc. is hiring one embedded C developer/engineer. Join a growing company currently in one of the biggest busin,Ruby and C Developer,0,0,0.9995744228363037,0.00042557716369628906,0.7,1,BERT:bert_class_weighted,Class weight
288,emscad_02124,Pinnatta is the world’s first interactive multimedia messaging platform.,QA specialist,0,0,0.9997957944869995,0.00020420551300048828,0.7,1,BERT:bert_class_weighted,Class weight
289,emscad_02127,Job Overview,Human Resource (HR) Risk Management Specialist,0,0,0.999704122543335,0.00029587745666503906,0.7,1,BERT:bert_class_weighted,Class weight
290,emscad_02132,Can data be a thing of beauty? We think so.,Business Operations Intern,0,0,0.9997575283050537,0.00024247169494628906,0.7,1,BERT:bert_class_weighted,Class weight
291,emscad_02134,"PINT is a leader in the web industry with 20 years of web design, software development and consulting experience. PINT's",Information Architect / UX Designer,0,0,0.9994535446166992,0.0005464553833007812,0.7,1,BERT:bert_class_weighted,Class weight
292,emscad_02135,Zylun is expanding the recruiting landscape for companies worldwide. We help businesses better compete and increase prof,PPC Specialist,0,0,0.9996697902679443,0.00033020973205566406,0.7,1,BERT:bert_class_weighted,Class weight
293,emscad_02138,Background,Mechanical Engineer / Technical Sales,0,0,0.9995112419128418,0.0004887580871582031,0.7,1,BERT:bert_class_weighted,Class weight
294,emscad_02145,Our Mission,Customer Experience Representative,0,0,0.9997107982635498,0.0002892017364501953,0.7,1,BERT:bert_class_weighted,Class weight
295,emscad_02146,We are a small team working to engineer the perfect donation experience. Our product addresses the needs of a multi-bill,Product Designer,0,0,0.9994587898254395,0.0005412101745605469,0.7,1,BERT:bert_class_weighted,Class weight
296,emscad_02148,We’re always looking for highly motivated “founder-types” to join us as we grow. Here’s what you need to know.,Accounting Associate,0,0,0.9997091293334961,0.00029087066650390625,0.7,1,BERT:bert_class_weighted,Class weight
297,emscad_02163,Calling All Marketing Gurus To Be!!,Marketing Internship,0,0,0.9997279644012451,0.0002720355987548828,0.7,1,BERT:bert_class_weighted,Class weight
298,emscad_02164,"Novitex Enterprise Solutions, formerly Pitney Bowes Management Services, delivers innovative document and communications",Customer Service Associate,0,0,0.9998346567153931,0.0001653432846069336,0.7,1,BERT:bert_class_weighted,Class weight
299,emscad_02169,"Roland & Associates is a Corporate Recruitment Organization providing solutions to Global MNCs in US, Middle East & Asia",Senior Java jobs in Ohio,0,0,0.9996533393859863,0.0003466606140136719,0.7,1,BERT:bert_class_weighted,Class weight
300,emscad_02180,"Digital Ad Sales Account Executive Experience : 2 - 7 years Location : Los Angeles, CA",Digital Ad Sales Account Executive,0,0,0.9996366500854492,0.00036334991455078125,0.7,1,BERT:bert_class_weighted,Class weight
301,emscad_02201,"Senior Engineer - 100-110K, plus Relocation MI",Sr. Engineer,0,0,0.9988775253295898,0.0011224746704101562,0.7,1,BERT:bert_class_weighted,Class weight
302,emscad_02204,Description,Accountant - Leading Private Equity Firm,0,0,0.9997203350067139,0.0002796649932861328,0.7,1,BERT:bert_class_weighted,Class weight
303,emscad_02207,Our mission is to build one of the largest and most respected financial services companies in the business. We are a com,Financial Services Professional,0,0,0.9993562698364258,0.0006437301635742188,0.7,1,BERT:bert_class_weighted,Class weight
304,emscad_02213,"Open for over 45 years Stancato's of Parma is an italian restaurant offering Catering, Banquet, Dine -in and Take out Me",Line Cook - Immediate opening!,0,0,0.9997408390045166,0.00025916099548339844,0.7,1,BERT:bert_class_weighted,Class weight
305,emscad_02219,Comfort Keepers offices offer a wide selection of rewarding career opportunities—part-time and full-time—for people who ,Live-In Caregiver Immediate Need,0,0,0.9998803734779358,0.00011962652206420898,0.7,1,BERT:bert_class_weighted,Class weight
306,emscad_02220,"The RealReal is changing the way people buy and sell luxury items. The leader in luxury resale, the company is a full se",Photo Production Assistant,0,0,0.9994683265686035,0.0005316734313964844,0.7,1,BERT:bert_class_weighted,Class weight
307,emscad_02228,Innovative technology for digital pathology and cancer diagnostics,Software Engineer - Java Server Application,0,0,0.9989013671875,0.0010986328125,0.7,1,BERT:bert_class_weighted,Class weight
308,emscad_02234,"The Aguilar Group is a nationwide search and recruitment agency, dedicated to working with our clients to help them find",Manager Trainee (Dallas),0,0,0.9997029304504395,0.0002970695495605469,0.7,1,BERT:bert_class_weighted,Class weight
309,emscad_02256,Adventure Cow is looking for a business development intern. Your tasks will include keeping in close contact with our in,Business Development Intern,0,0,0.9993987083435059,0.0006012916564941406,0.7,1,BERT:bert_class_weighted,Class weight
310,emscad_02261,"Founded by serial entrepreneur Clive Jackson and launched in 2011, Victor is one of the world’s most trusted names in pr",Data analysis executive,0,0,0.9998346567153931,0.0001653432846069336,0.7,1,BERT:bert_class_weighted,Class weight
311,emscad_02266,"At Total Eclipse we create fun, original, and addictive games that are easy to learn yet hard to master. We have a stron",Android NDK Developer,0,0,0.9995179176330566,0.0004820823669433594,0.7,1,BERT:bert_class_weighted,Class weight
312,emscad_02279,"Crossroads Treatment Centers is a nationally-accredited, medication-assisted, out-patient program that delivers fast, ef",Substance Abuse Counselor (Weaverville Center),0,0,0.9998226165771484,0.0001773834228515625,0.7,1,BERT:bert_class_weighted,Class weight
313,emscad_02280,About Jeri Davis International,"Executive Management - ED, CEO, COO, VP Ops",0,0,0.9998050928115845,0.00019490718841552734,0.7,1,BERT:bert_class_weighted,Class weight
314,emscad_02299,Since 1973: Working together to make our community healthy,Community Health Worker - Primary Care Outreach,0,0,0.9998803734779358,0.00011962652206420898,0.7,1,BERT:bert_class_weighted,Class weight
315,emscad_02305,One of my clients is looking for a Project Manager/ Business Analyst to lead the organization's Enterprise Case Manageme,Project Manager / Business Analyst,0,0,0.9970474243164062,0.00295257568359375,0.7,1,BERT:bert_class_weighted,Class weight
316,emscad_02308,MISSION:,PCP needed for $40 Lunch Shift!,0,0,0.9998741149902344,0.000125885009765625,0.7,1,BERT:bert_class_weighted,Class weight
317,emscad_02309,"Tradable's award winning platform helps brokers solve the needs of their most demanding clients. Born open, our APIs all",Junior QA Specialist,0,0,0.9995760917663574,0.0004239082336425781,0.7,1,BERT:bert_class_weighted,Class weight
318,emscad_02311,"At Hayes-Corp, we create the fun stuff. With a focus on software development for mobile platforms, we are constantly loo",General Manager,0,0,0.9995841979980469,0.000415802001953125,0.7,1,BERT:bert_class_weighted,Class weight
319,emscad_02313,#URL_8918281fc5deeeecc74f4059ea4fa0f1ec7603fb676ba45c01883e985c3aee7d# is an email marketing platform for web and mobile,Marketing Manager,0,0,0.9996850490570068,0.00031495094299316406,0.7,1,BERT:bert_class_weighted,Class weight
320,emscad_02321,Vision Solutions a dynamic startup developing innovative and integrated enterprise software solutions is seeking profess,Software Engineer,0,0,0.9959220886230469,0.004077911376953125,0.7,1,BERT:bert_class_weighted,Class weight
321,emscad_02333,Great Customer Service from Start to Finish,Sales Professional - Windows & Doors,0,0,0.999858021736145,0.00014197826385498047,0.7,1,BERT:bert_class_weighted,Class weight
322,emscad_02340,"This initiative is being led by a very talented, energetic and inspirational group of young Greek leaders called “Global",Internship (Customer Service),0,0,0.999748706817627,0.0002512931823730469,0.7,1,BERT:bert_class_weighted,Class weight
323,emscad_02344,Ready to let your star shine? Discover the career you’ve been dreaming about at AvaStars where...,Star (Retail Associate) - St. Louis Galleria,0,0,0.9998601675033569,0.0001398324966430664,0.7,1,BERT:bert_class_weighted,Class weight
324,emscad_02349,"SpotSource Solutions LLC is a Global Human Capital Management Consulting firm headquartered in Miami, Florida. Founded i",Affiliate Manager,0,0,0.9998691082000732,0.0001308917999267578,0.7,1,BERT:bert_class_weighted,Class weight
325,emscad_02350,ding* is the world’s largest top-up provider. Created to help people working abroad to support and keep in touch with lo,Business Development Executive Spain,0,0,0.9998488426208496,0.00015115737915039062,0.7,1,BERT:bert_class_weighted,Class weight
326,emscad_02370,The story of the Great Chicago Fire of 1871 isn’t really about the fire. It’s about what happened next: A remarkable mom,SQL Developer - BigTime Software,0,0,0.9997988939285278,0.00020110607147216797,0.7,1,BERT:bert_class_weighted,Class weight
327,emscad_02388,Multi-Tiered Animal Rescue & Education Solution dedicated to saving as many animals as possible!,Event Planner,0,0,0.9998741149902344,0.000125885009765625,0.7,1,BERT:bert_class_weighted,Class weight
328,emscad_02394,Q2Hire has been delivering concrete results for more than 10 years. And this successful history has a formula: Your goal,Senior BI Report Developer,0,0,0.9997081756591797,0.0002918243408203125,0.7,1,BERT:bert_class_weighted,Class weight
329,emscad_02419,"Founded in 1999, PowerChord is a leader in Digital Brand Management, specializing in the development of online channel m",Digital Marketing Coordinator,0,0,0.9998440742492676,0.00015592575073242188,0.7,1,BERT:bert_class_weighted,Class weight
330,emscad_02424,"SummaView is een jong bedrijf uit Amersfoort die mensen, kennis en software levert ophet snijvlak van controlling en Bus",OUD 3: SummaView zoekt een Senior Developer,0,0,0.999718189239502,0.0002818107604980469,0.7,1,BERT:bert_class_weighted,Class weight
331,emscad_02429,SDI Marketing started in 1988 as a small marketing agency with one simple philosophy: make our client's business our bus,"Mystery Shopper - Paducah, KY",0,0,0.9998977184295654,0.00010228157043457031,0.7,1,BERT:bert_class_weighted,Class weight
332,emscad_02436,"MAP Digital: MetaMeetings is a digital events agency. We elevate participants experience onsite and on the Web, enhance ",Software Developer Ruby on Rails,0,0,0.9994025230407715,0.0005974769592285156,0.7,1,BERT:bert_class_weighted,Class weight
333,emscad_02439,"Maybe you’ve got an ear for rhythm, an eye for detail, a mind for research — and a stomach for revision, revision, revis",Fall Internship,0,0,0.9997236728668213,0.00027632713317871094,0.7,1,BERT:bert_class_weighted,Class weight
334,emscad_02460,Digital Account Executive - Search Marketing and Social Media,SEO Consultant,0,0,0.999535322189331,0.0004646778106689453,0.7,1,BERT:bert_class_weighted,Class weight
335,emscad_02467,"""Our mission to our clients is to preserve their independence, enhance their quality of life, promote health & wellbeing",Home Care Registered Nurse,0,0,0.9998775720596313,0.00012242794036865234,0.7,1,BERT:bert_class_weighted,Class weight
336,emscad_02472,Hello Job Seeker!,Software Sales Representative,0,0,0.9996812343597412,0.00031876564025878906,0.7,1,BERT:bert_class_weighted,Class weight
337,emscad_02480,Outstanding Member Service Starts With Outstanding People,Payroll Specialist/HR Generalist,0,0,0.9998259544372559,0.00017404556274414062,0.7,1,BERT:bert_class_weighted,Class weight
338,emscad_02483,"VARITE is a global IT company providing software consulting and staffing services to Fortune 1000 Companies in USA, CANA",Java development Engineer,0,0,0.9996843338012695,0.00031566619873046875,0.7,1,BERT:bert_class_weighted,Class weight
339,emscad_02495,"Shyp is the easiest way to send anything, anywhere.",General Manager - Indianapolis,0,0,0.9997981786727905,0.00020182132720947266,0.7,1,BERT:bert_class_weighted,Class weight
340,emscad_02499,Established on the principles that full time education is not for everyone Spectrum Learning is made up of a team of pas,RH10 9ET Customer Service Apprenticeship 16-18 Year Olds Only,0,0,0.9998246431350708,0.00017535686492919922,0.7,1,BERT:bert_class_weighted,Class weight
341,emscad_02504,We Provide Full Time Permanent Positions for many medium to large US companies. We are interested in finding/recruiting ,"R&D Scientist - Design Development - Dover, DE",0,0,0.9997830390930176,0.00021696090698242188,0.7,1,BERT:bert_class_weighted,Class weight
342,emscad_02517,Can data be a thing of beauty? We think so.,Web Application Developer (Node.JS),0,0,0.9996697902679443,0.00033020973205566406,0.7,1,BERT:bert_class_weighted,Class weight
343,emscad_02523,Seeking a Litigation Attorney with 3+ years of experience in general civil litigation for an outstanding opportunity in ,Litigation Attorney - East Texas,0,0,0.9997103214263916,0.00028967857360839844,0.7,1,BERT:bert_class_weighted,Class weight
344,emscad_02524,Visual BI is one of the leading and fastest growing firms focusing exclusively on BI & Analytics. Our offerings cover en,SAP BO Solution Architect,0,0,0.9994869232177734,0.0005130767822265625,0.7,1,BERT:bert_class_weighted,Class weight
345,emscad_02526,CUSTOMER SERVICE ENGINEER,CUSTOMER SERVICE ENGINEER,0,0,0.9987382888793945,0.0012617111206054688,0.7,1,BERT:bert_class_weighted,Class weight
346,emscad_02540,Front-end Web Developer needed for a fast growing company! We are transitioning from small single-entrepreneur business ,Front-End Web Developer,0,0,0.9986753463745117,0.0013246536254882812,0.7,1,BERT:bert_class_weighted,Class weight
347,emscad_02546,"Westview Financial Services , located in Hampton, VA has a full-time BRANCH MANAGER position available immediately. Our ",Branch Manager,0,0,0.9997327327728271,0.00026726722717285156,0.7,1,BERT:bert_class_weighted,Class weight
348,emscad_02548,Q2Hire has been delivering concrete results for more than 10 years. And this successful history has a formula: Your goal,Business Integration Specialist,0,0,0.9997119903564453,0.0002880096435546875,0.7,1,BERT:bert_class_weighted,Class weight
349,emscad_02557,Want to build a 21st century financial service?,Performance Marketing Director,0,0,0.9998595714569092,0.0001404285430908203,0.7,1,BERT:bert_class_weighted,Class weight
350,emscad_02559,About the role,Junior Software Developer,0,0,0.9993734359741211,0.0006265640258789062,0.7,1,BERT:bert_class_weighted,Class weight
351,emscad_02566,"Taxibeat is changing the global taxi industry. It's an easy to use, convenient and contemporary way to hail and book a t","Country Manager, Mexico",0,0,0.9998183250427246,0.00018167495727539062,0.7,1,BERT:bert_class_weighted,Class weight
352,emscad_02586,Job Overview,Wastewater Technician,0,0,0.999685525894165,0.00031447410583496094,0.7,1,BERT:bert_class_weighted,Class weight
353,emscad_02592,We are looking for an Android Developer who possesses a passion for pushing mobile technologies to the limits and will w,Android Developer,0,0,0.9981794357299805,0.0018205642700195312,0.7,1,BERT:bert_class_weighted,Class weight
354,emscad_02593,Embarke is increasing email opens and clicks for marketers by 5-20%...automatically. We do this by performing behavior a,Web / UX Designer - Full-time or Freelance,0,0,0.9997293949127197,0.00027060508728027344,0.7,1,BERT:bert_class_weighted,Class weight
355,emscad_02602,"Novitex Enterprise Solutions, formerly Pitney Bowes Management Services, delivers innovative document and communications",Customer Service Technical Specialist,0,0,0.999775767326355,0.00022423267364501953,0.7,1,BERT:bert_class_weighted,Class weight
356,emscad_02604,"Sr, JavaScript Developer Experience : 4-10 years Location : New York",Sr. JavaScript Developer,0,0,0.9986438751220703,0.0013561248779296875,0.7,1,BERT:bert_class_weighted,Class weight
357,emscad_02609,"We are currently looking for an experienced Pensions Director Designate for our office in Sliema, Malta.",Pensions Director Designate,0,0,0.9997148513793945,0.00028514862060546875,0.7,1,BERT:bert_class_weighted,Class weight
358,emscad_02614,Customers Support,Customers Support,0,0,0.9997621774673462,0.0002378225326538086,0.7,1,BERT:bert_class_weighted,Class weight
359,emscad_02657,Applied Memetics LLC is a professional services company dedicated to integrating and delivering best practice communicat,"International Broadcaster, Kurdish Language",0,0,0.999775767326355,0.00022423267364501953,0.7,1,BERT:bert_class_weighted,Class weight
360,emscad_02659,Responsibilities,Mid level System Engineer/Administrator,0,0,0.9988861083984375,0.0011138916015625,0.7,1,BERT:bert_class_weighted,Class weight
361,emscad_02694,EUROPEAN DYNAMICS (#URL_c66532ffa1ce76ab447da6774719060c42c584edbf44d74cdb94fc4ac219ca45#) is a leading European Softwar,Senior Java Developer,0,0,0.9993648529052734,0.0006351470947265625,0.7,1,BERT:bert_class_weighted,Class weight
362,emscad_02706,Positionly Sp. z o.o. is a company that provides the highest quality SEO software for 2000+ companies worldwide. Our pro,Sales Representative - UK / US,0,0,0.9997336864471436,0.0002663135528564453,0.7,1,BERT:bert_class_weighted,Class weight
363,emscad_02708,"AREA 17 is an interactive agency. We take an interdisciplinary approach — blending the practices of design, technology a",Interface Developer,0,0,0.9996416568756104,0.00035834312438964844,0.7,1,BERT:bert_class_weighted,Class weight
364,emscad_02709,"Valor Services provides Workforce Solutions that meet the needs of companies across the Private Sector, with a special f",Business Development Lead,0,0,0.9998780488967896,0.00012195110321044922,0.7,1,BERT:bert_class_weighted,Class weight
365,emscad_02713,Volunteers of America is a faith-based human services organization. We are dedicated to helping individuals and families,Administrative Assistant I,0,0,0.999457836151123,0.0005421638488769531,0.7,1,BERT:bert_class_weighted,Class weight
366,emscad_02718,"SpotSource Solutions LLC is a Global Human Capital Management Consulting firm headquartered in Miami, Florida. Founded i",Front-End Web Developer,0,0,0.9998259544372559,0.00017404556274414062,0.7,1,BERT:bert_class_weighted,Class weight
367,emscad_02721,"Stokes Automotive Group-Beaufort is a family owned and operated dealer group in Beaufort, SC. Stokes is the leader in th",BDC Representative,0,0,0.9997503757476807,0.00024962425231933594,0.7,1,BERT:bert_class_weighted,Class weight
368,emscad_02722,"Responsible for designing, organizing, modifying, and supporting a company's computer systems. Designs and installs LANs",Server Systems Administrator,0,0,0.9994621276855469,0.000537872314453125,0.7,1,BERT:bert_class_weighted,Class weight
369,emscad_02725,"At Hayes-Corp, we create the fun stuff. With a focus on software development for mobile platforms, we are constantly loo",Marketing Specialist,0,0,0.9992942810058594,0.000705718994140625,0.7,1,BERT:bert_class_weighted,Class weight
370,emscad_02739,"This initiative is being led by a very talented, energetic and inspirational group of young Greek leaders called “Global",Internship (Public Affairs & Communication),0,0,0.9997527599334717,0.0002472400665283203,0.7,1,BERT:bert_class_weighted,Class weight
371,emscad_02743,Volunteers of America is a faith-based human services organization. We are dedicated to helping individuals and families,Housing Specialist,0,0,0.9996893405914307,0.00031065940856933594,0.7,1,BERT:bert_class_weighted,Class weight
372,emscad_02748,Mission Statement,Registered Nurse (Home Health),0,0,0.9998660087585449,0.00013399124145507812,0.7,1,BERT:bert_class_weighted,Class weight
373,emscad_02751,"AZCO INC. is an employee-owned, full service industrial constructor and pipe and metal fabricator, capable of self-perfo",Administrative Assistant,1,0,0.765625,0.234375,0.7,0,BERT:bert_class_weighted,Class weight
374,emscad_02752,At Qualco we create technology to help our customers drive their business forward. We develop innovative software soluti,.NET Software Engineer,0,0,0.9994416236877441,0.0005583763122558594,0.7,1,BERT:bert_class_weighted,Class weight
375,emscad_02770,"Tamber is a group practice that uses cross-discipline team work, evidence-based practices, and technology to help patien",Therapist,0,0,0.9996614456176758,0.00033855438232421875,0.7,1,BERT:bert_class_weighted,Class weight
376,emscad_02777,"Tidewater Finance Co. was established in 1992 for the initial purpose of purchasing, and servicing retail installment co",Contact Center Representatives,0,0,0.9997556209564209,0.00024437904357910156,0.7,1,BERT:bert_class_weighted,Class weight
377,emscad_02792,We’re not doctors. We are geeks who understand doctors.,VP Business Development,0,0,0.9997822046279907,0.00021779537200927734,0.7,1,BERT:bert_class_weighted,Class weight
378,emscad_02794,Now hiring a weekend caregiver to provide in-home care to a female client.,Weekend Caregiver Need ASAP,0,0,0.9997057914733887,0.0002942085266113281,0.7,1,BERT:bert_class_weighted,Class weight
379,emscad_02795,"Likno Software is a software development company based in Athens, Greece.",Web & User Experience Designer,0,0,0.9995443820953369,0.00045561790466308594,0.7,1,BERT:bert_class_weighted,Class weight
380,emscad_02802,"Tidewater Finance Co. was established in 1992 for the initial purpose of purchasing, and servicing retail installment co",Computer Programmer,0,0,0.9998073577880859,0.0001926422119140625,0.7,1,BERT:bert_class_weighted,Class weight
381,emscad_02810,In this position you will administer and maintain the security and integrity of the databases. Design database maintenan,Senior Lead Oracle DBA w/ RAC,0,0,0.9996011257171631,0.00039887428283691406,0.7,1,BERT:bert_class_weighted,Class weight
382,emscad_02818,EUROPEAN DYNAMICS (#URL_c66532ffa1ce76ab447da6774719060c42c584edbf44d74cdb94fc4ac219ca45#) is a leading European Softwar,IT Security Consultant,0,0,0.9997045993804932,0.00029540061950683594,0.7,1,BERT:bert_class_weighted,Class weight
383,emscad_02827,"Goldstar is the world’s largest online seller of half-price tickets to live theater, concerts, comedy and sports. We exe","Venue Relations Manager, Developing Markets Team",0,0,0.9998294115066528,0.00017058849334716797,0.7,1,BERT:bert_class_weighted,Class weight
384,emscad_02831,Wedo is a collection of niched e-commerce stores which aim to be the first destination for online shoppers buying in the,Customer Advisor,0,0,0.9998219013214111,0.0001780986785888672,0.7,1,BERT:bert_class_weighted,Class weight
385,emscad_02838,The Intersect Fund is a nonprofit organization that empowers entrepreneurs to build strong businesses so they can genera,Microfinance Guru,0,0,0.9997663497924805,0.00023365020751953125,0.7,1,BERT:bert_class_weighted,Class weight
386,emscad_02839,PROSULTING IS PEOPLE The ProSulting difference is easy to see. Our passion for delivering qualified pre-screened personn,Admin Support,0,0,0.9997293949127197,0.00027060508728027344,0.7,1,BERT:bert_class_weighted,Class weight
387,emscad_02841,"As one of the world’s leading staffing companies, our primary objective is clear-cut: To perfectly align the best people",Demonstrator,0,0,0.998295783996582,0.0017042160034179688,0.7,1,BERT:bert_class_weighted,Class weight
388,emscad_02850,Want to build a career in IT? Free training in exchange for your time on revenue share basis,Associate Business Development,0,0,0.9993386268615723,0.0006613731384277344,0.7,1,BERT:bert_class_weighted,Class weight
389,emscad_02853,"As one of the world’s leading staffing companies, our primary objective is clear-cut: To perfectly align the best people",Retail Associate,0,0,0.9992532730102539,0.0007467269897460938,0.7,1,BERT:bert_class_weighted,Class weight
390,emscad_02872,The Beans Group is a media company that exists to empower young people to thrive. We have been on an exponential growth ,Junior Front End Developer,0,0,0.9995486736297607,0.0004513263702392578,0.7,1,BERT:bert_class_weighted,Class weight
391,emscad_02880,Embarke is increasing email opens and clicks for marketers by 5-20%...automatically. We do this by performing behavior a,Sr. .NET / Azure Developer,0,0,0.9997091293334961,0.00029087066650390625,0.7,1,BERT:bert_class_weighted,Class weight
392,emscad_02890,Applied Memetics LLC is a professional services company dedicated to integrating and delivering best practice communicat,"International Broadcaster, Ukrainian Language",0,0,0.9997721910476685,0.00022780895233154297,0.7,1,BERT:bert_class_weighted,Class weight
393,emscad_02891,Responsible for leading Compensation for the Americas including responsibility for US team members in the International ,"Compensation Consultant, Toronto, ON, Canada",1,0,0.9992251396179199,0.0007748603820800781,0.7,0,BERT:bert_class_weighted,Class weight
394,emscad_02900,Shape the Future.,Accountant (General Ledger),0,0,0.9997477531433105,0.0002522468566894531,0.7,1,BERT:bert_class_weighted,Class weight
395,emscad_02921,Applied Memetics LLC is a professional services company dedicated to integrating and delivering best practice communicat,"Producer, English Language Web Programming",0,0,0.9997925758361816,0.00020742416381835938,0.7,1,BERT:bert_class_weighted,Class weight
396,emscad_02936,"We are looking for a Software Engineering Manager, UI to join our product development team. You will be responsible for ",UI ENGINEER MANAGER,0,0,0.9956169128417969,0.004383087158203125,0.7,1,BERT:bert_class_weighted,Class weight
397,emscad_02943,"O|Miga is a different type of business services firm. Founded by x-Big 4 partners, O|Miga offers accounting, payroll, hu",Contract Sales Representative,0,0,0.9997251033782959,0.00027489662170410156,0.7,1,BERT:bert_class_weighted,Class weight
398,emscad_02944,Our client is a Swedish game studio developing innovative video slots for the free to play social and the online gamblin,ACTIONSCRIPT DEVELOPER,0,0,0.999260425567627,0.0007395744323730469,0.7,1,BERT:bert_class_weighted,Class weight
399,emscad_02948,"G&H International Services, Inc. is a Washington D.C. small business dedicated to providing services and technology to e",Web/Applications Developer,0,0,0.9997580051422119,0.00024199485778808594,0.7,1,BERT:bert_class_weighted,Class weight
400,emscad_02949,Established on the principles that full time education is not for everyone Spectrum Learning is made up of a team of pas,Coventry Apprenticeships Available under NAS 16-24 year olds only!,0,0,0.99988853931427,0.00011146068572998047,0.7,1,BERT:bert_class_weighted,Class weight
401,emscad_02955,"Supply chain management company with emphasis placed in Rehabilitation Therapy, Health IT, and Information Security",Physical Therapist Outpatient,0,0,0.9998204708099365,0.00017952919006347656,0.7,1,BERT:bert_class_weighted,Class weight
402,emscad_02964,"We're a small tight-knit team that wants to change how rentals are done. The rental industry is old, antiquated, and rea",Front end engineer,0,0,0.999666690826416,0.0003333091735839844,0.7,1,BERT:bert_class_weighted,Class weight
403,emscad_02972,"Qualifications: Bachelors degree, 4-5 years experience in Software Quality Engineering Responsibilities: - Software Qual",SQA Engineer,0,0,0.9928932189941406,0.007106781005859375,0.7,1,BERT:bert_class_weighted,Class weight
404,emscad_02977,Applied Memetics LLC is a professional services company dedicated to integrating and delivering best practice communicat,"International Broadcaster, English Service",0,0,0.9998005628585815,0.00019943714141845703,0.7,1,BERT:bert_class_weighted,Class weight
405,emscad_02980,"""Our mission to our clients is to preserve their independence, enhance their quality of life, promote health & wellbeing",Caregiver-Lawton,0,0,0.9997752904891968,0.00022470951080322266,0.7,1,BERT:bert_class_weighted,Class weight
406,emscad_02981,Applied Memetics LLC is a professional services company dedicated to integrating and delivering best practice communicat,"International Broadcaster, Serbian Language",0,0,0.9997626543045044,0.00023734569549560547,0.7,1,BERT:bert_class_weighted,Class weight
407,emscad_03001,MMR Inc is one of Canada’s highest accomplished recruiting firms today. Our team of consultants find all management and ,Executive Recruiter 360 Degree Desk,0,0,0.9998534917831421,0.00014650821685791016,0.7,1,BERT:bert_class_weighted,Class weight
408,emscad_03008,The Director of Sales will report to the CEO and is part of the company’s senior management. He or she is responsible fo,Director of Sales,0,0,0.9913253784179688,0.00867462158203125,0.7,1,BERT:bert_class_weighted,Class weight
409,emscad_03012,"Launched in 2010, Lyst is an innovative way to shop for fashion online that’s used by millions every month. Lyst partner",Product Manager,0,0,0.9996471405029297,0.0003528594970703125,0.7,1,BERT:bert_class_weighted,Class weight
410,emscad_03013,PROSULTING IS PEOPLE The ProSulting difference is easy to see. Our passion for delivering qualified pre-screened personn,Project Manager (Retail Displays/Fixtures),0,0,0.9998396635055542,0.00016033649444580078,0.7,1,BERT:bert_class_weighted,Class weight
411,emscad_03015,"Vend is looking for some awesome new talent to come join us. You'll be working in an awesome team doing awesome things, ",SEO/Content Marketing Intern,0,0,0.9998204708099365,0.00017952919006347656,0.7,1,BERT:bert_class_weighted,Class weight
412,emscad_03017,Risei Consultancy is a mid-sized firm working on recruitments,Corporate Sales - Broker Relationshi,0,0,0.999596357345581,0.0004036426544189453,0.7,1,BERT:bert_class_weighted,Class weight
413,emscad_03018,"Novitex Enterprise Solutions, formerly Pitney Bowes Management Services, delivers innovative document and communications",Customer Service Associate - Part Time,0,0,0.999869704246521,0.0001302957534790039,0.7,1,BERT:bert_class_weighted,Class weight
414,emscad_03021,Community Action Partnership of Ramsey & Washington Counties (Community Action) was established in 1964 as a program of ,Family Advocate,0,0,0.9998161792755127,0.0001838207244873047,0.7,1,BERT:bert_class_weighted,Class weight
415,emscad_03022,"We are currently recruiting for a QA Inspector/Manager for our contract in the Shetlands, this would be on a contractual",QA Inspector / Manager,0,0,0.9996988773345947,0.00030112266540527344,0.7,1,BERT:bert_class_weighted,Class weight
416,emscad_03027,"Due to my clients continued and successful growth, we’re looking for a candidate who can help develop our pest control b",Sales Executive (Pest Control),0,0,0.9996445178985596,0.0003554821014404297,0.7,1,BERT:bert_class_weighted,Class weight
417,emscad_03034,We met at Escape the City,Escape the City Job Fair,0,0,0.9995112419128418,0.0004887580871582031,0.7,1,BERT:bert_class_weighted,Class weight
418,emscad_03038,Position : Economist Manager Job Location : United States-District of Columbia-Washington Us work status required : H1B ,Economist Manager Job opportunity at Washington,0,0,0.99676513671875,0.00323486328125,0.7,1,BERT:bert_class_weighted,Class weight
419,emscad_03039,"Certoid is an identity, impersonation and reputation network. The area: Software Engineering Our engineers develop the n",Back End Software Engineer (Junior),0,0,0.9990053176879883,0.0009946823120117188,0.7,1,BERT:bert_class_weighted,Class weight
420,emscad_03045,"Daily Secret is one of the fastest growing digital media brand for premium audiences around the world, serving 1.8 milli",Turkish Product Manager,0,0,0.9997681379318237,0.00023186206817626953,0.7,1,BERT:bert_class_weighted,Class weight
421,emscad_03046,"Taxibeat is changing the global taxi industry. It's an easy to use, convenient and contemporary way to hail and book a t",UI Designer,0,0,0.999739408493042,0.0002605915069580078,0.7,1,BERT:bert_class_weighted,Class weight
422,emscad_03058,"For more than two decades, the TRAK Companies have been providing temporary and direct-hire professional support staff t",HR Associate,0,0,0.9999135136604309,8.64863395690918e-05,0.7,1,BERT:bert_class_weighted,Class weight
423,emscad_03059,"PINT is a leader in the web industry with 20 years of web design, software development and consulting experience. PINT's",Network / Systems Administrator,0,0,0.999445915222168,0.0005540847778320312,0.7,1,BERT:bert_class_weighted,Class weight
424,emscad_03062,"TCG Consulting is an independent strategic consulting firm based in Charlotte, NC with regional headquarters in London, ",Sales Representative,0,0,0.9998190402984619,0.00018095970153808594,0.7,1,BERT:bert_class_weighted,Class weight
425,emscad_03064,"PINT is a leader in the web industry with 20 years of web design, software development and consulting experience. PINT's",Project Manager,0,0,0.9993929862976074,0.0006070137023925781,0.7,1,BERT:bert_class_weighted,Class weight
426,emscad_03068,Applied Memetics LLC is a professional services company dedicated to integrating and delivering best practice communicat,"Program Host, Persian Language",0,0,0.9998073577880859,0.0001926422119140625,0.7,1,BERT:bert_class_weighted,Class weight
427,emscad_03074,Upstream’s mission is to revolutionise the way companies market to consumers through cutting edge technology. This is an,Junior Quality Assurance Engineer,0,0,0.9997694492340088,0.00023055076599121094,0.7,1,BERT:bert_class_weighted,Class weight
428,emscad_03089,Q2Hire has been delivering concrete results for more than 10 years. And this successful history has a formula: Your goal,Senior Organizational Change Management Lead,0,0,0.9997220039367676,0.0002779960632324219,0.7,1,BERT:bert_class_weighted,Class weight
429,emscad_03103,Multi-Tiered Animal Rescue & Education Solution dedicated to saving as many animals as possible!,Civic Liaison,0,0,0.9998666048049927,0.00013339519500732422,0.7,1,BERT:bert_class_weighted,Class weight
430,emscad_03106,"Come be a part of one of the fastest growing, well-funded and exciting startups in Silicon Valley. Peel makes the world’",Android Test Engineer,0,0,0.9996395111083984,0.0003604888916015625,0.7,1,BERT:bert_class_weighted,Class weight
431,emscad_03107,Applied Memetics LLC is a professional services company dedicated to integrating and delivering best practice communicat,"Producer, Zimbabwe",0,0,0.9997892379760742,0.00021076202392578125,0.7,1,BERT:bert_class_weighted,Class weight
432,emscad_03113,"Carlyle Financial is a mortgage bank based in Beverly Hills, CA offering a full range of home loan products. We concentr",Executive Assistant For Rapidly Growing Startup (Temp-to-Perm) - $36K,0,0,0.9996945858001709,0.00030541419982910156,0.7,1,BERT:bert_class_weighted,Class weight
433,emscad_03120,Forward3D is the largest independent digital marketing agency in Britain. We run cutting edge digital marketing campaign,Sales Manager - New York,0,0,0.9997766017913818,0.00022339820861816406,0.7,1,BERT:bert_class_weighted,Class weight
434,emscad_03132,"NLCollect is a full-service platform for sports clubs and other organizations handling invoicing, billing, reminding and",Chief customer satisfaction (Amsterdam),0,0,0.9997503757476807,0.00024962425231933594,0.7,1,BERT:bert_class_weighted,Class weight
435,emscad_03134,At SMGI we believe that 'Our People are the Difference'. Working for SMGI is a great opportunity for our employees to le,Security Officer (SO) - Richmond,0,0,0.9997363090515137,0.0002636909484863281,0.7,1,BERT:bert_class_weighted,Class weight
436,emscad_03137,"HireHopes is the premier professional services consulting firm that specializes in strategic job search, career adviseme",Technical Support Engineer,0,0,0.9996685981750488,0.0003314018249511719,0.7,1,BERT:bert_class_weighted,Class weight
437,emscad_03144,"If you’re looking to start a career at a fast-paced, innovative company with tons of opportunity, then look no further t",Sales and Marketing Analyst Intern,0,0,0.9997565746307373,0.0002434253692626953,0.7,1,BERT:bert_class_weighted,Class weight
438,emscad_03148,"Recombine provides clinical genetic testing. CarrierMap, the first product created at Recombine, is the most comprehensi",Software Engineer - Intern,0,0,0.9997289180755615,0.00027108192443847656,0.7,1,BERT:bert_class_weighted,Class weight
439,emscad_03149,"For more than two decades, the TRAK Companies have been providing temporary and direct-hire professional support staff t",Executive Assistant,0,0,0.9999135136604309,8.64863395690918e-05,0.7,1,BERT:bert_class_weighted,Class weight
440,emscad_03153,Applied Memetics LLC is a professional services company dedicated to integrating and delivering best practice communicat,"International Broadcaster, Persian Language",0,0,0.9997973442077637,0.00020265579223632812,0.7,1,BERT:bert_class_weighted,Class weight
441,emscad_03154,Established on the principles that full time education is not for everyone Spectrum Learning is made up of a team of pas,WF14 8NA Warehousing Apprenticeship Under NAS 16-18 Year Olds Only,0,0,0.9998016357421875,0.0001983642578125,0.7,1,BERT:bert_class_weighted,Class weight
442,emscad_03161,BCV is the premier full-service social media provider in the hospitality industry. Our social media experts have develop,Regional Sales Manager,0,0,0.999739408493042,0.0002605915069580078,0.7,1,BERT:bert_class_weighted,Class weight
443,emscad_03167,Are you finding it harder to work for a boss? Have you always wanted a better work / life balance? Do you want to receiv,Earn Money Working From Home,1,1,0.0,1.0,0.7,1,BERT:bert_class_weighted,Class weight
444,emscad_03168,We’re always looking for highly motivated “founder-types” to join us as we grow. Here’s what you need to know.,Account Planner,0,0,0.999671220779419,0.0003287792205810547,0.7,1,BERT:bert_class_weighted,Class weight
445,emscad_03169,Η Atnet Communications A.E. είναι μια αμιγώς ελληνική εταιρία η οποία δραστηριοποιείται στο χώρο του interactive marketi,Junior Web Marketing Specialist,0,0,0.9997589588165283,0.0002410411834716797,0.7,1,BERT:bert_class_weighted,Class weight
446,emscad_03192,We Provide Full Time Permanent Positions for many medium to large US companies. We are interested in finding/recruiting ,Quality Assurance Engineer,0,0,0.9996800422668457,0.0003199577331542969,0.7,1,BERT:bert_class_weighted,Class weight
447,emscad_03201,"GraduationSource helps education based organizations plan and execute commencement ceremonies. We design products, servi",Sales Associate,0,0,0.9998440742492676,0.00015592575073242188,0.7,1,BERT:bert_class_weighted,Class weight
448,emscad_03203,Title:,Software Engineer - IL,0,0,0.9962711334228516,0.0037288665771484375,0.7,1,BERT:bert_class_weighted,Class weight
449,emscad_03241,About Moxie,Senior Designer,0,0,0.9996302127838135,0.00036978721618652344,0.7,1,BERT:bert_class_weighted,Class weight
450,emscad_03245,Established on the principles that full time education is not for everyone Spectrum Learning is made up of a team of pas,Nuneaton DGV Apprenticeship available under NAS 18 year olds only!,0,0,0.9998595714569092,0.0001404285430908203,0.7,1,BERT:bert_class_weighted,Class weight
451,emscad_03247,"WineZeus is looking for a motivated, detail-oriented front end developer to help define and build our consumer-facing ap",Senior Front-End Web Developer,0,0,0.9995977878570557,0.00040221214294433594,0.7,1,BERT:bert_class_weighted,Class weight
452,emscad_03259,Roka Security is a boutique security firm that specializes in full-scale network protection and defending against advanc,Program Manager,0,0,0.9994673728942871,0.0005326271057128906,0.7,1,BERT:bert_class_weighted,Class weight
453,emscad_03277,"Valor Services provides Workforce Solutions that meet the needs of companies across the Private Sector, with a special f",Oil & Gas Recruiter,0,0,0.9998766183853149,0.0001233816146850586,0.7,1,BERT:bert_class_weighted,Class weight
454,emscad_03283,Outbound Sales,Outbound Sales - Telemarketing for Healthcare IT,0,0,0.9998458623886108,0.00015413761138916016,0.7,1,BERT:bert_class_weighted,Class weight
455,emscad_03285,"ELECTRON, founded in 1989 is the largest producer of medical solutions and equipment in Russia with manufacturing sites ",Project Porfolio Director,0,0,0.9997748136520386,0.00022518634796142578,0.7,1,BERT:bert_class_weighted,Class weight
456,emscad_03296,"Welcome to interface rehab interface rehab provides comprehensive rehabilitation (Physical, Occupational & Speech Therap",Physical Therapist,0,0,0.9997262954711914,0.00027370452880859375,0.7,1,BERT:bert_class_weighted,Class weight
457,emscad_03307,"ELECTRON, founded in 1989 is the largest producer of medical solutions and equipment in Russia with manufacturing sites ",Recruitment specialist,0,0,0.9997503757476807,0.00024962425231933594,0.7,1,BERT:bert_class_weighted,Class weight
458,emscad_03309,The Food Safety and Quality Assurance (FSQA) Director at O Sole Mio is responsible for overall food safety compliance an,"Director, Food Safety and Quality Assurance",0,0,0.9994702339172363,0.0005297660827636719,0.7,1,BERT:bert_class_weighted,Class weight
459,emscad_03310,We're on a hunt for a community management intern to join our fast-growing marketing team. This role is about growing ou,Community management intern,0,0,0.999671220779419,0.0003287792205810547,0.7,1,BERT:bert_class_weighted,Class weight
460,emscad_03336,"An international translation agency is currently seeking a freelance, telecommuting Translation Project Manager.",Translation Project Manager,0,0,0.9993295669555664,0.0006704330444335938,0.7,1,BERT:bert_class_weighted,Class weight
461,emscad_03347,"VouchedFor is a highly disruptive start up in the Financial Advice market. Created in 2011, we are an innovative start-u",Front End Developer proficient in JavaScript Frameworks,0,0,0.9997551441192627,0.0002448558807373047,0.7,1,BERT:bert_class_weighted,Class weight
462,emscad_03353,"Curvo Labs is an exciting, funded start-up determined to change the world by making a huge dent in the cost of healthcar",Customer Engagement Analyst,0,0,0.9997973442077637,0.00020265579223632812,0.7,1,BERT:bert_class_weighted,Class weight
463,emscad_03356,"Argenta Field Solutions values the client, creates income streams for them through our sales mechanism and focuses on qu",Home Automation and Alarm Sales Office Launch - AT&T Digital Life,0,0,0.9997527599334717,0.0002472400665283203,0.7,1,BERT:bert_class_weighted,Class weight
464,emscad_03361,MISSION:,CNA- HHA Needed! For Seniors & Child Care We pay up to $12hr!,0,0,0.9998701810836792,0.00012981891632080078,0.7,1,BERT:bert_class_weighted,Class weight
465,emscad_03374,Fundation is a technology-empowered direct lender that delivers small balance commercial loans nationwide. The firm prov,Head of Inside Sales & Customer Engagement - High Growth Specialty Finance Company,0,0,0.9997208118438721,0.0002791881561279297,0.7,1,BERT:bert_class_weighted,Class weight
466,emscad_03396,"Trebbble is a mobile strategy and development firm, specializing in the delivery of brilliant mobile experiences. We par",Front End Developer,0,0,0.9987449645996094,0.001255035400390625,0.7,1,BERT:bert_class_weighted,Class weight
467,emscad_03398,"Precision Technologies (PTC) is a leading IT staffing and Solutions Company located in New Jersey, USA. Leveraging on ye",Entry Level Software Developers- Java and .NET,0,0,0.9994754791259766,0.0005245208740234375,0.7,1,BERT:bert_class_weighted,Class weight
468,emscad_03400,Upstream’s mission is to revolutionise the way companies market to consumers through cutting edge technology. This is an,Engagement Director (Uganda),0,0,0.9998073577880859,0.0001926422119140625,0.7,1,BERT:bert_class_weighted,Class weight
469,emscad_03404,"Valor Services provides Workforce Solutions that meet the needs of companies across the Private Sector, with a special f",Technical/Resume Writer,0,0,0.999880850315094,0.00011914968490600586,0.7,1,BERT:bert_class_weighted,Class weight
470,emscad_03408,"Mediascape is a software development company focusing primarily on Web Development, providing top-quality solutions acco",Software Engineer,0,0,0.9990129470825195,0.0009870529174804688,0.7,1,BERT:bert_class_weighted,Class weight
471,emscad_03409,"codebender is an online platform for makers, hobbyists and engineers. In other words, an online IDE and community for Ar",Web Developer - Backend,0,0,0.9993133544921875,0.0006866455078125,0.7,1,BERT:bert_class_weighted,Class weight
472,emscad_03445,Applied Memetics LLC is a professional services company dedicated to integrating and delivering best practice communicat,"Writer, Vietnamese Language",0,0,0.9997186660766602,0.00028133392333984375,0.7,1,BERT:bert_class_weighted,Class weight
473,emscad_03465,"HealthLink provides a computer communications system that links the information technology systems of more than 10,000 m",Systems Engineer,0,0,0.9998794794082642,0.00012052059173583984,0.7,1,BERT:bert_class_weighted,Class weight
474,emscad_03468,"Hi ,",Manager/Sr.Manager,0,0,0.9996109008789062,0.00038909912109375,0.7,1,BERT:bert_class_weighted,Class weight
475,emscad_03474,Playfair Capital is an early stage technology investment fund based in London.,Head of Talent,0,0,0.9997246265411377,0.0002753734588623047,0.7,1,BERT:bert_class_weighted,Class weight
476,emscad_03488,Burns & McBride has been providing quality home service solutions for generations.,Customer Care Representative,0,0,0.9999107718467712,8.922815322875977e-05,0.7,1,BERT:bert_class_weighted,Class weight
477,emscad_03489,Randstad Sourceright Sdn. Bhd. formerly Randstad Managed Services. (company no 660257-V) is a multinational recruitment ,Inside Sales Representative,0,0,0.9998956918716431,0.0001043081283569336,0.7,1,BERT:bert_class_weighted,Class weight
478,emscad_03495,ehumanlife is a medical platform for live online consultations through HD video calls. You can call a doctor now from th,Unity Developer,0,0,0.9998239278793335,0.0001760721206665039,0.7,1,BERT:bert_class_weighted,Class weight
479,emscad_03499,"Out of the Box Intermedia is a non-profit interdisciplinary arts organization actively committed to the research, develo",International Contemporary Art Fair Athens Internship,0,0,0.9995064735412598,0.0004935264587402344,0.7,1,BERT:bert_class_weighted,Class weight
480,emscad_03505,The Albany Charter School Network is a family of charter schools in the City of Albany that works to prepare children fo,Secondary Social Studies Teacher,0,0,0.9998623132705688,0.00013768672943115234,0.7,1,BERT:bert_class_weighted,Class weight
481,emscad_03508,Apply using below link,Senior Engineer,1,1,0.0,1.0,0.7,1,BERT:bert_class_weighted,Class weight
482,emscad_03519,"1) Email marketing, Cold calling, making presentation to the clients",Business Development Expert,0,0,0.9989242553710938,0.00107574462890625,0.7,1,BERT:bert_class_weighted,Class weight
483,emscad_03522,Great Customer Service from Start to Finish,Marketing Associate,0,0,0.9998676776885986,0.0001323223114013672,0.7,1,BERT:bert_class_weighted,Class weight
484,emscad_03532,"SpotSource Solutions LLC is a Global Human Capital Management Consulting firm headquartered in Miami, Florida. Founded i",Sales Professional,0,0,0.9998676776885986,0.0001323223114013672,0.7,1,BERT:bert_class_weighted,Class weight
485,emscad_03545,humble is retail technology company based in Pietermaritzburg that builds cloud software for retailers. humble is growin,PHP Developer,0,0,0.9989833831787109,0.0010166168212890625,0.7,1,BERT:bert_class_weighted,Class weight
486,emscad_03551,"Electus believes in long-term relationships with our candidates. We provide a combination of recruiting expertise, data,",SoftwareTest Analyst with Selenium,0,0,0.9997053146362305,0.00029468536376953125,0.7,1,BERT:bert_class_weighted,Class weight
487,emscad_03552,We seek talented individuals to join our great team and be part of our success in the digital world!,Social Media Specialist,0,0,0.9986200332641602,0.0013799667358398438,0.7,1,BERT:bert_class_weighted,Class weight
488,emscad_03555,"Edwards Personnel are property recruitment specialists recruiting all positions within estate agency, lettings, property",Lettings Negotiator,0,0,0.999868631362915,0.00013136863708496094,0.7,1,BERT:bert_class_weighted,Class weight
489,emscad_03565,"Invenio Solutions established in 1994, is a full-service sales firm with a focus on high-quality lead development and ou",Lead Generator,0,0,0.9996969699859619,0.00030303001403808594,0.7,1,BERT:bert_class_weighted,Class weight
490,emscad_03576,H WEDIA είναι μια ταχύτατα αναπτυσσόμενη ελληνική digital εταιρεία που δραστηριοποιείται από το 2009 στο χώρο των ψηφιακ,Digital Copywriter,0,0,0.9998115301132202,0.00018846988677978516,0.7,1,BERT:bert_class_weighted,Class weight
491,emscad_03582,Contentful ( #URL_0252efddcbc4b8f51969fca7b054595976ea4678fd880b3653151e618d447b33# ) is an API-first content management,iOS / Cocoa Developer,0,0,0.9993395805358887,0.0006604194641113281,0.7,1,BERT:bert_class_weighted,Class weight
492,emscad_03585,"AREA 17 is an interactive agency. We take an interdisciplinary approach — blending the practices of design, technology a",iPhone / iPad Developer,0,0,0.9995460510253906,0.000453948974609375,0.7,1,BERT:bert_class_weighted,Class weight
493,emscad_03586,Missouri Valley Federal Credit Union (MOVFCU) was chartered in 1975 as CTC Central Region Federal Credit Union serving t,Teller Supervisor,0,0,0.9986200332641602,0.0013799667358398438,0.7,1,BERT:bert_class_weighted,Class weight
494,emscad_03592,"Novitex Enterprise Solutions, formerly Pitney Bowes Management Services, delivers innovative document and communications",Customer Service Associate,0,0,0.9998607635498047,0.0001392364501953125,0.7,1,BERT:bert_class_weighted,Class weight
495,emscad_03598,"ValleySoft is a fast growing global IT Services & Solutions company based in Silicon Valley, USA . At ValleySoft, we str",WebSphere Portal & J2EE Developer,0,0,0.9987354278564453,0.0012645721435546875,0.7,1,BERT:bert_class_weighted,Class weight
496,emscad_03601,Applied Memetics LLC is a professional services company dedicated to integrating and delivering best practice communicat,"Program Host, Indonesian Service",0,0,0.9997843503952026,0.00021564960479736328,0.7,1,BERT:bert_class_weighted,Class weight
497,emscad_03602,We’ve bitten off one of the greatest online challenges – using social data to improve customer experience – and turned i,QA Software Engineer,0,0,0.9996230602264404,0.0003769397735595703,0.7,1,BERT:bert_class_weighted,Class weight
498,emscad_03605,We Provide Full Time Permanent Positions for many medium to large US companies. We are interested in finding/recruiting ,Mechanical Project Engineers - Designing Piping - MS,0,0,0.9997860193252563,0.00021398067474365234,0.7,1,BERT:bert_class_weighted,Class weight
499,emscad_03606,CallCentre People Recruitment is recognised as being specialists within the CallCentre industry.,Business Development Manager,0,0,0.9998551607131958,0.00014483928680419922,0.7,1,BERT:bert_class_weighted,Class weight
500,emscad_03616,We have aggressive growth plans in place for the coming years. We provide a much needed service in facilitating the grow,"Account Sales Managers $80-$130,000/yr",1,1,0.0,1.0,0.7,1,BERT:bert_class_weighted,Class weight
501,emscad_03619,We have aggressive growth plans in place for the coming years. We provide a much needed service in facilitating the grow,"Agency Sales Managers $150-$175,000/yr",1,1,0.0,1.0,0.7,1,BERT:bert_class_weighted,Class weight
502,emscad_03621,"Empower America is mission driven to recruit, train and employ our military veterans into careers in renewable energy th",General Construction/General Labor,0,0,0.9996981620788574,0.0003018379211425781,0.7,1,BERT:bert_class_weighted,Class weight
503,emscad_03623,"Founded in 2010 by a team from Google’s London and New York offices, Qubit work with some of the biggest names in Online",Events Manager,0,0,0.9997843503952026,0.00021564960479736328,0.7,1,BERT:bert_class_weighted,Class weight
504,emscad_03624,"Argenta Field Solutions values the client, creates income streams for them through our sales mechanism and focuses on qu","Sales, Assistant Manager & Market Manager Positions Available",0,0,0.9996969699859619,0.00030303001403808594,0.7,1,BERT:bert_class_weighted,Class weight
505,emscad_03632,HGS is a world leader in Customer Relationship and Business Process Management. With a global footprint and an experienc,German Customer Service Advisor,0,0,0.9998751878738403,0.00012481212615966797,0.7,1,BERT:bert_class_weighted,Class weight
506,emscad_03653,Take Out Brands is a food franchise business with a #URL_4524df5c91ce800c4ba16ef1406d622db7d51d37105a7fcee27521e61854615,Part-time Pizza Delivery Drivers - Liverpool Allerton (L18),0,0,0.9999000430107117,9.995698928833008e-05,0.7,1,BERT:bert_class_weighted,Class weight
507,emscad_03665,"Daily Secret is one of the fastest growing digital media brand for premium audiences around the world, serving 1.8 milli",Channel Sales Manager,0,0,0.9998279809951782,0.00017201900482177734,0.7,1,BERT:bert_class_weighted,Class weight
508,emscad_03675,Designation: Trainee software engineer,Trainee software engineer,0,0,0.9933090209960938,0.00669097900390625,0.7,1,BERT:bert_class_weighted,Class weight
509,emscad_03683,About the Job,"Sales Representative, Commisions-based",0,0,0.9996640682220459,0.00033593177795410156,0.7,1,BERT:bert_class_weighted,Class weight
510,emscad_03684,Cookisto is a trusted community marketplace connecting talented home cooks with hungry locals. What started as a Master’,iOS Developer,0,0,0.9997220039367676,0.0002779960632324219,0.7,1,BERT:bert_class_weighted,Class weight
511,emscad_03702,"SummaView is een jong bedrijf uit Amersfoort die mensen, kennis en software levert ophet snijvlak van controlling en Bus",OUD: Blogger Business Intelligence 1.,0,0,0.9997575283050537,0.00024247169494628906,0.7,1,BERT:bert_class_weighted,Class weight
512,emscad_03707,Hill Robinson is seeking an operational yacht manager required for their Antibes office,Yacht Manager,0,0,0.9985923767089844,0.001407623291015625,0.7,1,BERT:bert_class_weighted,Class weight
513,emscad_03710,i28 Technologies has demonstrated expertise in areas strategic to different business in varying verticals. I28 Technolog,Net/C# Web Developer,0,0,0.9992575645446777,0.0007424354553222656,0.7,1,BERT:bert_class_weighted,Class weight
514,emscad_03713,About ADS Security – Our Proud History in the Security Industry,Entry Level with BBB A+ Company-Training Provided-Leadership Training,0,0,0.9998273849487305,0.00017261505126953125,0.7,1,BERT:bert_class_weighted,Class weight
515,emscad_03716,"Novitex Enterprise Solutions, formerly Pitney Bowes Management Services, delivers innovative document and communications",Enterprise Manager,0,0,0.999759316444397,0.00024068355560302734,0.7,1,BERT:bert_class_weighted,Class weight
516,emscad_03720,TidePool is a Quantified Self platform that focuses on Brain fitness. Using patented games and data collected implicitly,Mobile Engineer - Android,0,0,0.9994196891784668,0.0005803108215332031,0.7,1,BERT:bert_class_weighted,Class weight
517,emscad_03731,Envision Remodeling Co. is a Home Remodeling Contractor company located in the greater Michigan area. We have been provi,Customer Service Representative,0,0,0.9997892379760742,0.00021076202392578125,0.7,1,BERT:bert_class_weighted,Class weight
518,emscad_03738,Berry Clever is a social powered review site with a difference. Instead of sifting through lots of boring online reviews,Content Creator (for a mum / pet owner at home),0,0,0.9996614456176758,0.00033855438232421875,0.7,1,BERT:bert_class_weighted,Class weight
519,emscad_03744,One of the companies that I consult for is looking for a service technician to install/repair vacuum stuffers to US comp,Service Technician,0,0,0.9980955123901367,0.0019044876098632812,0.7,1,BERT:bert_class_weighted,Class weight
520,emscad_03775,We are looking for passionate individuals who will partner with us and ensure the long-term success of our business and ,Work from Home Executive Income and Lifestyle,0,0,0.9994926452636719,0.000507354736328125,0.7,1,BERT:bert_class_weighted,Class weight
521,emscad_03781,We are a small company with a stellar reputation that has been growing in leaps and bounds and are once again looking to,Solution Architect,0,0,0.9993891716003418,0.0006108283996582031,0.7,1,BERT:bert_class_weighted,Class weight
522,emscad_03788,Adzuna is one of London’s fastest-growing startups. We make it easier to find your perfect job. We search thousands of s,Country Managers for Netherlands and Poland,0,0,0.9997717142105103,0.0002282857894897461,0.7,1,BERT:bert_class_weighted,Class weight
523,emscad_03795,Atcom is a world - class software vendor of smart content management products for intelligent interactive media solution,System Administration,0,0,0.9998073577880859,0.0001926422119140625,0.7,1,BERT:bert_class_weighted,Class weight
524,emscad_03818,Pardon Services Canada is a national legal services company established in 1989.We serve as an advocate for Canadians wi,"Legal Services Clerk / Immigration Consultant, Downtown Vancouver",0,0,0.9998785257339478,0.0001214742660522461,0.7,1,BERT:bert_class_weighted,Class weight
525,emscad_03824,We are in need of a field crew chief with 3-5 years of experience. We perform large and small boundary surveys and comme,Land Surveying Field Crew Chief,0,0,0.9989681243896484,0.0010318756103515625,0.7,1,BERT:bert_class_weighted,Class weight
526,emscad_03832,About HitFigure:,Automotive Internet Sales Representative,0,0,0.999858021736145,0.00014197826385498047,0.7,1,BERT:bert_class_weighted,Class weight
527,emscad_03836,We Build Great Companies,HR expert,0,0,0.9993844032287598,0.0006155967712402344,0.7,1,BERT:bert_class_weighted,Class weight
528,emscad_03843,"""Our mission to our clients is to preserve their independence, enhance their quality of life, promote health & wellbeing",Caregiver Cass County,0,0,0.9998968839645386,0.00010311603546142578,0.7,1,BERT:bert_class_weighted,Class weight
529,emscad_03847,"Novitex Enterprise Solutions, formerly Pitney Bowes Management Services, delivers innovative document and communications",Customer Service Associate,0,0,0.9998528957366943,0.00014710426330566406,0.7,1,BERT:bert_class_weighted,Class weight
530,emscad_03849,We are looking for a QA Engineer to implement and maintain automation tests for our products.,QA Engineer,0,0,0.9991188049316406,0.000881195068359375,0.7,1,BERT:bert_class_weighted,Class weight
531,emscad_03855,Applied Memetics LLC is a professional services company dedicated to integrating and delivering best practice communicat,"Video Journalist, Mandarin Service",0,0,0.999771237373352,0.00022876262664794922,0.7,1,BERT:bert_class_weighted,Class weight
532,emscad_03866,Innovative technology for digital pathology and cancer diagnostics,Software Engineer - Java Server Applications,0,0,0.9986848831176758,0.0013151168823242188,0.7,1,BERT:bert_class_weighted,Class weight
533,emscad_03869,"Hospital in SW La. is seeking strong experience Lab Director, pref. hospital for profit experience with at least 5+ year","Director of Laboratory Services, Hospital",0,0,0.9995954036712646,0.00040459632873535156,0.7,1,BERT:bert_class_weighted,Class weight
534,emscad_03873,What is Curate?,PHP Developer (Contract),0,0,0.9996163845062256,0.00038361549377441406,0.7,1,BERT:bert_class_weighted,Class weight
535,emscad_03877,"Sales manager is overall and final responsible for creation and implementation of sustainable sales strategy, both for s",Sales Manager (2 positions),0,0,0.9997053146362305,0.00029468536376953125,0.7,1,BERT:bert_class_weighted,Class weight
536,emscad_03902,Established on the principles that full time education is not for everyone Spectrum Learning is made up of a team of pas,Brighton Beauty/Fragrance Promo Staff Needed,0,0,0.9998197555541992,0.00018024444580078125,0.7,1,BERT:bert_class_weighted,Class weight
537,emscad_03929,Description:,Financial Controller,0,0,0.9991974830627441,0.0008025169372558594,0.7,1,BERT:bert_class_weighted,Class weight
538,emscad_03936,"When it comes to know-how and networking for IT pros, web savvies and project managers, Software & Support Media Group i",Drupal / PHP Developer (fulltime or freelance),0,0,0.9996781349182129,0.0003218650817871094,0.7,1,BERT:bert_class_weighted,Class weight
539,emscad_03939,We are looking for a young energetic sales person that is willing to work on the weekends in different cities throughout,looking for sales agent with firearms parts and accessories backround,0,0,0.9998190402984619,0.00018095970153808594,0.7,1,BERT:bert_class_weighted,Class weight
540,emscad_03943,Workable is a venture-backed startup making cloud-based recruitment software for fast-growing companies around the world,Financial Controller,0,0,0.9994964599609375,0.0005035400390625,0.7,1,BERT:bert_class_weighted,Class weight
541,emscad_03948,Process Unlimited and Refined Resources have partnered up in an effort to streamline the hiring process and provide a mo,Project Manager: Engineer,1,1,0.0,1.0,0.7,1,BERT:bert_class_weighted,Class weight
542,emscad_03954,MarketInvoice is one of the most high-profile London based fin-tech companies. The Company is Europe’s leading P2P invoi,Portfolio Manager,0,0,0.9998204708099365,0.00017952919006347656,0.7,1,BERT:bert_class_weighted,Class weight
543,emscad_03958,Graphs are everywhere. From websites adding social capabilities to Telco’s providing personalized customer services to i,Team Lead Support Engineer,0,0,0.9997626543045044,0.00023734569549560547,0.7,1,BERT:bert_class_weighted,Class weight
544,emscad_03968,As a Data Scientist you will work with multiple data sets including client data (predominantly web analytics) and our ow,Data Scientist,0,0,0.9994544982910156,0.000545501708984375,0.7,1,BERT:bert_class_weighted,Class weight
545,emscad_04003,About Stylistpick,Head of Online Marketing,0,0,0.99981689453125,0.00018310546875,0.7,1,BERT:bert_class_weighted,Class weight
546,emscad_04006,"Eagle develops products and services that help our clients organise, analyse and manage genomic data. We’re based at the",Software developer,0,0,0.9991083145141602,0.0008916854858398438,0.7,1,BERT:bert_class_weighted,Class weight
547,emscad_04007,"GPL Technologies is a solutions provider focused on the design, implementation, and support of high-performance informat",Desktop Support Technician,0,0,0.9997045993804932,0.00029540061950683594,0.7,1,BERT:bert_class_weighted,Class weight
548,emscad_04008,Job Description,5 Test and Maintenance Engineers,0,0,0.9986305236816406,0.001369476318359375,0.7,1,BERT:bert_class_weighted,Class weight
549,emscad_04009,Applied Memetics LLC is a professional services company dedicated to integrating and delivering best practice communicat,"International Broadcaster, Ndebele and Shona languages",0,0,0.9998103380203247,0.00018966197967529297,0.7,1,BERT:bert_class_weighted,Class weight
550,emscad_04026,"Critical Nurse Staffing, Inc. is enrolled with the U.S Department of Labor to provide nursing care to the former defense","Home Health CNA- Kennewick, WA",0,0,0.9998476505279541,0.00015234947204589844,0.7,1,BERT:bert_class_weighted,Class weight
551,emscad_04027,The best word to describe PCP’s culture is PRIDE. Pride in our company. Pride in our job. And pride in our relationships,Data Entry Clerk,0,0,0.9995660781860352,0.00043392181396484375,0.7,1,BERT:bert_class_weighted,Class weight
552,emscad_04028,"S5 is the first range of certified organic cosmeceuticals, designed for skin concerns like blemishes, sensitivity, dryne",Senior Luxury Beauty Salesperson,0,0,0.9995424747467041,0.00045752525329589844,0.7,1,BERT:bert_class_weighted,Class weight
553,emscad_04043,"Skyplan Group is a fast growing consulting firm based in Hong Kong. We provide professional recruiting, outsourcing and ",Event & Exhibition Project Assistant / Executive,0,0,0.9997427463531494,0.00025725364685058594,0.7,1,BERT:bert_class_weighted,Class weight
554,emscad_04059,Applied Memetics LLC is a professional services company dedicated to integrating and delivering best practice communicat,"Social Media Strategist, Khmer Service",0,0,0.9997860193252563,0.00021398067474365234,0.7,1,BERT:bert_class_weighted,Class weight
555,emscad_04063,"AREA 17 is an interactive agency. We take an interdisciplinary approach — blending the practices of design, technology a",Interactive Designer,0,0,0.9996693134307861,0.0003306865692138672,0.7,1,BERT:bert_class_weighted,Class weight
556,emscad_04064,Established on the principles that full time education is not for everyone Spectrum Learning is made up of a team of pas,HP3 9RW Business Admin Apprenticeship government funding for 16-18 year olds only,0,0,0.9998307228088379,0.00016927719116210938,0.7,1,BERT:bert_class_weighted,Class weight
557,emscad_04068,"We are specialized in HR consulting, sourcing PhD, MSc & MEng professionals on permanent and contract level positions ac",Development/Application Engineer,0,0,0.9992589950561523,0.0007410049438476562,0.7,1,BERT:bert_class_weighted,Class weight
558,emscad_04071,Community Health Systems (CHS) seeks a Customer Service Rep to communicate with internal/external customers about interm,CUSTOMER SERVICE REPRESENTATIVE,1,0,0.9991927146911621,0.0008072853088378906,0.7,0,BERT:bert_class_weighted,Class weight
559,emscad_04072,"Valor Services provides Workforce Solutions that meet the needs of companies across the Private Sector, with a special f",Project Manager,0,0,0.9998770952224731,0.00012290477752685547,0.7,1,BERT:bert_class_weighted,Class weight
560,emscad_04073,EcomNets is an outsourcing provider of managed computing and co-location infrastructure for IT applications. By outsourc,Wanted: High-Performance Marketing Manager,0,0,0.9997208118438721,0.0002791881561279297,0.7,1,BERT:bert_class_weighted,Class weight
561,emscad_04076,"Assist in consolidating and developing the Clients application development standards, processes, and best practices to c",Application Developer,0,0,0.9980010986328125,0.0019989013671875,0.7,1,BERT:bert_class_weighted,Class weight
562,emscad_04084,We know your career is among the most important things in your life. Our company is currently seeking a Assistant Accoun,Accounting Assistant,0,1,0.0,1.0,0.7,0,BERT:bert_class_weighted,Class weight
563,emscad_04092,We Provide Full Time Permanent Positions for many medium to large US companies. We are interested in finding/recruiting ,Automotive Controls Engineer,0,0,0.9996132850646973,0.0003867149353027344,0.7,1,BERT:bert_class_weighted,Class weight
564,emscad_04094,Forward3D is the largest independent digital marketing agency in Britain. We run cutting edge digital marketing campaign,Digital Account Manager,0,0,0.9997626543045044,0.00023734569549560547,0.7,1,BERT:bert_class_weighted,Class weight
565,emscad_04100,The Albany Charter School Network is a family of charter schools in the City of Albany that works to prepare children fo,Middle School Science Teacher,0,0,0.9998551607131958,0.00014483928680419922,0.7,1,BERT:bert_class_weighted,Class weight
566,emscad_04107,We help teachers get safe & secure jobs abroad :),English Teacher Abroad (Conversational),0,0,0.9998761415481567,0.00012385845184326172,0.7,1,BERT:bert_class_weighted,Class weight
567,emscad_04108,"WillDom is a top notch IT Outsourcing Business Ecosystem, where each member contributes in creating world class value. W",Sr MS BI Developer/Architect,0,0,0.999110221862793,0.0008897781372070312,0.7,1,BERT:bert_class_weighted,Class weight
568,emscad_04115,Want to build a 21st century financial service?,Developer / Mobile (iOS or Android),0,0,0.9992446899414062,0.00075531005859375,0.7,1,BERT:bert_class_weighted,Class weight
569,emscad_04124,"Novitex Enterprise Solutions, formerly Pitney Bowes Management Services, delivers innovative document and communications",Customer Service Associate - Part Time,0,0,0.9998840689659119,0.00011593103408813477,0.7,1,BERT:bert_class_weighted,Class weight
570,emscad_04134,Symmetry Financial Group was established with the goal of helping to bring balance to the professional and personal live,Insurance Sales Representative,0,0,0.9997186660766602,0.00028133392333984375,0.7,1,BERT:bert_class_weighted,Class weight
571,emscad_04137,Envision Consulting conducts retained searches for nonprofit clients seeking to expand and enhance their mission through,SUNDAYS ONLY: Program Manager,0,0,0.9998176097869873,0.0001823902130126953,0.7,1,BERT:bert_class_weighted,Class weight
572,emscad_04147,Experience & Education,Senior .Net/C# Developer with Investment Banking / Trading Exp,0,0,0.9996953010559082,0.0003046989440917969,0.7,1,BERT:bert_class_weighted,Class weight
573,emscad_04149,"Picfair is an investment-backed startup in the heart of east London's tech scene, changing the way the image industry wo",Lead Ruby Developer,0,0,0.9998618364334106,0.00013816356658935547,0.7,1,BERT:bert_class_weighted,Class weight
574,emscad_04155,"Uni Baggage is the No.1 Student Shipping company in the UK, we ship for tens of thousands of students each term to over ",General/Office Manager,0,0,0.9998246431350708,0.00017535686492919922,0.7,1,BERT:bert_class_weighted,Class weight
575,emscad_04163,Mailjet is a market leading Email Service Provider with over 25 000 clients and rapidly expanding across Europe and abro,Global Head of Developer Evangelism,0,0,0.9996302127838135,0.00036978721618652344,0.7,1,BERT:bert_class_weighted,Class weight
576,emscad_04172,"Electus believes in long-term relationships with our candidates. We provide a combination of recruiting expertise, data,",DW Solution Architect(ODI is must),0,0,0.9997377395629883,0.00026226043701171875,0.7,1,BERT:bert_class_weighted,Class weight
577,emscad_04183,"WebLinc is the e-commerce platform and services provider for the fastest growing online retailers. WebLinc’s modern, agi",Quality Assurance Engineer,0,0,0.9998035430908203,0.0001964569091796875,0.7,1,BERT:bert_class_weighted,Class weight
578,emscad_04195,Web technology company currently has a vacancy for a PHP - Drupal Developer fluent in English. The selected candidate wi,PHP - Drupal Developer,0,0,0.998997688293457,0.0010023117065429688,0.7,1,BERT:bert_class_weighted,Class weight
579,emscad_04197,"We are looking for a driven, high energetic and high caliber young professional with interest in joining a startup based",Core member of startup in the hospitality industry,0,0,0.9997251033782959,0.00027489662170410156,0.7,1,BERT:bert_class_weighted,Class weight
580,emscad_04207,Proenza Schouler is looking for a HR Coordinator to join our corporate office in SoHo. This individual will be the prima,Human Resources Coordinator,0,0,0.9993772506713867,0.0006227493286132812,0.7,1,BERT:bert_class_weighted,Class weight
581,emscad_04210,"PINT is a leader in the web industry with 20 years of web design, software development and consulting experience. PINT's",Web Developer - JavaScript | PHP,0,0,0.9989681243896484,0.0010318756103515625,0.7,1,BERT:bert_class_weighted,Class weight
582,emscad_04214,Title: Plant Engineering Sales Director,Plant Engineering Sales Director,0,0,0.9870529174804688,0.01294708251953125,0.7,1,BERT:bert_class_weighted,Class weight
583,emscad_04233,"At Hayes-Corp, we create the fun stuff. With a focus on software development for mobile platforms, we are constantly loo",Director/Manager of People Operations,0,0,0.9997220039367676,0.0002779960632324219,0.7,1,BERT:bert_class_weighted,Class weight
584,emscad_04243,Front Row UK is an employment agency. We are currently recruiting an experienced Class 2 HIAB to work for a local DIY st,Class 2 Hiab Driver,0,0,0.9996929168701172,0.0003070831298828125,0.7,1,BERT:bert_class_weighted,Class weight
585,emscad_04249,"Line-Chef/Grill Chef required for a busy pub restaurant situated on the outskirts of Warrington, Cheshire. This business",*Line Chef/Grill Chef*,0,0,0.998997688293457,0.0010023117065429688,0.7,1,BERT:bert_class_weighted,Class weight
586,emscad_04263,CAKE is a marketing technology company providing the leading SaaS enterprise platform for real-time marketing intelligen,QA Analyst,0,0,0.9994544982910156,0.000545501708984375,0.7,1,BERT:bert_class_weighted,Class weight
587,emscad_04268,StepBeyond Solutions Inc. Talent Acquisition & Search Consulting The StepBeyond talent acquisition system includes a net,Web Developer,0,0,0.9996366500854492,0.00036334991455078125,0.7,1,BERT:bert_class_weighted,Class weight
588,emscad_04271,How often do you see the combination of solid history and explosive innovation? Hydro-Thermal is a global manufacturing ,Marketing Communications Specialist,0,0,0.999241828918457,0.0007581710815429688,0.7,1,BERT:bert_class_weighted,Class weight
589,emscad_04276,We’re always looking for highly motivated “founder-types” to join us as we grow. Here’s what you need to know.,Account Manager,0,0,0.9996697902679443,0.00033020973205566406,0.7,1,BERT:bert_class_weighted,Class weight
590,emscad_04293,"ValleySoft is a fast growing global IT Services & Solutions company based in Silicon Valley, USA . At ValleySoft, we str",Oracle IAM Architect,0,0,0.9994220733642578,0.0005779266357421875,0.7,1,BERT:bert_class_weighted,Class weight
591,emscad_04294,"Casafina is a new shopping destination for your home. Each day new sales go live at 7am and last for 72 hours, featuring",Junior Buyer,0,0,0.9997726678848267,0.00022733211517333984,0.7,1,BERT:bert_class_weighted,Class weight
592,emscad_04295,"Novitex Enterprise Solutions, formerly Pitney Bowes Management Services, delivers innovative document and communications",Customer Service Associate,0,0,0.9998377561569214,0.00016224384307861328,0.7,1,BERT:bert_class_weighted,Class weight
593,emscad_04311,"We are Netguru and we love to develop web application based on Ruby On Rails framework. We value quality, transparent co",Junior Ruby on Rails Developer [Warszawa],0,0,0.998997688293457,0.0010023117065429688,0.7,1,BERT:bert_class_weighted,Class weight
594,emscad_04313,"We are Netguru and we love to develop web application based on Ruby On Rails framework. We value quality, transparent co",Sales Support,0,0,0.9993548393249512,0.0006451606750488281,0.7,1,BERT:bert_class_weighted,Class weight
595,emscad_04352,"SpotSource Solutions LLC is a Global Human Capital Management Consulting firm headquartered in Miami, Florida. Founded i",Sales Leader - Healthcare Veterans,0,0,0.9998666048049927,0.00013339519500732422,0.7,1,BERT:bert_class_weighted,Class weight
596,emscad_04371,"Sinopoulos Panglobal Machinery, is established to be the official distributor of Förch products. Our team is a bonded gr",E-commerce Marketing Specialist,0,0,0.9998073577880859,0.0001926422119140625,0.7,1,BERT:bert_class_weighted,Class weight
597,emscad_04377,Growth Intelligence is a pioneer of nowcasting: tracking the finances of millions of companies at the same time using re,Python Developer at Growth Intelligence,0,0,0.9997686147689819,0.0002313852310180664,0.7,1,BERT:bert_class_weighted,Class weight
598,emscad_04387,Pico is a financial technology services firm and an agency only broker dealer established under the business principles ,Network Analyst,0,0,0.9997074604034424,0.0002925395965576172,0.7,1,BERT:bert_class_weighted,Class weight
599,emscad_04403,Gary Cartwright established Cartwright Property Management in 2007 to help manage the HOAs that were created when his de,Sales Representative,1,1,0.0,1.0,0.7,1,BERT:bert_class_weighted,Class weight
600,emscad_04410,i28 Technologies has demonstrated expertise in areas strategic to different business in varying verticals. I28 Technolog,Desktop / Windows 7 Engineer,0,0,0.9994058609008789,0.0005941390991210938,0.7,1,BERT:bert_class_weighted,Class weight
601,emscad_04414,Applied Memetics LLC is a professional services company dedicated to integrating and delivering best practice communicat,"TV Video Editor I, Burmese Service",0,0,0.9998147487640381,0.00018525123596191406,0.7,1,BERT:bert_class_weighted,Class weight
602,emscad_04422,Work with Team Ookla,Operations or Business Director,0,0,0.9996273517608643,0.0003726482391357422,0.7,1,BERT:bert_class_weighted,Class weight
603,emscad_04423,"Solid company with great management team, potential for growth!",Systems Administrator,0,0,0.9993834495544434,0.0006165504455566406,0.7,1,BERT:bert_class_weighted,Class weight
604,emscad_04426,About the Company We are ticketscript - the European market leaders in digital self-ticketing. Whether it’s massive danc,Sales Manager Spain,0,0,0.9997575283050537,0.00024247169494628906,0.7,1,BERT:bert_class_weighted,Class weight
605,emscad_04444,"Brainbow is a London-based startup founded by entrepreneurs from Google, Amazon, Playfish / EA and academia with a missi",Data analyst intern,0,0,0.9997005462646484,0.0002994537353515625,0.7,1,BERT:bert_class_weighted,Class weight
606,emscad_04449,"Position Summary The Asset Manager will plan, develop and execute on a wide variety of projects, across a number of func",Oil/Gas Asset Manager,1,0,0.943603515625,0.056396484375,0.7,0,BERT:bert_class_weighted,Class weight
607,emscad_04451,We Provide Full Time Permanent Positions for many medium to large US companies. We are interested in finding/recruiting ,CNC Machinist,0,0,0.9997885227203369,0.00021147727966308594,0.7,1,BERT:bert_class_weighted,Class weight
608,emscad_04457,EROAD was established to modernise New Zealand’s paper-based RUC regime and in 2009 launched the world’s first GPS/cellu,Chief Financial Officer,0,0,0.9998273849487305,0.00017261505126953125,0.7,1,BERT:bert_class_weighted,Class weight
609,emscad_04466,United Cerebral Palsy of Oregon & SW Washington (UCP) supports adults with all kinds of developmental disabilities (not ,Support Specialist (Caregiver) for Two Cool Young Men,0,0,0.9998722076416016,0.0001277923583984375,0.7,1,BERT:bert_class_weighted,Class weight
610,emscad_04467,Applied Memetics LLC is a professional services company dedicated to integrating and delivering best practice communicat,"International Broadcaster, Greek Language",0,0,0.9997843503952026,0.00021564960479736328,0.7,1,BERT:bert_class_weighted,Class weight
611,emscad_04478,Our company is building the next generation of video-on-demand (VOD) in Europe and we are currently looking for the next,Business Analyst,0,0,0.9996323585510254,0.0003676414489746094,0.7,1,BERT:bert_class_weighted,Class weight
612,emscad_04480,"As augmented reality jobs go, one at Blippar is hard to beat. We are a rapidly expanding creative startup at the forefro",Senior Designer,0,0,0.9996087551116943,0.00039124488830566406,0.7,1,BERT:bert_class_weighted,Class weight
613,emscad_04510,Applied Memetics LLC is a professional services company dedicated to integrating and delivering best practice communicat,"Producer, Hausa Language",0,0,0.9998012781143188,0.00019872188568115234,0.7,1,BERT:bert_class_weighted,Class weight
614,emscad_04513,Make the Connection is seeking veterans for a 45 minute taped interview about resources veterans used to improve their w,45 min Veteran Interview - $100 gift card,0,0,0.9996519088745117,0.00034809112548828125,0.7,1,BERT:bert_class_weighted,Class weight
615,emscad_04514,ding* is the world’s largest top-up provider. Created to help people working abroad to support and keep in touch with lo,Graduate Support Desk Supremo,0,0,0.9998259544372559,0.00017404556274414062,0.7,1,BERT:bert_class_weighted,Class weight
616,emscad_04516,Tailor is a digital agency specialising in three things:,.NET Web Developer,0,0,0.9993624687194824,0.0006375312805175781,0.7,1,BERT:bert_class_weighted,Class weight
617,emscad_04518,"QB Medical, Inc. is a growing medical supply distributor. We specialize in medical product sales to the federal governme",Soucing Specialist,0,0,0.999539852142334,0.0004601478576660156,0.7,1,BERT:bert_class_weighted,Class weight
618,emscad_04523,"- Drives the sales effort within assigned accounts through continual contact, consultative approach to understand the bu",Branch Manager,0,0,0.9996957778930664,0.00030422210693359375,0.7,1,BERT:bert_class_weighted,Class weight
619,emscad_04525,Growth Intelligence is a pioneer of nowcasting: tracking the finances of millions of companies at the same time using re,Senior Developer at Growth Intelligence,0,0,0.9998176097869873,0.0001823902130126953,0.7,1,BERT:bert_class_weighted,Class weight
620,emscad_04532,"At Cedexis, we’re passionate about solutions for a faster web and we need people to bring our message to the world.",Sr. Designer,0,0,0.9996731281280518,0.0003268718719482422,0.7,1,BERT:bert_class_weighted,Class weight
621,emscad_04542,"Novitex Enterprise Solutions, formerly Pitney Bowes Management Services, delivers innovative document and communications",Lobby Ambassador,0,0,0.9998681545257568,0.00013184547424316406,0.7,1,BERT:bert_class_weighted,Class weight
622,emscad_04548,Applied Memetics LLC is a professional services company dedicated to integrating and delivering best practice communicat,"Producer, Dari and Pashto Languages",0,0,0.9998190402984619,0.00018095970153808594,0.7,1,BERT:bert_class_weighted,Class weight
623,emscad_04553,"Industrial Color Software is a division of Industrial Color Brands, a family of vertically integrated creative productio",iOS Developer,0,0,0.9995243549346924,0.0004756450653076172,0.7,1,BERT:bert_class_weighted,Class weight
624,emscad_04557,"We required freelancers, students to work in Web Related Field with passion and interest.","freelancers, students required in Web Related Field",0,0,0.9976444244384766,0.0023555755615234375,0.7,1,BERT:bert_class_weighted,Class weight
625,emscad_04567,E-Hospitality is an IT / Hospitality company focusing on the global meeting industry. With its product Book2Meet (previo,Android developer (internship),0,0,0.9996323585510254,0.0003676414489746094,0.7,1,BERT:bert_class_weighted,Class weight
626,emscad_04577,"Intercom ( #URL_cb674f93cbcd215a3a0a57a8615a565545949eead8adbbc73307c26d6a6af81b# ) is a simple, personal messaging serv",Technical Recruiter,0,0,0.9995121955871582,0.0004878044128417969,0.7,1,BERT:bert_class_weighted,Class weight
627,emscad_04585,Proenza Schouler is looking for an experienced Office Manager to work in our SoHo corporate headquarters. This individua,Office Manager,0,0,0.9997267723083496,0.0002732276916503906,0.7,1,BERT:bert_class_weighted,Class weight
628,emscad_04616,"Purchase, track and follow all material sample orders from inception to delivery ensuring supplier is able to meet deadl",Fabric Research & Development Assistant,0,0,0.999547004699707,0.00045299530029296875,0.7,1,BERT:bert_class_weighted,Class weight
629,emscad_04619,"We're Food52, and we've created a groundbreaking and award-winning cooking site. We support, connect, and celebrate home",Part-Time Provisions Sourcing Associate,0,0,0.9998012781143188,0.00019872188568115234,0.7,1,BERT:bert_class_weighted,Class weight
630,emscad_04621,What we’re looking for:,Senior API/Services Engineer,0,0,0.999237060546875,0.000762939453125,0.7,1,BERT:bert_class_weighted,Class weight
631,emscad_04624,"Infolob Solutions is a leader in Managed IT services, Enterprise Application Software, IT staffing and Consulting and Ap",Hadoop consultant,0,0,0.9992208480834961,0.0007791519165039062,0.7,1,BERT:bert_class_weighted,Class weight
632,emscad_04625,Can data be a thing of beauty? We think so.,UI / UX Designer Developer,0,0,0.9996626377105713,0.00033736228942871094,0.7,1,BERT:bert_class_weighted,Class weight
633,emscad_04644,"We have a really cool opportunity to join a best in field team on a tremendously interesting datacentric project, workin",Senior Test Analyst,0,0,0.9997241497039795,0.0002758502960205078,0.7,1,BERT:bert_class_weighted,Class weight
634,emscad_04653,Established on the principles that full time education is not for everyone Spectrum Learning is made up of a team of pas,DL4 1DT Business Admin Apprenticeship Under NAS 16-18 Year Olds Only,0,0,0.9998161792755127,0.0001838207244873047,0.7,1,BERT:bert_class_weighted,Class weight
635,emscad_04694,Pack Events is an innovative company that is bridging the gap between the real world and the virtual world. Pack Events ,Technology Sales to the Shopping/Retail Industry,0,0,0.9995810985565186,0.0004189014434814453,0.7,1,BERT:bert_class_weighted,Class weight
636,emscad_04695,Our Client business based in Crawley is looking to recruit a Accountant to support the company's continued growth.,Accountant,0,0,0.9997607469558716,0.00023925304412841797,0.7,1,BERT:bert_class_weighted,Class weight
637,emscad_04696,Position Summary:,Project Controller Oil and Gas Approval Center/Houston,1,1,0.05810546875,0.94189453125,0.7,1,BERT:bert_class_weighted,Class weight
638,emscad_04705,WHY WORK AT IMAGINET,SharePoint Designer/Developer,0,0,0.9989700317382812,0.00102996826171875,0.7,1,BERT:bert_class_weighted,Class weight
639,emscad_04718,"Recruitment to Recruitment specialists, covering the UK.",Temp/Perm Consultant,0,0,0.9997838735580444,0.0002161264419555664,0.7,1,BERT:bert_class_weighted,Class weight
640,emscad_04726,"Founded in 2003, by Yale University graduate Chris Sandeman and Edinburgh College of Art graduate Peregrin Hodgkinson, S",Meeting Point Manager - International Tourism Company in Manhattan,0,0,0.9998968839645386,0.00010311603546142578,0.7,1,BERT:bert_class_weighted,Class weight
641,emscad_04731,"Located amidst the picturesque mountains of Dharamshala, Development Logics has been setup by seasoned professionals, wi",Customer Support Executives,0,0,0.9997589588165283,0.0002410411834716797,0.7,1,BERT:bert_class_weighted,Class weight
642,emscad_04756,Capoo provide talent consultancy for fast growth digital & tech companies. We are passionate about changing the way in w,System Administrator,0,0,0.9993515014648438,0.00064849853515625,0.7,1,BERT:bert_class_weighted,Class weight
643,emscad_04758,Assisting Director of Purchasing in daily tasks which includes purchasing of capital items for 25 (and growing) Skilled ,Executive Assistant - Purchasing Department,0,0,0.999786376953125,0.000213623046875,0.7,1,BERT:bert_class_weighted,Class weight
644,emscad_04764,"Join our fast growing, vibrant, fun-loving, energetic team in revolutionising vehicle retailing",c# developer,0,0,0.9996988773345947,0.00030112266540527344,0.7,1,BERT:bert_class_weighted,Class weight
645,emscad_04774,"Skills:.Net, C#, Sitecore, CMS, JavaScript, HTML, CSS, JQuery, Strong communications skills. Leading bank based in downt",".Net, C#, Sitecore, CMS, JavaScript - .Net Sitecore Developer",0,0,0.998870849609375,0.001129150390625,0.7,1,BERT:bert_class_weighted,Class weight
646,emscad_04781,"Working on helping company's clients better assess and improve their operations, grow their revenue and manage risks to ",Data Analyst,0,0,0.9980545043945312,0.00194549560546875,0.7,1,BERT:bert_class_weighted,Class weight
647,emscad_04788,"We're Food52, and we've created a groundbreaking and award-winning cooking site. We support, connect, and celebrate home",Part-Time Bookkeeper,0,0,0.9998118877410889,0.0001881122589111328,0.7,1,BERT:bert_class_weighted,Class weight
648,emscad_04789,"SpotSource Solutions LLC is a Global Human Capital Management Consulting firm headquartered in Miami, Florida. Founded i",Affiliate Manager,0,0,0.9998691082000732,0.0001308917999267578,0.7,1,BERT:bert_class_weighted,Class weight
649,emscad_04803,"For over 20 years NAC Marketing Company, LLC d/b/a New Vitality has helped people be healthy and live better by marketin",Temporary Phone Sales Representative,0,0,0.9997885227203369,0.00021147727966308594,0.7,1,BERT:bert_class_weighted,Class weight
650,emscad_04806,United Cerebral Palsy of Oregon & SW Washington (UCP) supports adults with all kinds of developmental disabilities (not ,"Full-Time Weekend Caregiver for a Gentle, Kind Woman",0,0,0.999880850315094,0.00011914968490600586,0.7,1,BERT:bert_class_weighted,Class weight
651,emscad_04812,"Lorem ipsum dolor sit amet, consectetur adipiscing elit. Etiam laoreet ultricies tellus tincidunt semper. Nulla facilisi",Sir Awesome,1,0,0.942138671875,0.057861328125,0.7,0,BERT:bert_class_weighted,Class weight
652,emscad_04817,"Newmedica is a dynamic, innovative UK healthcare company that works in partnership with the NHS to deliver specialist cl","Clinic Assistant, Eye Clinic, Sudbury Primary Care Centre",0,0,0.9998534917831421,0.00014650821685791016,0.7,1,BERT:bert_class_weighted,Class weight
653,emscad_04821,Roland & Associates is a Corporate Recruitment Organization providing solutions to Global MNC’s for the past 12 years.,Senior IT Security Lead (SIEM / IDS),0,0,0.9997597932815552,0.00024020671844482422,0.7,1,BERT:bert_class_weighted,Class weight
654,emscad_04828,"SpotSource Solutions LLC is a Global Human Capital Management Consulting firm headquartered in Miami, Florida. Founded i",Web Developer - ECommerce,0,0,0.9998352527618408,0.0001647472381591797,0.7,1,BERT:bert_class_weighted,Class weight
655,emscad_04831,"Novitex Enterprise Solutions, formerly Pitney Bowes Management Services, delivers innovative document and communications",Customer Service Associate-Receptionist,0,0,0.9998607635498047,0.0001392364501953125,0.7,1,BERT:bert_class_weighted,Class weight
656,emscad_04836,Applied Memetics LLC is a professional services company dedicated to integrating and delivering best practice communicat,"TV Video Editor I, Cantonese Service",0,0,0.9998219013214111,0.0001780986785888672,0.7,1,BERT:bert_class_weighted,Class weight
657,emscad_04842,"Responsible for organizational functions and general meeting support - including arranging, follow up calls, maintaining",Project Coordinator for Operations,0,0,0.9986801147460938,0.00131988525390625,0.7,1,BERT:bert_class_weighted,Class weight
658,emscad_04880,incrediblue is busting the myth that boating is only for the rich and famous by enabling any traveller to book an amazin,Frontend web developer,0,0,0.9997612237930298,0.00023877620697021484,0.7,1,BERT:bert_class_weighted,Class weight
659,emscad_04891,"Cin7 is total inventory, warehouse and point of sale cloud software in one seamless system. Used by retail, wholesale an",Channel Manager,0,0,0.9997658729553223,0.00023412704467773438,0.7,1,BERT:bert_class_weighted,Class weight
660,emscad_04900,Applied Memetics LLC is a professional services company dedicated to integrating and delivering best practice communicat,"Graphic Artist Production Assistant, Creative Services Division",0,0,0.9997800588607788,0.0002199411392211914,0.7,1,BERT:bert_class_weighted,Class weight
661,emscad_04921,Essence London is a members lifestyle club – offering bespoke concierge service and proactive assistance to a select few,Lifestyle Consultant,0,0,0.9998154640197754,0.00018453598022460938,0.7,1,BERT:bert_class_weighted,Class weight
662,emscad_04942,"We build software for fashion retailers, to help them make the right commercial decisions about what to sell, and how to",Fashion & Retail Market Analyst,0,0,0.9997988939285278,0.00020110607147216797,0.7,1,BERT:bert_class_weighted,Class weight
663,emscad_04944,"Our team is made of designers, physics wizards, educators, writers, musicians, and illustrators. We work together to bui",Production Designer,0,0,0.9992818832397461,0.0007181167602539062,0.7,1,BERT:bert_class_weighted,Class weight
664,emscad_04950,"This initiative is being led by a very talented, energetic and inspirational group of young Greek leaders called “Global",Internship (Engineering),0,0,0.9997782707214355,0.00022172927856445312,0.7,1,BERT:bert_class_weighted,Class weight
665,emscad_04951,ConsumerTrack is a technology-centric internet marketing company built on a culture of excellence. We are the preferred ,Executive Recruiter,0,0,0.999687910079956,0.0003120899200439453,0.7,1,BERT:bert_class_weighted,Class weight
666,emscad_04956,"#URL_31fdc354999cbb96507ebbe4e9c4aa7eed5edd0dd1c0816b36e0f4c681f01fac# is a marketplace for Bitcoin, everyone’s favourit",Fraud Engineer / Data-mining Expert,0,0,0.9997022151947021,0.00029778480529785156,0.7,1,BERT:bert_class_weighted,Class weight
667,emscad_04958,If working in a cubical seems like your idea of hell then joining our awesome startup team might be the opportunity you’,Data Analyst,0,0,0.9997029304504395,0.0002970695495605469,0.7,1,BERT:bert_class_weighted,Class weight
668,emscad_04964,InVision is a venture-backed startup working to create the world's best design communication and collaboration platform.,Marketing Automation Manager (remote/telecommute),0,0,0.9994602203369141,0.0005397796630859375,0.7,1,BERT:bert_class_weighted,Class weight
669,emscad_04976,"As one of the nation’s leading compounding pharmacies, we offer patients and healthcare providers access to experts in p","Pharmaceutical Sales (Alexandria, VA)",0,0,0.9998511075973511,0.00014889240264892578,0.7,1,BERT:bert_class_weighted,Class weight
670,emscad_04984,Visual BI is one of the leading and fastest growing firms focusing exclusively on BI & Analytics. Our offerings cover en,SAP BOBJ Sr. Developer,0,0,0.9994845390319824,0.0005154609680175781,0.7,1,BERT:bert_class_weighted,Class weight
671,emscad_04992,"Shippers Supply, Inc., founded in 1928, is an independently owned and operated wholesale distributor of shipping, packag",Warehouse Associate,0,0,0.9998421669006348,0.00015783309936523438,0.7,1,BERT:bert_class_weighted,Class weight
672,emscad_04994,Want to build a 21st century financial service?,In-house Recruiter,0,0,0.9997752904891968,0.00022470951080322266,0.7,1,BERT:bert_class_weighted,Class weight
673,emscad_04996,Operations Support,Operations Support,0,0,0.999879002571106,0.00012099742889404297,0.7,1,BERT:bert_class_weighted,Class weight
674,emscad_04999,"Recombine provides clinical genetic testing. CarrierMap, the first product created at Recombine, is the most comprehensi",Product Manager,0,0,0.9993734359741211,0.0006265640258789062,0.7,1,BERT:bert_class_weighted,Class weight
675,emscad_05019,"""Our mission to our clients is to preserve their independence, enhance their quality of life, promote health & wellbeing",Caregiver/HHA/CNA- Covert/South Haven,0,0,0.9998660087585449,0.00013399124145507812,0.7,1,BERT:bert_class_weighted,Class weight
676,emscad_05023,Massive Media is the social media company behind the successful digital brands #URL_18234f381f5e7b9a9ffdc727cd05c9046edf,Information Guru - Netlog,0,0,0.9995858669281006,0.00041413307189941406,0.7,1,BERT:bert_class_weighted,Class weight
677,emscad_05032,"Imagine this: you have a job using your Professional Warehouse and Labor skills, where you're empowered to work on your ",Cold Storage Pickers needed $10.00,0,0,0.9996132850646973,0.0003867149353027344,0.7,1,BERT:bert_class_weighted,Class weight
678,emscad_05034,Operations Manager Job Category: Supervisory Country: Philippines Location: Pasig,Operations Manager,0,0,0.9990053176879883,0.0009946823120117188,0.7,1,BERT:bert_class_weighted,Class weight
679,emscad_05039,SDI Marketing started in 1988 as a small marketing agency with one simple philosophy: make our client's business our bus,Mystery Shopper - Illinois,0,0,0.9998633861541748,0.0001366138458251953,0.7,1,BERT:bert_class_weighted,Class weight
680,emscad_05042,An IT Recruiter is required by Templeton and Partners - a fast growing Hot 100 recruitment company and a highly stable a,IT Recruitment Consultant - international markets,0,0,0.9998706579208374,0.00012934207916259766,0.7,1,BERT:bert_class_weighted,Class weight
681,emscad_05043,"AGOGO creates a personalized audio channel by bringing together your favorite programming -- news, entertainment, sports",Senior Front End Engineer,0,0,0.999771237373352,0.00022876262664794922,0.7,1,BERT:bert_class_weighted,Class weight
682,emscad_05046,"If you aspire to become an entrepreneur or/and be successful in new business ventures, you need to be part of a business",Core member of a fast growing hospitality startup,0,0,0.9995102882385254,0.0004897117614746094,0.7,1,BERT:bert_class_weighted,Class weight
683,emscad_05051,"ABC Supply Co., Inc. is the nation’s largest wholesale distributor of roofing and one of the largest distributors of sid",Outside Sales Professional-Waucanda,0,0,0.9998440742492676,0.00015592575073242188,0.7,1,BERT:bert_class_weighted,Class weight
684,emscad_05055,"Major's RV the premier RV service center for the south shore, cape and islands is accepting applications for a medium/he",Medium/Heavy duty gas and diesel technician,0,0,0.9996867179870605,0.0003132820129394531,0.7,1,BERT:bert_class_weighted,Class weight
685,emscad_05082,Unify — formerly known as Siemens Enterprise Communications — is a premier communications software and services firms. O,Web Applications Developer for Management Portal,0,0,0.9995026588439941,0.0004973411560058594,0.7,1,BERT:bert_class_weighted,Class weight
686,emscad_05084,Position oversees nursing telemetry through multiple floors of general acute care hospital (less than 500 beds.),Director Nursing Telemetry (hospital near West Los Angeles),0,0,0.9997988939285278,0.00020110607147216797,0.7,1,BERT:bert_class_weighted,Class weight
687,emscad_05088,Come on in.,Device Quality Engineering Lead,0,0,0.9995994567871094,0.000400543212890625,0.7,1,BERT:bert_class_weighted,Class weight
688,emscad_05090,"We're artists, thinkers, and doers in an open, collaborative, and challenging environment. We love to work our hearts ou",Senior Product Manager,0,0,0.999608039855957,0.00039196014404296875,0.7,1,BERT:bert_class_weighted,Class weight
689,emscad_05105,NOW: Pensions is a UK based multi-employer trust serving thousands of employers and hundreds of thousands of employees f,Speculative Application,0,0,0.9998911023139954,0.00010889768600463867,0.7,1,BERT:bert_class_weighted,Class weight
690,emscad_05113,Our passion for improving quality of life through geography is at the heart of everything we do. Esri’s geographic infor,Junior Account Executive - Charlotte,0,0,0.999833345413208,0.0001666545867919922,0.7,1,BERT:bert_class_weighted,Class weight
691,emscad_05121,"Babbel enables anyone to learn languages in an easy and interactive way. The learning system offers 13 languages, from E",Team Assistant Didactics (m/f),0,0,0.9997537136077881,0.00024628639221191406,0.7,1,BERT:bert_class_weighted,Class weight
692,emscad_05123,"УУРРАА - технологическая компания, работающая в сфере B2B в России.",Business analyst,0,0,0.9998458623886108,0.00015413761138916016,0.7,1,BERT:bert_class_weighted,Class weight
693,emscad_05124,"Want to work in a cool company with awesome benefits, cool culture, lots of freedom and the agile way of doing things? R",Lead .NET Developer,0,0,0.9994945526123047,0.0005054473876953125,0.7,1,BERT:bert_class_weighted,Class weight
694,emscad_05126,Our company is a young and highly dynamic b2b & online multi-channel and multi-national retailer working very closely wi,Business Development & Sales Consultant,0,0,0.999771237373352,0.00022876262664794922,0.7,1,BERT:bert_class_weighted,Class weight
695,emscad_05128,"Novitex Enterprise Solutions, formerly Pitney Bowes Management Services, delivers innovative document and communications",Customer Service Associate,0,0,0.9998522996902466,0.00014770030975341797,0.7,1,BERT:bert_class_weighted,Class weight
696,emscad_05131,"If you have an appetite for new technology and a desire to be part of a rapidly growing company, then OpenCrowd is for y",User Experience Architect,0,0,0.9989414215087891,0.0010585784912109375,0.7,1,BERT:bert_class_weighted,Class weight
697,emscad_05154,Flite delivers ad innovation at scale to the world's top publishers and brands. Marketers use the self-service Flite Pla,Front-End Engineer,0,0,0.9996011257171631,0.00039887428283691406,0.7,1,BERT:bert_class_weighted,Class weight
698,emscad_05155,SettlementOne Valuation is currently seeking experienced mid to high-level Sales Professionals with strong B2B and insid,Account Executive,0,0,0.9997241497039795,0.0002758502960205078,0.7,1,BERT:bert_class_weighted,Class weight
699,emscad_05157,Gust is a global platform for the sourcing and management of early-stage investments. Gust enables skilled entrepreneurs,Senior Visual Designer,0,0,0.9997704029083252,0.0002295970916748047,0.7,1,BERT:bert_class_weighted,Class weight
700,emscad_05159,"Novitex Enterprise Solutions, formerly Pitney Bowes Management Services, delivers innovative document and communications",Customer Service Associate,0,0,0.9998666048049927,0.00013339519500732422,0.7,1,BERT:bert_class_weighted,Class weight
701,emscad_05166,May answer telephone and/or greets visitors giving general information in response to inquiries. May deliver oral and wr,Administrative/Clerical,1,1,0.0,1.0,0.7,1,BERT:bert_class_weighted,Class weight
702,emscad_05170,Established on the principles that full time education is not for everyone Spectrum Learning is made up of a team of pas,Burnley Business Admin Apprenticeship Under NAS 16-18 Year Olds Only,0,0,0.9998470544815063,0.00015294551849365234,0.7,1,BERT:bert_class_weighted,Class weight
703,emscad_05172,Essential Duties:,Referrals Specialist,0,0,0.998805046081543,0.0011949539184570312,0.7,1,BERT:bert_class_weighted,Class weight
704,emscad_05177,"As one of the world’s leading staffing companies, our primary objective is clear-cut: To perfectly align the best people",Retail Associate,0,0,0.999305248260498,0.0006947517395019531,0.7,1,BERT:bert_class_weighted,Class weight
705,emscad_05181,Applied Memetics LLC is a professional services company dedicated to integrating and delivering best practice communicat,"Graphic Artist, Persian Language",0,0,0.9997917413711548,0.00020825862884521484,0.7,1,BERT:bert_class_weighted,Class weight
706,emscad_05188,"Campus Concepts we are a National Sports Marketing Firm with National Headquarters located in Los Angeles, CA. Campuses ",Sales - Sports Advertising Sales,0,0,0.9996781349182129,0.0003218650817871094,0.7,1,BERT:bert_class_weighted,Class weight
707,emscad_05204,EUROPEAN DYNAMICS (#URL_c66532ffa1ce76ab447da6774719060c42c584edbf44d74cdb94fc4ac219ca45#) is a leading European Softwar,Java Developer,0,0,0.9994196891784668,0.0005803108215332031,0.7,1,BERT:bert_class_weighted,Class weight
708,emscad_05207,"Hi, we are dopios",Senior Software Developer,0,0,0.999603271484375,0.000396728515625,0.7,1,BERT:bert_class_weighted,Class weight
709,emscad_05215,We’re not doctors. We are geeks who understand doctors.,Android Programmer,0,0,0.9997973442077637,0.00020265579223632812,0.7,1,BERT:bert_class_weighted,Class weight
710,emscad_05217,"Novitex Enterprise Solutions, formerly Pitney Bowes Management Services, delivers innovative document and communications",Customer Service Driver I,0,0,0.9998612403869629,0.00013875961303710938,0.7,1,BERT:bert_class_weighted,Class weight
711,emscad_05218,We are looking for an intermediate level web developer with a thirst for professional and personal growth that needs to ,Web Developer,0,0,0.999605655670166,0.0003943443298339844,0.7,1,BERT:bert_class_weighted,Class weight
712,emscad_05224,Applied Memetics LLC is a professional services company dedicated to integrating and delivering best practice communicat,"Program Host, Khmer Service",0,0,0.9997900724411011,0.00020992755889892578,0.7,1,BERT:bert_class_weighted,Class weight
713,emscad_05226,Established on the principles that full time education is not for everyone Spectrum Learning is made up of a team of pas,Beauty & Fragrance consultants needed,0,0,0.9998470544815063,0.00015294551849365234,0.7,1,BERT:bert_class_weighted,Class weight
714,emscad_05227,"Valor Services provides Workforce Solutions that meet the needs of companies across the Private Sector, with a special f",HR Assistant,0,0,0.9998818039894104,0.00011819601058959961,0.7,1,BERT:bert_class_weighted,Class weight
715,emscad_05234,"Come be a part of one of the fastest growing, well-funded and exciting startups in Silicon Valley. Peel makes the world’",DevOps Engineer,0,0,0.9996633529663086,0.00033664703369140625,0.7,1,BERT:bert_class_weighted,Class weight
716,emscad_05239,Lafayette Habilitation Center creates a unique balance between creating a caring home environment and providing professi,FT & PT Prep/Cook,0,0,0.999739408493042,0.0002605915069580078,0.7,1,BERT:bert_class_weighted,Class weight
717,emscad_05246,"Omega Systems Group, Inc. is a professional services and management consulting firm, specializing in providing IT servic",Senior Developer,0,0,0.998774528503418,0.0012254714965820312,0.7,1,BERT:bert_class_weighted,Class weight
718,emscad_05274,H WEDIA είναι μια ταχύτατα αναπτυσσόμενη ελληνική digital εταιρεία που δραστηριοποιείται από το 2009 στο χώρο των ψηφιακ,Back End PHP Developer,0,0,0.9998066425323486,0.0001933574676513672,0.7,1,BERT:bert_class_weighted,Class weight
719,emscad_05276,"Babbel enables anyone to learn languages in an easy and interactive way. The learning system offers 13 languages, from E",Junior App Store Manager,0,0,0.9996964931488037,0.00030350685119628906,0.7,1,BERT:bert_class_weighted,Class weight
720,emscad_05285,"Social Media has the power to shape, educate and grow amazing organisations across the world. We're on a mission to make",Senior Developer,0,0,0.9995195865631104,0.00048041343688964844,0.7,1,BERT:bert_class_weighted,Class weight
721,emscad_05287,"Taxibeat is changing the global taxi industry. It's an easy to use, convenient and contemporary way to hail and book a t","Country Manager, Colombia",0,0,0.9998103380203247,0.00018966197967529297,0.7,1,BERT:bert_class_weighted,Class weight
722,emscad_05290,"NY Marketing Firm is family-owned and operated right here in New York, NY. Other companies may offer similar services, b",Management - Entry-Level,0,0,0.9998073577880859,0.0001926422119140625,0.7,1,BERT:bert_class_weighted,Class weight
723,emscad_05292,"Growing event production company providing staging, scenic, and drapery primarily in the state of Florida. We have a sec",Office Manager,0,0,0.9997730255126953,0.0002269744873046875,0.7,1,BERT:bert_class_weighted,Class weight
724,emscad_05293,"We provide a fresh perspective to HR and career solutions. Building on solid expertise, international experience, and a ",Key Account Manager,0,0,0.9997463226318359,0.0002536773681640625,0.7,1,BERT:bert_class_weighted,Class weight
725,emscad_05299,"Inctor Consulting is world wide known for advising, and giving answers to some of the most difficult hurdles but providi",Customer Assistant,1,0,0.9983930587768555,0.0016069412231445312,0.7,0,BERT:bert_class_weighted,Class weight
726,emscad_05301,Fast growing agency focused on innovation are looking for both freelance and perm CQ Back End Developers.,CQ Back End Developer,0,0,0.9991321563720703,0.0008678436279296875,0.7,1,BERT:bert_class_weighted,Class weight
727,emscad_05303,Applied Memetics LLC is a professional services company dedicated to integrating and delivering best practice communicat,"International Broadcaster, Creole Service",0,0,0.9997631311416626,0.00023686885833740234,0.7,1,BERT:bert_class_weighted,Class weight
728,emscad_05304,We're looking for individuals who understand that it takes great ideas and hard work to create something amazing. Let ev,Email / Web Designer,0,0,0.9997215270996094,0.000278472900390625,0.7,1,BERT:bert_class_weighted,Class weight
729,emscad_05309,"Depop is an exciting new mobile marketplace where you can sell things by simply taking a picture, as well as follow your","VP/General Manager, US",0,0,0.99971604347229,0.00028395652770996094,0.7,1,BERT:bert_class_weighted,Class weight
730,emscad_05313,"With our head office in Radstock the Unique Group cover Recruitment, Security, Training, Facilities Management & Franchi",Senior Consultant / Manager,0,0,0.99981689453125,0.00018310546875,0.7,1,BERT:bert_class_weighted,Class weight
731,emscad_05316,"Babbel enables anyone to learn languages in an easy and interactive way. The learning system offers 13 languages, from E",Scrum Master / Agile Coach,0,0,0.9998365640640259,0.0001634359359741211,0.7,1,BERT:bert_class_weighted,Class weight
732,emscad_05320,Established on the principles that full time education is not for everyone Spectrum Learning is made up of a team of pas,RECRUITMENT CONSULTANT - Sth Yorks,0,0,0.9998595714569092,0.0001404285430908203,0.7,1,BERT:bert_class_weighted,Class weight
733,emscad_05335,We Provide Full Time Permanent Positions for many medium to large US companies. We are interested in finding/recruiting ,"Production Supervisor - cincinnati, OH - Permanent Position",0,0,0.9998176097869873,0.0001823902130126953,0.7,1,BERT:bert_class_weighted,Class weight
734,emscad_05338,hello world,Technical Writer,0,0,0.9997293949127197,0.00027060508728027344,0.7,1,BERT:bert_class_weighted,Class weight
735,emscad_05351,KEY RESPONSIBILITIES/DUTIES:-,Geospatial Surveyor,0,0,0.9982624053955078,0.0017375946044921875,0.7,1,BERT:bert_class_weighted,Class weight
736,emscad_05360,"Infolob Solutions is a leader in Managed IT services, Enterprise Application Software, IT staffing and Consulting and Ap",Java Developer with FX,0,0,0.9994544982910156,0.000545501708984375,0.7,1,BERT:bert_class_weighted,Class weight
737,emscad_05374,Established on the principles that full time education is not for everyone Spectrum Learning is made up of a team of pas,PR2 8EA Apprentice Admin Assistant government funding 16-18 year olds only!,0,0,0.9998313188552856,0.00016868114471435547,0.7,1,BERT:bert_class_weighted,Class weight
738,emscad_05378,"QB Medical Inc. is a medical supply distributor located in Chula Vista, CA. Founded in 2005, we now services over 100 go",Product Sourcing,0,0,0.9997681379318237,0.00023186206817626953,0.7,1,BERT:bert_class_weighted,Class weight
739,emscad_05379,"Collabera is a fast growing, end-to-end information technology services and solutions provider working with leading Glob",Project Administrator Project Support,0,0,0.9996492862701416,0.00035071372985839844,0.7,1,BERT:bert_class_weighted,Class weight
740,emscad_05384,Visual BI is one of the leading and fastest growing firms focusing exclusively on BI & Analytics. Our offerings cover en,SAP BW Lead/Architect,0,0,0.99959397315979,0.00040602684020996094,0.7,1,BERT:bert_class_weighted,Class weight
741,emscad_05397,NFP is a leader in the delivery of benefits solutions for companies of all sizes and in the delivery of life insurance a,Account Executive,0,0,0.9997148513793945,0.00028514862060546875,0.7,1,BERT:bert_class_weighted,Class weight
742,emscad_05416,The candidate will be delivering materials to and from job sites. They will answer to the General Manager and assist in ,Delivery Driver,0,0,0.9996206760406494,0.00037932395935058594,0.7,1,BERT:bert_class_weighted,Class weight
743,emscad_05420,Upstream’s mission is to revolutionise the way companies market to consumers through cutting edge technology. This is an,Systems Engineer,0,0,0.9997367858886719,0.000263214111328125,0.7,1,BERT:bert_class_weighted,Class weight
744,emscad_05431,"ABC Supply Co., Inc. is the nation’s largest wholesale distributor of roofing and one of the largest distributors of sid",Outside Sales Professional-Greater St. Paul Area,0,0,0.9998691082000732,0.0001308917999267578,0.7,1,BERT:bert_class_weighted,Class weight
745,emscad_05436,Corporate overview,Mechanical Assembly & Test Technician,1,1,0.0,1.0,0.7,1,BERT:bert_class_weighted,Class weight
746,emscad_05439,Multi-Tiered Animal Rescue & Education Solution dedicated to saving as many animals as possible!,Chief Technical Officer,0,0,0.999880850315094,0.00011914968490600586,0.7,1,BERT:bert_class_weighted,Class weight
747,emscad_05447,PGI is a fast growing organic herb/spice/botanicals importing and production company that utilizes extensive food safety,"Warehouse Staff @ PGI, a Food Production Company",0,0,0.9997743368148804,0.0002256631851196289,0.7,1,BERT:bert_class_weighted,Class weight
748,emscad_05462,"Job Overview Are you looking for a job where you get paid to travel, see new faces, and experience new places? Well, thi",Field Technician,0,0,0.9997779130935669,0.00022208690643310547,0.7,1,BERT:bert_class_weighted,Class weight
749,emscad_05465,Pardon Services Canada is a national legal services company established in 1989.We serve as an advocate for Canadians wi,Inbound Marketer/Growth Hacker,0,0,0.9997954368591309,0.00020456314086914062,0.7,1,BERT:bert_class_weighted,Class weight
750,emscad_05474,"""Our mission to our clients is to preserve their independence, enhance their quality of life, promote health & wellbeing",Scheduling Assistant,0,0,0.9997704029083252,0.0002295970916748047,0.7,1,BERT:bert_class_weighted,Class weight
751,emscad_05482,We are looking for a web developer who would like to join Adform Marketing Team in Vilnius.,Web Developer @ Marketing Team,0,0,0.9990763664245605,0.0009236335754394531,0.7,1,BERT:bert_class_weighted,Class weight
752,emscad_05483,"Itsa Southern Thing Apparel owns several clothing brands: Eat More Tees, Itsa Girl Thing, and Fripp & Folly. We strive t",Graphics Artist,0,0,0.9994196891784668,0.0005803108215332031,0.7,1,BERT:bert_class_weighted,Class weight
753,emscad_05485,Human capital is usually the biggest asset and expense for a company. Making the right hire – the first time – is critic,Accounting Manager,0,0,0.9998927712440491,0.00010722875595092773,0.7,1,BERT:bert_class_weighted,Class weight
754,emscad_05497,We Provide Full Time Permanent Positions for many medium to large US companies. We are interested in finding/recruiting ,Quality Manager,0,0,0.9997103214263916,0.00028967857360839844,0.7,1,BERT:bert_class_weighted,Class weight
755,emscad_05501,The Account Manager / Outside Sales Professional for Geeks123 will be directly responsible for selling our packaged solu,Account Manager / Outside Sales Professional,0,0,0.9996287822723389,0.0003712177276611328,0.7,1,BERT:bert_class_weighted,Class weight
756,emscad_05502,"We build software for fashion retailers, to help them make the right commercial decisions about what to sell, and how to",Strategic Account Director - London,0,0,0.9997782707214355,0.00022172927856445312,0.7,1,BERT:bert_class_weighted,Class weight
757,emscad_05508,Who is Ramberg Associates?,Specialists and GPs Required Australia wide!,0,0,0.9999039173126221,9.608268737792969e-05,0.7,1,BERT:bert_class_weighted,Class weight
758,emscad_05510,Inviting inspirational individuals,Test Analyst,0,0,0.999771237373352,0.00022876262664794922,0.7,1,BERT:bert_class_weighted,Class weight
759,emscad_05513,Fundation is a technology-empowered direct lender that delivers small balance commercial loans nationwide. The firm prov,Chief Revenue Officer - High Growth Speciality Finance Company,0,0,0.99973464012146,0.00026535987854003906,0.7,1,BERT:bert_class_weighted,Class weight
760,emscad_05515,The smarter way to invest,Director of Marketing,0,0,0.9997107982635498,0.0002892017364501953,0.7,1,BERT:bert_class_weighted,Class weight
761,emscad_05549,"As augmented reality jobs go, one at Blippar is hard to beat. We are a rapidly expanding creative startup at the forefro",Publisher Partnerships Manager,0,0,0.9996933937072754,0.0003066062927246094,0.7,1,BERT:bert_class_weighted,Class weight
762,emscad_05551,We are a digital marketing agency with an emphasis upon quality development that is developed and sold in a consultative,"Hiring New and Experienced Truck Drivers - $3,000-10k Sign on bonus - Start Next Week",0,0,0.9996230602264404,0.0003769397735595703,0.7,1,BERT:bert_class_weighted,Class weight
763,emscad_05557,"Focus Lab, LLC is a boutique brand and interactive design company headquartered in the heart of Savannah, Ga. Our client",Lead Developer,0,0,0.999605655670166,0.0003943443298339844,0.7,1,BERT:bert_class_weighted,Class weight
764,emscad_05558,"Brand Apps is a exciting, young company that creates mobile apps to help small businesses promote themselves. We are pas",PHP Developer,0,0,0.9995720386505127,0.0004279613494873047,0.7,1,BERT:bert_class_weighted,Class weight
765,emscad_05562,"Founded in 2010 by a team from Google’s London and New York offices, Qubit work with some of the biggest names in Online",Accounting Administrator (Part time),0,0,0.9997686147689819,0.0002313852310180664,0.7,1,BERT:bert_class_weighted,Class weight
766,emscad_05590,"Neverbland is a team of designers, developers and doers. Specialists in user experience, interaction design and product ",Digital Producer,0,0,0.9995408058166504,0.0004591941833496094,0.7,1,BERT:bert_class_weighted,Class weight
767,emscad_05593,The smarter way to invest,Marketing Campaign Manager,0,0,0.9997124671936035,0.0002875328063964844,0.7,1,BERT:bert_class_weighted,Class weight
768,emscad_05595,"As one of the nation’s leading compounding pharmacies, we offer patients and healthcare providers access to experts in p","Pharmaceutical Sales (Bethesda, MD)",0,0,0.9998219013214111,0.0001780986785888672,0.7,1,BERT:bert_class_weighted,Class weight
769,emscad_05598,"The Central California SPCA (CCSPCA), established in 1946 and located in Fresno County, California, is a 501(c)(3) non-p",Veterinary Assistant/RVT,0,0,0.9997800588607788,0.0002199411392211914,0.7,1,BERT:bert_class_weighted,Class weight
770,emscad_05600,Upstream’s mission is to revolutionise the way companies market to consumers through cutting edge technology. This is an,Quality Assurance Engineer,0,0,0.9997305870056152,0.0002694129943847656,0.7,1,BERT:bert_class_weighted,Class weight
771,emscad_05602,"Located in the heart of downtown Kansas City, we’re redefining the future of fan engagement and innovative business solu",Client Services Manager,0,0,0.9998239278793335,0.0001760721206665039,0.7,1,BERT:bert_class_weighted,Class weight
772,emscad_05610,Medopad is the leading enterprise mobile health solution that delivers patient information and clinical applications str,Software & System Test Engineer,0,0,0.9997498989105225,0.00025010108947753906,0.7,1,BERT:bert_class_weighted,Class weight
773,emscad_05611,"Optometric practice is seeking a full-time Optical Sales for our Plainview, New York location. To apply for this positio",Optical Sales,1,1,0.0,1.0,0.7,1,BERT:bert_class_weighted,Class weight
774,emscad_05613,"We’re looking for a talented web designer that strives to create the best experiences possible, whilst ensuring that the",Web Designer,0,0,0.9993410110473633,0.0006589889526367188,0.7,1,BERT:bert_class_weighted,Class weight
775,emscad_05616,Cogo Labs is the technology-driven incubator of some of the Boston area's fastest-growing web companies. Our proprietary,Software Engineer (Ruby),0,0,0.9998266696929932,0.00017333030700683594,0.7,1,BERT:bert_class_weighted,Class weight
776,emscad_05618,Cash in on the health care craze with a company that is on the fortune 500 list and also has an excellant credit rating.,Marketing appointment setter/field rep,0,0,0.9998111724853516,0.0001888275146484375,0.7,1,BERT:bert_class_weighted,Class weight
777,emscad_05631,Xplenty is all about making complex stuff look easy and enabling sophisticated Big Data technologies to the masses. Work,Technical Support Engineer,0,0,0.9994935989379883,0.0005064010620117188,0.7,1,BERT:bert_class_weighted,Class weight
778,emscad_05637,WHO WE ARE In2media has ever since the early start in 1994 grown into being a full service digital agency. Following the,Project Manager,0,0,0.9996163845062256,0.00038361549377441406,0.7,1,BERT:bert_class_weighted,Class weight
779,emscad_05639,"Brand Apps is a exciting, young company that creates mobile apps to help small businesses promote themselves. We are pas",Operations Manager,0,0,0.9995987415313721,0.0004012584686279297,0.7,1,BERT:bert_class_weighted,Class weight
780,emscad_05645,"Brand Apps is a exciting, young company that creates mobile apps to help small businesses promote themselves. We are pas",Administrator,0,0,0.9995660781860352,0.00043392181396484375,0.7,1,BERT:bert_class_weighted,Class weight
781,emscad_05648,TunedIn is a social media startup on a mission to revolutionize the television watching experience. Thanks to the introd,Digital Marketing Manager,0,0,0.9994163513183594,0.000583648681640625,0.7,1,BERT:bert_class_weighted,Class weight
782,emscad_05660,Roka Security is a boutique security firm that specializes in full-scale network protection and defending against advanc,Software Developer / Engineer,0,0,0.9995777606964111,0.0004222393035888672,0.7,1,BERT:bert_class_weighted,Class weight
783,emscad_05661,We are looking for a skilled HR manager to oversee all aspects of Human Resources practices and processes. You will supp,HR Manager,0,0,0.9993834495544434,0.0006165504455566406,0.7,1,BERT:bert_class_weighted,Class weight
784,emscad_05665,"Stokes Automotive Group-Beaufort is a family owned and operated dealer group in Beaufort, SC. Stokes is the leader in th",Office Manager,0,0,0.9997721910476685,0.00022780895233154297,0.7,1,BERT:bert_class_weighted,Class weight
785,emscad_05675,Want to build a 21st century financial service?,Communications Assistant,0,0,0.9997458457946777,0.0002541542053222656,0.7,1,BERT:bert_class_weighted,Class weight
786,emscad_05678,VSO brings people together to fight poverty by delivering innovative development programmes in 36 of the poorest countri,Senior Corporate Partnership Development Manager,0,0,0.9997726678848267,0.00022733211517333984,0.7,1,BERT:bert_class_weighted,Class weight
787,emscad_05686,Pardon Services Canada is a national legal services company established in 1989.We serve as an advocate for Canadians wi,Marketing and Business Development Intern,0,0,0.9997929334640503,0.00020706653594970703,0.7,1,BERT:bert_class_weighted,Class weight
788,emscad_05698,"Why Choose AECOM? Imagine working for a truly global company whose 45,000 employees share a singular passion: to make th",Construction Engineer,1,1,0.0,1.0,0.7,1,BERT:bert_class_weighted,Class weight
789,emscad_05700,We are a visual technology startup pioneering powerful immersive experiences for next generation wearable displays. Cond,3D Audio Engineer,0,0,0.9993748664855957,0.0006251335144042969,0.7,1,BERT:bert_class_weighted,Class weight
790,emscad_05701,"""Our mission to our clients is to preserve their independence, enhance their quality of life, promote health & wellbeing",Caregiver-Cass/Berrien/Van Buren Counties,0,0,0.9998246431350708,0.00017535686492919922,0.7,1,BERT:bert_class_weighted,Class weight
791,emscad_05702,"Lean Startup Machine (LSM), a VC backed company, is changing the way entrepreneurs and Fortune 500 companies build produ",Sales Development Associate,0,0,0.9996659755706787,0.00033402442932128906,0.7,1,BERT:bert_class_weighted,Class weight
792,emscad_05703,Ahoy there adventurer! Join us aboard the good ship Locish as we bravely steer our beloved vessel across the ocean of am,Copywriter (Gunner),0,0,0.9997293949127197,0.00027060508728027344,0.7,1,BERT:bert_class_weighted,Class weight
793,emscad_05724,About the Company We are ticketscript - the European market leaders in digital self-ticketing. Whether it’s massive danc,Administrative Assistant Payables,0,0,0.9996581077575684,0.0003418922424316406,0.7,1,BERT:bert_class_weighted,Class weight
794,emscad_05731,"We started making apps the day App Store opened. Initially, we developed iOS apps for other companies, but in 2011 we st",Web Developer,0,0,0.9995760917663574,0.0004239082336425781,0.7,1,BERT:bert_class_weighted,Class weight
795,emscad_05735,Work for a world leading NGO- Non Governmental Organisation,Part Time Ground representative,0,1,0.09228515625,0.90771484375,0.7,0,BERT:bert_class_weighted,Class weight
796,emscad_05746,NOW: Pensions is a UK based multi-employer trust serving thousands of employers and hundreds of thousands of employees f,IT Infrastructure and Control Manager,0,0,0.9998936057090759,0.00010639429092407227,0.7,1,BERT:bert_class_weighted,Class weight
797,emscad_05765,"Planning Center Online has been making revolutionary applications for churches since 2006. Our premier product, Planning",Jr. Android Developer,0,0,0.999687910079956,0.0003120899200439453,0.7,1,BERT:bert_class_weighted,Class weight
798,emscad_05774,We Provide Full Time Permanent Positions for many medium to large US companies. We are interested in finding/recruiting ,Sales Engineer,0,0,0.9997825622558594,0.000217437744140625,0.7,1,BERT:bert_class_weighted,Class weight
799,emscad_05775,MarketInvoice is one of the most high-profile London based fin-tech companies. The Company is Europe’s leading P2P invoi,Data Engineer - Risk,0,0,0.9998133182525635,0.00018668174743652344,0.7,1,BERT:bert_class_weighted,Class weight
800,emscad_05798,We have summer position in our Graphic Design/Prepress department. Join our team of professionals and work in our printi,Graphic Design/Prepress,0,0,0.9993038177490234,0.0006961822509765625,0.7,1,BERT:bert_class_weighted,Class weight
801,emscad_05800,InVision is a venture-backed startup working to create the world's best design communication and collaboration platform.,Full-Stack Analytics Engineer (remote/telecommute),0,0,0.9994220733642578,0.0005779266357421875,0.7,1,BERT:bert_class_weighted,Class weight
802,emscad_05804,About ECHOING GREEN :,Online Community Manager,0,0,0.999832034111023,0.00016796588897705078,0.7,1,BERT:bert_class_weighted,Class weight
803,emscad_05806,CallCentre People Recruitment is recognised as being specialists within the CallCentre industry.,Outbound Appointment Setter,0,0,0.9997224807739258,0.00027751922607421875,0.7,1,BERT:bert_class_weighted,Class weight
804,emscad_05817,Medopad is the leading enterprise mobile health solution that delivers patient information and clinical applications str,Java Developer,0,0,0.999701738357544,0.0002982616424560547,0.7,1,BERT:bert_class_weighted,Class weight
805,emscad_05826,"The successful candidate will have a strong background in MS Windows systems administration, preferably in a MS Server 2",System Administrator,0,0,0.9982004165649414,0.0017995834350585938,0.7,1,BERT:bert_class_weighted,Class weight
806,emscad_05830,#URL_e837e935106c9b32dff718b3aff43001785693e48a3ebed31444faf85ee2da31# (“PPH”) is a global online services marketplace t,Community Manager,0,0,0.9998326301574707,0.00016736984252929688,0.7,1,BERT:bert_class_weighted,Class weight
807,emscad_05832,"Softomotive Ltd is a Software Development company located in Athens, Greece. We specialize in Process Automation softwar",Customer Support Representative for Software Development Company,0,0,0.9990835189819336,0.0009164810180664062,0.7,1,BERT:bert_class_weighted,Class weight
808,emscad_05833,Peer-to-Peer and designers fashion rental marketplace that allows women to never wear the same thing twice by renting cl,CFO co-founder,0,0,0.999764084815979,0.0002359151840209961,0.7,1,BERT:bert_class_weighted,Class weight
809,emscad_05840,"WillDom is a top notch IT Outsourcing Business Ecosystem, where each member contributes in creating world class value. W",Sr Java-Cloud Developer,0,0,0.999168872833252,0.0008311271667480469,0.7,1,BERT:bert_class_weighted,Class weight
810,emscad_05843,We Provide Full Time Permanent Positions for many medium to large US companies. We are interested in finding/recruiting ,Process Engineer - Manufacturing Environment Exp - LA,0,0,0.9998799562454224,0.00012004375457763672,0.7,1,BERT:bert_class_weighted,Class weight
811,emscad_05845,"Skills: HTML, CSS3 & JavaScript, Server-Side coding, Web Design, Adaptive & Responsive Techniques, and Sitecore a plus. ","HTML, CSS3 & JavaScript, Web Design - Sr. Front End Developer",0,0,0.9991540908813477,0.0008459091186523438,0.7,1,BERT:bert_class_weighted,Class weight
812,emscad_05859,One of the growth successful interactive accountable digital networks broadcasting DOOH interactive entertainment is see,Media Sales Manager - In New Media Advertising (DOOH),0,0,0.9997560977935791,0.00024390220642089844,0.7,1,BERT:bert_class_weighted,Class weight
813,emscad_05860,Live It China Limited (#URL_0389a2a7444c0bba5f6d58972ba5ec7c28feca6c25e0ae80063c1298e7f0395e#) is a free and open social,Digital Marketing Manager,0,0,0.9997560977935791,0.00024390220642089844,0.7,1,BERT:bert_class_weighted,Class weight
814,emscad_05876,Tel Tech Networks is a Voice/Data/Video/Security systems contractor operating primarily in the Southwestern United State,Security Field Tech,0,0,0.9996345043182373,0.0003654956817626953,0.7,1,BERT:bert_class_weighted,Class weight
815,emscad_05879,"Stokes Automotive Group-Beaufort is a family owned and operated dealer group in Beaufort, SC. Stokes is the leader in th",Customer Care Representative,0,0,0.9997518062591553,0.00024819374084472656,0.7,1,BERT:bert_class_weighted,Class weight
816,emscad_05896,Ideal CRM is a sales consulting firm focused on Customer Relationship Management. We specialize in building and implemen,Associate,0,0,0.9994125366210938,0.00058746337890625,0.7,1,BERT:bert_class_weighted,Class weight
817,emscad_05899,"Founded by serial entrepreneur Clive Jackson and launched in 2011, Victor is one of the world’s most trusted names in pr",Head of Sales,0,0,0.9998096227645874,0.00019037723541259766,0.7,1,BERT:bert_class_weighted,Class weight
818,emscad_05911,"import•io was founded in 2012 by David White (CEO), Andrew Fogg (CDO) and Matt Painter (CTO) with a unique vision: to ma",SEO Analyst,0,0,0.9996438026428223,0.0003561973571777344,0.7,1,BERT:bert_class_weighted,Class weight
819,emscad_05912,"import•io was founded in 2012 by David White (CEO), Andrew Fogg (CDO) and Matt Painter (CTO) with a unique vision: to ma",Senior Web Developer,0,0,0.9996049404144287,0.00039505958557128906,0.7,1,BERT:bert_class_weighted,Class weight
820,emscad_05914,"Job Description We are seeking a self-motivated Field Technician to join our team in Westminster, Colorado and become an",Field Technician,0,0,0.9995694160461426,0.0004305839538574219,0.7,1,BERT:bert_class_weighted,Class weight
821,emscad_05915,"Founded in 2010 by a team from Google’s London and New York offices, Qubit work with some of the biggest names in Online",Graduate Account Manager 2015,0,0,0.9998035430908203,0.0001964569091796875,0.7,1,BERT:bert_class_weighted,Class weight
822,emscad_05920,"Commerzbank’s presence in the UK dates back to 1873, originating from a stake in London & Hanseatic Bank. Commerzbank op",Equity Derivatives / Junior Sales position,0,0,0.9998384714126587,0.0001615285873413086,0.7,1,BERT:bert_class_weighted,Class weight
823,emscad_05926,Saras America's Microsoft Center of Excellence can help you:,Siebel Integration Developer,0,0,0.9995272159576416,0.00047278404235839844,0.7,1,BERT:bert_class_weighted,Class weight
824,emscad_05928,Apps for Good ( #URL_937118d268463f038aabd860063eb978f7ad6c0a78ed8e595e39bfa1de380e90# ) is an award-winning technology ,Front-end designer,0,0,0.9997386932373047,0.0002613067626953125,0.7,1,BERT:bert_class_weighted,Class weight
825,emscad_05931,"Mini Raxevsky S.A. is a leading International clothing company specializing in Infant, Christening, Baby and Childrens c",Fashion E-shop Administrator,0,0,0.9995064735412598,0.0004935264587402344,0.7,1,BERT:bert_class_weighted,Class weight
826,emscad_05944,Job Description,Admin Assistant TX,1,1,0.00048828125,0.99951171875,0.7,1,BERT:bert_class_weighted,Class weight
827,emscad_05947,You will be joining a small (10) but highly productive development team. This will be a high impact role building out th,UX Designer,0,0,0.9968757629394531,0.003124237060546875,0.7,1,BERT:bert_class_weighted,Class weight
828,emscad_05948,Reel Creative Studios is a multi purpose production studio located in Chelsea NYC. Our goal is to help our clients achie,DP - Director of Photography,0,0,0.9996063709259033,0.0003936290740966797,0.7,1,BERT:bert_class_weighted,Class weight
829,emscad_05963,EUROPEAN DYNAMICS (#URL_c66532ffa1ce76ab447da6774719060c42c584edbf44d74cdb94fc4ac219ca45#) is a leading European Softwar,Vaadin Developer,0,0,0.9995737075805664,0.00042629241943359375,0.7,1,BERT:bert_class_weighted,Class weight
830,emscad_05964,Title:,Application Developer/SQL Server,0,0,0.9955062866210938,0.00449371337890625,0.7,1,BERT:bert_class_weighted,Class weight
831,emscad_05967,Contentful ( #URL_0252efddcbc4b8f51969fca7b054595976ea4678fd880b3653151e618d447b33# ) is an API-first content management,Senior Operational Manager,0,0,0.9995102882385254,0.0004897117614746094,0.7,1,BERT:bert_class_weighted,Class weight
832,emscad_05973,We are a startup looking for someone who is an expert in developing a mobile app and can do it at a breakneck speed. The,Mobile App Developer,0,0,0.9986591339111328,0.0013408660888671875,0.7,1,BERT:bert_class_weighted,Class weight
833,emscad_05977,"ValleySoft is a fast growing global IT Services & Solutions company based in Silicon Valley, USA . At ValleySoft, we str",PeopleSoft HR Functional Lead,0,0,0.9992985725402832,0.0007014274597167969,0.7,1,BERT:bert_class_weighted,Class weight
834,emscad_05986,"Modern Automotive Performance is a growth oriented eCommerce and manufacturing company based out of Cottage Grove, Minne",Sales Representative,0,0,0.9997103214263916,0.00028967857360839844,0.7,1,BERT:bert_class_weighted,Class weight
835,emscad_05992,"POS-X is a rapidly growing point-of-sale hardware manufacturer located in Bellingham, WA. The POS-X environment consists",West Coast Regional Channel Manager (RCM),0,0,0.9997315406799316,0.0002684593200683594,0.7,1,BERT:bert_class_weighted,Class weight
836,emscad_05993,Visual BI is one of the leading and fastest growing firms focusing exclusively on BI & Analytics. Our offerings cover en,BI Practice Manager,0,0,0.9995584487915039,0.00044155120849609375,0.7,1,BERT:bert_class_weighted,Class weight
837,emscad_06006,CAKE is a marketing technology company providing the leading SaaS enterprise platform for real-time marketing intelligen,.NET Developer,0,0,0.9992861747741699,0.0007138252258300781,0.7,1,BERT:bert_class_weighted,Class weight
838,emscad_06010,Join one of the fastest growing industries in the country! Large independent Coffee Company is seeking aggressive indivi,Account Executive,0,0,0.999445915222168,0.0005540847778320312,0.7,1,BERT:bert_class_weighted,Class weight
839,emscad_06013,"Riskalyze is revolutionizing the way people invest, by aligning the world’s investments with investor risk tolerance. Na",Systems Engineer,0,0,0.9996788501739502,0.0003211498260498047,0.7,1,BERT:bert_class_weighted,Class weight
840,emscad_06030,"""Our mission to our clients is to preserve their independence, enhance their quality of life, promote health & wellbeing",Direct Care Attendant,0,0,0.9997833967208862,0.00021660327911376953,0.7,1,BERT:bert_class_weighted,Class weight
841,emscad_06033,"Signkick have created Europe’s leading digital platform for ordering, booking and planning Outdoor Advertising campaigns",Head of Engineering / Lead developer,0,0,0.9998845458030701,0.00011545419692993164,0.7,1,BERT:bert_class_weighted,Class weight
842,emscad_06036,Adthena is the UK’s leading competitive intelligence service for Google search advertisers. Adthena is loved by major br,Account Manager - Sydney,0,0,0.9998722076416016,0.0001277923583984375,0.7,1,BERT:bert_class_weighted,Class weight
843,emscad_06040,Niume - #URL_e06648815acd73292232d21a27c09a4ba49bd2cf5bc35ad55cbf175b5061596b#,Mobile Application Developer,0,0,0.999539852142334,0.0004601478576660156,0.7,1,BERT:bert_class_weighted,Class weight
844,emscad_06044,Controller Chaos opened for business in early 2008 to fill a void we saw in the gaming world - quality modded controller,Customer Service Rep,0,0,0.9996273517608643,0.0003726482391357422,0.7,1,BERT:bert_class_weighted,Class weight
845,emscad_06045,"codebender is an online platform for makers, hobbyists and engineers. In other words, an online IDE and community for Ar",C++ Developer for NPAPI Cross-Browser Plugin,0,0,0.9990887641906738,0.0009112358093261719,0.7,1,BERT:bert_class_weighted,Class weight
846,emscad_06048,Praxis Life Sciences is a dynamic project management and consultancy practice servicing the life sciences industry. Prax,Summer 2015 Intern,0,0,0.9998021125793457,0.00019788742065429688,0.7,1,BERT:bert_class_weighted,Class weight
847,emscad_06049,Human capital is usually the biggest asset and expense for a company. Making the right hire – the first time – is critic,Director of Computer and Server Validation,0,0,0.9997186660766602,0.00028133392333984375,0.7,1,BERT:bert_class_weighted,Class weight
848,emscad_06050,“Pride is a personal commitment. It is an attitude which separates excellence from mediocrity.” – Author Unknown,Retail Staff Member,0,0,0.9997584819793701,0.0002415180206298828,0.7,1,BERT:bert_class_weighted,Class weight
849,emscad_06055,"At FutureLearn, we want to inspire learning for life. We offer a diverse selection of free, high quality online courses ",Operations Support Lead,0,0,0.9997997283935547,0.0002002716064453125,0.7,1,BERT:bert_class_weighted,Class weight
850,emscad_06057,This job requires you to have the ability to operate keyboard or other data entry device to enter data into computer or ,Payroll Data Entry Clerk Position - Earn $100-$200 Daily,1,1,0.0,1.0,0.7,1,BERT:bert_class_weighted,Class weight
851,emscad_06062,"Primesoft Inc is a fast growing IT consulting, services and outsourcing firm. We Provide IT consulting services to suppo",QA / BA entry level (Training and placement),0,0,0.9998612403869629,0.00013875961303710938,0.7,1,BERT:bert_class_weighted,Class weight
852,emscad_06068,"O|Miga is a different type of business services firm. Founded by x-Big 4 partners, O|Miga offers accounting, payroll, hu",Accounting Associate - Restaurant Experience,0,0,0.9998691082000732,0.0001308917999267578,0.7,1,BERT:bert_class_weighted,Class weight
853,emscad_06071,"POS-X is a rapidly growing point-of-sale hardware manufacturer located in Bellingham, WA. The POS-X environment consists",Production Specialist,0,0,0.999748706817627,0.0002512931823730469,0.7,1,BERT:bert_class_weighted,Class weight
854,emscad_06072,"Intercom ( #URL_cb674f93cbcd215a3a0a57a8615a565545949eead8adbbc73307c26d6a6af81b# ) is a simple, personal messaging serv",Personal Assistant,0,0,0.999445915222168,0.0005540847778320312,0.7,1,BERT:bert_class_weighted,Class weight
855,emscad_06073,Established on the principles that full time education is not for everyone Spectrum Learning is made up of a team of pas,HP2 7EA Business Admin Apprenticeship Under NAS 16-18 Year Olds Only,0,0,0.99981689453125,0.00018310546875,0.7,1,BERT:bert_class_weighted,Class weight
856,emscad_06098,We Provide Full Time Permanent Positions for many medium to large US companies. We are interested in finding/recruiting ,Sales Manager,0,0,0.9998190402984619,0.00018095970153808594,0.7,1,BERT:bert_class_weighted,Class weight
857,emscad_06106,This position is an experienced Ruby on Rails Developer on the CSD Technology + Design Studio team who utilizes advanced,Senior Software Engineer,0,0,0.998570442199707,0.0014295578002929688,0.7,1,BERT:bert_class_weighted,Class weight
858,emscad_06116,"We are looking for IT Service Desk Specialist working in our office in District 12, Ho Chi Minh City. The primary object",IT Service Desk Specialist,0,0,0.9996280670166016,0.0003719329833984375,0.7,1,BERT:bert_class_weighted,Class weight
859,emscad_06121,We Provide Full Time Permanent Positions for many medium to large US companies. We are interested in finding/recruiting ,Cad Designer,0,0,0.9996500015258789,0.00034999847412109375,0.7,1,BERT:bert_class_weighted,Class weight
860,emscad_06122,We Provide Full Time Permanent Positions for many medium to large US companies. We are interested in finding/recruiting ,Controls Engineer,0,0,0.9996500015258789,0.00034999847412109375,0.7,1,BERT:bert_class_weighted,Class weight
861,emscad_06127,Southern Cloud help you monetize your content through ad insertions and incremental subscription model without the cost ,Marketing Executive,0,0,0.9998239278793335,0.0001760721206665039,0.7,1,BERT:bert_class_weighted,Class weight
862,emscad_06132,"POS-X is a rapidly growing point-of-sale hardware manufacturer located in Bellingham, WA. The POS-X environment consists",Warehouse Specialist,0,0,0.9997636079788208,0.00023639202117919922,0.7,1,BERT:bert_class_weighted,Class weight
863,emscad_06135,"We’ve built revolutionary technology that is changing the way people get around cities. Using Via, a luxury ride booked ",Community Manager,0,0,0.9998246431350708,0.00017535686492919922,0.7,1,BERT:bert_class_weighted,Class weight
864,emscad_06153,Inviting inspirational individuals,Front-End Web Developer,0,0,0.9996769428253174,0.0003230571746826172,0.7,1,BERT:bert_class_weighted,Class weight
865,emscad_06159,WHO WE ARE In2media has ever since the early start in 1994 grown into being a full service digital agency. Following the,Senior UX Consultant,0,0,0.9996633529663086,0.00033664703369140625,0.7,1,BERT:bert_class_weighted,Class weight
866,emscad_06163,Who are we?,Marketing / Sales Executives,0,0,0.9994716644287109,0.0005283355712890625,0.7,1,BERT:bert_class_weighted,Class weight
867,emscad_06164,Upstream’s mission is to revolutionise the way companies market to consumers through cutting edge technology. This is an,Quality Assurance Engineer,0,0,0.9997305870056152,0.0002694129943847656,0.7,1,BERT:bert_class_weighted,Class weight
868,emscad_06166,"Industrial Color Software is a division of Industrial Color Brands, a family of vertically integrated creative productio",Senior iOS / OS X Developer,0,0,0.9995243549346924,0.0004756450653076172,0.7,1,BERT:bert_class_weighted,Class weight
869,emscad_06170,Company Website: #URL_b0bc289d014ce1647b7dbe8ffe0e121d1f3ded55cbf9e3c20987b3cf1f8d3b5d#,Director of First Impressions,0,0,0.9998557567596436,0.0001442432403564453,0.7,1,BERT:bert_class_weighted,Class weight
870,emscad_06171,Market Logic is changing the way the world's largest companies run their market research and marketing functions. We are,Operations Engineer SaaS,0,0,0.9997925758361816,0.00020742416381835938,0.7,1,BERT:bert_class_weighted,Class weight
871,emscad_06179,"Do you have an entrepreneurial mindset? Do you dream of working in a fast paced startup environment? If so, then Honest ",Purchasing and Inventory Manager,0,0,0.99967360496521,0.00032639503479003906,0.7,1,BERT:bert_class_weighted,Class weight
872,emscad_06181,"Since 2001, RL Zapin Associates has been a recognized leader in the placement of mid to senior level Analytics professio","Manager, Customer Analytics",0,0,0.9992489814758301,0.0007510185241699219,0.7,1,BERT:bert_class_weighted,Class weight
873,emscad_06182,BaaS,Junior Adwords/SEO Specialist,0,0,0.9997174739837646,0.00028252601623535156,0.7,1,BERT:bert_class_weighted,Class weight
874,emscad_06209,We’re always looking for highly motivated “founder-types” to join us as we grow. Here’s what you need to know.,Web Designer,0,0,0.9996507167816162,0.00034928321838378906,0.7,1,BERT:bert_class_weighted,Class weight
875,emscad_06211,We Provide Full Time Permanent Positions for many medium to large US companies. We are interested in finding/recruiting ,Injection Molding Supervisor,0,0,0.9996824264526367,0.00031757354736328125,0.7,1,BERT:bert_class_weighted,Class weight
876,emscad_06214,Established on the principles that full time education is not for everyone Spectrum Learning is made up of a team of pas,Leeds Fragrance and Beauty Promotional Staff,0,0,0.9998557567596436,0.0001442432403564453,0.7,1,BERT:bert_class_weighted,Class weight
877,emscad_06225,"PINT is a leader in the web industry with 20 years of web design, software development and consulting experience. PINT's",Front-End Programmer - Web Developer,0,0,0.9992175102233887,0.0007824897766113281,0.7,1,BERT:bert_class_weighted,Class weight
878,emscad_06236,"Novitex Enterprise Solutions, formerly Pitney Bowes Management Services, delivers innovative document and communications",Customer Service Associate,0,0,0.999873161315918,0.00012683868408203125,0.7,1,BERT:bert_class_weighted,Class weight
879,emscad_06247,incrediblue is busting the myth that boating is only for the rich and famous by enabling any traveller to book an amazin,Online Marketing Specialist,0,0,0.9998889565467834,0.00011104345321655273,0.7,1,BERT:bert_class_weighted,Class weight
880,emscad_06252,"MAC Property Management is dedicated to providing an exemplary living experience, the highest possible quality of servic",Analyst - Acquisitions and Finance,0,0,0.9996774196624756,0.00032258033752441406,0.7,1,BERT:bert_class_weighted,Class weight
881,emscad_06253,"We're Food52, and we've created a groundbreaking and award-winning cooking site. We support, connect, and celebrate home",Head of Publicity and Events,0,0,0.9997612237930298,0.00023877620697021484,0.7,1,BERT:bert_class_weighted,Class weight
882,emscad_06258,"PERE is published by PEI Media ( #URL_4cffe430b8da4c0d7e6074d11e638d28a1e165c8782b891e111fc17606c3d961# ), an entreprene","Senior Reporter, Private Equity Real Estate",0,0,0.9997279644012451,0.0002720355987548828,0.7,1,BERT:bert_class_weighted,Class weight
883,emscad_06264,ISBS Hellas is a modern and growing company developing innovative websites and applications.,Web Designer,0,0,0.9991116523742676,0.0008883476257324219,0.7,1,BERT:bert_class_weighted,Class weight
884,emscad_06272,"Tidewater Finance Co. was established in 1992 for the initial purpose of purchasing, and servicing retail installment co",Bankruptcy Supervisor,0,0,0.9998294115066528,0.00017058849334716797,0.7,1,BERT:bert_class_weighted,Class weight
885,emscad_06279,Our client is currently in the middle of a migration to Kronos for their timekeeping and looking for assistance with dat,Payroll Assistant,0,1,0.0,1.0,0.7,0,BERT:bert_class_weighted,Class weight
886,emscad_06286,"1.Leads and executes projects from inception to project completion in support of company objectives insuring safety, reg","Senior Engineer Shawnee, KS",1,1,0.00390625,0.99609375,0.7,1,BERT:bert_class_weighted,Class weight
887,emscad_06289,"PINT is a leader in the web industry with 20 years of web design, software development and consulting experience. PINT's",Linux SysAdmin | Network Administrator,0,0,0.9994716644287109,0.0005283355712890625,0.7,1,BERT:bert_class_weighted,Class weight
888,emscad_06291,The only thing we love more than our data is our team.,Data Quality Analyst,0,0,0.9996457099914551,0.0003542900085449219,0.7,1,BERT:bert_class_weighted,Class weight
889,emscad_06292,Our History,Inside Sales Representative (Anaheim),0,0,0.9998906850814819,0.0001093149185180664,0.7,1,BERT:bert_class_weighted,Class weight
890,emscad_06295,"This is a data entry position, Working hours are flexible. you are also expected to come online through Yahoo Messenger ",Data Entry,0,1,0.0,1.0,0.7,0,BERT:bert_class_weighted,Class weight
891,emscad_06314,•Founded in 2003,Information Technology Sales Professional,0,0,0.9993000030517578,0.0006999969482421875,0.7,1,BERT:bert_class_weighted,Class weight
892,emscad_06343,RHB Recruitment Ltd is a business process outsourcing company with its state-of-the-art delivery center (existing capaci,Oracle ERP,0,0,0.9998377561569214,0.00016224384307861328,0.7,1,BERT:bert_class_weighted,Class weight
893,emscad_06347,Xplenty is all about making complex stuff look easy and enabling sophisticated Big Data technologies to the masses. Work,Marketing Research Project,0,0,0.9992904663085938,0.00070953369140625,0.7,1,BERT:bert_class_weighted,Class weight
894,emscad_06348,RHB Recruitment Ltd is a business process outsourcing company with its state-of-the-art delivery center (existing capaci,Mask Design,0,0,0.9998226165771484,0.0001773834228515625,0.7,1,BERT:bert_class_weighted,Class weight
895,emscad_06352,Established on the principles that full time education is not for everyone Spectrum Learning is made up of a team of pas,Nottingham Fragrance and Beauty Promotional Staff,0,0,0.999859094619751,0.00014090538024902344,0.7,1,BERT:bert_class_weighted,Class weight
896,emscad_06353,At Mutually Human we design and build web and mobile applications for a wide variety of clients and industries. We know ,Software Craftsman,0,0,0.9988307952880859,0.0011692047119140625,0.7,1,BERT:bert_class_weighted,Class weight
897,emscad_06356,"Offerial is a hospitality technology startup helping hotels improve sales, marketing, customer satisfaction and loyalty ",Business Development Manager,0,0,0.9996109008789062,0.00038909912109375,0.7,1,BERT:bert_class_weighted,Class weight
898,emscad_06358,schooX is a Social Academy where anyone can teach and learn online. Learners can attend online courses and build a stron,Mobile Developer,0,0,0.999448299407959,0.0005517005920410156,0.7,1,BERT:bert_class_weighted,Class weight
899,emscad_06360,Primary Responsibilities,Junior Web Designer,0,0,0.88848876953125,0.11151123046875,0.7,1,BERT:bert_class_weighted,Class weight
900,emscad_06362,hello world,Software Engineer,0,0,0.9997372627258301,0.0002627372741699219,0.7,1,BERT:bert_class_weighted,Class weight
901,emscad_06364,"Location: Plano, TX",Integration Engineer with HL7 & EMR.,1,0,0.89300537109375,0.10699462890625,0.7,0,BERT:bert_class_weighted,Class weight
902,emscad_06370,We are opening a new mobile development center in San Francisco and are looking for an engineering leader who can grow a,"Director, Mobile Engineering",0,0,0.9992518424987793,0.0007481575012207031,0.7,1,BERT:bert_class_weighted,Class weight
903,emscad_06376,Job Description WorleyParsons is committed to providing exceptional professional services to our customers in the energy,HES Manager,1,0,0.9836578369140625,0.0163421630859375,0.7,0,BERT:bert_class_weighted,Class weight
904,emscad_06401,Macintosh computer support professionals wanted.,Macintosh Field Tech,0,0,0.9996645450592041,0.00033545494079589844,0.7,1,BERT:bert_class_weighted,Class weight
905,emscad_06404,"Based in Hoxton, London, Forward Partners are a “startup catalyst”, combining investment with practical hands-on experti",Digital Marketing,0,0,0.9996750354766846,0.0003249645233154297,0.7,1,BERT:bert_class_weighted,Class weight
906,emscad_06409,"Aarki is a leader in interactive and creative advertising technology for brands, agencies, ad networks and premium publi",Account Manager,0,0,0.999854564666748,0.00014543533325195312,0.7,1,BERT:bert_class_weighted,Class weight
907,emscad_06418,StartTech Ventures is the investment & incubation arm of the Materializing Innovation Group and has three functions: See,Graphics Designer at AbZorba Games,0,0,0.9996750354766846,0.0003249645233154297,0.7,1,BERT:bert_class_weighted,Class weight
908,emscad_06436,"Founded by top technical experts, Arithmica is a Software Development and Services company focussed on delivering the hi",Senior SAP Security Consultant,0,0,0.9991459846496582,0.0008540153503417969,0.7,1,BERT:bert_class_weighted,Class weight
909,emscad_06465,"Baremetrics ( #URL_818d0992c7cb169e16509ce673146ace42b9d6b31c698ec7fc0a0ecb023c668c# ) is zero-setup, one-click SaaS ana",Front End Developer,0,0,0.9997341632843018,0.0002658367156982422,0.7,1,BERT:bert_class_weighted,Class weight
910,emscad_06470,Be part of an innovative team working to create a community of IT people around real data and product knowledge in the e,Sr. Data Engineer,0,0,0.9991588592529297,0.0008411407470703125,0.7,1,BERT:bert_class_weighted,Class weight
911,emscad_06473,CareerStarter is a new recruitment process outsourcing company helping great companies find top talent. Check out our la,Project Manager for Design on Tap LLC,0,0,0.9995801448822021,0.00041985511779785156,0.7,1,BERT:bert_class_weighted,Class weight
912,emscad_06483,"Jungle Ventures is the leading Singapore based, entrepreneur backed, venture capital firm, that funds and actively suppo",Summer Intern,0,0,0.9996140003204346,0.0003859996795654297,0.7,1,BERT:bert_class_weighted,Class weight
913,emscad_06484,NOW: Pensions is a UK based multi-employer trust serving thousands of employers and hundreds of thousands of employees f,2 X Business Analyst (3 to 6 months) - contract or fixed term,0,0,0.99988853931427,0.00011146068572998047,0.7,1,BERT:bert_class_weighted,Class weight
914,emscad_06495,"Spartan Race, is an international obstacle racing organization. Our courses are uniquely designed to test participants’ ",Digital Marketing & Web Producer,0,0,0.9996547698974609,0.0003452301025390625,0.7,1,BERT:bert_class_weighted,Class weight
915,emscad_06503,"One Design Company is a digital design, strategy and development agency. We’ve called Chicago our home for nearly a deca",Project Manager,0,0,0.9995548725128174,0.0004451274871826172,0.7,1,BERT:bert_class_weighted,Class weight
916,emscad_06504,Kettle is an independent digital agency based in New York City and the Bay Area. We’re committed to making digital do mo,PHP Web Developer,0,0,0.999640941619873,0.0003590583801269531,0.7,1,BERT:bert_class_weighted,Class weight
917,emscad_06510,Visual BI is one of the leading and fastest growing firms focusing exclusively on BI & Analytics. Our offerings cover en,Returning BI Professionals,0,0,0.9995801448822021,0.00041985511779785156,0.7,1,BERT:bert_class_weighted,Class weight
918,emscad_06520,Upstream’s mission is to revolutionise the way companies market to consumers through cutting edge technology. This is an,Senior DevOps Engineer,0,0,0.9997448921203613,0.0002551078796386719,0.7,1,BERT:bert_class_weighted,Class weight
919,emscad_06525,"SampraSoft is a fast growing IT solutions company headquartered in Atlanta, GA, USA, specialized in IT consulting, Staff",Statistical Modeler,0,0,0.9994287490844727,0.0005712509155273438,0.7,1,BERT:bert_class_weighted,Class weight
920,emscad_06540,Aggressive outbound prospecting conducted primarily by phone and email,Business Development Executive,0,0,0.9991927146911621,0.0008072853088378906,0.7,1,BERT:bert_class_weighted,Class weight
921,emscad_06542,"Netrobe is a leading fashion social network and wardrobe management tool, loved by passionate users worldwide .",DevOps/SysAdmin Engineer,0,0,0.9995875358581543,0.0004124641418457031,0.7,1,BERT:bert_class_weighted,Class weight
922,emscad_06546,Dubsat provides an integrated suite of tools that helps organisations simplify the way they manage and distribute media.,Inbound Marketing Manager,0,0,0.9996910095214844,0.000308990478515625,0.7,1,BERT:bert_class_weighted,Class weight
923,emscad_06548,The Beans Group is a media company that exists to empower young people to thrive. We have been on an exponential growth ,Business Development Executive,0,0,0.9995617866516113,0.0004382133483886719,0.7,1,BERT:bert_class_weighted,Class weight
924,emscad_06550,"We have the demand. We are looking for people that are quick learners, and are very efficient, to handle the demand. We ",Looking for go getters that want to receive weekly P/T pay,1,1,0.0009765625,0.9990234375,0.7,1,BERT:bert_class_weighted,Class weight
925,emscad_06558,"If you enjoy sales and fashion, consider this position as a full-time Optical Frame Stylist in a private optometry pract",Frame Stylist / Optician,1,1,0.0,1.0,0.7,1,BERT:bert_class_weighted,Class weight
926,emscad_06559,Digital Media Account Executive Job opportunity in New York - USA,Account Executive,0,0,0.9995694160461426,0.0004305839538574219,0.7,1,BERT:bert_class_weighted,Class weight
927,emscad_06572,"Since 2002 Guru have helped companies hire more effectively. Using up to the minute talent attraction techniques, a wide",Account Manager - (Recruitment Advertising),0,0,0.9998326301574707,0.00016736984252929688,0.7,1,BERT:bert_class_weighted,Class weight
928,emscad_06579,Designer #URL_093730aed8868a1901a8efd3af7d535b2c9c1dc32eb0f6245816a4222fb00465# is looking for a UI/UX designer who live,UI/UX Designer,0,0,0.9994869232177734,0.0005130767822265625,0.7,1,BERT:bert_class_weighted,Class weight
929,emscad_06588,Spring Active are passionate about helping people suffering with long term back pain. Our heritage stems from the world ,Office Administrator,0,0,0.9998670816421509,0.0001329183578491211,0.7,1,BERT:bert_class_weighted,Class weight
930,emscad_06591,"HRdownloads was founded in 2008, and since that time has evolved to become the leader in delivering strategic Human Reso",Instructional/Business Writer,0,0,0.9998273849487305,0.00017261505126953125,0.7,1,BERT:bert_class_weighted,Class weight
931,emscad_06596,"ABC Supply Co., Inc. is the nation’s largest wholesale distributor of roofing and one of the largest distributors of sid",Inside Sales Professional-Merrillville,0,0,0.999799370765686,0.00020062923431396484,0.7,1,BERT:bert_class_weighted,Class weight
932,emscad_06616,"As a growing and successful startup, Conversocial is a great place to work for ambitious individuals.",Account Executive,0,0,0.9996395111083984,0.0003604888916015625,0.7,1,BERT:bert_class_weighted,Class weight
933,emscad_06620,Human capital is usually the biggest asset and expense for a company. Making the right hire – the first time – is critic,Sales and Enrollment Director,0,0,0.9998639822006226,0.0001360177993774414,0.7,1,BERT:bert_class_weighted,Class weight
934,emscad_06623,"We are Netguru and we love to develop web application based on Ruby On Rails framework. We value quality, transparent co",Developer Ruby on Rails @Netguru,0,0,0.998779296875,0.001220703125,0.7,1,BERT:bert_class_weighted,Class weight
935,emscad_06633,"Northwestern Mutual has been a leader in providing financial security to clients for over 150 years. Founded in 1857, ou",Financial Advisor,0,0,0.9997241497039795,0.0002758502960205078,0.7,1,BERT:bert_class_weighted,Class weight
936,emscad_06635,We Provide Full Time Permanent Positions for many medium to large US companies. We are interested in finding/recruiting ,"HIGH PERFORMANCE COMPUTING SOLUTIONS ENGINEER - Houston, TX",0,0,0.9996588230133057,0.00034117698669433594,0.7,1,BERT:bert_class_weighted,Class weight
937,emscad_06637,The Albany Charter School Network is a family of charter schools in the City of Albany that works to prepare children fo,Secondary Chemistry Teacher,0,0,0.9998607635498047,0.0001392364501953125,0.7,1,BERT:bert_class_weighted,Class weight
938,emscad_06649,"TechShop is a playground for creativity. Part fabrication and prototyping studio, part hackerspace and part learning cen",TechShop -- Senior Sales Account Manager,0,0,0.9997513294219971,0.0002486705780029297,0.7,1,BERT:bert_class_weighted,Class weight
939,emscad_06651,"""Our mission to our clients is to preserve their independence, enhance their quality of life, promote health & wellbeing",Caregiver Van Buren County,0,0,0.999897301197052,0.00010269880294799805,0.7,1,BERT:bert_class_weighted,Class weight
940,emscad_06654,“ Pride is a personal commitment. It is an attitude which separates excellence from mediocrit y.” – Author Unknown,Receptionist -- Must Love Dogs,0,0,0.9997880458831787,0.00021195411682128906,0.7,1,BERT:bert_class_weighted,Class weight
941,emscad_06662,Mission Statement:,Sales Partner,0,0,0.9997305870056152,0.0002694129943847656,0.7,1,BERT:bert_class_weighted,Class weight
942,emscad_06670,"Seedcamp is Europe's leading micro-seed investment fund and mentoring program. Since launching in 2007, our family now i",LEGAL SERVICES/LAWYER,0,0,0.9997761249542236,0.0002238750457763672,0.7,1,BERT:bert_class_weighted,Class weight
943,emscad_06671,We Provide Full Time Permanent Positions for many medium to large US companies. We are interested in finding/recruiting ,.NET Developer,0,0,0.9994544982910156,0.000545501708984375,0.7,1,BERT:bert_class_weighted,Class weight
944,emscad_06672,Excellent communication skills 3-5 years using QTP Custom Library development in QTP Good knowledge in VB scripting Abil,QA - QTP Automation Engineer - Descriptive Programming,0,0,0.9993686676025391,0.0006313323974609375,0.7,1,BERT:bert_class_weighted,Class weight
945,emscad_06686,Job Responsibilities;,CIVIL PROJECT ENGINEER,1,1,0.28564453125,0.71435546875,0.7,1,BERT:bert_class_weighted,Class weight
946,emscad_06703,"AREA 17 is an interactive agency. We take an interdisciplinary approach — blending the practices of design, technology a",UX / Information Architect,0,0,0.999657392501831,0.0003426074981689453,0.7,1,BERT:bert_class_weighted,Class weight
947,emscad_06705,The Albany Charter School Network is a family of charter schools in the City of Albany that works to prepare children fo,Art Teacher,0,0,0.9998511075973511,0.00014889240264892578,0.7,1,BERT:bert_class_weighted,Class weight
948,emscad_06742,"Since 2005, Allied Secured Benefits, a leading financial planning and insurance brokerage company, has helped thousands ",Customer Service Representative,0,0,0.9273681640625,0.0726318359375,0.7,1,BERT:bert_class_weighted,Class weight
949,emscad_06746,"NY Marketing Firm is family-owned and operated right here in New York, NY. Other companies may offer similar services, b",Management - Entry-Level (Marketing),0,0,0.9998154640197754,0.00018453598022460938,0.7,1,BERT:bert_class_weighted,Class weight
950,emscad_06747,hello world,Hardware Expert,0,0,0.9997860193252563,0.00021398067474365234,0.7,1,BERT:bert_class_weighted,Class weight
951,emscad_06769,Cloudreach are the only top tier partner of choice for both Amazon Web Services and Google based in Europe - two giants ,Account Manager - Germany,0,0,0.999771237373352,0.00022876262664794922,0.7,1,BERT:bert_class_weighted,Class weight
952,emscad_06770,Our History,Inside Sales Representative (Santa Fe Springs),0,0,0.9998931884765625,0.0001068115234375,0.7,1,BERT:bert_class_weighted,Class weight
953,emscad_06771,This position is responsible for initiating and completing routine aspects of project control assignments. This position,Project Controls Specialist,0,0,0.9969482421875,0.0030517578125,0.7,1,BERT:bert_class_weighted,Class weight
954,emscad_06772,"We provide professional in-home pet sitting, dog walking, and other pet services in the Waco, Hewitt, Robinson, Woodway,",Pet Lovers: Seeking Pet Sitting/Dog Walking,0,0,0.99981689453125,0.00018310546875,0.7,1,BERT:bert_class_weighted,Class weight
955,emscad_06776,The Company,Mobile Application Developer (Android),0,0,0.9994106292724609,0.0005893707275390625,0.7,1,BERT:bert_class_weighted,Class weight
956,emscad_06777,"We make tools for startups. Currently building Hire my Friend , Wrangler , Attending , Linkydink . Based in London and p",Full Stack Developer,0,0,0.9996485710144043,0.0003514289855957031,0.7,1,BERT:bert_class_weighted,Class weight
957,emscad_06778,Our company is kept confidential due to the large number of responses we receive.,Sales - Cyber Security,0,0,0.9985675811767578,0.0014324188232421875,0.7,1,BERT:bert_class_weighted,Class weight
958,emscad_06787,Growing Behavioral Health Practice seeks an Admin Assistant/Operations Manager to work closely with President/CEO to coo,Admin Assistant/Operations Manager,0,0,0.9989223480224609,0.0010776519775390625,0.7,1,BERT:bert_class_weighted,Class weight
959,emscad_06792,The smarter way to invest,Accountant / Office Manager,0,0,0.9998103380203247,0.00018966197967529297,0.7,1,BERT:bert_class_weighted,Class weight
960,emscad_06813,Who is AbZorba Games?,Mobile Acquisition Manager,0,0,0.9995372295379639,0.0004627704620361328,0.7,1,BERT:bert_class_weighted,Class weight
961,emscad_06825,We are a digital marketing agency with an emphasis upon quality development that is developed and sold in a consultative,Appointment Setters,0,0,0.9993648529052734,0.0006351470947265625,0.7,1,BERT:bert_class_weighted,Class weight
962,emscad_06838,"At Healthvana, we believe healthcare should work differently.",Senior Software Engineer,0,0,0.9997119903564453,0.0002880096435546875,0.7,1,BERT:bert_class_weighted,Class weight
963,emscad_06839,PowToon (#URL_84da40102d63eebf414f1476e73cf04c518288708e1f2fe344ec3f0417a067aa#) is a brand new presentation software th,Front End Web Developer,0,0,0.9994568824768066,0.0005431175231933594,0.7,1,BERT:bert_class_weighted,Class weight
964,emscad_06841,Playfair Capital is an early stage technology investment fund based in London.,Product Admin Executive / Intern,0,0,0.9997148513793945,0.00028514862060546875,0.7,1,BERT:bert_class_weighted,Class weight
965,emscad_06842,"Hi, we are dopios",Marketing Associate,0,0,0.9995272159576416,0.00047278404235839844,0.7,1,BERT:bert_class_weighted,Class weight
966,emscad_06857,"Collabera is a fast growing, end-to-end information technology services and solutions provider working with leading Glob",.Net Support Engineer,0,0,0.9995591640472412,0.00044083595275878906,0.7,1,BERT:bert_class_weighted,Class weight
967,emscad_06870,My client is currently seeking an experienced Estimator with previous experience within groundwork/civils to join their ,Civil Estimator,0,0,0.9997949600219727,0.00020503997802734375,0.7,1,BERT:bert_class_weighted,Class weight
968,emscad_06871,"We are a company providing software solutions and support services, activating in the World Wide Web throughout Europe.",Customer Services Agent,0,0,0.9995505809783936,0.0004494190216064453,0.7,1,BERT:bert_class_weighted,Class weight
969,emscad_06876,Our passion for improving quality of life through geography is at the heart of everything we do. Esri’s geographic infor,Account Executive - Charlotte,0,0,0.9998384714126587,0.0001615285873413086,0.7,1,BERT:bert_class_weighted,Class weight
970,emscad_06881,Ability to make decisions and recommendations that are recognized as authoritative and have an important impact on exten,Subsea Pipeline Engineer,1,1,0.00146484375,0.99853515625,0.7,1,BERT:bert_class_weighted,Class weight
971,emscad_06901,StartupTAP is not a conventional recruiting agency. We're true Talent Acquisition Partners.,Business Development Representative,0,0,0.9996671676635742,0.00033283233642578125,0.7,1,BERT:bert_class_weighted,Class weight
972,emscad_06905,"GoRefi is building a platform for automating the front-end mortgage origination process, an annual $1.8T vertical that u",Full-Stack Software Engineer,0,0,0.9997966289520264,0.0002033710479736328,0.7,1,BERT:bert_class_weighted,Class weight
973,emscad_06909,Positionly sp. z o.o. is a company that provides the highest quality SEO software for 2000+ companies worldwide. Our pro,Customer Support,0,0,0.9995818138122559,0.0004181861877441406,0.7,1,BERT:bert_class_weighted,Class weight
974,emscad_06911,"We are hiring someone for this position who will provide research and analysis of existing data (tables, statistics, dat",Residential Market Research Analyst,0,0,0.9965438842773438,0.00345611572265625,0.7,1,BERT:bert_class_weighted,Class weight
975,emscad_06912,EROAD was established to modernise New Zealand’s paper-based RUC regime and in 2009 launched the world’s first GPS/cellu,Product Support Specialist,0,0,0.9998035430908203,0.0001964569091796875,0.7,1,BERT:bert_class_weighted,Class weight
976,emscad_06923,"Founded by serial entrepreneur Clive Jackson and launched in 2011, Victor is one of the world’s most trusted names in pr",Business Development Executive,0,0,0.9998021125793457,0.00019788742065429688,0.7,1,BERT:bert_class_weighted,Class weight
977,emscad_06925,"We are specialized in HR consulting, sourcing PhD, MSc & MEng professionals on permanent and contract level positions ac",Product Engineering Manager,0,0,0.9993844032287598,0.0006155967712402344,0.7,1,BERT:bert_class_weighted,Class weight
978,emscad_06926,"Anthony Warren is a Marketing and Advertising consultant. After completing one enlistment as a U.S. Marine at Quantico, ",Military Outreach Consultant (Telecommute),1,1,0.00048828125,0.99951171875,0.7,1,BERT:bert_class_weighted,Class weight
979,emscad_06928,Visual BI is one of the leading and fastest growing firms focusing exclusively on BI & Analytics. Our offerings cover en,SAP BI Program/Delivery Manager,0,0,0.9995737075805664,0.00042629241943359375,0.7,1,BERT:bert_class_weighted,Class weight
980,emscad_06945,Vayu builds affordable unmanned aerial vehicles (UAVs) for healthcare supply chain management and post-disaster aid deli,Avionics Systems Design and Analysis Engineer,0,0,0.9997774362564087,0.0002225637435913086,0.7,1,BERT:bert_class_weighted,Class weight
981,emscad_06952,"Valor Services provides Workforce Solutions that meet the needs of companies across the Private Sector, with a special f",Drilling Engineer,0,0,0.999815821647644,0.00018417835235595703,0.7,1,BERT:bert_class_weighted,Class weight
982,emscad_06960,"Collabera is a fast growing, end-to-end information technology services and solutions provider working with leading Glob",Oracle Financials,0,0,0.999448299407959,0.0005517005920410156,0.7,1,BERT:bert_class_weighted,Class weight
983,emscad_06963,"Merchenta’s behavioural advertising platform is used in over 40 countries, by major brands including Microsoft, ASOS, Ma","Senior Java Developers (Java, Scala, Hadoop, Couchbase, mysql)",0,0,0.9988927841186523,0.0011072158813476562,0.7,1,BERT:bert_class_weighted,Class weight
984,emscad_06966,"Valor Services provides Workforce Solutions that meet the needs of companies across the Private Sector, with a special f",Pipe Foreman,0,0,0.9998785257339478,0.0001214742660522461,0.7,1,BERT:bert_class_weighted,Class weight
985,emscad_06978,Transifex is a SaaS continuous localization platform powering the process of launching products into multiple languages ,Front-End Engineer,0,0,0.9994382858276367,0.0005617141723632812,0.7,1,BERT:bert_class_weighted,Class weight
986,emscad_06982,Working at FBN,Data Scientist - Meteorology,0,0,0.9997208118438721,0.0002791881561279297,0.7,1,BERT:bert_class_weighted,Class weight
987,emscad_06983,Established on the principles that full time education is not for everyone Spectrum Learning is made up of a team of pas,WF2 Office Junior Apprenticeship Under NAS 16-18 Year Olds Only,0,0,0.9998239278793335,0.0001760721206665039,0.7,1,BERT:bert_class_weighted,Class weight
988,emscad_06986,Job Description: SENIOR MANAGER OF MAINTENANCE - SENIOR TECHNICAL MANAGER The Senior Technical Manager (STM) reports to ,Oil/Gas Technical Manager,1,0,0.718017578125,0.281982421875,0.7,0,BERT:bert_class_weighted,Class weight
989,emscad_06990,BuzzDial lets you instantly share reactions to live events and shows as they happen using our web platform or suite of m,Data Analyst,0,0,0.9997681379318237,0.00023186206817626953,0.7,1,BERT:bert_class_weighted,Class weight
990,emscad_06994,United Cerebral Palsy of Oregon & SW Washington (UCP) supports adults with all kinds of developmental disabilities (not ,Part-Time Personal Assistant (For 2 People with Disabilities),0,0,0.9998403787612915,0.0001596212387084961,0.7,1,BERT:bert_class_weighted,Class weight
991,emscad_06997,HappyFox is a young startup that is all about bringing the happiness quotient in support teams. We help companies transf,Account Executive,0,0,0.9996511936187744,0.00034880638122558594,0.7,1,BERT:bert_class_weighted,Class weight
992,emscad_07003,2020,Project Engineer Molding 2020,1,1,0.0,1.0,0.7,1,BERT:bert_class_weighted,Class weight
993,emscad_07009,"Our client was recently named to Forbe's list of the ""World’s Most Innovative Growth Companies.""",Corporate Controller,0,0,0.9998358488082886,0.00016415119171142578,0.7,1,BERT:bert_class_weighted,Class weight
994,emscad_07011,"TapHunter ( #URL_95b1bf876c79465b7a563292438e8293a651920b605b528509c8d4c14bfc174e# ) provides bars, restaurants, bottle ",TapHunter Intern Leadership Program,0,0,0.9998190402984619,0.00018095970153808594,0.7,1,BERT:bert_class_weighted,Class weight
995,emscad_07016,"DICE gets fans the best tickets at face value with No Booking Fees. We're based in Shoreditch, London and 100% mobile so",Product Designer,0,0,0.9997804164886475,0.00021958351135253906,0.7,1,BERT:bert_class_weighted,Class weight
996,emscad_07019,"Sr. Maintenance Manager, Automated Distribution Centers","Sr. Maintenance Manager, Automated Distribution Centers",0,0,0.9996652603149414,0.00033473968505859375,0.7,1,BERT:bert_class_weighted,Class weight
997,emscad_07022,"DOTSOFT SA is an SME, specializing in Software Development and Integrated ICT Solutions for the public and private secto",Web Developer,0,0,0.9994440078735352,0.0005559921264648438,0.7,1,BERT:bert_class_weighted,Class weight
998,emscad_07025,Over Sqills,Senior QA Engineer,0,0,0.999739408493042,0.0002605915069580078,0.7,1,BERT:bert_class_weighted,Class weight
999,emscad_07086,Middle East Recruitment is a specialized recruitment and consulting agency. Established since 1997 founded by profession,"Civil Engineer, Instrumentation, Electrical, Mechanical, Rotating, Architectural, Safety, and Piping Engineer",0,0,0.9997498989105225,0.00025010108947753906,0.7,1,BERT:bert_class_weighted,Class weight
1000,emscad_07089,Middle East Recruitment is a specialized recruitment and consulting agency. Established since 1997 founded by profession,Inspector Engineer,0,0,0.9998770952224731,0.00012290477752685547,0.7,1,BERT:bert_class_weighted,Class weight
1001,emscad_07093,"Not a ninja, rockstar, or guru? Perfect. Weaver's hiring!",iOS Developer,0,0,0.9995760917663574,0.0004239082336425781,0.7,1,BERT:bert_class_weighted,Class weight
1002,emscad_07097,"Wiredrive is a fast growing, privately-owned SaaS company with headquarters in Marina del Rey and offices in New York Ci",Sales Development - SDR,0,0,0.9998568296432495,0.00014317035675048828,0.7,1,BERT:bert_class_weighted,Class weight
1003,emscad_07104,United Cerebral Palsy of Oregon & SW Washington (UCP) supports adults with all kinds of developmental disabilities (not ,"Full Time Caregiver (Position D) for Easygoing, Caring Woman",0,0,0.9998906850814819,0.0001093149185180664,0.7,1,BERT:bert_class_weighted,Class weight
1004,emscad_07115,Dynamic position for Nurse leader OR Manager who has both clinical and Purchasing experience.,"OR/Materials Manager (Hospital Near Casper, WY)",0,0,0.9996743202209473,0.0003256797790527344,0.7,1,BERT:bert_class_weighted,Class weight
1005,emscad_07118,The spring is here and so are internships. If you are looking for exciting and rewarding way to build up relevant experi,Community Advocate,0,0,0.9997327327728271,0.00026726722717285156,0.7,1,BERT:bert_class_weighted,Class weight
1006,emscad_07120,"Tidewater Finance Co. was established in 1992 for the initial purpose of purchasing, and servicing retail installment co",Internal Marketing Representative,0,0,0.9998147487640381,0.00018525123596191406,0.7,1,BERT:bert_class_weighted,Class weight
1007,emscad_07140,"Horizon Software International, LLC is an industry-leading food service management technology company. The company’s sta",Professional Services Supervisor,0,0,0.9998612403869629,0.00013875961303710938,0.7,1,BERT:bert_class_weighted,Class weight
1008,emscad_07144,"Description Set standards, define processes and provide guidance and for all health and safety matters. Assure complianc",Health and Safety Manager,1,0,0.8948974609375,0.1051025390625,0.7,0,BERT:bert_class_weighted,Class weight
1009,emscad_07146,"Magpie is a boutique recruitment agency specialising in Accounting & Finance, Sales & Marketing and Office & Administrat",Accounts Assistant,0,0,0.999769926071167,0.0002300739288330078,0.7,1,BERT:bert_class_weighted,Class weight
1010,emscad_07169,"With offices across UK, mainland Europe, Australia, New Zealand, and the United States, Squiz helps clients across the g",Product Sales Manager,0,0,0.9998279809951782,0.00017201900482177734,0.7,1,BERT:bert_class_weighted,Class weight
1011,emscad_07172,"Babbel enables anyone to learn languages in an easy and interactive way. The learning system offers 13 languages, from E",Senior TV Manager,0,0,0.9998511075973511,0.00014889240264892578,0.7,1,BERT:bert_class_weighted,Class weight
1012,emscad_07177,"Valor Services provides Workforce Solutions that meet the needs of companies across the Private Sector, with a special f",Safety Director,0,0,0.9999020099639893,9.799003601074219e-05,0.7,1,BERT:bert_class_weighted,Class weight
1013,emscad_07182,Outstanding Member Service Starts With Outstanding People,Indirect Lending Underwriter,0,0,0.9997498989105225,0.00025010108947753906,0.7,1,BERT:bert_class_weighted,Class weight
1014,emscad_07184,Aegis is a global business services provider in the area of experience management. We provide a suite of solutions for o,CUSTOMER SERVICE AGENT,1,0,0.9997448921203613,0.0002551078796386719,0.7,0,BERT:bert_class_weighted,Class weight
1015,emscad_07189,"Carlyle Financial is a mortgage bank based in Beverly Hills, CA offering a full range of home loan products. We concentr",Executive Assistant For Rapidly Growing Startup (Temp-to-Perm) - $36K,0,0,0.9996874332427979,0.00031256675720214844,0.7,1,BERT:bert_class_weighted,Class weight
1016,emscad_07190,EUROPEAN DYNAMICS (#URL_c66532ffa1ce76ab447da6774719060c42c584edbf44d74cdb94fc4ac219ca45#) is a leading European Softwar,FUNCTIONAL ANALYST,0,0,0.9997169971466064,0.0002830028533935547,0.7,1,BERT:bert_class_weighted,Class weight
1017,emscad_07197,"Offerial is a hospitality technology startup helping hotels improve sales, marketing, customer satisfaction and loyalty ",Business Development Associate,0,0,0.9996213912963867,0.00037860870361328125,0.7,1,BERT:bert_class_weighted,Class weight
1018,emscad_07202,"Through the Apache Spark platform, we are working to transform large-scale data analysis.",Solutions Architecture,0,0,0.9992575645446777,0.0007424354553222656,0.7,1,BERT:bert_class_weighted,Class weight
1019,emscad_07204,"Supply chain management company with emphasis placed in Rehabilitation Therapy, Health IT, and Information Security",Physical Therapist,0,0,0.9998286962509155,0.00017130374908447266,0.7,1,BERT:bert_class_weighted,Class weight
1020,emscad_07207,"Pronto delivers breakfast, lunch and dinner to our customers in under 15 minutes. We are all about healthier, wholesome ",Delivery driver,0,0,0.9996671676635742,0.00033283233642578125,0.7,1,BERT:bert_class_weighted,Class weight
1021,emscad_07218,PowerbyProxi and its customers are leading a revolution to deliver unplugged power. We have changed the way electricity ,Production Operations Manager,0,0,0.9998313188552856,0.00016868114471435547,0.7,1,BERT:bert_class_weighted,Class weight
1022,emscad_07223,Positionly Inc. is a company that provides the highest quality SEO software for 2000+ companies worldwide. Our product o,Junior Marketing Manager,0,0,0.9995994567871094,0.000400543212890625,0.7,1,BERT:bert_class_weighted,Class weight
1023,emscad_07228,"Babbel enables anyone to learn languages in an easy and interactive way. The learning system offers 13 languages, from E",Mobile Product Manager (Junior),0,0,0.9997377395629883,0.00026226043701171875,0.7,1,BERT:bert_class_weighted,Class weight
1024,emscad_07231,WHY WORK AT IMAGINET,Sr. SharePoint Business Analyst,0,0,0.9992589950561523,0.0007410049438476562,0.7,1,BERT:bert_class_weighted,Class weight
1025,emscad_07238,I am looking for a few women to join my team.,Sales Consultant,0,0,0.9965229034423828,0.0034770965576171875,0.7,1,BERT:bert_class_weighted,Class weight
1026,emscad_07253,emaginal AG is a software company with the ability to design and implement software system solutions using the available,Senior web developer,0,0,0.999652624130249,0.00034737586975097656,0.7,1,BERT:bert_class_weighted,Class weight
1027,emscad_07260,The story of the Great Chicago Fire of 1871 isn’t really about the fire. It’s about what happened next: A remarkable mom,Senior Software Engineer - CloudSpotter Technologies,0,0,0.9998488426208496,0.00015115737915039062,0.7,1,BERT:bert_class_weighted,Class weight
1028,emscad_07275,Axonix is a global mobile advertising technology company that's powered by a platform with a 4 year history of leading t,Data Analyst,0,0,0.9997427463531494,0.00025725364685058594,0.7,1,BERT:bert_class_weighted,Class weight
1029,emscad_07277,LifeStreet is hiring,Online and Mobile Marketing Specialist,0,0,0.9995601177215576,0.0004398822784423828,0.7,1,BERT:bert_class_weighted,Class weight
1030,emscad_07304,Upstream’s mission is to revolutionise the way companies market to consumers through cutting edge technology. This is an,Junior Systems Administrator,0,0,0.9997822046279907,0.00021779537200927734,0.7,1,BERT:bert_class_weighted,Class weight
1031,emscad_07311,Coffeewards is a cloud loyalty platform which enables businesses to:,Graphics Designer,0,0,0.999122142791748,0.0008778572082519531,0.7,1,BERT:bert_class_weighted,Class weight
1032,emscad_07312,"Recruitment to Recruitment specialists, covering the UK.",Recruitment Consultant-Renewables,0,0,0.9995932579040527,0.0004067420959472656,0.7,1,BERT:bert_class_weighted,Class weight
1033,emscad_07330,"Cigniti Inc. is a 15 year old Irving, TX based professional services and staffing company which helped companies like Tr",Solutions Architect,0,0,0.9998446702957153,0.00015532970428466797,0.7,1,BERT:bert_class_weighted,Class weight
1034,emscad_07332,JOB DESCRIPTION,Sales Associate/Retail Stylist (Full Time),0,0,0.999769926071167,0.0002300739288330078,0.7,1,BERT:bert_class_weighted,Class weight
1035,emscad_07338,Can data be a thing of beauty? We think so.,Data Solutions Developer (Node.JS),0,0,0.9997045993804932,0.00029540061950683594,0.7,1,BERT:bert_class_weighted,Class weight
1036,emscad_07346,PROSULTING IS PEOPLE The ProSulting difference is easy to see. Our passion for delivering qualified pre-screened personn,Marketing Coordinator / Manager,0,0,0.9997779130935669,0.00022208690643310547,0.7,1,BERT:bert_class_weighted,Class weight
1037,emscad_07348,Established on the principles that full time education is not for everyone Spectrum Learning is made up of a team of pas,WF14 0DQ Pets and Aquatics Retail Apprenticeship Under NAS 16-18 Year Olds Only,0,0,0.9998266696929932,0.00017333030700683594,0.7,1,BERT:bert_class_weighted,Class weight
1038,emscad_07371,"RideAmigos needs a great Front-End Developer to work with us on our ""cloud-based"" software as a service offering. We are",Front-End Developer,1,0,0.9983959197998047,0.0016040802001953125,0.7,0,BERT:bert_class_weighted,Class weight
1039,emscad_07375,Salary,Case Management Director (Hospital East of Atlanta),0,0,0.9997900724411011,0.00020992755889892578,0.7,1,BERT:bert_class_weighted,Class weight
1040,emscad_07388,"Founded in 1997, The Missing Link is a premium provider of information technology solutions across applications, infrast",Account Executive,0,0,0.9997795820236206,0.00022041797637939453,0.7,1,BERT:bert_class_weighted,Class weight
1041,emscad_07411,"Trebbble is a mobile strategy and development firm, specializing in the delivery of brilliant mobile experiences. We par",iOS Developer,0,0,0.9990224838256836,0.0009775161743164062,0.7,1,BERT:bert_class_weighted,Class weight
1042,emscad_07413,"Vend is looking for some awesome new talent to come join us. You'll be working in an awesome team doing awesome things, ",Retail Solutions Specialist,0,0,0.9998563528060913,0.0001436471939086914,0.7,1,BERT:bert_class_weighted,Class weight
1043,emscad_07426,Massive Media is the social media company behind the successful digital brands #URL_18234f381f5e7b9a9ffdc727cd05c9046edf,Business Developer EMEA,0,0,0.999427318572998,0.0005726814270019531,0.7,1,BERT:bert_class_weighted,Class weight
1044,emscad_07435,"GTS provides a full spectrum of quality IT services. With deep domain expertise in Government programs, IT management ex",Senior .NET Developer,0,0,0.9996731281280518,0.0003268718719482422,0.7,1,BERT:bert_class_weighted,Class weight
1045,emscad_07441,Massive Media is the social media company behind the successful digital brands #URL_18234f381f5e7b9a9ffdc727cd05c9046edf,Business Developer Austria - Switzerland,0,0,0.999509334564209,0.0004906654357910156,0.7,1,BERT:bert_class_weighted,Class weight
1046,emscad_07452,"For over 15 years, CaseNEX has been a leader in the education technology industry and continues to provide flexible and ",C# Software Engineer,0,0,0.9997602701187134,0.0002397298812866211,0.7,1,BERT:bert_class_weighted,Class weight
1047,emscad_07453,"Babbel enables anyone to learn languages in an easy and interactive way. The learning system offers 13 languages, from E",Working Student/Intern Engineering Management Assistant,0,0,0.9997876882553101,0.0002123117446899414,0.7,1,BERT:bert_class_weighted,Class weight
1048,emscad_07458,"Ixonos is a global design + technology consultancy based out of Finland; With design studios in London, Helsinki, Košice",Visual Designer - Web,0,0,0.9995977878570557,0.00040221214294433594,0.7,1,BERT:bert_class_weighted,Class weight
1049,emscad_07465,WHAT WE DO,Project Manager Evangelist,0,0,0.9997957944869995,0.00020420551300048828,0.7,1,BERT:bert_class_weighted,Class weight
1050,emscad_07467,"Itsa Southern Thing Apparel owns several clothing brands: Eat More Tees, Itsa Girl Thing, and Fripp & Folly. We strive t",Graphics Artist,0,0,0.9994196891784668,0.0005803108215332031,0.7,1,BERT:bert_class_weighted,Class weight
1051,emscad_07469,"Novitex Enterprise Solutions, formerly Pitney Bowes Management Services, delivers innovative document and communications",Customer Service Technical Specialist - Part Time,0,0,0.9998717308044434,0.00012826919555664062,0.7,1,BERT:bert_class_weighted,Class weight
1052,emscad_07474,Apply using below link,franciscan st. francis health,1,1,0.0,1.0,0.7,1,BERT:bert_class_weighted,Class weight
1053,emscad_07475,"Babbel enables anyone to learn languages in an easy and interactive way. The learning system offers 13 languages, from E",Mobile Developer (Android),0,0,0.9997448921203613,0.0002551078796386719,0.7,1,BERT:bert_class_weighted,Class weight
1054,emscad_07479,Established on the principles that full time education is not for everyone Spectrum Learning is made up of a team of pas,Launceston Recruitment Apprenticeship Under NAS 16-18 Year Olds Only,0,0,0.9998476505279541,0.00015234947204589844,0.7,1,BERT:bert_class_weighted,Class weight
1055,emscad_07482,Apply using below link,Professional Development Coordinator (Perioperative),1,1,0.0,1.0,0.7,1,BERT:bert_class_weighted,Class weight
1056,emscad_07493,Apply using below link,RNFA Registered Nurse First Assistant,1,1,0.0,1.0,0.7,1,BERT:bert_class_weighted,Class weight
1057,emscad_07494,"SpotSource Solutions LLC is a Global Human Capital Management Consulting firm headquartered in Miami, Florida. Founded i",Sales Support,0,0,0.9998650550842285,0.00013494491577148438,0.7,1,BERT:bert_class_weighted,Class weight
1058,emscad_07503,Want to build a 21st century financial service?,Digital Marketing Manager,0,0,0.9997621774673462,0.0002378225326538086,0.7,1,BERT:bert_class_weighted,Class weight
1059,emscad_07509,"Based in Philadelphia, Stroll is a next-generation direct response e-commerce company which uses proprietary analytical ",Corporate Controller,0,0,0.9997363090515137,0.0002636909484863281,0.7,1,BERT:bert_class_weighted,Class weight
1060,emscad_07511,The Albany Charter School Network is a family of charter schools in the City of Albany that works to prepare children fo,8th Grade Mathematics Teacher,0,0,0.9998584985733032,0.00014150142669677734,0.7,1,BERT:bert_class_weighted,Class weight
1061,emscad_07540,We launched Involvio as students at Drexel University in Philadelphia out of our frustration that keeping track of event,Account Manager,0,0,0.9998219013214111,0.0001780986785888672,0.7,1,BERT:bert_class_weighted,Class weight
1062,emscad_07549,"SummaView is een jong bedrijf uit Amersfoort die mensen, kennis en software levert ophet snijvlak van controlling en Bus",OUD: SummaView zoekt een Senior Developer 3,0,0,0.9997131824493408,0.0002868175506591797,0.7,1,BERT:bert_class_weighted,Class weight
1063,emscad_07554,Middle East Recruitment is a specialized recruitment and consulting agency. Established since 1997 founded by profession,Scheduling Engineer,0,0,0.9998522996902466,0.00014770030975341797,0.7,1,BERT:bert_class_weighted,Class weight
1064,emscad_07561,Contentful (#URL_0252efddcbc4b8f51969fca7b054595976ea4678fd880b3653151e618d447b33#) is an API-first content management p,Sales Manager,0,0,0.9994297027587891,0.0005702972412109375,0.7,1,BERT:bert_class_weighted,Class weight
1065,emscad_07569,Kettle is an independent digital agency based in New York City and the Bay Area. We’re committed to making digital do mo,NY | BACK-END DEVELOPER @TP,0,0,0.9995565414428711,0.00044345855712890625,0.7,1,BERT:bert_class_weighted,Class weight
1066,emscad_07572,"Pricing Recruiters is the leading global resource for the procurement, vetting and placement of qualified, pricing and p",Purolator International - Pricing Financial Analyst (Analyst II Finance US),0,0,0.9998279809951782,0.00017201900482177734,0.7,1,BERT:bert_class_weighted,Class weight
1067,emscad_07576,InVision is a venture-backed startup working to create the world's best design communication and collaboration platform.,Enterprise Product Evangelist (remote/telecommute),0,0,0.9994115829467773,0.0005884170532226562,0.7,1,BERT:bert_class_weighted,Class weight
1068,emscad_07578,"Quality accommodations, exceptional service, memorable destinations, Beck Company Hotels has been committed to excellenc",Part Time Relief Auditor,0,0,0.9992327690124512,0.0007672309875488281,0.7,1,BERT:bert_class_weighted,Class weight
1069,emscad_07593,"StudyHall creates opportunities for college, university students, and recent graduates, to work with the best companies ",Business Developer for Startup Company | StudyHall.com,0,0,0.99955153465271,0.00044846534729003906,0.7,1,BERT:bert_class_weighted,Class weight
1070,emscad_07594,"ClarusApex is an international recruiting company with representations in the Netherlands, Austria, Ukraine, Cyprus and ",JavaScript/UI developer,0,0,0.9993906021118164,0.0006093978881835938,0.7,1,BERT:bert_class_weighted,Class weight
1071,emscad_07602,RealScout is SalesForce + Zillow for the $50B residential real estate sales industry. The platform allows Realtors® to c,Sr Software Engineer,0,0,0.9997208118438721,0.0002791881561279297,0.7,1,BERT:bert_class_weighted,Class weight
1072,emscad_07613,"At Hayes-Corp, we create the fun stuff. With a focus on software development for mobile platforms, we are constantly loo",Mobile Marketing Specialist,0,0,0.999361515045166,0.0006384849548339844,0.7,1,BERT:bert_class_weighted,Class weight
1073,emscad_07616,Applied Memetics LLC is a professional services company dedicated to integrating and delivering best practice communicat,"TV Video Editor I, East Asia Pacific Division Office",0,0,0.999833345413208,0.0001666545867919922,0.7,1,BERT:bert_class_weighted,Class weight
1074,emscad_07634,Middle East Recruitment is a specialized recruitment and consulting agency. Established since 1997 founded by profession,Field Compliance Coordinator,0,0,0.9998506307601929,0.0001493692398071289,0.7,1,BERT:bert_class_weighted,Class weight
1075,emscad_07635,London's Going Out App! Explovia simply and brilliantly combines Group Chat with Event Booking.,Growth Hacker,0,0,0.9997860193252563,0.00021398067474365234,0.7,1,BERT:bert_class_weighted,Class weight
1076,emscad_07640,About the Company We are ticketscript - the European market leaders in digital self-ticketing. Whether it’s massive danc,Financial Accountant,0,0,0.9997272491455078,0.0002727508544921875,0.7,1,BERT:bert_class_weighted,Class weight
1077,emscad_07649,"Declara is focused on bringing data to life. Our technology platform uses machine learning, search, algorithms and recom",Technical Project Manager,0,0,0.9996533393859863,0.0003466606140136719,0.7,1,BERT:bert_class_weighted,Class weight
1078,emscad_07657,We are seeking individuals to be connected with companies who are hiring employees directly to work from their homes. Yo,Remote Admin Clerk,1,1,0.0,1.0,0.7,1,BERT:bert_class_weighted,Class weight
1079,emscad_07661,We are seeking individuals to be connected with companies who are hiring employees directly to work from their homes. Yo,Full/PartTime Data Entry Work,1,1,0.0,1.0,0.7,1,BERT:bert_class_weighted,Class weight
1080,emscad_07669,Varsity Technologies helps schools and nonprofits make strategic information technology decisions that enable them to ma,Client/Account Manager,0,0,0.9997503757476807,0.00024962425231933594,0.7,1,BERT:bert_class_weighted,Class weight
1081,emscad_07673,#URL_c379aa631173ed5b7c345ab3f500a9a053e509138ca70e52c1088e5a784dc8d7# is a modern online travel agency that was founded,WSC Trainer,0,0,0.9997860193252563,0.00021398067474365234,0.7,1,BERT:bert_class_weighted,Class weight
1082,emscad_07675,"Does the possibility of working for a nationally ranked accounting firm appeal to you? Our client, a recognized tax and ",Contract Office Assistant Needed!,0,0,0.9887771606445312,0.01122283935546875,0.7,1,BERT:bert_class_weighted,Class weight
1083,emscad_07681,"We're Food52, and we've created a groundbreaking and award-winning cooking site. We support, connect, and celebrate home",Customer Care Specialist,0,0,0.9998096227645874,0.00019037723541259766,0.7,1,BERT:bert_class_weighted,Class weight
1084,emscad_07692,"MSPS is an award-winning Integrated Marketing and Sales Services Agency that consists of talented, fun and creative indi",PR & CORPORATE COMMUNICATIONS ACCOUNT DIRECTOR,0,0,0.9997482299804688,0.00025177001953125,0.7,1,BERT:bert_class_weighted,Class weight
1085,emscad_07697,Overview,SUPPLY CHAIN ANALYST,0,0,0.9808349609375,0.0191650390625,0.7,1,BERT:bert_class_weighted,Class weight
1086,emscad_07705,About HitFigure:,Automotive Sales Manager,0,0,0.9998482465744019,0.00015175342559814453,0.7,1,BERT:bert_class_weighted,Class weight
1087,emscad_07718,About The Symicor Group:,"Senior Bank Mortgage Loan Originators for the Brookfield,WI area",0,0,0.9998633861541748,0.0001366138458251953,0.7,1,BERT:bert_class_weighted,Class weight
1088,emscad_07725,Translator/Games Tester,German Translator/Tester,0,0,0.9993844032287598,0.0006155967712402344,0.7,1,BERT:bert_class_weighted,Class weight
1089,emscad_07731,"Responsible for maintenance and administration, enhancements, following change management policies, report capacity and ",Web Logic Administrator,0,0,0.9993185997009277,0.0006814002990722656,0.7,1,BERT:bert_class_weighted,Class weight
1090,emscad_07734,"We're team of enthusiastic managers, programmers and designers. We thrive on Agile software development and spend our da",Senior .Net Developer,0,0,0.999274730682373,0.0007252693176269531,0.7,1,BERT:bert_class_weighted,Class weight
1091,emscad_07742,"At McLane Intel, we believe that everyone should love where they work! We understand that our ongoing success is attribu",Accountant,0,0,0.999671220779419,0.0003287792205810547,0.7,1,BERT:bert_class_weighted,Class weight
1092,emscad_07750,Apply using below link,RN - Operating Room (OR),1,1,0.0,1.0,0.7,1,BERT:bert_class_weighted,Class weight
1093,emscad_07757,EUROPEAN DYNAMICS (#URL_c66532ffa1ce76ab447da6774719060c42c584edbf44d74cdb94fc4ac219ca45#) is a leading European Softwar,IS TESTER (Rational Functional Tester),0,0,0.9995243549346924,0.0004756450653076172,0.7,1,BERT:bert_class_weighted,Class weight
1094,emscad_07761,Candidate will be responsible for technical implementation and delivery on time & as per specification.,Front-end engineer,0,0,0.9970645904541016,0.0029354095458984375,0.7,1,BERT:bert_class_weighted,Class weight
1095,emscad_07764,ServiceTitan is the world's leading CRM software for home services businesses. It powers the world's best service compan,Sales Executive,0,0,0.9998711347579956,0.00012886524200439453,0.7,1,BERT:bert_class_weighted,Class weight
1096,emscad_07766,SilverStripe CMS & Framework is an open source platform of web development tools. The platform is curated by SilverStrip,Contract SilverStripe Developer,0,0,0.9995036125183105,0.0004963874816894531,0.7,1,BERT:bert_class_weighted,Class weight
1097,emscad_07768,"For more than two decades, the TRAK Companies have been providing temporary and direct-hire professional support staff t",Senior Administrative Assistant,0,0,0.999907910823822,9.208917617797852e-05,0.7,1,BERT:bert_class_weighted,Class weight
1098,emscad_07774,Outstanding Member Service Starts With Outstanding People,Consumer Lending Sales Specialist,0,0,0.9997694492340088,0.00023055076599121094,0.7,1,BERT:bert_class_weighted,Class weight
1099,emscad_07776,We Provide Full Time Permanent Positions for many medium to large US companies. We are interested in finding/recruiting ,Maintenance Technician,0,0,0.9998232126235962,0.0001767873764038086,0.7,1,BERT:bert_class_weighted,Class weight
1100,emscad_07777,Want to build a 21st century financial service?,KYC Banking Opening Assistant,0,0,0.9997644424438477,0.00023555755615234375,0.7,1,BERT:bert_class_weighted,Class weight
1101,emscad_07778,Applied Memetics LLC is a professional services company dedicated to integrating and delivering best practice communicat,"Video Journalist, Burmese Service",0,0,0.999741792678833,0.0002582073211669922,0.7,1,BERT:bert_class_weighted,Class weight
1102,emscad_07784,"Welcome to the Jungle! Jungle Ventures is a Singapore based, entrepreneur backed venture firm that funds and helps start",Summer Intern,0,0,0.9997293949127197,0.00027060508728027344,0.7,1,BERT:bert_class_weighted,Class weight
1103,emscad_07790,Hi!,UI/UX & Graphic Designer,0,0,0.9994320869445801,0.0005679130554199219,0.7,1,BERT:bert_class_weighted,Class weight
1104,emscad_07798,Want to be part of a NZ success story that’s going places?,Procurement Specialist,0,0,0.9997546672821045,0.0002453327178955078,0.7,1,BERT:bert_class_weighted,Class weight
1105,emscad_07802,EUROPEAN DYNAMICS (#URL_c66532ffa1ce76ab447da6774719060c42c584edbf44d74cdb94fc4ac219ca45#) is a leading European Softwar,Senior Java Developer,0,0,0.9993648529052734,0.0006351470947265625,0.7,1,BERT:bert_class_weighted,Class weight
1106,emscad_07807,"Cardiologist, Interventional Fellow, MD needed to join top notch group practice in South Texas, Gulf of Mexico area of T","Cardiologist, Interventional Fellow, MD, Group Practice",0,0,0.9996178150177002,0.0003821849822998047,0.7,1,BERT:bert_class_weighted,Class weight
1107,emscad_07808,The Beans Group is a media company that exists to empower young people to thrive. We have been on an exponential growth ,Client Services Executive,0,0,0.9997888803482056,0.0002111196517944336,0.7,1,BERT:bert_class_weighted,Class weight
1108,emscad_07809,The best word to describe PCP’s culture is PRIDE. Pride in our company. Pride in our job. And pride in our relationships,Data Entry Clerk,0,0,0.9995660781860352,0.00043392181396484375,0.7,1,BERT:bert_class_weighted,Class weight
1109,emscad_07820,"An agency that places native English speakers across Thailand to teach English, Maths, Science and Computer Studies to T",Part Time Substitute Teachers,0,0,0.9997439384460449,0.0002560615539550781,0.7,1,BERT:bert_class_weighted,Class weight
1110,emscad_07823,"ABC Supply Co., Inc. is the nation’s largest wholesale distributor of roofing and one of the largest distributors of sid",Outside Sales Professional-Neenah,0,0,0.9998294115066528,0.00017058849334716797,0.7,1,BERT:bert_class_weighted,Class weight
1111,emscad_07825,NFP is a leader in the delivery of benefits solutions for companies of all sizes and in the delivery of life insurance a,Case Coordinator,0,0,0.9997081756591797,0.0002918243408203125,0.7,1,BERT:bert_class_weighted,Class weight
1112,emscad_07844,"POS-X is a rapidly growing point-of-sale hardware manufacturer located in Bellingham, WA. The POS-X environment consists",Supply Chain Specialist,0,0,0.9997148513793945,0.00028514862060546875,0.7,1,BERT:bert_class_weighted,Class weight
1113,emscad_07858,Responding to inbound sales leads,Account Executive,0,0,0.9989032745361328,0.0010967254638671875,0.7,1,BERT:bert_class_weighted,Class weight
1114,emscad_07864,"Adbrain is at the forefront of the data-driven, multi-screen advertising revolution. Powered by the latest technologies ",SVP Commercial Operations / COO,0,0,0.9996862411499023,0.00031375885009765625,0.7,1,BERT:bert_class_weighted,Class weight
1115,emscad_07870,"SpotSource Solutions LLC is a Global Human Capital Management Consulting firm headquartered in Miami, Florida. Founded i",Marketing Account Manager,0,0,0.9998540878295898,0.00014591217041015625,0.7,1,BERT:bert_class_weighted,Class weight
1116,emscad_07878,Applied Memetics LLC is a professional services company dedicated to integrating and delivering best practice communicat,"ENG Camera Operator, Broadcast Operations Division",0,0,0.9998133182525635,0.00018668174743652344,0.7,1,BERT:bert_class_weighted,Class weight
1117,emscad_07880,"We run #URL_34e817f2a402b90fa03423a629596c1d7d48cd15c859b303842003275d56829c# , a SaaS form management solution that hel",Customer Support,0,0,0.9995651245117188,0.00043487548828125,0.7,1,BERT:bert_class_weighted,Class weight
1118,emscad_07895,Working at FBN,Field Operations Specialist,0,0,0.9997272491455078,0.0002727508544921875,0.7,1,BERT:bert_class_weighted,Class weight
1119,emscad_07901,DESCRIPTION,Business Analyst Training & Projects (BA),0,0,0.9994449615478516,0.0005550384521484375,0.7,1,BERT:bert_class_weighted,Class weight
1120,emscad_07902,Organizes the sourcing process: drafting of tenders and conduction of market searches,PROCUREMENT MANAGER,0,0,0.9995064735412598,0.0004935264587402344,0.7,1,BERT:bert_class_weighted,Class weight
1121,emscad_07906,REWARDING WORK,Clinical Systems Implementation Coordinator,0,0,0.9997341632843018,0.0002658367156982422,0.7,1,BERT:bert_class_weighted,Class weight
1122,emscad_07912,"Hello There,","CONTRACT: Design Engineer , North Hollywood, CA",0,0,0.9995243549346924,0.0004756450653076172,0.7,1,BERT:bert_class_weighted,Class weight
1123,emscad_07927,"Neusoft America is a division of Neusoft, the largest IT Solutions & Services provider in China with a US presence that ",Wireless Software Engineer,0,0,0.9997708797454834,0.00022912025451660156,0.7,1,BERT:bert_class_weighted,Class weight
1124,emscad_07938,"ABC Supply Co., Inc. is the nation’s largest wholesale distributor of roofing and one of the largest distributors of sid",CDL Driver-Addison,0,0,0.9998639822006226,0.0001360177993774414,0.7,1,BERT:bert_class_weighted,Class weight
1125,emscad_07941,Tile is one of the most successful crowd-funded campaigns in history and is building the world’s largest lost and found.,Mechanical Engineer,0,0,0.9998326301574707,0.00016736984252929688,0.7,1,BERT:bert_class_weighted,Class weight
1126,emscad_07947,"Easy, flexible & scalable tool for asking questions",UX Designer with a passion simple design,0,0,0.998448371887207,0.0015516281127929688,0.7,1,BERT:bert_class_weighted,Class weight
1127,emscad_07957,Mailjet is a market leading Email Service Provider with over 25 000 clients and rapidly expanding across Europe and abro,Partnerships / Channel Coordinator,0,0,0.9998012781143188,0.00019872188568115234,0.7,1,BERT:bert_class_weighted,Class weight
1128,emscad_07967,The only thing we love more than our data is our team.,Marketing Content Writer,0,0,0.9989290237426758,0.0010709762573242188,0.7,1,BERT:bert_class_weighted,Class weight
1129,emscad_07984,"ustwo offers you the opportunity to be yourself, whilst delivering the best work on the planet for some of the biggest a",Agile Coach/PM,0,0,0.9992890357971191,0.0007109642028808594,0.7,1,BERT:bert_class_weighted,Class weight
1130,emscad_07988,"At Hayes-Corp, we create the fun stuff. With a focus on software development for mobile platforms, we are constantly loo","Personal Assistant (Tech, Mobile, Startup)",0,0,0.9995417594909668,0.0004582405090332031,0.7,1,BERT:bert_class_weighted,Class weight
1131,emscad_07994,"Fusemachines combines the power of Data Science, Artificial Intelligence and Natural Language Processing to build unique",Sales Executive for Big Data Platform,0,0,0.9996626377105713,0.00033736228942871094,0.7,1,BERT:bert_class_weighted,Class weight
1132,emscad_08009,Business Analyst with PeopleSoft 8.8 CRM Experience Strong PeopleSoft CRM resource who understands CRM functionality and,PeopleSoft CRM Consultant,0,0,0.9996941089630127,0.0003058910369873047,0.7,1,BERT:bert_class_weighted,Class weight
1133,emscad_08016,Why CSD?,Staff Interpreter,0,0,0.9998183250427246,0.00018167495727539062,0.7,1,BERT:bert_class_weighted,Class weight
1134,emscad_08018,"Even & Odd Minds is a talent-driven consulting firm providing individual consultants, project teams, and strategic outso",Senior Sharepoint Developer,0,0,0.9993648529052734,0.0006351470947265625,0.7,1,BERT:bert_class_weighted,Class weight
1135,emscad_08019,"Shyp is the easiest way to send anything, anywhere.",User Researcher,0,0,0.9997215270996094,0.000278472900390625,0.7,1,BERT:bert_class_weighted,Class weight
1136,emscad_08022,"12-15 years of experience in Solution, Design and Development of web applications using the Java EE, Webservices, JMS, X",Sr Java Developer/Lead/Architect,0,0,0.9986515045166016,0.0013484954833984375,0.7,1,BERT:bert_class_weighted,Class weight
1137,emscad_08028,Overall Purpose of the Job: Assists during the rigging up and down of well test equipment on work locations for the purp,Well Test Operator,1,0,0.9813079833984375,0.0186920166015625,0.7,0,BERT:bert_class_weighted,Class weight
1138,emscad_08041,"Industrial Color Software is a division of Industrial Color Brands, a family of vertically integrated creative productio",Release Manager / Automation Engineer,0,0,0.999640941619873,0.0003590583801269531,0.7,1,BERT:bert_class_weighted,Class weight
1139,emscad_08043,"Founded in 1999, PowerChord is a leader in Digital Brand Management, specializing in the development of online channel m",Email Marketing Specialist,0,0,0.9998644590377808,0.00013554096221923828,0.7,1,BERT:bert_class_weighted,Class weight
1140,emscad_08044,EUROPEAN DYNAMICS (#URL_c66532ffa1ce76ab447da6774719060c42c584edbf44d74cdb94fc4ac219ca45#) is a leading European Softwar,Assistant Project Manager,0,0,0.9997074604034424,0.0002925395965576172,0.7,1,BERT:bert_class_weighted,Class weight
1141,emscad_08045,Duties & Responsibilities include: • Reconcile Vendor statements and liaise with them to resolve any issues relating to ,Position Finance Assistant,1,1,0.0,1.0,0.7,1,BERT:bert_class_weighted,Class weight
1142,emscad_08046,Work with Team Ookla,Marketing Communications Manager,0,0,0.99967360496521,0.00032639503479003906,0.7,1,BERT:bert_class_weighted,Class weight
1143,emscad_08047,Soft ware Com petitiveness International (SOFTCOM INTERNATIONAL) is characterized for personel excellence .,"Senior Software Engineers, C++ for AUTOMOTIVE",0,0,0.9997103214263916,0.00028967857360839844,0.7,1,BERT:bert_class_weighted,Class weight
1144,emscad_08063,The Boston Consulting Group ( #URL_45423e1e16703aa4d8ee444d3ad69bb51525f1dad0b3115713cf80dc496299e2# ) has launched a ne,Demand Generation Marketing Manager,0,0,0.9996731281280518,0.0003268718719482422,0.7,1,BERT:bert_class_weighted,Class weight
1145,emscad_08067,"Intercom ( #URL_cb674f93cbcd215a3a0a57a8615a565545949eead8adbbc73307c26d6a6af81b# ) is a simple, personal messaging serv",Software Engineering Intern,0,0,0.9994726181030273,0.0005273818969726562,0.7,1,BERT:bert_class_weighted,Class weight
1146,emscad_08091,"Cigniti Inc. is a 15 year old Irving, TX based professional services and staffing company which helped companies like Tr",SQL/Server DBA,0,0,0.9998691082000732,0.0001308917999267578,0.7,1,BERT:bert_class_weighted,Class weight
1147,emscad_08094,"Novitex Enterprise Solutions, formerly Pitney Bowes Management Services, delivers innovative document and communications",Customer Service Associate,0,0,0.9998676776885986,0.0001323223114013672,0.7,1,BERT:bert_class_weighted,Class weight
1148,emscad_08115,If working in a cubical seems like your idea of hell then joining our awesome startup team might be the opportunity you’,Customer Success Manager,0,0,0.9996588230133057,0.00034117698669433594,0.7,1,BERT:bert_class_weighted,Class weight
1149,emscad_08120,We Provide Full Time Permanent Positions for many medium to large US companies. We are interested in finding/recruiting ,"Director, Supply Chain - Strategy",0,0,0.9997022151947021,0.00029778480529785156,0.7,1,BERT:bert_class_weighted,Class weight
1150,emscad_08123,RESPONSIBILITIES:,Civil Engineer,0,0,0.9980201721191406,0.001979827880859375,0.7,1,BERT:bert_class_weighted,Class weight
1151,emscad_08128,"SpotSource Solutions LLC is a Global Human Capital Management Consulting firm headquartered in Miami, Florida. Founded i",Sales Executive,0,0,0.9998655319213867,0.00013446807861328125,0.7,1,BERT:bert_class_weighted,Class weight
1152,emscad_08141,"""Our mission to our clients is to preserve their independence, enhance their quality of life, promote health & wellbeing",Scheduling Assistants,0,0,0.9998670816421509,0.0001329183578491211,0.7,1,BERT:bert_class_weighted,Class weight
1153,emscad_08148,Millionaires In Training Recruiting Group specializes in placing qualified job seekers in the most successful direct sal,Direct Sales Representative,0,0,0.9996640682220459,0.00033593177795410156,0.7,1,BERT:bert_class_weighted,Class weight
1154,emscad_08163,"Valor Services provides Workforce Solutions that meet the needs of companies across the Private Sector, with a special f",Desktop Support / IT Technicians - Start Next Week!,0,0,0.9999155402183533,8.445978164672852e-05,0.7,1,BERT:bert_class_weighted,Class weight
1155,emscad_08166,If working in a cubical seems like your idea of hell then joining our awesome startup team might be the opportunity you’,Customer Support Rockstar (Associate Level Position),0,0,0.9997029304504395,0.0002970695495605469,0.7,1,BERT:bert_class_weighted,Class weight
1156,emscad_08175,"Ginkgotree is changing the way course materials are designed and delivered. We’re ending the reign of overpriced, cookie",Marketing Director,0,0,0.99971604347229,0.00028395652770996094,0.7,1,BERT:bert_class_weighted,Class weight
1157,emscad_08181,"With over 30 years of experience in the industry, Mercer Foods has been providing superior quality freeze dried foods an",Maintenance Supervisor,0,0,0.9995834827423096,0.0004165172576904297,0.7,1,BERT:bert_class_weighted,Class weight
1158,emscad_08189,Apps for Good ( #URL_937118d268463f038aabd860063eb978f7ad6c0a78ed8e595e39bfa1de380e90# ) is an award-winning technology ,Community Management Intern,0,0,0.9997909069061279,0.0002090930938720703,0.7,1,BERT:bert_class_weighted,Class weight
1159,emscad_08191,Transifex is a SaaS continuous localization platform powering the process of launching products into multiple languages ,iOS Mobile Engineer,0,0,0.9993486404418945,0.0006513595581054688,0.7,1,BERT:bert_class_weighted,Class weight
1160,emscad_08193,Visual BI is one of the leading and fastest growing firms focusing exclusively on BI & Analytics. Our offerings cover en,Sharepoint BI Architect,0,0,0.9995307922363281,0.000469207763671875,0.7,1,BERT:bert_class_weighted,Class weight
1161,emscad_08199,Human capital is usually the biggest asset and expense for a company. Making the right hire – the first time – is critic,Environmental Health and Safety Engineering Manager,0,0,0.9996507167816162,0.00034928321838378906,0.7,1,BERT:bert_class_weighted,Class weight
1162,emscad_08203,"TapHunter ( #URL_95b1bf876c79465b7a563292438e8293a651920b605b528509c8d4c14bfc174e# ) provides bars, restaurants, bottle ",Marketing & Sales Support,0,0,0.9998204708099365,0.00017952919006347656,0.7,1,BERT:bert_class_weighted,Class weight
1163,emscad_08205,"Startup Institute is the #1 career accelerator, offering transformative educational experiences for career changers and ",Head of Acquisition Marketing,0,0,0.9995875358581543,0.0004124641418457031,0.7,1,BERT:bert_class_weighted,Class weight
1164,emscad_08207,Massive Media is the social media company behind the successful digital brands #URL_18234f381f5e7b9a9ffdc727cd05c9046edf,Loyalty Marketing Manager - Netlog,0,0,0.9995987415313721,0.0004012584686279297,0.7,1,BERT:bert_class_weighted,Class weight
1165,emscad_08212,Applied Memetics LLC is a professional services company dedicated to integrating and delivering best practice communicat,Multimedia/Digital Producer,0,0,0.9998286962509155,0.00017130374908447266,0.7,1,BERT:bert_class_weighted,Class weight
1166,emscad_08217,Kettle is an independent digital agency based in New York City and the Bay Area. We’re committed to making digital do mo,Senior Digital Producer,0,0,0.9997649192810059,0.00023508071899414062,0.7,1,BERT:bert_class_weighted,Class weight
1167,emscad_08220,Roka Security is a boutique security firm that specializes in full-scale network protection and defending against advanc,Software Engineer,0,0,0.9995660781860352,0.00043392181396484375,0.7,1,BERT:bert_class_weighted,Class weight
1168,emscad_08237,"Sr. PHP developer Experience : 4-10 years Location : New York, NY",PHP developer,0,0,0.9982662200927734,0.0017337799072265625,0.7,1,BERT:bert_class_weighted,Class weight
1169,emscad_08239,"We design, build, sell, and service the most innovative operations management technology in the world.",Software Engineering Intern,0,0,0.9994163513183594,0.000583648681640625,0.7,1,BERT:bert_class_weighted,Class weight
1170,emscad_08245,Maguru helps small businesses get more customers though efficient and fair priced managed online marketing.,CTO,0,0,0.9998140335083008,0.00018596649169921875,0.7,1,BERT:bert_class_weighted,Class weight
1171,emscad_08247,We’re a cool little start-up in Gastown beating out the biggest competitors in our space. We’re currently the underdog. ,Junior Software Developer,0,0,0.9990782737731934,0.0009217262268066406,0.7,1,BERT:bert_class_weighted,Class weight
1172,emscad_08259,Role: Oracle HRMS Technical Consultant,Oracle HRMS Technical Consultant || Richmond VA || Full Time ||,0,0,0.9987525939941406,0.001247406005859375,0.7,1,BERT:bert_class_weighted,Class weight
1173,emscad_08270,We Provide Full Time Permanent Positions for many medium to large US companies. We are interested in finding/recruiting ,Project Cost Estimating Engineer II - SAP MS Office - TX,0,0,0.9998253583908081,0.00017464160919189453,0.7,1,BERT:bert_class_weighted,Class weight
1174,emscad_08272,Axonix is a global mobile advertising technology company that's powered by a platform with a 4 year history of leading t,Head of Partnerships,0,0,0.9997494220733643,0.0002505779266357422,0.7,1,BERT:bert_class_weighted,Class weight
1175,emscad_08317,Rithmio is an Illinois-headquartered startup founded in 2013 that enables gesture recognition-based products.,iOS Developer,0,0,0.9995112419128418,0.0004887580871582031,0.7,1,BERT:bert_class_weighted,Class weight
1176,emscad_08342,Inviting inspirational individuals,Head of Delivering Happiness,0,0,0.9997621774673462,0.0002378225326538086,0.7,1,BERT:bert_class_weighted,Class weight
1177,emscad_08344,We are a company looking for qualified individuals to help out with writing tasks such as:,Writing Job,0,1,0.02880859375,0.97119140625,0.7,0,BERT:bert_class_weighted,Class weight
1178,emscad_08354,Want to build a 21st century financial service?,Office manager and founders' PA,0,0,0.9998761415481567,0.00012385845184326172,0.7,1,BERT:bert_class_weighted,Class weight
1179,emscad_08359,Flite delivers ad innovation at scale to the world's top publishers and brands. Marketers use the self-service Flite Pla,DevOps Engineer,0,0,0.9997169971466064,0.0002830028533935547,0.7,1,BERT:bert_class_weighted,Class weight
1180,emscad_08362,Want to build a 21st century financial service?,"Operational Guru, London. Paid internship - 3 months",0,0,0.9998775720596313,0.00012242794036865234,0.7,1,BERT:bert_class_weighted,Class weight
1181,emscad_08363,MISSION:,"ARE YOU EXPERIENCED & PASSIONATE ABOUT CHILD CARE? AMAZING COMPANY, COMPENSATION & BENEFITS!",0,0,0.9998458623886108,0.00015413761138916016,0.7,1,BERT:bert_class_weighted,Class weight
1182,emscad_08364,Whether you’re self-taught or a classically trained chef doesn’t matter - what does matter is that you have purpose when,Pit Master,0,0,0.9991354942321777,0.0008645057678222656,0.7,1,BERT:bert_class_weighted,Class weight
1183,emscad_08369,The story of the Great Chicago Fire of 1871 isn’t really about the fire. It’s about what happened next: A remarkable mom,QA Engineer - OptionsAway,0,0,0.9998623132705688,0.00013768672943115234,0.7,1,BERT:bert_class_weighted,Class weight
1184,emscad_08401,Massive Media is the social media company behind the successful digital brands #URL_18234f381f5e7b9a9ffdc727cd05c9046edf,Game Tester & Buyer - Gatcha!,0,0,0.9995977878570557,0.00040221214294433594,0.7,1,BERT:bert_class_weighted,Class weight
1185,emscad_08404,Great Customer Service from Start to Finish,Customer Service / Admin Assistant,0,0,0.9998421669006348,0.00015783309936523438,0.7,1,BERT:bert_class_weighted,Class weight
1186,emscad_08405,"A fast-paced, B2B marketing firm is looking for a competent Sales Coordinator to assist driving our client and Network S",Sales Coordinator,0,0,0.9997062683105469,0.000293731689453125,0.7,1,BERT:bert_class_weighted,Class weight
1187,emscad_08406,Zaius is a digital intuition platform enabling companies to optimize consumer experiences across channels. We're poised ,Lead UI/UX Designer,0,0,0.9995408058166504,0.0004591941833496094,0.7,1,BERT:bert_class_weighted,Class weight
1188,emscad_08415,"StudyHall creates opportunities for college, university students, and recent graduates, to work with the best companies ",Google Adwords Specialist and SEO Producer | StudyHall.com,0,0,0.99967360496521,0.00032639503479003906,0.7,1,BERT:bert_class_weighted,Class weight
1189,emscad_08417,Infogram is the data visualization product that brings out the best in your data. Our infographics and charts are quick ,Sales Executive,0,0,0.9995424747467041,0.00045752525329589844,0.7,1,BERT:bert_class_weighted,Class weight
1190,emscad_08424,Outstanding Member Service Starts With Outstanding People,Call Center Manager,0,0,0.9998012781143188,0.00019872188568115234,0.7,1,BERT:bert_class_weighted,Class weight
1191,emscad_08426,EUROPEAN DYNAMICS (#URL_c66532ffa1ce76ab447da6774719060c42c584edbf44d74cdb94fc4ac219ca45#) is a leading European Softwar,Senior Test Engineer,0,0,0.9997730255126953,0.0002269744873046875,0.7,1,BERT:bert_class_weighted,Class weight
1192,emscad_08429,"Based in Houston, Texas, Palladium Consulting is a boutique software consulting firm with 12 years’ experience building ",HPC Parallel I/O & Lustre Expert,0,0,0.9995827674865723,0.0004172325134277344,0.7,1,BERT:bert_class_weighted,Class weight
1193,emscad_08432,CallCentre People Recruitment is recognised as being specialists within the CallCentre industry.,Product/Sales Consultant,0,0,0.999841570854187,0.00015842914581298828,0.7,1,BERT:bert_class_weighted,Class weight
1194,emscad_08445,"Diagnostic Health deploy and manage high quality sonographers to provide the NHS with a single, unified and trusted serv",Sonographer,0,0,0.9998409748077393,0.0001590251922607422,0.7,1,BERT:bert_class_weighted,Class weight
1195,emscad_08446,Responsibilities: Electrical and project engineering work involving support of Gypsum divisional operations through desi,DIVISION ELECTRICAL ENGINEER,1,0,0.9951057434082031,0.004894256591796875,0.7,0,BERT:bert_class_weighted,Class weight
1196,emscad_08449,Leadership talent acquisition. Specializing in teaching and training positions for the Kingdom of Saudi Arabia. - Engine,Head of Department,0,0,0.9995388984680176,0.0004611015319824219,0.7,1,BERT:bert_class_weighted,Class weight
1197,emscad_08458,Filament Labs is building Patient IOTM — a care plan platform.,Android Engineer at high growth health IT startup,0,0,0.9997358322143555,0.00026416778564453125,0.7,1,BERT:bert_class_weighted,Class weight
1198,emscad_08461,"At MAM, we are passionate about changing the culture of the mental health industry. We seek to de-fragment care, utilize",Psychiatric Nurse Practitioner,0,0,0.9997761249542236,0.0002238750457763672,0.7,1,BERT:bert_class_weighted,Class weight
1199,emscad_08464,In the Direct Sales role you'll have the opportunity to directly impact the growth of our company. You will be responsib,Direct Sales Opportunity,0,0,0.9995670318603516,0.0004329681396484375,0.7,1,BERT:bert_class_weighted,Class weight
1200,emscad_08471,"CloudRunner I/O is a complete IT automation framework for fast, reliable and scalable automation of cloud and physical i",Software Engineer,0,0,0.9994516372680664,0.0005483627319335938,0.7,1,BERT:bert_class_weighted,Class weight
1201,emscad_08481,EUROPEAN DYNAMICS (#URL_c66532ffa1ce76ab447da6774719060c42c584edbf44d74cdb94fc4ac219ca45#) is a leading European Softwar,Senior ColdFusion Developer,0,0,0.99961256980896,0.00038743019104003906,0.7,1,BERT:bert_class_weighted,Class weight
1202,emscad_08483,Edison International and Refined Resources have partnered up in an effort to streamline the hiring process and provide a,Operator Mechanic 1,1,1,0.0,1.0,0.7,1,BERT:bert_class_weighted,Class weight
1203,emscad_08494,PROSULTING IS PEOPLE The ProSulting difference is easy to see. Our passion for delivering qualified pre-screened personn,Controller,0,0,0.9997766017913818,0.00022339820861816406,0.7,1,BERT:bert_class_weighted,Class weight
1204,emscad_08497,"Maxnet offers Staff Augmentation Solutions for Big Data Analytics in Retail, Healthcare and Regulatory & Compliance.",Mobile Developer,0,0,0.9993648529052734,0.0006351470947265625,0.7,1,BERT:bert_class_weighted,Class weight
1205,emscad_08498,Contentful (#URL_0252efddcbc4b8f51969fca7b054595976ea4678fd880b3653151e618d447b33#) is an API-first content management p,Android Developer,0,0,0.9992175102233887,0.0007824897766113281,0.7,1,BERT:bert_class_weighted,Class weight
1206,emscad_08508,Why CSD?,Product Analyst,0,0,0.9994673728942871,0.0005326271057128906,0.7,1,BERT:bert_class_weighted,Class weight
1207,emscad_08527,"Consulting: Our efforts are to help clients throughout their business including product development, HR, marketing, othe",Admin / Marketing Assistant,0,0,0.9997251033782959,0.00027489662170410156,0.7,1,BERT:bert_class_weighted,Class weight
1208,emscad_08528,Who is Powershop?,Contract Software Developer,0,0,0.999657392501831,0.0003426074981689453,0.7,1,BERT:bert_class_weighted,Class weight
1209,emscad_08533,MMR Inc is one of Canada’s highest accomplished recruiting firms today. Our team of consultants find all management and ,"Director, Sales",0,0,0.9998279809951782,0.00017201900482177734,0.7,1,BERT:bert_class_weighted,Class weight
1210,emscad_08546,The smarter way to invest,Marketing Associate,0,0,0.9997143745422363,0.0002856254577636719,0.7,1,BERT:bert_class_weighted,Class weight
1211,emscad_08547,Our Company,Back Office Junior PHP Developer,0,0,0.9996917247772217,0.0003082752227783203,0.7,1,BERT:bert_class_weighted,Class weight
1212,emscad_08552,EUROPEAN DYNAMICS (#URL_c66532ffa1ce76ab447da6774719060c42c584edbf44d74cdb94fc4ac219ca45#) is a leading European Softwar,Senior Java Developer,0,0,0.9994239807128906,0.000576019287109375,0.7,1,BERT:bert_class_weighted,Class weight
1213,emscad_08557,Tailor is a digital agency specialising in three things:,User Experience / Interaction Designer,0,0,0.9993891716003418,0.0006108283996582031,0.7,1,BERT:bert_class_weighted,Class weight
1214,emscad_08562,The Albany Charter School Network is a family of charter schools in the City of Albany that works to prepare children fo,Secondary Science Teacher,0,0,0.9998623132705688,0.00013768672943115234,0.7,1,BERT:bert_class_weighted,Class weight
1215,emscad_08583,The story of the Great Chicago Fire of 1871 isn’t really about the fire. It’s about what happened next: A remarkable mom,Sales Associate - Rippleshot,0,0,0.9998607635498047,0.0001392364501953125,0.7,1,BERT:bert_class_weighted,Class weight
1216,emscad_08600,"Depop is an exciting new mobile marketplace where you can sell things by simply taking a picture, as well as follow your",Senior Systems Engineer (DevOps),0,0,0.9996716976165771,0.00032830238342285156,0.7,1,BERT:bert_class_weighted,Class weight
1217,emscad_08602,Apply using below link,RN PACU,1,1,0.0,1.0,0.7,1,BERT:bert_class_weighted,Class weight
1218,emscad_08604,Massive Media is the social media company behind the successful digital brands #URL_18234f381f5e7b9a9ffdc727cd05c9046edf,Senior Product Manager - Netlog Arabic site (Dubai based),0,0,0.9996929168701172,0.0003070831298828125,0.7,1,BERT:bert_class_weighted,Class weight
1219,emscad_08610,"Pricing Recruiters is the leading global resource for the procurement, vetting and placement of qualified, pricing and p",Thermo Fisher Scientific - Senior Pricing Analyst,0,0,0.9997671842575073,0.00023281574249267578,0.7,1,BERT:bert_class_weighted,Class weight
1220,emscad_08612,The Opportunity We are looking for a talented and motivated individual for a full-time career as an IT Administrator. Su,Systems Administrator,0,0,0.9998126029968262,0.00018739700317382812,0.7,1,BERT:bert_class_weighted,Class weight
1221,emscad_08622,"Come be a part of one of the fastest growing, well-funded and exciting startups in Silicon Valley. Peel makes the world’",Remote Control Solutions Architect,0,0,0.9996945858001709,0.00030541419982910156,0.7,1,BERT:bert_class_weighted,Class weight
1222,emscad_08631,MediaMonks is the biggest creative digital production company on the planet . We specialize in working for and with adve,Technical Lead,0,0,0.9997115135192871,0.0002884864807128906,0.7,1,BERT:bert_class_weighted,Class weight
1223,emscad_08651,We're hiring!,Social Media Intern,0,0,0.9997477531433105,0.0002522468566894531,0.7,1,BERT:bert_class_weighted,Class weight
1224,emscad_08656,Massive Media is the social media company behind the successful digital brands #URL_18234f381f5e7b9a9ffdc727cd05c9046edf,Business Developer - Netlog,0,0,0.9995677471160889,0.0004322528839111328,0.7,1,BERT:bert_class_weighted,Class weight
1225,emscad_08657,We are looking for someone to telecommute (work from home) as a Marketing Assistant. This is an independent contractor p,Marketing Assistant,0,0,0.9952545166015625,0.0047454833984375,0.7,1,BERT:bert_class_weighted,Class weight
1226,emscad_08658,Soft ware Com petitiveness International (SOFTCOM INTERNATIONAL) is characterized for personel excellence .,"Senior Software Engineers, C++ for AUTOMOTIVE",0,0,0.99967360496521,0.00032639503479003906,0.7,1,BERT:bert_class_weighted,Class weight
1227,emscad_08667,Can data be a thing of beauty? We think so.,Consulting Operations Manager,0,0,0.9997546672821045,0.0002453327178955078,0.7,1,BERT:bert_class_weighted,Class weight
1228,emscad_08675,***Please do NOT apply for this position if you do not live in Arizona. Thank you.***,Live-in Caregiver with time off,0,0,0.999718189239502,0.0002818107604980469,0.7,1,BERT:bert_class_weighted,Class weight
1229,emscad_08678,"Aker Solutions is a global provider of products, systems and services to the oil and gas industry. Our engineering, desi",Project Subcontracting Manager,1,1,0.0,1.0,0.7,1,BERT:bert_class_weighted,Class weight
1230,emscad_08682,The Beans Group is a media company that exists to empower young people to thrive. We have been on an exponential growth ,Marketing Assistant: Email,0,0,0.9997453689575195,0.00025463104248046875,0.7,1,BERT:bert_class_weighted,Class weight
1231,emscad_08694,"We design, deploy, and maintain advanced technologies that enable our customers to achieve operational excellence at sub",Presales Engineer/Technical Project Management,0,0,0.9997086524963379,0.0002913475036621094,0.7,1,BERT:bert_class_weighted,Class weight
1232,emscad_08697,"Here is the requirement mentioned below. Please respond with Resume, and Phone number Reply me ASAP...",IOS Lead Developer at MA,0,0,0.9895477294921875,0.0104522705078125,0.7,1,BERT:bert_class_weighted,Class weight
1233,emscad_08703,We are seeking individuals to be connected with companies who are hiring employees directly to work from their homes. Yo,Data Processing Agent,1,1,0.0,1.0,0.7,1,BERT:bert_class_weighted,Class weight
1234,emscad_08721,"Since 1993, Cancer for College has been providing college scholarships to cancer survivors. We are a very small operatio",Office Manager,0,0,0.9998012781143188,0.00019872188568115234,0.7,1,BERT:bert_class_weighted,Class weight
1235,emscad_08723,"Position :Manager, Software Development Job Type : Full Time Job Location : Washington–Bellevue Us work status required ",Hiring for Business Intelligence and Analytics Project Manager,1,1,0.0009765625,0.9990234375,0.7,1,BERT:bert_class_weighted,Class weight
1236,emscad_08738,"Tidewater Finance Co. was established in 1992 for the initial purpose of purchasing, and servicing retail installment co",Recovery Specialists,0,0,0.9998154640197754,0.00018453598022460938,0.7,1,BERT:bert_class_weighted,Class weight
1237,emscad_08742,Established on the principles that full time education is not for everyone Spectrum Learning is made up of a team of pas,Content Writer,0,0,0.9998761415481567,0.00012385845184326172,0.7,1,BERT:bert_class_weighted,Class weight
1238,emscad_08745,"ABC Supply Co., Inc. is the nation’s largest wholesale distributor of roofing and one of the largest distributors of sid",CDL Driver-Sioux Falls,0,0,0.9998607635498047,0.0001392364501953125,0.7,1,BERT:bert_class_weighted,Class weight
1239,emscad_08749,Wedo is a collection of niched e-commerce stores which aim to be the first destination for online shoppers buying in the,Delivery driver at Colchester Home,0,0,0.9998722076416016,0.0001277923583984375,0.7,1,BERT:bert_class_weighted,Class weight
1240,emscad_08763,#URL_c914851eb385d8c6471d602008fc4e84780de02287ca6ee67080b5f24864592f# is a service for thousands of hi-tech companies.,Technical Sales,0,0,0.9995994567871094,0.000400543212890625,0.7,1,BERT:bert_class_weighted,Class weight
1241,emscad_08772,My client is recognised as one of Perth's best residential builders with a large portfolio and range of projects. They a,Contract Administrator,0,0,0.9989557266235352,0.0010442733764648438,0.7,1,BERT:bert_class_weighted,Class weight
1242,emscad_08788,Shape the Future.,Management Associate,0,0,0.9997925758361816,0.00020742416381835938,0.7,1,BERT:bert_class_weighted,Class weight
1243,emscad_08797,Searching for the perfect creative agent or mission? Inside Job Agency finds out the details you need to know in order t,Digital Project Coordinator,0,0,0.9995977878570557,0.00040221214294433594,0.7,1,BERT:bert_class_weighted,Class weight
1244,emscad_08806,Great Customer Service from Start to Finish,Sales Professional - Buiding Products,0,0,0.9998307228088379,0.00016927719116210938,0.7,1,BERT:bert_class_weighted,Class weight
1245,emscad_08807,"As the Web Creative Manager, you will lead the development of engaging web and interactive experiences for Crittercism, ",Web Creative Manager,0,0,0.9995253086090088,0.00047469139099121094,0.7,1,BERT:bert_class_weighted,Class weight
1246,emscad_08814,"Stokes Automotive Group-Beaufort is a family owned and operated dealer group in Beaufort, SC. Stokes is the leader in th",Call Center Representatives,0,0,0.9997694492340088,0.00023055076599121094,0.7,1,BERT:bert_class_weighted,Class weight
1247,emscad_08815,LifeStreet Media is hiring Help us transform display advertising,Product Marketing Director/Sr. Director,0,0,0.9997074604034424,0.0002925395965576172,0.7,1,BERT:bert_class_weighted,Class weight
1248,emscad_08817,"At McLane Intel, we believe that everyone should love where they work! We understand that our ongoing success is attribu",Desktop Support Technician,0,0,0.9997320175170898,0.00026798248291015625,0.7,1,BERT:bert_class_weighted,Class weight
1249,emscad_08834,"L O OP is an award winning interactive agency based in Salzburg with satellite offices in Copenhagen, Berlin, Sydney and",Dev Internship Salzburg,0,0,0.999547004699707,0.00045299530029296875,0.7,1,BERT:bert_class_weighted,Class weight
1250,emscad_08836,Our passion for improving quality of life through geography is at the heart of everything we do. Esri’s geographic infor,"Junior Account Executive - San Antonio, TX",0,0,0.9998660087585449,0.00013399124145507812,0.7,1,BERT:bert_class_weighted,Class weight
1251,emscad_08842,JOB OVERVIEW,PUBLIC RELATIONS MANAGER,0,0,0.728515625,0.271484375,0.7,1,BERT:bert_class_weighted,Class weight
1252,emscad_08849,"УУРРАА - технологическая компания, работающая в сфере B2B в России.",Lead Recruiter,0,0,0.9998239278793335,0.0001760721206665039,0.7,1,BERT:bert_class_weighted,Class weight
1253,emscad_08860,"Westview Financial Services , located in Chesapeake, VA has a full-time ASSISTANT MANAGER position available immediately",Assistant Manager,0,0,0.9996566772460938,0.00034332275390625,0.7,1,BERT:bert_class_weighted,Class weight
1254,emscad_08869,"The ideal candidate will have prior manufacturing experience, preferably in the chemical industry.",Production Operator,0,1,0.12646484375,0.87353515625,0.7,0,BERT:bert_class_weighted,Class weight
1255,emscad_08872,"If you're a closer and have the following qualities of a successful sales person, we want to speak with you: Willingness",Business Account Manager,0,0,0.9995288848876953,0.0004711151123046875,0.7,1,BERT:bert_class_weighted,Class weight
1256,emscad_08878,Eastridg​​e was founded by three software professionals from the Piedmont Triad area of North Carolina in early 1998. Wi,Senior SharePoint Consultant,0,0,0.9996941089630127,0.0003058910369873047,0.7,1,BERT:bert_class_weighted,Class weight
1257,emscad_08879,Our Mortgage Team guides both new and existing clients in purchasing and maintaining the home of their dreams. Our goal ,Bilingual Loan Specialist - English/Spanish,0,0,0.9996893405914307,0.00031065940856933594,0.7,1,BERT:bert_class_weighted,Class weight
1258,emscad_08887,"Saberlight Digital is an ambitious and fast-growing strategic web design agency based in the Northern Design Centre, Gat",Web/Ux Designer,0,0,0.999483585357666,0.0005164146423339844,0.7,1,BERT:bert_class_weighted,Class weight
1259,emscad_08890,"Hi, we are dopios",Software Developer,0,0,0.9995601177215576,0.0004398822784423828,0.7,1,BERT:bert_class_weighted,Class weight
1260,emscad_08891,CENET is a non-profit organization dedicated to cultural and international exchange. CENET administers the International,Lifeguard,0,0,0.999887228012085,0.00011277198791503906,0.7,1,BERT:bert_class_weighted,Class weight
1261,emscad_08892,Axonix is a global mobile advertising technology company that's powered by a platform with a 4 year history of leading t,Gap Year Java Software Developer,0,0,0.999701738357544,0.0002982616424560547,0.7,1,BERT:bert_class_weighted,Class weight
1262,emscad_08893,"Novitex Enterprise Solutions, formerly Pitney Bowes Management Services, delivers innovative document and communications",Customer Service Team Lead,0,0,0.9998936057090759,0.00010639429092407227,0.7,1,BERT:bert_class_weighted,Class weight
1263,emscad_08921,WannaYum is a user-centric mobile food-ordering platform that attracts and retains customers through a proprietary embed,Growth Marketing Manager - New York City,0,0,0.999802827835083,0.0001971721649169922,0.7,1,BERT:bert_class_weighted,Class weight
1264,emscad_08922,"Founded by serial entrepreneur Clive Jackson and launched in 2011, Victor is one of the world’s most trusted names in pr",Customer Services Executive: up to 35k depending on experience,0,0,0.99981689453125,0.00018310546875,0.7,1,BERT:bert_class_weighted,Class weight
1265,emscad_08930,"Vend is looking for some awesome new talent to come join us. You'll be working in an awesome team doing awesome things, ",Internal IT Administrator,0,0,0.9998433589935303,0.00015664100646972656,0.7,1,BERT:bert_class_weighted,Class weight
1266,emscad_08935,"Tidewater Finance Co. was established in 1992 for the initial purpose of purchasing, and servicing retail installment co",Collections Supervisor,0,0,0.9998021125793457,0.00019788742065429688,0.7,1,BERT:bert_class_weighted,Class weight
1267,emscad_08943,"Cigniti Inc. is a 15 year old Irving, TX based professional services and staffing company which helped companies like Tr",Solutions Architect-Enterprise Information Management,0,0,0.999858021736145,0.00014197826385498047,0.7,1,BERT:bert_class_weighted,Class weight
1268,emscad_08967,We Help Create Communities that Withstand the Test of Time,Maintenance Technician,0,0,0.9998073577880859,0.0001926422119140625,0.7,1,BERT:bert_class_weighted,Class weight
1269,emscad_08969,"Novitex Enterprise Solutions, formerly Pitney Bowes Management Services, delivers innovative document and communications",Office Services Associate,0,0,0.9998470544815063,0.00015294551849365234,0.7,1,BERT:bert_class_weighted,Class weight
1270,emscad_08971,Last modified: 2014.06.09.,Vice President of User Experience,0,0,0.9996850490570068,0.00031495094299316406,0.7,1,BERT:bert_class_weighted,Class weight
1271,emscad_08972,"Our work at HPS is collaborative, centered on a fun, team-oriented environment. It is also extremely challenging. We foc",Analyst,0,0,0.9995417594909668,0.0004582405090332031,0.7,1,BERT:bert_class_weighted,Class weight
1272,emscad_08977,"Novitex Enterprise Solutions, formerly Pitney Bowes Management Services, delivers innovative document and communications",Delivery Driver - Part Time,0,0,0.9998681545257568,0.00013184547424316406,0.7,1,BERT:bert_class_weighted,Class weight
1273,emscad_08978,"HealthLink provides a computer communications system that links the information technology systems of more than 10,000 m",Technical Support Specialist,0,0,0.9998919367790222,0.0001080632209777832,0.7,1,BERT:bert_class_weighted,Class weight
1274,emscad_08981,"DNHOST, founded in 2000, is offering web hosting, domain names and e-commerce services in Greece. Since its foundation, ",Senior Linux Server Administrator,0,0,0.9996922016143799,0.0003077983856201172,0.7,1,BERT:bert_class_weighted,Class weight
1275,emscad_08984,"Novitex Enterprise Solutions, formerly Pitney Bowes Management Services, delivers innovative document and communications",Customer Service Associate,0,0,0.9998612403869629,0.00013875961303710938,0.7,1,BERT:bert_class_weighted,Class weight
1276,emscad_08992,"Novitex Enterprise Solutions, formerly Pitney Bowes Management Services, delivers innovative document and communications",Team Lead/Supervisor,0,0,0.9998574256896973,0.00014257431030273438,0.7,1,BERT:bert_class_weighted,Class weight
1277,emscad_09004,"The MarketMaker4 leadership team has extensive experience in e-procurement, online auctions, market intelligence, strate",Sales Solution Executive,0,0,0.9998066425323486,0.0001933574676513672,0.7,1,BERT:bert_class_weighted,Class weight
1278,emscad_09012,ProServices is looking for a passionate marketing manager who is a demonstrated team player. They should be prepared to ,Marketing Manager,0,0,0.9996380805969238,0.0003619194030761719,0.7,1,BERT:bert_class_weighted,Class weight
1279,emscad_09018,"Novitex Enterprise Solutions, formerly Pitney Bowes Management Services, delivers innovative document and communications",Customer Service Associate,0,0,0.9998246431350708,0.00017535686492919922,0.7,1,BERT:bert_class_weighted,Class weight
1280,emscad_09026,Fashion Metric is looking for a team player who isn’t afraid to dig into data and try new things. We are changing the wa,Entry-Level Software Developer,0,0,0.9994640350341797,0.0005359649658203125,0.7,1,BERT:bert_class_weighted,Class weight
1281,emscad_09029,We are testing a new program that allows people with a driven attitude to partner with a industry leader in sales. Learn,Appointment coordinator,0,0,0.9997532367706299,0.0002467632293701172,0.7,1,BERT:bert_class_weighted,Class weight
1282,emscad_09044,"Recombine provides clinical genetic testing. CarrierMap, the first product created at Recombine, is the most comprehensi",Director of Operations,0,0,0.999535322189331,0.0004646778106689453,0.7,1,BERT:bert_class_weighted,Class weight
1283,emscad_09055,Ensight is an international energy design and implementation practice specialising in sophisticated whole-of-business en,Senior Administration Officer,0,0,0.9997766017913818,0.00022339820861816406,0.7,1,BERT:bert_class_weighted,Class weight
1284,emscad_09057,Want to be part of a NZ success story that’s going places?,Supply Chain Manager,0,0,0.999779224395752,0.00022077560424804688,0.7,1,BERT:bert_class_weighted,Class weight
1285,emscad_09067,We Provide Full Time Permanent Positions for many medium to large US companies. We are interested in finding/recruiting ,Mechanical Engineer,0,0,0.9996843338012695,0.00031566619873046875,0.7,1,BERT:bert_class_weighted,Class weight
1286,emscad_09082,Established on the principles that full time education is not for everyone Spectrum Learning is made up of a team of pas,Portsmouth Fragrance and Beauty Promotional Staff,0,0,0.9998352527618408,0.0001647472381591797,0.7,1,BERT:bert_class_weighted,Class weight
1287,emscad_09088,"Slable is a small I.T. consulting firm based out of Woodbridge, VA. We offer computer/network support, VoIP telephone sy",Linux/Windows SysAdmin and Support Specialist,0,0,0.9998118877410889,0.0001881122589111328,0.7,1,BERT:bert_class_weighted,Class weight
1288,emscad_09090,"Founded in 2010 by a team from Google’s London and New York offices, Qubit work with some of the biggest names in Online",Senior Product Designer,0,0,0.9997169971466064,0.0002830028533935547,0.7,1,BERT:bert_class_weighted,Class weight
1289,emscad_09101,#URL_3bd5deb27e3f065dd0b56f7a19abc37844def5d3ee69f357920cb1fe39fa8733# are the market leader in the UK car buying and re,Vehicle Purchaser,0,0,0.9998511075973511,0.00014889240264892578,0.7,1,BERT:bert_class_weighted,Class weight
1290,emscad_09104,"Awarded by Expatriate Lifestyle Magazine with 2013 Best Business Hotel Excellence Award , Le Meridien Kuala Lumpur is th",Rooms Division Manager,1,1,0.00146484375,0.99853515625,0.7,1,BERT:bert_class_weighted,Class weight
1291,emscad_09115,United Med Force was created due to the high demand for elite sales professionals in the healthcare industry. United Med,Pharmaceutical / Compound Sales Representative- Washington,0,0,0.9997941255569458,0.00020587444305419922,0.7,1,BERT:bert_class_weighted,Class weight
1292,emscad_09135,"Empower America is mission driven to recruit, train and employ our military veterans into careers in renewable energy th",Military Veterans Wanted for Solar Energy Construction,0,0,0.9996824264526367,0.00031757354736328125,0.7,1,BERT:bert_class_weighted,Class weight
1293,emscad_09154,Who are We?,Healthcare IT Recruiter,0,0,0.9998427629470825,0.00015723705291748047,0.7,1,BERT:bert_class_weighted,Class weight
1294,emscad_09179,"Like Lapshark's own ambitions, the work of a Software Engineer (SWE) goes way beyond just Search. SWE Managers have not ",Software Engineer,0,0,0.9991474151611328,0.0008525848388671875,0.7,1,BERT:bert_class_weighted,Class weight
1295,emscad_09184,"Modern Automotive Performance is a growth oriented eCommerce and manufacturing company based out of Cottage Grove, Minne",Bookkeeper,0,0,0.9997676610946655,0.00023233890533447266,0.7,1,BERT:bert_class_weighted,Class weight
1296,emscad_09196,Sr Network Engineer at,Sr Network Engineer,0,0,0.9996922016143799,0.0003077983856201172,0.7,1,BERT:bert_class_weighted,Class weight
1297,emscad_09197,"For over 20 years NAC Marketing Company, LLC d/b/a New Vitality has helped people be healthy and live better by marketin",Inbound Sales Representative,0,0,0.9997860193252563,0.00021398067474365234,0.7,1,BERT:bert_class_weighted,Class weight
1298,emscad_09201,"Fusemachines combines the power of Data Science, Artificial Intelligence and Natural Language Processing to build unique",Director of Sales,0,0,0.9997119903564453,0.0002880096435546875,0.7,1,BERT:bert_class_weighted,Class weight
1299,emscad_09203,Why CSD?,Network Administrator,0,0,0.9997708797454834,0.00022912025451660156,0.7,1,BERT:bert_class_weighted,Class weight
1300,emscad_09204,"Levo League is a thriving community of young professionals, role models, and innovative companies taking Gen Y by storm.",Full Stack Developer,0,0,0.999643087387085,0.00035691261291503906,0.7,1,BERT:bert_class_weighted,Class weight
1301,emscad_09210,Do you go big or small.....? Yes!,Southern Europe Junior Management Programme Marketing,0,0,0.9997721910476685,0.00022780895233154297,0.7,1,BERT:bert_class_weighted,Class weight
1302,emscad_09221,"Brainbow is a London-based startup founded by entrepreneurs from Google, Amazon, Playfish / EA and academia with a missi",Android Developer,0,0,0.9991474151611328,0.0008525848388671875,0.7,1,BERT:bert_class_weighted,Class weight
1303,emscad_09225,Playfair Capital is an early stage technology investment fund based in London.,Social Media & Community Management Rockstar Intern,0,0,0.9996533393859863,0.0003466606140136719,0.7,1,BERT:bert_class_weighted,Class weight
1304,emscad_09248,Upstream’s mission is to revolutionise the way companies market to consumers through cutting edge technology. This is an,Applications Administrator,0,0,0.999739408493042,0.0002605915069580078,0.7,1,BERT:bert_class_weighted,Class weight
1305,emscad_09250,MarketInvoice is one of the most high-profile London based fin-tech companies. The Company is Europe’s leading P2P invoi,Sales Analyst,0,0,0.9997892379760742,0.00021076202392578125,0.7,1,BERT:bert_class_weighted,Class weight
1306,emscad_09252,"ABC Supply Co., Inc. is the nation’s largest wholesale distributor of roofing and one of the largest distributors of sid",CDL Driver-Gurnee,0,0,0.9998365640640259,0.0001634359359741211,0.7,1,BERT:bert_class_weighted,Class weight
1307,emscad_09264,DTE Energy and Refined Resources have partnered up in an effort to streamline the hiring process and provide a more effi,IC&E Technician,1,1,0.0,1.0,0.7,1,BERT:bert_class_weighted,Class weight
1308,emscad_09268,My client in North Nottinghamshire is looking for a number of FLM to come on board with enthusiasm and the drive to prog,Warehouse Manager,0,0,0.9997817277908325,0.00021827220916748047,0.7,1,BERT:bert_class_weighted,Class weight
1309,emscad_09288,"At McLane Intel, we believe that everyone should love where they work! We understand that our ongoing success is attribu",Systems Engineers/Network Administrators/Tiers I-II,0,0,0.9997532367706299,0.0002467632293701172,0.7,1,BERT:bert_class_weighted,Class weight
1310,emscad_09313,SHC/The Arc of Medina County is a great place to start or continue your career. Whether you’re interested in direct care,Non-Medical Transportation Coordinator,0,0,0.9999000430107117,9.995698928833008e-05,0.7,1,BERT:bert_class_weighted,Class weight
1311,emscad_09314,"We need good techs with either Cable or Satellite experience. We can train. Must have truck Start Today Paid Mileage $4,",INSTALLERS NEEDED,0,0,0.9995298385620117,0.00047016143798828125,0.7,1,BERT:bert_class_weighted,Class weight
1312,emscad_09321,We take the hassle out of finding and booking a cleaner. We are currently in the UK but we have big plans and we want an,Accountant,0,0,0.9994406700134277,0.0005593299865722656,0.7,1,BERT:bert_class_weighted,Class weight
1313,emscad_09325,"Shyp is the easiest way to send anything, anywhere.",Shyp Hero Courier - Los Angeles,0,0,0.9997838735580444,0.0002161264419555664,0.7,1,BERT:bert_class_weighted,Class weight
1314,emscad_09331,"We're Food52, and we've created a groundbreaking and award-winning cooking site. We support, connect, and celebrate home",Account Executive,0,0,0.9998326301574707,0.00016736984252929688,0.7,1,BERT:bert_class_weighted,Class weight
1315,emscad_09339,we are a digital creative studio focused on UX & UI Design.,Ruby On Rails Developer,0,0,0.9987697601318359,0.0012302398681640625,0.7,1,BERT:bert_class_weighted,Class weight
1316,emscad_09341,About the Company We are ticketscript - the European market leaders in digital self-ticketing. Whether it’s massive danc,Sales Manager NL,0,0,0.9997320175170898,0.00026798248291015625,0.7,1,BERT:bert_class_weighted,Class weight
1317,emscad_09342,Local expertise with an international perspective.,Executive Search Consultant,0,0,0.9995558261871338,0.00044417381286621094,0.7,1,BERT:bert_class_weighted,Class weight
1318,emscad_09353,Shop Hers is the only peer-to-peer marketplace dedicated exclusively to pre-owned designer fashion. We curate a communit,Product Photographer,0,0,0.9997358322143555,0.00026416778564453125,0.7,1,BERT:bert_class_weighted,Class weight
1319,emscad_09365,nakedhearts is an ambitious and well-funded start up. We are building a global online social network to connect users wi,Senior Back End Engineer,0,0,0.9995160102844238,0.0004839897155761719,0.7,1,BERT:bert_class_weighted,Class weight
1320,emscad_09385,Powerful Business Intelligence and Simple Inventory Management for mobile points of sale.,Software Engineer I,0,0,0.9997508525848389,0.0002491474151611328,0.7,1,BERT:bert_class_weighted,Class weight
1321,emscad_09392,Ameritech Media wants to give industry thought-leaders the marketing communications they need to stay out in front. We’r,Business Development Manager,0,0,0.999701738357544,0.0002982616424560547,0.7,1,BERT:bert_class_weighted,Class weight
1322,emscad_09393,"R.H. ÁGIL es una empresa dedicada a ofrecer servicios de Recursos Humanos, especializada en las áreas de Asesoría, Admin",Ayudante General,0,0,0.9997098445892334,0.00029015541076660156,0.7,1,BERT:bert_class_weighted,Class weight
1323,emscad_09402,"Novitex Enterprise Solutions, formerly Pitney Bowes Management Services, delivers innovative document and communications",Customer Service Associate,0,0,0.9998756647109985,0.00012433528900146484,0.7,1,BERT:bert_class_weighted,Class weight
1324,emscad_09419,"Novitex Enterprise Solutions, formerly Pitney Bowes Management Services, delivers innovative document and communications",Customer Service Associate,0,0,0.9998557567596436,0.0001442432403564453,0.7,1,BERT:bert_class_weighted,Class weight
1325,emscad_09427,"Vend is looking for some awesome new talent to come join us. You'll be working in an awesome team doing awesome things, ",People & Culture Manager - APAC,0,0,0.9998482465744019,0.00015175342559814453,0.7,1,BERT:bert_class_weighted,Class weight
1326,emscad_09428,InVision is a venture-backed startup working to create the world's best design communication and collaboration platform.,Marketing Events Coordinator (remote/telecommute),0,0,0.9994630813598633,0.0005369186401367188,0.7,1,BERT:bert_class_weighted,Class weight
1327,emscad_09433,Can data be a thing of beauty? We think so.,QA Engineer (Selenium),0,0,0.9997444152832031,0.000255584716796875,0.7,1,BERT:bert_class_weighted,Class weight
1328,emscad_09439,"At Karmarama we have a unique hiring policy: nice, talented and decent people who genuinely want to do what's right for ",Mid Weight Digital Designer,0,0,0.9997537136077881,0.00024628639221191406,0.7,1,BERT:bert_class_weighted,Class weight
1329,emscad_09442,The story of the Great Chicago Fire of 1871 isn’t really about the fire. It’s about what happened next: A remarkable mom,Account Manager - WeDeliver,0,0,0.9998766183853149,0.0001233816146850586,0.7,1,BERT:bert_class_weighted,Class weight
1330,emscad_09450,"L O OP is an award winning interactive agency based in Salzburg with satellite offices in Copenhagen, Berlin, Sydney and",Digital Project Manager NYC,0,0,0.9995307922363281,0.000469207763671875,0.7,1,BERT:bert_class_weighted,Class weight
1331,emscad_09468,The Beans Group is a media company that exists to empower young people to thrive. We have been on an exponential growth ,Front End Developer,0,0,0.9994974136352539,0.0005025863647460938,0.7,1,BERT:bert_class_weighted,Class weight
1332,emscad_09474,Adthena is the UK’s leading competitive intelligence service for Google search advertisers. Adthena is loved by major br,Junior/Graduate Software Engineers,0,0,0.9997413158416748,0.0002586841583251953,0.7,1,BERT:bert_class_weighted,Class weight
1333,emscad_09490,"Maybe you’ve got an ear for rhythm, an eye for detail, a mind for research — and a stomach for revision, revision, revis",Fall Internship,0,0,0.9997267723083496,0.0002732276916503906,0.7,1,BERT:bert_class_weighted,Class weight
1334,emscad_09492,This is the intermediate or second level of the Business Process Management (BPM) - Business Process Designer job family,Business Process Manager / Process Designer,0,0,0.9990015029907227,0.0009984970092773438,0.7,1,BERT:bert_class_weighted,Class weight
1335,emscad_09495,BillGuard is a personal finance security service powered by the collective knowledge of millions of people . The family ,Part-time Research Assistant,0,0,0.9998154640197754,0.00018453598022460938,0.7,1,BERT:bert_class_weighted,Class weight
1336,emscad_09510,WHO WE ARE? MILLER & ASSOCIATES IS AN ENTERPRISE SOFTWARE SOLUTIONS COMPANY.,Advanced Analytics Architect,0,0,0.9995372295379639,0.0004627704620361328,0.7,1,BERT:bert_class_weighted,Class weight
1337,emscad_09513,At Evergive our mission is to make a positive social impact while simultaneously addressing the needs of a multi-billion,iOS Engineer,0,0,0.9995262622833252,0.0004737377166748047,0.7,1,BERT:bert_class_weighted,Class weight
1338,emscad_09514,Massive Media is the social media company behind the successful digital brands #URL_18234f381f5e7b9a9ffdc727cd05c9046edf,Web Developer - Netlog,0,0,0.9993371963500977,0.0006628036499023438,0.7,1,BERT:bert_class_weighted,Class weight
1339,emscad_09532,We Help Create Communities that Withstand the Test of Time,Association Manager,0,0,0.99981689453125,0.00018310546875,0.7,1,BERT:bert_class_weighted,Class weight
1340,emscad_09546,"Founded in 1974 in Canada, and in 1985 in the U.S. as a specialty engineering and contracting company, Landmark works th",Civil Construction Coordinator,0,0,0.9996922016143799,0.0003077983856201172,0.7,1,BERT:bert_class_weighted,Class weight
1341,emscad_09550,"Riskalyze is revolutionizing the way people invest, by aligning the world’s investments with investor risk tolerance. Na",Outbound Team (Sales Development),0,0,0.9997053146362305,0.00029468536376953125,0.7,1,BERT:bert_class_weighted,Class weight
1342,emscad_09571,We’re looking for great people to join the DataRobot sales and marketing team and help us capitalize on the exploding an,Inside Sales Representative,0,0,0.9992847442626953,0.0007152557373046875,0.7,1,BERT:bert_class_weighted,Class weight
1343,emscad_09589,"Niacet is a leading producer of organic salts, including propionates and acetates, serving the Food, Pharmaceutical and ",Electrician,0,0,0.9997822046279907,0.00021779537200927734,0.7,1,BERT:bert_class_weighted,Class weight
1344,emscad_09612,Zylun’s mission is to help small and medium size enterprises take advantage of a highly skilled global workforce in a si,PPC SPECIALIST,0,0,0.9998403787612915,0.0001596212387084961,0.7,1,BERT:bert_class_weighted,Class weight
1345,emscad_09615,Burns & McBride has been providing quality home service solutions for generations.,Telesales - Outbound,0,0,0.9999148845672607,8.511543273925781e-05,0.7,1,BERT:bert_class_weighted,Class weight
1346,emscad_09629,"Being into the IT domain for over 4 years, Walkover specializes in web based application development and mobile applicat",HR Executive,0,0,0.9994602203369141,0.0005397796630859375,0.7,1,BERT:bert_class_weighted,Class weight
1347,emscad_09638,"Babbel enables anyone to learn languages in an easy and interactive way. The learning system offers 13 languages, from E",Content Marketing Manager Brazilian Portuguese,0,0,0.9998384714126587,0.0001615285873413086,0.7,1,BERT:bert_class_weighted,Class weight
1348,emscad_09648,Multiple 2nd and 3rd shift production positions available!,2nd/ 3rd Shift Production Workers,0,0,0.9969062805175781,0.003093719482421875,0.7,1,BERT:bert_class_weighted,Class weight
1349,emscad_09655,What is ColorElephant?,WebDesigner (UX/UI Designer),0,0,0.9997458457946777,0.0002541542053222656,0.7,1,BERT:bert_class_weighted,Class weight
1350,emscad_09669,"Typeform is a tech start-up which is transforming data collection into a flexible, intuitive and incredibly engaging use",Content Marketing Manager,0,0,0.9996540546417236,0.0003459453582763672,0.7,1,BERT:bert_class_weighted,Class weight
1351,emscad_09678,Forward3D is the largest independent digital marketing agency in Britain. We run cutting edge digital marketing campaign,Receptionist - 10 hours a week,0,0,0.9997721910476685,0.00022780895233154297,0.7,1,BERT:bert_class_weighted,Class weight
1352,emscad_09681,"Infolob Solutions is a leader in Managed IT services, Enterprise Application Software, IT staffing and Consulting and Ap",Oracle Access Manager,0,0,0.9988460540771484,0.0011539459228515625,0.7,1,BERT:bert_class_weighted,Class weight
1353,emscad_09682,NOW: Pensions is a UK based multi-employer trust serving thousands of employers and hundreds of thousands of employees f,Operations Manager,0,0,0.9999027848243713,9.721517562866211e-05,0.7,1,BERT:bert_class_weighted,Class weight
1354,emscad_09687,"Designs, develops, and maintains SSRS reports.",Sql BI Developer,0,0,0.9983930587768555,0.0016069412231445312,0.7,1,BERT:bert_class_weighted,Class weight
1355,emscad_09696,Want to build a 21st century financial service?,iOS developer,0,0,0.9993648529052734,0.0006351470947265625,0.7,1,BERT:bert_class_weighted,Class weight
1356,emscad_09697,"Executive search and recruitment agency, providing successful high growth organizations with highly talented, skilled, i",Manager Trainee,0,0,0.9998089075088501,0.00019109249114990234,0.7,1,BERT:bert_class_weighted,Class weight
1357,emscad_09704,Massive Media is the social media company behind the successful digital brands #URL_18234f381f5e7b9a9ffdc727cd05c9046edf,Technical Web Designer - Twoo,0,0,0.9994306564331055,0.0005693435668945312,0.7,1,BERT:bert_class_weighted,Class weight
1358,emscad_09705,"Squiz is one of the world's leading web solutions companies. We design, build and manage engaging websites and online ap",Service Delivery Manager,0,0,0.9996330738067627,0.0003669261932373047,0.7,1,BERT:bert_class_weighted,Class weight
1359,emscad_09735,Our vision is to be the accountant and financial advisor of choice for medical practitioners across Australia.,Client Services Coordinator - Accounting,0,0,0.9998377561569214,0.00016224384307861328,0.7,1,BERT:bert_class_weighted,Class weight
1360,emscad_09753,"Vend is looking for some awesome new talent to come join us. You'll be working in an awesome team doing awesome things, ",Finance & Admin Coordinator,0,0,0.9998446702957153,0.00015532970428466797,0.7,1,BERT:bert_class_weighted,Class weight
1361,emscad_09756,"Founded in 2010 by a team from Google’s London and New York offices, Qubit work with some of the biggest names in Online",Junior Front End Engineer,0,0,0.9997704029083252,0.0002295970916748047,0.7,1,BERT:bert_class_weighted,Class weight
1362,emscad_09767,Costco - Wireless Etc...,Sales Associate,0,0,0.9996507167816162,0.00034928321838378906,0.7,1,BERT:bert_class_weighted,Class weight
1363,emscad_09769,"Brainbow is a London-based startup founded by entrepreneurs from Google, Amazon, Playfish / EA and academia with a missi",Junior Back-end Developer,0,0,0.9995326995849609,0.0004673004150390625,0.7,1,BERT:bert_class_weighted,Class weight
1364,emscad_09771,The Selectus Group is a customer focused organisation committed to providing high quality services to employees througho,Client Engagement Manager,0,0,0.9998964667320251,0.00010353326797485352,0.7,1,BERT:bert_class_weighted,Class weight
1365,emscad_09786,"Super Soccer Stars is the country's most popular soccer development program for kids. For over a decade, we have provide",Coaching Coordinator,0,0,0.9998794794082642,0.00012052059173583984,0.7,1,BERT:bert_class_weighted,Class weight
1366,emscad_09808,NOW: Pensions is a UK based multi-employer trust serving thousands of employers and hundreds of thousands of employees f,Legal Counsel,0,0,0.9998911023139954,0.00010889768600463867,0.7,1,BERT:bert_class_weighted,Class weight
1367,emscad_09821,"Newmedica is a dynamic, innovative UK healthcare company that works in partnership with the NHS to deliver specialist cl",Clinic Administrator (An initial 3 months FTC),0,0,0.9998670816421509,0.0001329183578491211,0.7,1,BERT:bert_class_weighted,Class weight
1368,emscad_09823,"Cententia, founded in 1998, is the market leader in Greece in the area of Debt Collections. Its flagship product AroTRON",Atlassian JIRA Developer (AJD),0,0,0.9996898174285889,0.0003101825714111328,0.7,1,BERT:bert_class_weighted,Class weight
1369,emscad_09850,"From the lands of Can Do, Roll Our Sleeves Up and Get It Done, we create and solve things previously unimaginable. We’re","Senior Sales Executive - East, West, Central Regions",0,0,0.9996559619903564,0.0003440380096435547,0.7,1,BERT:bert_class_weighted,Class weight
1370,emscad_09865,Our clients have bold dreams. We need your help to make them a reality.,Network Support Engineer,0,0,0.9997284412384033,0.0002715587615966797,0.7,1,BERT:bert_class_weighted,Class weight
1371,emscad_09866,"Farmigo is a mission-driven startup with a simple, ambitious goal: we want to make local, sustainably produced food more",Data Analyst,0,0,0.9996659755706787,0.00033402442932128906,0.7,1,BERT:bert_class_weighted,Class weight
1372,emscad_09871,"We are Netguru and we love to develop web application based on Ruby On Rails framework. We value quality, transparent co",Content Marketing Manager,0,0,0.999241828918457,0.0007581710815429688,0.7,1,BERT:bert_class_weighted,Class weight
1373,emscad_09875,"Ginetta Web/Mobile is a leading web company based in Zürich, Switzerland. We carefully design and develop outstanding us",Interaction Designer Internship,0,0,0.9994535446166992,0.0005464553833007812,0.7,1,BERT:bert_class_weighted,Class weight
1374,emscad_09876,Established on the principles that full time education is not for everyone Spectrum Learning is made up of a team of pas,SK17 9SN Business Admin Apprenticeship available under NAS 16-24 year olds only!,0,0,0.9998204708099365,0.00017952919006347656,0.7,1,BERT:bert_class_weighted,Class weight
1375,emscad_09877,MediaMonks is the biggest creative digital production company on the planet . We specialize in working for and with adve,INTERNSHIP: BUSINESS & PRODUCER,0,0,0.9997119903564453,0.0002880096435546875,0.7,1,BERT:bert_class_weighted,Class weight
1376,emscad_09879,DTE Energy and Refined Resources have partnered up in an effort to streamline the hiring process and provide a more effi,IC&E Technician,1,1,0.0,1.0,0.7,1,BERT:bert_class_weighted,Class weight
1377,emscad_09882,Outstanding Member Service Starts With Outstanding People,Branch Associate,0,0,0.9998070001602173,0.00019299983978271484,0.7,1,BERT:bert_class_weighted,Class weight
1378,emscad_09883,We Provide Full Time Permanent Positions for many medium to large US companies. We are interested in finding/recruiting ,"Database Developer - Denver, CO",0,0,0.9996063709259033,0.0003936290740966797,0.7,1,BERT:bert_class_weighted,Class weight
1379,emscad_09888,CGSoft provides innovative software products and requisite high-standard services which cover the whole spectrum of “e-b,Software Engineer,0,0,0.9997671842575073,0.00023281574249267578,0.7,1,BERT:bert_class_weighted,Class weight
1380,emscad_09889,"The RealReal is changing the way people buy and sell luxury items. The leader in luxury resale, the company is a full se",Warehouse Technician,0,0,0.9997668266296387,0.00023317337036132812,0.7,1,BERT:bert_class_weighted,Class weight
1381,emscad_09893,"Novitex Enterprise Solutions, formerly Pitney Bowes Management Services, delivers innovative document and communications",Team Lead Driver II,0,0,0.999832034111023,0.00016796588897705078,0.7,1,BERT:bert_class_weighted,Class weight
1382,emscad_09898,"You're youthful, tech savvy and open-minded right? So are we. We aim for excellence in everything that we do, by continu",Software Engineer,0,0,0.9992446899414062,0.00075531005859375,0.7,1,BERT:bert_class_weighted,Class weight
1383,emscad_09912,"We are always looking for fun, energetic, professional, and trustworthy animal lovers to join our team. Our ideal pet ca","Dog Walker/Pet Sitters Needed in Germantown, Maryland",0,0,0.9997434616088867,0.00025653839111328125,0.7,1,BERT:bert_class_weighted,Class weight
1384,emscad_09920,WHY WORK AT IMAGINET,Intermediate .NET Developer,0,0,0.9991135597229004,0.0008864402770996094,0.7,1,BERT:bert_class_weighted,Class weight
1385,emscad_09922,MediaMonks is the biggest creative digital production company on the planet . We specialize in working for and with adve,Back-End Developer,0,0,0.9996633529663086,0.00033664703369140625,0.7,1,BERT:bert_class_weighted,Class weight
1386,emscad_09926,"Baremetrics ( #URL_818d0992c7cb169e16509ce673146ace42b9d6b31c698ec7fc0a0ecb023c668c# ) is zero-setup, one-click SaaS ana",Customer Support,0,0,0.9997551441192627,0.0002448558807373047,0.7,1,BERT:bert_class_weighted,Class weight
1387,emscad_09934,We Provide Full Time Permanent Positions for many medium to large US companies. We are interested in finding/recruiting ,Director of Operations - Supply Chain ERP System - GA,0,0,0.999764084815979,0.0002359151840209961,0.7,1,BERT:bert_class_weighted,Class weight
1388,emscad_09953,Kovert Designs is an Electronic and Fashion Design Company based in London. The team is made up of Hardware Design Engin,iOS Developer,0,0,0.999514102935791,0.0004858970642089844,0.7,1,BERT:bert_class_weighted,Class weight
1389,emscad_09957,Narvar is the complete supply chain management platform that’s helping the world’s best brands improve the customer expe,FullStack Engineer,0,0,0.9990925788879395,0.0009074211120605469,0.7,1,BERT:bert_class_weighted,Class weight
1390,emscad_09965,hello world,Groovy/Grails Entwickler,0,0,0.9997957944869995,0.00020420551300048828,0.7,1,BERT:bert_class_weighted,Class weight
1391,emscad_09973,About the Company:,Controller,0,0,0.9997327327728271,0.00026726722717285156,0.7,1,BERT:bert_class_weighted,Class weight
1392,emscad_09975,Zylun is expanding the recruiting landscape for companies worldwide. We help businesses better compete and increase prof,FRONT END WEB DEVELOPER,0,0,0.9994297027587891,0.0005702972412109375,0.7,1,BERT:bert_class_weighted,Class weight
1393,emscad_09981,"We're an emerging technology agency, and we build breakthrough products through user-centered design. We're building a t",UX Lead,0,0,0.9984750747680664,0.0015249252319335938,0.7,1,BERT:bert_class_weighted,Class weight
1394,emscad_09993,"For over 20 years NAC Marketing Company, LLC d/b/a New Vitality has helped people be healthy and live better by marketin",Inbound Sales Representatives,0,0,0.9997888803482056,0.0002111196517944336,0.7,1,BERT:bert_class_weighted,Class weight
1395,emscad_10006,"Argenta Field Solutions values the client, creates income streams for them through our sales mechanism and focuses on qu",Sales Rep for DirecTV - Management Training,0,0,0.9997010231018066,0.0002989768981933594,0.7,1,BERT:bert_class_weighted,Class weight
1396,emscad_10013,Established on the principles that full time education is not for everyone Spectrum Learning is made up of a team of pas,"North East Customer Service Level 2, 3 and 5 Assessors",0,0,0.9998147487640381,0.00018525123596191406,0.7,1,BERT:bert_class_weighted,Class weight
1397,emscad_10017,$18-$22/Hour (1st shift 8:00am to 5:00pm Monday - Friday),Engineering Technician,0,0,0.9994363784790039,0.0005636215209960938,0.7,1,BERT:bert_class_weighted,Class weight
1398,emscad_10026,We are seeking an experienced e-commerce marketing manager. The successful candidate will develop / manage e-commerce st,Marketing Manager,0,0,0.9993371963500977,0.0006628036499023438,0.7,1,BERT:bert_class_weighted,Class weight
1399,emscad_10031,Want to build a 21st century financial service?,Android developer,0,0,0.999237060546875,0.000762939453125,0.7,1,BERT:bert_class_weighted,Class weight
1400,emscad_10040,mokaal is a startup aiming to change the way Location Based Services are offered and perceived across a wide range of in,Senior Android Developer,0,0,0.9983062744140625,0.0016937255859375,0.7,1,BERT:bert_class_weighted,Class weight
1401,emscad_10049,Massive Media is the social media company behind the successful digital brands #URL_18234f381f5e7b9a9ffdc727cd05c9046edf,Creative Web Designer - Twoo,0,0,0.9995131492614746,0.0004868507385253906,0.7,1,BERT:bert_class_weighted,Class weight
1402,emscad_10058,MediaMonks is the biggest creative digital production company on the planet . We specialize in working for and with adve,Hosting Engineer,0,0,0.9997069835662842,0.0002930164337158203,0.7,1,BERT:bert_class_weighted,Class weight
1403,emscad_10061,If working in a cubical seems like your idea of hell then joining our awesome startup team might be the opportunity you’,Director of Outbound,0,0,0.9995505809783936,0.0004494190216064453,0.7,1,BERT:bert_class_weighted,Class weight
1404,emscad_10066,Our History,Driver - Light Duty (Santa Fe Springs),0,0,0.9998845458030701,0.00011545419692993164,0.7,1,BERT:bert_class_weighted,Class weight
1405,emscad_10068,We Provide Full Time Permanent Positions for many medium to large US companies. We are interested in finding/recruiting ,"Manufacturing Engineer - Aiken, SC",0,0,0.995086669921875,0.004913330078125,0.7,1,BERT:bert_class_weighted,Class weight
1406,emscad_10085,"Novitex Enterprise Solutions, formerly Pitney Bowes Management Services, delivers innovative document and communications",Customer Service Technical Specialist,0,0,0.9998346567153931,0.0001653432846069336,0.7,1,BERT:bert_class_weighted,Class weight
1407,emscad_10116,"Pockee is a unique mobile coupon platform that brings together FMCG brands with retailers, eventually enabling consumers",Software Engineer,0,0,0.9995243549346924,0.0004756450653076172,0.7,1,BERT:bert_class_weighted,Class weight
1408,emscad_10118,hello world,Senior Developer for Hotel Cloud Software,0,0,0.9996140003204346,0.0003859996795654297,0.7,1,BERT:bert_class_weighted,Class weight
1409,emscad_10122,LKM Search Solutions is an Executive Search Firm that cares about your future. We work hard to find the position that is,Legal Billing Coordinator,0,0,0.999887228012085,0.00011277198791503906,0.7,1,BERT:bert_class_weighted,Class weight
1410,emscad_10128,"if you are interested in changing an industry and pioneering new ways to solve complex problems, look no farther. Lacoon",Senior DevOps,0,0,0.9993095397949219,0.000690460205078125,0.7,1,BERT:bert_class_weighted,Class weight
1411,emscad_10134,Vayu builds affordable unmanned aerial vehicles (UAVs) for healthcare supply chain management and post-disaster aid deli,Product Manager,0,0,0.9998176097869873,0.0001823902130126953,0.7,1,BERT:bert_class_weighted,Class weight
1412,emscad_10146,"Location : St.Louis, MO",SAP Security Consultant,0,0,0.9979572296142578,0.0020427703857421875,0.7,1,BERT:bert_class_weighted,Class weight
1413,emscad_10189,PowerbyProxi and its customers are leading a revolution to deliver unplugged power. We have changed the way electricity ,Manufacturing Technician,0,0,0.9998482465744019,0.00015175342559814453,0.7,1,BERT:bert_class_weighted,Class weight
1414,emscad_10206,"Tidewater Finance Co. was established in 1992 for the initial purpose of purchasing, and servicing retail installment co",Collections Supervisor,0,0,0.9998070001602173,0.00019299983978271484,0.7,1,BERT:bert_class_weighted,Class weight
1415,emscad_10215,"Professional participation in the nursing process for assessment, planning, implementation, and evaluation to provide sa",Critical Care Nurse (Acute Care Hospital North Of San Gabriel Near 210 FWY),0,0,0.9997124671936035,0.0002875328063964844,0.7,1,BERT:bert_class_weighted,Class weight
1416,emscad_10220,"Aker Solutions is a global provider of products, systems and services to the oil and gas industry. Our engineering, desi",Offshore Wellhead Technician,1,1,0.0,1.0,0.7,1,BERT:bert_class_weighted,Class weight
1417,emscad_10234,University Beyond: Connecting Students With Potential Employers,Graphic Design Intern - Editorial,0,0,0.9998043775558472,0.00019562244415283203,0.7,1,BERT:bert_class_weighted,Class weight
1418,emscad_10245,Ready to let your star shine? Discover the career you’ve been dreaming about at AvaStars where...,TEMPLATE-Co-Superstar (Asst. Store Manager) - ENTER LOCATION,0,0,0.9998118877410889,0.0001881122589111328,0.7,1,BERT:bert_class_weighted,Class weight
1419,emscad_10247,Our History,Driver - Light Duty (Portland),0,0,0.9998911023139954,0.00010889768600463867,0.7,1,BERT:bert_class_weighted,Class weight
1420,emscad_10259,"Novitex Enterprise Solutions, formerly Pitney Bowes Management Services, delivers innovative document and communications",Customer Service Associate - Part Time,0,0,0.9998633861541748,0.0001366138458251953,0.7,1,BERT:bert_class_weighted,Class weight
1421,emscad_10260,"Novitex Enterprise Solutions, formerly Pitney Bowes Management Services, delivers innovative document and communications",Lobby Ambassador,0,0,0.9998670816421509,0.0001329183578491211,0.7,1,BERT:bert_class_weighted,Class weight
1422,emscad_10261,"Novitex Enterprise Solutions, formerly Pitney Bowes Management Services, delivers innovative document and communications",Reprographics/Mailroom Team Lead,0,0,0.9998421669006348,0.00015783309936523438,0.7,1,BERT:bert_class_weighted,Class weight
1423,emscad_10269,Our cloud-based log management service helps DevOps and technical teams make sense of the the massive quantity of logs a,DevOps / Product Evangelist (Product Marketing),0,0,0.999701738357544,0.0002982616424560547,0.7,1,BERT:bert_class_weighted,Class weight
1424,emscad_10272,"Novitex Enterprise Solutions, formerly Pitney Bowes Management Services, delivers innovative document and communications",Driver II,0,0,0.9998660087585449,0.00013399124145507812,0.7,1,BERT:bert_class_weighted,Class weight
1425,emscad_10290,Massive Media is the social media company behind the successful digital brands #URL_18234f381f5e7b9a9ffdc727cd05c9046edf,Userbase Manager,0,0,0.9996755123138428,0.00032448768615722656,0.7,1,BERT:bert_class_weighted,Class weight
1426,emscad_10294,"Novitex Enterprise Solutions, formerly Pitney Bowes Management Services, delivers innovative document and communications",Customer Service Associate - Records,0,0,0.9998522996902466,0.00014770030975341797,0.7,1,BERT:bert_class_weighted,Class weight
1427,emscad_10298,AdExtent is proud to provide cutting edge ReTargeting solution to advertisers and agencies. Our team is a made up of a g,Technical Account Manager,0,0,0.9996547698974609,0.0003452301025390625,0.7,1,BERT:bert_class_weighted,Class weight
1428,emscad_10301,Avocarrot is a native mobile ad network with offices in Silicon Valley and Athens. We are building the next generation o,Full Stack Software Engineer,0,0,0.9994888305664062,0.00051116943359375,0.7,1,BERT:bert_class_weighted,Class weight
1429,emscad_10303,Smart Search delivers executive search solutions tailored for global organizations committed to the Greater Thailand mar,Template (DO NOT DELETE),0,0,0.9997327327728271,0.00026726722717285156,0.7,1,BERT:bert_class_weighted,Class weight
1430,emscad_10315,"Novitex Enterprise Solutions, formerly Pitney Bowes Management Services, delivers innovative document and communications",Driver II,0,0,0.9998183250427246,0.00018167495727539062,0.7,1,BERT:bert_class_weighted,Class weight
1431,emscad_10320,"Founded in 2010 by a team from Google’s London and New York offices, Qubit work with some of the biggest names in Online",Client Services Engineer,0,0,0.9997825622558594,0.000217437744140625,0.7,1,BERT:bert_class_weighted,Class weight
1432,emscad_10329,We Provide Full Time Permanent Positions for many medium to large US companies. We are interested in finding/recruiting ,Financial Officer,0,0,0.999779224395752,0.00022077560424804688,0.7,1,BERT:bert_class_weighted,Class weight
1433,emscad_10332,The Albany Charter School Network is a family of charter schools in the City of Albany that works to prepare children fo,Middle School Building Substitute Teacher,0,0,0.9998670816421509,0.0001329183578491211,0.7,1,BERT:bert_class_weighted,Class weight
1434,emscad_10334,Massive Media is the social media company behind the successful digital brands #URL_18234f381f5e7b9a9ffdc727cd05c9046edf,SEO Expert,0,0,0.9994587898254395,0.0005412101745605469,0.7,1,BERT:bert_class_weighted,Class weight
1435,emscad_10335,"The RealReal is changing the way people buy and sell luxury items. The leader in luxury resale, the company is a full se",Wardrobe & Product Stylist,0,0,0.9995036125183105,0.0004963874816894531,0.7,1,BERT:bert_class_weighted,Class weight
1436,emscad_10338,"Valor Services provides Workforce Solutions that meet the needs of companies across the Private Sector, with a special f",Tool Room Attendant,0,0,0.9999004602432251,9.953975677490234e-05,0.7,1,BERT:bert_class_weighted,Class weight
1437,emscad_10363,"Novitex Enterprise Solutions, formerly Pitney Bowes Management Services, delivers innovative document and communications",Customer Service Associate Mail and Copy - On Call,0,0,0.9998403787612915,0.0001596212387084961,0.7,1,BERT:bert_class_weighted,Class weight
1438,emscad_10373,Universum is changing the way companies think and talk about their brands when it comes to attracting talent. We’re grow,Account Coordinator,0,0,0.9997413158416748,0.0002586841583251953,0.7,1,BERT:bert_class_weighted,Class weight
1439,emscad_10374,Tel Tech Networks is a Voice/Data/Video/Security systems contractor operating primarily in the Southwestern United State,Communications Security Tech,0,0,0.9996552467346191,0.0003447532653808594,0.7,1,BERT:bert_class_weighted,Class weight
1440,emscad_10378,"Novitex Enterprise Solutions, formerly Pitney Bowes Management Services, delivers innovative document and communications",Customer Service Team Lead,0,0,0.9998482465744019,0.00015175342559814453,0.7,1,BERT:bert_class_weighted,Class weight
1441,emscad_10381,Established on the principles that full time education is not for everyone Spectrum Learning is made up of a team of pas,Wakefield Apprentice Fundraiser and Social Developer Under NAS 16-18 Year Olds Only,0,0,0.9998607635498047,0.0001392364501953125,0.7,1,BERT:bert_class_weighted,Class weight
1442,emscad_10384,Hiring made easy for Digital Jobs,Online HelpDesk Agent,0,0,0.9997880458831787,0.00021195411682128906,0.7,1,BERT:bert_class_weighted,Class weight
1443,emscad_10403,"ABC Supply Co., Inc. is the nation’s largest wholesale distributor of roofing and one of the largest distributors of sid",CDL Driver-Tinley Park,0,0,0.9998433589935303,0.00015664100646972656,0.7,1,BERT:bert_class_weighted,Class weight
1444,emscad_10407,Hudl is a sports + technology company.,Software Quality Analyst,0,0,0.9996886253356934,0.0003113746643066406,0.7,1,BERT:bert_class_weighted,Class weight
1445,emscad_10412,Massive Media is the social media company behind the successful digital brands #URL_18234f381f5e7b9a9ffdc727cd05c9046edf,System Engineer (jr),0,0,0.9996547698974609,0.0003452301025390625,0.7,1,BERT:bert_class_weighted,Class weight
1446,emscad_10415,Work with Team Ookla,Product Master,0,0,0.9996607303619385,0.00033926963806152344,0.7,1,BERT:bert_class_weighted,Class weight
1447,emscad_10417,Forward3D is the largest independent digital marketing agency in Britain. We run cutting edge digital marketing campaign,Sales Manager - London,0,0,0.9997589588165283,0.0002410411834716797,0.7,1,BERT:bert_class_weighted,Class weight
1448,emscad_10425,"Launched in 2010, Lyst is an innovative way to shop for fashion online that’s used by millions every month. Lyst partner",Community Manager,0,0,0.9996957778930664,0.00030422210693359375,0.7,1,BERT:bert_class_weighted,Class weight
1449,emscad_10437,#URL_e7c9057d5e6f097876436d175031e95669ede4ebaab52b6be0957c837bc98343#,Title Insurance: Reader-Residential & Commercial-NYC & Long Island,0,0,0.9998103380203247,0.00018966197967529297,0.7,1,BERT:bert_class_weighted,Class weight
1450,emscad_10443,"Vend is looking for some awesome new talent to come join us. You'll be working in an awesome team doing awesome things, ",I want to work at Vend in BERLIN,0,0,0.9998232126235962,0.0001767873764038086,0.7,1,BERT:bert_class_weighted,Class weight
1451,emscad_10446,"Jolie Cheveux, Inc is a hair supplying company that offers 100% Virgin Remy hair. Committed to the quality ONLY, Jolie o",Looking For Hair Extension Promotional Models,0,0,0.999333381652832,0.0006666183471679688,0.7,1,BERT:bert_class_weighted,Class weight
1452,emscad_10448,Avocarrot is a native mobile ad network with offices in Silicon Valley and Athens. We are building the next generation o,Growth Marketing Expert,0,0,0.9995496273040771,0.00045037269592285156,0.7,1,BERT:bert_class_weighted,Class weight
1453,emscad_10455,"EVH is a fashion, lifestyle, design and luxury communications, digital, events and sales agency. With integrity and inte",Fashion Showroom Assistant,0,0,0.9997472763061523,0.00025272369384765625,0.7,1,BERT:bert_class_weighted,Class weight
1454,emscad_10456,Leadership talent acquisition. Specializing in teaching and training positions for the Kingdom of Saudi Arabia. - Engine,ESL English Teachers,0,0,0.9998273849487305,0.00017261505126953125,0.7,1,BERT:bert_class_weighted,Class weight
1455,emscad_10458,EROAD was established to modernise New Zealand’s paper-based RUC regime and in 2009 launched the world’s first GPS/cellu,Solutions Architect,0,0,0.999802827835083,0.0001971721649169922,0.7,1,BERT:bert_class_weighted,Class weight
1456,emscad_10469,We Provide Full Time Permanent Positions for many medium to large US companies. We are interested in finding/recruiting ,Production Supervisor - Production Supervisory Exp - IL,0,0,0.999802827835083,0.0001971721649169922,0.7,1,BERT:bert_class_weighted,Class weight
1457,emscad_10474,"Voyageur is one of Ontario's leading transportation companies, serving Southwestern and Central Ontario for over 34 year","School Bus Driver - London, Middlesex County, Oxford County, Elgin County",0,0,0.9998446702957153,0.00015532970428466797,0.7,1,BERT:bert_class_weighted,Class weight
1458,emscad_10482,We’re always looking for highly motivated “founder-types” to join us as we grow. Here’s what you need to know.,Marketing Associate,0,0,0.9996423721313477,0.00035762786865234375,0.7,1,BERT:bert_class_weighted,Class weight
1459,emscad_10490,"With over 1,300 investment professionals located throughout the United States and Canada, Marcus & Millichap (NYSE: MMI)",Administrative Assistant - Commercial Real Estate,0,0,0.9997284412384033,0.0002715587615966797,0.7,1,BERT:bert_class_weighted,Class weight
1460,emscad_10497,"R.H. ÁGIL es una empresa dedicada a ofrecer servicios de Recursos Humanos, especializada en las áreas de Asesoría, Admin",Ejecutivos de Ventas (vendedor de calle),0,0,0.99945068359375,0.00054931640625,0.7,1,BERT:bert_class_weighted,Class weight
1461,emscad_10498,PEI Media ( #URL_4cffe430b8da4c0d7e6074d11e638d28a1e165c8782b891e111fc17606c3d961# ) provides a range of highly respecte,"Reporter, Agri Investor",0,0,0.9997503757476807,0.00024962425231933594,0.7,1,BERT:bert_class_weighted,Class weight
1462,emscad_10508,WHY WORK AT IMAGINET,ALM Consultant,0,0,0.9990997314453125,0.0009002685546875,0.7,1,BERT:bert_class_weighted,Class weight
1463,emscad_10524,"Tidewater Finance Co. was established in 1992 for the initial purpose of purchasing, and servicing retail installment co",Collections Supervisor,0,0,0.9998089075088501,0.00019109249114990234,0.7,1,BERT:bert_class_weighted,Class weight
1464,emscad_10527,We are a family run business that has been in operation for nearly 40 years. We value long term relationships and want t,Automotive Accounting Office,0,0,0.99977707862854,0.00022292137145996094,0.7,1,BERT:bert_class_weighted,Class weight
1465,emscad_10530,Brewbot is building a tight-knit electronic engineering team in order to work on the development of hardware for brewing,Electronic Engineer,0,0,0.9996724128723145,0.0003275871276855469,0.7,1,BERT:bert_class_weighted,Class weight
1466,emscad_10537,"Qualifications & Experience *Minimum 4 years systems development experience in Java, J2EE (Back-end) *Knowledge of multi",Java Developer,0,0,0.966064453125,0.033935546875,0.7,1,BERT:bert_class_weighted,Class weight
1467,emscad_10551,"Jr. QA Engineer Experience :1-5 years Location : Atlanta, Georgia",QA Software Tester,0,0,0.9984664916992188,0.00153350830078125,0.7,1,BERT:bert_class_weighted,Class weight
1468,emscad_10562,1212 Flooring Solutions Inc. is a family owned and operated nationwide flooring management service company. Our focus is,Flooring Contractor Crew Leader,0,0,0.9998358488082886,0.00016415119171142578,0.7,1,BERT:bert_class_weighted,Class weight
1469,emscad_10563,"Network Locum is a disruptive healthtech startup, which has grown tremendously quickly and has venture funding. We are a",Senior Developer,0,0,0.9996671676635742,0.00033283233642578125,0.7,1,BERT:bert_class_weighted,Class weight
1470,emscad_10589,"Voyageur is one of Ontario's leading transportation companies, serving Southwestern and Central Ontario for over 34 year",Red Cross Emergency First Responder Course,0,0,0.9998096227645874,0.00019037723541259766,0.7,1,BERT:bert_class_weighted,Class weight
1471,emscad_10592,Established on the principles that full time education is not for everyone Spectrum Learning is made up of a team of pas,PA/Office Manager - 2 weeks temp role,0,0,0.9998840689659119,0.00011593103408813477,0.7,1,BERT:bert_class_weighted,Class weight
1472,emscad_10600,"Empower America is mission driven to recruit, train and employ our military veterans into careers in renewable energy th",Military Veterans Wanted for Solar Energy Construction,0,0,0.9997320175170898,0.00026798248291015625,0.7,1,BERT:bert_class_weighted,Class weight
1473,emscad_10610,Massive Media is the social media company behind the successful digital brands #URL_18234f381f5e7b9a9ffdc727cd05c9046edf,Head Systems Team,0,0,0.9996309280395508,0.00036907196044921875,0.7,1,BERT:bert_class_weighted,Class weight
1474,emscad_10619,Costa coffee was initially started in London by two Italian brothers named Sergio and Bruno Costa; and it has now become,Store Manager position,0,0,0.9997494220733643,0.0002505779266357422,0.7,1,BERT:bert_class_weighted,Class weight
1475,emscad_10622,"At Golderado Contracting Corporation a division of PME Inc., we’re constantly pushing the limits of what we've done in t",Heavy Duty Technician (Red Seal Journeyman),0,0,0.9995460510253906,0.000453948974609375,0.7,1,BERT:bert_class_weighted,Class weight
1476,emscad_10628,"We founded this company on the principle that great employees deserved great workplaces, Wellnext creates technology to ",Web Developer (AngularJS),0,0,0.9997721910476685,0.00022780895233154297,0.7,1,BERT:bert_class_weighted,Class weight
1477,emscad_10632,"ustwo offers you the opportunity to be yourself, whilst delivering the best work on the planet for some of the biggest a",Mac IT Manager,0,0,0.9997000694274902,0.0002999305725097656,0.7,1,BERT:bert_class_weighted,Class weight
1478,emscad_10655,"Startup Institute is the #1 career accelerator, offering transformative educational experiences for career changers and ",Lead Engineer / Architect,0,0,0.9995262622833252,0.0004737377166748047,0.7,1,BERT:bert_class_weighted,Class weight
1479,emscad_10676,#URL_c914851eb385d8c6471d602008fc4e84780de02287ca6ee67080b5f24864592f# is a developers tools provider based in LasVegas ,Go Developer,0,0,0.9994010925292969,0.000598907470703125,0.7,1,BERT:bert_class_weighted,Class weight
1480,emscad_10682,"Dice is a highly specialized online marketing and software development firm headquartered in Portland, Oregon—the heart ",Sales Executive,0,0,0.9997327327728271,0.00026726722717285156,0.7,1,BERT:bert_class_weighted,Class weight
1481,emscad_10685,"There is a huge skills gap in Ireland, and having a base in Greece and over 15 years experience in the Irish IT sector, ",Front End Web Developer (Remote),0,0,0.9998279809951782,0.00017201900482177734,0.7,1,BERT:bert_class_weighted,Class weight
1482,emscad_10692,"Immediate Appliance Service, Inc., one of the leading appliance repair companies serving New Jersey, is seeking an exper",Appliance Repair Technician,0,0,0.9998506307601929,0.0001493692398071289,0.7,1,BERT:bert_class_weighted,Class weight
1483,emscad_10699,Gimble Corp. is looking for a developer who will be creating mobile apps and Games using mostly Unity and C#. This indiv,Jr. Software Developer / Game Developer,0,0,0.9986667633056641,0.0013332366943359375,0.7,1,BERT:bert_class_weighted,Class weight
1484,emscad_10701,Roland & Associates is a Corporate Recruitment Organization providing solutions to Global MNC’s for the past 12 years.,ITSecurity Threat and Risk Management Lead(SIEM),0,0,0.9997808933258057,0.00021910667419433594,0.7,1,BERT:bert_class_weighted,Class weight
1485,emscad_10707,Our mission is to help create a strong connection between small businesses and the communities that they operate in. We ,Social Manager - Social Media Marketer,0,0,0.9998377561569214,0.00016224384307861328,0.7,1,BERT:bert_class_weighted,Class weight
1486,emscad_10708,Rarely Impossible exists due to a passion for working with amazing clients and aiding them to bring their ideas to life.,Javascript Frontend Developer,0,0,0.9994955062866211,0.0005044937133789062,0.7,1,BERT:bert_class_weighted,Class weight
1487,emscad_10709,UFN is a dynamic start-up founded in 2008 that specializes in providing strategically designed e-commerce websites and o,Marketing Manager,0,0,0.9997735023498535,0.00022649765014648438,0.7,1,BERT:bert_class_weighted,Class weight
1488,emscad_10716,The story of the Great Chicago Fire of 1871 isn’t really about the fire. It’s about what happened next: A remarkable mom,Senior iOS Developer - SportsLock,0,0,0.9998253583908081,0.00017464160919189453,0.7,1,BERT:bert_class_weighted,Class weight
1489,emscad_10722,"Hey, Hope you are doing great. I am sending you a job description for your reference. If you are comfortable with it the",architect Node js,0,0,0.9996592998504639,0.0003407001495361328,0.7,1,BERT:bert_class_weighted,Class weight
1490,emscad_10730,"We're an emerging technology agency, and we build breakthrough products through user-centered design. We're building a t",Senior Front-End Engineer,0,0,0.9990835189819336,0.0009164810180664062,0.7,1,BERT:bert_class_weighted,Class weight
1491,emscad_10744,"Novitex Enterprise Solutions, formerly Pitney Bowes Management Services, delivers innovative document and communications",Messenger Courier,0,0,0.999869704246521,0.0001302957534790039,0.7,1,BERT:bert_class_weighted,Class weight
1492,emscad_10750,Somnoware is a software platform to manage sleep wellness for healthcare providers and their customers. It provides a si,Country Manager/Director Engineering,0,0,0.9997892379760742,0.00021076202392578125,0.7,1,BERT:bert_class_weighted,Class weight
1493,emscad_10755,ServiceTitan is the world's leading CRM software for home services businesses. It powers the world's best service compan,Marketing Communications Coordinator,0,0,0.9998584985733032,0.00014150142669677734,0.7,1,BERT:bert_class_weighted,Class weight
1494,emscad_10765,"Novitex Enterprise Solutions, formerly Pitney Bowes Management Services, delivers innovative document and communications",Customer Service Associate - Part Time,0,0,0.9998629093170166,0.00013709068298339844,0.7,1,BERT:bert_class_weighted,Class weight
1495,emscad_10785,"Novitex Enterprise Solutions, formerly Pitney Bowes Management Services, delivers innovative document and communications",Customer Service Associate - Part Time,0,0,0.999859094619751,0.00014090538024902344,0.7,1,BERT:bert_class_weighted,Class weight
1496,emscad_10797,"Novitex Enterprise Solutions, formerly Pitney Bowes Management Services, delivers innovative document and communications",General Clerk 2,0,0,0.9999121427536011,8.785724639892578e-05,0.7,1,BERT:bert_class_weighted,Class weight
1497,emscad_10805,"Novitex Enterprise Solutions, formerly Pitney Bowes Management Services, delivers innovative document and communications",Customer Service Associate - Part Time,0,0,0.999887228012085,0.00011277198791503906,0.7,1,BERT:bert_class_weighted,Class weight
1498,emscad_10806,"Novitex Enterprise Solutions, formerly Pitney Bowes Management Services, delivers innovative document and communications",Customer Service Associate,0,0,0.9998365640640259,0.0001634359359741211,0.7,1,BERT:bert_class_weighted,Class weight
1499,emscad_10840,Our History,Driver - Heavy Duty (Phoenix),0,0,0.9998876452445984,0.00011235475540161133,0.7,1,BERT:bert_class_weighted,Class weight
1500,emscad_10861,"Delivering superior customer services for over 10 years, IBEX Global is a business process outsourcer offering an integr",Agent-Inbound Cust Svc,0,0,0.9998073577880859,0.0001926422119140625,0.7,1,BERT:bert_class_weighted,Class weight
1501,emscad_10873,PowerbyProxi and its customers are leading a revolution to deliver unplugged power. We have changed the way electricity ,Hardware Systems Design Engineer (US),0,0,0.9998259544372559,0.00017404556274414062,0.7,1,BERT:bert_class_weighted,Class weight
1502,emscad_10875,"Critical Nurse Staffing, Inc. is enrolled with the U.S Department of Labor to provide nursing care to the former defense","Home Health CNA--Mountain Home, ID",0,0,0.9998761415481567,0.00012385845184326172,0.7,1,BERT:bert_class_weighted,Class weight
1503,emscad_10914,"Friend MTS is a leading provider of technology to the media and entertainment industry. Specialising in video security, ",Junior Online Security Analyst,0,0,0.9995026588439941,0.0004973411560058594,0.7,1,BERT:bert_class_weighted,Class weight
1504,emscad_10915,"Pixelberry Studios, is a mobile games startup with a Top 150 game on iOS and Android. We are a small team of less than 2",Software Engineer - iOS and Android Games,0,0,0.9988727569580078,0.0011272430419921875,0.7,1,BERT:bert_class_weighted,Class weight
1505,emscad_10920,ding* is the world’s largest top-up provider. Created to help people working abroad to support and keep in touch with lo,Graphic Design Wizard (Part-time internship),0,0,0.9998266696929932,0.00017333030700683594,0.7,1,BERT:bert_class_weighted,Class weight
1506,emscad_10925,"Valor Services provides Workforce Solutions that meet the needs of companies across the Private Sector, with a special f",Pharmacist,0,0,0.9998989105224609,0.0001010894775390625,0.7,1,BERT:bert_class_weighted,Class weight
1507,emscad_10932,Established on the principles that full time education is not for everyone Spectrum Learning is made up of a team of pas,WF5 9TJ Business Admin Apprenticeship available under NAS 16-18 year olds only!,0,0,0.9998371601104736,0.0001628398895263672,0.7,1,BERT:bert_class_weighted,Class weight
1508,emscad_10951,"Novitex Enterprise Solutions, formerly Pitney Bowes Management Services, delivers innovative document and communications",Customer Service Associate - Part Time,0,0,0.9998528957366943,0.00014710426330566406,0.7,1,BERT:bert_class_weighted,Class weight
1509,emscad_10957,"Novitex Enterprise Solutions, formerly Pitney Bowes Management Services, delivers innovative document and communications",Customer Service Associate,0,0,0.9998854398727417,0.00011456012725830078,0.7,1,BERT:bert_class_weighted,Class weight
1510,emscad_10958,Why CSD?,New York Relay Supervisor,0,0,0.9998021125793457,0.00019788742065429688,0.7,1,BERT:bert_class_weighted,Class weight
1511,emscad_10965,"Novitex Enterprise Solutions, formerly Pitney Bowes Management Services, delivers innovative document and communications",Customer Service Team Lead,0,0,0.9998650550842285,0.00013494491577148438,0.7,1,BERT:bert_class_weighted,Class weight
1512,emscad_10974,"Shyp is the easiest way to send anything, anywhere.",Head of Customer Experience,0,0,0.9997341632843018,0.0002658367156982422,0.7,1,BERT:bert_class_weighted,Class weight
1513,emscad_11015,"Novitex Enterprise Solutions, formerly Pitney Bowes Management Services, delivers innovative document and communications",Customer Service Associate,0,0,0.9998517036437988,0.00014829635620117188,0.7,1,BERT:bert_class_weighted,Class weight
1514,emscad_11019,"As a member of our management team, our Vice President of Human Resources will help make our team successful by serving ","VP, Human Resources",0,0,0.9996843338012695,0.00031566619873046875,0.7,1,BERT:bert_class_weighted,Class weight
1515,emscad_11020,Abakus is a software platform built on game theory that evaluates and optimizes marketing. It is used by brands and adve,Analytics Associate,0,0,0.9994254112243652,0.0005745887756347656,0.7,1,BERT:bert_class_weighted,Class weight
1516,emscad_11021,Inc42 is a technology focused media portal with extensive focus on innovation and creating value. In the past 6 months I,Tech Lead (PHP/WordPress),0,0,0.9996874332427979,0.00031256675720214844,0.7,1,BERT:bert_class_weighted,Class weight
1517,emscad_11026,"The RealReal is changing the way people buy and sell luxury items. The leader in luxury resale, the company is a full se",Customer Service Manager (Consignor Relations),0,0,0.9997453689575195,0.00025463104248046875,0.7,1,BERT:bert_class_weighted,Class weight
1518,emscad_11038,Work with Rohan to develop,Migration Center,1,0,0.89166259765625,0.10833740234375,0.7,0,BERT:bert_class_weighted,Class weight
1519,emscad_11039,"Novitex Enterprise Solutions, formerly Pitney Bowes Management Services, delivers innovative document and communications",Technical Services Representative - Print Services,0,0,0.9998500347137451,0.0001499652862548828,0.7,1,BERT:bert_class_weighted,Class weight
1520,emscad_11060,"Novitex Enterprise Solutions, formerly Pitney Bowes Management Services, delivers innovative document and communications",Customer Service Associate,0,0,0.999858021736145,0.00014197826385498047,0.7,1,BERT:bert_class_weighted,Class weight
1521,emscad_11063,All American classics is a leading fundraising as a service (FaaS) company that helps nonprofit leaders raise money thro,"[Denver, CO] Fundraising Consultant",0,0,0.9998780488967896,0.00012195110321044922,0.7,1,BERT:bert_class_weighted,Class weight
1522,emscad_11070,"Novitex Enterprise Solutions, formerly Pitney Bowes Management Services, delivers innovative document and communications",Customer Service Associate - Part Time,0,0,0.9998464584350586,0.00015354156494140625,0.7,1,BERT:bert_class_weighted,Class weight
1523,emscad_11090,"Novitex Enterprise Solutions, formerly Pitney Bowes Management Services, delivers innovative document and communications",General Clerk 2,0,0,0.9998927712440491,0.00010722875595092773,0.7,1,BERT:bert_class_weighted,Class weight
1524,emscad_11099,"Novitex Enterprise Solutions, formerly Pitney Bowes Management Services, delivers innovative document and communications",Customer Service Technical Specialist,0,0,0.999841570854187,0.00015842914581298828,0.7,1,BERT:bert_class_weighted,Class weight
1525,emscad_11100,ConsumerTrack is a technology-centric internet marketing company built on a culture of excellence. We are the preferred ,Sr. Database Administrator,0,0,0.9997236728668213,0.00027632713317871094,0.7,1,BERT:bert_class_weighted,Class weight
1526,emscad_11106,"Novitex Enterprise Solutions, formerly Pitney Bowes Management Services, delivers innovative document and communications",Customer Service Associate,0,0,0.9998326301574707,0.00016736984252929688,0.7,1,BERT:bert_class_weighted,Class weight
1527,emscad_11107,Established on the principles that full time education is not for everyone Spectrum Learning is made up of a team of pas,Recruiting Fragrance and Beauty Promo Staff In Birmingham,0,0,0.9997957944869995,0.00020420551300048828,0.7,1,BERT:bert_class_weighted,Class weight
1528,emscad_11110,Established on the principles that full time education is not for everyone Spectrum Learning is made up of a team of pas,B2 4RN Business Admin Apprenticeship under NAS 16-18 year olds only!,0,0,0.9998219013214111,0.0001780986785888672,0.7,1,BERT:bert_class_weighted,Class weight
1529,emscad_11114,ConsumerTrack is a technology-centric internet marketing company built on a culture of excellence. We are the preferred ,Interactive Web Designer,0,0,0.9996402263641357,0.0003597736358642578,0.7,1,BERT:bert_class_weighted,Class weight
1530,emscad_11116,"Local Projects is a media design firm for museums and public spaces. While innovation drives much of today’s design, we’",Creative Technologist,0,0,0.9996755123138428,0.00032448768615722656,0.7,1,BERT:bert_class_weighted,Class weight
1531,emscad_11122,Established on the principles that full time education is not for everyone Spectrum Learning is made up of a team of pas,Luxury fragrance consultants needed for Xmas!,0,0,0.9998239278793335,0.0001760721206665039,0.7,1,BERT:bert_class_weighted,Class weight
1532,emscad_11132,"Novitex Enterprise Solutions, formerly Pitney Bowes Management Services, delivers innovative document and communications",Mail Sorter / Machine Operator,0,0,0.9998849630355835,0.0001150369644165039,0.7,1,BERT:bert_class_weighted,Class weight
1533,emscad_11139,"The RealReal is changing the way people buy and sell luxury items. The leader in luxury resale, the company is a full se",Luxury Returns Specialist,0,0,0.9997658729553223,0.00023412704467773438,0.7,1,BERT:bert_class_weighted,Class weight
1534,emscad_11141,Minimum 2yrs of Experience of Investment Banking / 1+ yr of private equity experience with strong academic background,Associate - Leverage Finance,0,0,0.9993648529052734,0.0006351470947265625,0.7,1,BERT:bert_class_weighted,Class weight
1535,emscad_11163,ConsumerTrack is a technology-centric internet marketing company built on a culture of excellence. We are the preferred ,Operations Coordinator,0,0,0.9996705055236816,0.0003294944763183594,0.7,1,BERT:bert_class_weighted,Class weight
1536,emscad_11166,#URL_c379aa631173ed5b7c345ab3f500a9a053e509138ca70e52c1088e5a784dc8d7# is a modern online travel agency that was founded,Turkish Speaking Customer Support Representative,0,0,0.9997589588165283,0.0002410411834716797,0.7,1,BERT:bert_class_weighted,Class weight
1537,emscad_11178,"Urban Robotics Inc. provides cutting edge software and hardware solutions for Intelligence, Surveillance and Reconnaissa",Computer Vision Master,0,0,0.9998574256896973,0.00014257431030273438,0.7,1,BERT:bert_class_weighted,Class weight
1538,emscad_11180,"Maxnet offers Staff Augmentation Solutions for Big Data Analytics in Retail, Healthcare and Regulatory & Compliance.",Junior Finance Position,0,0,0.9996805191040039,0.00031948089599609375,0.7,1,BERT:bert_class_weighted,Class weight
1539,emscad_11222,Tel Tech Networks is a Voice/Data/Video/Security systems contractor operating primarily in the Southwestern United State,Telecommunication Engineer,0,0,0.9995074272155762,0.0004925727844238281,0.7,1,BERT:bert_class_weighted,Class weight
1540,emscad_11256,"Delivering superior customer services for over 10 years, IBEX Global is a business process outsourcer offering an integr",Now Hiring Inbound Sales Representatives,0,0,0.9998043775558472,0.00019562244415283203,0.7,1,BERT:bert_class_weighted,Class weight
1541,emscad_11261,EROAD was established to modernise New Zealand’s paper-based RUC regime and in 2009 launched the world’s first GPS/cellu,Analytics Engineer,0,0,0.9998012781143188,0.00019872188568115234,0.7,1,BERT:bert_class_weighted,Class weight
1542,emscad_11275,Established on the principles that full time education is not for everyone Spectrum Learning is made up of a team of pas,M1 5AN Business Admin Apprenticeship available under NAS 16-18 year olds only,0,0,0.9998211860656738,0.00017881393432617188,0.7,1,BERT:bert_class_weighted,Class weight
1543,emscad_11276,We Provide Full Time Permanent Positions for many medium to large US companies. We are interested in finding/recruiting ,PROGRESS Systems Supervisor,0,0,0.9997398853302002,0.0002601146697998047,0.7,1,BERT:bert_class_weighted,Class weight
1544,emscad_11278,"With over 1,300 investment professionals located throughout the United States and Canada, Marcus & Millichap (NYSE: MMI)",Commercial Real Estate Salesperson - NJ,0,0,0.9997022151947021,0.00029778480529785156,0.7,1,BERT:bert_class_weighted,Class weight
1545,emscad_11282,"Through the Apache Spark platform, we are working to transform large-scale data analysis.",Software Engineer in Test,0,0,0.999603271484375,0.000396728515625,0.7,1,BERT:bert_class_weighted,Class weight
1546,emscad_11294,"Lore Ventures is a boutique consulting firm based in Palo Alto, CA. We partner with early stage ventures to accelerate g",Engagement Manager - Marketing Strategy,0,0,0.9995784759521484,0.0004215240478515625,0.7,1,BERT:bert_class_weighted,Class weight
1547,emscad_11295,"Adform is the best resourced European display ad tech company, with around 350 people in 16 European countries and US. A","Data Scientist, UK",0,0,0.9997165203094482,0.0002834796905517578,0.7,1,BERT:bert_class_weighted,Class weight
1548,emscad_11302,At the core of IT’s challenges is a perennial cycle where the majority of budgets are consumed maintaining existing syst,Health & Wellness Medical Assistant,0,0,0.9997900724411011,0.00020992755889892578,0.7,1,BERT:bert_class_weighted,Class weight
1549,emscad_11312,Phoenix Home Care came to be as a result of our commitment to improve the quality of life for those we serve. Each of ou,Licensed Practical Nurse (LPN)- Private Duty,0,0,0.9998358488082886,0.00016415119171142578,0.7,1,BERT:bert_class_weighted,Class weight
1550,emscad_11318,All American classics is a leading fundraising as a service (FaaS) company that helps nonprofit leaders raise money thro,"[Fort Worth, TX] Fundraising Consultant",0,0,0.9998464584350586,0.00015354156494140625,0.7,1,BERT:bert_class_weighted,Class weight
1551,emscad_11324,Thanks for visiting our Job Board. Please review our open positions and apply to the positions that match your qualifica,Corporate Sales Director - Egypt,0,0,0.9998050928115845,0.00019490718841552734,0.7,1,BERT:bert_class_weighted,Class weight
1552,emscad_11332,"Industrial Color Software is a division of Industrial Color Brands, a family of vertically integrated creative productio",Director of IT,0,0,0.9997537136077881,0.00024628639221191406,0.7,1,BERT:bert_class_weighted,Class weight
1553,emscad_11334,"Babbel enables anyone to learn languages in an easy and interactive way. The learning system offers 13 languages, from E",Working Student - Marketing Tech Assistent,0,0,0.9997782707214355,0.00022172927856445312,0.7,1,BERT:bert_class_weighted,Class weight
1554,emscad_11341,Zylun is expanding the recruiting landscape for companies worldwide. We help businesses better compete and increase prof,RUBY ON RAILS DEVELOPER,0,0,0.9992132186889648,0.0007867813110351562,0.7,1,BERT:bert_class_weighted,Class weight
1555,emscad_11347,"Argenta Field Solutions values the client, creates income streams for them through our sales mechanism and focuses on qu",Sales Representative with Management Training - AT&T,0,0,0.9996898174285889,0.0003101825714111328,0.7,1,BERT:bert_class_weighted,Class weight
1556,emscad_11348,Established on the principles that full time education is not for everyone Spectrum Learning is made up of a team of pas,Ipswich Beauty/Fragrance Staff Needed,0,0,0.9998458623886108,0.00015413761138916016,0.7,1,BERT:bert_class_weighted,Class weight
1557,emscad_11360,"Argenta Field Solutions values the client, creates income streams for them through our sales mechanism and focuses on qu",Sales Representative with Management Training - AT&T,0,0,0.9997103214263916,0.00028967857360839844,0.7,1,BERT:bert_class_weighted,Class weight
1558,emscad_11369,"Title: Salesforce Project Lead Location: Westlake Village, CA Fulltime",Salesforce Project Lead,0,0,0.9994230270385742,0.0005769729614257812,0.7,1,BERT:bert_class_weighted,Class weight
1559,emscad_11372,Maker’s Row is an online marketplace that connects American manufacturers and product based businesses. Our mission is t,Account Manager,0,0,0.9997949600219727,0.00020503997802734375,0.7,1,BERT:bert_class_weighted,Class weight
1560,emscad_11378,Forward3D is the largest independent digital marketing agency in Britain. We run cutting edge digital marketing campaign,SEO Manager,0,0,0.9997565746307373,0.0002434253692626953,0.7,1,BERT:bert_class_weighted,Class weight
1561,emscad_11383,"SummaView is een jong bedrijf uit Amersfoort die mensen, kennis en software levert ophet snijvlak van controlling en Bus",OUD: Business Controller 7,0,0,0.9997774362564087,0.0002225637435913086,0.7,1,BERT:bert_class_weighted,Class weight
1562,emscad_11394,Our team is carefully balanced with the best specialists in the healthcare market and experts in web development and use,HR Executive (Talent Hunter!),0,0,0.9997941255569458,0.00020587444305419922,0.7,1,BERT:bert_class_weighted,Class weight
1563,emscad_11406,"At LendInvest fundamentally changing the way people think about their savings, investments and how you get a mortgage. W",Senior Front-End Developer,0,0,0.9998118877410889,0.0001881122589111328,0.7,1,BERT:bert_class_weighted,Class weight
1564,emscad_11408,"Local agency looking to hire part-time, full-time and respite caregivers.",Caregiver's and CNA's needed ASAP,0,0,0.9997498989105225,0.00025010108947753906,0.7,1,BERT:bert_class_weighted,Class weight
1565,emscad_11412,"Job Responsibilities In addition to maintaining an active caseload of clients, this position will be responsible for the",Chemical Dependency Counselor,0,0,0.9992847442626953,0.0007152557373046875,0.7,1,BERT:bert_class_weighted,Class weight
1566,emscad_11413,Envision Consulting conducts retained searches for nonprofit clients seeking to expand and enhance their mission through,Clinical Supervisor,0,0,0.9998073577880859,0.0001926422119140625,0.7,1,BERT:bert_class_weighted,Class weight
1567,emscad_11414,"Welcome to interface rehab interface rehab provides comprehensive rehabilitation (Physical, Occupational & Speech Therap",Physical Therapist,0,0,0.999739408493042,0.0002605915069580078,0.7,1,BERT:bert_class_weighted,Class weight
1568,emscad_11419,"SummaView is een jong bedrijf uit Amersfoort die mensen, kennis en software levert ophet snijvlak van controlling en Bus",OUD: Business Controller 4.,0,0,0.9997607469558716,0.00023925304412841797,0.7,1,BERT:bert_class_weighted,Class weight
1569,emscad_11436,Envision Consulting conducts retained searches for nonprofit clients seeking to expand and enhance their mission through,Community Programs Manager,0,0,0.9997649192810059,0.00023508071899414062,0.7,1,BERT:bert_class_weighted,Class weight
1570,emscad_11446,"Amplexor is a leading provider in the field of content management solutions: digital experience management, document cen",Java Web Developer,0,0,0.9993462562561035,0.0006537437438964844,0.7,1,BERT:bert_class_weighted,Class weight
1571,emscad_11456,"We are an award-winning team of professionals, providing the very best value for glass shower enclosures, designer close",Skilled Glazer,0,0,0.9998818039894104,0.00011819601058959961,0.7,1,BERT:bert_class_weighted,Class weight
1572,emscad_11462,Openlane is a fully-funded education services company that creates and delivers continuing education courses for enthusi,Senior Instructional Designer,0,0,0.9998073577880859,0.0001926422119140625,0.7,1,BERT:bert_class_weighted,Class weight
1573,emscad_11484,"#URL_25e85371e7108e279a4b25d6e965889a44917879b7b587c905714ef30f933cb8# is a young, growing e-commerce company with our e",Athens Marketing Position,0,0,0.9998077154159546,0.00019228458404541016,0.7,1,BERT:bert_class_weighted,Class weight
1574,emscad_11488,Established on the principles that full time education is not for everyone Spectrum Learning is made up of a team of pas,Southport Admin Assistant Apprenticeship Under NAS 16-18 Year Olds Only,0,0,0.9998488426208496,0.00015115737915039062,0.7,1,BERT:bert_class_weighted,Class weight
1575,emscad_11503,Established on the principles that full time education is not for everyone Spectrum Learning is made up of a team of pas,CV2 4GA Customer Service Apprenticeship under NAS 16-24 year olds only!,0,0,0.9998440742492676,0.00015592575073242188,0.7,1,BERT:bert_class_weighted,Class weight
1576,emscad_11511,Established on the principles that full time education is not for everyone Spectrum Learning is made up of a team of pas,LS17 6DJ Customer Service Apprenticeship Available Under NAS 16-18 year olds only!,0,0,0.9998313188552856,0.00016868114471435547,0.7,1,BERT:bert_class_weighted,Class weight
1577,emscad_11518,"Declara is focused on bringing data to life. Our technology platform uses machine learning, search, algorithms and recom",Senior Visual Designer,0,0,0.9997843503952026,0.00021564960479736328,0.7,1,BERT:bert_class_weighted,Class weight
1578,emscad_11531,Working at FBN,Field Operations Specialist,0,0,0.9997272491455078,0.0002727508544921875,0.7,1,BERT:bert_class_weighted,Class weight
1579,emscad_11536,H WEDIA είναι μια ταχύτατα αναπτυσσόμενη ελληνική digital εταιρεία που δραστηριοποιείται από το 2009 στο χώρο των ψηφιακ,Web Designer,0,0,0.9998339414596558,0.00016605854034423828,0.7,1,BERT:bert_class_weighted,Class weight
1580,emscad_11538,JOB DESCRIPTION,Human Resources Administrator,0,0,0.998936653137207,0.0010633468627929688,0.7,1,BERT:bert_class_weighted,Class weight
1581,emscad_11539,Aptitude Staffing Solutions has redesigned the recruiting wheel. Our innovative new platform cuts the recruiting time in,Research Engineer Data Science,1,1,0.0,1.0,0.7,1,BERT:bert_class_weighted,Class weight
1582,emscad_11545,Virteva delivers managed IT services and project-based consulting services that optimize our customer’s IT infrastructur,Website Publisher,0,0,0.999859094619751,0.00014090538024902344,0.7,1,BERT:bert_class_weighted,Class weight
1583,emscad_11546,The only thing we love more than our data is our team.,Inside Sales Executive,0,0,0.999661922454834,0.0003380775451660156,0.7,1,BERT:bert_class_weighted,Class weight
1584,emscad_11552,"GPL Technologies is a solutions provider focused on the design, implementation, and support of high-performance informat",General Accountant/Controller,0,0,0.9996969699859619,0.00030303001403808594,0.7,1,BERT:bert_class_weighted,Class weight
1585,emscad_11567,RHB Recruitment Ltd is a business process outsourcing company with its state-of-the-art delivery center (existing capaci,SAP MDM,0,0,0.9998326301574707,0.00016736984252929688,0.7,1,BERT:bert_class_weighted,Class weight
1586,emscad_11568,Established on the principles that full time education is not for everyone Spectrum Learning is made up of a team of pas,We are recruiting fragrance and beauty promotional staff in Manchester,0,0,0.9997822046279907,0.00021779537200927734,0.7,1,BERT:bert_class_weighted,Class weight
1587,emscad_11575,"Founded in 2010 by a team from Google’s London and New York offices, Qubit work with some of the biggest names in Online",Sales Development Manager,0,0,0.9997472763061523,0.00025272369384765625,0.7,1,BERT:bert_class_weighted,Class weight
1588,emscad_11583,Aptitude Staffing Solutions has redesigned the recruiting wheel. Our innovative new platform cuts the recruiting time in,Software Architect,1,1,0.0,1.0,0.7,1,BERT:bert_class_weighted,Class weight
1589,emscad_11590,"Being into the IT domain for over 4 years, Walkover specializes in web based application development and mobile applicat",Business Development Trainee,0,0,0.9992918968200684,0.0007081031799316406,0.7,1,BERT:bert_class_weighted,Class weight
1590,emscad_11617,"hedgehog lab is a post-PC digital agency. We architect, design, develop, and market apps & digital solutions for phones,",Developer,0,0,0.9993305206298828,0.0006694793701171875,0.7,1,BERT:bert_class_weighted,Class weight
1591,emscad_11623,"Ryanair is Europe’s favourite low fares airline, operating more than 1,600 daily flights (over 500,000 per year) from 69",Social Media Agent,0,0,0.9997830390930176,0.00021696090698242188,0.7,1,BERT:bert_class_weighted,Class weight
1592,emscad_11633,The iMinds-MEDISIP research group ( #URL_131939d3d0b54c6818252f07562b34cfadad7eff3fcd068f6f81c55941596c95# ) is searchin,PhD Researcher - PET/MRI,0,0,0.9996945858001709,0.00030541419982910156,0.7,1,BERT:bert_class_weighted,Class weight
1593,emscad_11638,Century 21 Martinez & Associates has been in the Real Estate business for over 14 years. We are the number one ranked Ce,Experienced Personal Assistant,0,0,0.9996147155761719,0.000385284423828125,0.7,1,BERT:bert_class_weighted,Class weight
1594,emscad_11646,Thanks for visiting our Job Board. Please review our open positions and apply to the positions that match your qualifica,UI Developer,0,0,0.9997305870056152,0.0002694129943847656,0.7,1,BERT:bert_class_weighted,Class weight
1595,emscad_11652,hello world,Database Expert,0,0,0.9997602701187134,0.0002397298812866211,0.7,1,BERT:bert_class_weighted,Class weight
1596,emscad_11660,We live in an increasingly social and visual world. Text posts are being replaced by photos and videos which dominate th,Sales Account Executive,0,0,0.9997444152832031,0.000255584716796875,0.7,1,BERT:bert_class_weighted,Class weight
1597,emscad_11669,Hawkeye Recruitment provides cost effective recruitment advertising solutions to help you cast the widest net to find th,Personal Care Worker - Community Living Assistant,0,0,0.9998557567596436,0.0001442432403564453,0.7,1,BERT:bert_class_weighted,Class weight
1598,emscad_11706,Who are We?,Customer Service Associate,0,0,0.9998396635055542,0.00016033649444580078,0.7,1,BERT:bert_class_weighted,Class weight
1599,emscad_11708,VolunteerMark is a volunteer management software company that serves nonprofit organizations worldwide. Our company help,User Experience Intern,0,0,0.9993915557861328,0.0006084442138671875,0.7,1,BERT:bert_class_weighted,Class weight
1600,emscad_11728,Aptitude Staffing Solutions has redesigned the recruiting wheel. Our innovative new platform cuts the recruiting time in,Information Security Manager,1,1,0.0,1.0,0.7,1,BERT:bert_class_weighted,Class weight
1601,emscad_11751,Unify — formerly known as Siemens Enterprise Communications — is a premier communications software and services firms. O,Junior Visual Designer,0,0,0.9995601177215576,0.0004398822784423828,0.7,1,BERT:bert_class_weighted,Class weight
1602,emscad_11756,Staffing & Recruiting done right for the Oil & Energy Industry!,Plant Operator,1,1,0.0,1.0,0.7,1,BERT:bert_class_weighted,Class weight
1603,emscad_11760,Staffing & Recruiting done right for the Oil & Energy Industry!,Project Engineer,1,1,0.0,1.0,0.7,1,BERT:bert_class_weighted,Class weight
1604,emscad_11761,Staffing & Recruiting done right for the Oil & Energy Industry!,Process Safety Engineer,1,1,0.0,1.0,0.7,1,BERT:bert_class_weighted,Class weight
1605,emscad_11767,Aptitude Staffing Solutions has redesigned the recruiting wheel. Our innovative new platform cuts the recruiting time in,Customer Success District Manager,1,1,0.0,1.0,0.7,1,BERT:bert_class_weighted,Class weight
1606,emscad_11769,Aptitude Staffing Solutions has redesigned the recruiting wheel. Our innovative new platform cuts the recruiting time in,Lead Software Engineer - Web,1,1,0.0,1.0,0.7,1,BERT:bert_class_weighted,Class weight
1607,emscad_11778,We are a leading medical specialty products supplier to Long-Term Care facilities throughout the country. Throughout the,Account Representative,0,0,0.9990205764770508,0.0009794235229492188,0.7,1,BERT:bert_class_weighted,Class weight
1608,emscad_11782,"Squiz is one of the world's leading web solutions companies. We design, build and manage engaging websites and online ap",Senior Account Manager,0,0,0.9996731281280518,0.0003268718719482422,0.7,1,BERT:bert_class_weighted,Class weight
1609,emscad_11795,"Optimal Business Action was created in 2005 in order to provide high quality, personalized HR services to medium and lar","Chief Information Officer, Athens",0,0,0.9998232126235962,0.0001767873764038086,0.7,1,BERT:bert_class_weighted,Class weight
1610,emscad_11797,"We are a young, dynamic, fast-growing digital marketing agency established in February 2013 and headquartered in Athens,",Copywriter and Community Manager,0,0,0.999718189239502,0.0002818107604980469,0.7,1,BERT:bert_class_weighted,Class weight
1611,emscad_11810,Established on the principles that full time education is not for everyone Spectrum Learning is made up of a team of pas,Southend-on-Sea Customer Service Traineeships Under NAS 16-18 Year Olds Only,0,0,0.9998371601104736,0.0001628398895263672,0.7,1,BERT:bert_class_weighted,Class weight
1612,emscad_11827,hello world,System Administrator,0,0,0.9998313188552856,0.00016868114471435547,0.7,1,BERT:bert_class_weighted,Class weight
1613,emscad_11835,JUICE Mobile is an award-winning mobile advertising and technology firm solely dedicated to growing and monetizing the m,Digital Sales Planner,0,0,0.999687910079956,0.0003120899200439453,0.7,1,BERT:bert_class_weighted,Class weight
1614,emscad_11854,"We are looking for creative and self-motivated individuals with sales experiences to solicit, promote and sell our point",Outside Sale Rep,0,0,0.9998409748077393,0.0001590251922607422,0.7,1,BERT:bert_class_weighted,Class weight
1615,emscad_11856,"LogiSense Corporation is a well-established software company with rapidly growing business in Telecommunications, Hosted",Intermediate .Net Developer,0,0,0.9991960525512695,0.0008039474487304688,0.7,1,BERT:bert_class_weighted,Class weight
1616,emscad_11877,JOB DESCRIPTION,Norwegian Inside Sales Representative,0,0,0.9997833967208862,0.00021660327911376953,0.7,1,BERT:bert_class_weighted,Class weight
1617,emscad_11881,Mission Statement,Community Liaison/Director of Patient Relations,0,0,0.9998440742492676,0.00015592575073242188,0.7,1,BERT:bert_class_weighted,Class weight
1618,emscad_11886,"FiLo is a leader in custom software application development. Founded in 2006, FiLo has been delivering effective solutio",Software Developer .Net SQL Server,0,0,0.9990377426147461,0.0009622573852539062,0.7,1,BERT:bert_class_weighted,Class weight
1619,emscad_11887,Workable is a venture-backed startup making cloud-based recruitment software for fast-growing companies around the world,Field Sales Coordinator,0,0,0.9995131492614746,0.0004868507385253906,0.7,1,BERT:bert_class_weighted,Class weight
1620,emscad_11888,"Cohaesus is a trusted partner to the world's greatest advertising, marketing, communications and creative agencies. By b",C# Developer,0,0,0.9996941089630127,0.0003058910369873047,0.7,1,BERT:bert_class_weighted,Class weight
1621,emscad_11891,"Adform is the best resourced European display ad tech company, with around 370 people in 15 European countries and US. W",Scrum Master,0,0,0.9997917413711548,0.00020825862884521484,0.7,1,BERT:bert_class_weighted,Class weight
1622,emscad_11897,"WellAware is an oil field communications and software-as-a-service (SaaS) company based in San Antonio, TX that provides",Senior Software Engineer - Web,0,0,0.9997472763061523,0.00025272369384765625,0.7,1,BERT:bert_class_weighted,Class weight
1623,emscad_11900,"Seismic Exchange, Inc. (SEI) is a prime source of premium 2D and 3D seismic data for the upstream oil and gas industry. ",Processing Geophysicist,0,0,0.9997107982635498,0.0002892017364501953,0.7,1,BERT:bert_class_weighted,Class weight
1624,emscad_11908,"OgilvyOne worldwide, Athens was established in 1987. The company provides Digital, CRM and Promotional services to Greek",Digital Account Director,0,0,0.9998352527618408,0.0001647472381591797,0.7,1,BERT:bert_class_weighted,Class weight
1625,emscad_11912,Community Action Partnership of Ramsey & Washington Counties (Community Action) was established in 1964 as a program of ,Teacher - Seasonal,0,0,0.9998273849487305,0.00017261505126953125,0.7,1,BERT:bert_class_weighted,Class weight
1626,emscad_11938,Hawkeye Recruitment provides cost effective recruitment advertising solutions to help you cast the widest net to find th,Social Service Coordinator,0,0,0.9998440742492676,0.00015592575073242188,0.7,1,BERT:bert_class_weighted,Class weight
1627,emscad_11970,Playfair Capital is an early stage technology investment fund based in London.,Founding Software Engineer,0,0,0.9996850490570068,0.00031495094299316406,0.7,1,BERT:bert_class_weighted,Class weight
1628,emscad_11990,"Committed to providing valued quality services, we have established an environment that promotes individual growth , com",Residential Manager,0,0,0.9998761415481567,0.00012385845184326172,0.7,1,BERT:bert_class_weighted,Class weight
1629,emscad_12011,MaxPlayTM is a cross-platform digital publishing company focused on revolutionizing the games as a service market. You p,Technical Designer,0,0,0.9993748664855957,0.0006251335144042969,0.7,1,BERT:bert_class_weighted,Class weight
1630,emscad_12016,"Entertainment everywhere. Operating under the StarzPlay brand, Playco Ltd., delivers a premium video-on-demand service. ",CRM Admin,0,0,0.9997439384460449,0.0002560615539550781,0.7,1,BERT:bert_class_weighted,Class weight
1631,emscad_12026,Airenvy’s mission is to provide lucrative yet hassle free full service short term property management all around the wor,Full Stack Rails Engineer,0,0,0.9997551441192627,0.0002448558807373047,0.7,1,BERT:bert_class_weighted,Class weight
1632,emscad_12050,"Intercom ( #URL_cb674f93cbcd215a3a0a57a8615a565545949eead8adbbc73307c26d6a6af81b# ) is a simple, personal messaging serv",Sales Development Representative,0,0,0.9993820190429688,0.00061798095703125,0.7,1,BERT:bert_class_weighted,Class weight
1633,emscad_12060,Job Description,Junior Developer,0,0,0.9996750354766846,0.0003249645233154297,0.7,1,BERT:bert_class_weighted,Class weight
1634,emscad_12061,"Keycafe is the leading key exchange solution for Airbnb hosts, property managers and real estate agents. We have over 10",Community Manager,0,0,0.9998629093170166,0.00013709068298339844,0.7,1,BERT:bert_class_weighted,Class weight
1635,emscad_12080,Our History,Inside Sales Representative (Portland),0,0,0.9999004602432251,9.953975677490234e-05,0.7,1,BERT:bert_class_weighted,Class weight
1636,emscad_12088,"Our Client, a fast-growing Dutch company, with 14 offices around the world is looking for a new colleague in their headq",Front-End/C# Developer,0,0,0.9990224838256836,0.0009775161743164062,0.7,1,BERT:bert_class_weighted,Class weight
1637,emscad_12089,"Namely is the leading end-to-end HR and payroll platform for growing companies. Offerings include human payroll, benefit",Sales Operations Analyst,0,0,0.9998358488082886,0.00016415119171142578,0.7,1,BERT:bert_class_weighted,Class weight
1638,emscad_12102,We Provide Full Time Permanent Positions for many medium to large US companies. We are interested in finding/recruiting ,Production Manager,0,0,0.9997988939285278,0.00020110607147216797,0.7,1,BERT:bert_class_weighted,Class weight
1639,emscad_12110,Our History,Inside Sales Representative (Hayward),0,0,0.9998984932899475,0.00010150671005249023,0.7,1,BERT:bert_class_weighted,Class weight
1640,emscad_12116,At the core of IT’s challenges is a perennial cycle where the majority of budgets are consumed maintaining existing syst,Construction Safety Specialist,0,0,0.9994058609008789,0.0005941390991210938,0.7,1,BERT:bert_class_weighted,Class weight
1641,emscad_12122,We believe cities are complicated. And your mobile device should save you from the everyday challenges of living in them,"Marketing (Content, Acquisition, Community, Media)",0,0,0.9997215270996094,0.000278472900390625,0.7,1,BERT:bert_class_weighted,Class weight
1642,emscad_12131,"Founded in 2010 by a team from Google’s London and New York offices, Qubit work with some of the biggest names in Online",Graduate Client Engineer,0,0,0.9997537136077881,0.00024628639221191406,0.7,1,BERT:bert_class_weighted,Class weight
1643,emscad_12137,MarketInvoice is one of the most high-profile London based fin-tech companies. The Company is Europe’s leading P2P invoi,Communications Officer,0,0,0.9998266696929932,0.00017333030700683594,0.7,1,BERT:bert_class_weighted,Class weight
1644,emscad_12139,"Farmigo, a well funded Startup , develops a platform for consumers to make healthy eating part of their everyday lives b",Full Stack Java Developer,0,0,0.998621940612793,0.0013780593872070312,0.7,1,BERT:bert_class_weighted,Class weight
1645,emscad_12142,"Novitex Enterprise Solutions, formerly Pitney Bowes Management Services, delivers innovative document and communications",Driver I,0,0,0.9998717308044434,0.00012826919555664062,0.7,1,BERT:bert_class_weighted,Class weight
1646,emscad_12147,"Depop is an exciting new mobile marketplace where you can sell things by simply taking a picture, as well as follow your",Support Agent,0,0,0.999661922454834,0.0003380775451660156,0.7,1,BERT:bert_class_weighted,Class weight
1647,emscad_12160,Our History,Driver - Medium Duty (Portland),0,0,0.9998944401741028,0.0001055598258972168,0.7,1,BERT:bert_class_weighted,Class weight
1648,emscad_12164,AREX is a highly ambitious financial technology start-up in the alternative financial services space that aims to change,Customer Service Manager,0,0,0.9996170997619629,0.0003829002380371094,0.7,1,BERT:bert_class_weighted,Class weight
1649,emscad_12167,Zylun’s mission is to help small and medium size enterprises take advantage of a highly skilled global workforce in a si,.NET DEVELOPER,0,0,0.9996471405029297,0.0003528594970703125,0.7,1,BERT:bert_class_weighted,Class weight
1650,emscad_12169,"Wir sind ein junges Berliner Mobile-Startup, das Meinungen und Unterhaltung innovativ zusammenbringt. Mit unserer Androi",Mobile Developer (m/f),0,0,0.999361515045166,0.0006384849548339844,0.7,1,BERT:bert_class_weighted,Class weight
1651,emscad_12173,We Provide Full Time Permanent Positions for many medium to large US companies. We are interested in finding/recruiting ,Firmware Engineer - C# Visual Basic ASM SQL - FL,0,0,0.9996533393859863,0.0003466606140136719,0.7,1,BERT:bert_class_weighted,Class weight
1652,emscad_12181,"Marketing Mob specializes in placing interim, project-based and contract-to-hire marketing consultants in small business","Marketing Consultants, Contractors and Freelancers Needed",0,0,0.9995946884155273,0.00040531158447265625,0.7,1,BERT:bert_class_weighted,Class weight
1653,emscad_12183,#URL_e7c9057d5e6f097876436d175031e95669ede4ebaab52b6be0957c837bc98343#,Title Insurance: Commercial Underwriting Counsel,0,0,0.9997575283050537,0.00024247169494628906,0.7,1,BERT:bert_class_weighted,Class weight
1654,emscad_12187,FREIGHT LOGISTICS,DISPOSITION TRAINEE,0,0,0.9986057281494141,0.0013942718505859375,0.7,1,BERT:bert_class_weighted,Class weight
1655,emscad_12189,Established on the principles that full time education is not for everyone Spectrum Learning is made up of a team of pas,Department store hostesses,0,0,0.9998629093170166,0.00013709068298339844,0.7,1,BERT:bert_class_weighted,Class weight
1656,emscad_12229,"Babbel enables anyone to learn languages in an easy and interactive way. The learning system offers 13 languages, from E",Internal IT Desktop Support Engineer,0,0,0.9996147155761719,0.000385284423828125,0.7,1,BERT:bert_class_weighted,Class weight
1657,emscad_12232,Aflac At A Glance,Insurance Benefits Sales Consultant,0,0,0.9997644424438477,0.00023555755615234375,0.7,1,BERT:bert_class_weighted,Class weight
1658,emscad_12234,"The RealReal is changing the way people buy and sell luxury items. The leader in luxury resale, the company is a full se",Wardrobe Assistant,0,0,0.9996147155761719,0.000385284423828125,0.7,1,BERT:bert_class_weighted,Class weight
1659,emscad_12240,We are currently seeking a part time retail sales associate for an exciting opportunity at Target Mobile in multiple Tar,Retail Sales Associate - Part Time - Hiring This Week!!!,0,0,0.9994544982910156,0.000545501708984375,0.7,1,BERT:bert_class_weighted,Class weight
1660,emscad_12243,"Squiz is one of the world's leading web solutions companies. We design, build and manage engaging websites and online ap",Implementer,0,0,0.9997169971466064,0.0002830028533935547,0.7,1,BERT:bert_class_weighted,Class weight
1661,emscad_12244,Avocarrot is a native mobile ad network with offices in Silicon Valley and Athens. We are building the next generation o,Mobile Software Engineer,0,0,0.99945068359375,0.00054931640625,0.7,1,BERT:bert_class_weighted,Class weight
1662,emscad_12262,"With offices across UK, mainland Europe, Australia, New Zealand, and the United States, Squiz helps clients across the g",Sales Executive/Business Development Manager - Funnelback,0,0,0.9998948574066162,0.00010514259338378906,0.7,1,BERT:bert_class_weighted,Class weight
1663,emscad_12282,"Bewdd & Associates - Talent Acquisition Simplified, it’s what we do.",Application Development Manager,0,0,0.9998133182525635,0.00018668174743652344,0.7,1,BERT:bert_class_weighted,Class weight
1664,emscad_12298,"Founded in 2010 by a team from Google’s London and New York offices, Qubit work with some of the biggest names in Online",Systems Engineer,0,0,0.9997636079788208,0.00023639202117919922,0.7,1,BERT:bert_class_weighted,Class weight
1665,emscad_12306,"At Hayes-Corp, we create the fun stuff. With a focus on software development for mobile platforms, we are constantly loo","Executive Assistant (Tech, Internet, Global, Mobile, Growth)",0,0,0.9996693134307861,0.0003306865692138672,0.7,1,BERT:bert_class_weighted,Class weight
1666,emscad_12307,Playfair Capital is an early stage technology investment fund based in London.,Front End JavaScript Developer,0,0,0.9994916915893555,0.0005083084106445312,0.7,1,BERT:bert_class_weighted,Class weight
1667,emscad_12308,PGI is a fast growing organic herb/spice/botanicals importing and production company that utilizes extensive food safety,Organic Herbs & Spices - Shipping/Production positions (incl Managers),0,0,0.9997843503952026,0.00021564960479736328,0.7,1,BERT:bert_class_weighted,Class weight
1668,emscad_12325,"Delivering superior customer services for over 10 years, IBEX Global is a business process outsourcer offering an integr",Agent-Inbound Cust Svc,0,0,0.9998096227645874,0.00019037723541259766,0.7,1,BERT:bert_class_weighted,Class weight
1669,emscad_12333,Tutor Doctor Carrollton consists of passionate tutors that would like to make a difference in children's education. We m,Math Tutor,0,0,0.9998339414596558,0.00016605854034423828,0.7,1,BERT:bert_class_weighted,Class weight
1670,emscad_12335,Cobb Systems Group is seeking a talented Sr. Software Engineer to join our team on a contract basis with one of our clie,Sr Software Engineer,0,0,0.9989099502563477,0.0010900497436523438,0.7,1,BERT:bert_class_weighted,Class weight
1671,emscad_12341,"We are The Clever Consultancy Ltd. We recruit in to the fields of Digital, Marketing & PR and we work across Surrey, Ham",Email Marketing Executive,0,0,0.9997649192810059,0.00023508071899414062,0.7,1,BERT:bert_class_weighted,Class weight
1672,emscad_12343,We Build Great Companies,Operations Officer,0,0,0.9993252754211426,0.0006747245788574219,0.7,1,BERT:bert_class_weighted,Class weight
1673,emscad_12348,"MyTime Apps is seeking motivated people to join team. We know your time is valuable, which is why at MyTime we strive to",iOS Developer Intern,0,0,0.9993810653686523,0.0006189346313476562,0.7,1,BERT:bert_class_weighted,Class weight
1674,emscad_12351,"Based in San Francisco with a development office in Budapest, Hungary, Secret Sauce Partners enables the world's largest",Quality Assurance Engineer,0,0,0.9997062683105469,0.000293731689453125,0.7,1,BERT:bert_class_weighted,Class weight
1675,emscad_12354,"DOTSOFT SA is an SME, specializing in Software Development and Integrated ICT Solutions for the public and private secto",Financial Director,0,0,0.9996070861816406,0.000392913818359375,0.7,1,BERT:bert_class_weighted,Class weight
1676,emscad_12360,Established on the principles that full time education is not for everyone Spectrum Learning is made up of a team of pas,Wolverhampton Fragrance and Beauty Promotional Staff,0,0,0.9998409748077393,0.0001590251922607422,0.7,1,BERT:bert_class_weighted,Class weight
1677,emscad_12364,"We experiment with new digital products, retail experiences and business models at M&S.com",Software Engineer in Test,0,0,0.99959397315979,0.00040602684020996094,0.7,1,BERT:bert_class_weighted,Class weight
1678,emscad_12367,We Provide Full Time Permanent Positions for many medium to large US companies. We are interested in finding/recruiting ,Manufacturing Supervisor,0,0,0.9997607469558716,0.00023925304412841797,0.7,1,BERT:bert_class_weighted,Class weight
1679,emscad_12374,"Executive Chef needed in West Orange, NJ for a high volume upscale casual dining restaurant.",Executive Chef,0,0,0.9996352195739746,0.0003647804260253906,0.7,1,BERT:bert_class_weighted,Class weight
1680,emscad_12378,Need profile with good financial exp,SQL Server Developer,0,0,0.9967594146728516,0.0032405853271484375,0.7,1,BERT:bert_class_weighted,Class weight
1681,emscad_12395,"Creative, innovative digital solutions, social media and development of web and mobile applications.",Full Stack Web Developer,0,0,0.999183177947998,0.0008168220520019531,0.7,1,BERT:bert_class_weighted,Class weight
1682,emscad_12397,"We're an emerging technology agency, and we build breakthrough products through user-centered design. We're building a t",Art Director,0,0,0.9994354248046875,0.0005645751953125,0.7,1,BERT:bert_class_weighted,Class weight
1683,emscad_12407,ESPL is the #1 provider of cloud-based software for the booming corporate events and travel industry. Our software solut,Jr. QA Tester,0,0,0.9995326995849609,0.0004673004150390625,0.7,1,BERT:bert_class_weighted,Class weight
1684,emscad_12411,"Come be a part of one of the fastest growing, well-funded and exciting startups in Silicon Valley. Peel makes the world’",Machine Learning Algorithms Engineer,0,0,0.9997010231018066,0.0002989768981933594,0.7,1,BERT:bert_class_weighted,Class weight
1685,emscad_12413,If working in a cubical seems like your idea of hell then joining our awesome startup team might be the opportunity you’,Graphic Designer,0,0,0.9996917247772217,0.0003082752227783203,0.7,1,BERT:bert_class_weighted,Class weight
1686,emscad_12418,"Delivering superior customer services for over 10 years, IBEX Global is a business process outsourcer offering an integr",Now Hiring Inbound Sales Representatives,0,0,0.9998043775558472,0.00019562244415283203,0.7,1,BERT:bert_class_weighted,Class weight
1687,emscad_12420,"Delivering superior customer services for over 10 years, IBEX Global is a business process outsourcer offering an integr",Agent-Inbound Sales Position,0,0,0.9998506307601929,0.0001493692398071289,0.7,1,BERT:bert_class_weighted,Class weight
1688,emscad_12452,About the Company,Brand Strategist,0,0,0.999603271484375,0.000396728515625,0.7,1,BERT:bert_class_weighted,Class weight
1689,emscad_12458,Get paid $12 per hour to walk 3 miles per day. Customer service skills are required. We train.,Surveyors / Order Takers,0,1,0.0,1.0,0.7,0,BERT:bert_class_weighted,Class weight
1690,emscad_12460,"Marketing, Design & Development Agency based in Toronto, Canada",PHP/LARAVEL DEVELOPER,0,0,0.99871826171875,0.00128173828125,0.7,1,BERT:bert_class_weighted,Class weight
1691,emscad_12467,We Provide Full Time Permanent Positions for many medium to large US companies. We are interested in finding/recruiting ,Manufacturing Engineer,0,0,0.99973464012146,0.00026535987854003906,0.7,1,BERT:bert_class_weighted,Class weight
1692,emscad_12473,Our passion for improving quality of life through geography is at the heart of everything we do. Esri’s geographic infor,Enterprise Integration Developer,0,0,0.999775767326355,0.00022423267364501953,0.7,1,BERT:bert_class_weighted,Class weight
1693,emscad_12474,"THE COMPANY: SCOREBIG, INC.",Sr. Software Engineer/Developer (C#/.NET),0,0,0.9998239278793335,0.0001760721206665039,0.7,1,BERT:bert_class_weighted,Class weight
1694,emscad_12491,Our History,Light Duty Driver,0,0,0.9998911023139954,0.00010889768600463867,0.7,1,BERT:bert_class_weighted,Class weight
1695,emscad_12492,Moxie Labs is a venture-backed startup making cloud-based recruitment software for fast-growing companies around the wor,Search Marketing Specialist,0,0,0.999457836151123,0.0005421638488769531,0.7,1,BERT:bert_class_weighted,Class weight
1696,emscad_12496,POSist is a completely cloud based POS for Restaurant industry.. It helps a standalone food outlet to a large food chain,Senior Area Sales Manager - Mumbai,0,0,0.9997272491455078,0.0002727508544921875,0.7,1,BERT:bert_class_weighted,Class weight
1697,emscad_12503,VisaHQ hires a diverse and internationally minded staff of professional and reliable employees who are dedicated to brea,Passport and Visa Specialist,0,0,0.9998629093170166,0.00013709068298339844,0.7,1,BERT:bert_class_weighted,Class weight
1698,emscad_12507,Gust is a global platform for the sourcing and management of early-stage investments. Gust enables skilled entrepreneurs,All Other Talented People,0,0,0.9997830390930176,0.00021696090698242188,0.7,1,BERT:bert_class_weighted,Class weight
1699,emscad_12508,Hawkeye Recruitment provides cost effective recruitment advertising solutions to help you cast the widest net to find th,Truck Driver - CDL Truck Driver - Truck Driving Jobs,0,0,0.9998488426208496,0.00015115737915039062,0.7,1,BERT:bert_class_weighted,Class weight
1700,emscad_12544,"At Atlas Lift Tech, safety always comes first! We are a fast growing company with an innovative vision of making Safe Pa",Regional Sales Representative,0,0,0.9997081756591797,0.0002918243408203125,0.7,1,BERT:bert_class_weighted,Class weight
1701,emscad_12546,"Heath Appointments is a network of experienced, top performing recruitment directors. We offer a comprehensive support s",Recruitment Director,0,0,0.9998151063919067,0.00018489360809326172,0.7,1,BERT:bert_class_weighted,Class weight
1702,emscad_12557,Established on the principles that full time education is not for everyone Spectrum Learning is made up of a team of pas,Dewsbury Business Admin Apprenticeship Under NAS 16-18 Year Olds Only,0,0,0.9998446702957153,0.00015532970428466797,0.7,1,BERT:bert_class_weighted,Class weight
1703,emscad_12561,Our History,Driver - Medium Duty (Seattle),0,0,0.9998992681503296,0.00010073184967041016,0.7,1,BERT:bert_class_weighted,Class weight
1704,emscad_12572,"Looking for a DevOps Engineer to provide strategic direction on and execute infrastructure, security, continuous integra",Specialized Systems Engineer,0,0,0.9984207153320312,0.00157928466796875,0.7,1,BERT:bert_class_weighted,Class weight
1705,emscad_12580,About Moxie,Fullstack WordPress Engineer,0,0,0.9996330738067627,0.0003669261932373047,0.7,1,BERT:bert_class_weighted,Class weight
1706,emscad_12592,"ABC Supply Co., Inc. is the nation’s largest wholesale distributor of roofing and one of the largest distributors of sid",Outside Sales Professional-Hartland,0,0,0.9998595714569092,0.0001404285430908203,0.7,1,BERT:bert_class_weighted,Class weight
1707,emscad_12608,#URL_c914851eb385d8c6471d602008fc4e84780de02287ca6ee67080b5f24864592f# is a developers tools provider based in LasVegas ,Frontend Developer,0,0,0.9993386268615723,0.0006613731384277344,0.7,1,BERT:bert_class_weighted,Class weight
1708,emscad_12616,HealthCare California is a locally-owned and operated home health agency providing a variety of home health and medical ,Payroll/AP Clerk,0,0,0.9998313188552856,0.00016868114471435547,0.7,1,BERT:bert_class_weighted,Class weight
1709,emscad_12618,InVision is a venture-backed startup working to create the world's best design communication and collaboration platform.,Marketing & Growth Lead (telecommute),0,0,0.999589204788208,0.0004107952117919922,0.7,1,BERT:bert_class_weighted,Class weight
1710,emscad_12620,CareerStarter is a new recruitment process outsourcing company helping great companies find top talent. Check out our la,"Major Account Executive- Philadelphia, PA.",0,0,0.9998464584350586,0.00015354156494140625,0.7,1,BERT:bert_class_weighted,Class weight
1711,emscad_12622,Since 1973: Working together to make our community healthy,Addiction and Mental Health Counsellor,0,0,0.9998780488967896,0.00012195110321044922,0.7,1,BERT:bert_class_weighted,Class weight
1712,emscad_12658,"Vortex® is considered the world leader in valves for handling dry bulk solids. Sitting on a 15-acre campus in Salina, KS",General Production,0,0,0.9997546672821045,0.0002453327178955078,0.7,1,BERT:bert_class_weighted,Class weight
1713,emscad_12661,47Billion is a Product engineering and Experience design company that delivers state-of-the-art solutions. We provide en,Software Engineer,0,0,0.9996352195739746,0.0003647804260253906,0.7,1,BERT:bert_class_weighted,Class weight
1714,emscad_12665,Kettle is an independent digital agency based in New York City and the Bay Area. We’re committed to making digital do mo,Visual Designer (SF),0,0,0.9997626543045044,0.00023734569549560547,0.7,1,BERT:bert_class_weighted,Class weight
1715,emscad_12669,EUROPEAN DYNAMICS (#URL_c66532ffa1ce76ab447da6774719060c42c584edbf44d74cdb94fc4ac219ca45#) is a leading European Softwar,Senior Coldfusion Developer,0,0,0.9995851516723633,0.00041484832763671875,0.7,1,BERT:bert_class_weighted,Class weight
1716,emscad_12678,Outstanding Member Service Starts With Outstanding People,User Support Technician,0,0,0.9997315406799316,0.0002684593200683594,0.7,1,BERT:bert_class_weighted,Class weight
1717,emscad_12688,"Intercom ( #URL_cb674f93cbcd215a3a0a57a8615a565545949eead8adbbc73307c26d6a6af81b# ) is a simple, personal messaging serv",Product Manager,0,0,0.9994568824768066,0.0005431175231933594,0.7,1,BERT:bert_class_weighted,Class weight
1718,emscad_12694,All American classics is a leading fundraising as a service (FaaS) company that helps nonprofit leaders raise money thro,Bid Collection Specialist,0,0,0.9998204708099365,0.00017952919006347656,0.7,1,BERT:bert_class_weighted,Class weight
1719,emscad_12699,"EVH is a fashion, lifestyle, design and luxury communications, digital, events and sales agency. With integrity and inte",Work Experience at EVH,0,0,0.9997909069061279,0.0002090930938720703,0.7,1,BERT:bert_class_weighted,Class weight
1720,emscad_12703,Established on the principles that full time education is not for everyone Spectrum Learning is made up of a team of pas,Bristol DGV Apprenticeship available under NAS 18 year olds only!,0,0,0.9998650550842285,0.00013494491577148438,0.7,1,BERT:bert_class_weighted,Class weight
1721,emscad_12705,About ECHOING GREEN :,Development Intern,0,0,0.9998140335083008,0.00018596649169921875,0.7,1,BERT:bert_class_weighted,Class weight
1722,emscad_12706,Our History,Driver - Heavy Duty (San Diego),0,0,0.9998940229415894,0.00010597705841064453,0.7,1,BERT:bert_class_weighted,Class weight
1723,emscad_12723,We Provide Full Time Permanent Positions for many medium to large US companies. We are interested in finding/recruiting ,Mechanical Engineer,0,0,0.9996452331542969,0.000354766845703125,0.7,1,BERT:bert_class_weighted,Class weight
1724,emscad_12739,"LogiSense Corporation is a well-established software company with rapidly growing business in Telecommunications, Hosted",Information Technology Administrator (6 Month Contract),0,0,0.999485969543457,0.0005140304565429688,0.7,1,BERT:bert_class_weighted,Class weight
1725,emscad_12744,"Red Star Yeast Company LLC (RSYC), a leader in the Yeast Manufacturing Industry, is a joint venture between Lesaffre Yea",Process Engineer,0,0,0.9998183250427246,0.00018167495727539062,0.7,1,BERT:bert_class_weighted,Class weight
1726,emscad_12767,"GPL Technologies is a solutions provider focused on the design, implementation, and support of high-performance informat",Inside Account Coordinator,0,0,0.9997074604034424,0.0002925395965576172,0.7,1,BERT:bert_class_weighted,Class weight
1727,emscad_12772,CGSoft provides innovative software products and requisite high-standard services which cover the whole spectrum of “e-b,Junior Consultant,0,0,0.9997843503952026,0.00021564960479736328,0.7,1,BERT:bert_class_weighted,Class weight
1728,emscad_12784,Take Out Brands is a food franchise business with a #URL_4524df5c91ce800c4ba16ef1406d622db7d51d37105a7fcee27521e61854615,Part-time In-Store Assistants (Papa John's Pizza),0,0,0.9998822808265686,0.00011771917343139648,0.7,1,BERT:bert_class_weighted,Class weight
1729,emscad_12789,The Albany Charter School Network is a family of charter schools in the City of Albany that works to prepare children fo,8th Grade Mathematics Teacher,0,0,0.9998452663421631,0.00015473365783691406,0.7,1,BERT:bert_class_weighted,Class weight
1730,emscad_12791,"We, XDuce Corporation are oracle premium partner with focus on SOA, Cloud & Mobile Technologies We are working Directly ",Java / Solution Architect,0,0,0.9992098808288574,0.0007901191711425781,0.7,1,BERT:bert_class_weighted,Class weight
1731,emscad_12794,#URL_e7c9057d5e6f097876436d175031e95669ede4ebaab52b6be0957c837bc98343#,Title Insurance & Settlement Sales: Midwestern Account Executive,0,0,0.9997427463531494,0.00025725364685058594,0.7,1,BERT:bert_class_weighted,Class weight
1732,emscad_12802,Established on the principles that full time education is not for everyone Spectrum Learning is made up of a team of pas,Luxury fragrance consultants needed for Xmas!,0,0,0.9998307228088379,0.00016927719116210938,0.7,1,BERT:bert_class_weighted,Class weight
1733,emscad_12806,"Founded by serial entrepreneur Clive Jackson and launched in 2011, Victor is one of the world’s most trusted names in pr",Lead iOS developer,0,0,0.999741792678833,0.0002582073211669922,0.7,1,BERT:bert_class_weighted,Class weight
1734,emscad_12813,Community Action Partnership of Ramsey & Washington Counties (Community Action) was established in 1964 as a program of ,Legislative Liaison,0,0,0.9998089075088501,0.00019109249114990234,0.7,1,BERT:bert_class_weighted,Class weight
1735,emscad_12821,"Write well designed, testable, efficient code by using best software development practices",Web Developer,0,0,0.9986667633056641,0.0013332366943359375,0.7,1,BERT:bert_class_weighted,Class weight
1736,emscad_12833,"At MAM, we are passionate about changing the culture of the mental health industry. We seek to de-fragment care, utilize",Medical Receptionist/Assistant,0,0,0.9997546672821045,0.0002453327178955078,0.7,1,BERT:bert_class_weighted,Class weight
1737,emscad_12835,"Founded by serial entrepreneur Clive Jackson and launched in 2011, Victor is one of the world’s most trusted names in pr",Junior developer,0,0,0.9997494220733643,0.0002505779266357422,0.7,1,BERT:bert_class_weighted,Class weight
1738,emscad_12856,Position Title: Systems Engineer V,Oracle Siebel CRM Consultant,0,0,0.9978599548339844,0.002140045166015625,0.7,1,BERT:bert_class_weighted,Class weight
1739,emscad_12865,Want to help build an application that is seen by millions each month?,Backend engineer (first hire),0,0,0.9996614456176758,0.00033855438232421875,0.7,1,BERT:bert_class_weighted,Class weight
1740,emscad_12867,"Sendence provides next generation data technology to the financial services industry (broker-dealers, hedge funds and ot",Distributed Messaging Architect,0,0,0.9997546672821045,0.0002453327178955078,0.7,1,BERT:bert_class_weighted,Class weight
1741,emscad_12868,Hawkeye Recruitment provides cost effective recruitment advertising solutions to help you cast the widest net to find th,Porters - Maintenance,0,0,0.9998540878295898,0.00014591217041015625,0.7,1,BERT:bert_class_weighted,Class weight
1742,emscad_12871,Our Mission,Sr. Software Solution Architect,0,0,0.9997726678848267,0.00022733211517333984,0.7,1,BERT:bert_class_weighted,Class weight
1743,emscad_12872,"Meet cove, a network of neighborhood productive spaces with a community defining how to be productive together. We are a",City Marketing Manager,0,0,0.999764084815979,0.0002359151840209961,0.7,1,BERT:bert_class_weighted,Class weight
1744,emscad_12876,"WDM Group is an innovative, forward thinking digital company aimed at bringing business executives up-to-date with the l",Latin America Sales Manager,0,0,0.9998551607131958,0.00014483928680419922,0.7,1,BERT:bert_class_weighted,Class weight
1745,emscad_12889,ConsumerTrack is a technology-centric internet marketing company built on a culture of excellence. We are the preferred ,Ad Operations Specialist,0,0,0.9996163845062256,0.00038361549377441406,0.7,1,BERT:bert_class_weighted,Class weight
1746,emscad_12895,"WDM Group is an innovative, forward thinking digital company aimed at bringing business executives up-to-date with the l",Editorial Director,0,0,0.9998204708099365,0.00017952919006347656,0.7,1,BERT:bert_class_weighted,Class weight
1747,emscad_12902,Qualified Staffing Services That Meet Your Technical Needs,Mechanical Assembler (Draw Works),0,0,0.9997546672821045,0.0002453327178955078,0.7,1,BERT:bert_class_weighted,Class weight
1748,emscad_12904,Need a Web developer,Need a web developer,0,0,0.9974746704101562,0.00252532958984375,0.7,1,BERT:bert_class_weighted,Class weight
1749,emscad_12905,"Location: Harrisburg, PA",Need Filenet consultants,0,0,0.9990243911743164,0.0009756088256835938,0.7,1,BERT:bert_class_weighted,Class weight
1750,emscad_12916,Our client has castings operation with strong secondary machining operation. They need a Machine Maintenance Technician ,Machine Maintenance Technician,0,0,0.999603271484375,0.000396728515625,0.7,1,BERT:bert_class_weighted,Class weight
1751,emscad_12919,"#URL_25e85371e7108e279a4b25d6e965889a44917879b7b587c905714ef30f933cb8# is a young, growing e-commerce company with our e",Service Team Leader,0,0,0.9998494386672974,0.00015056133270263672,0.7,1,BERT:bert_class_weighted,Class weight
1752,emscad_12922,Bluebridge was created by a team of people who are passionate about organizations and the ways that effective technology,Product Marketing,0,0,0.9995532035827637,0.0004467964172363281,0.7,1,BERT:bert_class_weighted,Class weight
1753,emscad_12923,Our History,Driver - Medium Duty (San Diego),0,0,0.9998940229415894,0.00010597705841064453,0.7,1,BERT:bert_class_weighted,Class weight
1754,emscad_12929,"Optimal Business Action was created in 2005 in order to provide high quality, personalized HR services to medium and lar","Head of Operations, Abu Dhabi",0,0,0.9998365640640259,0.0001634359359741211,0.7,1,BERT:bert_class_weighted,Class weight
1755,emscad_12943,Since 1973: Working together to make our community healthy,Central Receptionist,0,0,0.9998858571052551,0.00011414289474487305,0.7,1,BERT:bert_class_weighted,Class weight
1756,emscad_12955,Ready to let your star shine? Discover the career you’ve been dreaming about at AvaStars where...,Co-Superstar (Asst. Store Manager) - Kenwood Towne Centre,0,0,0.9998326301574707,0.00016736984252929688,0.7,1,BERT:bert_class_weighted,Class weight
1757,emscad_12963,The OneReach team is comprised of a diverse group of wonderful people from all walks of life. We’re currently hiring for,Visual Design Intern,0,0,0.9996836185455322,0.00031638145446777344,0.7,1,BERT:bert_class_weighted,Class weight
1758,emscad_12969,Outstanding Member Service Starts With Outstanding People,Mortgage Closer,0,0,0.9997726678848267,0.00022733211517333984,0.7,1,BERT:bert_class_weighted,Class weight
1759,emscad_12973,"R.H. ÁGIL es una empresa dedicada a ofrecer servicios de Recursos Humanos, especializada en las áreas de Asesoría, Admin",Analista de Recursos Humanos,0,0,0.9995317459106445,0.00046825408935546875,0.7,1,BERT:bert_class_weighted,Class weight
1760,emscad_12983,We are looking for a full time Meditech Lab Anaylst to work remotely. This is not a consulting position. This person wil,Meditech Lab LIS Analyst,0,0,0.9996330738067627,0.0003669261932373047,0.7,1,BERT:bert_class_weighted,Class weight
1761,emscad_12986,"As augmented reality jobs go, one at Blippar is hard to beat. We are a rapidly expanding creative startup at the forefro",Flash Developer,0,0,0.999539852142334,0.0004601478576660156,0.7,1,BERT:bert_class_weighted,Class weight
1762,emscad_12996,"Critical Nurse Staffing, Inc. is enrolled with the U.S Department of Labor to provide nursing care to the former defense","Home Health Aide--Grants, NM",0,0,0.999882698059082,0.00011730194091796875,0.7,1,BERT:bert_class_weighted,Class weight
1763,emscad_13002,"Launched in 2010, Lyst is an innovative way to shop for fashion online that’s used by millions every month. Lyst partner",Digital PR Executive,0,0,0.9997546672821045,0.0002453327178955078,0.7,1,BERT:bert_class_weighted,Class weight
1764,emscad_13010,We Provide Full Time Permanent Positions for many medium to large US companies. We are interested in finding/recruiting ,"Security Manager - Linux Oracle CISSP - Minneapolis, MN",0,0,0.9996917247772217,0.0003082752227783203,0.7,1,BERT:bert_class_weighted,Class weight
1765,emscad_13020,"NLCollect is a full-service platform for sports clubs and other organizations handling invoicing, billing, reminding and",Backend Software Engineer,0,0,0.9996685981750488,0.0003314018249511719,0.7,1,BERT:bert_class_weighted,Class weight
1766,emscad_13031,We love the convenience of paying with plastic: swiping a debit or credit card is so much faster and more convenient tha,VP of Engineering,0,0,0.9996464252471924,0.0003535747528076172,0.7,1,BERT:bert_class_weighted,Class weight
1767,emscad_13037,"Places Senior Technology and Data professionals nationwide with a focus on Software Engineering, Big Data, Analytics, Bu",Manager of Process Design and Improvement,0,0,0.9998511075973511,0.00014889240264892578,0.7,1,BERT:bert_class_weighted,Class weight
1768,emscad_13038,LanguageWire is a leading translation company servicing clients from its offices throughout Europe. With a proven track ,Senior Product Marketing Manager,0,0,0.9997284412384033,0.0002715587615966797,0.7,1,BERT:bert_class_weighted,Class weight
1769,emscad_13045,"S2scout, is a Pittsburgh-based talent aquisition firm providing services to small, medium, and large organizations acros",Chief Financial Officer,0,0,0.999887228012085,0.00011277198791503906,0.7,1,BERT:bert_class_weighted,Class weight
1770,emscad_13062,MaxPlayTM is a cross-platform digital publishing company focused on revolutionizing the games as a service market. You p,Senior QA Engineer,0,0,0.9995737075805664,0.00042629241943359375,0.7,1,BERT:bert_class_weighted,Class weight
1771,emscad_13068,The Selectus Group is a customer focused organisation committed to providing high quality services to employees througho,Leasing Consultant,0,0,0.9998650550842285,0.00013494491577148438,0.7,1,BERT:bert_class_weighted,Class weight
1772,emscad_13069,Our Company,Mobile Product Manager,0,0,0.9997091293334961,0.00029087066650390625,0.7,1,BERT:bert_class_weighted,Class weight
1773,emscad_13074,Human capital is usually the biggest asset and expense for a company. Making the right hire – the first time – is critic,Locum Tenens--Medical Director,0,0,0.9998005628585815,0.00019943714141845703,0.7,1,BERT:bert_class_weighted,Class weight
1774,emscad_13079,"Valor Services provides Workforce Solutions that meet the needs of companies across the Private Sector, with a special f",Accounts Payable Clerk,0,0,0.9998902678489685,0.00010973215103149414,0.7,1,BERT:bert_class_weighted,Class weight
1775,emscad_13081,Magmic is a leading developer and publisher of mobile social games and entertainment. We publish a full range of content,Senior Game Designer,0,0,0.999476432800293,0.0005235671997070312,0.7,1,BERT:bert_class_weighted,Class weight
1776,emscad_13085,MUST BE BILINGUAL (English/Spanish) Provide excellent customer service to internal and external customers as well as abl,Bilingual Products and Services Coordinator II,0,0,0.9993686676025391,0.0006313323974609375,0.7,1,BERT:bert_class_weighted,Class weight
1777,emscad_13086,"MedTalent is a modern staffing company that specializes in the placement of physicians, nurses and healthcare profession",Revenue Cycle Manager,0,0,0.9998352527618408,0.0001647472381591797,0.7,1,BERT:bert_class_weighted,Class weight
1778,emscad_13100,"Cylance is a global cybersecurity products and service company, specializeing in advanced threat security that detects a",Product Support Engineer,0,0,0.9996178150177002,0.0003821849822998047,0.7,1,BERT:bert_class_weighted,Class weight
1779,emscad_13114,"Act as the primary, often self-directed, inside liaison between the company and assigned customers, increasing sales by ",Sales Support Representative/ $20hr,0,0,0.9993963241577148,0.0006036758422851562,0.7,1,BERT:bert_class_weighted,Class weight
1780,emscad_13126,"We're an emerging technology agency, and we build breakthrough products through user-centered design. We're building a t",Principal User Researcher,0,0,0.9994263648986816,0.0005736351013183594,0.7,1,BERT:bert_class_weighted,Class weight
1781,emscad_13131,"ClearPoint are masters of software engineering, designing seriously clever solutions for big business and savvy start-up",.Net Developer - New Product to Market,0,0,0.9996969699859619,0.00030303001403808594,0.7,1,BERT:bert_class_weighted,Class weight
1782,emscad_13139,"Aker Solutions is a global provider of products, systems and services to the oil and gas industry. Our engineering, desi",Principal Engineer,1,1,0.0,1.0,0.7,1,BERT:bert_class_weighted,Class weight
1783,emscad_13162,"Although AssistRx was formed in only 2009, we have capitalized on our 30 years of combined experience working within the",Software Development Manager,0,0,0.9997208118438721,0.0002791881561279297,0.7,1,BERT:bert_class_weighted,Class weight
1784,emscad_13169,"Electus believes in long-term relationships with our candidates. We provide a combination of recruiting expertise, data,",PeopleSoft HCM - Project Manager,0,0,0.999759316444397,0.00024068355560302734,0.7,1,BERT:bert_class_weighted,Class weight
1785,emscad_13174,BADR is an established company that is striding in to the world of big-data with formal expertise and the right technolo,Software Engineer,0,0,0.9995801448822021,0.00041985511779785156,0.7,1,BERT:bert_class_weighted,Class weight
1786,emscad_13191,Established on the principles that full time education is not for everyone Spectrum Learning is made up of a team of pas,Liverpool Fragrance/Beauty Promotional staff,0,0,0.9998563528060913,0.0001436471939086914,0.7,1,BERT:bert_class_weighted,Class weight
1787,emscad_13192,"Our vision is to change the way people discover things on the web, and you can view our current prototype here.",Node/Angular Partner,0,0,0.9993858337402344,0.000614166259765625,0.7,1,BERT:bert_class_weighted,Class weight
1788,emscad_13194,"Welcome to interface rehab interface rehab provides comprehensive rehabilitation (Physical, Occupational & Speech Therap",Occupational Therapy Assistant,0,0,0.9997671842575073,0.00023281574249267578,0.7,1,BERT:bert_class_weighted,Class weight
1789,emscad_13203,WHO WE ARE? MILLER & ASSOCIATES IS AN ENTERPRISE SOFTWARE SOLUTIONS COMPANY.,UNIX Administrator,0,0,0.9995224475860596,0.0004775524139404297,0.7,1,BERT:bert_class_weighted,Class weight
1790,emscad_13208,#URL_a507511b34cd03ed64cc7e00a68798e37578ceb5107c9bd6ff2a6b32ed7687da# Pty Ltd is Australia’s fastest growing independen,Office Manager,0,0,0.9995923042297363,0.0004076957702636719,0.7,1,BERT:bert_class_weighted,Class weight
1791,emscad_13214,#URL_74b75fb23d13838a3ff8f0791ac10c0214373b0e1c19fba51b645299f1a93e4f#-#URL_ea402424f393dce30b3d3bde1a0e6ba5dbf6b8238cb1,Online Tutor,0,0,0.9997551441192627,0.0002448558807373047,0.7,1,BERT:bert_class_weighted,Class weight
1792,emscad_13217,"The MarketMaker4 leadership team has extensive experience in e-procurement, online auctions, market intelligence, strate",E-souring Project Manager,0,0,0.9998427629470825,0.00015723705291748047,0.7,1,BERT:bert_class_weighted,Class weight
1793,emscad_13226,"#URL_31fdc354999cbb96507ebbe4e9c4aa7eed5edd0dd1c0816b36e0f4c681f01fac# is a marketplace for Bitcoin, everyone’s favourit","Local support, Compliance and fraud detection",0,0,0.9997029304504395,0.0002970695495605469,0.7,1,BERT:bert_class_weighted,Class weight
1794,emscad_13227,"Hi,",Fulltime opening for Jr Software Developer Opening at Location : New Heaven CT,0,0,0.92864990234375,0.07135009765625,0.7,1,BERT:bert_class_weighted,Class weight
1795,emscad_13228,"Baesman is a nationally-recognized, single-source provider of direct marketing strategy and solutions, including CRM dat",Ink Jet Operator,0,0,0.9997532367706299,0.0002467632293701172,0.7,1,BERT:bert_class_weighted,Class weight
1796,emscad_13230,#URL_c379aa631173ed5b7c345ab3f500a9a053e509138ca70e52c1088e5a784dc8d7# is a modern online travel agency that was founded,Web Designer,0,0,0.9997005462646484,0.0002994537353515625,0.7,1,BERT:bert_class_weighted,Class weight
1797,emscad_13255,Who are We?,Technical Recruiter,0,0,0.9998096227645874,0.00019037723541259766,0.7,1,BERT:bert_class_weighted,Class weight
1798,emscad_13258,United Cerebral Palsy of Oregon & SW Washington (UCP) supports adults with all kinds of developmental disabilities (not ,Community Inclusion Support Specialist,0,0,0.999859094619751,0.00014090538024902344,0.7,1,BERT:bert_class_weighted,Class weight
1799,emscad_13271,Ready to let your star shine? Discover the career you’ve been dreaming about at AvaStars where...,Technology Systems Engineer,0,0,0.9996671676635742,0.00033283233642578125,0.7,1,BERT:bert_class_weighted,Class weight
1800,emscad_13291,Our passion for improving quality of life through geography is at the heart of everything we do. Esri’s geographic infor,"Junior Account Executive - Chicago, IL",0,0,0.9998666048049927,0.00013339519500732422,0.7,1,BERT:bert_class_weighted,Class weight
1801,emscad_13298,"From the lands of Can Do, Roll Our Sleeves Up and Get It Done, we create and solve things previously unimaginable. We’re",Sales Reps (EMEA),0,0,0.9994196891784668,0.0005803108215332031,0.7,1,BERT:bert_class_weighted,Class weight
1802,emscad_13301,Η Play Venture A.Ε. είναι μια νέα εταιρεία στο κλάδο του online Gambling (mobile & web) που επενδύει σε καινοτόμες τεχνο,Software Engineer,0,0,0.99973464012146,0.00026535987854003906,0.7,1,BERT:bert_class_weighted,Class weight
1803,emscad_13324,The Selectus Group is a customer focused organisation committed to providing high quality services to employees througho,"Regional Manager, QLD",0,0,0.9998012781143188,0.00019872188568115234,0.7,1,BERT:bert_class_weighted,Class weight
1804,emscad_13332,"Nubank is an early stage, technology-driven financial services startup funded by Sequoia Capital and Kaszek Ventures. We",Quality Specialist,0,0,0.9996788501739502,0.0003211498260498047,0.7,1,BERT:bert_class_weighted,Class weight
1805,emscad_13334,We Provide Full Time Permanent Positions for many medium to large US companies. We are interested in finding/recruiting ,Manufacturing Engineer,0,0,0.999730110168457,0.00026988983154296875,0.7,1,BERT:bert_class_weighted,Class weight
1806,emscad_13347,"Optimal Business Action was created in 2005 in order to provide high quality, personalized HR services to medium and lar",Food & Beverage Manager (Alexandria - Egypt),0,0,0.9998794794082642,0.00012052059173583984,0.7,1,BERT:bert_class_weighted,Class weight
1807,emscad_13352,"Valor Services provides Workforce Solutions that meet the needs of companies across the Private Sector, with a special f",Senior Accountant,0,0,0.999899685382843,0.00010031461715698242,0.7,1,BERT:bert_class_weighted,Class weight
1808,emscad_13358,"24/7 Networks has all the best IT people in Colorado, except one.",Proposal and Sales Specialist,0,0,0.9998073577880859,0.0001926422119140625,0.7,1,BERT:bert_class_weighted,Class weight
1809,emscad_13359,"From the lands of Can Do, Roll Our Sleeves Up and Get It Done, we create and solve things previously unimaginable. We’re",Senior Sales Executive - West,0,0,0.9996373653411865,0.00036263465881347656,0.7,1,BERT:bert_class_weighted,Class weight
1810,emscad_13395,The Albany Charter School Network is a family of charter schools in the City of Albany that works to prepare children fo,High School Physics/Living Environment Teacher,0,0,0.9998528957366943,0.00014710426330566406,0.7,1,BERT:bert_class_weighted,Class weight
1811,emscad_13397,We are not going to bore you with a long job ad so we will get to the point.,Expert PHP Web Application Developer,0,0,0.998570442199707,0.0014295578002929688,0.7,1,BERT:bert_class_weighted,Class weight
1812,emscad_13408,EROAD was established to modernise New Zealand’s paper-based RUC regime and in 2009 launched the world’s first GPS/cellu,Technical Support Specialist,0,0,0.9998066425323486,0.0001933574676513672,0.7,1,BERT:bert_class_weighted,Class weight
1813,emscad_13418,"Ryanair is Europe’s favourite low fares airline, operating more than 1,600 daily flights (over 500,000 per year) from 69",Team Administrator for IT Department,0,0,0.9998433589935303,0.00015664100646972656,0.7,1,BERT:bert_class_weighted,Class weight
1814,emscad_13420,Ready to let your star shine? Discover the career you’ve been dreaming about at AvaStars where...,Rising Star (3rd Key Holder) - St. Louis Galleria,0,0,0.9998618364334106,0.00013816356658935547,0.7,1,BERT:bert_class_weighted,Class weight
1815,emscad_13440,Talent Response connects flexible professional talent with firms requiring rapid staff augmentation and consulting suppo,Consulting Delivery Leader - Sales Effectiveness,0,0,0.9997580051422119,0.00024199485778808594,0.7,1,BERT:bert_class_weighted,Class weight
1816,emscad_13447,Acknowledgement helps brands and organisations achieve their ambition through digital innovation and digital transformat,Senior Developer,0,0,0.9997941255569458,0.00020587444305419922,0.7,1,BERT:bert_class_weighted,Class weight
1817,emscad_13448,"Cohaesus is a trusted partner to the world's greatest advertising, marketing, communications and creative agencies. By b",PHP Developer,0,0,0.9996416568756104,0.00035834312438964844,0.7,1,BERT:bert_class_weighted,Class weight
1818,emscad_13456,Who are We?,Contracts Associate,0,0,0.9998197555541992,0.00018024444580078125,0.7,1,BERT:bert_class_weighted,Class weight
1819,emscad_13471,PHP (recursive acronym for PHP: Hypertext Preprocessor ) is a widely-used open source general-purpose scripting language,PHP Developer,0,0,0.9984836578369141,0.0015163421630859375,0.7,1,BERT:bert_class_weighted,Class weight
1820,emscad_13485,Key Responsibilities Proactively work with business partners to define and resolve workplace performance challenges and ,Training Administrator,0,0,0.9979057312011719,0.002094268798828125,0.7,1,BERT:bert_class_weighted,Class weight
1821,emscad_13488,"Friend MTS is a leading provider of technology to the media and entertainment industry. Specialising in video security, ","Web Developer, Web Forensics",0,0,0.9994544982910156,0.000545501708984375,0.7,1,BERT:bert_class_weighted,Class weight
1822,emscad_13497,Our mission is to bring the world's best-loved local restaurants into everyone's home or office - fast.,Account Manager,0,0,0.9998736381530762,0.00012636184692382812,0.7,1,BERT:bert_class_weighted,Class weight
1823,emscad_13505,hello world,Chief Operating Officer (COO),0,0,0.9997779130935669,0.00022208690643310547,0.7,1,BERT:bert_class_weighted,Class weight
1824,emscad_13508,AdExtent is proud to provide cutting edge ReTargeting solution to advertisers and agencies. Our team is a made up of a g,Campaign Manager,0,0,0.9997029304504395,0.0002970695495605469,0.7,1,BERT:bert_class_weighted,Class weight
1825,emscad_13509,Established on the principles that full time education is not for everyone Spectrum Learning is made up of a team of pas,West Yorkshire Telesales Executives,0,0,0.9998915195465088,0.00010848045349121094,0.7,1,BERT:bert_class_weighted,Class weight
1826,emscad_13514,EROAD was established to modernise New Zealand’s paper-based RUC regime and in 2009 launched the world’s first GPS/cellu,Stakeholder Manager,0,0,0.9998111724853516,0.0001888275146484375,0.7,1,BERT:bert_class_weighted,Class weight
1827,emscad_13528,"We experiment with new digital products, retail experiences and business models at M&S.com",Head of Engineering,0,0,0.9997131824493408,0.0002868175506591797,0.7,1,BERT:bert_class_weighted,Class weight
1828,emscad_13533,"We're an emerging technology agency, and we build breakthrough products through user-centered design. We're building a t",QA Engineer,0,0,0.9992098808288574,0.0007901191711425781,0.7,1,BERT:bert_class_weighted,Class weight
1829,emscad_13535,"ustwo offers you the opportunity to be yourself, whilst delivering the best work on the planet for some of the biggest a",Personal Assistant to Founders,0,0,0.9996981620788574,0.0003018379211425781,0.7,1,BERT:bert_class_weighted,Class weight
1830,emscad_13537,At HoneyBook we’re re-imagining the events industry and building a product that is already changing the world for some o,Business Operations Analyst,0,0,0.9996893405914307,0.00031065940856933594,0.7,1,BERT:bert_class_weighted,Class weight
1831,emscad_13552,"Meet cove, a network of neighborhood productive spaces with a community defining how to be productive together. We are a","Onsite Host (Alexandria, VA)",0,0,0.9997704029083252,0.0002295970916748047,0.7,1,BERT:bert_class_weighted,Class weight
1832,emscad_13557,47Billion is a Product engineering and Experience design company that delivers state-of-the-art solutions. We provide en,Front End Developer,0,0,0.9995841979980469,0.000415802001953125,0.7,1,BERT:bert_class_weighted,Class weight
1833,emscad_13563,"Maxnet offers Staff Augmentation Solutions for Big Data Analytics in Retail, Healthcare and Regulatory & Compliance.",Project Manager-Conversion/Migration,0,0,0.9997658729553223,0.00023412704467773438,0.7,1,BERT:bert_class_weighted,Class weight
1834,emscad_13568,Maguru helps small businesses get more customers though efficient and fair priced managed online marketing.,Backend Developer,0,0,0.99973464012146,0.00026535987854003906,0.7,1,BERT:bert_class_weighted,Class weight
1835,emscad_13572,Job Title: Sr. Oracle Apps DBA,Sr. Oracle Apps DBA,0,0,0.9993371963500977,0.0006628036499023438,0.7,1,BERT:bert_class_weighted,Class weight
1836,emscad_13589,NFP is a leader in the delivery of benefits solutions for companies of all sizes and in the delivery of life insurance a,Retirement Plan Account Manager - Charlotte,0,0,0.9998118877410889,0.0001881122589111328,0.7,1,BERT:bert_class_weighted,Class weight
1837,emscad_13596,"Our work at HPS is collaborative, centered on a fun, team-oriented environment. It is also extremely challenging. We foc",Winter Associate,0,0,0.9998390674591064,0.0001609325408935547,0.7,1,BERT:bert_class_weighted,Class weight
1838,emscad_13597,Established on the principles that full time education is not for everyone Spectrum Learning is made up of a team of pas,CV10 7QR DGV Apprenticeship available under NAS 18 year olds only!,0,0,0.9998279809951782,0.00017201900482177734,0.7,1,BERT:bert_class_weighted,Class weight
1839,emscad_13605,"Industrial Color Software is a division of Industrial Color Brands, a family of vertically integrated creative productio",Client solutions manager,0,0,0.9997115135192871,0.0002884864807128906,0.7,1,BERT:bert_class_weighted,Class weight
1840,emscad_13617,"Anittel is an ASX listed company providing IT & telecommunications services and solutions, with 17 offices throughout Au",Support Engineer,0,0,0.9997074604034424,0.0002925395965576172,0.7,1,BERT:bert_class_weighted,Class weight
1841,emscad_13628,We’re always looking for highly motivated “founder-types” to join us as we grow. Here’s what you need to know.,Junior DevOps Engineer,0,0,0.9996600151062012,0.0003399848937988281,0.7,1,BERT:bert_class_weighted,Class weight
1842,emscad_13641,We Provide Full Time Permanent Positions for many medium to large US companies. We are interested in finding/recruiting ,Electrical Maintenance Technician,0,0,0.9997434616088867,0.00025653839111328125,0.7,1,BERT:bert_class_weighted,Class weight
1843,emscad_13649,Shape the Future.,Specialist Teacher,0,0,0.9997920989990234,0.0002079010009765625,0.7,1,BERT:bert_class_weighted,Class weight
1844,emscad_13653,MRSI is a nonprofit organization established in 1977 by a group of parents and professionals as a local alternative to t,Direct Support Professional,0,0,0.9998377561569214,0.00016224384307861328,0.7,1,BERT:bert_class_weighted,Class weight
1845,emscad_13655,"We have created the world’s leading lean customer experience platform – its not just us that think that, Gartner does to",Javascript Front-end Engineer,0,0,0.9995923042297363,0.0004076957702636719,0.7,1,BERT:bert_class_weighted,Class weight
1846,emscad_13656,Position: Sr. Developer (ADF),Sr. ADF Developer,0,0,0.9979686737060547,0.0020313262939453125,0.7,1,BERT:bert_class_weighted,Class weight
1847,emscad_13661,"A locally owned, sustainable restaurant group is looking for two reliable delivery drivers to work early mornings three ",Delivery Driver,0,0,0.9997551441192627,0.0002448558807373047,0.7,1,BERT:bert_class_weighted,Class weight
1848,emscad_13669,Brosa is a transformative lifestyle brand with an ambitious objective: to offer designer furniture at accessible price p,Customer Experience Champion (Full-Time),0,0,0.9998446702957153,0.00015532970428466797,0.7,1,BERT:bert_class_weighted,Class weight
1849,emscad_13682,"Project J is an early stage startup that is reimagining eCommerce for women's accessories. Culturally, we're creating a ",Software Engineer,0,0,0.9994816780090332,0.0005183219909667969,0.7,1,BERT:bert_class_weighted,Class weight
1850,emscad_13687,"We provide a fresh perspective to HR and career solutions. Building on solid expertise, international experience, and a ",Oracle Developer,0,0,0.9998197555541992,0.00018024444580078125,0.7,1,BERT:bert_class_weighted,Class weight
1851,emscad_13700,"Squiz is one of the world's leading web solutions companies. We design, build and manage engaging websites and online ap",Marketing Automation Consultant (Presales),0,0,0.9996581077575684,0.0003418922424316406,0.7,1,BERT:bert_class_weighted,Class weight
1852,emscad_13701,G3 Communications is a fast-growing B2B content agency that specializes in custom content creation and demand generation,Senior Account Manager for Content Agency,0,0,0.9996094703674316,0.0003905296325683594,0.7,1,BERT:bert_class_weighted,Class weight
1853,emscad_13710,The story of the Great Chicago Fire of 1871 isn’t really about the fire. It’s about what happened next: A remarkable mom,P/T CONTRACT ActionScript/Flash Developer (Kahoots),0,0,0.9997704029083252,0.0002295970916748047,0.7,1,BERT:bert_class_weighted,Class weight
1854,emscad_13718,Playfair Capital is an early stage technology investment fund based in London.,Financial / Accounting Manager,0,0,0.9997408390045166,0.00025916099548339844,0.7,1,BERT:bert_class_weighted,Class weight
1855,emscad_13721,EROAD was established to modernise New Zealand’s paper-based RUC regime and in 2009 launched the world’s first GPS/cellu,Product Specialist,0,0,0.999794602394104,0.0002053976058959961,0.7,1,BERT:bert_class_weighted,Class weight
1856,emscad_13732,Gata Labs is a Toronto based Platform-as-a-Service (PaaS) company aiming to change the way consumers and business intera,Full Stack Developer,0,0,0.999485969543457,0.0005140304565429688,0.7,1,BERT:bert_class_weighted,Class weight
1857,emscad_13735,We Provide Full Time Permanent Positions for many medium to large US companies. We are interested in finding/recruiting ,Manufacturing Engineer - Aerospace Manufacturing Exp - CA,0,0,0.9997143745422363,0.0002856254577636719,0.7,1,BERT:bert_class_weighted,Class weight
1858,emscad_13746,"Squiz is one of the world's leading web solutions companies. We design, build and manage engaging websites and online ap",Technical Implementer,0,0,0.9995851516723633,0.00041484832763671875,0.7,1,BERT:bert_class_weighted,Class weight
1859,emscad_13755,KatalystFP is a Specialty Finance and Servicing Company that finances small to medium sized companies. KatalystFP offers,Senior Accountant,0,0,0.9998427629470825,0.00015723705291748047,0.7,1,BERT:bert_class_weighted,Class weight
1860,emscad_13757,Why CSD?,Snack Bar Specialist - Part Time,0,0,0.9998161792755127,0.0001838207244873047,0.7,1,BERT:bert_class_weighted,Class weight
1861,emscad_13760,Transifex is a SaaS continuous localization platform powering the process of launching products into multiple languages ,Head of Marketing,0,0,0.9996192455291748,0.0003807544708251953,0.7,1,BERT:bert_class_weighted,Class weight
1862,emscad_13761,"We design, deploy, and maintain advanced technologies that enable our customers to achieve operational excellence at sub",Mainframe Security Engineer,0,0,0.9996011257171631,0.00039887428283691406,0.7,1,BERT:bert_class_weighted,Class weight
1863,emscad_13765,"Babbel enables anyone to learn languages in an easy and interactive way. The learning system offers 13 languages, from E",Display Marketing Manager USA,0,0,0.9998253583908081,0.00017464160919189453,0.7,1,BERT:bert_class_weighted,Class weight
1864,emscad_13766,"Founded by serial entrepreneur Clive Jackson and launched in 2011, Victor is one of the world’s most trusted names in pr",Web and mobile focused designer / UX,0,0,0.9997833967208862,0.00021660327911376953,0.7,1,BERT:bert_class_weighted,Class weight
1865,emscad_13771,"Created in 2010, RoyalCactus has specialized in the development of casual and social games. Since its launch on Facebook",QA Tester,0,0,0.9996018409729004,0.0003981590270996094,0.7,1,BERT:bert_class_weighted,Class weight
1866,emscad_13776,We Provide Full Time Permanent Positions for many medium to large US companies. We are interested in finding/recruiting ,Regional Field Sales Representative,0,0,0.9997351169586182,0.00026488304138183594,0.7,1,BERT:bert_class_weighted,Class weight
1867,emscad_13777,"Flight pricing is highly complex and opaque, so travelers often don't have the information they need to get the best dea",Visual Designer,0,0,0.9996185302734375,0.0003814697265625,0.7,1,BERT:bert_class_weighted,Class weight
1868,emscad_13786,"At Hayes-Corp, we create the fun stuff. With a focus on software development for mobile platforms, we are constantly loo",Product Marketing Assistant,0,0,0.9994673728942871,0.0005326271057128906,0.7,1,BERT:bert_class_weighted,Class weight
1869,emscad_13787,"HealthLink provides a computer communications system that links the information technology systems of more than 10,000 m",Business Analyst,0,0,0.9998639822006226,0.0001360177993774414,0.7,1,BERT:bert_class_weighted,Class weight
1870,emscad_13809,Unify — formerly known as Siemens Enterprise Communications — is a premier communications software and services firms. O,Visual Designer,0,0,0.9995994567871094,0.000400543212890625,0.7,1,BERT:bert_class_weighted,Class weight
1871,emscad_13817,"Founded in 1997, The Missing Link is a premium provider of information technology solutions across applications, infrast",Security Consultant,0,0,0.9997103214263916,0.00028967857360839844,0.7,1,BERT:bert_class_weighted,Class weight
1872,emscad_13831,We are looking for a motivated individual who would like to be a part of our expansion here at Yoobi - London's best-rat,SUSHI CHEF IN LONDON'S BEST RATED JAPANESE RESTAURANT,0,0,0.9997556209564209,0.00024437904357910156,0.7,1,BERT:bert_class_weighted,Class weight
1873,emscad_13850,Want to build a 21st century financial service?,Welcome desk Administrator,0,0,0.9998813271522522,0.00011867284774780273,0.7,1,BERT:bert_class_weighted,Class weight
1874,emscad_13861,We Provide Full Time Permanent Positions for many medium to large US companies. We are interested in finding/recruiting ,Quality Assurance Manager,0,0,0.9997320175170898,0.00026798248291015625,0.7,1,BERT:bert_class_weighted,Class weight
1875,emscad_13867,"We run #URL_34e817f2a402b90fa03423a629596c1d7d48cd15c859b303842003275d56829c# , a SaaS form management solution that hel",Marketing Analyst,0,0,0.9997062683105469,0.000293731689453125,0.7,1,BERT:bert_class_weighted,Class weight
1876,emscad_13870,Established on the principles that full time education is not for everyone Spectrum Learning is made up of a team of pas,DH7 Business Admin Apprenticeship Under NAS 16-24 Year Olds Only Immediate Start,0,0,0.9998211860656738,0.00017881393432617188,0.7,1,BERT:bert_class_weighted,Class weight
1877,emscad_13879,EUROPEAN DYNAMICS (#URL_c66532ffa1ce76ab447da6774719060c42c584edbf44d74cdb94fc4ac219ca45#) is a leading European Softwar,Senior Unix/Linux Production Engineer,0,0,0.9995434284210205,0.0004565715789794922,0.7,1,BERT:bert_class_weighted,Class weight
1878,emscad_13887,"The RealReal is changing the way people buy and sell luxury items. The leader in luxury resale, the company is a full se",Creative Photographer,0,0,0.9996192455291748,0.0003807544708251953,0.7,1,BERT:bert_class_weighted,Class weight
1879,emscad_13894,"LanternCRM crafts software that helps small businesses communicate more effectively. Calls, emails, support tickets, and",Digital/Social Marketing Rockstar,0,0,0.9997860193252563,0.00021398067474365234,0.7,1,BERT:bert_class_weighted,Class weight
1880,emscad_13906,Moosend is expanding its team as we strive to increase our share of the European email marketing market. As a sales mana,Sales Manager - Romania,0,0,0.9996788501739502,0.0003211498260498047,0.7,1,BERT:bert_class_weighted,Class weight
1881,emscad_13913,United Cerebral Palsy of Oregon & SW Washington (UCP) supports adults with all kinds of developmental disabilities (not ,"Personal Assistant (Position 1) for Friendly, Laidback Older Man",0,0,0.9998607635498047,0.0001392364501953125,0.7,1,BERT:bert_class_weighted,Class weight
1882,emscad_13918,EUROPEAN DYNAMICS (#URL_c66532ffa1ce76ab447da6774719060c42c584edbf44d74cdb94fc4ac219ca45#) is a leading European Softwar,Database Architect,0,0,0.9997351169586182,0.00026488304138183594,0.7,1,BERT:bert_class_weighted,Class weight
1883,emscad_13919,NL Group supplies specialist healthcare recruitment and staffing solutions to the NHS and private healthcare providers i,Registered Operating Department Practitioners (RODPs),0,0,0.9999168515205383,8.314847946166992e-05,0.7,1,BERT:bert_class_weighted,Class weight
1884,emscad_13926,Since 1978,Programmatic Media Manager,0,0,0.9998427629470825,0.00015723705291748047,0.7,1,BERT:bert_class_weighted,Class weight
1885,emscad_13928,#URL_c914851eb385d8c6471d602008fc4e84780de02287ca6ee67080b5f24864592f# is a service for thousands of hi-tech companies.,Bookkeeper,0,0,0.9996976852416992,0.00030231475830078125,0.7,1,BERT:bert_class_weighted,Class weight
1886,emscad_13932,Our History,Medium Duty Driver,0,0,0.9998889565467834,0.00011104345321655273,0.7,1,BERT:bert_class_weighted,Class weight
1887,emscad_13933,"With over 30 years of experience in the industry, Mercer Foods has been providing superior quality freeze dried foods an",Production Shift Supervisor,0,0,0.9995408058166504,0.0004591941833496094,0.7,1,BERT:bert_class_weighted,Class weight
1888,emscad_13934,"Valor Services provides Workforce Solutions that meet the needs of companies across the Private Sector, with a special f",Engineering Tech,0,0,0.9998923540115356,0.00010764598846435547,0.7,1,BERT:bert_class_weighted,Class weight
1889,emscad_13940,"Local Projects is a media design firm for museums and public spaces. While innovation drives much of today’s design, we’",Media Producer / Project Manager,0,0,0.9997148513793945,0.00028514862060546875,0.7,1,BERT:bert_class_weighted,Class weight
1890,emscad_13945,"WellAware is an oil field communications and software-as-a-service (SaaS) company based in San Antonio, TX that provides",Network Operations Center Technician,0,0,0.9994525909423828,0.0005474090576171875,0.7,1,BERT:bert_class_weighted,Class weight
1891,emscad_13948,Job Overview,Administrative Assistant,0,0,0.9997782707214355,0.00022172927856445312,0.7,1,BERT:bert_class_weighted,Class weight
1892,emscad_13966,"Focus Lab, LLC is a boutique brand and interactive design company headquartered in the heart of Savannah, Ga. Our client",Team Assistant,0,0,0.9997203350067139,0.0002796649932861328,0.7,1,BERT:bert_class_weighted,Class weight
1893,emscad_13976,MarkaVIP is the leading online fashion destination in the Middle East and North Africa. We build and curate amazing prod,Marketing Director,0,0,0.999591588973999,0.00040841102600097656,0.7,1,BERT:bert_class_weighted,Class weight
1894,emscad_13980,"Critical Nurse Staffing, Inc. is enrolled with the U.S Department of Labor to provide nursing care to the former defense","Home Health CNA--Groveland, ID",0,0,0.9998775720596313,0.00012242794036865234,0.7,1,BERT:bert_class_weighted,Class weight
1895,emscad_13988,Working at FBN,Lead Designer,0,0,0.9997029304504395,0.0002970695495605469,0.7,1,BERT:bert_class_weighted,Class weight
1896,emscad_13991,About The Symicor Group:,"Commercial Banking Relationship Manager Milwaukee, WI",0,0,0.9998849630355835,0.0001150369644165039,0.7,1,BERT:bert_class_weighted,Class weight
1897,emscad_14000,The Boston Consulting Group ( #URL_45423e1e16703aa4d8ee444d3ad69bb51525f1dad0b3115713cf80dc496299e2# ) has launched a ne,Human Centered Designer,0,0,0.9995906352996826,0.0004093647003173828,0.7,1,BERT:bert_class_weighted,Class weight
1898,emscad_14007,"Qualified Social Worker, Plymouth £24ph to £30ph",Qualified Social Worker,0,0,0.9998452663421631,0.00015473365783691406,0.7,1,BERT:bert_class_weighted,Class weight
1899,emscad_14010,"SENIOR BUSINESS MANAGEMENT CONSULTANT, London","SENIOR BUSINESS MANAGEMENT CONSULTANT, London",0,0,0.9996893405914307,0.00031065940856933594,0.7,1,BERT:bert_class_weighted,Class weight
1900,emscad_14021,Who is Ramberg Associates?,Radiologists Australia wide!,0,0,0.9999082684516907,9.173154830932617e-05,0.7,1,BERT:bert_class_weighted,Class weight
1901,emscad_14025,"SpotSource Solutions LLC is a Global Human Capital Management Consulting firm headquartered in Miami, Florida. Founded i",Rancher,0,0,0.9998726844787598,0.00012731552124023438,0.7,1,BERT:bert_class_weighted,Class weight
1902,emscad_14041,"Pricing Recruiters is the leading global resource for the procurement, vetting and placement of qualified, pricing and p",SanDisk - Sr. Staff Marketing Business (Pricing) Analyst,0,0,0.9995381832122803,0.00046181678771972656,0.7,1,BERT:bert_class_weighted,Class weight
1903,emscad_14049,Looking for experienced web developers to turn briliant ideas into great products. If you are interested email us your r,Web Developers,0,0,0.9975185394287109,0.0024814605712890625,0.7,1,BERT:bert_class_weighted,Class weight
1904,emscad_14052,Job Title: CA Clarity Technical Consultant,CA Clarity Technical Consultant,0,0,0.9992237091064453,0.0007762908935546875,0.7,1,BERT:bert_class_weighted,Class weight
1905,emscad_14056,"We are a creative agency for the here, now and next. Our job is to get brands into people’s heads and lives, and stay th",Digital Designer with UX/Mobile Experience,0,0,0.9990801811218262,0.0009198188781738281,0.7,1,BERT:bert_class_weighted,Class weight
1906,emscad_14068,We’re always looking for highly motivated “founder-types” to join us as we grow. Here’s what you need to know.,Graphic Designer,0,0,0.9996633529663086,0.00033664703369140625,0.7,1,BERT:bert_class_weighted,Class weight
1907,emscad_14088,"Established in 2009, InRuntime is a design and development agency specializing in cross platform web and mobile applicat",Senior Developer,0,0,0.9984664916992188,0.00153350830078125,0.7,1,BERT:bert_class_weighted,Class weight
1908,emscad_14098,"As augmented reality jobs go, one at Blippar is hard to beat. We are a rapidly expanding creative startup at the forefro",Project Manager,0,0,0.9995818138122559,0.0004181861877441406,0.7,1,BERT:bert_class_weighted,Class weight
1909,emscad_14111,Interactive Strategies is a boutique digital agency whose strength lies in understanding the complex relationship that e,TECHNICAL ANALYST AND PROJECT MANAGER,0,0,0.9994544982910156,0.000545501708984375,0.7,1,BERT:bert_class_weighted,Class weight
1910,emscad_14112,Job brief,PHP Developer,0,0,0.9977607727050781,0.002239227294921875,0.7,1,BERT:bert_class_weighted,Class weight
1911,emscad_14115,hello world,Ninja Web Engineer,0,0,0.9995243549346924,0.0004756450653076172,0.7,1,BERT:bert_class_weighted,Class weight
1912,emscad_14116,Objective,Intern,0,0,0.998286247253418,0.0017137527465820312,0.7,1,BERT:bert_class_weighted,Class weight
1913,emscad_14130,Greek Villas is a startup running out of Sydney. It will sell Luxury Villas in Greece to clients in Austral-Asia.,css specialist,0,0,0.9995834827423096,0.0004165172576904297,0.7,1,BERT:bert_class_weighted,Class weight
1914,emscad_14133,"Recruitment to Recruitment specialists, covering the UK.",Global Account Executive,0,0,0.9996645450592041,0.00033545494079589844,0.7,1,BERT:bert_class_weighted,Class weight
1915,emscad_14159,WannaYum is a user-centric mobile food-ordering platform that attracts and retains customers through a proprietary embed,Community Outreach Manager - New York City,0,0,0.9998239278793335,0.0001760721206665039,0.7,1,BERT:bert_class_weighted,Class weight
1916,emscad_14162,Massive Media is the social media company behind the successful digital brands #URL_18234f381f5e7b9a9ffdc727cd05c9046edf,Web Designer - Netlog Arabic site (Dubai based),0,0,0.9996929168701172,0.0003070831298828125,0.7,1,BERT:bert_class_weighted,Class weight
1917,emscad_14170,"LHBS is an unconventional strategy firm with office in Berlin, Copenhagen and Vienna. We approach marketing and innovati",Strategy Summer Internship,0,0,0.9997717142105103,0.0002282857894897461,0.7,1,BERT:bert_class_weighted,Class weight
1918,emscad_14182,"Legion Logistics, LLC is a service-disabled veteran owned third-party logistics company. What does that mean in plain En",Inside Sales,0,0,0.9997782707214355,0.00022172927856445312,0.7,1,BERT:bert_class_weighted,Class weight
1919,emscad_14186,“Pride is a personal commitment. It is an attitude which separates excellence from mediocrity. ” – Author Unknown,Salon Operations Manager (of Grooming Salon),0,0,0.9997148513793945,0.00028514862060546875,0.7,1,BERT:bert_class_weighted,Class weight
1920,emscad_14190,We are looking for an experienced data analyst to join our Data Team to help improve and scale up our data driven decisi,Data Analyst (Marketing),0,0,0.9995710849761963,0.00042891502380371094,0.7,1,BERT:bert_class_weighted,Class weight
1921,emscad_14196,Our vision is to be the accountant and financial advisor of choice for medical practitioners across Australia.,Risk Insurance Paraplanner / Administrator,0,0,0.9998219013214111,0.0001780986785888672,0.7,1,BERT:bert_class_weighted,Class weight
1922,emscad_14209,Kettle is an independent digital agency based in New York City and the Bay Area. We’re committed to making digital do mo,Senior Interaction Designer (UX - freelance),0,0,0.9996824264526367,0.00031757354736328125,0.7,1,BERT:bert_class_weighted,Class weight
1923,emscad_14218,"Ixonos is a global design + technology consultancy based out of Finland; With design studios in London, Helsinki, Košice",Senior UX Designer,0,0,0.9995834827423096,0.0004165172576904297,0.7,1,BERT:bert_class_weighted,Class weight
1924,emscad_14224,"Computer St. Louis is an IT solution provider (MSP) that has a wide range of products and services, scaling from the sma",Help Desk Technician/Engineer Tiers I-II $35K-$45K DOE,0,0,0.9998506307601929,0.0001493692398071289,0.7,1,BERT:bert_class_weighted,Class weight
1925,emscad_14226,"EVH is a fashion, lifestyle, design and luxury communications, digital, events and sales agency. With integrity and inte",Junior Publicist,0,0,0.9997565746307373,0.0002434253692626953,0.7,1,BERT:bert_class_weighted,Class weight
1926,emscad_14235,Visual BI is one of the leading and fastest growing firms focusing exclusively on BI & Analytics. Our offerings cover en,SAP BI/HANA Managing Consultant,0,0,0.9996109008789062,0.00038909912109375,0.7,1,BERT:bert_class_weighted,Class weight
1927,emscad_14236,“We believe it’s all about the experience” – Healthy Spot Core Value #2,Marketing and Special Events Manager,0,0,0.9996581077575684,0.0003418922424316406,0.7,1,BERT:bert_class_weighted,Class weight
1928,emscad_14240,Minimum 7 years experience in Java Development .,Java Developer,0,0,0.9972686767578125,0.0027313232421875,0.7,1,BERT:bert_class_weighted,Class weight
1929,emscad_14241,We Provide Full Time Permanent Positions for many medium to large US companies. We are interested in finding/recruiting ,"Business Development Manager - Sales Marketing Exp - Providence, RI",0,0,0.9998147487640381,0.00018525123596191406,0.7,1,BERT:bert_class_weighted,Class weight
1930,emscad_14243,Counter Person for Busy Print Shop:,Customer Service Print Specialist,0,0,0.9997358322143555,0.00026416778564453125,0.7,1,BERT:bert_class_weighted,Class weight
1931,emscad_14248,We Provide Full Time Permanent Positions for many medium to large US companies. We are interested in finding/recruiting ,Application Developer,0,0,0.9995994567871094,0.000400543212890625,0.7,1,BERT:bert_class_weighted,Class weight
1932,emscad_14266,We Provide Full Time Permanent Positions for many medium to large US companies. We are interested in finding/recruiting ,Maintenance Engineer - Troubleshooting MS Office - LA,0,0,0.9996540546417236,0.0003459453582763672,0.7,1,BERT:bert_class_weighted,Class weight
1933,emscad_14288,"Sarbari is a high-growth, investment-backed software company. We provide the restaurant industry with exciting new solut",Operations Specialist,0,0,0.9998183250427246,0.00018167495727539062,0.7,1,BERT:bert_class_weighted,Class weight
1934,emscad_14289,"WillDom is a top notch IT Outsourcing Business Ecosystem, where each member contributes in creating world class value. W",Senior Front End Developer,0,0,0.9998528957366943,0.00014710426330566406,0.7,1,BERT:bert_class_weighted,Class weight
1935,emscad_14290,"Baesman is a nationally-recognized, single-source provider of direct marketing strategy and solutions, including CRM dat",Bindery Supervisor,0,0,0.9997570514678955,0.0002429485321044922,0.7,1,BERT:bert_class_weighted,Class weight
1936,emscad_14296,"Traffic Safety Systems, Innovation & Partnership",IT Security Administrator,0,0,0.9998944401741028,0.0001055598258972168,0.7,1,BERT:bert_class_weighted,Class weight
1937,emscad_14298,Outstanding Member Service Starts With Outstanding People,Operations Support Representative,0,0,0.9997800588607788,0.0002199411392211914,0.7,1,BERT:bert_class_weighted,Class weight
1938,emscad_14302,Filament Labs is building Patient IOTM — a care plan platform.,Sr. Software Engineer at Growing Healthcare IT Startup,0,0,0.9995381832122803,0.00046181678771972656,0.7,1,BERT:bert_class_weighted,Class weight
1939,emscad_14311,"MedTalent is a modern staffing company that specializes in the placement of physicians, nurses and healthcare profession",ER Physician (Full-Time and Part-Time),0,0,0.9998294115066528,0.00017058849334716797,0.7,1,BERT:bert_class_weighted,Class weight
1940,emscad_14315,"Electus believes in long-term relationships with our candidates. We provide a combination of recruiting expertise, data,",Oracle DBA,0,0,0.9989995956420898,0.0010004043579101562,0.7,1,BERT:bert_class_weighted,Class weight
1941,emscad_14326,"The Central California SPCA (CCSPCA), established in 1946 and located in Fresno County, California, is a 501(c)(3) non-p",Veterinary Assistant- Part-time,0,0,0.9998081922531128,0.00019180774688720703,0.7,1,BERT:bert_class_weighted,Class weight
1942,emscad_14332,We want to develope battery operated RFID reader with small actuator or servo motor.,Circuit design and micro controller programmer,0,0,0.999361515045166,0.0006384849548339844,0.7,1,BERT:bert_class_weighted,Class weight
1943,emscad_14338,Pioneering advanced analytics vendor RapidMiner is redefining how business analysts use Big Data to predict the future. ,DevOps Engineer (m/f),0,0,0.9994115829467773,0.0005884170532226562,0.7,1,BERT:bert_class_weighted,Class weight
1944,emscad_14344,ExaVault is merging the old and the new.,UI / UX Lead - Next-Gen Online File Transfer App,0,0,0.9995195865631104,0.00048041343688964844,0.7,1,BERT:bert_class_weighted,Class weight
1945,emscad_14361,Established on the principles that full time education is not for everyone Spectrum Learning is made up of a team of pas,Midlands Level 2 and 3 DGV NVQ Assessors,0,0,0.9998540878295898,0.00014591217041015625,0.7,1,BERT:bert_class_weighted,Class weight
1946,emscad_14363,"The RealReal is changing the way people buy and sell luxury items. The leader in luxury resale, the company is a full se",Sales Operations Manager,0,0,0.9995424747467041,0.00045752525329589844,0.7,1,BERT:bert_class_weighted,Class weight
1947,emscad_14364,"* Produce consistent online marketing material, including graphic designs * Manage promotional material, including tshir",Graphic Designer,0,0,0.967803955078125,0.032196044921875,0.7,1,BERT:bert_class_weighted,Class weight
1948,emscad_14365,"SpotSource Solutions LLC is a Global Human Capital Management Consulting firm headquartered in Miami, Florida. Founded i",Business Development (B2B Sales),0,0,0.9998618364334106,0.00013816356658935547,0.7,1,BERT:bert_class_weighted,Class weight
1949,emscad_14367,"SpotSource Solutions LLC is a Global Human Capital Management Consulting firm headquartered in Miami, Florida. Founded i",Sales,0,0,0.9998650550842285,0.00013494491577148438,0.7,1,BERT:bert_class_weighted,Class weight
1950,emscad_14371,"We believe clients need a business partner who gets their business, gets the uniqueness of their culture and gets their ",Promotions Manager / ABM,0,0,0.9997186660766602,0.00028133392333984375,0.7,1,BERT:bert_class_weighted,Class weight
1951,emscad_14380,United Cerebral Palsy of Oregon & SW Washington (UCP) supports adults with all kinds of developmental disabilities (not ,"Support Specialist, Weekdays",0,0,0.999868631362915,0.00013136863708496094,0.7,1,BERT:bert_class_weighted,Class weight
1952,emscad_14385,"Boxbee is the Storage Valet Service. We are a startup and also a real, revenue generating business. We help people manag",Senior iOS Developer,0,0,0.9995343685150146,0.00046563148498535156,0.7,1,BERT:bert_class_weighted,Class weight
1953,emscad_14387,"Mashape is the largest, most trafficked API marketplace/hub in the world.",Node.js Engineer,0,0,0.9996402263641357,0.0003597736358642578,0.7,1,BERT:bert_class_weighted,Class weight
1954,emscad_14395,"With an exceptional record of over 50% growth in each of the last 5 years, we’ve become the UK’s largest online retailer",Operation Support Developer,0,0,0.9998766183853149,0.0001233816146850586,0.7,1,BERT:bert_class_weighted,Class weight
1955,emscad_14406,Rocket Internet (#URL_897a3a39ab8d3256c56823330df3f9a4bd9794a21ecfdc3a8a3a9bd526e4a708#-#URL_f8f5880b6a5c77d11fc9c45442f,Senior System Administrator,0,0,0.9997508525848389,0.0002491474151611328,0.7,1,BERT:bert_class_weighted,Class weight
1956,emscad_14409,EROAD was established to modernise New Zealand’s paper-based RUC regime and in 2009 launched the world’s first GPS/cellu,Graduate Opportunity: Java Developer,0,0,0.9997332096099854,0.00026679039001464844,0.7,1,BERT:bert_class_weighted,Class weight
1957,emscad_14415,"Populist Cleaning Co. is an independently owned, full-service commercial cleaning company. Populist has been providing j",Part Time Cleaner- Chelsea/Dexter,0,0,0.9998396635055542,0.00016033649444580078,0.7,1,BERT:bert_class_weighted,Class weight
1958,emscad_14428,POSist is a completely cloud based POS for Restaurant industry.. It helps a standalone food outlet to a large food chain,Area Sales Manager - Hyderabad,0,0,0.999748706817627,0.0002512931823730469,0.7,1,BERT:bert_class_weighted,Class weight
1959,emscad_14431,"Based in Hoxton, London, Forward Partners are a “startup catalyst”, combining investment with practical hands-on experti",Internship at Health and Wellness Startup - BABY2BODY,0,0,0.9997119903564453,0.0002880096435546875,0.7,1,BERT:bert_class_weighted,Class weight
1960,emscad_14434,"Critical Nurse Staffing, Inc. is enrolled with the U.S Department of Labor to provide nursing care to the former defense","Home Health RN--Beaver, UT",0,0,0.9998876452445984,0.00011235475540161133,0.7,1,BERT:bert_class_weighted,Class weight
1961,emscad_14447,"Founded in 2010 by a team from Google’s London and New York offices, Qubit work with some of the biggest names in Online",Senior Big Data Engineer,0,0,0.999779224395752,0.00022077560424804688,0.7,1,BERT:bert_class_weighted,Class weight
1962,emscad_14457,"Critical Nurse Staffing, Inc. is enrolled with the U.S Department of Labor to provide nursing care to the former defense","Home Health RN--Battle Mountain, NV",0,0,0.9998940229415894,0.00010597705841064453,0.7,1,BERT:bert_class_weighted,Class weight
1963,emscad_14470,"Critical Nurse Staffing, Inc. is enrolled with the U.S Department of Labor to provide nursing care to the former defense","Home Health RN--Show Low, AZ",0,0,0.9998858571052551,0.00011414289474487305,0.7,1,BERT:bert_class_weighted,Class weight
1964,emscad_14471,"My client: SABRE HOLDINGS, Southlake TX",Java Developer,0,0,0.9984331130981445,0.0015668869018554688,0.7,1,BERT:bert_class_weighted,Class weight
1965,emscad_14472,Solar electricity is the way of the future! We are focused on bringing solar to homeowners in a simple solution with no ,Area Manager,0,0,0.9997272491455078,0.0002727508544921875,0.7,1,BERT:bert_class_weighted,Class weight
1966,emscad_14477,Ensight is an international energy design and implementation practice specialising in sophisticated whole-of-business en,HR Generalist,0,0,0.999713659286499,0.00028634071350097656,0.7,1,BERT:bert_class_weighted,Class weight
1967,emscad_14481,"At SwiftStack, we build the cloud storage software that is used by some of the most well known brands on the Internet, i",Storage Product Manager,0,0,0.9995343685150146,0.00046563148498535156,0.7,1,BERT:bert_class_weighted,Class weight
1968,emscad_14482,"Our mission with Appear Here is to help people make their ideas travel, by giving them access to their own store in citi",Account Manager,0,0,0.9997477531433105,0.0002522468566894531,0.7,1,BERT:bert_class_weighted,Class weight
1969,emscad_14483,airfy prägt sicheres und einfach zu bedienendes Kunden WLAN für Unternehmen. Werde Teil eines stetig wachsenden Unterneh,Web Developer Backend (m/f),0,0,0.9995574951171875,0.0004425048828125,0.7,1,BERT:bert_class_weighted,Class weight
1970,emscad_14503,"Optimal Business Action was created in 2005 in order to provide high quality, personalized HR services to medium and lar",CRA III,0,0,0.9997949600219727,0.00020503997802734375,0.7,1,BERT:bert_class_weighted,Class weight
1971,emscad_14513,"S2scout, is a Pittsburgh-based talent aquisition firm providing services to small, medium, and large organizations acros",Senior Supplier Quality Assurance Engineer,0,0,0.9998226165771484,0.0001773834228515625,0.7,1,BERT:bert_class_weighted,Class weight
1972,emscad_14514,hello world,Product Manager Cloud Product (m/w),0,0,0.9997439384460449,0.0002560615539550781,0.7,1,BERT:bert_class_weighted,Class weight
1973,emscad_14516,MediaMonks is the biggest creative digital production company on the planet . We specialize in working for and with adve,Intern Business/Producer team,0,0,0.9996862411499023,0.00031375885009765625,0.7,1,BERT:bert_class_weighted,Class weight
1974,emscad_14517,"Riverside is an internationally recognized engineering, science, and information technology company with more than 25 ye",Fisheries Biologist (Plankton Unit - Decapod),0,0,0.9997988939285278,0.00020110607147216797,0.7,1,BERT:bert_class_weighted,Class weight
1975,emscad_14519,RhodeCode provides the leading source code management solution for enterprises. We are powering the world`s largest orga,Senior Frontend Developer (Javascript),0,0,0.9993267059326172,0.0006732940673828125,0.7,1,BERT:bert_class_weighted,Class weight
1976,emscad_14524,The front door to most businesses is online. Connectivity allows business owners know every first impression. We are pas,Lead Analyst,0,0,0.9996500015258789,0.00034999847412109375,0.7,1,BERT:bert_class_weighted,Class weight
1977,emscad_14528,The Beans Group is a media company that exists to empower young people to thrive. We have been on an exponential growth ,Writer,0,0,0.9995160102844238,0.0004839897155761719,0.7,1,BERT:bert_class_weighted,Class weight
1978,emscad_14529,Since 1973: Working together to make our community healthy,AMHS Counsellor,0,0,0.9998506307601929,0.0001493692398071289,0.7,1,BERT:bert_class_weighted,Class weight
1979,emscad_14538,Virteva delivers managed IT services and project-based consulting services that optimize our customer’s IT infrastructur,Service Desk Analyst Intern,0,0,0.9996769428253174,0.0003230571746826172,0.7,1,BERT:bert_class_weighted,Class weight
1980,emscad_14541,"S2scout, is a Pittsburgh-based talent aquisition firm providing services to small, medium, and large organizations acros",Full Stack Web Developer,0,0,0.9997988939285278,0.00020110607147216797,0.7,1,BERT:bert_class_weighted,Class weight
1981,emscad_14548,"At Atlas Lift Tech, safety always comes first! We are a fast growing company with an innovative vision of making Safe Pa",EMTs (Lift Coaches),0,0,0.9998103380203247,0.00018966197967529297,0.7,1,BERT:bert_class_weighted,Class weight
1982,emscad_14549,Position: Java Developer,Java Developer,0,0,0.9994287490844727,0.0005712509155273438,0.7,1,BERT:bert_class_weighted,Class weight
1983,emscad_14552,"Change Automotive Recruitment was established in 1993, with the aim of supplying quality, talented individuals into the ",Experienced Sales Administrator,0,0,0.9998494386672974,0.00015056133270263672,0.7,1,BERT:bert_class_weighted,Class weight
1984,emscad_14580,"The idea behind Zingle was conceived by its founder, Ford Blakely. He was tired of waiting in long lines every morning a",Sales Development Representative,0,0,0.9995670318603516,0.0004329681396484375,0.7,1,BERT:bert_class_weighted,Class weight
1985,emscad_14583,"Proficio Mortgage is a rapidly growing mortgage lender that cares about both our clients, and our team members. Proficio",Mortgage Loan Coordinator,0,0,0.9995801448822021,0.00041985511779785156,0.7,1,BERT:bert_class_weighted,Class weight
1986,emscad_14590,"We're Food52, and we've created a groundbreaking and award-winning cooking site. We support, connect, and celebrate home",Senior Graphic Designer,0,0,0.9998204708099365,0.00017952919006347656,0.7,1,BERT:bert_class_weighted,Class weight
1987,emscad_14597,Visual BI is one of the leading and fastest growing firms focusing exclusively on BI & Analytics. Our offerings cover en,Flex Sr. Developer,0,0,0.9994897842407227,0.0005102157592773438,0.7,1,BERT:bert_class_weighted,Class weight
1988,emscad_14598,We Provide Full Time Permanent Positions for many medium to large US companies. We are interested in finding/recruiting ,Quality Assurance Engineer,0,0,0.9996800422668457,0.0003199577331542969,0.7,1,BERT:bert_class_weighted,Class weight
1989,emscad_14601,MERL's internship program gives students excellent opportunities to work in an industrial research lab environment side-,Deep learning for semantic scene labeling,0,0,0.9996843338012695,0.00031566619873046875,0.7,1,BERT:bert_class_weighted,Class weight
1990,emscad_14610,"Daily Secret is one of the fastest growing digital media brand for premium audiences around the world, serving 1.8 milli",Copy Editor,0,0,0.9997795820236206,0.00022041797637939453,0.7,1,BERT:bert_class_weighted,Class weight
1991,emscad_14624,"Tidewater Finance Co. was established in 1992 for the initial purpose of purchasing, and servicing retail installment co",Marketing Representative,0,0,0.9997463226318359,0.0002536773681640625,0.7,1,BERT:bert_class_weighted,Class weight
1992,emscad_14628,About the Company We are ticketscript - the European market leaders in digital self-ticketing. Whether it’s massive danc,Senior Sales Manager Belgium,0,0,0.9997787475585938,0.00022125244140625,0.7,1,BERT:bert_class_weighted,Class weight
1993,emscad_14637,"From the lands of Can Do, Roll Our Sleeves Up and Get It Done, we create and solve things previously unimaginable. We’re",Senior Sales Executive - Central,0,0,0.9996337890625,0.0003662109375,0.7,1,BERT:bert_class_weighted,Class weight
1994,emscad_14644,"ClarusApex is an international recruiting company with representations in the Netherlands, Austria, Ukraine, Cyprus and ",Psychiatric Nurse from Europe (Relocation to England),0,0,0.9997636079788208,0.00023639202117919922,0.7,1,BERT:bert_class_weighted,Class weight
1995,emscad_14650,"From the lands of Can Do, Roll Our Sleeves Up and Get It Done, we create and solve things previously unimaginable. We’re",Senior Sales Executive - Boston,0,0,0.9996750354766846,0.0003249645233154297,0.7,1,BERT:bert_class_weighted,Class weight
1996,emscad_14658,"Logika is a 4th party logistics services company, surpassing the firm’s context and aiming to offer innovative solutions",HR Generalist,0,0,0.9996693134307861,0.0003306865692138672,0.7,1,BERT:bert_class_weighted,Class weight
1997,emscad_14662,"Shapeways is the leading 3D printing marketplace and community, empowering designers to bring amazing products to life. ",Customer Service Agent,0,0,0.9997621774673462,0.0002378225326538086,0.7,1,BERT:bert_class_weighted,Class weight
1998,emscad_14665,MERL's internship program gives students excellent opportunities to work in an industrial research lab environment side-,Deep learning for scene understanding,0,0,0.9996252059936523,0.00037479400634765625,0.7,1,BERT:bert_class_weighted,Class weight
1999,emscad_14668,"Riverside is an internationally recognized engineering, science, and information technology company with more than 25 ye",Senior Engineer - Water Resources Management,0,0,0.9998511075973511,0.00014889240264892578,0.7,1,BERT:bert_class_weighted,Class weight
2000,emscad_14675,"We are a startup digital agency that is “helping companies make money online” by specializing in AdWords, Analytics and ",Frontend Web Developer,0,0,0.9993371963500977,0.0006628036499023438,0.7,1,BERT:bert_class_weighted,Class weight
2001,emscad_14697,We Provide Full Time Permanent Positions for many medium to large US companies. We are interested in finding/recruiting ,"Sr. Android Software Engineer - Agile SCRUM ARM - Fairfax, VA",0,0,0.9994640350341797,0.0005359649658203125,0.7,1,BERT:bert_class_weighted,Class weight
2002,emscad_14708,Positive upbeat atmosphere,Great at selling ?,0,0,0.9998066425323486,0.0001933574676513672,0.7,1,BERT:bert_class_weighted,Class weight
2003,emscad_14712,What we are doing:,Full Stack Developer (Mid Level),0,0,0.9997876882553101,0.0002123117446899414,0.7,1,BERT:bert_class_weighted,Class weight
2004,emscad_14713,We Provide Full Time Permanent Positions for many medium to large US companies. We are interested in finding/recruiting ,Food Quality,0,0,0.9997589588165283,0.0002410411834716797,0.7,1,BERT:bert_class_weighted,Class weight
2005,emscad_14716,About the Company We are ticketscript - the European market leaders in digital self-ticketing. Whether it’s massive danc,Finance Analyst,0,0,0.9997900724411011,0.00020992755889892578,0.7,1,BERT:bert_class_weighted,Class weight
2006,emscad_14718,"Valor Services provides Workforce Solutions that meet the needs of companies across the Private Sector, with a special f",Inventory Control Specialist,0,0,0.9998948574066162,0.00010514259338378906,0.7,1,BERT:bert_class_weighted,Class weight
2007,emscad_14719,"Shapeways is the leading 3D printing marketplace and community, empowering designers to bring amazing products to life. ","Vendor Operations Manager, Supply Chain",0,0,0.9998059272766113,0.00019407272338867188,0.7,1,BERT:bert_class_weighted,Class weight
2008,emscad_14724,Hawkeye Recruitment provides cost effective recruitment advertising solutions to help you cast the widest net to find th,Construction Workers,0,0,0.9998534917831421,0.00014650821685791016,0.7,1,BERT:bert_class_weighted,Class weight
2009,emscad_14738,We Provide Full Time Permanent Positions for many medium to large US companies. We are interested in finding/recruiting ,Wireless Routers Firmware Director - Embedded Linux GPS- Vancouver,0,0,0.9996230602264404,0.0003769397735595703,0.7,1,BERT:bert_class_weighted,Class weight
2010,emscad_14748,ConsumerTrack is a technology-centric internet marketing company built on a culture of excellence. We are the preferred ,Front-End Developer,0,0,0.999596357345581,0.0004036426544189453,0.7,1,BERT:bert_class_weighted,Class weight
2011,emscad_14753,ConsumerTrack is a technology-centric internet marketing company built on a culture of excellence. We are the preferred ,Strategic Partnerships Manager - Digital Media,0,0,0.9996993541717529,0.0003006458282470703,0.7,1,BERT:bert_class_weighted,Class weight
2012,emscad_14758,"At Atlas Lift Tech, safety always comes first! We are a fast growing company with an innovative vision of making Safe Pa",EMTs (Lift Coaches) Palm Springs,0,0,0.9998147487640381,0.00018525123596191406,0.7,1,BERT:bert_class_weighted,Class weight
2013,emscad_14761,Contentful ( #URL_0252efddcbc4b8f51969fca7b054595976ea4678fd880b3653151e618d447b33# ) is an API-first content management,Support Engineer,0,0,0.9993548393249512,0.0006451606750488281,0.7,1,BERT:bert_class_weighted,Class weight
2014,emscad_14764,Take Out Brands is a food franchise business with a #URL_4524df5c91ce800c4ba16ef1406d622db7d51d37105a7fcee27521e61854615,Finance & Administration Manager (CIMA),0,0,0.9998666048049927,0.00013339519500732422,0.7,1,BERT:bert_class_weighted,Class weight
2015,emscad_14771,"ABC Supply Co., Inc. is the nation’s largest wholesale distributor of roofing and one of the largest distributors of sid",Outside Sales Professional-Kenosha,0,0,0.999859094619751,0.00014090538024902344,0.7,1,BERT:bert_class_weighted,Class weight
2016,emscad_14775,Visual BI is one of the leading and fastest growing firms focusing exclusively on BI & Analytics. Our offerings cover en,Freshers 2015,0,0,0.9995026588439941,0.0004973411560058594,0.7,1,BERT:bert_class_weighted,Class weight
2017,emscad_14781,We’re always looking for highly motivated “founder-types” to join us as we grow. Here’s what you need to know.,PR Director,0,0,0.9996132850646973,0.0003867149353027344,0.7,1,BERT:bert_class_weighted,Class weight
2018,emscad_14791,"At Hayes-Corp, we create the fun stuff. With a focus on software development for mobile platforms, we are constantly loo","Research Assistant (Digital, SaaS, Internet, Mobile)",0,0,0.9996373653411865,0.00036263465881347656,0.7,1,BERT:bert_class_weighted,Class weight
2019,emscad_14809,"Summary/Purpose This position is responsible for the development, design and implementation of controls systems for cust",Senior Controls Engineer,0,0,0.86376953125,0.13623046875,0.7,1,BERT:bert_class_weighted,Class weight
2020,emscad_14816,"Social Asylum is a new startup located in San Diego, we creating a platform for application development that can be repl",Web App Developer,0,0,0.9988861083984375,0.0011138916015625,0.7,1,BERT:bert_class_weighted,Class weight
2021,emscad_14825,"At Cedexis, we’re passionate about solutions for a faster web and we need people to bring our message to the world.",Lead QA Engineer,0,0,0.9996929168701172,0.0003070831298828125,0.7,1,BERT:bert_class_weighted,Class weight
2022,emscad_14831,"Electus believes in long-term relationships with our candidates. We provide a combination of recruiting expertise, data,",Admissions Counselor (Denver Metro),0,0,0.9998081922531128,0.00019180774688720703,0.7,1,BERT:bert_class_weighted,Class weight
2023,emscad_14834,Our client is seeking a Support Technician to join our Client Services team. This role offers the chance to work in a co,Support Technician,0,0,0.999476432800293,0.0005235671997070312,0.7,1,BERT:bert_class_weighted,Class weight
2024,emscad_14839,"Fleetio is improving the way companies manage vehicle-based operations. We're a fast-growing, profitable SaaS company wi",Senior Front-End Software Engineer,0,0,0.9995453357696533,0.0004546642303466797,0.7,1,BERT:bert_class_weighted,Class weight
2025,emscad_14858,"This is a part-time, paid position which can be done partially virtually. We’re looking for a social media intern to hel",Social Media Intern,0,0,0.998805046081543,0.0011949539184570312,0.7,1,BERT:bert_class_weighted,Class weight
2026,emscad_14869,Working at FBN,Application Software Engineer,0,0,0.9997224807739258,0.00027751922607421875,0.7,1,BERT:bert_class_weighted,Class weight
2027,emscad_14870,"NOTE: Eugene, OR location preference, but remote work from anywhere in US is fine",PHP/JavaScript Web Developer for full time telecommute growing a SaaS app,0,0,0.9990262985229492,0.0009737014770507812,0.7,1,BERT:bert_class_weighted,Class weight
2028,emscad_14873,"Namely is the leading end-to-end HR and payroll platform for growing companies. Offerings include human payroll, benefit",Controller,0,0,0.9998294115066528,0.00017058849334716797,0.7,1,BERT:bert_class_weighted,Class weight
2029,emscad_14882,"Valor Services provides Workforce Solutions that meet the needs of companies across the Private Sector, with a special f",Water Truck Driver,0,0,0.9998775720596313,0.00012242794036865234,0.7,1,BERT:bert_class_weighted,Class weight
2030,emscad_14883,"CloudSymphony is a leading European Salesforce Consulting Partner. Over the past two years, CloudSymphony has built an e",Salesforce Developer,0,0,0.9997522830963135,0.00024771690368652344,0.7,1,BERT:bert_class_weighted,Class weight
2031,emscad_14899,"Founded at the beginning of 2013, the startup #URL_1126a42ca4e3346cc3e1a08fbb8e4c3f867169c63a14fc3710ba1f37c6c0e928# is ",Fullstack Django Developer,0,0,0.9996685981750488,0.0003314018249511719,0.7,1,BERT:bert_class_weighted,Class weight
2032,emscad_14913,Want to build a 21st century financial service?,Front-End Developer (AngularJS),0,0,0.9997937679290771,0.00020623207092285156,0.7,1,BERT:bert_class_weighted,Class weight
2033,emscad_14919,ConsumerTrack is a technology-centric internet marketing company built on a culture of excellence. We are the preferred ,Media Director,0,0,0.9996652603149414,0.00033473968505859375,0.7,1,BERT:bert_class_weighted,Class weight
2034,emscad_14923,Positionly Inc. is a company that provides the highest quality SEO software for 2000+ companies worldwide. Our product o,Internet Marketing Manager/Internet Marketing Specialist [paid campaigns],0,0,0.9996671676635742,0.00033283233642578125,0.7,1,BERT:bert_class_weighted,Class weight
2035,emscad_14924,We Provide Full Time Permanent Positions for many medium to large US companies. We are interested in finding/recruiting ,"Cognos Data Engineer - Cognos BI IBM BPM PPBE - Baltimore, MD",0,0,0.9998204708099365,0.00017952919006347656,0.7,1,BERT:bert_class_weighted,Class weight
2036,emscad_14933,"PINT is a leader in the web industry with 20 years of web design, software development and consulting experience. PINT's","Web Developer, HTML | CSS | JavaScript",0,0,0.9989995956420898,0.0010004043579101562,0.7,1,BERT:bert_class_weighted,Class weight
2037,emscad_14946,"Even though we’ve been industry leaders for years, we’ve never lost sight of our primary goal: to serve and protect our ","Life Insurance Agent - Raleigh, NC",0,0,0.9998246431350708,0.00017535686492919922,0.7,1,BERT:bert_class_weighted,Class weight
2038,emscad_14958,incrediblue is busting the myth that boating is only for the rich and famous by enabling any traveller to book an amazin,Sales Manager,0,0,0.9998785257339478,0.0001214742660522461,0.7,1,BERT:bert_class_weighted,Class weight
2039,emscad_14986,"Founded in 2010 by a team from Google’s London and New York offices, Qubit work with some of the biggest names in Online",Junior Freelance Designer,0,0,0.9997631311416626,0.00023686885833740234,0.7,1,BERT:bert_class_weighted,Class weight
2040,emscad_14989,NOW: Pensions is a UK based multi-employer trust serving thousands of employers and hundreds of thousands of employees f,Case Handler,0,0,0.9998670816421509,0.0001329183578491211,0.7,1,BERT:bert_class_weighted,Class weight
2041,emscad_15000,"We enable companies of all sizes to discover the power of design-driven product development. That’s why designers, produ",Senior Full-Stack Developer,0,0,0.999570369720459,0.0004296302795410156,0.7,1,BERT:bert_class_weighted,Class weight
2042,emscad_15001,Virteva delivers managed IT services and project-based consulting services that optimize our customer’s IT infrastructur,Marketing Manager,0,0,0.9997498989105225,0.00025010108947753906,0.7,1,BERT:bert_class_weighted,Class weight
2043,emscad_15015,Welcome to our Careers section. Please review the positions we are currently hiring for and apply to the ones that inter,"Sr. Web Application Engineer for Javascript, HTML and CSS with 1 to 5 yrs experience",0,0,0.9997494220733643,0.0002505779266357422,0.7,1,BERT:bert_class_weighted,Class weight
2044,emscad_15017,"Babbel enables anyone to learn languages in an easy and interactive way. The learning system offers 13 languages, from E",Senior Recruiter,0,0,0.9998377561569214,0.00016224384307861328,0.7,1,BERT:bert_class_weighted,Class weight
2045,emscad_15020,We Provide Full Time Permanent Positions for many medium to large US companies. We are interested in finding/recruiting ,Process Engineer - Troubleshooting Production Exp - LA,0,0,0.9998183250427246,0.00018167495727539062,0.7,1,BERT:bert_class_weighted,Class weight
2046,emscad_15023,"Founded in 2010 by a team from Google’s London and New York offices, Qubit work with some of the biggest names in Online",Partnerships Account Manager,0,0,0.9997607469558716,0.00023925304412841797,0.7,1,BERT:bert_class_weighted,Class weight
2047,emscad_15024,Kitchen Porter required for London's best-rated sushi restaurant.,Kitchen Porter - Top Rated Restaurant,0,0,0.9998346567153931,0.0001653432846069336,0.7,1,BERT:bert_class_weighted,Class weight
2048,emscad_15040,Want to build a 21st century financial service?,Front-End Developer Viral Growth,0,0,0.9997621774673462,0.0002378225326538086,0.7,1,BERT:bert_class_weighted,Class weight
2049,emscad_15042,"Advocate Construction is an up and coming leader in the disaster recovery industry, In early 2012, Advocate was founded ",Entry Level Sales and Marketing Rep - South Chicago and Indiana Area,0,0,0.9999064803123474,9.351968765258789e-05,0.7,1,BERT:bert_class_weighted,Class weight
2050,emscad_15047,The smarter way to invest,"Full Stack Senior Developer - Java Web App, Javascript",0,0,0.999739408493042,0.0002605915069580078,0.7,1,BERT:bert_class_weighted,Class weight
2051,emscad_15076,"Wiredrive is a fast growing, privately-owned SaaS company with headquarters in Marina del Rey and offices in New York Ci",Director of Product,0,0,0.9997272491455078,0.0002727508544921875,0.7,1,BERT:bert_class_weighted,Class weight
2052,emscad_15082,Bluebridge was created by a team of people who are passionate about organizations and the ways that effective technology,Demand Generation Lead,0,0,0.999596357345581,0.0004036426544189453,0.7,1,BERT:bert_class_weighted,Class weight
2053,emscad_15096,Smarter Good is an innovative global services firm for social sector organizations - a for-profit company with a strong ,Writing & Research Specialist for Social Enterprises,0,0,0.9996592998504639,0.0003407001495361328,0.7,1,BERT:bert_class_weighted,Class weight
2054,emscad_15099,"Valor Services provides Workforce Solutions that meet the needs of companies across the Private Sector, with a special f",Executive Assistant,0,0,0.9998655319213867,0.00013446807861328125,0.7,1,BERT:bert_class_weighted,Class weight
2055,emscad_15127,Workable is a venture-backed startup making cloud-based recruitment software for fast-growing companies around the world,Office Manager,0,0,0.9996922016143799,0.0003077983856201172,0.7,1,BERT:bert_class_weighted,Class weight
2056,emscad_15128,"Ryanair is Europe’s favourite low fares airline, operating more than 1,600 daily flights (over 500,000 per year) from 69",Site Analytics Executive,0,0,0.9998517036437988,0.00014829635620117188,0.7,1,BERT:bert_class_weighted,Class weight
2057,emscad_15130,Job Title: Sr. Network Engineer,Sr. Network Engineer,0,0,0.9976310729980469,0.002368927001953125,0.7,1,BERT:bert_class_weighted,Class weight
2058,emscad_15134,Job Title: Compass Web Developer,Compass Web Developer,0,0,0.9992971420288086,0.0007028579711914062,0.7,1,BERT:bert_class_weighted,Class weight
2059,emscad_15138,Inc42 is a technology focused media portal with extensive focus on innovation and creating value. In the past 6 months I,UI/UX Designer and Front-end Developer,0,0,0.9993748664855957,0.0006251335144042969,0.7,1,BERT:bert_class_weighted,Class weight
2060,emscad_15177,Mutatio delivers Business Intelligence and Customer Relationship Management solutions for government. Everyone here is r,SAS Data Management Technical Lead,0,0,0.9997305870056152,0.0002694129943847656,0.7,1,BERT:bert_class_weighted,Class weight
2061,emscad_15195,Millionaires In Training Recruiting Group specializes in placing qualified job seekers in the most successful direct sal,Sales Representative,0,0,0.9997053146362305,0.00029468536376953125,0.7,1,BERT:bert_class_weighted,Class weight
2062,emscad_15211,"Advocate Construction is an up and coming leader in the disaster recovery industry, In early 2012, Advocate was founded ",Construction Management - Chicagoland Area,0,0,0.9998919367790222,0.0001080632209777832,0.7,1,BERT:bert_class_weighted,Class weight
2063,emscad_15214,"SpotSource Solutions LLC is a Global Human Capital Management Consulting firm headquartered in Miami, Florida. Founded i",Sales - Account Executive,0,0,0.999858021736145,0.00014197826385498047,0.7,1,BERT:bert_class_weighted,Class weight
2064,emscad_15218,"Space Ape Games is an Award Winning Mobile/Social Gaming startup founded in 2012. We’re a small, high-performing team wi",Backend Engineer,0,0,0.999211311340332,0.0007886886596679688,0.7,1,BERT:bert_class_weighted,Class weight
2065,emscad_15225,GrowthRocks is looking for a rockstar Growth Engineer!,Growth Engineer,0,0,0.9994354248046875,0.0005645751953125,0.7,1,BERT:bert_class_weighted,Class weight
2066,emscad_15239,Position: Graphite Expert,Graphite Expert (Remote Position),1,0,0.9996395111083984,0.0003604888916015625,0.7,0,BERT:bert_class_weighted,Class weight
2067,emscad_15248,BADR is an established company that is striding in to the world of big-data with formal expertise and the right technolo,Product Manager,0,0,0.999518871307373,0.0004811286926269531,0.7,1,BERT:bert_class_weighted,Class weight
2068,emscad_15257,Axonix is a global mobile advertising technology company that's powered by a platform with a 4 year history of leading t,Java Software Developer,0,0,0.9996824264526367,0.00031757354736328125,0.7,1,BERT:bert_class_weighted,Class weight
2069,emscad_15262,Want to transform finance?,Senior Software Engineer (Bitcoin!),0,0,0.9998352527618408,0.0001647472381591797,0.7,1,BERT:bert_class_weighted,Class weight
2070,emscad_15263,ding* is the world’s largest top-up provider. Created to help people working abroad to support and keep in touch with lo,Infrastructure Core Systems Engineer,0,0,0.9998219013214111,0.0001780986785888672,0.7,1,BERT:bert_class_weighted,Class weight
2071,emscad_15278,Hedge your bets - work with the best domestic and commercial cleaning provider in Atlanta.,Handyman & Independent Contractors (Home Pros),0,0,0.9998440742492676,0.00015592575073242188,0.7,1,BERT:bert_class_weighted,Class weight
2072,emscad_15283,"We're an emerging technology agency, and we build breakthrough products through user-centered design. We're building a t","VP, Creative",0,0,0.9992666244506836,0.0007333755493164062,0.7,1,BERT:bert_class_weighted,Class weight
2073,emscad_15285,"Through the Apache Spark platform, we are working to transform large-scale data analysis.",Web Front End Engineer,0,0,0.9997439384460449,0.0002560615539550781,0.7,1,BERT:bert_class_weighted,Class weight
2074,emscad_15286,We Provide Full Time Permanent Positions for many medium to large US companies. We are interested in finding/recruiting ,Electrical Engineer,0,0,0.9997957944869995,0.00020420551300048828,0.7,1,BERT:bert_class_weighted,Class weight
2075,emscad_15295,"Even though we’ve been industry leaders for years, we’ve never lost sight of our primary goal: to serve and protect our ",Insurance Marketing Representative,0,0,0.999539852142334,0.0004601478576660156,0.7,1,BERT:bert_class_weighted,Class weight
2076,emscad_15353,Envision Consulting conducts retained searches for nonprofit clients seeking to expand and enhance their mission through,Submit Your Resume for Upcoming Positions,0,0,0.9997503757476807,0.00024962425231933594,0.7,1,BERT:bert_class_weighted,Class weight
2077,emscad_15356,"Valor Services provides Workforce Solutions that meet the needs of companies across the Private Sector, with a special f",Jr. Buyer,0,0,0.9999057650566101,9.423494338989258e-05,0.7,1,BERT:bert_class_weighted,Class weight
2078,emscad_15360,Lesaffre Yeast Corporation is a French privately owned company that has been the worldwide leader in yeast manufacturing,Technical Sales Manager,0,0,0.9995195865631104,0.00048041343688964844,0.7,1,BERT:bert_class_weighted,Class weight
2079,emscad_15362,Hudl is a sports + technology company.,Financial Planner & Analyst,0,0,0.9997029304504395,0.0002970695495605469,0.7,1,BERT:bert_class_weighted,Class weight
2080,emscad_15363,Maker’s Row is an online marketplace that connects American manufacturers and product based businesses. Our mission is t,Lead Product Manager,0,0,0.9997981786727905,0.00020182132720947266,0.7,1,BERT:bert_class_weighted,Class weight
2081,emscad_15364,"Curvo Labs is an exciting, funded start-up determined to change the world by making a huge dent in the cost of healthcar",Sales Development Representative (hospital and surgery center sales),0,0,0.9998346567153931,0.0001653432846069336,0.7,1,BERT:bert_class_weighted,Class weight
2082,emscad_15366,Thanks for visiting our Job Board. Please review our open positions and apply to the positions that match your qualifica,Marketing Manager,0,0,0.9997686147689819,0.0002313852310180664,0.7,1,BERT:bert_class_weighted,Class weight
2083,emscad_15370,Maker’s Row is an online marketplace that connects American manufacturers and product based businesses. Our mission is t,Data & Research Internship,0,0,0.999859094619751,0.00014090538024902344,0.7,1,BERT:bert_class_weighted,Class weight
2084,emscad_15374,About Us,Talented Architect,0,0,0.999586820602417,0.0004131793975830078,0.7,1,BERT:bert_class_weighted,Class weight
2085,emscad_15379,Who is Ramberg Associates?,Various GP locums make some $$ while you holiday !,0,0,0.999897301197052,0.00010269880294799805,0.7,1,BERT:bert_class_weighted,Class weight
2086,emscad_15383,About the Company We are ticketscript - the European market leaders in digital self-ticketing. Whether it’s massive danc,Head of Sales Benelux,0,0,0.9997463226318359,0.0002536773681640625,0.7,1,BERT:bert_class_weighted,Class weight
2087,emscad_15384,The story of the Great Chicago Fire of 1871 isn’t really about the fire. It’s about what happened next: A remarkable mom,P/T CONTRACT - MySQL Database Analyst (Kahoots),0,0,0.9998517036437988,0.00014829635620117188,0.7,1,BERT:bert_class_weighted,Class weight
2088,emscad_15398,Workable is a venture-backed startup making cloud-based recruitment software for fast-growing companies around the world,Customer Success Manager,0,0,0.9995272159576416,0.00047278404235839844,0.7,1,BERT:bert_class_weighted,Class weight
2089,emscad_15400,hello world,Head of Online Marketing,0,0,0.9997258186340332,0.0002741813659667969,0.7,1,BERT:bert_class_weighted,Class weight
2090,emscad_15420,"Even though we’ve been industry leaders for years, we’ve never lost sight of our primary goal: to serve and protect our ","Life Insurance Agent - Cleveland, OH",0,0,0.9997825622558594,0.000217437744140625,0.7,1,BERT:bert_class_weighted,Class weight
2091,emscad_15435,"Shapeways is the leading 3D printing marketplace and community, empowering designers to bring amazing products to life. ",Customer Service Agent,0,0,0.9997621774673462,0.0002378225326538086,0.7,1,BERT:bert_class_weighted,Class weight
2092,emscad_15436,"Recombine provides clinical genetic testing. CarrierMap, the first product created at Recombine, is the most comprehensi",Associate Bioinformaticist,0,0,0.9996945858001709,0.00030541419982910156,0.7,1,BERT:bert_class_weighted,Class weight
2093,emscad_15437,Fundation is a technology-empowered direct lender that delivers small balance commercial loans nationwide. The firm prov,Assistant General Counsel and Loan Operations Specialist,0,0,0.9997589588165283,0.0002410411834716797,0.7,1,BERT:bert_class_weighted,Class weight
2094,emscad_15441,Qualified candidates will be responsible for basic daily clerical Accounting tasks within both the Accounts Payable and ,Accounting Clerk,1,1,0.00048828125,0.99951171875,0.7,1,BERT:bert_class_weighted,Class weight
2095,emscad_15448,"Suneris, Inc is a medical device company,based out of Brooklyn, NY, working towards solving problems associated with wou",Executive Assistant to CEO / Office Manager,0,0,0.9998096227645874,0.00019037723541259766,0.7,1,BERT:bert_class_weighted,Class weight
2096,emscad_15450,Why CSD?,Marketing Support Manager,0,0,0.9996781349182129,0.0003218650817871094,0.7,1,BERT:bert_class_weighted,Class weight
2097,emscad_15451,"L O OP is an award winning interactive agency based in Salzburg with satellite offices in Copenhagen, Berlin, Sydney and",Native Danish Community Manager,0,0,0.9995970726013184,0.0004029273986816406,0.7,1,BERT:bert_class_weighted,Class weight
2098,emscad_15472,"At VERB, we’re not interested in being all things to all people. Our team of 50+ professionals specialize in digital mar",Digital Content Marketing Specialist,0,0,0.9997830390930176,0.00021696090698242188,0.7,1,BERT:bert_class_weighted,Class weight
2099,emscad_15477,MarketInvoice is one of the most high-profile London based fin-tech companies. The Company is Europe’s leading P2P invoi,General Counsel,0,0,0.99980628490448,0.00019371509552001953,0.7,1,BERT:bert_class_weighted,Class weight
2100,emscad_15498,"Shapeways is the leading 3D printing marketplace and community, empowering designers to bring amazing products to life. ",Shapeways Operations Intern,0,0,0.9997920989990234,0.0002079010009765625,0.7,1,BERT:bert_class_weighted,Class weight
2101,emscad_15516,"We're Thread, and we're trying to reinvent retail so guys can dress well without being subjected to the horrors of high ",Lead Data Scientist,0,0,0.9997941255569458,0.00020587444305419922,0.7,1,BERT:bert_class_weighted,Class weight
2102,emscad_15529,"Through the Apache Spark platform, we are working to transform large-scale data analysis.",Support Operations Engineer,0,0,0.9994397163391113,0.0005602836608886719,0.7,1,BERT:bert_class_weighted,Class weight
2103,emscad_15531,Luxy Hair is a customer-centric hair extensions eCommerce retailer founded in 2010. We’re one of the fastest-growing bea,General Manager (eCommerce),0,0,0.9994797706604004,0.0005202293395996094,0.7,1,BERT:bert_class_weighted,Class weight
2104,emscad_15539,Revolutionary Cloud based suite of Hospitality IT solutions,Business Development and Marketing,0,0,0.9995753765106201,0.0004246234893798828,0.7,1,BERT:bert_class_weighted,Class weight
2105,emscad_15542,MISSION:,EXPERIENCED CAREGIVERS NEEDED TODAY!THE BEST PAY & AWESOME BENEFITS!!,0,0,0.9998711347579956,0.00012886524200439453,0.7,1,BERT:bert_class_weighted,Class weight
2106,emscad_15565,Fabrily makes it easy for campaigners/communities/charities/causes/artists. etc... to raise funds and awareness with cus,Marketing Intern with Vietnamese language skills - Paid Position (part-time),0,0,0.9996645450592041,0.00033545494079589844,0.7,1,BERT:bert_class_weighted,Class weight
2107,emscad_15566,"Welcome to interface rehab interface rehab provides comprehensive rehabilitation (Physical, Occupational & Speech Therap",Physical Therapist,0,0,0.9997336864471436,0.0002663135528564453,0.7,1,BERT:bert_class_weighted,Class weight
2108,emscad_15590,"LEI Home Enhancements, is an Ohio based company that has been installing windows, siding, doors and decks in homes throu",Customer Service $22.50/HR PLUS Commissions,0,0,0.9998522996902466,0.00014770030975341797,0.7,1,BERT:bert_class_weighted,Class weight
2109,emscad_15592,Who are Duco?,Senior Developer,0,0,0.9993834495544434,0.0006165504455566406,0.7,1,BERT:bert_class_weighted,Class weight
2110,emscad_15595,"SplitFive was established in 2007 and continues to flourish on the idea that technology can be a beautiful, liberating f",Full Time WordPress Project Manager,0,0,0.9997676610946655,0.00023233890533447266,0.7,1,BERT:bert_class_weighted,Class weight
2111,emscad_15597,"We're searching for a Principal Creative Engineer who can provide technical guidance through project design, implementat",Principal Creative Engineer,0,0,0.9993014335632324,0.0006985664367675781,0.7,1,BERT:bert_class_weighted,Class weight
2112,emscad_15605,Community Action Partnership of Ramsey & Washington Counties (Community Action) was established in 1964 as a program of ,Human Resources Coordinator-Staffing and Records Management,0,0,0.9998644590377808,0.00013554096221923828,0.7,1,BERT:bert_class_weighted,Class weight
2113,emscad_15615,"The Central California SPCA (CCSPCA), established in 1946 and located in Fresno County, California, is a 501(c)(3) non-p",Animal Care Assistant- Part time,0,0,0.9998118877410889,0.0001881122589111328,0.7,1,BERT:bert_class_weighted,Class weight
2114,emscad_15622,"TrendKite helps PR professionals and agencies build a timely, highly accurate picture of their brands' media coverage wi",Sales and Customer Acquistion,0,0,0.9997717142105103,0.0002282857894897461,0.7,1,BERT:bert_class_weighted,Class weight
2115,emscad_15637,"Namely is the leading end-to-end HR and payroll platform for growing companies. Offerings include human payroll, benefit",Office Operations Manager,0,0,0.9998066425323486,0.0001933574676513672,0.7,1,BERT:bert_class_weighted,Class weight
2116,emscad_15639,"Reinventing the specialty mortgage servicing process by providing the highest level of customer service to our clients, ",Bankruptcy Specialist-Mortgage Industry,0,0,0.9997761249542236,0.0002238750457763672,0.7,1,BERT:bert_class_weighted,Class weight
2117,emscad_15645,"Internet advertising campaign, publisher, HTML – if it’s not the first time you’re hearing these words, you might be the",Publisher Network Coordinator,0,0,0.9997010231018066,0.0002989768981933594,0.7,1,BERT:bert_class_weighted,Class weight
2118,emscad_15647,Visual BI is one of the leading and fastest growing firms focusing exclusively on BI & Analytics. Our offerings cover en,SALES / Business Development Intern,0,0,0.9995591640472412,0.00044083595275878906,0.7,1,BERT:bert_class_weighted,Class weight
2119,emscad_15654,"At VERB, we’re not interested in being all things to all people. Our team of 50+ professionals specialize in digital mar",Front-end User Interface Developer,0,0,0.9997372627258301,0.0002627372741699219,0.7,1,BERT:bert_class_weighted,Class weight
2120,emscad_15655,"Space Ape Games is an Award Winning Mobile/Social Gaming startup founded in 2012. We’re a small, high-performing team wi",VFX Artist,0,0,0.9991135597229004,0.0008864402770996094,0.7,1,BERT:bert_class_weighted,Class weight
2121,emscad_15667,Indicative is changing the way internet business make decisions with data.,Sales & Marketing Intern at Tech Startup (Paid),0,0,0.9996485710144043,0.0003514289855957031,0.7,1,BERT:bert_class_weighted,Class weight
2122,emscad_15670,"Wiredrive is a fast growing, privately-owned SaaS company with headquarters in Marina del Rey and offices in New York Ci",.NET Developer,0,0,0.9998073577880859,0.0001926422119140625,0.7,1,BERT:bert_class_weighted,Class weight
2123,emscad_15684,"ustwo offers you the opportunity to be yourself, whilst delivering the best work on the planet for some of the biggest a",Android Developer,0,0,0.9991307258605957,0.0008692741394042969,0.7,1,BERT:bert_class_weighted,Class weight
2124,emscad_15692,"We're a not so traditional, fun filled, results driven marketing agency of 16 full time marketing, design, development, ",Sales Rep / Sales Development Representative,0,0,0.9993810653686523,0.0006189346313476562,0.7,1,BERT:bert_class_weighted,Class weight
2125,emscad_15708,"Babbel enables anyone to learn languages in an easy and interactive way. The learning system offers 13 languages, from E",Freelance Translators (m/f) from Brazilian Portuguese and German into Italian,0,0,0.999832034111023,0.00016796588897705078,0.7,1,BERT:bert_class_weighted,Class weight
2126,emscad_15717,Our Company,Back Office PHP Developer,0,0,0.9997119903564453,0.0002880096435546875,0.7,1,BERT:bert_class_weighted,Class weight
2127,emscad_15718,"Responsible for the planning, organizing, and management of project tasks and resources to bring about the successful co",Implementation Manager,0,0,0.9901199340820312,0.00988006591796875,0.7,1,BERT:bert_class_weighted,Class weight
2128,emscad_15734,hello world,Head of Cloud,0,0,0.9995288848876953,0.0004711151123046875,0.7,1,BERT:bert_class_weighted,Class weight
2129,emscad_15735,"Critical Nurse Staffing, Inc. is enrolled with the U.S Department of Labor to provide nursing care to the former defense","Home Health Aid/CNA- Reserve, NM",0,0,0.9998770952224731,0.00012290477752685547,0.7,1,BERT:bert_class_weighted,Class weight
2130,emscad_15737,"Mashape is the largest, most trafficked API marketplace/hub in the world.",Dev Ops Engineer,0,0,0.9994025230407715,0.0005974769592285156,0.7,1,BERT:bert_class_weighted,Class weight
2131,emscad_15758,AdExtent is proud to provide cutting edge ReTargeting solution to advertisers and agencies. Our team is a made up of a g,QA Automation Engineer,0,0,0.9992847442626953,0.0007152557373046875,0.7,1,BERT:bert_class_weighted,Class weight
2132,emscad_15759,RxData provides pharmaceutical companies with the most up-to-date and comprehensive database of drug costs and insurance,Python-django Web Developer,0,0,0.9995479583740234,0.0004520416259765625,0.7,1,BERT:bert_class_weighted,Class weight
2133,emscad_15774,"As augmented reality jobs go, one at Blippar is hard to beat. We are a rapidly expanding creative startup at the forefro",Windows Phone App / UI Developer,0,0,0.9994683265686035,0.0005316734313964844,0.7,1,BERT:bert_class_weighted,Class weight
2134,emscad_15776,We take the hassle out of finding and booking a cleaner. We are currently in the UK but we have big plans and we want an,Customer Service Associate,0,0,0.9994430541992188,0.00055694580078125,0.7,1,BERT:bert_class_weighted,Class weight
2135,emscad_15785,"Gelato Group is a SaaS company. We've developed a global print engine integrated with the print ecosystem’s key players,",PPC Analyst for Optimalprint,0,0,0.9994473457336426,0.0005526542663574219,0.7,1,BERT:bert_class_weighted,Class weight
2136,emscad_15789,Phoenix Home Care came to be as a result of our commitment to improve the quality of life for those we serve. Each of ou,Licensed Practical Nurse (LPN)- Private Duty,0,0,0.9998358488082886,0.00016415119171142578,0.7,1,BERT:bert_class_weighted,Class weight
2137,emscad_15797,Can data be a thing of beauty? We think so.,Junior Web Application Developer (Node.JS),0,0,0.9996788501739502,0.0003211498260498047,0.7,1,BERT:bert_class_weighted,Class weight
2138,emscad_15799,"Vend is looking for some awesome new talent to come join us. You'll be working in an awesome team doing awesome things, ",Customer Support Star,0,0,0.9998346567153931,0.0001653432846069336,0.7,1,BERT:bert_class_weighted,Class weight
2139,emscad_15804,"Critical Nurse Staffing, Inc. is enrolled with the U.S Department of Labor to provide nursing care to the former defense","Home Health CNA- Arco, ID",0,0,0.9998936057090759,0.00010639429092407227,0.7,1,BERT:bert_class_weighted,Class weight
2140,emscad_15812,"Based in San Francisco with a development office in Budapest, Hungary, Secret Sauce Partners enables the world's largest",Senior Product Manager,0,0,0.9997386932373047,0.0002613067626953125,0.7,1,BERT:bert_class_weighted,Class weight
2141,emscad_15821,Positionly sp. z o.o. is a company that provides the highest quality SEO software for 2000+ companies worldwide. Our pro,Account Executive (Turkish Speaking),0,0,0.9996793270111084,0.00032067298889160156,0.7,1,BERT:bert_class_weighted,Class weight
2142,emscad_15834,EROAD was established to modernise New Zealand’s paper-based RUC regime and in 2009 launched the world’s first GPS/cellu,Accounts Payable Administrator,0,0,0.99981689453125,0.00018310546875,0.7,1,BERT:bert_class_weighted,Class weight
2143,emscad_15837,Viabox was a direct response to the emerging needs of today's online worldwide shoppers. With Viabox consumers worldwide,eBay Sales Manager,0,0,0.9997575283050537,0.00024247169494628906,0.7,1,BERT:bert_class_weighted,Class weight
2144,emscad_15843,in Bielefeld (Germany) or remote – The position is open from now,Web Content Writer (m/f),0,0,0.9994869232177734,0.0005130767822265625,0.7,1,BERT:bert_class_weighted,Class weight
2145,emscad_15854,"Urban Robotics Inc. provides cutting edge software and hardware solutions for Intelligence, Surveillance and Reconnaissa",Sensor Systems Software Engineer,0,0,0.9998650550842285,0.00013494491577148438,0.7,1,BERT:bert_class_weighted,Class weight
2146,emscad_15863,"Traffic Safety Systems, Innovation & Partnership",Proposal Writer,0,0,0.999897301197052,0.00010269880294799805,0.7,1,BERT:bert_class_weighted,Class weight
2147,emscad_15867,"Founded in 2000, Axxess Industries is an innovative electronics, software and signage workshop changing how people and t",Electronics Designer,0,0,0.9994330406188965,0.0005669593811035156,0.7,1,BERT:bert_class_weighted,Class weight
2148,emscad_15882,Our History,Machine Operator (Santa Fe Springs),0,0,0.9998944401741028,0.0001055598258972168,0.7,1,BERT:bert_class_weighted,Class weight
2149,emscad_15883,"Vend is looking for some awesome new talent to come join us. You'll be working in an awesome team doing awesome things, ",Tax Accountant,0,0,0.9998266696929932,0.00017333030700683594,0.7,1,BERT:bert_class_weighted,Class weight
2150,emscad_15886,PROSULTING IS PEOPLE The ProSulting difference is easy to see. Our passion for delivering qualified pre-screened personn,Marketing - Admin Support,0,0,0.9997621774673462,0.0002378225326538086,0.7,1,BERT:bert_class_weighted,Class weight
2151,emscad_15896,We Provide Full Time Permanent Positions for many medium to large US companies. We are interested in finding/recruiting ,CNC Machinist,0,0,0.9997885227203369,0.00021147727966308594,0.7,1,BERT:bert_class_weighted,Class weight
2152,emscad_15898,"ABC Supply Co., Inc. is the nation’s largest wholesale distributor of roofing and one of the largest distributors of sid",Inside Sales/Estimator,0,0,0.999775767326355,0.00022423267364501953,0.7,1,BERT:bert_class_weighted,Class weight
2153,emscad_15901,NL Group supplies specialist healthcare recruitment and staffing solutions to the NHS and private healthcare providers i,Healthcare Assistants (HCA),0,0,0.999920666217804,7.933378219604492e-05,0.7,1,BERT:bert_class_weighted,Class weight
2154,emscad_15927,"Overview Our client is the leading prepaid content provider and distribution network in the world, with a globalreach th",Project Manager,0,0,0.9995288848876953,0.0004711151123046875,0.7,1,BERT:bert_class_weighted,Class weight
2155,emscad_15933,"As augmented reality jobs go, one at Blippar is hard to beat. We are a rapidly expanding creative startup at the forefro",Project Lead,0,0,0.9995522499084473,0.0004477500915527344,0.7,1,BERT:bert_class_weighted,Class weight
2156,emscad_15941,"Baesman is a nationally-recognized, single-source provider of direct marketing strategy and solutions, including CRM dat","Business Development, Marketing Consultant",0,0,0.9997957944869995,0.00020420551300048828,0.7,1,BERT:bert_class_weighted,Class weight
2157,emscad_15953,"Urban Robotics Inc. provides cutting edge software and hardware solutions for Intelligence, Surveillance and Reconnaissa",Senior Software Developer/Cluster Architect,0,0,0.9998794794082642,0.00012052059173583984,0.7,1,BERT:bert_class_weighted,Class weight
2158,emscad_15955,"The MarketMaker4 leadership team has extensive experience in e-procurement, online auctions, market intelligence, strate",Information Security Consultant - Chicago Based,0,0,0.9998133182525635,0.00018668174743652344,0.7,1,BERT:bert_class_weighted,Class weight
2159,emscad_15962,"Empower America is mission driven to recruit, train and employ our military veterans into careers in renewable energy th",Military Veterans Wanted for Solar Sales Advisor,0,0,0.9997408390045166,0.00025916099548339844,0.7,1,BERT:bert_class_weighted,Class weight
2160,emscad_15964,"At McLane Intel, we believe that everyone should love where they work! We understand that our ongoing success is attribu",Office Administrator,0,0,0.9997107982635498,0.0002892017364501953,0.7,1,BERT:bert_class_weighted,Class weight
2161,emscad_15973,"Founded in 2010 by a team from Google’s London and New York offices, Qubit work with some of the biggest names in Online",Executive Strategist,0,0,0.9997800588607788,0.0002199411392211914,0.7,1,BERT:bert_class_weighted,Class weight
2162,emscad_15977,Are you passionate about making a difference?,Domestic Cleaner jobs Basingstoke,0,0,0.9998346567153931,0.0001653432846069336,0.7,1,BERT:bert_class_weighted,Class weight
2163,emscad_15982,LKM Search Solutions is an Executive Search Firm that cares about your future. We work hard to find the position that is,Corporate M&A Associates,0,0,0.999833345413208,0.0001666545867919922,0.7,1,BERT:bert_class_weighted,Class weight
2164,emscad_15986,"Entertainment everywhere. Operating under the StarzPlay brand, Playco Ltd., delivers a premium video-on-demand service. ",Senior Android Developer,0,0,0.9997115135192871,0.0002884864807128906,0.7,1,BERT:bert_class_weighted,Class weight
2165,emscad_15987,"Shapeways is the leading 3D printing marketplace and community, empowering designers to bring amazing products to life. ",Production Ceramicist,0,0,0.9997800588607788,0.0002199411392211914,0.7,1,BERT:bert_class_weighted,Class weight
2166,emscad_15988,Green Street Advisors is the industry leader in real estate and real estate investment trust (REITs) research for over 2,2015 Undergrad- Equity Sales and Trading Associate,0,0,0.9997843503952026,0.00021564960479736328,0.7,1,BERT:bert_class_weighted,Class weight
2167,emscad_15992,"Adform is the best resourced European display ad tech company, with around 370 people in 15 European countries and US. W",DataProcessing: Senior Backend Java Developer,0,0,0.9995687007904053,0.00043129920959472656,0.7,1,BERT:bert_class_weighted,Class weight
2168,emscad_16031,Leapfrog Services provides managed IT services for businesses and nonprofits worldwide. Founded in 1998 with the philoso,Security Analyst,0,0,0.9996685981750488,0.0003314018249511719,0.7,1,BERT:bert_class_weighted,Class weight
2169,emscad_16035,"Valor Services provides Workforce Solutions that meet the needs of companies across the Private Sector, with a special f",Jr. Estimator (Material Takeoff),0,0,0.9998854398727417,0.00011456012725830078,0.7,1,BERT:bert_class_weighted,Class weight
2170,emscad_16042,"We’ve built revolutionary technology that is changing the way people get around cities. Using Via, a luxury ride booked ",Logistics Associate,0,0,0.999868631362915,0.00013136863708496094,0.7,1,BERT:bert_class_weighted,Class weight
2171,emscad_16046,Visual BI is one of the leading and fastest growing firms focusing exclusively on BI & Analytics. Our offerings cover en,UI / UX / Graphic Design Intern,0,0,0.9996178150177002,0.0003821849822998047,0.7,1,BERT:bert_class_weighted,Class weight
2172,emscad_16055,CallCentre People Recruitment is recognised as being specialists within the CallCentre industry.,Outbound Sales Consultant,0,0,0.9998427629470825,0.00015723705291748047,0.7,1,BERT:bert_class_weighted,Class weight
2173,emscad_16066,Ready to let your star shine? Discover the career you’ve been dreaming about at AvaStars where...,Star (Retail Associate) - Oakbrook Center 02,0,0,0.9997880458831787,0.00021195411682128906,0.7,1,BERT:bert_class_weighted,Class weight
2174,emscad_16070,We Provide Full Time Permanent Positions for many medium to large US companies. We are interested in finding/recruiting ,Senior Strategic Buyer - Supply Chain MS Office - PA,0,0,0.9998618364334106,0.00013816356658935547,0.7,1,BERT:bert_class_weighted,Class weight
2175,emscad_16075,"Agency looking to hire several live-in caregiver positions, including 2 permanent and 2 temporary.",Temporary and Permanent Live-In Caregiver,0,0,0.9992861747741699,0.0007138252258300781,0.7,1,BERT:bert_class_weighted,Class weight
2176,emscad_16092,ServiceTitan is the world's leading CRM software for home services businesses. It powers the world's best service compan,Senior Designer,0,0,0.9998766183853149,0.0001233816146850586,0.7,1,BERT:bert_class_weighted,Class weight
2177,emscad_16102,We Provide Full Time Permanent Positions for many medium to large US companies. We are interested in finding/recruiting ,Senior Process Engineer - MS Office Prism DCS Provox - IL,0,0,0.9998059272766113,0.00019407272338867188,0.7,1,BERT:bert_class_weighted,Class weight
2178,emscad_16110,"Shyp is the easiest way to send anything, anywhere.",Customer Experience Representative,0,0,0.9997541904449463,0.00024580955505371094,0.7,1,BERT:bert_class_weighted,Class weight
2179,emscad_16114,PowerbyProxi and its customers are leading a revolution to deliver unplugged power. We have changed the way electricity ,Engineer - Embedded Design (US),0,0,0.9998300075531006,0.00016999244689941406,0.7,1,BERT:bert_class_weighted,Class weight
2180,emscad_16120,"#URL_25e85371e7108e279a4b25d6e965889a44917879b7b587c905714ef30f933cb8# is a young, growing e-commerce company with our e",Production Manager,0,0,0.9997721910476685,0.00022780895233154297,0.7,1,BERT:bert_class_weighted,Class weight
2181,emscad_16128,"""Our mission to our clients is to preserve their independence, enhance their quality of life, promote health & wellbeing",Caregiver-Dowagiac,0,0,0.9998618364334106,0.00013816356658935547,0.7,1,BERT:bert_class_weighted,Class weight
2182,emscad_16135,VTEX is the leading e-commerce solution provider in Latin America.,Community Manager,0,0,0.9994945526123047,0.0005054473876953125,0.7,1,BERT:bert_class_weighted,Class weight
2183,emscad_16141,"Retailers around the world are constantly working to keep customers coming into their stores. It’s not a new challenge, ",Intermediate .NET Developer,0,0,0.9998005628585815,0.00019943714141845703,0.7,1,BERT:bert_class_weighted,Class weight
2184,emscad_16162,InVision is a venture-backed startup working to create the world's best design communication and collaboration platform.,Senior Quality Assurance Engineer (remote/telecommute),0,0,0.9993734359741211,0.0006265640258789062,0.7,1,BERT:bert_class_weighted,Class weight
2185,emscad_16169,We Provide Full Time Permanent Positions for many medium to large US companies. We are interested in finding/recruiting ,Food Quality,0,0,0.9997341632843018,0.0002658367156982422,0.7,1,BERT:bert_class_weighted,Class weight
2186,emscad_16176,"Argenta Field Solutions values the client, creates income streams for them through our sales mechanism and focuses on qu",Sales Representative with Management Training - DirecTV,0,0,0.9997057914733887,0.0002942085266113281,0.7,1,BERT:bert_class_weighted,Class weight
2187,emscad_16202,"Valor Services provides Workforce Solutions that meet the needs of companies across the Private Sector, with a special f",Pipe Welder,0,0,0.99988853931427,0.00011146068572998047,0.7,1,BERT:bert_class_weighted,Class weight
2188,emscad_16239,"Crossroads Treatment Centers is a nationally-accredited, medication-assisted, out-patient program that delivers fast, ef",Licensed Practical Nurse (Greensboro Center),0,0,0.9998446702957153,0.00015532970428466797,0.7,1,BERT:bert_class_weighted,Class weight
2189,emscad_16245,Hi!,Front-End Developer,0,0,0.999178409576416,0.0008215904235839844,0.7,1,BERT:bert_class_weighted,Class weight
2190,emscad_16253,Visual BI is one of the leading and fastest growing firms focusing exclusively on BI & Analytics. Our offerings cover en,Senior Web/UI Developer ( Javascript / HTML5 / CSS3 ),0,0,0.9994373321533203,0.0005626678466796875,0.7,1,BERT:bert_class_weighted,Class weight
2191,emscad_16255,"DICE gets fans the best tickets at face value with No Booking Fees. We're based in Shoreditch, London and 100% mobile so",Senior Backend Developer,0,0,0.9997668266296387,0.00023317337036132812,0.7,1,BERT:bert_class_weighted,Class weight
2192,emscad_16261,"Black Tie Cars, Inc. provides dependable private automobile transportation if you need to be at the airport on time or i",Chauffeur for Private Transportation Company Services,0,0,0.9997527599334717,0.0002472400665283203,0.7,1,BERT:bert_class_weighted,Class weight
2193,emscad_16263,"e-Solutions Inc. is a talent-driven consulting company providing individual consultants, project teams, and strategic ou",SAS Tech Lead,0,0,0.9993929862976074,0.0006070137023925781,0.7,1,BERT:bert_class_weighted,Class weight
2194,emscad_16265,"Although AssistRx was formed in only 2009, we have capitalized on our 30 years of combined experience working within the",SQL Developer,0,0,0.999730110168457,0.00026988983154296875,0.7,1,BERT:bert_class_weighted,Class weight
2195,emscad_16273,We're a data and design focused startup based in New York City with a passionate and forward-thinking team. We enable pe,Front End Engineer,0,0,0.9995584487915039,0.00044155120849609375,0.7,1,BERT:bert_class_weighted,Class weight
2196,emscad_16282,"OgilvyOne worldwide, Athens was established in 1987. The company provides Digital, CRM and Promotional services to Greek",Community Manager,0,0,0.9998204708099365,0.00017952919006347656,0.7,1,BERT:bert_class_weighted,Class weight
2197,emscad_16294,"SpotSource Solutions LLC is a Global Human Capital Management Consulting firm headquartered in Miami, Florida. Founded i",Sales Professional,0,0,0.9998676776885986,0.0001323223114013672,0.7,1,BERT:bert_class_weighted,Class weight
2198,emscad_16303,"Do you want to help people be more successful at work? Then consider Jhana, a feisty little startup that pursues this go",Sales Development Representative (B2B SaaS),0,0,0.9996755123138428,0.00032448768615722656,0.7,1,BERT:bert_class_weighted,Class weight
2199,emscad_16306,AREX is a highly ambitious financial technology start-up in the alternative financial services space that aims to change,VP of Marketing,0,0,0.9996345043182373,0.0003654956817626953,0.7,1,BERT:bert_class_weighted,Class weight
2200,emscad_16307,"Boxbee is the Storage Valet Service. We are a startup and also a real, revenue generating business. We help people manag",Customer Service and Dispatch,0,0,0.9996993541717529,0.0003006458282470703,0.7,1,BERT:bert_class_weighted,Class weight
2201,emscad_16308,We Provide Full Time Permanent Positions for many medium to large US companies. We are interested in finding/recruiting ,Manufacturing Engineering Manager,0,0,0.9997367858886719,0.000263214111328125,0.7,1,BERT:bert_class_weighted,Class weight
2202,emscad_16309,Millionaires In Training Recruiting Group specializes in placing qualified job seekers in the most successful direct sal,Renewable Energy Consultant,0,0,0.999596357345581,0.0004036426544189453,0.7,1,BERT:bert_class_weighted,Class weight
2203,emscad_16328,ServiceTitan is the world's leading CRM software for home services businesses. It powers the world's best service compan,Sales Development Representative,0,0,0.9998584985733032,0.00014150142669677734,0.7,1,BERT:bert_class_weighted,Class weight
2204,emscad_16332,At the core of IT’s challenges is a perennial cycle where the majority of budgets are consumed maintaining existing syst,Entry Level Business Analyst,0,0,0.9986543655395508,0.0013456344604492188,0.7,1,BERT:bert_class_weighted,Class weight
2205,emscad_16343,"Το social taste είναι μια νέα, πρωτοποριακή πλατφόρμα, που σας επιτρέπει να δέχεστε παραγγελίες μέσα από τη σελίδα σας σ",Sales Representative,0,0,0.9998279809951782,0.00017201900482177734,0.7,1,BERT:bert_class_weighted,Class weight
2206,emscad_16350,"Shyp is the easiest way to send anything, anywhere.",Delivery Driver - NYC,0,0,0.9997997283935547,0.0002002716064453125,0.7,1,BERT:bert_class_weighted,Class weight
2207,emscad_16359,"As augmented reality jobs go, one at Blippar is hard to beat. We are a rapidly expanding creative startup at the forefro",Windows Application Developer (Mobile and Desktop),0,0,0.9995434284210205,0.0004565715789794922,0.7,1,BERT:bert_class_weighted,Class weight
2208,emscad_16373,Who are We?,Sales Professional,0,0,0.9998488426208496,0.00015115737915039062,0.7,1,BERT:bert_class_weighted,Class weight
2209,emscad_16381,"Based in the heart of the City, this exceptional opportunity as Head of Product in a fast-growing tech start-up is a cha",Head of Product,0,0,0.9998352527618408,0.0001647472381591797,0.7,1,BERT:bert_class_weighted,Class weight
2210,emscad_16384,PROSULTING IS PEOPLE The ProSulting difference is easy to see. Our passion for delivering qualified pre-screened personn,Junior Marketing Coordinator,0,0,0.9997398853302002,0.0002601146697998047,0.7,1,BERT:bert_class_weighted,Class weight
2211,emscad_16387,"The RealReal is changing the way people buy and sell luxury items. The leader in luxury resale, the company is a full se",Style Art Director,0,0,0.9997649192810059,0.00023508071899414062,0.7,1,BERT:bert_class_weighted,Class weight
2212,emscad_16391,MediaMonks is the biggest creative digital production company on the planet . We specialize in working for and with adve,Design Internship,0,0,0.9996905326843262,0.0003094673156738281,0.7,1,BERT:bert_class_weighted,Class weight
2213,emscad_16395,"Shapeways is the leading 3D printing marketplace and community, empowering designers to bring amazing products to life. ",3D Printing Engineer,0,0,0.9997868537902832,0.00021314620971679688,0.7,1,BERT:bert_class_weighted,Class weight
2214,emscad_16399,"Super Soccer Stars is the country's most popular soccer development program for kids. For over a decade, we have provide",Regional Coordinator for NEW Southern US Office,0,0,0.9998534917831421,0.00014650821685791016,0.7,1,BERT:bert_class_weighted,Class weight
2215,emscad_16404,MERL's internship program gives students excellent opportunities to work in an industrial research lab environment side-,Applied electromagnetics,0,0,0.9996094703674316,0.0003905296325683594,0.7,1,BERT:bert_class_weighted,Class weight
2216,emscad_16413,The Selectus Group is a customer focused organisation committed to providing high quality services to employees througho,Customer Service Consultant,0,0,0.999879002571106,0.00012099742889404297,0.7,1,BERT:bert_class_weighted,Class weight
2217,emscad_16429,"Thirty Labs is a brand new, video-focused NYC startup studio, collaboratively creating companies for the 40% of our waki",Full-Stack Engineer,0,0,0.9995532035827637,0.0004467964172363281,0.7,1,BERT:bert_class_weighted,Class weight
2218,emscad_16442,Printfresh is a leading fashion textile design studio. We are a growing company with an enthusiastic group of people pas,Print Designer or Junior Print Designer,0,0,0.9996659755706787,0.00033402442932128906,0.7,1,BERT:bert_class_weighted,Class weight
2219,emscad_16447,We Help Create Communities that Withstand the Test of Time,Community Support Manager (CSM),0,0,0.9998294115066528,0.00017058849334716797,0.7,1,BERT:bert_class_weighted,Class weight
2220,emscad_16448,SalesDouble is a small but well established and fast growing national firm specializing in sales and marketing solutions,Marketing Assistant / Digital Content Creator,0,0,0.9995720386505127,0.0004279613494873047,0.7,1,BERT:bert_class_weighted,Class weight
2221,emscad_16458,Community Action Partnership of Ramsey & Washington Counties (Community Action) was established in 1964 as a program of ,Housing Advocate,0,0,0.9998096227645874,0.00019037723541259766,0.7,1,BERT:bert_class_weighted,Class weight
2222,emscad_16461,We believe cities are complicated. And your mobile device should save you from the everyday challenges of living in them,Cities Manager / Super Hero,0,0,0.9997636079788208,0.00023639202117919922,0.7,1,BERT:bert_class_weighted,Class weight
2223,emscad_16470,hello world,iOS Developer,0,0,0.9996366500854492,0.00036334991455078125,0.7,1,BERT:bert_class_weighted,Class weight
2224,emscad_16488,Thanks for visiting our Job Board. Please review our open positions and apply to the positions that match your qualifica,Chief Financial Officer,0,0,0.9997527599334717,0.0002472400665283203,0.7,1,BERT:bert_class_weighted,Class weight
2225,emscad_16491,MarkaVIP is the leading online fashion destination in the Middle East and North Africa. We build and curate amazing prod,Media Planner,0,0,0.9996922016143799,0.0003077983856201172,0.7,1,BERT:bert_class_weighted,Class weight
2226,emscad_16494,"We're looking for fun, smart, and self organized team player who will take part in planning, coding, testing, and code r",Software Engineer,0,0,0.9992680549621582,0.0007319450378417969,0.7,1,BERT:bert_class_weighted,Class weight
2227,emscad_16502,"Retailers around the world are constantly working to keep customers coming into their stores. It’s not a new challenge, ",iOS Developer,0,0,0.999775767326355,0.00022423267364501953,0.7,1,BERT:bert_class_weighted,Class weight
2228,emscad_16504,"At Hayes-Corp, we create the fun stuff. With a focus on software development for mobile platforms, we are constantly loo","Recruiter (Digital, Internet, Tech, Mobile)",0,0,0.9996025562286377,0.0003974437713623047,0.7,1,BERT:bert_class_weighted,Class weight
2229,emscad_16517,#URL_e7c9057d5e6f097876436d175031e95669ede4ebaab52b6be0957c837bc98343#,Title Insurance- VP of Operations & Sales- Chicago Loop,0,0,0.999685525894165,0.00031447410583496094,0.7,1,BERT:bert_class_weighted,Class weight
2230,emscad_16520,"Depop is an exciting new mobile marketplace where you can sell things by simply taking a picture, as well as follow your",Community Management & Marketing Internship,0,0,0.9996976852416992,0.00030231475830078125,0.7,1,BERT:bert_class_weighted,Class weight
2231,emscad_16524,"Valor Services provides Workforce Solutions that meet the needs of companies across the Private Sector, with a special f",Pipe Fitter,0,0,0.9998919367790222,0.0001080632209777832,0.7,1,BERT:bert_class_weighted,Class weight
2232,emscad_16526,Community Action Partnership of Ramsey & Washington Counties (Community Action) was established in 1964 as a program of ,Home Visitor - Early Head Start,0,0,0.999859094619751,0.00014090538024902344,0.7,1,BERT:bert_class_weighted,Class weight
2233,emscad_16530,#URL_e7c9057d5e6f097876436d175031e95669ede4ebaab52b6be0957c837bc98343#,Title Insurance: National Commercial Coordinator / Paralegal -NYC,0,0,0.999859094619751,0.00014090538024902344,0.7,1,BERT:bert_class_weighted,Class weight
2234,emscad_16543,#URL_e7c9057d5e6f097876436d175031e95669ede4ebaab52b6be0957c837bc98343#,Escrow Officers & Title Insurance Sales - Houston Area,0,0,0.999854564666748,0.00014543533325195312,0.7,1,BERT:bert_class_weighted,Class weight
2235,emscad_16550,#URL_e7c9057d5e6f097876436d175031e95669ede4ebaab52b6be0957c837bc98343#,Title Insurance Sales-Account Executive,0,0,0.9997671842575073,0.00023281574249267578,0.7,1,BERT:bert_class_weighted,Class weight
2236,emscad_16555,Coldwell Banker Burnet was founded in Minneapolis in 1973 and rapidly expanded throughout the Twin Cities metropolitan a,Independent Sales Associate - Real Estate Sales,0,0,0.9999000430107117,9.995698928833008e-05,0.7,1,BERT:bert_class_weighted,Class weight
2237,emscad_16576,Do you want to be part of a services company with both a proven record of success and planned growth? TriNet is a leadin,Release Engineer,0,0,0.9997602701187134,0.0002397298812866211,0.7,1,BERT:bert_class_weighted,Class weight
2238,emscad_16592,"Our client, located in Haverford, PA is looking for a High-End Jewelry Sales Associate to become a member of their team ",GREAT High-End Jewelry Sales Associate Position Available Now!,0,0,0.9994416236877441,0.0005583763122558594,0.7,1,BERT:bert_class_weighted,Class weight
2239,emscad_16599,"LEI Home Enhancements, is an Ohio based company that has been installing windows, siding, doors and decks in homes throu",Client Service Professional,0,0,0.9998403787612915,0.0001596212387084961,0.7,1,BERT:bert_class_weighted,Class weight
2240,emscad_16611,"LEI Home Enhancements, is an Ohio based company that has been installing windows, siding, doors and decks in homes throu",Customer Service Reps,0,0,0.9998500347137451,0.0001499652862548828,0.7,1,BERT:bert_class_weighted,Class weight
2241,emscad_16624,"LEI Home Enhancements, is an Ohio based company that has been installing windows, siding, doors and decks in homes throu","Appointment Setter avg. 1,000-1,100 weekly Plus Commission",0,0,0.9998644590377808,0.00013554096221923828,0.7,1,BERT:bert_class_weighted,Class weight
2242,emscad_16626,At Tristan Sims International our Executive Recruitment offering is composed of thousands of leading global professional,Customer Engagement Solutions Sales Executive,0,0,0.9998161792755127,0.0001838207244873047,0.7,1,BERT:bert_class_weighted,Class weight
2243,emscad_16629,"CARES is Alabama’s approach to the modernization of the enrollment and eligibility systems for Medicaid, Child Health In",Development Manager,0,0,0.9995899200439453,0.0004100799560546875,0.7,1,BERT:bert_class_weighted,Class weight
2244,emscad_16646,"LEI Home Enhancements, is an Ohio based company that has been installing windows, siding, doors and decks in homes throu",Sales Lead Generator,0,0,0.9998670816421509,0.0001329183578491211,0.7,1,BERT:bert_class_weighted,Class weight
2245,emscad_16650,"A Creative agency for Web Design & Development, Software Development and Mobile Application Development. We offering a v",Creative Logo Designers,0,0,0.9993319511413574,0.0006680488586425781,0.7,1,BERT:bert_class_weighted,Class weight
2246,emscad_16652,Welcome to Trans4u Ltd.,"Interpreters - Amharic, Arabic, Lingala, Oromo, Portuguese, Somali, Tigrinya",0,0,0.9998266696929932,0.00017333030700683594,0.7,1,BERT:bert_class_weighted,Class weight
2247,emscad_16657,"Network Closing Services has been serving Lenders, Real Estate Consumers, and Professionals since 1999. We provide court",Title Sales Representative,0,0,0.9998294115066528,0.00017058849334716797,0.7,1,BERT:bert_class_weighted,Class weight
2248,emscad_16681,We at TechIndyeah are a fun filled startup. We celebrate our work and we enjoy it at the fullest. While maintaining work,Web Designer,0,0,0.9995827674865723,0.0004172325134277344,0.7,1,BERT:bert_class_weighted,Class weight
2249,emscad_16684,"VAM SYSTEMS is a Business Consulting, IT Solutions and Services company with operations in UAE, Qatar, Bahrain, USA, Aus",Mobile Application Developer Requiredfor UAE,0,0,0.9990673065185547,0.0009326934814453125,0.7,1,BERT:bert_class_weighted,Class weight
2250,emscad_16708,Internship offers : Business Developer (Spanish or French or German or US markets),Sales Intern,0,0,0.9996957778930664,0.00030422210693359375,0.7,1,BERT:bert_class_weighted,Class weight
2251,emscad_16714,"LEI Home Enhancements, is an Ohio based company that has been installing windows, siding, doors and decks in homes throu",Customer Service Representative,0,0,0.9998644590377808,0.00013554096221923828,0.7,1,BERT:bert_class_weighted,Class weight
2252,emscad_16720,We're Hiring!,Android Developer,0,0,0.9997752904891968,0.00022470951080322266,0.7,1,BERT:bert_class_weighted,Class weight
2253,emscad_16721,About Aflac,Benefits Consultant,0,0,0.9997413158416748,0.0002586841583251953,0.7,1,BERT:bert_class_weighted,Class weight
2254,emscad_16725,"Network Closing Services has been serving Lenders, Real Estate Consumers, and Professionals since 1999. We provide court",Title Sales Representative,0,0,0.9998294115066528,0.00017058849334716797,0.7,1,BERT:bert_class_weighted,Class weight
2255,emscad_16733,Runscope is building tools for developers working on API-driven mobile and web applications. We have a clear vision for ,Marketing Designer,0,0,0.9994044303894043,0.0005955696105957031,0.7,1,BERT:bert_class_weighted,Class weight
2256,emscad_16735,"Mageca is the first appstore for gesture controlled sensors ( kinect , leap motion , myo etc) . We want to bring the mag",Sales and Marketing,0,0,0.9993834495544434,0.0006165504455566406,0.7,1,BERT:bert_class_weighted,Class weight
2257,emscad_16752,"CARES is Alabama’s approach to the modernization of the enrollment and eligibility systems for Medicaid, Child Health In",Build Environment Manager,0,0,0.9996547698974609,0.0003452301025390625,0.7,1,BERT:bert_class_weighted,Class weight
2258,emscad_16753,"LEI Home Enhancements, is an Ohio based company that has been installing windows, siding, doors and decks in homes throu",Customer Service Reps Needed For Expansion,0,0,0.999868631362915,0.00013136863708496094,0.7,1,BERT:bert_class_weighted,Class weight
2259,emscad_16756,WE ARE GLOBAL BEACH,Design intern,0,0,0.9995858669281006,0.00041413307189941406,0.7,1,BERT:bert_class_weighted,Class weight
2260,emscad_16760,"Consulting | Birmingham, United Kingdom Since 2006, Appirio has helped companies power their business with the cloud. We","Salesforce.com Developer - Birmingham, England",0,0,0.9996287822723389,0.0003712177276611328,0.7,1,BERT:bert_class_weighted,Class weight
2261,emscad_16761,"LEI Home Enhancements, is an Ohio based company that has been installing windows, siding, doors and decks in homes throu",Customer Service Reps Needed For Expansion,0,0,0.999868631362915,0.00013136863708496094,0.7,1,BERT:bert_class_weighted,Class weight
2262,emscad_16798,Our Company currently has immediate openings for Customer Support Representatives. Our Support Team responds to any issu,Customer Support Team Member,0,0,0.9991474151611328,0.0008525848388671875,0.7,1,BERT:bert_class_weighted,Class weight
2263,emscad_16817,"Ruby on Rails Web Engineer (RoR) Now Hiring Ruby on Rails Web Engineer for one of our client in Long Beach, CA Job Role ",RoR Developer,0,0,0.9992341995239258,0.0007658004760742188,0.7,1,BERT:bert_class_weighted,Class weight
2264,emscad_16824,"LEI Home Enhancements, is an Ohio based company that has been installing windows, siding, doors and decks in homes throu",Marketing Rep Positions (Base Plus Commissions),0,0,0.9998639822006226,0.0001360177993774414,0.7,1,BERT:bert_class_weighted,Class weight
2265,emscad_16858,"1 in 6 children has developmental delay, and 1 in 68 has autism. For the millions of parents this affects, the most impo",Social Media & Community Manager,0,0,0.9997005462646484,0.0002994537353515625,0.7,1,BERT:bert_class_weighted,Class weight
2266,emscad_16862,"Maynard Consulting Company has more than 20 years experience in the biotechnology, pharmaceutical, medical device, chemi",Quality Engineer,1,1,0.00048828125,0.99951171875,0.7,1,BERT:bert_class_weighted,Class weight
2267,emscad_16866,Runscope is building tools for developers working on API-driven mobile and web applications. We have a clear vision for ,Mobile Networking Engineer,0,0,0.9991703033447266,0.0008296966552734375,0.7,1,BERT:bert_class_weighted,Class weight
2268,emscad_16869,"The Learning Lab develops and runs premier educational programs in English, Mathematics and Science at the pre-primary, ",Client Ambassador,0,0,0.9997532367706299,0.0002467632293701172,0.7,1,BERT:bert_class_weighted,Class weight
2269,emscad_16886,Debtor Daddy is the leading Debtor Tracking Add-on in the Xero Marketplace globally. We're constantly hearing stories fr,Customer Success Manager,0,0,0.9996063709259033,0.0003936290740966797,0.7,1,BERT:bert_class_weighted,Class weight
2270,emscad_16974,We bring you strong solutions!,"Electricians Needed in El Reno, OK",0,0,0.9996485710144043,0.0003514289855957031,0.7,1,BERT:bert_class_weighted,Class weight
2271,emscad_16975,"We turn your web design (PSD, PNG, AI, etc.) into a hand coded, pixel perfect and W3C compliant HTML5/CSS3/JS beauty eve",Frontend / UI Designer,0,0,0.999366283416748,0.0006337165832519531,0.7,1,BERT:bert_class_weighted,Class weight
2272,emscad_16993,Do you want to be part of a services company with both a proven record of success and planned growth? TriNet is a leadin,Senior Software Engineer (PHP),0,0,0.9997377395629883,0.00026226043701171875,0.7,1,BERT:bert_class_weighted,Class weight
2273,emscad_16999,"Network Closing Services has been serving Lenders, Real Estate Consumers, and Professionals since 1999. We provide court",Escrow Officer / Title Closer,0,0,0.9998433589935303,0.00015664100646972656,0.7,1,BERT:bert_class_weighted,Class weight
2274,emscad_17001,"LEI Home Enhancements, is an Ohio based company that has been installing windows, siding, doors and decks in homes throu",Sales and Marketing Positions,0,0,0.9998722076416016,0.0001277923583984375,0.7,1,BERT:bert_class_weighted,Class weight
2275,emscad_17020,"e-Solutions Inc. is a talent-driven consulting company providing individual consultants, project teams, and strategic ou",Tibco Architect,0,0,0.9989099502563477,0.0010900497436523438,0.7,1,BERT:bert_class_weighted,Class weight
2276,emscad_17024,"e-Solutions Inc. is a talent-driven consulting company providing individual consultants, project teams, and strategic ou",Job opening for SFDC Consultant,0,0,0.9996953010559082,0.0003046989440917969,0.7,1,BERT:bert_class_weighted,Class weight
2277,emscad_17031,"Network Closing Services has been serving Lenders, Real Estate Consumers, and Professionals since 1999. We provide court",Escrow Officer / Closer,0,0,0.9998433589935303,0.00015664100646972656,0.7,1,BERT:bert_class_weighted,Class weight
2278,emscad_17043,"We are a local company looking for an energetic, full-time Shipping & Receiving Clerk, Small Electronics Tester and Smal",Shipping & Receiving Clerk Small Electronics Tester and Small Electronics Repair Person. - NEEDED IMMEDIATELY,0,0,0.9977207183837891,0.0022792816162109375,0.7,1,BERT:bert_class_weighted,Class weight
2279,emscad_17050,HRM Recruiters is a talent search agency looking for experienced sales professionals as well as seasoned recruiters. All,Group Sales Presenters,0,0,0.9997165203094482,0.0002834796905517578,0.7,1,BERT:bert_class_weighted,Class weight
2280,emscad_17062,"Network Closing Services has been serving Lenders, Real Estate Consumers, and Professionals since 1999. We provide court",Title Settlement / Title Closer,0,0,0.9998390674591064,0.0001609325408935547,0.7,1,BERT:bert_class_weighted,Class weight
2281,emscad_17073,Position Title: Sr. Architect,Sr. Architect,0,0,0.9997631311416626,0.00023686885833740234,0.7,1,BERT:bert_class_weighted,Class weight
2282,emscad_17082,"Ideas2Life is a startup team of people in Cyprus, who are passionate about exploring, conceptualizing and developing new",Startup Team Leader,0,0,0.9995794296264648,0.00042057037353515625,0.7,1,BERT:bert_class_weighted,Class weight
2283,emscad_17092,"Novitex Enterprise Solutions, formerly Pitney Bowes Management Services, delivers innovative document and communications",Customer Service Associate,0,0,0.9998326301574707,0.00016736984252929688,0.7,1,BERT:bert_class_weighted,Class weight
2284,emscad_17093,SilverStripe CMS & Framework is an open source platform of web development tools. The platform is curated by SilverStrip,JS Developer - Platform (w/in 6 months),0,0,0.9995670318603516,0.0004329681396484375,0.7,1,BERT:bert_class_weighted,Class weight
2285,emscad_17095,"MAP Digital: MetaMeetings is a digital events agency. We elevate participants experience onsite and on the Web, enhance ",LAMP Programmer for Event Marketing Agency,0,0,0.99945068359375,0.00054931640625,0.7,1,BERT:bert_class_weighted,Class weight
2286,emscad_17098,We are seeking a qualified candidate for the position of Senior Systems Engineer who can demonstrate proof of his/her kn,Sr. Systems Engineer,0,0,0.999483585357666,0.0005164146423339844,0.7,1,BERT:bert_class_weighted,Class weight
2287,emscad_17099,Our Mission,ASP.NET MVC Full Stack Developer,0,0,0.9997522830963135,0.00024771690368652344,0.7,1,BERT:bert_class_weighted,Class weight
2288,emscad_17109,"For 40 Years, Central Office Systems has been a part of the local business community. We have always had an unwavering c",Logistics Coordinator & Client Service,0,0,0.9999135136604309,8.64863395690918e-05,0.7,1,BERT:bert_class_weighted,Class weight
2289,emscad_17110,"Maxnet offers Staff Augmentation Solutions for Big Data Analytics in Retail, Healthcare and Regulatory & Compliance.",SAP Functional Consultant,0,0,0.9996693134307861,0.0003306865692138672,0.7,1,BERT:bert_class_weighted,Class weight
2290,emscad_17147,"We’re a user experience design consultancy based in Dublin, Ireland, with an impressive list of international clients. O",Lead UX Designer,0,0,0.9995660781860352,0.00043392181396484375,0.7,1,BERT:bert_class_weighted,Class weight
2291,emscad_17154,Ripple is the Humans First® IT company. Companies partner with us to take care of thier IT so people can get more work d,Computer Support Specialist,0,0,0.9996500015258789,0.00034999847412109375,0.7,1,BERT:bert_class_weighted,Class weight
2292,emscad_17155,Ahoy there adventurer! Join us aboard the good ship Locish as we bravely steer our beloved vessel across the ocean of am,I want to work @Locish,0,0,0.999448299407959,0.0005517005920410156,0.7,1,BERT:bert_class_weighted,Class weight
2293,emscad_17165,we are a digital creative studio focused on UX & UI Design.,Account Manager,0,0,0.9995558261871338,0.00044417381286621094,0.7,1,BERT:bert_class_weighted,Class weight
2294,emscad_17176,Normal,EFL English Language Teachers for Saudi Arabia Tax Free,0,0,0.9997607469558716,0.00023925304412841797,0.7,1,BERT:bert_class_weighted,Class weight
2295,emscad_17177,About ADS Security – Our Proud History in the Security Industry,We are Growing! ADS Security -Advertising and Sales,0,0,0.9998126029968262,0.00018739700317382812,0.7,1,BERT:bert_class_weighted,Class weight
2296,emscad_17184,"At Cedexis, we’re passionate about solutions for a faster web and we need people to bring our message to the world.",Solutions Engineer,0,0,0.9996874332427979,0.00031256675720214844,0.7,1,BERT:bert_class_weighted,Class weight
2297,emscad_17198,StartTech Ventures is the investment & incubation arm of the Materializing Innovation Group and has three functions: See,Senior and Junior Flash Games Application Developer,0,0,0.9996025562286377,0.0003974437713623047,0.7,1,BERT:bert_class_weighted,Class weight
2298,emscad_17211,"Space Ape Games is an Award Winning Mobile/Social Gaming startup founded in 2012. We’re a small, high-performing team wi",Director of Finance,0,0,0.9992446899414062,0.00075531005859375,0.7,1,BERT:bert_class_weighted,Class weight
2299,emscad_17212,"From the lands of Can Do, Roll Our Sleeves Up and Get It Done, we create and solve things previously unimaginable. We’re",UX Designer + Architect,0,0,0.9996252059936523,0.00037479400634765625,0.7,1,BERT:bert_class_weighted,Class weight
2300,emscad_17226,"We provide a fresh perspective to HR and career solutions. Building on solid expertise, international experience, and a ",Graphic designer,0,0,0.99981689453125,0.00018310546875,0.7,1,BERT:bert_class_weighted,Class weight
2301,emscad_17229,Our passion for improving quality of life through geography is at the heart of everything we do. Esri’s geographic infor,Human Resources Business Partner,0,0,0.9998482465744019,0.00015175342559814453,0.7,1,BERT:bert_class_weighted,Class weight
2302,emscad_17240,"The MarketMaker4 leadership team has extensive experience in e-procurement, online auctions, market intelligence, strate",Global Category Manager - IT/MRO/HR,0,0,0.99981689453125,0.00018310546875,0.7,1,BERT:bert_class_weighted,Class weight
2303,emscad_17246,A rewarding career at sea,Coxswain - PSV,0,0,0.9996359348297119,0.00036406517028808594,0.7,1,BERT:bert_class_weighted,Class weight
2304,emscad_17256,"Populist Cleaning Co. is an independently owned, full-service commercial cleaning company. Populist has been providing j",Part Time Day Porter- Light Cleaning Duties,0,0,0.999841570854187,0.00015842914581298828,0.7,1,BERT:bert_class_weighted,Class weight
2305,emscad_17257,The purpose of the Sales Training function is to make sure that all front sales personnel is properly trained in all pro,Senior Sales Trainer,0,0,0.9986457824707031,0.001354217529296875,0.7,1,BERT:bert_class_weighted,Class weight
2306,emscad_17258,"This engineer will administrator our enterprise database solutions and will routinely work with vendors, project manager",Oracle DBA,0,0,0.9996011257171631,0.00039887428283691406,0.7,1,BERT:bert_class_weighted,Class weight
2307,emscad_17270,Inviting inspirational individuals,Lead Creative Designer,0,0,0.9997477531433105,0.0002522468566894531,0.7,1,BERT:bert_class_weighted,Class weight
2308,emscad_17272,"At Atlas Lift Tech, safety always comes first! We are a fast growing company with an innovative vision of making Safe Pa",EMTs (Lift Coaches) San Francisco,0,0,0.9998147487640381,0.00018525123596191406,0.7,1,BERT:bert_class_weighted,Class weight
2309,emscad_17276,POSist is a completely cloud based POS for Restaurant industry.. It helps a standalone food outlet to a large food chain,Area Sales Manager - Ahmedabad,0,0,0.9997621774673462,0.0002378225326538086,0.7,1,BERT:bert_class_weighted,Class weight
2310,emscad_17283,Bletchley is a design-focused engineering-led company building software for the web and mobile. We're a dozen person tea,QA Engineer (Contract),0,0,0.9992890357971191,0.0007109642028808594,0.7,1,BERT:bert_class_weighted,Class weight
2311,emscad_17293,"Founded by serial entrepreneur Clive Jackson and launched in 2011, Victor is one of the world’s most trusted names in pr",Lead developer,0,0,0.9997551441192627,0.0002448558807373047,0.7,1,BERT:bert_class_weighted,Class weight
2312,emscad_17299,Position Title: Planning Assistant Location: Karachi Sector: Education Company type: Prestigious University -- with most,Planning Assistant,0,0,0.998682975769043,0.0013170242309570312,0.7,1,BERT:bert_class_weighted,Class weight
2313,emscad_17302,"Social Care Alba is the highest graded Care at Home Company in the country. We hold awards in Investors in People, Healt",Care Worker (Personal Assistant),0,0,0.99981689453125,0.00018310546875,0.7,1,BERT:bert_class_weighted,Class weight
2314,emscad_17305,Kettle is an independent digital agency based in New York City and the Bay Area. We’re committed to making digital do mo,Art Director,0,0,0.999661922454834,0.0003380775451660156,0.7,1,BERT:bert_class_weighted,Class weight
2315,emscad_17326,MERL's internship program gives students excellent opportunities to work in an industrial research lab environment side-,Machine learning and time series analysis,0,0,0.9995882511138916,0.00041174888610839844,0.7,1,BERT:bert_class_weighted,Class weight
2316,emscad_17335,MRSI is a nonprofit organization established in 1977 by a group of parents and professionals as a local alternative to t,Health & Wellness Coordinator,0,0,0.9996678829193115,0.00033211708068847656,0.7,1,BERT:bert_class_weighted,Class weight
2317,emscad_17342,We need awesome people!,Database Developer Search,0,0,0.9997074604034424,0.0002925395965576172,0.7,1,BERT:bert_class_weighted,Class weight
2318,emscad_17353,"Depop is an exciting new mobile marketplace where you can sell things by simply taking a picture, as well as follow your",Head of Operations,0,0,0.999748706817627,0.0002512931823730469,0.7,1,BERT:bert_class_weighted,Class weight
2319,emscad_17357,H WEDIA είναι μια ταχύτατα αναπτυσσόμενη ελληνική digital εταιρεία που δραστηριοποιείται από το 2009 στο χώρο των ψηφιακ,Back End .NET Developer,0,0,0.9997988939285278,0.00020110607147216797,0.7,1,BERT:bert_class_weighted,Class weight
2320,emscad_17369,Experience Required: 1-3 years Education Required: Bachelors Degree Job Description: This is an ideal opportunity for an,"SYSTEM ENGINEER, ANALYTICS PLATFORM",0,0,0.9988527297973633,0.0011472702026367188,0.7,1,BERT:bert_class_weighted,Class weight
2321,emscad_17388,"Growing event production company providing staging, scenic, and drapery primarily in the state of Florida. We have a sec",Full Time Bookkeeper / Accounting Assistant,0,0,0.9997934103012085,0.0002065896987915039,0.7,1,BERT:bert_class_weighted,Class weight
2322,emscad_17393,"Frequency540 (FQ540) is a full service digital agency focused on creating prosperity for our clients, our people, and pa",Creative Director,0,0,0.9996094703674316,0.0003905296325683594,0.7,1,BERT:bert_class_weighted,Class weight
2323,emscad_17401,"Westview Financial Services , located in Hampton, VA has a full-time Sales Representative position available immediately",Sales Representative,0,0,0.999685525894165,0.00031447410583496094,0.7,1,BERT:bert_class_weighted,Class weight
2324,emscad_17411,"Cohaesus is a trusted partner to the world's greatest advertising, marketing, communications and creative agencies. By b",Web Developer,0,0,0.9997279644012451,0.0002720355987548828,0.7,1,BERT:bert_class_weighted,Class weight
2325,emscad_17430,"Depop is an exciting new mobile marketplace where you can sell things by simply taking a picture, as well as follow your",Customer Service Representative,0,0,0.999683141708374,0.00031685829162597656,0.7,1,BERT:bert_class_weighted,Class weight
2326,emscad_17432,MERL's internship program gives students excellent opportunities to work in an industrial research lab environment side-,SA807: Object detection and embedded vision,0,0,0.9997198581695557,0.00028014183044433594,0.7,1,BERT:bert_class_weighted,Class weight
2327,emscad_17447,#URL_c379aa631173ed5b7c345ab3f500a9a053e509138ca70e52c1088e5a784dc8d7# is a modern online travel agency that was founded,IT Manager,0,0,0.9997626543045044,0.00023734569549560547,0.7,1,BERT:bert_class_weighted,Class weight
2328,emscad_17465,"At Sensai, our goal is to quantify the world. From big data stores of corporate documents to fast moving flows of web, s",Java Developer,0,0,0.9994449615478516,0.0005550384521484375,0.7,1,BERT:bert_class_weighted,Class weight
2329,emscad_17467,VisaHQ hires a diverse and internationally minded staff of professional and reliable employees who are dedicated to brea,Got Talent?,0,0,0.9997527599334717,0.0002472400665283203,0.7,1,BERT:bert_class_weighted,Class weight
2330,emscad_17480,"We're Thread, and we're trying to reinvent retail so guys can dress well without being subjected to the horrors of high ",Menswear Stylist,0,0,0.9997236728668213,0.00027632713317871094,0.7,1,BERT:bert_class_weighted,Class weight
2331,emscad_17489,PowerbyProxi and its customers are leading a revolution to deliver unplugged power. We have changed the way electricity ,Management Accountant,0,0,0.9998377561569214,0.00016224384307861328,0.7,1,BERT:bert_class_weighted,Class weight
2332,emscad_17500,Climb Credit is a student lending company that partners with schools that have proven to give their graduates greater po,Sales/Relationship Management Associate,0,0,0.9997631311416626,0.00023686885833740234,0.7,1,BERT:bert_class_weighted,Class weight
2333,emscad_17514,N/A,Office Manager,1,1,0.06298828125,0.93701171875,0.7,1,BERT:bert_class_weighted,Class weight
2334,emscad_17528,Independent Optometrist office looking for a friendly individual to join our practice. Must be customer service oriented,Receptionist/Front Desk,1,1,0.0009765625,0.9990234375,0.7,1,BERT:bert_class_weighted,Class weight
2335,emscad_17531,Looking for work?,Casual job/Immediate start,1,0,0.9988212585449219,0.001178741455078125,0.7,0,BERT:bert_class_weighted,Class weight
2336,emscad_17536,"Optometric practice is seeking a full-time Optical Sales for our Newport Coast, California location. Looking for a perso",Optical Sales,1,1,0.0,1.0,0.7,1,BERT:bert_class_weighted,Class weight
2337,emscad_17544,Make money from home . Earn up to $100 a day posting ads on the internet & taking inbound calls. Please call me @ #PHONE,Customer Service Rep,1,1,0.0,1.0,0.7,1,BERT:bert_class_weighted,Class weight
2338,emscad_17565,"Daily Money Team is the industry leader for the innovation of money making systems, providing reliable work for those wh",Daily Money Team Representative,1,0,0.9992504119873047,0.0007495880126953125,0.7,0,BERT:bert_class_weighted,Class weight
2339,emscad_17567,Apply using below link,Clinical Director - Surgical Services,1,1,0.0,1.0,0.7,1,BERT:bert_class_weighted,Class weight
2340,emscad_17569,We are a company looking for qualified individuals to help out with writing tasks such as: - Short stories - Movie scrip,Writers,1,1,0.01318359375,0.98681640625,0.7,1,BERT:bert_class_weighted,Class weight
2341,emscad_17573,Are you looking for a job that allows you to work flexibly at your own time and comfortably own home? Are you looking fo,Home Based Typist (Full/Part Time),1,1,0.0009765625,0.9990234375,0.7,1,BERT:bert_class_weighted,Class weight
2342,emscad_17580,This is an exciting job opportunity for those who would like to an individual to join innovative company. The company is,Assistant position. The best job is waiting for you!!!,1,1,0.0,1.0,0.7,1,BERT:bert_class_weighted,Class weight
2343,emscad_17597,We have aggressive growth plans in place for the coming years. We provide a much needed service in facilitating the grow,"Account Manager $80-$130,000/yr",1,1,0.0,1.0,0.7,1,BERT:bert_class_weighted,Class weight
2344,emscad_17604,We are a nationwide recruiting and training firm that recruits and trains entry-level employees in the skilled trade ind,Call Center Representative,1,0,0.9997653961181641,0.0002346038818359375,0.7,0,BERT:bert_class_weighted,Class weight
2345,emscad_17617,2018,CNC Programmer,1,1,0.0,1.0,0.7,1,BERT:bert_class_weighted,Class weight
2346,emscad_17659,2141,Quality Manager Automated Manufacturing 2141,1,1,0.0,1.0,0.7,1,BERT:bert_class_weighted,Class weight
2347,emscad_17667,Burrell Behavioral Health is seeking qualified candidates for a Customer Service Representative positions at three clini,Customer Service Representative,1,0,0.9996917247772217,0.0003082752227783203,0.7,0,BERT:bert_class_weighted,Class weight
2348,emscad_17673,"As the industry’s largest supply contracting company, Novation serves the purchasing needs of more than 65,000 VHA, UHC ",Data Entry Clerk,1,1,0.0,1.0,0.7,1,BERT:bert_class_weighted,Class weight
2349,emscad_17674,Greetings from VAM SYSTEMS.....,Urgently Required Senior VMware and MS Windows Systems Administrator for Qatar.,1,1,0.0,1.0,0.7,1,BERT:bert_class_weighted,Class weight
2350,emscad_17688,We are seeking extremely motivated and experienced individual for position of Data Entry clerk/Administartive Asistance/,Data Entry,1,1,0.0,1.0,0.7,1,BERT:bert_class_weighted,Class weight
2351,emscad_17713,Apply using below link,Ambulatory Surgery and Endoscopy RN Operations Manager,1,1,0.0,1.0,0.7,1,BERT:bert_class_weighted,Class weight
2352,emscad_17723,We are Looking for a person with strong writing skills and demonstrable experience building Microsoft Excel spreadsheets,administrative assistance,1,0,0.9993577003479004,0.0006422996520996094,0.7,0,BERT:bert_class_weighted,Class weight
2353,emscad_17727,"""Let us show you how we've taught others just like you to earn an executive level income from home”.",Work From Home,1,1,0.00048828125,0.99951171875,0.7,1,BERT:bert_class_weighted,Class weight
2354,emscad_17741,"Calling all hungry , young & fresh designers !!!! We want you for a brand & logo design contest . Local startup business",Brand & Logo Design Contest,1,0,0.999570369720459,0.0004296302795410156,0.7,0,BERT:bert_class_weighted,Class weight
2355,emscad_17769,Times are tough!,No Scams--Legitimate Work From Home Jobs,1,0,0.32373046875,0.67626953125,0.7,0,BERT:bert_class_weighted,Class weight
2356,emscad_17775,"Long term established and respected Optometric practice is seeking a full-time Optician for our Eagan, Minnesota locatio",Optician,1,1,0.0,1.0,0.7,1,BERT:bert_class_weighted,Class weight
2357,emscad_17776,"processing letters, proposals and contracts in an accurate and timely manner effectively communicating with clients coor",Administrative Clerk,1,1,0.0,1.0,0.7,1,BERT:bert_class_weighted,Class weight
2358,emscad_17783,"PART TIMERS Required For Cash Pay Jobs. You can do it all from home, in your free time, at your own place. Spend 30 minu",PART TIMERS Required For Cash Pay Jobs.,1,1,0.0,1.0,0.7,1,BERT:bert_class_weighted,Class weight
2359,emscad_17794,Staffing & Recruiting done right for the Oil & Energy Industry!,Project Controls Technician,1,1,0.0,1.0,0.7,1,BERT:bert_class_weighted,Class weight
2360,emscad_17797,"Basic Job Duties Include:-Answer all incoming lines, transfer and screen calls -File, fax, and scan among other tasks -G",Office Assistant/Clerical Administrative,1,1,0.0,1.0,0.7,1,BERT:bert_class_weighted,Class weight
2361,emscad_17811,"We have the demand. We are looking for people that are quick learners, and are very efficient, to handle the demand. We ","Business Opportunity P/T,F/T Available",1,1,0.0703125,0.9296875,0.7,1,BERT:bert_class_weighted,Class weight
2362,emscad_17816,"Urgent Cash Jobs, Part Time & Full Time. No Experience Required And Never Any Fees. Work Anytime 1 To 2 Hrs Daily In Fre","Urgent Cash Jobs, Part Time & Full Time.",1,1,0.0,1.0,0.7,1,BERT:bert_class_weighted,Class weight
2363,emscad_17823,Analyze the excel books of the franchise and then post them online for him to use.,5 Guys,1,1,0.005859375,0.994140625,0.7,1,BERT:bert_class_weighted,Class weight
2364,emscad_17840,Job Title: SAS Grid Developer,SAS Grid Developer,0,0,0.9949188232421875,0.0050811767578125,0.7,1,BERT:bert_class_weighted,Class weight
2365,emscad_17843,We are on a mission: Making cities smarter.,Mobile Product Designer,0,0,0.999457836151123,0.0005421638488769531,0.7,1,BERT:bert_class_weighted,Class weight
2366,emscad_17847,"Frequency540 (FQ540) is a full service digital agency focused on creating prosperity for our clients, our people, and pa",Project Manager,0,0,0.999457836151123,0.0005421638488769531,0.7,1,BERT:bert_class_weighted,Class weight
2367,emscad_17853,GWT Expert,GWT Expert,0,0,0.9991555213928223,0.0008444786071777344,0.7,1,BERT:bert_class_weighted,Class weight
2368,emscad_17860,Greetings from VAM SYSTEMS.....,Immediate Requirement: iOS Developer for Qatar,0,1,0.0068359375,0.9931640625,0.7,0,BERT:bert_class_weighted,Class weight
2369,emscad_17865,MERL's internship program gives students excellent opportunities to work in an industrial research lab environment side-,Next Generation Depth Sensing,0,0,0.9996457099914551,0.0003542900085449219,0.7,1,BERT:bert_class_weighted,Class weight
2370,emscad_17866,We're hiring!,Portfolio Development Associate - Paris & rest of France,0,0,0.9997804164886475,0.00021958351135253906,0.7,1,BERT:bert_class_weighted,Class weight
2371,emscad_17878,We Provide Full Time Permanent Positions for many medium to large US companies. We are interested in finding/recruiting ,Project Cost Control Staff Engineer - Cost Control Exp - TX,0,0,0.9997925758361816,0.00020742416381835938,0.7,1,BERT:bert_class_weighted,Class weight
