sample_index,original_id,company,title,true_label,predicted_label,legitimate_probability,fraud_probability,threshold,correct,model_name,imbalance_strategy
0,emscad_00002,"90 Seconds, the worlds Cloud Video Production Service.",Customer Service - Cloud Video Production,0,0,0.9997305870056152,0.0002694129943847656,0.8,1,BERT:bert_class_weighted,Class weight
1,emscad_00008,Airenvy’s mission is to provide lucrative yet hassle free full service short term property management all around the wor,Lead Guest Service Specialist,0,0,0.999704122543335,0.00029587745666503906,0.8,1,BERT:bert_class_weighted,Class weight
2,emscad_00010,"Novitex Enterprise Solutions, formerly Pitney Bowes Management Services, delivers innovative document and communications",Customer Service Associate - Part Time,0,0,0.9997403621673584,0.00025963783264160156,0.8,1,BERT:bert_class_weighted,Class weight
3,emscad_00013,"Novitex Enterprise Solutions, formerly Pitney Bowes Management Services, delivers innovative document and communications","Applications Developer, Digital",0,0,0.9997589588165283,0.0002410411834716797,0.8,1,BERT:bert_class_weighted,Class weight
4,emscad_00037,We help teachers get safe & secure jobs abroad :),Graduates: English Teacher Abroad,0,0,0.9997704029083252,0.0002295970916748047,0.8,1,BERT:bert_class_weighted,Class weight
5,emscad_00044,"Novitex Enterprise Solutions, formerly Pitney Bowes Management Services, delivers innovative document and communications",Customer Service Associate Receptionist,0,0,0.9997289180755615,0.00027108192443847656,0.8,1,BERT:bert_class_weighted,Class weight
6,emscad_00047,History & Background,Entry Level,0,0,0.98291015625,0.01708984375,0.8,1,BERT:bert_class_weighted,Class weight
7,emscad_00048,"Novitex Enterprise Solutions, formerly Pitney Bowes Management Services, delivers innovative document and communications",Customer Service Associate,0,0,0.9997413158416748,0.0002586841583251953,0.8,1,BERT:bert_class_weighted,Class weight
8,emscad_00070,Position # 1,Ruby Automation Engineer & Ruby on Rails Engineer - 2 roles,0,0,0.9986171722412109,0.0013828277587890625,0.8,1,BERT:bert_class_weighted,Class weight
9,emscad_00074,A well-known hospital in Dubai is looking for a full - time Specialist Obs./Gynec. (having DHA/HAAD/MOH License) to join,Specialist Obs/Gyn,0,0,0.9994354248046875,0.0005645751953125,0.8,1,BERT:bert_class_weighted,Class weight
10,emscad_00078,DataFinch Technologies is the leader in electronic data collection for the Autism and Special education fields. We have ,Mid-Senior .NET or Xamarin Developer,0,0,0.9996633529663086,0.00033664703369140625,0.8,1,BERT:bert_class_weighted,Class weight
11,emscad_00081,We help teachers get safe & secure jobs abroad :),English Teacher Abroad,0,0,0.9997690916061401,0.00023090839385986328,0.8,1,BERT:bert_class_weighted,Class weight
12,emscad_00086,Green Street Advisors is the industry leader in real estate and real estate investment trust (REITs) research for over 2,Research Associate,0,0,0.9996862411499023,0.00031375885009765625,0.8,1,BERT:bert_class_weighted,Class weight
13,emscad_00098,"Novitex Enterprise Solutions, formerly Pitney Bowes Management Services, delivers innovative document and communications",Customer Service Associate,0,0,0.999739408493042,0.0002605915069580078,0.8,1,BERT:bert_class_weighted,Class weight
14,emscad_00099,Staffing & Recruiting done right for the Oil & Energy Industry!,IC&E Technician,1,1,0.00048828125,0.99951171875,0.8,1,BERT:bert_class_weighted,Class weight
15,emscad_00106,GetCloudServices is a privately held technology services firm founded in 2003. We are a leader in the professional cloud,Manager of Support Services,0,0,0.9997327327728271,0.00026726722717285156,0.8,1,BERT:bert_class_weighted,Class weight
16,emscad_00108,"Based in Hoxton, London, Forward Partners are a “startup catalyst”, combining investment with practical hands-on experti",Senior Developer at a Startup Investment Studio,0,0,0.999771237373352,0.00022876262664794922,0.8,1,BERT:bert_class_weighted,Class weight
17,emscad_00110,"Novitex Enterprise Solutions, formerly Pitney Bowes Management Services, delivers innovative document and communications",Director of Client Engagement,0,0,0.9997069835662842,0.0002930164337158203,0.8,1,BERT:bert_class_weighted,Class weight
18,emscad_00113,"Novitex Enterprise Solutions, formerly Pitney Bowes Management Services, delivers innovative document and communications",Customer Service Associate - Part Time,0,0,0.9997453689575195,0.00025463104248046875,0.8,1,BERT:bert_class_weighted,Class weight
19,emscad_00118,"Kappa Search, Inc. is one of the leading sourcing and placement firms in the nation. Located in downtown Chicago, KSI fo",Materials Manager,0,0,0.9995388984680176,0.0004611015319824219,0.8,1,BERT:bert_class_weighted,Class weight
20,emscad_00128,United Med Force was created due to the high demand for elite sales professionals in the healthcare industry. United Med,Pharmaceutical / Compound Sales Representative- Georgia,0,0,0.999685525894165,0.00031447410583496094,0.8,1,BERT:bert_class_weighted,Class weight
21,emscad_00149,StartTech Ventures is the investment & incubation arm of the Materializing Innovation Group and has three functions: See,UI/UX developer at StartTech Ventures,0,0,0.9997372627258301,0.0002627372741699219,0.8,1,BERT:bert_class_weighted,Class weight
22,emscad_00150,Our passion for improving quality of life through geography is at the heart of everything we do. Esri’s geographic infor,Account Executive - Philadelphia,0,0,0.9996566772460938,0.00034332275390625,0.8,1,BERT:bert_class_weighted,Class weight
23,emscad_00153,"Dering Hall, #URL_5f3201a601e42a814d6d0724e0b94a4cf371abcd4b89ec239e909fe96a4b8521#, is to the online marketplace that f",Digital Sales Manager - High End Decor,0,0,0.9996874332427979,0.00031256675720214844,0.8,1,BERT:bert_class_weighted,Class weight
24,emscad_00166,Digital Shadows is a cyber threat intelligence company that protects organisations from data loss and targeted cyber att,Sales and Marketing Intern,0,0,0.9997658729553223,0.00023412704467773438,0.8,1,BERT:bert_class_weighted,Class weight
25,emscad_00183,"Valor Services provides Workforce Solutions that meet the needs of companies across the Private Sector, with a special f",Facilities Engineer,0,0,0.999701738357544,0.0002982616424560547,0.8,1,BERT:bert_class_weighted,Class weight
26,emscad_00194,TrueGreece is a leading luxury travel company with a mission of delivering a GreekIslands experience focused on authenti,Sales and Operations Associate,0,0,0.9996626377105713,0.00033736228942871094,0.8,1,BERT:bert_class_weighted,Class weight
27,emscad_00202,EUROPEAN DYNAMICS (#URL_c66532ffa1ce76ab447da6774719060c42c584edbf44d74cdb94fc4ac219ca45#) is a leading European Softwar,JAVA Solution Architect,0,0,0.9997448921203613,0.0002551078796386719,0.8,1,BERT:bert_class_weighted,Class weight
28,emscad_00222,Established on the principles that full time education is not for everyone Spectrum Learning is made up of a team of pas,DN4 Apprentice Admin Assistant Under NAS 16-18 Year Olds Only,0,0,0.9997690916061401,0.00023090839385986328,0.8,1,BERT:bert_class_weighted,Class weight
29,emscad_00223,WHO WE ARE In2media has ever since the early start in 1994 grown into being a full service digital agency. Following the,Lead Creative Developer,0,0,0.9997494220733643,0.0002505779266357422,0.8,1,BERT:bert_class_weighted,Class weight
30,emscad_00229,Outstanding Member Service Starts With Outstanding People,Branch Associate,0,0,0.9996893405914307,0.00031065940856933594,0.8,1,BERT:bert_class_weighted,Class weight
31,emscad_00238,We help teachers get safe & secure jobs abroad :),English Teacher Abroad,0,0,0.9997690916061401,0.00023090839385986328,0.8,1,BERT:bert_class_weighted,Class weight
32,emscad_00241,"Novitex Enterprise Solutions, formerly Pitney Bowes Management Services, delivers innovative document and communications",Customer Service Associate,0,0,0.9997372627258301,0.0002627372741699219,0.8,1,BERT:bert_class_weighted,Class weight
33,emscad_00249,MarketInvoice is one of the most high-profile London based fin-tech companies. The Company is Europe’s leading P2P invoi,Head of Investor Development,0,0,0.9997589588165283,0.0002410411834716797,0.8,1,BERT:bert_class_weighted,Class weight
34,emscad_00253,We Provide Full Time Permanent Positions for many medium to large US companies. We are interested in finding/recruiting ,Food Quality,0,0,0.9997527599334717,0.0002472400665283203,0.8,1,BERT:bert_class_weighted,Class weight
35,emscad_00266,Casper is a sleep startup that re-imagines the experience of purchasing a mattress. We launched in April 2014 with an ou,Office Manager/Executive Assistant,0,0,0.9997439384460449,0.0002560615539550781,0.8,1,BERT:bert_class_weighted,Class weight
36,emscad_00268,"Novitex Enterprise Solutions, formerly Pitney Bowes Management Services, delivers innovative document and communications",Customer Service Associate,0,0,0.9997413158416748,0.0002586841583251953,0.8,1,BERT:bert_class_weighted,Class weight
37,emscad_00273,We Provide Full Time Permanent Positions for many medium to large US companies. We are interested in finding/recruiting ,Regional Field Sales Representative,0,0,0.999713659286499,0.00028634071350097656,0.8,1,BERT:bert_class_weighted,Class weight
38,emscad_00278,SilverStripe CMS & Framework is an open source platform of web development tools. The platform is curated by SilverStrip,Automated Test Analyst,0,0,0.9997546672821045,0.0002453327178955078,0.8,1,BERT:bert_class_weighted,Class weight
39,emscad_00289,"ABC Supply Co., Inc. is the nation’s largest wholesale distributor of roofing and one of the largest distributors of sid",Outside Sales Professional,0,0,0.9995882511138916,0.00041174888610839844,0.8,1,BERT:bert_class_weighted,Class weight
40,emscad_00290,"StudyHall creates opportunities for college, university students, and recent graduates, to work with the best companies ","Intern with Google, Microsoft, Facebook and more! at Studyhall.com",0,0,0.9997503757476807,0.00024962425231933594,0.8,1,BERT:bert_class_weighted,Class weight
41,emscad_00305,"Novitex Enterprise Solutions, formerly Pitney Bowes Management Services, delivers innovative document and communications",Litigation Support Analyst,0,0,0.9997293949127197,0.00027060508728027344,0.8,1,BERT:bert_class_weighted,Class weight
42,emscad_00308,hello world,Product Manager Mobile Apps (m/w),0,0,0.9997351169586182,0.00026488304138183594,0.8,1,BERT:bert_class_weighted,Class weight
43,emscad_00312,"Novitex Enterprise Solutions, formerly Pitney Bowes Management Services, delivers innovative document and communications",Customer Service Associate - Part Time,0,0,0.9997444152832031,0.000255584716796875,0.8,1,BERT:bert_class_weighted,Class weight
44,emscad_00315,Thanks for visiting our Job Board. Please review our open positions and apply to the positions that match your qualifica,International Recruitment Manager,0,0,0.9996862411499023,0.00031375885009765625,0.8,1,BERT:bert_class_weighted,Class weight
45,emscad_00326,"Gelato Group is a SaaS company. We've developed a global print engine integrated with the print ecosystem’s key players,",Head of Quality Assurance,0,0,0.9997208118438721,0.0002791881561279297,0.8,1,BERT:bert_class_weighted,Class weight
46,emscad_00329,We help teachers get safe & secure jobs abroad :),English Teacher Abroad,0,0,0.9997690916061401,0.00023090839385986328,0.8,1,BERT:bert_class_weighted,Class weight
47,emscad_00331,We help teachers get safe & secure jobs abroad :),Graduates: English Teacher Abroad,0,0,0.9997704029083252,0.0002295970916748047,0.8,1,BERT:bert_class_weighted,Class weight
48,emscad_00335,"Our client, an established IT Consulting firm which focuses on both Traditional Infrastructure as well Cloud Computing, ",IT Consultant/Engineer Position Available,0,0,0.999661922454834,0.0003380775451660156,0.8,1,BERT:bert_class_weighted,Class weight
49,emscad_00337,"Optimy is a fast-growing company that develops and sells a unique solution (as a SaaS web- application) for sponsorship,",Sales Trainee,0,0,0.9997305870056152,0.0002694129943847656,0.8,1,BERT:bert_class_weighted,Class weight
50,emscad_00348,We help teachers get safe & secure jobs abroad :),English Teacher Abroad,0,0,0.9997690916061401,0.00023090839385986328,0.8,1,BERT:bert_class_weighted,Class weight
51,emscad_00351,"The MarketMaker4 leadership team has extensive experience in e-procurement, online auctions, market intelligence, strate",Global Sourcing Buyer,0,0,0.9997289180755615,0.00027108192443847656,0.8,1,BERT:bert_class_weighted,Class weight
52,emscad_00358,Looking for adventurous people to join a thriving industry. We offer training and competitive earnings. Find out why imp,Financing Auto(car) sales,1,0,0.9993867874145508,0.0006132125854492188,0.8,0,BERT:bert_class_weighted,Class weight
53,emscad_00365,We believe cities are complicated. And your mobile device should save you from the everyday challenges of living in them,Intern,0,0,0.9997310638427734,0.0002689361572265625,0.8,1,BERT:bert_class_weighted,Class weight
54,emscad_00373,Green Street Advisors is the industry leader in real estate and real estate investment trust (REITs) research for over 2,2015 MBA Internship - Advisory & Consulting,0,0,0.9996945858001709,0.00030541419982910156,0.8,1,BERT:bert_class_weighted,Class weight
55,emscad_00379,CE Learning Systems is looking for a Web Developer to join our small but dedicated team. This is for an employee positio,Web Developer - PHP,0,0,0.9997148513793945,0.00028514862060546875,0.8,1,BERT:bert_class_weighted,Class weight
56,emscad_00385,We Provide Full Time Permanent Positions for many medium to large US companies. We are interested in finding/recruiting ,Regional Inside Sales Representative,0,0,0.9997236728668213,0.00027632713317871094,0.8,1,BERT:bert_class_weighted,Class weight
57,emscad_00388,"Industrial Color Software is a division of Industrial Color Brands, a family of vertically integrated creative productio",Quality Assurance Engineer,0,0,0.9996252059936523,0.00037479400634765625,0.8,1,BERT:bert_class_weighted,Class weight
58,emscad_00389,Franq is a POS development house. We are part of a larger business called ImPOS.,Full-stack JavaScript Software Developer,0,0,0.9997289180755615,0.00027108192443847656,0.8,1,BERT:bert_class_weighted,Class weight
59,emscad_00394,"Novitex Enterprise Solutions, formerly Pitney Bowes Management Services, delivers innovative document and communications",Receptionist - Part Time,0,0,0.9997532367706299,0.0002467632293701172,0.8,1,BERT:bert_class_weighted,Class weight
60,emscad_00395,"Since 2001, RL Zapin Associates has been a recognized leader in the placement of mid to senior level Analytics professio","Director, Analytics",0,0,0.9989452362060547,0.0010547637939453125,0.8,1,BERT:bert_class_weighted,Class weight
61,emscad_00397,SERVER ADMINISTRATOR,IT System Engineer,0,0,0.9996309280395508,0.00036907196044921875,0.8,1,BERT:bert_class_weighted,Class weight
62,emscad_00411,Viva Online Services is the leading Greek online services website providing online services in various sectors like Trav,Systems engineer / network administrator,0,0,0.9996280670166016,0.0003719329833984375,0.8,1,BERT:bert_class_weighted,Class weight
63,emscad_00414,Established on the principles that full time education is not for everyone Spectrum Learning is made up of a team of pas,B2 4RN Business Admin Apprenticeship Under NAS 16-18 Year Olds Only,0,0,0.9997735023498535,0.00022649765014648438,0.8,1,BERT:bert_class_weighted,Class weight
64,emscad_00438,We help teachers get safe & secure jobs abroad :),English Teacher Abroad,0,0,0.9997676610946655,0.00023233890533447266,0.8,1,BERT:bert_class_weighted,Class weight
65,emscad_00440,Company Website: #URL_b0bc289d014ce1647b7dbe8ffe0e121d1f3ded55cbf9e3c20987b3cf1f8d3b5d#,Sales Manager,0,0,0.9996910095214844,0.000308990478515625,0.8,1,BERT:bert_class_weighted,Class weight
66,emscad_00449,"In 2011, Veeshee launched as an online monogramming boutique. As the Veeshee dream evolved from monogrammed gifts to com",Seamstress,0,0,0.9997532367706299,0.0002467632293701172,0.8,1,BERT:bert_class_weighted,Class weight
67,emscad_00454,"WellAware is an oil field communications and software-as-a-service (SaaS) company based in San Antonio, TX that provides",Senior Software Engineer - Mobile,0,0,0.9996592998504639,0.0003407001495361328,0.8,1,BERT:bert_class_weighted,Class weight
68,emscad_00457,hello world,Customer Service Agent,0,0,0.9995875358581543,0.0004124641418457031,0.8,1,BERT:bert_class_weighted,Class weight
69,emscad_00472,Job Overview,Geologist,0,0,0.9996025562286377,0.0003974437713623047,0.8,1,BERT:bert_class_weighted,Class weight
70,emscad_00481,Balanced Labs exists to provide accountants and small businesses everywhere with a better life through intelligent and e,Senior Visual Interaction Designer / Art Director,0,0,0.9997467994689941,0.0002532005310058594,0.8,1,BERT:bert_class_weighted,Class weight
71,emscad_00486,EROAD was established to modernise New Zealand’s paper-based RUC regime and in 2009 launched the world’s first GPS/cellu,Front End Web Developer,0,0,0.9997589588165283,0.0002410411834716797,0.8,1,BERT:bert_class_weighted,Class weight
72,emscad_00490,Established on the principles that full time education is not for everyone Spectrum Learning is made up of a team of pas,BD23 Customer Service Apprenticeship Under NAS 16-24 Year Olds Only,0,0,0.9997668266296387,0.00023317337036132812,0.8,1,BERT:bert_class_weighted,Class weight
73,emscad_00492,Ευκαιρίες Εργασίας στο #URL_a38fcd24d7eeecf239b16f8996d1d881661dc0dbf4d447c4df71781d829512c4#,Web U.I./U.X. Designer,0,0,0.9993882179260254,0.0006117820739746094,0.8,1,BERT:bert_class_weighted,Class weight
74,emscad_00501,About Us.,Full Stack Business Development Manager,0,0,0.9989900588989258,0.0010099411010742188,0.8,1,BERT:bert_class_weighted,Class weight
75,emscad_00518,"Friend MTS is a leading provider of technology to the media and entertainment industry. Specialising in video security, ",Web UI Engineer,0,0,0.999741792678833,0.0002582073211669922,0.8,1,BERT:bert_class_weighted,Class weight
76,emscad_00519,Looking for a Consultant with experience in working with Arizona dairies and farmers. Must understand the basic principl,Dairy & Farming Consultant,0,0,0.9949798583984375,0.0050201416015625,0.8,1,BERT:bert_class_weighted,Class weight
77,emscad_00530,An individual must be able to successfully perform the essential functions of this position with or without a reasonable,Junior Forecaster,0,0,0.9927406311035156,0.007259368896484375,0.8,1,BERT:bert_class_weighted,Class weight
78,emscad_00541,"Digital Ad Sales Account Executive Experience : 2 - 7 years Location : New York, NY",Advertising Sales/Account Executive,0,0,0.9970989227294922,0.0029010772705078125,0.8,1,BERT:bert_class_weighted,Class weight
79,emscad_00543,"Optimal Business Action was created in 2005 in order to provide high quality, personalized HR services to medium and lar",Key Account Manager,0,0,0.9997053146362305,0.00029468536376953125,0.8,1,BERT:bert_class_weighted,Class weight
80,emscad_00551,A Midwife to Joshu's Mobile Applications with high sense of ownership.,Android Tech Lead,0,0,0.9992327690124512,0.0007672309875488281,0.8,1,BERT:bert_class_weighted,Class weight
81,emscad_00552,We help teachers get safe & secure jobs abroad :),English Teacher Abroad,0,0,0.9997690916061401,0.00023090839385986328,0.8,1,BERT:bert_class_weighted,Class weight
82,emscad_00559,Are you looking to start your career in the financial world or are working within an existing financial services company,Client Relationship Managers,0,0,0.9954948425292969,0.004505157470703125,0.8,1,BERT:bert_class_weighted,Class weight
83,emscad_00565,"StudyHall creates opportunities for college, university students, and recent graduates, to work with the best companies ",Wordpress Designer and Expert for Startup | StudyHall.com,0,0,0.9997444152832031,0.000255584716796875,0.8,1,BERT:bert_class_weighted,Class weight
84,emscad_00570,We help teachers get safe & secure jobs abroad :),English Teacher Abroad,0,0,0.9997690916061401,0.00023090839385986328,0.8,1,BERT:bert_class_weighted,Class weight
85,emscad_00576,We help teachers get safe & secure jobs abroad :),Graduates: English Teacher Abroad (Conversational),0,0,0.9997671842575073,0.00023281574249267578,0.8,1,BERT:bert_class_weighted,Class weight
86,emscad_00589,"Startup Institute is the #1 career accelerator, offering transformative educational experiences for career changers and ",Associate Director,0,0,0.9997444152832031,0.000255584716796875,0.8,1,BERT:bert_class_weighted,Class weight
87,emscad_00604,"Aker Solutions is a global provider of products, systems and services to the oil and gas industry. Our engineering, desi",Lead Mechanical Engineer,1,1,0.00048828125,0.99951171875,0.8,1,BERT:bert_class_weighted,Class weight
88,emscad_00624,"Novitex Enterprise Solutions, formerly Pitney Bowes Management Services, delivers innovative document and communications",Customer Service Technical Specialist,0,0,0.9997336864471436,0.0002663135528564453,0.8,1,BERT:bert_class_weighted,Class weight
89,emscad_00632,You will need excellent knowledge and understanding of the EYFS and good understanding of both the care and educational ,Early Years Practitioner - full or part time,0,0,0.9991240501403809,0.0008759498596191406,0.8,1,BERT:bert_class_weighted,Class weight
90,emscad_00638,Welcome to the Job Portal designed for TEDPB - (Training & Employment of Disabled Persons Board).,Data Conversion Analyst,0,0,0.9994406700134277,0.0005593299865722656,0.8,1,BERT:bert_class_weighted,Class weight
91,emscad_00646,EgyptNetwork i s a fast growing IT solutions provider for Microsoft technologies with strong experience in Microsoft cor,Senior .NET Developer,0,0,0.999476432800293,0.0005235671997070312,0.8,1,BERT:bert_class_weighted,Class weight
92,emscad_00647,"Uni Baggage is the No.1 Student Shipping company in the UK, we ship for tens of thousands of students each term to over ",Digital Marketing Manager,0,0,0.9997098445892334,0.00029015541076660156,0.8,1,BERT:bert_class_weighted,Class weight
93,emscad_00658,"ABC Supply Co., Inc. is the nation’s largest wholesale distributor of roofing and one of the largest distributors of sid",Outside Sales Professional-Fargo,0,0,0.999591588973999,0.00040841102600097656,0.8,1,BERT:bert_class_weighted,Class weight
94,emscad_00675,"Novitex Enterprise Solutions, formerly Pitney Bowes Management Services, delivers innovative document and communications",Customer Service Associate,0,0,0.9997398853302002,0.0002601146697998047,0.8,1,BERT:bert_class_weighted,Class weight
95,emscad_00677,"Novitex Enterprise Solutions, formerly Pitney Bowes Management Services, delivers innovative document and communications",Product Manager,0,0,0.9997482299804688,0.00025177001953125,0.8,1,BERT:bert_class_weighted,Class weight
96,emscad_00679,True Home Value one of the top five home improvements company's in the USA is now hiring for immediate openings for our ,Telesales,0,0,0.9993185997009277,0.0006814002990722656,0.8,1,BERT:bert_class_weighted,Class weight
97,emscad_00688,"Space Ape Games is an Award Winning Mobile/Social Gaming startup founded in 2012. We’re a small, high-performing team wi",Partner Account Manager,0,0,0.999741792678833,0.0002582073211669922,0.8,1,BERT:bert_class_weighted,Class weight
98,emscad_00700,Established on the principles that full time education is not for everyone Spectrum Learning is made up of a team of pas,TELESALES Agents,0,0,0.9997439384460449,0.0002560615539550781,0.8,1,BERT:bert_class_weighted,Class weight
99,emscad_00707,We help teachers get safe & secure jobs abroad :),English Teacher Abroad,0,0,0.9997690916061401,0.00023090839385986328,0.8,1,BERT:bert_class_weighted,Class weight
100,emscad_00708,"Professional Success is a rapidly flourishing establishment. We are expanding at an excelled rate, allowing our employee",BDC Agent,0,0,0.9995687007904053,0.00043129920959472656,0.8,1,BERT:bert_class_weighted,Class weight
101,emscad_00718,"Depop is an exciting new mobile marketplace where you can sell things by simply taking a picture, as well as follow your",UX Designer,0,0,0.9997413158416748,0.0002586841583251953,0.8,1,BERT:bert_class_weighted,Class weight
102,emscad_00719,Connecticut Hospital Association (CHA) Data Services offers data analytic services including innovative information prod,"Director, Clinical Informatics",0,0,0.9995362758636475,0.00046372413635253906,0.8,1,BERT:bert_class_weighted,Class weight
103,emscad_00730,"QB Medical, Inc. is a growing medical supply distributor. We specialize in medical product sales to the federal governme",Healthcare Support Rep,0,0,0.999610185623169,0.0003898143768310547,0.8,1,BERT:bert_class_weighted,Class weight
104,emscad_00732,About The Symicor Group:,"Construction Loan Administrator-NW Chicago, IL Suburbs",0,0,0.9996781349182129,0.0003218650817871094,0.8,1,BERT:bert_class_weighted,Class weight
105,emscad_00742,"We build software for fashion retailers, to help them make the right commercial decisions about what to sell, and how to",Senior Engineer (Dev ops),0,0,0.9997427463531494,0.00025725364685058594,0.8,1,BERT:bert_class_weighted,Class weight
106,emscad_00748,We help teachers get safe & secure jobs abroad :),English Teacher Abroad,0,0,0.9997690916061401,0.00023090839385986328,0.8,1,BERT:bert_class_weighted,Class weight
107,emscad_00762,"AREA 17 is an interactive agency. We take an interdisciplinary approach — blending the practices of design, technology a",Interface Developer (Freelance),0,0,0.9997398853302002,0.0002601146697998047,0.8,1,BERT:bert_class_weighted,Class weight
108,emscad_00768,Position Overview A Software Developer develops specifications for SigmaTEK applications and modifies/maintains the exis,Software Developer,0,0,0.9984302520751953,0.0015697479248046875,0.8,1,BERT:bert_class_weighted,Class weight
109,emscad_00771,Katapult Group - We leverage technology and relationships to accelerate profit generation.,Inside Sales Consultant B2B software company,0,0,0.9996652603149414,0.00033473968505859375,0.8,1,BERT:bert_class_weighted,Class weight
110,emscad_00772,"Critical Nurse Staffing, Inc. is enrolled with the U.S Department of Labor to provide nursing care to the former defense","Home Health Aide--Cortez, CO",0,0,0.9996438026428223,0.0003561973571777344,0.8,1,BERT:bert_class_weighted,Class weight
111,emscad_00808,1212 Flooring Solutions Inc. is a family owned and operated nationwide flooring management service company. Our focus is,Flooring Technicians,0,0,0.9995694160461426,0.0004305839538574219,0.8,1,BERT:bert_class_weighted,Class weight
112,emscad_00810,We help teachers get safe & secure jobs abroad :),English Teacher Abroad,0,0,0.9997690916061401,0.00023090839385986328,0.8,1,BERT:bert_class_weighted,Class weight
113,emscad_00812,We help teachers get safe & secure jobs abroad :),English Teacher Abroad,0,0,0.9997690916061401,0.00023090839385986328,0.8,1,BERT:bert_class_weighted,Class weight
114,emscad_00815,Staffing & Recruiting done right for the Oil & Energy Industry!,Project Manager: Engineer,1,1,0.00048828125,0.99951171875,0.8,1,BERT:bert_class_weighted,Class weight
115,emscad_00833,We are a family run business that has been in operation for nearly 40 years. We value long term relationships and want t,Sales Professional,0,0,0.9996705055236816,0.0003294944763183594,0.8,1,BERT:bert_class_weighted,Class weight
116,emscad_00837,We help teachers get safe & secure jobs abroad :),Graduates: English Teacher Abroad,0,0,0.9997704029083252,0.0002295970916748047,0.8,1,BERT:bert_class_weighted,Class weight
117,emscad_00857,"Tradable's award winning platform helps brokers solve the needs of their most demanding clients. Born open, our APIs all",Graphic Designer,0,0,0.9997453689575195,0.00025463104248046875,0.8,1,BERT:bert_class_weighted,Class weight
118,emscad_00858,EventMobi is changing the way attendees experience events using their smartphones and tablets at conferences and tradesh,Sales Associate Germany,0,0,0.9997444152832031,0.000255584716796875,0.8,1,BERT:bert_class_weighted,Class weight
119,emscad_00860,Le Meridien is situated in the heart of kuala lumpur's tourist centre. We provide and exciting and entertaining experien,Executive/Head Chef,1,1,0.00048828125,0.99951171875,0.8,1,BERT:bert_class_weighted,Class weight
120,emscad_00866,Support company business development efforts,Management Intern,0,0,0.987396240234375,0.012603759765625,0.8,1,BERT:bert_class_weighted,Class weight
121,emscad_00881,If working in a cubical seems like your idea of hell then joining our awesome startup team might be the opportunity you’,Ruby Engineer - Sustaining Engineer,0,0,0.9997463226318359,0.0002536773681640625,0.8,1,BERT:bert_class_weighted,Class weight
122,emscad_00882,"""Our mission to our clients is to preserve their independence, enhance their quality of life, promote health & wellbeing",Caregiver- Lawton/Decatur,0,0,0.9996323585510254,0.0003676414489746094,0.8,1,BERT:bert_class_weighted,Class weight
123,emscad_00890,Want to break into the social media or marketing fashion industry?,Style Ambassador: Fashion & Retail Marketing (Bloggers Welcome),0,0,0.9996824264526367,0.00031757354736328125,0.8,1,BERT:bert_class_weighted,Class weight
124,emscad_00894,BILINGUAL JAPANESE RISK MANAGEMENT OFFICER,BILINGUAL JAPANESE RISK MANAGEMENT OFFICER,0,0,0.9892654418945312,0.01073455810546875,0.8,1,BERT:bert_class_weighted,Class weight
125,emscad_00926,Want to build a 21st century financial service?,VP Product,0,0,0.9997372627258301,0.0002627372741699219,0.8,1,BERT:bert_class_weighted,Class weight
126,emscad_00929,We’ve bitten off one of the greatest online challenges – using social data to improve customer experience – and turned i,R&D Engineer,0,0,0.999761700630188,0.00023829936981201172,0.8,1,BERT:bert_class_weighted,Class weight
127,emscad_00933,The Beans Group is a media company that exists to empower young people to thrive. We have been on an exponential growth ,Business Development Executive,0,0,0.9997382164001465,0.0002617835998535156,0.8,1,BERT:bert_class_weighted,Class weight
128,emscad_00938,Aptitude Staffing Solutions has redesigned the recruiting wheel. Our innovative new platform cuts the recruiting time in,Health & Environmental Professional,1,1,0.00048828125,0.99951171875,0.8,1,BERT:bert_class_weighted,Class weight
129,emscad_00939,"We're Food52, and we've created a groundbreaking and award-winning cooking site. We support, connect, and celebrate home",Provisions eCommerce Intern,0,0,0.9997267723083496,0.0002732276916503906,0.8,1,BERT:bert_class_weighted,Class weight
130,emscad_00942,PROSULTING IS PEOPLE The ProSulting difference is easy to see. Our passion for delivering qualified pre-screened personn,Accountant,0,0,0.9996607303619385,0.00033926963806152344,0.8,1,BERT:bert_class_weighted,Class weight
131,emscad_00947,"Intercom ( #URL_cb674f93cbcd215a3a0a57a8615a565545949eead8adbbc73307c26d6a6af81b# ) is a simple, personal messaging serv",Software Engineer,0,0,0.999748706817627,0.0002512931823730469,0.8,1,BERT:bert_class_weighted,Class weight
132,emscad_00954,Educational Background:,PHP Developer,0,0,0.9990692138671875,0.0009307861328125,0.8,1,BERT:bert_class_weighted,Class weight
133,emscad_00956,Pioneering advanced analytics vendor RapidMiner is redefining how business analysts use Big Data to predict the future. ,Consultant Advanced Analytics,0,0,0.9995205402374268,0.0004794597625732422,0.8,1,BERT:bert_class_weighted,Class weight
134,emscad_00965,Get is a full service digital agency. We take a simple approach and create scalable solutions that actually work. We are,Digital Executive,0,0,0.999748706817627,0.0002512931823730469,0.8,1,BERT:bert_class_weighted,Class weight
135,emscad_00974,"Our team is made of designers, physics wizards, educators, writers, musicians, and illustrators. We work together to bui",iOS Developer (C++ focus),0,0,0.9997472763061523,0.00025272369384765625,0.8,1,BERT:bert_class_weighted,Class weight
136,emscad_00989,#URL_3bd5deb27e3f065dd0b56f7a19abc37844def5d3ee69f357920cb1fe39fa8733# are the market leader in the UK car buying and re,Vehicle Purchaser,0,0,0.9997272491455078,0.0002727508544921875,0.8,1,BERT:bert_class_weighted,Class weight
137,emscad_00993,Visual / Interaction Designer,UI Designer,0,0,0.9997537136077881,0.00024628639221191406,0.8,1,BERT:bert_class_weighted,Class weight
138,emscad_01015,Maker’s Row is an online marketplace that connects American manufacturers and product based businesses. Our mission is t,UI/UX Lead Designer,0,0,0.999741792678833,0.0002582073211669922,0.8,1,BERT:bert_class_weighted,Class weight
139,emscad_01028,Position: Financial Controller Location: Islamabad Company Sector: Hotel Salary: Rs. 70K to 75K -- may vary,Financial Controller,0,0,0.9978466033935547,0.0021533966064453125,0.8,1,BERT:bert_class_weighted,Class weight
140,emscad_01030,"Tutorizon is an online platform connecting students and tutors of High school, Foreign languages and University courses.",Marketing intern,0,0,0.9995307922363281,0.000469207763671875,0.8,1,BERT:bert_class_weighted,Class weight
141,emscad_01039,"Empower America is mission driven to recruit, train and employ our military veterans into careers in renewable energy th",Veterans Wanted for Solar Energy Construction,0,0,0.9994907379150391,0.0005092620849609375,0.8,1,BERT:bert_class_weighted,Class weight
142,emscad_01043,"At Holiday Inn Express Sping Mills, Falling Waters, WV we believe you are at your best when you can truly be yourself. A",Hotel Guest Service Agent,0,0,0.9993882179260254,0.0006117820739746094,0.8,1,BERT:bert_class_weighted,Class weight
143,emscad_01049,"Performing individual internal audit projects, as part of the total internal audit plan Developing the internal audit sc",Senior Auditor,0,0,0.9970302581787109,0.0029697418212890625,0.8,1,BERT:bert_class_weighted,Class weight
144,emscad_01053,We are seeking an experienced Instructional Designer who is comfortable working with e-learning and instructor-led progr,"Senior Instructional Designer for Cross-Cultural Training Firm Part-time, Contract Position",0,0,0.9997241497039795,0.0002758502960205078,0.8,1,BERT:bert_class_weighted,Class weight
145,emscad_01064,Ependys GmbH aspires to build great startups in the realm of information and communication technology. Our prime focus i,Entrepreneurial CTO for early-stage Start-up,0,0,0.9995083808898926,0.0004916191101074219,0.8,1,BERT:bert_class_weighted,Class weight
146,emscad_01082,The role,Product Manager,0,0,0.9991703033447266,0.0008296966552734375,0.8,1,BERT:bert_class_weighted,Class weight
147,emscad_01099,"Tidewater Finance Co. was established in 1992 for the initial purpose of purchasing, and servicing retail installment co",Contact Center Representatives,0,0,0.9996559619903564,0.0003440380096435547,0.8,1,BERT:bert_class_weighted,Class weight
148,emscad_01100,Citymart helps cities to transform their communities by strengthening their innovation capacity and sharing inspiring so,Chief Operating Officer (COO),0,0,0.9996788501739502,0.0003211498260498047,0.8,1,BERT:bert_class_weighted,Class weight
149,emscad_01101,"As the premier design studio in Queens, we craft beautiful work using the latest technology and solve design problems th",Entry Level / Jr. Art Director,0,0,0.9997246265411377,0.0002753734588623047,0.8,1,BERT:bert_class_weighted,Class weight
150,emscad_01104,"ABC Supply Co., Inc. is the nation’s largest wholesale distributor of roofing and one of the largest distributors of sid",CDL Driver-Aurora,0,0,0.9996359348297119,0.00036406517028808594,0.8,1,BERT:bert_class_weighted,Class weight
151,emscad_01108,We help teachers get safe & secure jobs abroad :),Graduates: English Teacher Abroad (Conversational),0,0,0.9997735023498535,0.00022649765014648438,0.8,1,BERT:bert_class_weighted,Class weight
152,emscad_01115,Do you enjoy helping people no mater what the situation?,Home Assistant,0,0,0.9970817565917969,0.002918243408203125,0.8,1,BERT:bert_class_weighted,Class weight
153,emscad_01119,Our passion for improving quality of life through geography is at the heart of everything we do. Esri’s geographic infor,Account Executive - Charlotte,0,0,0.9996457099914551,0.0003542900085449219,0.8,1,BERT:bert_class_weighted,Class weight
154,emscad_01121,"For over 20 years NAC Marketing Company, LLC d/b/a New Vitality has helped people be healthy and live better by marketin",Accountant,0,0,0.9996762275695801,0.0003237724304199219,0.8,1,BERT:bert_class_weighted,Class weight
155,emscad_01124,"""Our mission to our clients is to preserve their independence, enhance their quality of life, promote health & wellbeing",Live in Caregiver-Lawrence MI,0,0,0.9996941089630127,0.0003058910369873047,0.8,1,BERT:bert_class_weighted,Class weight
156,emscad_01131,"#URL_a397afc00bff956382eec8b3826bbd79bd4cbade11c565390118c0c00292b77e# is a venture funded, successful UK startup buildi",Product Manager at Whisk.com,0,0,0.9997518062591553,0.00024819374084472656,0.8,1,BERT:bert_class_weighted,Class weight
157,emscad_01133,"352 Inc. is a full-service digital agency creating websites, software and marketing campaigns. We partner with great cli",Scrum Master / Website Development Project Manager,0,0,0.9997408390045166,0.00025916099548339844,0.8,1,BERT:bert_class_weighted,Class weight
158,emscad_01144,"Taxibeat is changing the global taxi industry. It's an easy to use, convenient and contemporary way to hail and book a t","Country Manager, Chile",0,0,0.9995112419128418,0.0004887580871582031,0.8,1,BERT:bert_class_weighted,Class weight
159,emscad_01148,Outstanding Member Service Starts With Outstanding People,Call Center Representative,0,0,0.9996049404144287,0.00039505958557128906,0.8,1,BERT:bert_class_weighted,Class weight
160,emscad_01152,CommonBond is building a new kind of value-driven financial services company.,Growth Hacker / Customer Acquisitions Manager,0,0,0.9996945858001709,0.00030541419982910156,0.8,1,BERT:bert_class_weighted,Class weight
161,emscad_01158,"“ Choose a job you love, and you will never have to work a day in your life. ” -Confucius",Entry Level Equities Trader,0,0,0.9996626377105713,0.00033736228942871094,0.8,1,BERT:bert_class_weighted,Class weight
162,emscad_01165,This is an exciting job opportunity for those who would like to an individual to join innovative company. The company is,Assistant Manager,0,0,0.9066162109375,0.0933837890625,0.8,1,BERT:bert_class_weighted,Class weight
163,emscad_01185,Upstream’s mission is to revolutionise the way companies market to consumers through cutting edge technology. This is an,Applications Administrator,0,0,0.999730110168457,0.00026988983154296875,0.8,1,BERT:bert_class_weighted,Class weight
164,emscad_01194,"Replise was started in 2008, just a year after Twitter was launched, by a bunch of serial entrepreneurs who believed the",Office Administrator,0,0,0.999761700630188,0.00023829936981201172,0.8,1,BERT:bert_class_weighted,Class weight
165,emscad_01202,"Cohaesus is a trusted partner to the world's greatest advertising, marketing, communications and creative agencies. By b",Developer,0,0,0.9997560977935791,0.00024390220642089844,0.8,1,BERT:bert_class_weighted,Class weight
166,emscad_01214,ERG is a business and consumer law firm dedicated to helping its clients navigate the BP Claims Process. Almost every ty,Local Representative,0,0,0.9991927146911621,0.0008072853088378906,0.8,1,BERT:bert_class_weighted,Class weight
167,emscad_01216,ERG is a business and consumer law firm dedicated to helping its clients navigate the BP Claims Process. Almost every ty,Local Representative,0,0,0.9991941452026367,0.0008058547973632812,0.8,1,BERT:bert_class_weighted,Class weight
168,emscad_01231,EUROPEAN DYNAMICS (#URL_c66532ffa1ce76ab447da6774719060c42c584edbf44d74cdb94fc4ac219ca45#) is a leading European Softwar,JAVA/J2EE developer,0,0,0.999748706817627,0.0002512931823730469,0.8,1,BERT:bert_class_weighted,Class weight
169,emscad_01235,Fereikos is currently seeking a motivated Junior Accountant who will be responsible mainly for the commercial part and e,Junior Accountant,0,0,0.9976730346679688,0.00232696533203125,0.8,1,BERT:bert_class_weighted,Class weight
170,emscad_01237,CallCentre People Recruitment is recognised as being specialists within the CallCentre industry.,Hot Sales Candidates,0,0,0.9997074604034424,0.0002925395965576172,0.8,1,BERT:bert_class_weighted,Class weight
171,emscad_01238,carwow is a comparison site that takes the uncertainty and hassle out of buying a new car. We’re passionate about gettin,Senior Product Manager,0,0,0.999771237373352,0.00022876262664794922,0.8,1,BERT:bert_class_weighted,Class weight
172,emscad_01248,We help teachers get safe & secure jobs abroad :),Graduates: English Teacher Abroad (Conversational),0,0,0.9997735023498535,0.00022649765014648438,0.8,1,BERT:bert_class_weighted,Class weight
173,emscad_01253,"Headquartered in Milan and New York and with 400 million users all around the world, Beintoo is a true engagement platfo",Stage Sales,0,0,0.9996988773345947,0.00030112266540527344,0.8,1,BERT:bert_class_weighted,Class weight
174,emscad_01258,"Sprig is a rapidly expanding technology company that provides busy San Franciscans with affordable, seasonal, handcrafte",Server,0,0,0.9997631311416626,0.00023686885833740234,0.8,1,BERT:bert_class_weighted,Class weight
175,emscad_01264,MISSION:,PASSIONATE EXPERIENCED CAREGIVERS NEEDED FOR PRN TODAY! AWESOME PAY & BENEFITS!!,0,0,0.9997341632843018,0.0002658367156982422,0.8,1,BERT:bert_class_weighted,Class weight
176,emscad_01265,Balanced Labs exists to provide accountants and small businesses everywhere with a better life through intelligent and e,Designer: Creative References,0,0,0.9996678829193115,0.00033211708068847656,0.8,1,BERT:bert_class_weighted,Class weight
177,emscad_01271,PROSULTING IS PEOPLE The ProSulting difference is easy to see. Our passion for delivering qualified pre-screened personn,Human Resource Manager,0,0,0.9996886253356934,0.0003113746643066406,0.8,1,BERT:bert_class_weighted,Class weight
178,emscad_01274,Coffeewards is a cloud loyalty platform which enables businesses to:,Web Application Developer,0,0,0.9997386932373047,0.0002613067626953125,0.8,1,BERT:bert_class_weighted,Class weight
179,emscad_01276,"Holic is a platform that aims to help people discover the web, based on who they are.",iOS Developer,0,0,0.9996788501739502,0.0003211498260498047,0.8,1,BERT:bert_class_weighted,Class weight
180,emscad_01279,Applied Memetics LLC is a professional services company dedicated to integrating and delivering best practice communicat,"Video Journalist, Turkish Language",0,0,0.9997332096099854,0.00026679039001464844,0.8,1,BERT:bert_class_weighted,Class weight
181,emscad_01294,EUROPEAN DYNAMICS (#URL_c66532ffa1ce76ab447da6774719060c42c584edbf44d74cdb94fc4ac219ca45#) is a leading European Softwar,.NET Developer,0,0,0.9997477531433105,0.0002522468566894531,0.8,1,BERT:bert_class_weighted,Class weight
182,emscad_01297,MarketInvoice is one of the most high-profile London based fin-tech companies. The Company is Europe’s leading P2P invoi,Office Administrator,0,0,0.999761700630188,0.00023829936981201172,0.8,1,BERT:bert_class_weighted,Class weight
183,emscad_01305,Lakshya Digital is one of the largest Game Development and Interactive Entertainment companies in South Asia. We work ac,3D Artist (Modeling + Texturing),0,0,0.9997045993804932,0.00029540061950683594,0.8,1,BERT:bert_class_weighted,Class weight
184,emscad_01343,"We design, deploy, and maintain advanced technologies that enable our customers to achieve operational excellence at sub",Security Architecture Engineer,0,0,0.9997236728668213,0.00027632713317871094,0.8,1,BERT:bert_class_weighted,Class weight
185,emscad_01350,Forward3D is the largest independent digital marketing agency in Britain. We run cutting edge digital marketing campaign,Chinese Trainee PPC Analyst,0,0,0.999775767326355,0.00022423267364501953,0.8,1,BERT:bert_class_weighted,Class weight
186,emscad_01359,ParkAround (ex Parking Defenders) is an Athens-based start-up which aims to disrupt the global parking industry. We work,UX/UI Designer,0,0,0.9997537136077881,0.00024628639221191406,0.8,1,BERT:bert_class_weighted,Class weight
187,emscad_01367,Want to build a career in IT? Free training in exchange for your time on revenue share basis,Associate Business Development,0,0,0.9997336864471436,0.0002663135528564453,0.8,1,BERT:bert_class_weighted,Class weight
188,emscad_01373,"Valor Services provides Workforce Solutions that meet the needs of companies across the Private Sector, with a special f",Field Service Manager (Hydraulic Fracturing),0,0,0.9996910095214844,0.000308990478515625,0.8,1,BERT:bert_class_weighted,Class weight
189,emscad_01374,"hedgehog lab is a post-PC digital agency. We architect, design, develop, and market apps & digital solutions for phones,",Business Development Director,0,0,0.9997649192810059,0.00023508071899414062,0.8,1,BERT:bert_class_weighted,Class weight
190,emscad_01387,"Argenta Field Solutions values the client, creates income streams for them through our sales mechanism and focuses on qu",Graduate Summer Work Program -- Limited Openings -- Apply Now,0,0,0.9996614456176758,0.00033855438232421875,0.8,1,BERT:bert_class_weighted,Class weight
191,emscad_01392,RHB Recruitment Ltd is a business process outsourcing company with its state-of-the-art delivery center (existing capaci,Informatica MDM,0,0,0.9996500015258789,0.00034999847412109375,0.8,1,BERT:bert_class_weighted,Class weight
192,emscad_01394,We are a family run business that has been in operation for nearly 40 years. We value long term relationships and want t,Sales Manager,0,0,0.9996705055236816,0.0003294944763183594,0.8,1,BERT:bert_class_weighted,Class weight
193,emscad_01398,NFP is a leader in the delivery of benefits solutions for companies of all sizes and in the delivery of life insurance a,Employee Benefits Account Manager - Monroe,0,0,0.9995875358581543,0.0004124641418457031,0.8,1,BERT:bert_class_weighted,Class weight
194,emscad_01402,"Cohaesus is a trusted partner to the world's greatest advertising, marketing, communications and creative agencies. By b",Junior Web Developer,0,0,0.9997649192810059,0.00023508071899414062,0.8,1,BERT:bert_class_weighted,Class weight
195,emscad_01404,"Tidewater Finance Co. was established in 1992 for the initial purpose of purchasing, and servicing retail installment co",Collections Supervisor,0,0,0.9996614456176758,0.00033855438232421875,0.8,1,BERT:bert_class_weighted,Class weight
196,emscad_01425,Upstream’s mission is to revolutionise the way companies market to consumers through cutting edge technology. This is an,Assistant Marketing Manager,0,0,0.9997000694274902,0.0002999305725097656,0.8,1,BERT:bert_class_weighted,Class weight
197,emscad_01452,Fundation is a technology-empowered direct lender that delivers small balance commercial loans nationwide. The firm prov,Junior Investment Officer - High Growth Specialty Finance Company,0,0,0.9996922016143799,0.0003077983856201172,0.8,1,BERT:bert_class_weighted,Class weight
198,emscad_01463,Envision Remodeling Co. is a Home Remodeling Contractor company located in the greater Michigan area. We have been provi,Sales Representative,0,0,0.9996774196624756,0.00032258033752441406,0.8,1,BERT:bert_class_weighted,Class weight
199,emscad_01469,"Novitex Enterprise Solutions, formerly Pitney Bowes Management Services, delivers innovative document and communications",Customer Service Associate,0,0,0.9997422695159912,0.00025773048400878906,0.8,1,BERT:bert_class_weighted,Class weight
200,emscad_01475,"Westview Financial Services , located in Hampton, VA has a full-time BRANCH MANAGER position available immediately. Our ",Branch Manager,0,0,0.9996237754821777,0.0003762245178222656,0.8,1,BERT:bert_class_weighted,Class weight
201,emscad_01477,"Valor Services provides Workforce Solutions that meet the needs of companies across the Private Sector, with a special f",Field Hand (Oilfield) - Start Next Week!,0,0,0.9997107982635498,0.0002892017364501953,0.8,1,BERT:bert_class_weighted,Class weight
202,emscad_01490,"We founded this company on the principle that great employees deserved great workplaces, Wellnext creates technology to ",Business Development Associate,0,0,0.9997408390045166,0.00025916099548339844,0.8,1,BERT:bert_class_weighted,Class weight
203,emscad_01495,"Welcome To The Montcalm... A Luxury Hotel Located At Top Of Park Lane, Marble Arch, London The newest luxury hotel in Lo",JOB VACANCIES AT MONTCALM LUXURY HOTEL LONDON.,1,0,0.556884765625,0.443115234375,0.8,0,BERT:bert_class_weighted,Class weight
204,emscad_01509,"ClarusApex is an international recruiting company with representations in the Netherlands, Austria, Ukraine, Cyprus and ",Hostess in the restaurant Nando's,0,0,0.9996976852416992,0.00030231475830078125,0.8,1,BERT:bert_class_weighted,Class weight
205,emscad_01511,"Tidewater Finance Co. was established in 1992 for the initial purpose of purchasing, and servicing retail installment co",Marketing Representative,0,0,0.9996705055236816,0.0003294944763183594,0.8,1,BERT:bert_class_weighted,Class weight
206,emscad_01519,"Aker Solutions is a global provider of products, systems and services to the oil and gas industry. Our engineering, desi",SAP Support Advisor,1,1,0.00048828125,0.99951171875,0.8,1,BERT:bert_class_weighted,Class weight
207,emscad_01522,Compliance Systems Management is in constant communication with some of the largest companies in California that are mak,Certified Industrial Hygienist,0,0,0.9996716976165771,0.00032830238342285156,0.8,1,BERT:bert_class_weighted,Class weight
208,emscad_01523,"Our group has been successfully sourcing talented, hardworking professionals for the last 10 years, making us a young bu",IT- Service Desk Analyst / GERMAN speaker,0,0,0.9996988773345947,0.00030112266540527344,0.8,1,BERT:bert_class_weighted,Class weight
209,emscad_01538,Hellas Direct is a new insurance company founded in 2011 with the view of changing the way car insurance companies servi,Senior Java Application Developer,0,0,0.9997560977935791,0.00024390220642089844,0.8,1,BERT:bert_class_weighted,Class weight
210,emscad_01539,"Valor Services provides Workforce Solutions that meet the needs of companies across the Private Sector, with a special f",Project Health Coordinator,0,0,0.9996898174285889,0.0003101825714111328,0.8,1,BERT:bert_class_weighted,Class weight
211,emscad_01541,Axonix is a global mobile advertising technology company that's powered by a platform with a 4 year history of leading t,"Head of Demand Sales, EMEA",0,0,0.9997560977935791,0.00024390220642089844,0.8,1,BERT:bert_class_weighted,Class weight
212,emscad_01542,Position : Physical Therapist,Physical Therapist,0,0,0.999608039855957,0.00039196014404296875,0.8,1,BERT:bert_class_weighted,Class weight
213,emscad_01546,We’ve bitten off one of the greatest online challenges – using social data to improve customer experience – and turned i,Director / Head of Client Services,0,0,0.9997676610946655,0.00023233890533447266,0.8,1,BERT:bert_class_weighted,Class weight
214,emscad_01549,"Industrial Color Software is a division of Industrial Color Brands, a family of vertically integrated creative productio",Application Support Engineer,0,0,0.9992632865905762,0.0007367134094238281,0.8,1,BERT:bert_class_weighted,Class weight
215,emscad_01553,#URL_68e8635f4ede8f81184d22be35cb8263040ed6fabe261b450e68580f2f50aa21# is Ireland's largest home grown daily deals and l,Account Manager - GrabOne Store,0,0,0.9997546672821045,0.0002453327178955078,0.8,1,BERT:bert_class_weighted,Class weight
216,emscad_01559,Axonix is a global mobile advertising technology company that's powered by a platform with a 4 year history of leading t,Global Marketing Manager,0,0,0.9997551441192627,0.0002448558807373047,0.8,1,BERT:bert_class_weighted,Class weight
217,emscad_01570,StepBeyond Solutions Inc. Talent Acquisition & Search Consulting The StepBeyond talent acquisition system includes a net,Market Segment Sales Manager - Industrial/OEM,0,0,0.9971771240234375,0.0028228759765625,0.8,1,BERT:bert_class_weighted,Class weight
218,emscad_01584,"Seeking PART-TIME day and night janitors to clean commercial office buildings in Antioch, Emeryville, Hayward, Martinez,",Janitors (SF Bay Area),0,0,0.9992475509643555,0.0007524490356445312,0.8,1,BERT:bert_class_weighted,Class weight
219,emscad_01600,Intrinsix specializes in the development of complex high-integration semiconductors.,FT - Principal Design Engineer,0,0,0.9996280670166016,0.0003719329833984375,0.8,1,BERT:bert_class_weighted,Class weight
220,emscad_01603,"We are experts in enterprise systems management for the desktop, mobility, datacentre + cloud. We are a young and dynami","Senior Consultant - Microsoft Productivity (Office 365, Exchange)",0,0,0.9997482299804688,0.00025177001953125,0.8,1,BERT:bert_class_weighted,Class weight
221,emscad_01617,SLI Systems is a SaaS company revolutionizing the way online retailers do business. SLI works closely with online retail,Systems Administrator- Linux,0,0,0.9997467994689941,0.0002532005310058594,0.8,1,BERT:bert_class_weighted,Class weight
222,emscad_01618,"At SwiftStack, we build the cloud storage software that is used by some of the most well known brands on the Internet, i",Customer Acquisition Product Manager,0,0,0.999704122543335,0.00029587745666503906,0.8,1,BERT:bert_class_weighted,Class weight
223,emscad_01620,Our company is building the next generation of video-on-demand (VOD) in Europe and we are currently looking for the next,CRM/Salesforce Administrator,0,0,0.9997289180755615,0.00027108192443847656,0.8,1,BERT:bert_class_weighted,Class weight
224,emscad_01632,Mindworks interactive is one of the fastest growing Digital Agencies and the leading Performance Marketing Agency in Gre,Administrative Assistant,0,0,0.9994339942932129,0.0005660057067871094,0.8,1,BERT:bert_class_weighted,Class weight
225,emscad_01634,"Title: IT Security Audit Candidate Location: New york city, NY Duration 6Weeks",IT Security Audit Candidate,0,0,0.9988908767700195,0.0011091232299804688,0.8,1,BERT:bert_class_weighted,Class weight
226,emscad_01637,Title: Resources Portfolio Delivery Manager,Resource Porfolio Delivery Manager,0,0,0.9974880218505859,0.0025119781494140625,0.8,1,BERT:bert_class_weighted,Class weight
227,emscad_01647,Scicada is a new-media agency,Experienced Web Developer,0,0,0.9997453689575195,0.00025463104248046875,0.8,1,BERT:bert_class_weighted,Class weight
228,emscad_01648,"Hi, we are dopios",Front-end Developer,0,0,0.9995882511138916,0.00041174888610839844,0.8,1,BERT:bert_class_weighted,Class weight
229,emscad_01658,"As augmented reality jobs go, one at Blippar is hard to beat. We are a rapidly expanding creative startup at the forefro",Designer (Augmented Reality and Mobile),0,0,0.9997607469558716,0.00023925304412841797,0.8,1,BERT:bert_class_weighted,Class weight
230,emscad_01661,"We are seeking for young developable executives with some experience in Buying, Purchasing or Exports, who wish to consi",Retail Buyer,0,0,0.9994320869445801,0.0005679130554199219,0.8,1,BERT:bert_class_weighted,Class weight
231,emscad_01663,This position is for an Administrative Assistant whose job will primarily consist of calling prospects that have express,administrative assistance,1,1,0.0029296875,0.9970703125,0.8,1,BERT:bert_class_weighted,Class weight
232,emscad_01669,ABOUT OUR COMPANY,Account & Media Manager,0,0,0.999701738357544,0.0002982616424560547,0.8,1,BERT:bert_class_weighted,Class weight
233,emscad_01671,"Standard Generalist duties that include: HR support, employee relations, benefits enrollment, new hire paperwork and onb",HR Generalist,0,0,0.9714508056640625,0.0285491943359375,0.8,1,BERT:bert_class_weighted,Class weight
234,emscad_01673,"Shyp is the easiest way to send anything, anywhere.",General Manager - Knoxville,0,0,0.99971604347229,0.00028395652770996094,0.8,1,BERT:bert_class_weighted,Class weight
235,emscad_01680,IgnitionOne is a global leader in cloud-based digital marketing technology providing a world-class proprietary platform ,Virtualization/ Systems Engineer,0,0,0.9994535446166992,0.0005464553833007812,0.8,1,BERT:bert_class_weighted,Class weight
236,emscad_01685,About ADS Security – Our Proud History in the Security Industry,Sales/Advertising Associate with Growth Opportunity,0,0,0.9995443820953369,0.00045561790466308594,0.8,1,BERT:bert_class_weighted,Class weight
237,emscad_01712,"Shyp is the easiest way to send anything, anywhere.",General Manager - San Francisco,0,0,0.9997315406799316,0.0002684593200683594,0.8,1,BERT:bert_class_weighted,Class weight
238,emscad_01740,Responsibilities include: - Event Sales / Sales quota management - Event distribution - Event marketing (i.e. online -- ,Event Coordinator,0,0,0.9995532035827637,0.0004467964172363281,0.8,1,BERT:bert_class_weighted,Class weight
239,emscad_01747,•Prepares source data for computer entry by compiling and sorting information; establishing entry priorities. •Processes,Data Entry,0,0,0.9993586540222168,0.0006413459777832031,0.8,1,BERT:bert_class_weighted,Class weight
240,emscad_01763,"THE COMPANY: SCOREBIG, INC.",Accounting Manager/Assistant Controller,0,0,0.9994430541992188,0.00055694580078125,0.8,1,BERT:bert_class_weighted,Class weight
241,emscad_01765,Priority Care Group are a family run care group with 6 Care Homes in Scotland.,Cook,0,0,0.9997272491455078,0.0002727508544921875,0.8,1,BERT:bert_class_weighted,Class weight
242,emscad_01772,Inviting inspirational individuals,Front-end web developer (CSS/HTML),0,0,0.9997690916061401,0.00023090839385986328,0.8,1,BERT:bert_class_weighted,Class weight
243,emscad_01777,"The RealReal is changing the way people buy and sell luxury items. The leader in luxury resale, the company is a full se",Production & Copy Editor,0,0,0.9995505809783936,0.0004494190216064453,0.8,1,BERT:bert_class_weighted,Class weight
244,emscad_01778,Established on the principles that full time education is not for everyone Spectrum Learning is made up of a team of pas,Burnley Apprentice Sales Admin Support Under NAS 16-18 Year Olds Only,0,0,0.9997448921203613,0.0002551078796386719,0.8,1,BERT:bert_class_weighted,Class weight
245,emscad_01784,Who is Fundnation?,Project Manager,0,0,0.9997546672821045,0.0002453327178955078,0.8,1,BERT:bert_class_weighted,Class weight
246,emscad_01786,"Offerial is a hospitality technology startup helping hotels improve sales, marketing, customer satisfaction and loyalty ",Business Development Intern (Full Time),0,0,0.9997284412384033,0.0002715587615966797,0.8,1,BERT:bert_class_weighted,Class weight
247,emscad_01798,Netop is actively searching for C++ Windows Developers. The Developer is writing applications according with the custome,Senior C++ Developer Windows,0,0,0.9996705055236816,0.0003294944763183594,0.8,1,BERT:bert_class_weighted,Class weight
248,emscad_01800,If working in a cubical seems like your idea of hell then joining our awesome startup team might be the opportunity you’,Partnerships/Business Development Intern,0,0,0.9997332096099854,0.00026679039001464844,0.8,1,BERT:bert_class_weighted,Class weight
249,emscad_01807,Minimum of 8-years experience in substation protection & control planning and design with at least 6-years of experience,Substaion Protection & Control Engineer,0,0,0.9984207153320312,0.00157928466796875,0.8,1,BERT:bert_class_weighted,Class weight
250,emscad_01810,Since 1973: Working together to make our community healthy,Nurse - Primary Care Outreach (PCO),0,0,0.999722957611084,0.0002770423889160156,0.8,1,BERT:bert_class_weighted,Class weight
251,emscad_01819,"Recombine provides clinical genetic testing. CarrierMap, the first product created at Recombine, is the most comprehensi",Lead Designer,0,0,0.9997279644012451,0.0002720355987548828,0.8,1,BERT:bert_class_weighted,Class weight
252,emscad_01820,Regional Vice President/Senior Financial Consultant – SW Ontario – $100k+,Regional Vice President/Senior Financial Consultant,0,0,0.9996485710144043,0.0003514289855957031,0.8,1,BERT:bert_class_weighted,Class weight
253,emscad_01824,•Prepares source data for computer entry by compiling and sorting information; establishing entry priorities. •Processes,Data Entry,0,0,0.9986486434936523,0.0013513565063476562,0.8,1,BERT:bert_class_weighted,Class weight
254,emscad_01828,Accepted Ltd. was founded in 2004 with the aim of offering an extensive series of IT professional services in the areas ,Senior Java Developer,0,0,0.9993081092834473,0.0006918907165527344,0.8,1,BERT:bert_class_weighted,Class weight
255,emscad_01832,"Proficio Mortgage is a rapidly growing mortgage lender that cares about both our clients, and our team members. Proficio",LOAN PROCESSOR - MORTGAGE,0,0,0.9996485710144043,0.0003514289855957031,0.8,1,BERT:bert_class_weighted,Class weight
256,emscad_01833,"Kin is a hosted HR management app used by small companies to manage employee data and files, time-off, and new hire onbo",Inside Sales Representative,0,0,0.9997057914733887,0.0002942085266113281,0.8,1,BERT:bert_class_weighted,Class weight
257,emscad_01835,Boomerang Commerce powers competitive pricing and assortment decisions for next-generation retailers. Our customers incl,Software Development Engineers - all Levels,0,0,0.9996500015258789,0.00034999847412109375,0.8,1,BERT:bert_class_weighted,Class weight
258,emscad_01840,"Tidewater Finance Co. was established in 1992 for the initial purpose of purchasing, and servicing retail installment co",Recovery Specialist,0,0,0.9996607303619385,0.00033926963806152344,0.8,1,BERT:bert_class_weighted,Class weight
259,emscad_01851,Can data be a thing of beauty? We think so.,Business Operations Manager (contract),0,0,0.9997607469558716,0.00023925304412841797,0.8,1,BERT:bert_class_weighted,Class weight
260,emscad_01852,"Intercom ( #URL_cb674f93cbcd215a3a0a57a8615a565545949eead8adbbc73307c26d6a6af81b# ) is a simple, personal messaging serv",Inside Sales Representative,0,0,0.9997472763061523,0.00025272369384765625,0.8,1,BERT:bert_class_weighted,Class weight
261,emscad_01872,"PINT is a leader in the web industry with 20 years of web design, software development and consulting experience. PINT's",Client Account Manager / Sales,0,0,0.9997422695159912,0.00025773048400878906,0.8,1,BERT:bert_class_weighted,Class weight
262,emscad_01873,BaaS,Community Manager,0,0,0.9994869232177734,0.0005130767822265625,0.8,1,BERT:bert_class_weighted,Class weight
263,emscad_01896,"We are a young, dynamic, fast-growing digital marketing agency established in February 2013 and headquartered in Athens,",Research Analyst and Monitoring Manager,0,0,0.9997427463531494,0.00025725364685058594,0.8,1,BERT:bert_class_weighted,Class weight
264,emscad_01904,Tel Tech Networks is a Voice/Data/Video/Security systems contractor operating primarily in the Southwestern United State,Nortel BCM Field Tech,0,0,0.999523401260376,0.00047659873962402344,0.8,1,BERT:bert_class_weighted,Class weight
265,emscad_01917,The Senior Publishing Specialist will be part of the Regulatory Operations Publishing Group and to ensure that dossier i,Senior Publishing Specialist,0,0,0.999293327331543,0.0007066726684570312,0.8,1,BERT:bert_class_weighted,Class weight
266,emscad_01920,"Novitex Enterprise Solutions, formerly Pitney Bowes Management Services, delivers innovative document and communications",Customer Service Associate - Part Time,0,0,0.9997477531433105,0.0002522468566894531,0.8,1,BERT:bert_class_weighted,Class weight
267,emscad_01923,Data Entry Clerk,Data entry,1,0,0.9721527099609375,0.0278472900390625,0.8,0,BERT:bert_class_weighted,Class weight
268,emscad_01925,"Seedcamp is Europe's leading micro-seed investment fund and mentoring program. Since launching in 2007, our family now i",Seedcamp Developer,0,0,0.9997663497924805,0.00023365020751953125,0.8,1,BERT:bert_class_weighted,Class weight
269,emscad_01947,The Beans Group is a media company that exists to empower young people to thrive. We have been on an exponential growth ,Social Media Manager,0,0,0.9997565746307373,0.0002434253692626953,0.8,1,BERT:bert_class_weighted,Class weight
270,emscad_01954,The Selectus Group is a customer focused organisation committed to providing high quality services to employees througho,Customer Service Team Leader,0,0,0.9996330738067627,0.0003669261932373047,0.8,1,BERT:bert_class_weighted,Class weight
271,emscad_01961,Aptitude Staffing Solutions has redesigned the recruiting wheel. Our innovative new platform cuts the recruiting time in,Mobile Developer-Back End,1,1,0.00048828125,0.99951171875,0.8,1,BERT:bert_class_weighted,Class weight
272,emscad_01965,Network Engineer,Network Engineer,0,0,0.9997069835662842,0.0002930164337158203,0.8,1,BERT:bert_class_weighted,Class weight
273,emscad_01973,ding* is the world’s largest top-up provider. Created to help people working abroad to support and keep in touch with lo,Operations Engineer (Network),0,0,0.9997570514678955,0.0002429485321044922,0.8,1,BERT:bert_class_weighted,Class weight
274,emscad_01974,"We build software for fashion retailers, to help them make the right commercial decisions about what to sell, and how to",Office Manager,0,0,0.9997341632843018,0.0002658367156982422,0.8,1,BERT:bert_class_weighted,Class weight
275,emscad_01976,"Valor Services provides Workforce Solutions that meet the needs of companies across the Private Sector, with a special f",Internal Auditor,0,0,0.9997074604034424,0.0002925395965576172,0.8,1,BERT:bert_class_weighted,Class weight
276,emscad_01988,"MAC Property Management is dedicated to providing an exemplary living experience, the highest possible quality of servic",Painter,0,0,0.9995548725128174,0.0004451274871826172,0.8,1,BERT:bert_class_weighted,Class weight
277,emscad_01992,Upstream’s mission is to revolutionise the way companies market to consumers through cutting edge technology. This is an,Software Engineer,0,0,0.9997403621673584,0.00025963783264160156,0.8,1,BERT:bert_class_weighted,Class weight
278,emscad_01995,"We are Netguru and we love to develop web application based on Ruby On Rails framework. We value quality, transparent co",iOS Developer @netguru,0,0,0.9997358322143555,0.00026416778564453125,0.8,1,BERT:bert_class_weighted,Class weight
279,emscad_02006,"ClarusApex is an international recruiting company with representations in the Netherlands, Austria, Ukraine, Cyprus and ",Project Manager,0,0,0.9997074604034424,0.0002925395965576172,0.8,1,BERT:bert_class_weighted,Class weight
280,emscad_02014,"Aker Solutions is a global provider of products, systems and services to the oil and gas industry. Our engineering, desi",Contract - Design Engineer,1,1,0.00048828125,0.99951171875,0.8,1,BERT:bert_class_weighted,Class weight
281,emscad_02023,Upstream’s mission is to revolutionise the way companies market to consumers through cutting edge technology. This is an,Operational Database Administrator,0,0,0.9997279644012451,0.0002720355987548828,0.8,1,BERT:bert_class_weighted,Class weight
282,emscad_02031,We help teachers get safe & secure jobs abroad :),English Teacher Abroad (Conversational),0,0,0.9997730255126953,0.0002269744873046875,0.8,1,BERT:bert_class_weighted,Class weight
283,emscad_02037,Job Description :,Vaccine Preventable Disease Epidemiologist,0,0,0.996917724609375,0.003082275390625,0.8,1,BERT:bert_class_weighted,Class weight
284,emscad_02049,We Provide Full Time Permanent Positions for many medium to large US companies. We are interested in finding/recruiting ,Manufacturing Engineer - Lean Manufacturing AutoCAD ERP - NC,0,0,0.9996485710144043,0.0003514289855957031,0.8,1,BERT:bert_class_weighted,Class weight
285,emscad_02056,"We're Food52, and we've created a groundbreaking and award-winning cooking site. We support, connect, and celebrate home",Design & Home Editor,0,0,0.9997386932373047,0.0002613067626953125,0.8,1,BERT:bert_class_weighted,Class weight
286,emscad_02071,Confidently Humble?,Confidently Humble Javascript Front-end Developer,0,0,0.9996566772460938,0.00034332275390625,0.8,1,BERT:bert_class_weighted,Class weight
287,emscad_02080,MarketInvoice is one of the most high-profile London based fin-tech companies. The Company is Europe’s leading P2P invoi,Strategy & Analytics Associate,0,0,0.9997427463531494,0.00025725364685058594,0.8,1,BERT:bert_class_weighted,Class weight
288,emscad_02093,"Novitex Enterprise Solutions, formerly Pitney Bowes Management Services, delivers innovative document and communications",Customer Service Associate - Part Time,0,0,0.9997398853302002,0.0002601146697998047,0.8,1,BERT:bert_class_weighted,Class weight
289,emscad_02099,Zylun is expanding the recruiting landscape for companies worldwide. We help businesses better compete and increase prof,LINUX SYSTEM ADMINISTRATOR,0,0,0.9997503757476807,0.00024962425231933594,0.8,1,BERT:bert_class_weighted,Class weight
290,emscad_02108,Zylun is expanding the recruiting landscape for companies worldwide. We help businesses better compete and increase prof,INTERMEDIATE PHP DEVELOPER,0,0,0.9996452331542969,0.000354766845703125,0.8,1,BERT:bert_class_weighted,Class weight
291,emscad_02112,CloudWalk Inc. is hiring one embedded C developer/engineer. Join a growing company currently in one of the biggest busin,Ruby and C Developer,0,0,0.9995801448822021,0.00041985511779785156,0.8,1,BERT:bert_class_weighted,Class weight
292,emscad_02123,"Novitex Enterprise Solutions, formerly Pitney Bowes Management Services, delivers innovative document and communications",Customer Service Associate - On Call,0,0,0.9997358322143555,0.00026416778564453125,0.8,1,BERT:bert_class_weighted,Class weight
293,emscad_02131,"90 Seconds, the worlds Cloud Video Production Service.",Lead Project Manager - NZ,0,0,0.9997584819793701,0.0002415180206298828,0.8,1,BERT:bert_class_weighted,Class weight
294,emscad_02137,"Aker Solutions is a global provider of products, systems and services to the oil and gas industry. Our engineering, desi",Electrical Technician III,1,1,0.00048828125,0.99951171875,0.8,1,BERT:bert_class_weighted,Class weight
295,emscad_02140,Zylun is expanding the recruiting landscape for companies worldwide. We help businesses better compete and increase prof,PHP DEVELOPER WITH WORDPRESS,0,0,0.9997320175170898,0.00026798248291015625,0.8,1,BERT:bert_class_weighted,Class weight
296,emscad_02151,We help teachers get safe & secure jobs abroad :),Graduates: English Teacher Abroad (Conversational),0,0,0.9997766017913818,0.00022339820861816406,0.8,1,BERT:bert_class_weighted,Class weight
297,emscad_02153,"Roland & Associates is a Corporate Recruitment Organization providing solutions to Global MNCs in US, Middle East & Asia",Sr.Java Developer jobs in Maryland,0,0,0.9995343685150146,0.00046563148498535156,0.8,1,BERT:bert_class_weighted,Class weight
298,emscad_02164,"Novitex Enterprise Solutions, formerly Pitney Bowes Management Services, delivers innovative document and communications",Customer Service Associate,0,0,0.9997458457946777,0.0002541542053222656,0.8,1,BERT:bert_class_weighted,Class weight
299,emscad_02167,"Wiivv is an innovative athletic wearables company based in Vancouver, Canada and Palo Alto, California. It lies at the c",CAD Designer | 3D Printing,0,0,0.9996519088745117,0.00034809112548828125,0.8,1,BERT:bert_class_weighted,Class weight
300,emscad_02168,We Provide Full Time Permanent Positions for many medium to large US companies. We are interested in finding/recruiting ,"Oil & Gas Mechanical Engineer - Fort Worth, TX",0,0,0.9996170997619629,0.0003829002380371094,0.8,1,BERT:bert_class_weighted,Class weight
301,emscad_02180,"Digital Ad Sales Account Executive Experience : 2 - 7 years Location : Los Angeles, CA",Digital Ad Sales Account Executive,0,0,0.9972953796386719,0.002704620361328125,0.8,1,BERT:bert_class_weighted,Class weight
302,emscad_02187,Zylun is expanding the recruiting landscape for companies worldwide. We help businesses better compete and increase prof,SR. PHP DEVELOPER,0,0,0.9997327327728271,0.00026726722717285156,0.8,1,BERT:bert_class_weighted,Class weight
303,emscad_02201,"Senior Engineer - 100-110K, plus Relocation MI",Sr. Engineer,0,0,0.9979610443115234,0.0020389556884765625,0.8,1,BERT:bert_class_weighted,Class weight
304,emscad_02223,"Eastnet Claims will guide you the process of claiming compensation after the road traffic accident or criminal assault, ",Customer Service Advisor,0,0,0.999647855758667,0.0003521442413330078,0.8,1,BERT:bert_class_weighted,Class weight
305,emscad_02224,"SpotSource Solutions LLC is a Global Human Capital Management Consulting firm headquartered in Miami, Florida. Founded i",Inside Sales,0,0,0.999657392501831,0.0003426074981689453,0.8,1,BERT:bert_class_weighted,Class weight
306,emscad_02225,Job Overview,Field Technician,0,0,0.9995453357696533,0.0004546642303466797,0.8,1,BERT:bert_class_weighted,Class weight
307,emscad_02228,Innovative technology for digital pathology and cancer diagnostics,Software Engineer - Java Server Application,0,0,0.9996373653411865,0.00036263465881347656,0.8,1,BERT:bert_class_weighted,Class weight
308,emscad_02237,"Novitex Enterprise Solutions, formerly Pitney Bowes Management Services, delivers innovative document and communications",Customer Service Associate,0,0,0.9997363090515137,0.0002636909484863281,0.8,1,BERT:bert_class_weighted,Class weight
309,emscad_02240,ideaTree = in·cu·ba·tor / ˈinkyəˌbātər – A place or situation that permits and encourages development of new ideas and m,IOS/Android Developers,0,0,0.999764084815979,0.0002359151840209961,0.8,1,BERT:bert_class_weighted,Class weight
310,emscad_02249,Why work with tapely,Ruby on Rails Application Engineer,0,0,0.9997607469558716,0.00023925304412841797,0.8,1,BERT:bert_class_weighted,Class weight
311,emscad_02258,The Gaylord Texan Located in Grapevine Texas seeks a HVAC Technician to join our team.,HVAC Technician,0,0,0.9983930587768555,0.0016069412231445312,0.8,1,BERT:bert_class_weighted,Class weight
312,emscad_02266,"At Total Eclipse we create fun, original, and addictive games that are easy to learn yet hard to master. We have a stron",Android NDK Developer,0,0,0.9997408390045166,0.00025916099548339844,0.8,1,BERT:bert_class_weighted,Class weight
313,emscad_02274,Gary Cartwright established Cartwright Property Management in 2007 to help manage the HOAs that were created when his de,Customer Service Representative,1,1,0.0009765625,0.9990234375,0.8,1,BERT:bert_class_weighted,Class weight
314,emscad_02279,"Crossroads Treatment Centers is a nationally-accredited, medication-assisted, out-patient program that delivers fast, ef",Substance Abuse Counselor (Weaverville Center),0,0,0.9995946884155273,0.00040531158447265625,0.8,1,BERT:bert_class_weighted,Class weight
315,emscad_02293,Established on the principles that full time education is not for everyone Spectrum Learning is made up of a team of pas,Cantebury Fragrance and Beauty Promotional Staff,0,0,0.9997560977935791,0.00024390220642089844,0.8,1,BERT:bert_class_weighted,Class weight
316,emscad_02298,ClarusApex is a global recruiting and migration specialist sourcing top candidates at all levels and industries from 46 ,Maintenance Technician - Bowling club,0,0,0.9996724128723145,0.0003275871276855469,0.8,1,BERT:bert_class_weighted,Class weight
317,emscad_02299,Since 1973: Working together to make our community healthy,Community Health Worker - Primary Care Outreach,0,0,0.9997236728668213,0.00027632713317871094,0.8,1,BERT:bert_class_weighted,Class weight
318,emscad_02322,Great Customer Service from Start to Finish,Digital Marketing Manager,0,0,0.9996917247772217,0.0003082752227783203,0.8,1,BERT:bert_class_weighted,Class weight
319,emscad_02323,Why CSD?,UI Developer,0,0,0.9997570514678955,0.0002429485321044922,0.8,1,BERT:bert_class_weighted,Class weight
320,emscad_02326,Great Customer Service from Start to Finish,Intermediate Accountant,0,0,0.9996438026428223,0.0003561973571777344,0.8,1,BERT:bert_class_weighted,Class weight
321,emscad_02328,Established on the principles that full time education is not for everyone Spectrum Learning is made up of a team of pas,Batley Business Admin Apprenticeship Government Funding Available for 16-18 Year Olds Only,0,0,0.9997537136077881,0.00024628639221191406,0.8,1,BERT:bert_class_weighted,Class weight
322,emscad_02338,Company: A Higher Society,Publicist,0,0,0.9992504119873047,0.0007495880126953125,0.8,1,BERT:bert_class_weighted,Class weight
323,emscad_02342,Technology Will Save Us design devices that you make yourself. Our DIY kits and resources are the best way to learn skil,Digital Marketing Activator,0,0,0.9997560977935791,0.00024390220642089844,0.8,1,BERT:bert_class_weighted,Class weight
324,emscad_02346,Stack Exchange is a fast-growing network of over 100 question and answer sites on diverse topics from computer programmi,Marketing Manager,0,0,0.9997422695159912,0.00025773048400878906,0.8,1,BERT:bert_class_weighted,Class weight
325,emscad_02347,Pinnatta is the world’s first interactive multimedia messaging platform.,Android Engineer,0,0,0.9997062683105469,0.000293731689453125,0.8,1,BERT:bert_class_weighted,Class weight
326,emscad_02353,Welcome to our Careers section. Please review the positions we are currently hiring for and apply to the ones that inter,Senior Software Engineer,0,0,0.9997681379318237,0.00023186206817626953,0.8,1,BERT:bert_class_weighted,Class weight
327,emscad_02357,Job Overview,Landscaping & Light Construction Technician,0,0,0.9995584487915039,0.00044155120849609375,0.8,1,BERT:bert_class_weighted,Class weight
328,emscad_02361,"Goodmates is a studio for digital communication with the three main pillars strategy, conception and design. We believe ",Junior Account Manager (f/m),0,0,0.9997463226318359,0.0002536773681640625,0.8,1,BERT:bert_class_weighted,Class weight
329,emscad_02362,"Roland & Associates is a Corporate Recruitment Organization providing solutions to Global MNCs in US, Middle East & Asia",Regional Sales Manager Jobs in California,0,0,0.9996511936187744,0.00034880638122558594,0.8,1,BERT:bert_class_weighted,Class weight
330,emscad_02365,"Intercom ( #URL_cb674f93cbcd215a3a0a57a8615a565545949eead8adbbc73307c26d6a6af81b# ) is a simple, personal messaging serv",Front End/Web Developer,0,0,0.9997575283050537,0.00024247169494628906,0.8,1,BERT:bert_class_weighted,Class weight
331,emscad_02375,Kettle is an independent digital agency based in New York City and the Bay Area. We’re committed to making digital do mo,NY | RECRUITER @LDK,0,0,0.9997636079788208,0.00023639202117919922,0.8,1,BERT:bert_class_weighted,Class weight
332,emscad_02378,About Us:,Social Media Intern,0,0,0.9997327327728271,0.00026726722717285156,0.8,1,BERT:bert_class_weighted,Class weight
333,emscad_02389,"This initiative is being led by a very talented, energetic and inspirational group of young Greek leaders called “Global",Internship (Risk Analysis),0,0,0.9993462562561035,0.0006537437438964844,0.8,1,BERT:bert_class_weighted,Class weight
334,emscad_02406,The best word to describe PCP’s culture is PRIDE. Pride in our company. Pride in our job. And pride in our relationships,Billing Clerk,0,0,0.9996294975280762,0.0003705024719238281,0.8,1,BERT:bert_class_weighted,Class weight
335,emscad_02407,Applied Memetics LLC is a professional services company dedicated to integrating and delivering best practice communicat,"The Media and Archive Research Assistant, Broadcast Operations Division",0,0,0.9997215270996094,0.000278472900390625,0.8,1,BERT:bert_class_weighted,Class weight
336,emscad_02408,Aptitude Staffing Solutions has redesigned the recruiting wheel. Our innovative new platform cuts the recruiting time in,Director of Product Management,1,1,0.00048828125,0.99951171875,0.8,1,BERT:bert_class_weighted,Class weight
337,emscad_02410,Magmic is a leading developer and publisher of mobile social games and entertainment. We publish a full range of content,QA Lead,0,0,0.9997174739837646,0.00028252601623535156,0.8,1,BERT:bert_class_weighted,Class weight
338,emscad_02413,SDI Marketing started in 1988 as a small marketing agency with one simple philosophy: make our client's business our bus,Mystery Shopper,0,0,0.9996659755706787,0.00033402442932128906,0.8,1,BERT:bert_class_weighted,Class weight
339,emscad_02414,"Stokes Automotive Group-Beaufort is a family owned and operated dealer group in Beaufort, SC. Stokes is the leader in th",RECEPTIONIST,0,0,0.9994916915893555,0.0005083084106445312,0.8,1,BERT:bert_class_weighted,Class weight
340,emscad_02416,PROSULTING IS PEOPLE The ProSulting difference is easy to see. Our passion for delivering qualified pre-screened personn,Project/Program Manager,0,0,0.9996941089630127,0.0003058910369873047,0.8,1,BERT:bert_class_weighted,Class weight
341,emscad_02421,MathWhisperer Consultation and Tutoring Services was founded by a Certified Mathematics and Science Teacher in Canada. T,Teaching Positions Mathematics and/or Sciences,0,0,0.9997427463531494,0.00025725364685058594,0.8,1,BERT:bert_class_weighted,Class weight
342,emscad_02427,Axonix is a global mobile advertising technology company that's powered by a platform with a 4 year history of leading t,Head of Product,0,0,0.9997570514678955,0.0002429485321044922,0.8,1,BERT:bert_class_weighted,Class weight
343,emscad_02443,Recruitment of Brand Ambassadors for various clients (reputable MNCs) for different activities,Student MATADORS for Bulls Eye Communications,0,0,0.9991474151611328,0.0008525848388671875,0.8,1,BERT:bert_class_weighted,Class weight
344,emscad_02446,SDI Marketing started in 1988 as a small marketing agency with one simple philosophy: make our client's business our bus,Mystery Shopper - New Mexico,0,0,0.9996471405029297,0.0003528594970703125,0.8,1,BERT:bert_class_weighted,Class weight
345,emscad_02452,EUROPEAN DYNAMICS (#URL_c66532ffa1ce76ab447da6774719060c42c584edbf44d74cdb94fc4ac219ca45#) is a leading European Softwar,International IT Recruiter,0,0,0.9997477531433105,0.0002522468566894531,0.8,1,BERT:bert_class_weighted,Class weight
346,emscad_02489,Why CSD?,Office Assistant (temporary),0,0,0.9996185302734375,0.0003814697265625,0.8,1,BERT:bert_class_weighted,Class weight
347,emscad_02503,We help teachers get safe & secure jobs abroad :),Graduates: English Teacher Overseas,0,0,0.9997668266296387,0.00023317337036132812,0.8,1,BERT:bert_class_weighted,Class weight
348,emscad_02505,We help teachers get safe & secure jobs abroad :),Graduates: English Teacher Abroad,0,0,0.9997704029083252,0.0002295970916748047,0.8,1,BERT:bert_class_weighted,Class weight
349,emscad_02516,"Cigniti Inc. is a 15 year old Irving, TX based professional services and staffing company which helped companies like Tr",Capacity Planner,0,0,0.9996387958526611,0.0003612041473388672,0.8,1,BERT:bert_class_weighted,Class weight
350,emscad_02517,Can data be a thing of beauty? We think so.,Web Application Developer (Node.JS),0,0,0.9997584819793701,0.0002415180206298828,0.8,1,BERT:bert_class_weighted,Class weight
351,emscad_02522,Cookisto is a trusted community marketplace connecting talented home cooks with hungry locals. What started as a Master’,Web Developer Intern,0,0,0.9997551441192627,0.0002448558807373047,0.8,1,BERT:bert_class_weighted,Class weight
352,emscad_02535,schooX is a Social Academy where anyone can teach and learn online. Learners can attend online courses and build a stron,ASP.NET Developer,0,0,0.9997427463531494,0.00025725364685058594,0.8,1,BERT:bert_class_weighted,Class weight
353,emscad_02538,"Changing the face of specialty and fine chemical marketing, sales, and distribution using an agile approach to technolog",Systems Analyst,0,0,0.9996969699859619,0.00030303001403808594,0.8,1,BERT:bert_class_weighted,Class weight
354,emscad_02541,"Executive search and recruitment agency, providing successful high growth organizations with highly talented, skilled, i",Facilities Maintenance Manager,0,0,0.9992532730102539,0.0007467269897460938,0.8,1,BERT:bert_class_weighted,Class weight
355,emscad_02547,We help teachers get safe & secure jobs abroad :),English Teacher Abroad,0,0,0.9997690916061401,0.00023090839385986328,0.8,1,BERT:bert_class_weighted,Class weight
356,emscad_02558,General Summary:,Facilities Maintenance Technician,0,0,0.9863204956054688,0.01367950439453125,0.8,1,BERT:bert_class_weighted,Class weight
357,emscad_02559,About the role,Junior Software Developer,0,0,0.9996302127838135,0.00036978721618652344,0.8,1,BERT:bert_class_weighted,Class weight
358,emscad_02573,hello world,Head of Development: Ruby / RoR Backend,0,0,0.9997358322143555,0.00026416778564453125,0.8,1,BERT:bert_class_weighted,Class weight
359,emscad_02577,"Novitex Enterprise Solutions, formerly Pitney Bowes Management Services, delivers innovative document and communications",Customer Service Associate - Part Time,0,0,0.9997422695159912,0.00025773048400878906,0.8,1,BERT:bert_class_weighted,Class weight
360,emscad_02584,"Pricing Recruiters is the leading global resource for the procurement, vetting and placement of qualified, pricing and p",Just Energy - Senior Energy Analyst - Pricing & Costing,0,0,0.9996724128723145,0.0003275871276855469,0.8,1,BERT:bert_class_weighted,Class weight
361,emscad_02590,"Pricing Recruiters is the leading global resource for the procurement, vetting and placement of qualified, pricing and p",State Farm - Bank Pricing Analyst,0,0,0.9996337890625,0.0003662109375,0.8,1,BERT:bert_class_weighted,Class weight
362,emscad_02594,"Pricing Recruiters is the leading global resource for the procurement, vetting and placement of qualified, pricing and p",The Walt Disney Company - Senior Pricing Analyst (Cirque Du Soleil Pricing),0,0,0.9996945858001709,0.00030541419982910156,0.8,1,BERT:bert_class_weighted,Class weight
363,emscad_02595,CliniCare Pro provides healthcare staffing services and recruitment process outsourcing. We seek top-quality healthcare ,Licensed Social Worker,0,0,0.9995954036712646,0.00040459632873535156,0.8,1,BERT:bert_class_weighted,Class weight
364,emscad_02598,"Brand Manager is overall and final responsible for creation and implementation of sustainable brand management strategy,",Brand Manager,0,0,0.9993462562561035,0.0006537437438964844,0.8,1,BERT:bert_class_weighted,Class weight
365,emscad_02612,"Certoid is an identity, impersonation and reputation network. The area: Software Engineering Our engineers develop the n",Back End Software Engineer,0,0,0.9996793270111084,0.00032067298889160156,0.8,1,BERT:bert_class_weighted,Class weight
366,emscad_02613,Execute flow of merchandise in and out of the stock area. Process all merchandise shipments and immediately reports any ,Stock Manager,0,0,0.9963855743408203,0.0036144256591796875,0.8,1,BERT:bert_class_weighted,Class weight
367,emscad_02620,Workable is a venture-backed startup making cloud-based recruitment software for fast-growing companies around the world,Marketing Manager,0,0,0.9997494220733643,0.0002505779266357422,0.8,1,BERT:bert_class_weighted,Class weight
368,emscad_02637,Pioneering advanced analytics vendor RapidMiner is redefining how business analysts use Big Data to predict the future. ,Cloud Architect,0,0,0.9994182586669922,0.0005817413330078125,0.8,1,BERT:bert_class_weighted,Class weight
369,emscad_02644,We the Medical Recruitment Team of Roland and Associates,Opening For Dermatologist Doctor in Qatar,0,0,0.9996614456176758,0.00033855438232421875,0.8,1,BERT:bert_class_weighted,Class weight
370,emscad_02651,"International Cultural Exchange Services (ICES) was founded in 1991 by John J. Crist in Atlanta, Georgia. John had previ",Part-time Local Coordinator for highschool Exchange Students,0,0,0.9997453689575195,0.00025463104248046875,0.8,1,BERT:bert_class_weighted,Class weight
371,emscad_02653,Gary Cartwright established Cartwright Property Management in 2007 to help manage the HOAs that were created when his de,Administrative Assistant,1,1,0.0009765625,0.9990234375,0.8,1,BERT:bert_class_weighted,Class weight
372,emscad_02656,We the Medical Recruitment Team of Roland and Associates,Neonatologist Doctor Opening in UAE,0,0,0.9997005462646484,0.0002994537353515625,0.8,1,BERT:bert_class_weighted,Class weight
373,emscad_02660,We the Medical Recruitment Team of Roland and Associates,"Jobs for Specialist Endocrinologist in Dubai, UAE",0,0,0.9996957778930664,0.00030422210693359375,0.8,1,BERT:bert_class_weighted,Class weight
374,emscad_02662,We are a web development shop that helps entrepreneurs kick off tech startups and be successful. We combine lean startup,Frontend Developer,0,0,0.999759316444397,0.00024068355560302734,0.8,1,BERT:bert_class_weighted,Class weight
375,emscad_02663,We help teachers get safe & secure jobs abroad :),English Teacher Abroad,0,0,0.9997690916061401,0.00023090839385986328,0.8,1,BERT:bert_class_weighted,Class weight
376,emscad_02668,"As a growing and successful startup, Conversocial is a great place to work for ambitious individuals.",Product Marketing Manager,0,0,0.9997224807739258,0.00027751922607421875,0.8,1,BERT:bert_class_weighted,Class weight
377,emscad_02675,Q2Hire has been delivering concrete results for more than 10 years. And this successful history has a formula: Your goal,Enterprise DW Architect,0,0,0.9996402263641357,0.0003597736358642578,0.8,1,BERT:bert_class_weighted,Class weight
378,emscad_02686,WannaYum is a user-centric mobile food-ordering platform that attracts and retains customers through a proprietary embed,"Copywriter, Marketing and Content - New York City",0,0,0.9997518062591553,0.00024819374084472656,0.8,1,BERT:bert_class_weighted,Class weight
379,emscad_02687,Experienced HR professional with good management skills for an IT company. Job Responsibilities End to end Recruitment P,HR Executive,0,0,0.9973735809326172,0.0026264190673828125,0.8,1,BERT:bert_class_weighted,Class weight
380,emscad_02689,We’re looking for a web designer with a passion for web to help us create great products and make our clients happy.,Web Designer,0,0,0.9997472763061523,0.00025272369384765625,0.8,1,BERT:bert_class_weighted,Class weight
381,emscad_02690,"GPL Technologies is a solutions provider focused on the design, implementation, and support of high-performance informat",Systems Support Technician,0,0,0.9997272491455078,0.0002727508544921875,0.8,1,BERT:bert_class_weighted,Class weight
382,emscad_02697,We're a data and design focused startup based in New York City with a passionate and forward-thinking team. We enable pe,Customer Experience Specialist,0,0,0.99971604347229,0.00028395652770996094,0.8,1,BERT:bert_class_weighted,Class weight
383,emscad_02701,"With over 30 years of experience in the industry, Mercer Foods has been providing superior quality freeze dried foods an",Dry Processor - Full Time,0,0,0.9995827674865723,0.0004172325134277344,0.8,1,BERT:bert_class_weighted,Class weight
384,emscad_02706,Positionly Sp. z o.o. is a company that provides the highest quality SEO software for 2000+ companies worldwide. Our pro,Sales Representative - UK / US,0,0,0.9997251033782959,0.00027489662170410156,0.8,1,BERT:bert_class_weighted,Class weight
385,emscad_02710,"Public Risk Underwriters of Georgia, Inc. is seeking a highly motivated and experienced Commercial Insurance Account Man",Commercial Lines Account Manager,0,0,0.9991507530212402,0.0008492469787597656,0.8,1,BERT:bert_class_weighted,Class weight
386,emscad_02713,Volunteers of America is a faith-based human services organization. We are dedicated to helping individuals and families,Administrative Assistant I,0,1,0.1552734375,0.8447265625,0.8,0,BERT:bert_class_weighted,Class weight
387,emscad_02717,"Daily Secret is one of the fastest growing digital media brand for premium audiences around the world, serving 1.8 milli",Director of Product & Technology,0,0,0.9996788501739502,0.0003211498260498047,0.8,1,BERT:bert_class_weighted,Class weight
388,emscad_02721,"Stokes Automotive Group-Beaufort is a family owned and operated dealer group in Beaufort, SC. Stokes is the leader in th",BDC Representative,0,0,0.9995007514953613,0.0004992485046386719,0.8,1,BERT:bert_class_weighted,Class weight
389,emscad_02723,"Primesoft Inc is a fast growing IT consulting, services and outsourcing firm. We Provide IT consulting services to suppo",QA / BA entry level,0,0,0.9995434284210205,0.0004565715789794922,0.8,1,BERT:bert_class_weighted,Class weight
390,emscad_02737,Wello is expanding our network of health & fitness professionals following our acquisition by Weight Watchers in April. ,Independent Contractor Fitness Professional,0,0,0.9996874332427979,0.00031256675720214844,0.8,1,BERT:bert_class_weighted,Class weight
391,emscad_02741,"As one of the world’s leading staffing companies, our primary objective is clear-cut: To perfectly align the best people",Demonstrator,0,0,0.9994125366210938,0.00058746337890625,0.8,1,BERT:bert_class_weighted,Class weight
392,emscad_02754,"Tidewater Finance Co. was established in 1992 for the initial purpose of purchasing, and servicing retail installment co",Collections Supervisor,0,0,0.9996614456176758,0.00033855438232421875,0.8,1,BERT:bert_class_weighted,Class weight
393,emscad_02756,Title: Senior Citrix Engineer (100% Travel) Duration:2 Months (Possibility of extension),Sr. Citrix Engineer,0,0,0.9976863861083984,0.0023136138916015625,0.8,1,BERT:bert_class_weighted,Class weight
394,emscad_02759,AJi is a premier web and mobile focused software consultancy specializing in the art of producing and delivering softwar,Software Developer - ASP.NET,0,0,0.9997363090515137,0.0002636909484863281,0.8,1,BERT:bert_class_weighted,Class weight
395,emscad_02762,Established on the principles that full time education is not for everyone Spectrum Learning is made up of a team of pas,APPRENTICE ELDERLY CARE WORKERS,0,0,0.9997717142105103,0.0002282857894897461,0.8,1,BERT:bert_class_weighted,Class weight
396,emscad_02763,"Vend is looking for some awesome new talent to come join us. You'll be working in an awesome team doing awesome things, ",Management Accountant,0,0,0.99971604347229,0.00028395652770996094,0.8,1,BERT:bert_class_weighted,Class weight
397,emscad_02764,"We're artists, thinkers, and doers in an open, collaborative, and challenging environment. We love to work our hearts ou",QA Tester,0,0,0.9997498989105225,0.00025010108947753906,0.8,1,BERT:bert_class_weighted,Class weight
398,emscad_02765,"Come be a part of one of the fastest growing, well-funded and exciting startups in Silicon Valley. Peel makes the world’",Android UI Automation Engineer,0,0,0.9997532367706299,0.0002467632293701172,0.8,1,BERT:bert_class_weighted,Class weight
399,emscad_02780,About ADS Security – Our Proud History in the Security Industry,Entry Level Opportunity with Top Security Provider - Leadership Training,0,0,0.9994964599609375,0.0005035400390625,0.8,1,BERT:bert_class_weighted,Class weight
400,emscad_02783,"Argenta Field Solutions values the client, creates income streams for them through our sales mechanism and focuses on qu",Experienced Direct TV 'DIRECTV' D2D Manager,0,0,0.9996705055236816,0.0003294944763183594,0.8,1,BERT:bert_class_weighted,Class weight
401,emscad_02784,Applied Memetics LLC is a professional services company dedicated to integrating and delivering best practice communicat,TV Master Control Technician,0,0,0.999730110168457,0.00026988983154296875,0.8,1,BERT:bert_class_weighted,Class weight
402,emscad_02790,"At Holiday Inn Express Sping Mills, Falling Waters, WV we believe you are at your best when you can truly be yourself. A",Hotel Chief Engineer,0,0,0.9993371963500977,0.0006628036499023438,0.8,1,BERT:bert_class_weighted,Class weight
403,emscad_02821,"Replise was started in 2008, just a year after Twitter was launched, by a bunch of serial entrepreneurs who believed the",Front-End Developer/HTML/JavaScript/CSS,0,0,0.9997694492340088,0.00023055076599121094,0.8,1,BERT:bert_class_weighted,Class weight
404,emscad_02822,"Tidewater Finance Co. was established in 1992 for the initial purpose of purchasing, and servicing retail installment co",Marketing / Sales Representative,0,0,0.9996716976165771,0.00032830238342285156,0.8,1,BERT:bert_class_weighted,Class weight
405,emscad_02833,"Westview Financial Services , located in Hampton, VA has a full-time ASSISTANT MANAGER position available immediately. O",Assistant Manager,0,0,0.9996206760406494,0.00037932395935058594,0.8,1,BERT:bert_class_weighted,Class weight
406,emscad_02845,"Here at Mansfield Property Maintenance we are experienced in providing reactive day to day building maintenance, planned",Maintenance Engineer,0,0,0.9996843338012695,0.00031566619873046875,0.8,1,BERT:bert_class_weighted,Class weight
407,emscad_02854,Espressoft Systems Sdn Bhd is a Malaysia-based agile software development company focused on providing innovative techno,Mobile Application Software Engineer (iOS),0,0,0.9997305870056152,0.0002694129943847656,0.8,1,BERT:bert_class_weighted,Class weight
408,emscad_02865,"As one of the world’s leading staffing companies, our primary objective is clear-cut: To perfectly align the best people",Retail Associate,0,0,0.9994997978210449,0.0005002021789550781,0.8,1,BERT:bert_class_weighted,Class weight
409,emscad_02869,Applied Memetics LLC is a professional services company dedicated to integrating and delivering best practice communicat,"Program Host, Burmese Service",0,0,0.9997208118438721,0.0002791881561279297,0.8,1,BERT:bert_class_weighted,Class weight
410,emscad_02876,"Places Senior Technology and Data professionals nationwide with a focus on Software Engineering, Big Data, Analytics, Bu",Director of Training,0,0,0.9988346099853516,0.0011653900146484375,0.8,1,BERT:bert_class_weighted,Class weight
411,emscad_02882,At HoneyBook we’re re-imagining the events industry and building a product that is already changing the world for some o,Marketing Copywriter,0,0,0.9997034072875977,0.00029659271240234375,0.8,1,BERT:bert_class_weighted,Class weight
412,emscad_02892,About,Software Engineer (iOS),0,0,0.9997631311416626,0.00023686885833740234,0.8,1,BERT:bert_class_weighted,Class weight
413,emscad_02896,Applied Memetics LLC is a professional services company dedicated to integrating and delivering best practice communicat,"Production Assistant, Mandarin Service",0,0,0.999730110168457,0.00026988983154296875,0.8,1,BERT:bert_class_weighted,Class weight
414,emscad_02901,Applied Memetics LLC is a professional services company dedicated to integrating and delivering best practice communicat,"International Broadcaster, Tibetan Service",0,0,0.9997408390045166,0.00025916099548339844,0.8,1,BERT:bert_class_weighted,Class weight
415,emscad_02903,We help teachers get safe & secure jobs abroad :),Graduates: English Teacher Abroad (Conversational),0,0,0.9997671842575073,0.00023281574249267578,0.8,1,BERT:bert_class_weighted,Class weight
416,emscad_02904,Pardon Services Canada is a national legal services company established in 1989.We serve as an advocate for Canadians wi,Office Clerk - Criminal Justice (Downtown),0,0,0.9997115135192871,0.0002884864807128906,0.8,1,BERT:bert_class_weighted,Class weight
417,emscad_02906,Mindworks interactive is one of the fastest growing Digital Agencies and the leading Performance Marketing Agency in Gre,Junior Digital Account / Project Manager,0,0,0.9994726181030273,0.0005273818969726562,0.8,1,BERT:bert_class_weighted,Class weight
418,emscad_02907,Shape the Future.,Accounts Assistant,0,0,0.9996843338012695,0.00031566619873046875,0.8,1,BERT:bert_class_weighted,Class weight
419,emscad_02910,"Replise was started in 2008, just a year after Twitter was launched, by a bunch of serial entrepreneurs who believed the",Sales Managers (2x),0,0,0.9997686147689819,0.0002313852310180664,0.8,1,BERT:bert_class_weighted,Class weight
420,emscad_02912,ESET is a pioneer in the antivirus industry with its award-winning NOD32 technology celebrating its 25th anniversary in ,Technical Support Engineer,0,0,0.9997169971466064,0.0002830028533935547,0.8,1,BERT:bert_class_weighted,Class weight
421,emscad_02916,"Tidewater Finance Co. was established in 1992 for the initial purpose of purchasing, and servicing retail installment co",Contact Center Representatives,0,0,0.9996471405029297,0.0003528594970703125,0.8,1,BERT:bert_class_weighted,Class weight
422,emscad_02918,"Committed to providing valued quality services, we have established an environment that promotes individual growth , com",Job Developer,0,0,0.9993810653686523,0.0006189346313476562,0.8,1,BERT:bert_class_weighted,Class weight
423,emscad_02923,We help teachers get safe & secure jobs abroad :),Graduates: English Teacher Abroad,0,0,0.9997708797454834,0.00022912025451660156,0.8,1,BERT:bert_class_weighted,Class weight
424,emscad_02934,100mentors answers the question: « What do you want to be in 5 years ?»,Software Developer,0,0,0.9997022151947021,0.00029778480529785156,0.8,1,BERT:bert_class_weighted,Class weight
425,emscad_02939,"Founded in 2010 by a team from Google’s London and New York offices, Qubit work with some of the biggest names in Online",Technical Sales Specialist,0,0,0.9997752904891968,0.00022470951080322266,0.8,1,BERT:bert_class_weighted,Class weight
426,emscad_02941,"Founded at the beginning of 2013, the startup #URL_1126a42ca4e3346cc3e1a08fbb8e4c3f867169c63a14fc3710ba1f37c6c0e928# is ",Digital Communication / E-Marketing Position,0,0,0.9997363090515137,0.0002636909484863281,0.8,1,BERT:bert_class_weighted,Class weight
427,emscad_02954,Applied Memetics LLC is a professional services company dedicated to integrating and delivering best practice communicat,"International Broadcaster, Oromo Language",0,0,0.9997236728668213,0.00027632713317871094,0.8,1,BERT:bert_class_weighted,Class weight
428,emscad_02959,"Vend is looking for some awesome new talent to come join us. You'll be working in an awesome team doing awesome things, ",Retail Solution Specialist,0,0,0.9997074604034424,0.0002925395965576172,0.8,1,BERT:bert_class_weighted,Class weight
429,emscad_02964,"We're a small tight-knit team that wants to change how rentals are done. The rental industry is old, antiquated, and rea",Front end engineer,0,0,0.99967360496521,0.00032639503479003906,0.8,1,BERT:bert_class_weighted,Class weight
430,emscad_02973,"Tidewater Finance Co. was established in 1992 for the initial purpose of purchasing, and servicing retail installment co",Collections Account Representatives,0,0,0.9996373653411865,0.00036263465881347656,0.8,1,BERT:bert_class_weighted,Class weight
431,emscad_02984,Το #URL_bb79581a561837ad604b8fc4ab629753b36407cc3bc76c42e6e46d74bb78eba2# είναι μία επαγγελματική διαδικτυακή πλατφόρμα ,Senior Web Developer,0,0,0.999448299407959,0.0005517005920410156,0.8,1,BERT:bert_class_weighted,Class weight
432,emscad_02985,We are looking for a passionate Head of Marketing to join our team in San Francisco Bay area.,Head of Marketing,0,0,0.9996850490570068,0.00031495094299316406,0.8,1,BERT:bert_class_weighted,Class weight
433,emscad_02986,"Εργοδότης : Santikos Hotels & Resorts, Skiathos Princess",Bartender,0,0,0.999122142791748,0.0008778572082519531,0.8,1,BERT:bert_class_weighted,Class weight
434,emscad_02994,Can data be a thing of beauty? We think so.,Internal - Hold for 1 year,0,0,0.9997453689575195,0.00025463104248046875,0.8,1,BERT:bert_class_weighted,Class weight
435,emscad_02996,"Indianapolis eye doctors since 1940 and now with eye doctors across the state at our 19 locations, Dr. Tavel Family Eye ",Experienced Optician/Manager,0,0,0.999605655670166,0.0003943443298339844,0.8,1,BERT:bert_class_weighted,Class weight
436,emscad_02998,About the Company We are ticketscript - the European market leaders in digital self-ticketing. Whether it’s massive danc,Office Manager NL,0,0,0.999739408493042,0.0002605915069580078,0.8,1,BERT:bert_class_weighted,Class weight
437,emscad_03004,"You have already gathered experience by working with HTML , JavaScript , CSS and you are interested in a new project tha",Front-end Developer,0,0,0.9994163513183594,0.000583648681640625,0.8,1,BERT:bert_class_weighted,Class weight
438,emscad_03025,My client in North Nottinghamshire is looking for an FLM to come on board with enthusiasm and the drive to progress with,First Line Manager,0,0,0.9993891716003418,0.0006108283996582031,0.8,1,BERT:bert_class_weighted,Class weight
439,emscad_03027,"Due to my clients continued and successful growth, we’re looking for a candidate who can help develop our pest control b",Sales Executive (Pest Control),0,0,0.9993319511413574,0.0006680488586425781,0.8,1,BERT:bert_class_weighted,Class weight
440,emscad_03031,"- Design, program mobile apps for Android/iOS.",mobile apps for Android/iOS developer,0,0,0.999183177947998,0.0008168220520019531,0.8,1,BERT:bert_class_weighted,Class weight
441,emscad_03042,"#URL_25e85371e7108e279a4b25d6e965889a44917879b7b587c905714ef30f933cb8# is a young, growing e-commerce company with our e",Graphic T-Shirt Designer,0,0,0.9997565746307373,0.0002434253692626953,0.8,1,BERT:bert_class_weighted,Class weight
442,emscad_03047,We Provide Full Time Permanent Positions for many medium to large US companies. We are interested in finding/recruiting ,IT Security Analyst,0,0,0.9997427463531494,0.00025725364685058594,0.8,1,BERT:bert_class_weighted,Class weight
443,emscad_03048,Why do people choose to work at Certus? Why is our staff turnover so low?,Information Management Principal Consultant,0,0,0.9996769428253174,0.0003230571746826172,0.8,1,BERT:bert_class_weighted,Class weight
444,emscad_03068,Applied Memetics LLC is a professional services company dedicated to integrating and delivering best practice communicat,"Program Host, Persian Language",0,0,0.9997363090515137,0.0002636909484863281,0.8,1,BERT:bert_class_weighted,Class weight
445,emscad_03075,Are you looking to advance your bookkeeping career with a company that is growing at an exponential rate? Are you a pro ,Entry Level Controller: FT & PT,0,0,0.99961256980896,0.00038743019104003906,0.8,1,BERT:bert_class_weighted,Class weight
446,emscad_03076,Upstream’s mission is to revolutionise the way companies market to consumers through cutting edge technology. This is an,Engagement Director,0,0,0.9997327327728271,0.00026726722717285156,0.8,1,BERT:bert_class_weighted,Class weight
447,emscad_03087,"We seek a diligent, experienced Java professional, for a technology company in the consumer Internet industry. With a st",Senior Java Developer,0,0,0.9996309280395508,0.00036907196044921875,0.8,1,BERT:bert_class_weighted,Class weight
448,emscad_03098,Applied Memetics LLC is a professional services company dedicated to integrating and delivering best practice communicat,"Webmaster, English to South Sudan Service",0,0,0.999748706817627,0.0002512931823730469,0.8,1,BERT:bert_class_weighted,Class weight
449,emscad_03104,The Beans Group is a media company that exists to empower young people to thrive. We have been on an exponential growth ,Writer: Voxburner.com,0,0,0.9997267723083496,0.0002732276916503906,0.8,1,BERT:bert_class_weighted,Class weight
450,emscad_03112,FeedMe is an online multimedia food network connecting foodies and culinary experts in a way that they have never connec,Lead developer,0,0,0.999759316444397,0.00024068355560302734,0.8,1,BERT:bert_class_weighted,Class weight
451,emscad_03126,"Η Netstudio είναι μια από τις ταχύτερα ανερχόμενες εταιρίες σχεδιασμού, ανάπτυξης, προώθησης, ανάλυσης και βελτιστοποίησ",Digital Designer,0,0,0.9994306564331055,0.0005693435668945312,0.8,1,BERT:bert_class_weighted,Class weight
452,emscad_03127,Arrival Education is a social enterprise that transforms the life prospects of young people from disadvantaged communiti,Administration Assistant,0,0,0.9996993541717529,0.0003006458282470703,0.8,1,BERT:bert_class_weighted,Class weight
453,emscad_03131,"Carlyle Financial is a mortgage bank based in Beverly Hills, CA offering a full range of home loan products. We concentr",Jr. Front-End Developer & Graphic Design Intern,0,0,0.999704122543335,0.00029587745666503906,0.8,1,BERT:bert_class_weighted,Class weight
454,emscad_03159,Applied Memetics LLC is a professional services company dedicated to integrating and delivering best practice communicat,"Production Assistant, Russian Language",0,0,0.9997363090515137,0.0002636909484863281,0.8,1,BERT:bert_class_weighted,Class weight
455,emscad_03170,"We are specialized in HR consulting, sourcing PhD, MSc & MEng professionals on permanent and contract level positions ac",Product Engineer,0,0,0.9996438026428223,0.0003561973571777344,0.8,1,BERT:bert_class_weighted,Class weight
456,emscad_03173,Real-time bidding (RTB) is a new method of selling and buying online display advertising in real time. RTB Account Manag,RTB Account Manager Spain,0,0,0.9997413158416748,0.0002586841583251953,0.8,1,BERT:bert_class_weighted,Class weight
457,emscad_03174,We are looking for passionate individuals who will partner with us and ensure the long-term success of our business and ,Self Employed - Work from Home,0,0,0.9991507530212402,0.0008492469787597656,0.8,1,BERT:bert_class_weighted,Class weight
458,emscad_03185,Infogram is the data visualization product that brings out the best in your data. Our infographics and charts are quick ,Business Development Representative,0,0,0.9997143745422363,0.0002856254577636719,0.8,1,BERT:bert_class_weighted,Class weight
459,emscad_03186,"We are a full-service marketing and staffing firm, serving companies ranging from Fortune 100 to new start-up organizati",Payroll Data Coordinator Positions - Earn $100-$200 Daily,1,1,0.00048828125,0.99951171875,0.8,1,BERT:bert_class_weighted,Class weight
460,emscad_03196,"Valor Services provides Workforce Solutions that meet the needs of companies across the Private Sector, with a special f",Crane Operator - Rig Up/Down (Oil & Gas),0,0,0.9996964931488037,0.00030350685119628906,0.8,1,BERT:bert_class_weighted,Class weight
461,emscad_03206,Applied Memetics LLC is a professional services company dedicated to integrating and delivering best practice communicat,"Webmaster, Tibetan Service",0,0,0.9997513294219971,0.0002486705780029297,0.8,1,BERT:bert_class_weighted,Class weight
462,emscad_03213,Upstream’s mission is to revolutionise the way companies market to consumers through cutting edge technology. This is an,Campaign Manager,0,0,0.9997372627258301,0.0002627372741699219,0.8,1,BERT:bert_class_weighted,Class weight
463,emscad_03215,"Mashape is the largest, most trafficked API marketplace/hub in the world.",Office Manager Champion,0,0,0.9997224807739258,0.00027751922607421875,0.8,1,BERT:bert_class_weighted,Class weight
464,emscad_03235,We're a Pune based company which specializes in creating apps that you will fall in love with.,UI/UX Designer,0,0,0.9997103214263916,0.00028967857360839844,0.8,1,BERT:bert_class_weighted,Class weight
465,emscad_03240,"Based in Hoxton, London, Forward Partners are a “startup catalyst”, combining investment with practical hands-on experti",Senior / Lead Designer,0,0,0.9997717142105103,0.0002282857894897461,0.8,1,BERT:bert_class_weighted,Class weight
466,emscad_03245,Established on the principles that full time education is not for everyone Spectrum Learning is made up of a team of pas,Nuneaton DGV Apprenticeship available under NAS 18 year olds only!,0,0,0.9997636079788208,0.00023639202117919922,0.8,1,BERT:bert_class_weighted,Class weight
467,emscad_03258,Athens Technology Center SA is looking for candidates for the position of Support Analyst - Level 2.,Support Analyst - Level 2,0,0,0.9989166259765625,0.0010833740234375,0.8,1,BERT:bert_class_weighted,Class weight
468,emscad_03267,"Eagle develops products and services that help our clients organise, analyse and manage genomic data. We’re based at the",Javascript Web Application Developer,0,0,0.9997607469558716,0.00023925304412841797,0.8,1,BERT:bert_class_weighted,Class weight
469,emscad_03268,"Depop is an exciting new mobile marketplace where you can sell things by simply taking a picture, as well as follow your",Head of People,0,0,0.9997631311416626,0.00023686885833740234,0.8,1,BERT:bert_class_weighted,Class weight
470,emscad_03270,Process Unlimited and Refined Resources have partnered up in an effort to streamline the hiring process and provide a mo,Process Engineer Mechanical,1,1,0.00048828125,0.99951171875,0.8,1,BERT:bert_class_weighted,Class weight
471,emscad_03275,Greetings from VAM SYSTEMS.....,Urgent Requirement : Senior Exchange & Active Directory Systems Administrator for Qatar.,1,1,0.00048828125,0.99951171875,0.8,1,BERT:bert_class_weighted,Class weight
472,emscad_03277,"Valor Services provides Workforce Solutions that meet the needs of companies across the Private Sector, with a special f",Oil & Gas Recruiter,0,0,0.9997191429138184,0.0002808570861816406,0.8,1,BERT:bert_class_weighted,Class weight
473,emscad_03284,We help teachers get safe & secure jobs abroad :),Graduates: English Teacher Abroad (Conversational),0,0,0.9997671842575073,0.00023281574249267578,0.8,1,BERT:bert_class_weighted,Class weight
474,emscad_03290,SDI Marketing started in 1988 as a small marketing agency with one simple philosophy: make our client's business our bus,Promotional Sales Representative,0,0,0.9996507167816162,0.00034928321838378906,0.8,1,BERT:bert_class_weighted,Class weight
475,emscad_03311,Gary Cartwright established Cartwright Property Management in 2007 to help manage the HOAs that were created when his de,Customer Service Representative,1,1,0.0009765625,0.9990234375,0.8,1,BERT:bert_class_weighted,Class weight
476,emscad_03316,Applied Memetics LLC is a professional services company dedicated to integrating and delivering best practice communicat,"Producer, Khmer Service",0,0,0.9997107982635498,0.0002892017364501953,0.8,1,BERT:bert_class_weighted,Class weight
477,emscad_03322,"#URL_25e85371e7108e279a4b25d6e965889a44917879b7b587c905714ef30f933cb8# is a young, growing e-commerce company with our e",Graphic Designer,0,0,0.9997527599334717,0.0002472400665283203,0.8,1,BERT:bert_class_weighted,Class weight
478,emscad_03328,hello world,Front-End Developer,0,0,0.999603271484375,0.000396728515625,0.8,1,BERT:bert_class_weighted,Class weight
479,emscad_03333,"Welcome to interface rehab interface rehab provides comprehensive rehabilitation (Physical, Occupational & Speech Therap",Occupational Therapy Assistant,0,0,0.9992222785949707,0.0007777214050292969,0.8,1,BERT:bert_class_weighted,Class weight
480,emscad_03351,EUROPEAN DYNAMICS (#URL_c66532ffa1ce76ab447da6774719060c42c584edbf44d74cdb94fc4ac219ca45#) is a leading European Softwar,Bilingual Senior Project Manager,0,0,0.9997513294219971,0.0002486705780029297,0.8,1,BERT:bert_class_weighted,Class weight
481,emscad_03363,"Ryanair is Europe’s favourite low fares airline, operating more than 1,600 daily flights (over 500,000 per year) from 69",.Net Developer,0,0,0.9995841979980469,0.000415802001953125,0.8,1,BERT:bert_class_weighted,Class weight
482,emscad_03367,The Pinkston Group works with a select group of clients to create and execute media strategies that meet their public re,Senior Account Executive,0,0,0.9995710849761963,0.00042891502380371094,0.8,1,BERT:bert_class_weighted,Class weight
483,emscad_03369,"Argenta Field Solutions values the client, creates income streams for them through our sales mechanism and focuses on qu",Home Automation and Alarm Sales Office Launch - AT&T Digital Life,0,0,0.9996774196624756,0.00032258033752441406,0.8,1,BERT:bert_class_weighted,Class weight
484,emscad_03370,We help teachers get safe & secure jobs abroad :),Graduates: English Teacher Abroad,0,0,0.9997704029083252,0.0002295970916748047,0.8,1,BERT:bert_class_weighted,Class weight
485,emscad_03377,"FTC Global is an International Business Group and Venture Incubator with presence across Asia, Europe and Americas (#URL",Online Marketing and PR Executives,0,0,0.9996109008789062,0.00038909912109375,0.8,1,BERT:bert_class_weighted,Class weight
486,emscad_03378,Pioneering advanced analytics vendor RapidMiner is redefining how business analysts use Big Data to predict the future. ,User Interface Designer,0,0,0.9996917247772217,0.0003082752227783203,0.8,1,BERT:bert_class_weighted,Class weight
487,emscad_03383,"We design, deploy, and maintain advanced technologies that enable our customers to achieve operational excellence at sub",Sr. Systems Developer,0,0,0.9996750354766846,0.0003249645233154297,0.8,1,BERT:bert_class_weighted,Class weight
488,emscad_03384,"Our client, a growing collection/revenue recovery firm, is seeking to hire several Customer Service Associates over the ",Customer Service Representative,0,0,0.9992208480834961,0.0007791519165039062,0.8,1,BERT:bert_class_weighted,Class weight
489,emscad_03388,"Novitex Enterprise Solutions, formerly Pitney Bowes Management Services, delivers innovative document and communications",Customer Service Associate - Part Time,0,0,0.9997413158416748,0.0002586841583251953,0.8,1,BERT:bert_class_weighted,Class weight
490,emscad_03389,RHB Recruitment Ltd is a business process outsourcing company with its state-of-the-art delivery center (existing capaci,Physical Design,0,0,0.9996693134307861,0.0003306865692138672,0.8,1,BERT:bert_class_weighted,Class weight
491,emscad_03394,Applied Memetics LLC is a professional services company dedicated to integrating and delivering best practice communicat,"Webmaster, Urdu Language",0,0,0.9997494220733643,0.0002505779266357422,0.8,1,BERT:bert_class_weighted,Class weight
492,emscad_03396,"Trebbble is a mobile strategy and development firm, specializing in the delivery of brilliant mobile experiences. We par",Front End Developer,0,0,0.9997565746307373,0.0002434253692626953,0.8,1,BERT:bert_class_weighted,Class weight
493,emscad_03402,#URL_87bda63e01dbf9c94ca7430d4cbda39cd7c6a388635536d5c0ba4b40533880cf# lets people create interactive mobile app prototy,Inside Sales Representative at Proto.io,0,0,0.9994907379150391,0.0005092620849609375,0.8,1,BERT:bert_class_weighted,Class weight
494,emscad_03409,"codebender is an online platform for makers, hobbyists and engineers. In other words, an online IDE and community for Ar",Web Developer - Backend,0,0,0.9997453689575195,0.00025463104248046875,0.8,1,BERT:bert_class_weighted,Class weight
495,emscad_03420,"Seedcamp is Europe's leading micro-seed investment fund and mentoring program. Since launching in 2007, our family now i",Seedcamp Summer Intern,0,0,0.9997551441192627,0.0002448558807373047,0.8,1,BERT:bert_class_weighted,Class weight
496,emscad_03447,"Christopherson Business Travel is the independently owned leader in intelligent business travel management, online trave",Corporate Travel Counselor - Mtn Region,0,0,0.9989614486694336,0.0010385513305664062,0.8,1,BERT:bert_class_weighted,Class weight
497,emscad_03449,Want to build a 21st century financial service?,Customer Support Receptionist / Agent (German Native),0,0,0.9997148513793945,0.00028514862060546875,0.8,1,BERT:bert_class_weighted,Class weight
498,emscad_03466,"Located in the heart of downtown Kansas City, we’re redefining the future of fan engagement and innovative business solu",Functional Writer,0,0,0.9997472763061523,0.00025272369384765625,0.8,1,BERT:bert_class_weighted,Class weight
499,emscad_03469,At TeeSmile we make it easy to raise money with t-shirts and rally supporters for anything you're passionate about.,Graphic Designer,0,0,0.9997508525848389,0.0002491474151611328,0.8,1,BERT:bert_class_weighted,Class weight
500,emscad_03470,"Morgann Price is a leading provider of project management, construction management, business management and technical co",WorkFace Planner,0,0,0.9995994567871094,0.000400543212890625,0.8,1,BERT:bert_class_weighted,Class weight
501,emscad_03472,Hawkeye Recruitment provides cost effective recruitment advertising solutions to help you cast the widest net to find th,"HVAC and Electrical Helpers - $1,000 Bonus Available",0,0,0.9995770454406738,0.0004229545593261719,0.8,1,BERT:bert_class_weighted,Class weight
502,emscad_03474,Playfair Capital is an early stage technology investment fund based in London.,Head of Talent,0,0,0.9997676610946655,0.00023233890533447266,0.8,1,BERT:bert_class_weighted,Class weight
503,emscad_03505,The Albany Charter School Network is a family of charter schools in the City of Albany that works to prepare children fo,Secondary Social Studies Teacher,0,0,0.9996933937072754,0.0003066062927246094,0.8,1,BERT:bert_class_weighted,Class weight
504,emscad_03510,"DEFINITION Plans, directs, and supervises the glass and glazing activities performed by installer and is the technical e",Glazing Superman/Field Leader Extraordinaire,0,0,0.9984807968139648,0.0015192031860351562,0.8,1,BERT:bert_class_weighted,Class weight
505,emscad_03522,Great Customer Service from Start to Finish,Marketing Associate,0,0,0.9996485710144043,0.0003514289855957031,0.8,1,BERT:bert_class_weighted,Class weight
506,emscad_03535,"Tidewater Finance Co. was established in 1992 for the initial purpose of purchasing, and servicing retail installment co",Contact Center Representatives,0,0,0.9996471405029297,0.0003528594970703125,0.8,1,BERT:bert_class_weighted,Class weight
507,emscad_03536,#URL_c379aa631173ed5b7c345ab3f500a9a053e509138ca70e52c1088e5a784dc8d7# is a modern online travel agency that was founded,Customer Support Representative (English Speakers)- Night shift,0,0,0.9997289180755615,0.00027108192443847656,0.8,1,BERT:bert_class_weighted,Class weight
508,emscad_03543,Company Description What we do #URL_e837e935106c9b32dff718b3aff43001785693e48a3ebed31444faf85ee2da31# is a utility that ,Senior Web Developer,0,0,0.9997597932815552,0.00024020671844482422,0.8,1,BERT:bert_class_weighted,Class weight
509,emscad_03547,We Build Great Companies,Financial Manager,0,0,0.9997676610946655,0.00023233890533447266,0.8,1,BERT:bert_class_weighted,Class weight
510,emscad_03550,Agensi Pekerjaan Gen Y HR Sdn. Bhd. is revolutionising the recruitment agency business by making work-life-REWARDS-balan,Recruitment Consultant - TECHNOLOGY,0,0,0.9996063709259033,0.0003936290740966797,0.8,1,BERT:bert_class_weighted,Class weight
511,emscad_03588,"Itsa Southern Thing Apparel owns several clothing brands: Eat More Tees, Itsa Girl Thing, and Fripp & Folly. We strive t",Social Media/Website Manager,0,0,0.9997258186340332,0.0002741813659667969,0.8,1,BERT:bert_class_weighted,Class weight
512,emscad_03618,"ClarusApex is an international recruiting company with representations in the Netherlands, Austria, Ukraine, Cyprus and ",Design Engineer Metrology,0,0,0.999718189239502,0.0002818107604980469,0.8,1,BERT:bert_class_weighted,Class weight
513,emscad_03620,Applied Memetics LLC is a professional services company dedicated to integrating and delivering best practice communicat,"International Broadcaster, Thai Service",0,0,0.999722957611084,0.0002770423889160156,0.8,1,BERT:bert_class_weighted,Class weight
514,emscad_03624,"Argenta Field Solutions values the client, creates income streams for them through our sales mechanism and focuses on qu","Sales, Assistant Manager & Market Manager Positions Available",0,0,0.9996287822723389,0.0003712177276611328,0.8,1,BERT:bert_class_weighted,Class weight
515,emscad_03634,"NoteVault, Inc. provides innovative mobile reporting solutions for the engineering and construction industry. NoteVault ",Account Manager - New York/New Jersey,0,0,0.9997293949127197,0.00027060508728027344,0.8,1,BERT:bert_class_weighted,Class weight
516,emscad_03636,"NoteVault, Inc. provides innovative mobile reporting solutions for the engineering and construction industry. NoteVault ",Account Manager - Seattle,0,0,0.9997074604034424,0.0002925395965576172,0.8,1,BERT:bert_class_weighted,Class weight
517,emscad_03645,We are a leading outsourced contact solutions provider that specializes in creating personalized call center solutions. ,Customer Service Representative,1,0,0.9993977546691895,0.0006022453308105469,0.8,0,BERT:bert_class_weighted,Class weight
518,emscad_03651,"SpotSource Solutions LLC is a Global Human Capital Management Consulting firm headquartered in Miami, Florida. Founded i",Registered Nurse (RN),0,0,0.999671220779419,0.0003287792205810547,0.8,1,BERT:bert_class_weighted,Class weight
519,emscad_03654,"Carlyle Financial is a mortgage bank based in Beverly Hills, CA offering a full range of home loan products. We concentr",Executive Assistant For Rapidly Growing Startup (Temp-to-Perm) - $36K,0,0,0.9997074604034424,0.0002925395965576172,0.8,1,BERT:bert_class_weighted,Class weight
520,emscad_03663,"The Mavericks7 LLC office manager is responsible for all operations such as finance, legal, tax, IT, human resources man",COO - Office Manager,0,0,0.9954872131347656,0.004512786865234375,0.8,1,BERT:bert_class_weighted,Class weight
521,emscad_03677,"J-Curve Technologies, a privately held Arizona-based organization, is an award-winning premier outsourcer of shared tech",Software Support Specialist,0,0,0.9997098445892334,0.00029015541076660156,0.8,1,BERT:bert_class_weighted,Class weight
522,emscad_03681,"We build software for fashion retailers, to help them make the right commercial decisions about what to sell, and how to",Customer Success Manager - London,0,0,0.9997289180755615,0.00027108192443847656,0.8,1,BERT:bert_class_weighted,Class weight
523,emscad_03682,BaaS,Junior Social Media Manager,0,0,0.9995036125183105,0.0004963874816894531,0.8,1,BERT:bert_class_weighted,Class weight
524,emscad_03687,POSITION OBJECTIVE Develop customizations in Oracle Retail Point of service #URL_ee5c67aedef7f4edec9ad638a9b444328d6302b,ORPOS Developer/Technical Consultant,0,0,0.9992833137512207,0.0007166862487792969,0.8,1,BERT:bert_class_weighted,Class weight
525,emscad_03688,Established on the principles that full time education is not for everyone Spectrum Learning is made up of a team of pas,APPRENTICE RECRUITMENT CONSULTANT - Crewe,0,0,0.9997546672821045,0.0002453327178955078,0.8,1,BERT:bert_class_weighted,Class weight
526,emscad_03690,WallMuse and its partners are creating solutions for the creative industries of tomorrow. Our headquarters are based in ,Java Front end developer with GWT experience,0,0,0.9997372627258301,0.0002627372741699219,0.8,1,BERT:bert_class_weighted,Class weight
527,emscad_03693,"We believe we can bring the world’s families closer together by providing a private, simple place to share photos and me",Full-stack web developer,0,0,0.9997602701187134,0.0002397298812866211,0.8,1,BERT:bert_class_weighted,Class weight
528,emscad_03698,Parker Healthcare IT is looking for a Epic Business Analyst Supervisor that will focus on the support and optimization o,Epic Business Analyst Supervisor,0,0,0.9953193664550781,0.004680633544921875,0.8,1,BERT:bert_class_weighted,Class weight
529,emscad_03706,"Launched in 2010, Lyst is an innovative way to shop for fashion online that’s used by millions every month. Lyst partner",Software Engineer,0,0,0.9997439384460449,0.0002560615539550781,0.8,1,BERT:bert_class_weighted,Class weight
530,emscad_03711,"Diagnostic Health deploy and manage high quality sonographers to provide the NHS with a single, unified and trusted serv",Sonographer,0,0,0.999730110168457,0.00026988983154296875,0.8,1,BERT:bert_class_weighted,Class weight
531,emscad_03712,Title: Service Desk Resource,software development life cycle,1,0,0.9989185333251953,0.0010814666748046875,0.8,0,BERT:bert_class_weighted,Class weight
532,emscad_03713,About ADS Security – Our Proud History in the Security Industry,Entry Level with BBB A+ Company-Training Provided-Leadership Training,0,0,0.9994525909423828,0.0005474090576171875,0.8,1,BERT:bert_class_weighted,Class weight
533,emscad_03716,"Novitex Enterprise Solutions, formerly Pitney Bowes Management Services, delivers innovative document and communications",Enterprise Manager,0,0,0.9997444152832031,0.000255584716796875,0.8,1,BERT:bert_class_weighted,Class weight
534,emscad_03725,Seamless software production. Enterprise grade.,Ruby developer,0,0,0.9997541904449463,0.00024580955505371094,0.8,1,BERT:bert_class_weighted,Class weight
535,emscad_03744,One of the companies that I consult for is looking for a service technician to install/repair vacuum stuffers to US comp,Service Technician,0,0,0.9989166259765625,0.0010833740234375,0.8,1,BERT:bert_class_weighted,Class weight
536,emscad_03749,Applied Memetics LLC is a professional services company dedicated to integrating and delivering best practice communicat,"International Broadcaster, Russian Language",0,0,0.9997332096099854,0.00026679039001464844,0.8,1,BERT:bert_class_weighted,Class weight
537,emscad_03754,TRAK Records and Library is recruiting for a Senior Director of Information Technology position available in multiple lo,Senior Director of Information Technology,0,0,0.9993710517883301,0.0006289482116699219,0.8,1,BERT:bert_class_weighted,Class weight
538,emscad_03759,Software Engineer,Software Engineer,0,0,0.9992022514343262,0.0007977485656738281,0.8,1,BERT:bert_class_weighted,Class weight
539,emscad_03760,Money is a person-to-person money transfer app designed to simplify how people send money home to their friends and fami,PHP Developer,0,0,0.9997681379318237,0.00023186206817626953,0.8,1,BERT:bert_class_weighted,Class weight
540,emscad_03768,"Goldstar is the world’s largest online seller of half-price tickets to live theater, concerts, comedy and sports. We exe",Senior Designer,0,0,0.9997458457946777,0.0002541542053222656,0.8,1,BERT:bert_class_weighted,Class weight
541,emscad_03770,"SunnyView Dental offers a variety of cosmetic, family, and emergency dental services in clinics around Ontario.",Dental Receptionist / Dental Office Manager,0,0,0.9995670318603516,0.0004329681396484375,0.8,1,BERT:bert_class_weighted,Class weight
542,emscad_03771,Applied Memetics LLC is a professional services company dedicated to integrating and delivering best practice communicat,General Studio Technician,0,0,0.9997251033782959,0.00027489662170410156,0.8,1,BERT:bert_class_weighted,Class weight
543,emscad_03780,Peer-to-Peer and designers fashion rental marketplace that allows women to never wear the same thing twice by renting cl,Technical co-founder,0,0,0.9997086524963379,0.0002913475036621094,0.8,1,BERT:bert_class_weighted,Class weight
544,emscad_03784,"We are a coffee shop located in Newark Northgate retail park offering barrista style coffee, homemade cakes and light lu",Front of house assistant,0,0,0.9996724128723145,0.0003275871276855469,0.8,1,BERT:bert_class_weighted,Class weight
545,emscad_03788,Adzuna is one of London’s fastest-growing startups. We make it easier to find your perfect job. We search thousands of s,Country Managers for Netherlands and Poland,0,0,0.9997612237930298,0.00023877620697021484,0.8,1,BERT:bert_class_weighted,Class weight
546,emscad_03789,We are looking for passionate individuals who will partner with us and ensure the long-term success of our business and ,Work at Home - Business Owner,0,0,0.9995923042297363,0.0004076957702636719,0.8,1,BERT:bert_class_weighted,Class weight
547,emscad_03791,About the Company We are ticketscript - the European market leaders in digital self-ticketing. Whether it’s massive danc,HR Administrator,0,0,0.9997305870056152,0.0002694129943847656,0.8,1,BERT:bert_class_weighted,Class weight
548,emscad_03795,Atcom is a world - class software vendor of smart content management products for intelligent interactive media solution,System Administration,0,0,0.9996259212493896,0.00037407875061035156,0.8,1,BERT:bert_class_weighted,Class weight
549,emscad_03796,Special Counsel in Charlotte is searching for an outstanding candidate with 2 to 5 years of experience for our AmLaw top,Corporate Attorney,0,0,0.9994382858276367,0.0005617141723632812,0.8,1,BERT:bert_class_weighted,Class weight
550,emscad_03800,PROSULTING IS PEOPLE The ProSulting difference is easy to see. Our passion for delivering qualified pre-screened personn,Oracle DBA,0,0,0.9996953010559082,0.0003046989440917969,0.8,1,BERT:bert_class_weighted,Class weight
551,emscad_03801,"twago is a successful, international active IT-Start-Up on its way to become an established online company. We change th",Frontend Engineer,0,0,0.9997602701187134,0.0002397298812866211,0.8,1,BERT:bert_class_weighted,Class weight
552,emscad_03811,We Provide Full Time Permanent Positions for many medium to large US companies. We are interested in finding/recruiting ,Production Supervisor,0,0,0.9997513294219971,0.0002486705780029297,0.8,1,BERT:bert_class_weighted,Class weight
553,emscad_03821,We Provide Full Time Permanent Positions for many medium to large US companies. We are interested in finding/recruiting ,Buyer,0,0,0.9997372627258301,0.0002627372741699219,0.8,1,BERT:bert_class_weighted,Class weight
554,emscad_03826,Applied Memetics LLC is a professional services company dedicated to integrating and delivering best practice communicat,"Social Media Strategist, Thai Service",0,0,0.9997310638427734,0.0002689361572265625,0.8,1,BERT:bert_class_weighted,Class weight
555,emscad_03827,"Founded in 2010 by a team from Google’s London and New York offices, Qubit work with some of the biggest names in Online",Head of Product,0,0,0.9997774362564087,0.0002225637435913086,0.8,1,BERT:bert_class_weighted,Class weight
556,emscad_03834,"The 1st private document,handwriting, digital and video evidence forensic services lab in Greece",Marketing & Public Relation Manager,0,0,0.9996929168701172,0.0003070831298828125,0.8,1,BERT:bert_class_weighted,Class weight
557,emscad_03840,The Accounts Payable Supervisor is responsible for overseeing the entire accounts payable department as well as directin,Accounts Payable Supervisor,0,0,0.9903640747070312,0.00963592529296875,0.8,1,BERT:bert_class_weighted,Class weight
558,emscad_03847,"Novitex Enterprise Solutions, formerly Pitney Bowes Management Services, delivers innovative document and communications",Customer Service Associate,0,0,0.9997367858886719,0.000263214111328125,0.8,1,BERT:bert_class_weighted,Class weight
559,emscad_03855,Applied Memetics LLC is a professional services company dedicated to integrating and delivering best practice communicat,"Video Journalist, Mandarin Service",0,0,0.99973464012146,0.00026535987854003906,0.8,1,BERT:bert_class_weighted,Class weight
560,emscad_03860,"Pig Apple, a small Brooklyn-based production company, is looking for a talented animation intern for the summer. We're c",Animation Intern,0,0,0.9997477531433105,0.0002522468566894531,0.8,1,BERT:bert_class_weighted,Class weight
561,emscad_03864,"MAC Property Management is dedicated to providing an exemplary living experience, the highest possible quality of servic",Carpenter,0,0,0.999570369720459,0.0004296302795410156,0.8,1,BERT:bert_class_weighted,Class weight
562,emscad_03873,What is Curate?,PHP Developer (Contract),0,0,0.9997546672821045,0.0002453327178955078,0.8,1,BERT:bert_class_weighted,Class weight
563,emscad_03882,"We have the demand. We are looking for people that are quick learners, and are very efficient, to handle the demand. We ",Earn a nice part time PAY!,1,1,0.0009765625,0.9990234375,0.8,1,BERT:bert_class_weighted,Class weight
564,emscad_03898,"Places Senior Technology and Data professionals nationwide with a focus on Software Engineering, Big Data, Analytics, Bu","Senior Java Developer, Jersey City, NJ",0,0,0.9996287822723389,0.0003712177276611328,0.8,1,BERT:bert_class_weighted,Class weight
565,emscad_03917,United Cerebral Palsy of Oregon & SW Washington (UCP) supports adults with all kinds of developmental disabilities (not ,"Weekend Caregiver for Fun-Loving, Social Woman",0,0,0.9997351169586182,0.00026488304138183594,0.8,1,BERT:bert_class_weighted,Class weight
566,emscad_03926,EUROPEAN DYNAMICS (#URL_c66532ffa1ce76ab447da6774719060c42c584edbf44d74cdb94fc4ac219ca45#) is a leading European Softwar,IS Tester,0,0,0.9997453689575195,0.00025463104248046875,0.8,1,BERT:bert_class_weighted,Class weight
567,emscad_03929,Description:,Financial Controller,0,0,0.9976177215576172,0.0023822784423828125,0.8,1,BERT:bert_class_weighted,Class weight
568,emscad_03931,Tradu24 is an international translation agency that provides languages services solutions for clients in different indus,Translator,0,0,0.9997143745422363,0.0002856254577636719,0.8,1,BERT:bert_class_weighted,Class weight
569,emscad_03934,Process Unlimited and Refined Resources have partnered up in an effort to streamline the hiring process and provide a mo,Project Manager: Mechanical,1,1,0.00048828125,0.99951171875,0.8,1,BERT:bert_class_weighted,Class weight
570,emscad_03941,"We're Food52, and we've created a groundbreaking and award-winning cooking site. We support, connect, and celebrate home",Director of Growth Marketing,0,0,0.9997537136077881,0.00024628639221191406,0.8,1,BERT:bert_class_weighted,Class weight
571,emscad_03946,"ipcortex is a rapidly expanding innovator, applying open Internet technologies like SIP, XMPP and WebRTC to provide main",JavaScript Developer,0,0,0.9997382164001465,0.0002617835998535156,0.8,1,BERT:bert_class_weighted,Class weight
572,emscad_03947,"import•io was founded in 2012 by David White (CEO), Andrew Fogg (CDO) and Matt Painter (CTO) with a unique vision: to ma",Quality Assurance Manager,0,0,0.9997434616088867,0.00025653839111328125,0.8,1,BERT:bert_class_weighted,Class weight
573,emscad_03969,"inAccess’ InSolar is an integrated, vendor independent solution for the centralized management of geographically distrib",Web User Interface (GUI) developer,0,0,0.9994330406188965,0.0005669593811035156,0.8,1,BERT:bert_class_weighted,Class weight
574,emscad_03971,Envision Consulting conducts retained searches for nonprofit clients seeking to expand and enhance their mission through,Associate Executive Director,0,0,0.9996652603149414,0.00033473968505859375,0.8,1,BERT:bert_class_weighted,Class weight
575,emscad_03973,Applied Memetics LLC is a professional services company dedicated to integrating and delivering best practice communicat,"International Broadcaster, Policy Office (in English)",0,0,0.9997284412384033,0.0002715587615966797,0.8,1,BERT:bert_class_weighted,Class weight
576,emscad_03985,Let's design rich web applications together.,UX/UI Designer,0,0,0.9996769428253174,0.0003230571746826172,0.8,1,BERT:bert_class_weighted,Class weight
577,emscad_03988,A national website design and marketing company is looking for self managed and highly motivated people who are interest,Part-Time Sales Referral Positions,0,0,0.9997332096099854,0.00026679039001464844,0.8,1,BERT:bert_class_weighted,Class weight
578,emscad_04000,"For over 20 years NAC Marketing Company, LLC d/b/a New Vitality has helped people be healthy and live better by marketin",Staff Accountant,0,0,0.9996511936187744,0.00034880638122558594,0.8,1,BERT:bert_class_weighted,Class weight
579,emscad_04005,Position Summary:,Administrative Assistant,1,0,0.3173828125,0.6826171875,0.8,0,BERT:bert_class_weighted,Class weight
580,emscad_04014,We Provide Full Time Permanent Positions for many medium to large US companies. We are interested in finding/recruiting ,CNC Programmer,0,0,0.9997537136077881,0.00024628639221191406,0.8,1,BERT:bert_class_weighted,Class weight
581,emscad_04024,"Maintains receiving, warehousing, and distribution operations by initiating, coordinating, and enforcing program, operat",Logistics Warehouse Manager,0,0,0.9977951049804688,0.00220489501953125,0.8,1,BERT:bert_class_weighted,Class weight
582,emscad_04027,The best word to describe PCP’s culture is PRIDE. Pride in our company. Pride in our job. And pride in our relationships,Data Entry Clerk,0,0,0.9994816780090332,0.0005183219909667969,0.8,1,BERT:bert_class_weighted,Class weight
583,emscad_04031,"We build software for fashion retailers, to help them make the right commercial decisions about what to sell, and how to",Strategic Account Director - San Francisco,0,0,0.9997686147689819,0.0002313852310180664,0.8,1,BERT:bert_class_weighted,Class weight
584,emscad_04036,Massive Media is the social media company behind the successful digital brands #URL_18234f381f5e7b9a9ffdc727cd05c9046edf,Business Developer Spain - Portugal,0,0,0.9997251033782959,0.00027489662170410156,0.8,1,BERT:bert_class_weighted,Class weight
585,emscad_04049,We’re looking for a web designer with a passion for web to help us create great products and make our clients happy.,Web Designer,0,0,0.9997472763061523,0.00025272369384765625,0.8,1,BERT:bert_class_weighted,Class weight
586,emscad_04051,Cookisto is a trusted community marketplace connecting talented home cooks with hungry locals. What started as a Master’,Front-End Developer,0,0,0.9997602701187134,0.0002397298812866211,0.8,1,BERT:bert_class_weighted,Class weight
587,emscad_04053,"Experienced, reliable team members are needed for our Administrative Assistant needed! We are currently searching for ca",Administrative Assitstant,1,1,0.0009765625,0.9990234375,0.8,1,BERT:bert_class_weighted,Class weight
588,emscad_04067,Roland & Associates is a Corporate Recruitment Organization providing solutions to Global MNC’s for the past 12 years.,.NET Developer,0,0,0.9996533393859863,0.0003466606140136719,0.8,1,BERT:bert_class_weighted,Class weight
589,emscad_04068,"We are specialized in HR consulting, sourcing PhD, MSc & MEng professionals on permanent and contract level positions ac",Development/Application Engineer,0,0,0.9996154308319092,0.0003845691680908203,0.8,1,BERT:bert_class_weighted,Class weight
590,emscad_04069,"We design, deploy, and maintain advanced technologies that enable our customers to achieve operational excellence at sub",Security Engineer,0,0,0.9997427463531494,0.00025725364685058594,0.8,1,BERT:bert_class_weighted,Class weight
591,emscad_04075,Wedo is a collection of niched e-commerce stores which aim to be the first destination for online shoppers buying in the,Warehouse Operative at Wedo Home Colchester,0,0,0.9997694492340088,0.00023055076599121094,0.8,1,BERT:bert_class_weighted,Class weight
592,emscad_04076,"Assist in consolidating and developing the Clients application development standards, processes, and best practices to c",Application Developer,0,0,0.9986724853515625,0.0013275146484375,0.8,1,BERT:bert_class_weighted,Class weight
593,emscad_04092,We Provide Full Time Permanent Positions for many medium to large US companies. We are interested in finding/recruiting ,Automotive Controls Engineer,0,0,0.9997518062591553,0.00024819374084472656,0.8,1,BERT:bert_class_weighted,Class weight
594,emscad_04094,Forward3D is the largest independent digital marketing agency in Britain. We run cutting edge digital marketing campaign,Digital Account Manager,0,0,0.9997766017913818,0.00022339820861816406,0.8,1,BERT:bert_class_weighted,Class weight
595,emscad_04095,"NuORDER is the fast-growing, venture-backed startup changing the way a $130 billion industry does business. An enterpris",Sales Development Rep (Consumer Electronics),0,0,0.9995388984680176,0.0004611015319824219,0.8,1,BERT:bert_class_weighted,Class weight
596,emscad_04099,iOS developer to join ZuluTrade's Web team and use his/her talents for handling new and old iOS platform projects workin,iOS Developer,0,0,0.9989719390869141,0.0010280609130859375,0.8,1,BERT:bert_class_weighted,Class weight
597,emscad_04105,BILINGUAL JAPANESE PLANNING AND GENERAL AFFAIRS SUPERVISOR,BILINGUAL JAPANESE PLANNING AND GENERAL AFFAIRS SUPERVISOR,0,0,0.9919052124023438,0.00809478759765625,0.8,1,BERT:bert_class_weighted,Class weight
598,emscad_04119,"EZA protypos hellenic brewery S.A. , also known as EZA, holds a 30 years’ brewing experience. The company produces, impo",Sales Rep,0,0,0.9996445178985596,0.0003554821014404297,0.8,1,BERT:bert_class_weighted,Class weight
599,emscad_04139,"Aclima is an early-stage company based in San Francisco that designs and deploys distributed, large-scale sensor network",Frontend Engineer,0,0,0.9997508525848389,0.0002491474151611328,0.8,1,BERT:bert_class_weighted,Class weight
600,emscad_04177,"Westview Financial Services , located in Hampton, VA has a full-time Sales Representative position available immediately",Sales Representative,0,0,0.9995112419128418,0.0004887580871582031,0.8,1,BERT:bert_class_weighted,Class weight
601,emscad_04190,BorrowMyDoggy is an online community that connects dog owners with trusted local people who will help look after their d,Pawsome Ruby Developer,0,0,0.9997467994689941,0.0002532005310058594,0.8,1,BERT:bert_class_weighted,Class weight
602,emscad_04203,"Adbrain is at the forefront of the data-driven, multi-screen advertising revolution. Powered by the latest technologies ",DevOps Engineer / Big Data Systems Administrator,0,0,0.9997413158416748,0.0002586841583251953,0.8,1,BERT:bert_class_weighted,Class weight
603,emscad_04214,Title: Plant Engineering Sales Director,Plant Engineering Sales Director,0,0,0.9951133728027344,0.004886627197265625,0.8,1,BERT:bert_class_weighted,Class weight
604,emscad_04221,The best word to describe PCP’s culture is PRIDE. Pride in our company. Pride in our job. And pride in our relationships,Court Runner,0,0,0.9996607303619385,0.00033926963806152344,0.8,1,BERT:bert_class_weighted,Class weight
605,emscad_04225,Ciao! Welcome to Big Italian Meatball! We are a local Italian quick service restaurant that provides delicious Italian s,Restaurant Assistant Manager,0,0,0.9996552467346191,0.0003447532653808594,0.8,1,BERT:bert_class_weighted,Class weight
606,emscad_04226,"Blender Design is an award winning product design consultancy based in Auckland, New Zealand. We are a team product desi",Mechanical Engineer - Product Design,0,0,0.9997267723083496,0.0002732276916503906,0.8,1,BERT:bert_class_weighted,Class weight
607,emscad_04231,Ciao! Welcome to Big Italian Meatball! We are a local Italian quick service restaurant that provides delicious Italian s,Operations Associate (PT),0,0,0.9996933937072754,0.0003066062927246094,0.8,1,BERT:bert_class_weighted,Class weight
608,emscad_04232,Established on the principles that full time education is not for everyone Spectrum Learning is made up of a team of pas,Gatwick Customer Service Apprenticeship 16-18 Year Olds Only,0,0,0.9997676610946655,0.00023233890533447266,0.8,1,BERT:bert_class_weighted,Class weight
609,emscad_04235,"Based in Hoxton, London, Forward Partners are a “startup catalyst”, combining investment with practical hands-on experti",Software Engineer,0,0,0.9997704029083252,0.0002295970916748047,0.8,1,BERT:bert_class_weighted,Class weight
610,emscad_04239,Applied Memetics LLC is a professional services company dedicated to integrating and delivering best practice communicat,"International Broadcaster, Urdu Language",0,0,0.999739408493042,0.0002605915069580078,0.8,1,BERT:bert_class_weighted,Class weight
611,emscad_04245,The Global eCommerce & Digital Manager will be responsible for:,"Manager, Global eCommerce & Digital Marketing",0,0,0.9990525245666504,0.0009474754333496094,0.8,1,BERT:bert_class_weighted,Class weight
612,emscad_04246,Capoo provide talent consultancy for fast growth digital & tech companies. We are passionate about changing the way in w,Web Designer (Front End Developer),0,0,0.9997752904891968,0.00022470951080322266,0.8,1,BERT:bert_class_weighted,Class weight
613,emscad_04251,"Westview Financial Services , located in Hampton, VA has a full-time Sales Representative position available immediately",Sales Representative,0,0,0.9995112419128418,0.0004887580871582031,0.8,1,BERT:bert_class_weighted,Class weight
614,emscad_04256,"We're artists, thinkers, and doers in an open, collaborative, and challenging environment. We love to work our hearts ou",Director/VP of Product Development,0,0,0.9997305870056152,0.0002694129943847656,0.8,1,BERT:bert_class_weighted,Class weight
615,emscad_04265,INK is the agency of choice for brands big and small in the B2B and B2C tech and clean energy sectors. We take a boutiqu,Account Manager,0,0,0.999761700630188,0.00023829936981201172,0.8,1,BERT:bert_class_weighted,Class weight
616,emscad_04269,Digital Brand Architects is a transformative boutique agency that expertly navigates the digital landscape through a two,Account Director -Fashion and Beauty,0,0,0.9994382858276367,0.0005617141723632812,0.8,1,BERT:bert_class_weighted,Class weight
617,emscad_04296,We help teachers get safe & secure jobs abroad :),English Teacher Abroad,0,0,0.9997690916061401,0.00023090839385986328,0.8,1,BERT:bert_class_weighted,Class weight
618,emscad_04302,"We design, make and sell furniture, with a simple mission of getting beautifully crafted furniture from the workshop flo",QC / Production,0,0,0.9997498989105225,0.00025010108947753906,0.8,1,BERT:bert_class_weighted,Class weight
619,emscad_04306,"GPL Technologies is a solutions provider focused on the design, implementation, and support of high-performance informat",Business Development Associate,0,0,0.9997358322143555,0.00026416778564453125,0.8,1,BERT:bert_class_weighted,Class weight
620,emscad_04310,"We are Netguru and we love to develop web application based on Ruby On Rails framework. We value quality, transparent co",Sales Representative,0,0,0.9996874332427979,0.00031256675720214844,0.8,1,BERT:bert_class_weighted,Class weight
621,emscad_04319,"General Summary: Achieves maximum sales profitability, growth and account penetration within an assigned territory and/o",Entry Level Sales,0,0,0.999018669128418,0.0009813308715820312,0.8,1,BERT:bert_class_weighted,Class weight
622,emscad_04323,Tailor is a digital agency specialising in three things:,Senior Digital Producer,0,0,0.9997690916061401,0.00023090839385986328,0.8,1,BERT:bert_class_weighted,Class weight
623,emscad_04324,Asapy is inviting IT Sales Manager,Sales Manager,0,0,0.9980354309082031,0.001964569091796875,0.8,1,BERT:bert_class_weighted,Class weight
624,emscad_04328,"Consulting: Our efforts are to help clients throughout their business including product development, HR, marketing, othe",Brand Ambassador,0,0,0.9996910095214844,0.000308990478515625,0.8,1,BERT:bert_class_weighted,Class weight
625,emscad_04333,T Dispatch is a dynamic software company creating web-based solutions for the taxi and private hire industry. The compan,Business Development Intern,0,0,0.9997427463531494,0.00025725364685058594,0.8,1,BERT:bert_class_weighted,Class weight
626,emscad_04347,Corporate overview,"Discipline Manager Civil, Structural, Marine, Architectural",1,1,0.00048828125,0.99951171875,0.8,1,BERT:bert_class_weighted,Class weight
627,emscad_04349,Applied Memetics LLC is a professional services company dedicated to integrating and delivering best practice communicat,"Graphic Artist, Persian/Farsi Programming",0,0,0.9997358322143555,0.00026416778564453125,0.8,1,BERT:bert_class_weighted,Class weight
628,emscad_04353,Corporate overview,Project QA Engineer,1,1,0.00048828125,0.99951171875,0.8,1,BERT:bert_class_weighted,Class weight
629,emscad_04355,Corporate overview,Management System Administrator,1,1,0.00048828125,0.99951171875,0.8,1,BERT:bert_class_weighted,Class weight
630,emscad_04363,UFN is a dynamic start-up founded in 2008 that specializes in providing strategically designed e-commerce websites and o,Web Designer,0,0,0.9997467994689941,0.0002532005310058594,0.8,1,BERT:bert_class_weighted,Class weight
631,emscad_04392,"WANT TO RUN A SUCCESSFUL FOOTBALL COACHING BUSINESS BUT NEED EXPERT KNOWLEDGE, BACKUP AND SUPPORT? WHY NOT BECOME AN OFF",Football Coach Licences,0,0,0.999647855758667,0.0003521442413330078,0.8,1,BERT:bert_class_weighted,Class weight
632,emscad_04400,Apps for Good ( #URL_937118d268463f038aabd860063eb978f7ad6c0a78ed8e595e39bfa1de380e90# ) is an award-winning technology ,New Business Development Manager,0,0,0.9997174739837646,0.00028252601623535156,0.8,1,BERT:bert_class_weighted,Class weight
633,emscad_04402,"Shyp is the easiest way to send anything, anywhere.",Full Stack API/Services Engineer,0,0,0.9997363090515137,0.0002636909484863281,0.8,1,BERT:bert_class_weighted,Class weight
634,emscad_04403,Gary Cartwright established Cartwright Property Management in 2007 to help manage the HOAs that were created when his de,Sales Representative,1,1,0.0009765625,0.9990234375,0.8,1,BERT:bert_class_weighted,Class weight
635,emscad_04407,We help teachers get safe & secure jobs abroad :),English Teacher Abroad,0,0,0.9997690916061401,0.00023090839385986328,0.8,1,BERT:bert_class_weighted,Class weight
636,emscad_04409,"PINT is a leader in the web industry with 20 years of web design, software development and consulting experience. PINT's",Developer - PHP | JavaScript,0,0,0.9997363090515137,0.0002636909484863281,0.8,1,BERT:bert_class_weighted,Class weight
637,emscad_04412,"General Summary: Achieves maximum sales profitability, growth and account penetration within an assigned territory and/o",Entry Level Sales,0,0,0.999018669128418,0.0009813308715820312,0.8,1,BERT:bert_class_weighted,Class weight
638,emscad_04415,"Peak Games is the largest and fastest-growing gaming company focused on the emerging markets of Turkey, Middle East and ","Software Engineer, Android",0,0,0.9994735717773438,0.00052642822265625,0.8,1,BERT:bert_class_weighted,Class weight
639,emscad_04418,RESPONSIBILITIES,Personal Assistant,0,1,0.0029296875,0.9970703125,0.8,0,BERT:bert_class_weighted,Class weight
640,emscad_04421,Work with Team Ookla,Engagement Manager,0,0,0.9996705055236816,0.0003294944763183594,0.8,1,BERT:bert_class_weighted,Class weight
641,emscad_04424,Yoyo has built a platform the creates better relationships between retailers and consumers. Our consumer app seamlessly ,Promotion Assistant,0,0,0.9997241497039795,0.0002758502960205078,0.8,1,BERT:bert_class_weighted,Class weight
642,emscad_04433,"MAP Digital: MetaMeetings is a digital events agency. We elevate participants experience onsite and on the Web, enhance ",Systems Engineer,0,0,0.9997631311416626,0.00023686885833740234,0.8,1,BERT:bert_class_weighted,Class weight
643,emscad_04456,"Tidewater Finance Co. was established in 1992 for the initial purpose of purchasing, and servicing retail installment co",Contact Center Representatives,0,0,0.9996588230133057,0.00034117698669433594,0.8,1,BERT:bert_class_weighted,Class weight
644,emscad_04466,United Cerebral Palsy of Oregon & SW Washington (UCP) supports adults with all kinds of developmental disabilities (not ,Support Specialist (Caregiver) for Two Cool Young Men,0,0,0.9997434616088867,0.00025653839111328125,0.8,1,BERT:bert_class_weighted,Class weight
645,emscad_04474,"Novitex Enterprise Solutions, formerly Pitney Bowes Management Services, delivers innovative document and communications",Customer Service Associate,0,0,0.9997351169586182,0.00026488304138183594,0.8,1,BERT:bert_class_weighted,Class weight
646,emscad_04497,Our passion for improving quality of life through geography is at the heart of everything we do. Esri’s geographic infor,"Regional Executive Manager, Sales Leader - Denver, CO",0,0,0.999652624130249,0.00034737586975097656,0.8,1,BERT:bert_class_weighted,Class weight
647,emscad_04505,Upstream’s mission is to revolutionise the way companies market to consumers through cutting edge technology. This is an,Junior IT Helpdesk Administrator,0,0,0.9997148513793945,0.00028514862060546875,0.8,1,BERT:bert_class_weighted,Class weight
648,emscad_04506,Axonix is a global mobile advertising technology company that's powered by a platform with a 4 year history of leading t,"Head of Post-Sales, EMEA",0,0,0.9997575283050537,0.00024247169494628906,0.8,1,BERT:bert_class_weighted,Class weight
649,emscad_04514,ding* is the world’s largest top-up provider. Created to help people working abroad to support and keep in touch with lo,Graduate Support Desk Supremo,0,0,0.9997668266296387,0.00023317337036132812,0.8,1,BERT:bert_class_weighted,Class weight
650,emscad_04532,"At Cedexis, we’re passionate about solutions for a faster web and we need people to bring our message to the world.",Sr. Designer,0,0,0.9997165203094482,0.0002834796905517578,0.8,1,BERT:bert_class_weighted,Class weight
651,emscad_04534,"Do you want to help people be more successful at work? Then consider Jhana, a feisty little startup that pursues this go",Contract Recruiter,0,0,0.9996511936187744,0.00034880638122558594,0.8,1,BERT:bert_class_weighted,Class weight
652,emscad_04536,The Senior Finance Consultant is responsible to provide both management accounting and financial accounting advisory ser,Senior Finance Consultant,0,0,0.9984540939331055,0.0015459060668945312,0.8,1,BERT:bert_class_weighted,Class weight
653,emscad_04537,Gary Cartwright established Cartwright Property Management in 2007 to help manage the HOAs that were created when his de,Customer Service Representative,1,1,0.0009765625,0.9990234375,0.8,1,BERT:bert_class_weighted,Class weight
654,emscad_04539,The Albany Charter School Network is a family of charter schools in the City of Albany that works to prepare children fo,Development Director,0,0,0.9997165203094482,0.0002834796905517578,0.8,1,BERT:bert_class_weighted,Class weight
655,emscad_04543,Applied Memetics LLC is a professional services company dedicated to integrating and delivering best practice communicat,"International Broadcaster, Armenian Language",0,0,0.9997320175170898,0.00026798248291015625,0.8,1,BERT:bert_class_weighted,Class weight
656,emscad_04549,Pinnatta is the world’s first interactive multimedia messaging platform.,Marketing Analyst,0,0,0.999701738357544,0.0002982616424560547,0.8,1,BERT:bert_class_weighted,Class weight
657,emscad_04550,"AREA 17 is an interactive agency. We take an interdisciplinary approach — blending the practices of design, technology a",Senior Producer / Project Manager,0,0,0.9997434616088867,0.00025653839111328125,0.8,1,BERT:bert_class_weighted,Class weight
658,emscad_04556,"Write Enterprise is an educational services company, dedicated to providing solutions to students within the UK and Inte",Recruiter - Writer Relations,0,0,0.9997565746307373,0.0002434253692626953,0.8,1,BERT:bert_class_weighted,Class weight
659,emscad_04573,Job Vacancy: caretakers,CARETAKER COUPLE LIVE IN,0,0,0.9988927841186523,0.0011072158813476562,0.8,1,BERT:bert_class_weighted,Class weight
660,emscad_04582,Aspex Recruitment,Car Sales Executive,0,0,0.9997262954711914,0.00027370452880859375,0.8,1,BERT:bert_class_weighted,Class weight
661,emscad_04592,We help teachers get safe & secure jobs abroad :),Graduates: English Teacher Abroad,0,0,0.9997704029083252,0.0002295970916748047,0.8,1,BERT:bert_class_weighted,Class weight
662,emscad_04597,We help teachers get safe & secure jobs abroad :),English Teacher Abroad,0,0,0.9997690916061401,0.00023090839385986328,0.8,1,BERT:bert_class_weighted,Class weight
663,emscad_04598,Applied Memetics LLC is a professional services company dedicated to integrating and delivering best practice communicat,"Producer, Bosnian Language",0,0,0.9997272491455078,0.0002727508544921875,0.8,1,BERT:bert_class_weighted,Class weight
664,emscad_04616,"Purchase, track and follow all material sample orders from inception to delivery ensuring supplier is able to meet deadl",Fabric Research & Development Assistant,0,0,0.9977474212646484,0.0022525787353515625,0.8,1,BERT:bert_class_weighted,Class weight
665,emscad_04620,"Valor Services provides Workforce Solutions that meet the needs of companies across the Private Sector, with a special f",Recruiting Intern,0,0,0.9996957778930664,0.00030422210693359375,0.8,1,BERT:bert_class_weighted,Class weight
666,emscad_04622,Established on the principles that full time education is not for everyone Spectrum Learning is made up of a team of pas,Aberdeen DGV Apprenticeships Under NAS 18 Year Olds Only,0,0,0.9997522830963135,0.00024771690368652344,0.8,1,BERT:bert_class_weighted,Class weight
667,emscad_04631,Main tasks:,Fraud and Payment Analyst,0,0,0.998204231262207,0.0017957687377929688,0.8,1,BERT:bert_class_weighted,Class weight
668,emscad_04641,SilverStripe CMS & Framework is an open source platform of web development tools. The platform is curated by SilverStrip,Automated Test Analyst,0,0,0.9997546672821045,0.0002453327178955078,0.8,1,BERT:bert_class_weighted,Class weight
669,emscad_04644,"We have a really cool opportunity to join a best in field team on a tremendously interesting datacentric project, workin",Senior Test Analyst,0,0,0.9997482299804688,0.00025177001953125,0.8,1,BERT:bert_class_weighted,Class weight
670,emscad_04645,Applied Memetics LLC is a professional services company dedicated to integrating and delivering best practice communicat,Journalism training organizers,0,0,0.9997262954711914,0.00027370452880859375,0.8,1,BERT:bert_class_weighted,Class weight
671,emscad_04648,Applied Memetics LLC is a professional services company dedicated to integrating and delivering best practice communicat,"Program Host, Hausa Language",0,0,0.9997332096099854,0.00026679039001464844,0.8,1,BERT:bert_class_weighted,Class weight
672,emscad_04652,"CLASS 5 VALID LICENCE TO DRIVE MINI VAN FOR OUT OF TOWN PROJECTS IN ALBERTA . ONE TO TWO NIGHTS STAY , HOTEL /FOOD BY CO",DRIVER,0,0,0.9980955123901367,0.0019044876098632812,0.8,1,BERT:bert_class_weighted,Class weight
673,emscad_04665,Preferred Qualifications,JAVA/ J2EE Developers,0,0,0.9978294372558594,0.002170562744140625,0.8,1,BERT:bert_class_weighted,Class weight
674,emscad_04670,Want to build a career in IT? Free training in exchange for your time on revenue share basis,Associate Business Development,0,0,0.9997336864471436,0.0002663135528564453,0.8,1,BERT:bert_class_weighted,Class weight
675,emscad_04684,"Optimal Business Action was created in 2005 in order to provide high quality, personalized HR services to medium and lar",General Manager (Alexandria - Egypt),0,0,0.9997208118438721,0.0002791881561279297,0.8,1,BERT:bert_class_weighted,Class weight
676,emscad_04685,"Babbel enables anyone to learn languages in an easy and interactive way. The learning system offers 13 languages, from E",Freelance Danish speaker (m),0,0,0.9997091293334961,0.00029087066650390625,0.8,1,BERT:bert_class_weighted,Class weight
677,emscad_04689,"Pedestrian Crane operators required for long term project in Twickenham, Very competetive rates of pay, working for a we",Pedestrian Crane operator,0,0,0.9985618591308594,0.001438140869140625,0.8,1,BERT:bert_class_weighted,Class weight
678,emscad_04690,"As a growing and successful startup, Conversocial is a great place to work for ambitious individuals.",Enterprise Sales Executive,0,0,0.999741792678833,0.0002582073211669922,0.8,1,BERT:bert_class_weighted,Class weight
679,emscad_04697,"We’ve built revolutionary technology that is changing the way people get around cities. Using Via, a luxury ride booked ",Supply-Side Business Specialist,0,0,0.999739408493042,0.0002605915069580078,0.8,1,BERT:bert_class_weighted,Class weight
680,emscad_04700,"Power-Mark Resources is a premier energy brokerage and consulting firm based out of Dallas, Texas. We maintain a strong ",Experienced Sales/ Marketing Managers,0,0,0.9996223449707031,0.000377655029296875,0.8,1,BERT:bert_class_weighted,Class weight
681,emscad_04706,Το #URL_79acfcc7a99f008faaebd34c27f49d6df500e067c8eddd709a488e4201a00774# είναι η Νο1 ελληνική ιστοσελίδα αγγελιών ακινή,PHP Developer,0,0,0.9993577003479004,0.0006422996520996094,0.8,1,BERT:bert_class_weighted,Class weight
682,emscad_04707,UST Foreman,UST Foreman,0,0,0.9996213912963867,0.00037860870361328125,0.8,1,BERT:bert_class_weighted,Class weight
683,emscad_04723,"As augmented reality jobs go, one at Blippar is hard to beat. We are a rapidly expanding creative startup at the forefro",International Delivery Manager,0,0,0.9997621774673462,0.0002378225326538086,0.8,1,BERT:bert_class_weighted,Class weight
684,emscad_04731,"Located amidst the picturesque mountains of Dharamshala, Development Logics has been setup by seasoned professionals, wi",Customer Support Executives,0,0,0.9997062683105469,0.000293731689453125,0.8,1,BERT:bert_class_weighted,Class weight
685,emscad_04739,"Roland & Associates is a Corporate Recruitment Organization providing solutions to Global MNCs in US, Middle East & Asia",Jobs in USA-American Board Certified Neurologist,0,0,0.9997224807739258,0.00027751922607421875,0.8,1,BERT:bert_class_weighted,Class weight
686,emscad_04742,Insite Software is looking for smart and motivated people who want to help change the way companies are doing business. ,Sr. Application Support Specialist,0,0,0.9997358322143555,0.00026416778564453125,0.8,1,BERT:bert_class_weighted,Class weight
687,emscad_04747,Marketing Coordinator,Marketing Coordinator,0,0,0.9969654083251953,0.0030345916748046875,0.8,1,BERT:bert_class_weighted,Class weight
688,emscad_04753,BuzzDial lets you instantly share reactions to live events and shows as they happen using our web platform or suite of m,Marketing Campaign Manager,0,0,0.9997305870056152,0.0002694129943847656,0.8,1,BERT:bert_class_weighted,Class weight
689,emscad_04754,** ONLY US CITIZENS OR GREEN CARD HOLDERS APPLY ** ** THIS IS A CORP TO CORP POSITION **,.NET/C# Developer,0,0,0.9984874725341797,0.0015125274658203125,0.8,1,BERT:bert_class_weighted,Class weight
690,emscad_04763,We believe cities are complicated. And your mobile device should save you from the everyday challenges of living in them,Community Management / User Support,0,0,0.9997422695159912,0.00025773048400878906,0.8,1,BERT:bert_class_weighted,Class weight
691,emscad_04772,"Skills: iOS apps (iPhone, iPod Touch, or iPad), iOS SDK (Foundation, UIKit, SQLite, etc), Objective-C, Mobile Device Man","iOS apps (iPhone, iPod Touch, or iPad), iOS SDK - iOS Developer",0,0,0.9997246265411377,0.0002753734588623047,0.8,1,BERT:bert_class_weighted,Class weight
692,emscad_04775,Q2Hire has been delivering concrete results for more than 10 years. And this successful history has a formula: Your goal,Software Specialist - Level 3,0,0,0.9996981620788574,0.0003018379211425781,0.8,1,BERT:bert_class_weighted,Class weight
693,emscad_04778,Opportunity:,Outside Sales representative,0,0,0.9993386268615723,0.0006613731384277344,0.8,1,BERT:bert_class_weighted,Class weight
694,emscad_04794,"We are not your average Monday mail recruiters. We are here to align stars and connect dots, not just match titles with ",NARRATIVE: Influencer Marketing Manager,0,0,0.9997267723083496,0.0002732276916503906,0.8,1,BERT:bert_class_weighted,Class weight
695,emscad_04796,"Carlyle Financial is a mortgage bank based in Beverly Hills, CA offering a full range of home loan products. We concentr",Executive Assistant Needed For Rapidly Growing Company,0,0,0.9996769428253174,0.0003230571746826172,0.8,1,BERT:bert_class_weighted,Class weight
696,emscad_04800,Work with Team Ookla,Web Developer,0,0,0.9996993541717529,0.0003006458282470703,0.8,1,BERT:bert_class_weighted,Class weight
697,emscad_04801,Who is Ramberg Associates?,Specialists Required New Zealand.,0,0,0.9996993541717529,0.0003006458282470703,0.8,1,BERT:bert_class_weighted,Class weight
698,emscad_04806,United Cerebral Palsy of Oregon & SW Washington (UCP) supports adults with all kinds of developmental disabilities (not ,"Full-Time Weekend Caregiver for a Gentle, Kind Woman",0,0,0.9997453689575195,0.00025463104248046875,0.8,1,BERT:bert_class_weighted,Class weight
699,emscad_04807,Crypteia Networks delivers a patent-pending technology that identifies zero-day threats on their infancy along with misc,Network Security Engineer,0,0,0.9995794296264648,0.00042057037353515625,0.8,1,BERT:bert_class_weighted,Class weight
700,emscad_04817,"Newmedica is a dynamic, innovative UK healthcare company that works in partnership with the NHS to deliver specialist cl","Clinic Assistant, Eye Clinic, Sudbury Primary Care Centre",0,0,0.999713659286499,0.00028634071350097656,0.8,1,BERT:bert_class_weighted,Class weight
701,emscad_04824,Viva Online Services is the leading Greek online services website providing online services in various sectors like Trav,Spanish operations rep (x2),0,0,0.9996559619903564,0.0003440380096435547,0.8,1,BERT:bert_class_weighted,Class weight
702,emscad_04839,"Novitex Enterprise Solutions, formerly Pitney Bowes Management Services, delivers innovative document and communications",Customer Service Associate,0,0,0.9997377395629883,0.00026226043701171875,0.8,1,BERT:bert_class_weighted,Class weight
703,emscad_04843,Cogo Labs is the technology-driven incubator of some of the Boston area's fastest-growing web companies. Our proprietary,Quantitative Data Analyst,0,0,0.9996588230133057,0.00034117698669433594,0.8,1,BERT:bert_class_weighted,Class weight
704,emscad_04845,We Provide Full Time Permanent Positions for many medium to large US companies. We are interested in finding/recruiting ,Health Safety Environmental Manager,0,0,0.9997494220733643,0.0002505779266357422,0.8,1,BERT:bert_class_weighted,Class weight
705,emscad_04863,"We design, deploy, and maintain advanced technologies that enable our customers to achieve operational excellence at sub",Sr. Security Developer,0,0,0.9996910095214844,0.000308990478515625,0.8,1,BERT:bert_class_weighted,Class weight
706,emscad_04874,"Novitex Enterprise Solutions, formerly Pitney Bowes Management Services, delivers innovative document and communications",Customer Service Associate - Part Time,0,0,0.9997463226318359,0.0002536773681640625,0.8,1,BERT:bert_class_weighted,Class weight
707,emscad_04875,The Beans Group is a media company that exists to empower young people to thrive. We have been on an exponential growth ,Copywriter -- Storyteller,0,0,0.9997570514678955,0.0002429485321044922,0.8,1,BERT:bert_class_weighted,Class weight
708,emscad_04879,Established on the principles that full time education is not for everyone Spectrum Learning is made up of a team of pas,Ilkey Optician's Business Admin Apprentice Government Funding for 16-18 Year Olds Only,0,0,0.9997541904449463,0.00024580955505371094,0.8,1,BERT:bert_class_weighted,Class weight
709,emscad_04883,VSO brings people together to fight poverty by delivering innovative development programmes in 36 of the poorest countri,Marketing and communications adviser (Fixed term),0,0,0.9997560977935791,0.00024390220642089844,0.8,1,BERT:bert_class_weighted,Class weight
710,emscad_04903,"As augmented reality jobs go, one at Blippar is hard to beat. We are a rapidly expanding creative startup at the forefro",Product Specialist / Blippbuilder Brain,0,0,0.9997607469558716,0.00023925304412841797,0.8,1,BERT:bert_class_weighted,Class weight
711,emscad_04908,Gust is a global platform for the sourcing and management of early-stage investments. Gust enables skilled entrepreneurs,Marketing Director,0,0,0.9997676610946655,0.00023233890533447266,0.8,1,BERT:bert_class_weighted,Class weight
712,emscad_04911,Supervises assigned clerical employees and provides training and assistance as necessary.,Office Assistant III,1,1,0.0009765625,0.9990234375,0.8,1,BERT:bert_class_weighted,Class weight
713,emscad_04912,"We design, deploy, and maintain advanced technologies that enable our customers to achieve operational excellence at sub",Account Coordinator,0,0,0.9997010231018066,0.0002989768981933594,0.8,1,BERT:bert_class_weighted,Class weight
714,emscad_04933,"Ron Christopher Co., Inc. (RCC) is a Mergers and Acquistions firm that helps buyers and sellers of independent insurance",Cold Calling - Part-Time,0,0,0.9996094703674316,0.0003905296325683594,0.8,1,BERT:bert_class_weighted,Class weight
715,emscad_04942,"We build software for fashion retailers, to help them make the right commercial decisions about what to sell, and how to",Fashion & Retail Market Analyst,0,0,0.9997597932815552,0.00024020671844482422,0.8,1,BERT:bert_class_weighted,Class weight
716,emscad_04950,"This initiative is being led by a very talented, energetic and inspirational group of young Greek leaders called “Global",Internship (Engineering),0,0,0.9994473457336426,0.0005526542663574219,0.8,1,BERT:bert_class_weighted,Class weight
717,emscad_04958,If working in a cubical seems like your idea of hell then joining our awesome startup team might be the opportunity you’,Data Analyst,0,0,0.9997560977935791,0.00024390220642089844,0.8,1,BERT:bert_class_weighted,Class weight
718,emscad_04974,We help teachers get safe & secure jobs abroad :),English Teacher Abroad,0,0,0.9997676610946655,0.00023233890533447266,0.8,1,BERT:bert_class_weighted,Class weight
719,emscad_04976,"As one of the nation’s leading compounding pharmacies, we offer patients and healthcare providers access to experts in p","Pharmaceutical Sales (Alexandria, VA)",0,0,0.9996843338012695,0.00031566619873046875,0.8,1,BERT:bert_class_weighted,Class weight
720,emscad_04981,Mindworks interactive is one of the fastest growing Digital Agencies and the leading Performance Marketing Agency in Gre,Mid-Senior Digital Copywriter,0,0,0.9994845390319824,0.0005154609680175781,0.8,1,BERT:bert_class_weighted,Class weight
721,emscad_04983,Capoo provide talent consultancy for fast growth digital & tech companies. We are passionate about changing the way in w,UX Designer,0,0,0.999764084815979,0.0002359151840209961,0.8,1,BERT:bert_class_weighted,Class weight
722,emscad_04985,Kettle is an independent digital agency based in New York City and the Bay Area. We’re committed to making digital do mo,SF | SR PRODUCER POOL @LDK,0,0,0.9997612237930298,0.00023877620697021484,0.8,1,BERT:bert_class_weighted,Class weight
723,emscad_04986,Capoo provide talent consultancy for fast growth digital & tech companies. We are passionate about changing the way in w,Javascript / NODE.js Developer,0,0,0.999764084815979,0.0002359151840209961,0.8,1,BERT:bert_class_weighted,Class weight
724,emscad_04987,Capoo provide talent consultancy for fast growth digital & tech companies. We are passionate about changing the way in w,iOS Developer,0,0,0.9997681379318237,0.00023186206817626953,0.8,1,BERT:bert_class_weighted,Class weight
725,emscad_04989,Amplifier Strategies is a social impact agency. We work with strategic philanthropists and visionary implementers who ar,Agency Manager,0,0,0.9996519088745117,0.00034809112548828125,0.8,1,BERT:bert_class_weighted,Class weight
726,emscad_05000,"The Opportunity: We are looking for talented, motivated individuals that are looking for a full-time or part-time work f",Outbound Calling - Healthcare IT Sales,0,0,0.9996273517608643,0.0003726482391357422,0.8,1,BERT:bert_class_weighted,Class weight
727,emscad_05001,Massive Media is the social media company behind the successful digital brands #URL_18234f381f5e7b9a9ffdc727cd05c9046edf,Partner Integration Engineer - Gatcha!,0,0,0.9996993541717529,0.0003006458282470703,0.8,1,BERT:bert_class_weighted,Class weight
728,emscad_05004,***** Please only apply if you have experience within the Consumer Packaged Goods (CPG) industry *****,"Controller (Equity, Startup w/ substantial growth)",0,0,0.99957275390625,0.00042724609375,0.8,1,BERT:bert_class_weighted,Class weight
729,emscad_05006,"Blloon is an exciting new freemium ebook subscription service. Currently in private beta in the UK, launching soon in th","UX Designer (iOS, web)",0,0,0.9997453689575195,0.00025463104248046875,0.8,1,BERT:bert_class_weighted,Class weight
730,emscad_05009,NFP is a leader in the delivery of benefits solutions for companies of all sizes and in the delivery of life insurance a,Public Relations Coordinator,0,0,0.9996626377105713,0.00033736228942871094,0.8,1,BERT:bert_class_weighted,Class weight
731,emscad_05031,"At Holiday Inn Express Sping Mills, Falling Waters, WV we believe you are at your best when you can truly be yourself. A",Hotel Guest Service Agent,0,0,0.9994382858276367,0.0005617141723632812,0.8,1,BERT:bert_class_weighted,Class weight
732,emscad_05040,"At Holiday Inn Express Sping Mills, Falling Waters, WV we believe you are at your best when you can truly be yourself. A",Hotel Housekeeper,0,0,0.999523401260376,0.00047659873962402344,0.8,1,BERT:bert_class_weighted,Class weight
733,emscad_05041,"We are experts in enterprise systems management for the desktop, mobility, datacentre + cloud. We are a young and dynami",Tech Specialist - Microsoft Infrastructure,0,0,0.999761700630188,0.00023829936981201172,0.8,1,BERT:bert_class_weighted,Class weight
734,emscad_05055,"Major's RV the premier RV service center for the south shore, cape and islands is accepting applications for a medium/he",Medium/Heavy duty gas and diesel technician,0,0,0.9970989227294922,0.0029010772705078125,0.8,1,BERT:bert_class_weighted,Class weight
735,emscad_05056,EUROPEAN DYNAMICS (#URL_c66532ffa1ce76ab447da6774719060c42c584edbf44d74cdb94fc4ac219ca45#) is a leading European Softwar,Senior ColdFusion Developer,0,0,0.9997463226318359,0.0002536773681640625,0.8,1,BERT:bert_class_weighted,Class weight
736,emscad_05060,"THE COMPANY: SCOREBIG, INC.",CRM Manager,0,0,0.9995074272155762,0.0004925727844238281,0.8,1,BERT:bert_class_weighted,Class weight
737,emscad_05061,"NY Marketing Firm is family-owned and operated right here in New York, NY. Other companies may offer similar services, b","Brand Ambassador - Entry-Level Advertising, Marketing and PR",0,0,0.9997310638427734,0.0002689361572265625,0.8,1,BERT:bert_class_weighted,Class weight
738,emscad_05063,SHS was the first Community Interest Company to be certified as a Green Deal Assessor Organisation. This allows our qual,Intern - Building and Sustainability Analyst,0,0,0.9997439384460449,0.0002560615539550781,0.8,1,BERT:bert_class_weighted,Class weight
739,emscad_05070,"One Design Company is a digital design, strategy and development agency. We’ve called Chicago our home for nearly a deca",Mid-Senior Strategist/Copywriter,0,0,0.999741792678833,0.0002582073211669922,0.8,1,BERT:bert_class_weighted,Class weight
740,emscad_05071,Volunteers of America is a faith-based human services organization. We are dedicated to helping individuals and families,Maintenance Worker I,0,0,0.9992098808288574,0.0007901191711425781,0.8,1,BERT:bert_class_weighted,Class weight
741,emscad_05083,#URL_e7c9057d5e6f097876436d175031e95669ede4ebaab52b6be0957c837bc98343#,Title Insurance: Commercial Title Processor/ Production Assistant,0,0,0.999485969543457,0.0005140304565429688,0.8,1,BERT:bert_class_weighted,Class weight
742,emscad_05091,We help teachers get safe & secure jobs abroad :),English Teacher Abroad,0,0,0.9997690916061401,0.00023090839385986328,0.8,1,BERT:bert_class_weighted,Class weight
743,emscad_05094,We take the hassle out of finding and booking a cleaner. We are currently in the UK but we have big plans and we want an,Cleaner Recruitment Analyst/Associate,0,0,0.9997527599334717,0.0002472400665283203,0.8,1,BERT:bert_class_weighted,Class weight
744,emscad_05110,Volunteers of America is a faith-based human services organization. We are dedicated to helping individuals and families,Client Care Worker,0,0,0.9989032745361328,0.0010967254638671875,0.8,1,BERT:bert_class_weighted,Class weight
745,emscad_05115,"As augmented reality jobs go, one at Blippar is hard to beat. We are a rapidly expanding creative startup at the forefro",Mobile Developer,0,0,0.9997570514678955,0.0002429485321044922,0.8,1,BERT:bert_class_weighted,Class weight
746,emscad_05119,"We're Food52, and we've created a groundbreaking and award-winning cooking site. We support, connect, and celebrate home",Social Media Intern,0,0,0.9997513294219971,0.0002486705780029297,0.8,1,BERT:bert_class_weighted,Class weight
747,emscad_05139,"As one of the world’s leading staffing companies, our primary objective is clear-cut: To perfectly align the best people",Demonstrator,0,0,0.9994125366210938,0.00058746337890625,0.8,1,BERT:bert_class_weighted,Class weight
748,emscad_05142,"As one of the world’s leading staffing companies, our primary objective is clear-cut: To perfectly align the best people",Demonstrator,0,0,0.9994125366210938,0.00058746337890625,0.8,1,BERT:bert_class_weighted,Class weight
749,emscad_05160,"Valor Services provides Workforce Solutions that meet the needs of companies across the Private Sector, with a special f",Geophysicist,0,0,0.9997208118438721,0.0002791881561279297,0.8,1,BERT:bert_class_weighted,Class weight
750,emscad_05162,"As one of the world’s leading staffing companies, our primary objective is clear-cut: To perfectly align the best people",Demonstrator,0,0,0.9994125366210938,0.00058746337890625,0.8,1,BERT:bert_class_weighted,Class weight
751,emscad_05177,"As one of the world’s leading staffing companies, our primary objective is clear-cut: To perfectly align the best people",Retail Associate,0,0,0.9994988441467285,0.0005011558532714844,0.8,1,BERT:bert_class_weighted,Class weight
752,emscad_05188,"Campus Concepts we are a National Sports Marketing Firm with National Headquarters located in Los Angeles, CA. Campuses ",Sales - Sports Advertising Sales,0,0,0.9996964931488037,0.00030350685119628906,0.8,1,BERT:bert_class_weighted,Class weight
753,emscad_05191,hello world,Key Account Manager,0,0,0.9996485710144043,0.0003514289855957031,0.8,1,BERT:bert_class_weighted,Class weight
754,emscad_05192,"Diagnostic Health deploy and manage high quality sonographers to provide the NHS with a single, unified and trusted serv",Sonographer - Full and Part Time Opportunities,0,0,0.9997320175170898,0.00026798248291015625,0.8,1,BERT:bert_class_weighted,Class weight
755,emscad_05196,The Advanced Interactive Media Group LLC - or short: AIM Grou - is a global consulting company specializing in classifie,Freelance writer/analyst for France,0,0,0.9997258186340332,0.0002741813659667969,0.8,1,BERT:bert_class_weighted,Class weight
756,emscad_05217,"Novitex Enterprise Solutions, formerly Pitney Bowes Management Services, delivers innovative document and communications",Customer Service Driver I,0,0,0.9997444152832031,0.000255584716796875,0.8,1,BERT:bert_class_weighted,Class weight
757,emscad_05224,Applied Memetics LLC is a professional services company dedicated to integrating and delivering best practice communicat,"Program Host, Khmer Service",0,0,0.99971604347229,0.00028395652770996094,0.8,1,BERT:bert_class_weighted,Class weight
758,emscad_05231,#URL_c379aa631173ed5b7c345ab3f500a9a053e509138ca70e52c1088e5a784dc8d7# is a modern online travel agency that was founded,SEM Coordinator,0,0,0.99973464012146,0.00026535987854003906,0.8,1,BERT:bert_class_weighted,Class weight
759,emscad_05253,"Richard Faint: Research & Consultancy is a high quality provider of HR, Media, Technology and Recruitment solutions - sp",.Net Developer,0,0,0.9992399215698242,0.0007600784301757812,0.8,1,BERT:bert_class_weighted,Class weight
760,emscad_05254,"O|Miga is a different type of business services firm. Founded by x-Big 4 partners, O|Miga offers accounting, payroll, hu",Contract Sales Representative,0,0,0.9996485710144043,0.0003514289855957031,0.8,1,BERT:bert_class_weighted,Class weight
761,emscad_05275,"NY Marketing Firm is family-owned and operated right here in New York, NY. Other companies may offer similar services, b","Brand Ambassador - Marketing, Advertising and PR",0,0,0.9997341632843018,0.0002658367156982422,0.8,1,BERT:bert_class_weighted,Class weight
762,emscad_05279,"WRAYS PHARMACY INC. a/k/a ""Wrays Pharmacy"" is a young New York based Corporation/Company established in the year 2013 an",Registered Pharmacy Technician,0,0,0.9994430541992188,0.00055694580078125,0.8,1,BERT:bert_class_weighted,Class weight
763,emscad_05295,On behalf of our client we are looking for a CRM Manager to join one of the major brands in the gaming industry.,CRM Manager,0,0,0.999561071395874,0.00043892860412597656,0.8,1,BERT:bert_class_weighted,Class weight
764,emscad_05304,We're looking for individuals who understand that it takes great ideas and hard work to create something amazing. Let ev,Email / Web Designer,0,0,0.9997537136077881,0.00024628639221191406,0.8,1,BERT:bert_class_weighted,Class weight
765,emscad_05306,Job Title : Senior Software Engineer (Full Stack),Senior Software Engineer (Full Stack),0,0,0.9997565746307373,0.0002434253692626953,0.8,1,BERT:bert_class_weighted,Class weight
766,emscad_05310,"NuORDER is the fast-growing, venture-backed startup changing the way a $130 billion industry does business. An enterpris",Office Manager,0,0,0.9995720386505127,0.0004279613494873047,0.8,1,BERT:bert_class_weighted,Class weight
767,emscad_05313,"With our head office in Radstock the Unique Group cover Recruitment, Security, Training, Facilities Management & Franchi",Senior Consultant / Manager,0,0,0.999687910079956,0.0003120899200439453,0.8,1,BERT:bert_class_weighted,Class weight
768,emscad_05320,Established on the principles that full time education is not for everyone Spectrum Learning is made up of a team of pas,RECRUITMENT CONSULTANT - Sth Yorks,0,0,0.9997565746307373,0.0002434253692626953,0.8,1,BERT:bert_class_weighted,Class weight
769,emscad_05323,"Growing event production company providing staging, scenic, and drapery primarily in the state of Florida. We have a sec",Carpentery Assistant,0,0,0.9995574951171875,0.0004425048828125,0.8,1,BERT:bert_class_weighted,Class weight
770,emscad_05349,"Social Media has the power to shape, educate and grow amazing organisations across the world. We're on a mission to make",Senior / Lead Designer,0,0,0.9997730255126953,0.0002269744873046875,0.8,1,BERT:bert_class_weighted,Class weight
771,emscad_05351,KEY RESPONSIBILITIES/DUTIES:-,Geospatial Surveyor,0,0,0.9979763031005859,0.0020236968994140625,0.8,1,BERT:bert_class_weighted,Class weight
772,emscad_05355,"Based in Houston, Texas, Palladium Consulting is a boutique software consulting firm with 12 years’ experience building ",Java Ass Kicker,0,0,0.99971604347229,0.00028395652770996094,0.8,1,BERT:bert_class_weighted,Class weight
773,emscad_05356,EUROPEAN DYNAMICS (#URL_c66532ffa1ce76ab447da6774719060c42c584edbf44d74cdb94fc4ac219ca45#) is a leading European Softwar,JAVA Developer with expertise in EJB & Vaadin,0,0,0.9997372627258301,0.0002627372741699219,0.8,1,BERT:bert_class_weighted,Class weight
774,emscad_05362,"Shapeways is the leading 3D printing marketplace and community, empowering designers to bring amazing products to life. ",Shapeways Technology Intern,0,0,0.999730110168457,0.00026988983154296875,0.8,1,BERT:bert_class_weighted,Class weight
775,emscad_05373,Advancr gets app developers/publishers paid quicker for revenues earned on the world's leading App Stores.,Lead Developer,0,0,0.9997708797454834,0.00022912025451660156,0.8,1,BERT:bert_class_weighted,Class weight
776,emscad_05376,"Collabera is a fast growing, end-to-end information technology services and solutions provider working with leading Glob",Application Developer Java,0,0,0.9994997978210449,0.0005002021789550781,0.8,1,BERT:bert_class_weighted,Class weight
777,emscad_05379,"Collabera is a fast growing, end-to-end information technology services and solutions provider working with leading Glob",Project Administrator Project Support,0,0,0.999183177947998,0.0008168220520019531,0.8,1,BERT:bert_class_weighted,Class weight
778,emscad_05390,We Provide Full Time Permanent Positions for many medium to large US companies. We are interested in finding/recruiting ,Electrical Controls Engineer,0,0,0.9997482299804688,0.00025177001953125,0.8,1,BERT:bert_class_weighted,Class weight
779,emscad_05409,You don't need to be a Linux guru to hack on embedded devices like the Raspberry Pi. All you need is JavaScript.,Embedded web hacker,0,0,0.9997091293334961,0.00029087066650390625,0.8,1,BERT:bert_class_weighted,Class weight
780,emscad_05422,"Information Integration, Inc. (i3) is a leading provider of integrated documentation and training solutions to the finan",Policy/Procedures writer,0,0,0.9996941089630127,0.0003058910369873047,0.8,1,BERT:bert_class_weighted,Class weight
781,emscad_05424,MISSION:,PASSIONATE EXPERIENCED PCP's NEEDED TODAY! WE PAY MORE FOR THE VERY BEST IN THE INDUSTRY!,0,0,0.9997103214263916,0.00028967857360839844,0.8,1,BERT:bert_class_weighted,Class weight
782,emscad_05442,DMT Instant Reward. We are Hiring all The Time.,Easy Money,1,1,0.00146484375,0.99853515625,0.8,1,BERT:bert_class_weighted,Class weight
783,emscad_05444,"Systems Technology International, Inc. (STI), a full service innovative professional services corporation serving in vir","Controls Engineer - St Louis, MO",1,0,0.945404052734375,0.054595947265625,0.8,0,BERT:bert_class_weighted,Class weight
784,emscad_05454,The Opportunity,Outbound Calling,0,0,0.9991865158081055,0.0008134841918945312,0.8,1,BERT:bert_class_weighted,Class weight
785,emscad_05455,Job Overview,Field Technician,0,0,0.9993147850036621,0.0006852149963378906,0.8,1,BERT:bert_class_weighted,Class weight
786,emscad_05459,"Taxibeat is changing the global taxi industry. It's an easy to use, convenient and contemporary way to hail and book a t",Director of Finance,0,0,0.99961256980896,0.00038743019104003906,0.8,1,BERT:bert_class_weighted,Class weight
787,emscad_05467,Background,Account Manager,0,0,0.9997570514678955,0.0002429485321044922,0.8,1,BERT:bert_class_weighted,Class weight
788,emscad_05490,"Makielab is a thriving toys and games start up, based in London, UK. Our team invented the world's first fully customisa",Toy Workshop Operative,0,0,0.9997607469558716,0.00023925304412841797,0.8,1,BERT:bert_class_weighted,Class weight
789,emscad_05493,"For more than two decades, the TRAK Companies have been providing temporary and direct-hire professional support staff t",Accounting Assistant,0,0,0.9995801448822021,0.00041985511779785156,0.8,1,BERT:bert_class_weighted,Class weight
790,emscad_05504,"We have created the world’s leading lean customer experience platform – its not just us that think that, Gartner does to",Senior Frontend Consultant,0,0,0.999718189239502,0.0002818107604980469,0.8,1,BERT:bert_class_weighted,Class weight
791,emscad_05506,"We are a full-service marketing and staffing firm, serving companies ranging from Fortune 100 to new start-up organizati",Home Based Payroll Data Entry Clerk Position - Earn $100-$200 Daily,1,1,0.00048828125,0.99951171875,0.8,1,BERT:bert_class_weighted,Class weight
792,emscad_05513,Fundation is a technology-empowered direct lender that delivers small balance commercial loans nationwide. The firm prov,Chief Revenue Officer - High Growth Speciality Finance Company,0,0,0.9996337890625,0.0003662109375,0.8,1,BERT:bert_class_weighted,Class weight
793,emscad_05514,"We are a full-service marketing and staffing firm, serving companies ranging from Fortune 100 to new start-up organizati",Payroll Data Coordinator Positions - Earn $100-$200 Daily,1,1,0.00048828125,0.99951171875,0.8,1,BERT:bert_class_weighted,Class weight
794,emscad_05527,We have several openings available in this area earning $1000.00-$2500.00 per week.,Home Based Payroll Typist/Data Entry Clerks Positions Available,1,1,0.00048828125,0.99951171875,0.8,1,BERT:bert_class_weighted,Class weight
795,emscad_05540,StayClassy is a fast-growing San Diego-based startup that develops an online fundraising product used by thousands of No,Business Development Specialist,0,0,0.999764084815979,0.0002359151840209961,0.8,1,BERT:bert_class_weighted,Class weight
796,emscad_05541,Trident Systems was founded in 1985 with one purpose in mind: to deliver innovative and affordable technology solutions ,Contracts Administrator (Federal Government Contractor),0,0,0.999295711517334,0.0007042884826660156,0.8,1,BERT:bert_class_weighted,Class weight
797,emscad_05545,Gust is a global platform for the sourcing and management of early-stage investments. Gust enables skilled entrepreneurs,Senior UX Designer,0,0,0.9997631311416626,0.00023686885833740234,0.8,1,BERT:bert_class_weighted,Class weight
798,emscad_05548,Engineering Manager Job Description BrightRoll is looking for an engineering manager in San Francisco to lead a quickly ,Engineering Manager,0,0,0.9995677471160889,0.0004322528839111328,0.8,1,BERT:bert_class_weighted,Class weight
799,emscad_05554,We Provide Full Time Permanent Positions for many medium to large US companies. We are interested in finding/recruiting ,"Food Engineer - MFC Process Control - Collegedale, TN",0,0,0.9997010231018066,0.0002989768981933594,0.8,1,BERT:bert_class_weighted,Class weight
800,emscad_05557,"Focus Lab, LLC is a boutique brand and interactive design company headquartered in the heart of Savannah, Ga. Our client",Lead Developer,0,0,0.9996800422668457,0.0003199577331542969,0.8,1,BERT:bert_class_weighted,Class weight
801,emscad_05559,"#URL_25e85371e7108e279a4b25d6e965889a44917879b7b587c905714ef30f933cb8# is a young, growing e-commerce company with our e",Director of Operations,0,0,0.9997498989105225,0.00025010108947753906,0.8,1,BERT:bert_class_weighted,Class weight
802,emscad_05560,"The Ministry of Justice is establishing a new Digital Services Division (DSD), the first of its kind in a Government dep",WordPress developer,0,0,0.9996969699859619,0.00030303001403808594,0.8,1,BERT:bert_class_weighted,Class weight
803,emscad_05572,Netigate is a leading European provider of cloud based services for online surveys that are primarily used for voice of ,Sales Manager Netigate Oslo,0,0,0.9997320175170898,0.00026798248291015625,0.8,1,BERT:bert_class_weighted,Class weight
804,emscad_05579,Greetings from VAM SYSTEMS.....,Senior Windows Server Security Administrator Required for Qatar,1,1,0.00048828125,0.99951171875,0.8,1,BERT:bert_class_weighted,Class weight
805,emscad_05580,"Northwestern Mutual has been a leader in providing financial security to clients for over 150 years. Founded in 1857, ou",Wealth Management Advisor,0,0,0.999295711517334,0.0007042884826660156,0.8,1,BERT:bert_class_weighted,Class weight
806,emscad_05581,About The Symicor Group:,"Commercial Lender-Milwaukee, WI",0,0,0.999685525894165,0.00031447410583496094,0.8,1,BERT:bert_class_weighted,Class weight
807,emscad_05582,FarmDrop is looking for two engineers (either 2 x full stack or one x front-end and one x back end) to help us develop a,Software Engineer,0,0,0.9997246265411377,0.0002753734588623047,0.8,1,BERT:bert_class_weighted,Class weight
808,emscad_05587,"Position Description – System Architect This position strategically designs, develops and implements efficient informati",System Architect,0,0,0.9974880218505859,0.0025119781494140625,0.8,1,BERT:bert_class_weighted,Class weight
809,emscad_05596,Want to build a 21st century financial service?,Localisation Manager,0,0,0.9997310638427734,0.0002689361572265625,0.8,1,BERT:bert_class_weighted,Class weight
810,emscad_05597,We're on a hunt for a e-mail marketing specialist to join our fast-growing marketing team. This role is about improving ,E-mail marketing specialist,0,0,0.9997279644012451,0.0002720355987548828,0.8,1,BERT:bert_class_weighted,Class weight
811,emscad_05601,General Purpose,Office Assistant,1,1,0.00244140625,0.99755859375,0.8,1,BERT:bert_class_weighted,Class weight
812,emscad_05606,"Founded in 1997, The Missing Link is a premium provider of information technology solutions across applications, infrast",Security Consultant,0,0,0.9997315406799316,0.0002684593200683594,0.8,1,BERT:bert_class_weighted,Class weight
813,emscad_05615,About ECHOING GREEN :,"Coordinator, Work on Purpose",0,0,0.9994611740112305,0.0005388259887695312,0.8,1,BERT:bert_class_weighted,Class weight
814,emscad_05625,"Babbel enables anyone to learn languages in an easy and interactive way. The learning system offers 13 languages, from E",Freelance Indonesian speaker (m/f),0,0,0.9997203350067139,0.0002796649932861328,0.8,1,BERT:bert_class_weighted,Class weight
815,emscad_05630,"At iMATCHATIVE, we believe in the power of science and technology to inspire creative solutions and to transform busines",DevOps / CI Engineer,0,0,0.9997377395629883,0.00026226043701171875,0.8,1,BERT:bert_class_weighted,Class weight
816,emscad_05639,"Brand Apps is a exciting, young company that creates mobile apps to help small businesses promote themselves. We are pas",Operations Manager,0,0,0.9997477531433105,0.0002522468566894531,0.8,1,BERT:bert_class_weighted,Class weight
817,emscad_05642,"PINT is a leader in the web industry with 20 years of web design, software development and consulting experience. PINT's",Information Architect / UX Designer,0,0,0.9997439384460449,0.0002560615539550781,0.8,1,BERT:bert_class_weighted,Class weight
818,emscad_05647,GBI is a growing company developing several cutting edge systems in the financial industry. We are set to embark on a fe,Development Manager,0,0,0.9993424415588379,0.0006575584411621094,0.8,1,BERT:bert_class_weighted,Class weight
819,emscad_05649,We’re always looking for highly motivated “founder-types” to join us as we grow. Here’s what you need to know.,Senior Ruby Engineer,0,0,0.9996438026428223,0.0003561973571777344,0.8,1,BERT:bert_class_weighted,Class weight
820,emscad_05664,Want to build a 21st century financial service?,Customer Support Receptionist / Agent (French Native),0,0,0.9997086524963379,0.0002913475036621094,0.8,1,BERT:bert_class_weighted,Class weight
821,emscad_05667,"Maybe you’ve got an ear for rhythm, an eye for detail, a mind for research — and a stomach for revision, revision, revis",Winter / Spring Internship,0,0,0.9996898174285889,0.0003101825714111328,0.8,1,BERT:bert_class_weighted,Class weight
822,emscad_05668,"Lost My Name combines the power of storytelling with the possibilities of technology to make magical, personalised books",Designer - R&D Team,0,0,0.9997735023498535,0.00022649765014648438,0.8,1,BERT:bert_class_weighted,Class weight
823,emscad_05690,"At Hayes-Corp, we create the fun stuff. With a focus on software development for mobile platforms, we are constantly loo",Product Manager,0,0,0.9997208118438721,0.0002791881561279297,0.8,1,BERT:bert_class_weighted,Class weight
824,emscad_05692,"Are you looking to make anywhere from 600-115,000$ a month? Are you looking to be paid to take vacations? Are you tired ",Network Marketing,1,1,0.0009765625,0.9990234375,0.8,1,BERT:bert_class_weighted,Class weight
825,emscad_05695,Inkly is changing the way people communicate around the world. Greetings cards is where we started but we’re moving way ,PR / Comms Manager (In-House),0,0,0.9997448921203613,0.0002551078796386719,0.8,1,BERT:bert_class_weighted,Class weight
826,emscad_05696,#URL_c379aa631173ed5b7c345ab3f500a9a053e509138ca70e52c1088e5a784dc8d7# is a modern online travel agency that was founded,Polish Speaking Customer Support Representative,0,0,0.9997267723083496,0.0002732276916503906,0.8,1,BERT:bert_class_weighted,Class weight
827,emscad_05698,"Why Choose AECOM? Imagine working for a truly global company whose 45,000 employees share a singular passion: to make th",Construction Engineer,1,1,0.00048828125,0.99951171875,0.8,1,BERT:bert_class_weighted,Class weight
828,emscad_05699,"Why Choose AECOM? Imagine working for a truly global company whose 45,000 employees share a singular passion: to make th",Contract Engineer,1,1,0.00048828125,0.99951171875,0.8,1,BERT:bert_class_weighted,Class weight
829,emscad_05702,"Lean Startup Machine (LSM), a VC backed company, is changing the way entrepreneurs and Fortune 500 companies build produ",Sales Development Associate,0,0,0.9997165203094482,0.0002834796905517578,0.8,1,BERT:bert_class_weighted,Class weight
830,emscad_05706,#URL_c379aa631173ed5b7c345ab3f500a9a053e509138ca70e52c1088e5a784dc8d7# is a modern online travel agency that was founded,SAP Specialist,0,0,0.9997224807739258,0.00027751922607421875,0.8,1,BERT:bert_class_weighted,Class weight
831,emscad_05707,"Social Care Alba is the highest graded Care at Home Company in the country. We hold awards in Investors in People, Healt",Health Care Worker (Professional Advisor),0,0,0.9997305870056152,0.0002694129943847656,0.8,1,BERT:bert_class_weighted,Class weight
832,emscad_05710,Brewbot is looking for an experienced Android engineer to lead the development of our Android Application.,Android Software Engineer,0,0,0.9993786811828613,0.0006213188171386719,0.8,1,BERT:bert_class_weighted,Class weight
833,emscad_05711,"Standard Market is a new, 33,000-square-foot, chef-driven retail food store with a strong focus on high-quality perishab",Accounts Payable Clerk,0,0,0.9992146492004395,0.0007853507995605469,0.8,1,BERT:bert_class_weighted,Class weight
834,emscad_05741,"For more than a decade, we EXIS I.T. provide services & solutions that give our clients competitive advantages. We close",German speaking PERL/CGI programmer on Unix,0,0,0.9996993541717529,0.0003006458282470703,0.8,1,BERT:bert_class_weighted,Class weight
835,emscad_05749,"Quantlab is a dynamic, technology-driven firm supporting a large-scale quantitative trading operation across a wide rang",Recruiting Coordinator,0,0,0.9996867179870605,0.0003132820129394531,0.8,1,BERT:bert_class_weighted,Class weight
836,emscad_05752,We have aggressive growth plans in place for the coming years. We provide a much needed service in facilitating the grow,"Account Sales Managers $80-$130,000/yr",1,1,0.00048828125,0.99951171875,0.8,1,BERT:bert_class_weighted,Class weight
837,emscad_05757,"Zoottle is a startup founded by IT, Telco and Web services veterans with worldwide sales, marketing and services experie",LINUX SYSTEMS ENGINEER #2,0,0,0.9997413158416748,0.0002586841583251953,0.8,1,BERT:bert_class_weighted,Class weight
838,emscad_05763,"Not a ninja, rockstar, or guru? Perfect. Weaver's hiring!",Android Developer,0,0,0.999666690826416,0.0003333091735839844,0.8,1,BERT:bert_class_weighted,Class weight
839,emscad_05787,"Aclima is an early-stage company based in San Francisco that designs and deploys distributed, large-scale sensor network",UI / UX Designer,0,0,0.9997527599334717,0.0002472400665283203,0.8,1,BERT:bert_class_weighted,Class weight
840,emscad_05792,"HireHopes is the premier professional services consulting firm that specializes in strategic job search, career adviseme",Headhunter / Recruiter - Looking for Partner,0,0,0.9997091293334961,0.00029087066650390625,0.8,1,BERT:bert_class_weighted,Class weight
841,emscad_05796,At SMGI we believe that 'Our People are the Difference'. Working for SMGI is a great opportunity for our employees to le,Security Officer (SO),0,0,0.9996874332427979,0.00031256675720214844,0.8,1,BERT:bert_class_weighted,Class weight
842,emscad_05798,We have summer position in our Graphic Design/Prepress department. Join our team of professionals and work in our printi,Graphic Design/Prepress,0,0,0.9996805191040039,0.00031948089599609375,0.8,1,BERT:bert_class_weighted,Class weight
843,emscad_05806,CallCentre People Recruitment is recognised as being specialists within the CallCentre industry.,Outbound Appointment Setter,0,0,0.9996731281280518,0.0003268718719482422,0.8,1,BERT:bert_class_weighted,Class weight
844,emscad_05810,"We build software for fashion retailers, to help them make the right commercial decisions about what to sell, and how to",Data Intern - Retail & Apparel Analysis,0,0,0.9997602701187134,0.0002397298812866211,0.8,1,BERT:bert_class_weighted,Class weight
845,emscad_05812,StartupTAP is not a conventional recruiting agency. We're true Talent Acquisition Partners.,Account Manager,0,0,0.9997463226318359,0.0002536773681640625,0.8,1,BERT:bert_class_weighted,Class weight
846,emscad_05828,"HSAGlobal specialises in solutions enabling connected care, to reduce the impact of the heaviest users on the healthcare",SQL Database Specialist,0,0,0.9997503757476807,0.00024962425231933594,0.8,1,BERT:bert_class_weighted,Class weight
847,emscad_05843,We Provide Full Time Permanent Positions for many medium to large US companies. We are interested in finding/recruiting ,Process Engineer - Manufacturing Environment Exp - LA,0,0,0.999504566192627,0.0004954338073730469,0.8,1,BERT:bert_class_weighted,Class weight
848,emscad_05848,"Edwards Personnel are property recruitment specialists recruiting all positions within estate agency, lettings, property",Residential Property Sales Consultant,0,0,0.999448299407959,0.0005517005920410156,0.8,1,BERT:bert_class_weighted,Class weight
849,emscad_05849,Why CSD?,Software Engineer,0,0,0.9997482299804688,0.00025177001953125,0.8,1,BERT:bert_class_weighted,Class weight
850,emscad_05859,One of the growth successful interactive accountable digital networks broadcasting DOOH interactive entertainment is see,Media Sales Manager - In New Media Advertising (DOOH),0,0,0.9994239807128906,0.000576019287109375,0.8,1,BERT:bert_class_weighted,Class weight
851,emscad_05882,"At McLane Intel, we believe that everyone should love where they work! We understand that our ongoing success is attribu",Account Manager,0,0,0.9996633529663086,0.00033664703369140625,0.8,1,BERT:bert_class_weighted,Class weight
852,emscad_05883,"We started making apps the day App Store opened. Initially, we developed iOS apps for other companies, but in 2011 we st",Project manager,0,0,0.9997289180755615,0.00027108192443847656,0.8,1,BERT:bert_class_weighted,Class weight
853,emscad_05886,"When it comes to know-how and networking for IT pros, web savvies and project managers, Software & Support Media Group i",Mobile Apps Developer,0,0,0.9996170997619629,0.0003829002380371094,0.8,1,BERT:bert_class_weighted,Class weight
854,emscad_05897,Paymentwall Inc is the leading digital payments platform helping sites sell digital content in any country.,"Business Development Associate, France- Berlin, Deutschland",0,0,0.9994287490844727,0.0005712509155273438,0.8,1,BERT:bert_class_weighted,Class weight
855,emscad_05898,Paymentwall Inc is the leading digital payments platform helping sites sell digital content in any country.,"BUSINESS DEVELOPMENT ASSOCIATE, SCANDINAVIA",0,0,0.9993095397949219,0.000690460205078125,0.8,1,BERT:bert_class_weighted,Class weight
856,emscad_05899,"Founded by serial entrepreneur Clive Jackson and launched in 2011, Victor is one of the world’s most trusted names in pr",Head of Sales,0,0,0.9997458457946777,0.0002541542053222656,0.8,1,BERT:bert_class_weighted,Class weight
857,emscad_05906,Pardon Services Canada is a national legal services company established in 1989.We serve as an advocate for Canadians wi,Marketing and Business Development Intern,0,0,0.9996905326843262,0.0003094673156738281,0.8,1,BERT:bert_class_weighted,Class weight
858,emscad_05916,"PINT is a leader in the web industry with 20 years of web design, software development and consulting experience. PINT's",Administrative Assistant,0,0,0.9997143745422363,0.0002856254577636719,0.8,1,BERT:bert_class_weighted,Class weight
859,emscad_05924,#URL_0af22b40b7a4daec383e1c28b7082f4990b2648631980cfadb17aaa3a4eb0369# is a top online luxury fashion destination with 4,Senior ASP .Net Developer,0,0,0.9997062683105469,0.000293731689453125,0.8,1,BERT:bert_class_weighted,Class weight
860,emscad_05930,"At The Practice Group (TPG) we provide clients with the full range of Financial Advisory and Accounting Services, as wel",Chief Accountant,0,0,0.9996559619903564,0.0003440380096435547,0.8,1,BERT:bert_class_weighted,Class weight
861,emscad_05937,Agency currently a Weekend respite position. Position is approx 6pm Friday to 6pm Sunday.,Weekend respite Caregiver/CNA/Direct care worker,0,0,0.9985361099243164,0.0014638900756835938,0.8,1,BERT:bert_class_weighted,Class weight
862,emscad_05947,You will be joining a small (10) but highly productive development team. This will be a high impact role building out th,UX Designer,0,0,0.9990072250366211,0.0009927749633789062,0.8,1,BERT:bert_class_weighted,Class weight
863,emscad_05953,hello world,Senior Big Data Consultant,0,0,0.9996969699859619,0.00030303001403808594,0.8,1,BERT:bert_class_weighted,Class weight
864,emscad_05954,NOW: Pensions is a UK based multi-employer trust serving thousands of employers and hundreds of thousands of employees f,Telemarketer or Appointment Setter,0,0,0.9997315406799316,0.0002684593200683594,0.8,1,BERT:bert_class_weighted,Class weight
865,emscad_05964,Title:,Application Developer/SQL Server,0,0,0.9986543655395508,0.0013456344604492188,0.8,1,BERT:bert_class_weighted,Class weight
866,emscad_05970,"Gelato Group is a SaaS company. We've developed a global print engine integrated with the print ecosystem’s key players,",Data and Marketing Analyst,0,0,0.9997165203094482,0.0002834796905517578,0.8,1,BERT:bert_class_weighted,Class weight
867,emscad_05987,"We’ve built revolutionary technology that is changing the way people get around cities. Using Via, a luxury ride booked ",VP Legal/Finance,0,0,0.9997284412384033,0.0002715587615966797,0.8,1,BERT:bert_class_weighted,Class weight
868,emscad_05995,We are seeking a full time PHP Developer with at least 3 year experience to come work at our downtown Tampa Office.,PHP Developer,0,0,0.9996445178985596,0.0003554821014404297,0.8,1,BERT:bert_class_weighted,Class weight
869,emscad_06001,The Role,Progam/Project Manager Generalist,0,0,0.9993810653686523,0.0006189346313476562,0.8,1,BERT:bert_class_weighted,Class weight
870,emscad_06018,"Growing event production company providing staging, scenic, and drapery primarily in the state of Florida. We have a sec",Office Support Assistant,0,0,0.999661922454834,0.0003380775451660156,0.8,1,BERT:bert_class_weighted,Class weight
871,emscad_06019,We help teachers get safe & secure jobs abroad :),English Teacher Abroad,0,0,0.9997690916061401,0.00023090839385986328,0.8,1,BERT:bert_class_weighted,Class weight
872,emscad_06021,"Liberated Networks - ""The Likeable Software Company""",Developer,0,0,0.9997327327728271,0.00026726722717285156,0.8,1,BERT:bert_class_weighted,Class weight
873,emscad_06036,Adthena is the UK’s leading competitive intelligence service for Google search advertisers. Adthena is loved by major br,Account Manager - Sydney,0,0,0.9997681379318237,0.00023186206817626953,0.8,1,BERT:bert_class_weighted,Class weight
874,emscad_06037,"Intercom ( #URL_cb674f93cbcd215a3a0a57a8615a565545949eead8adbbc73307c26d6a6af81b# ) is a simple, personal messaging serv",iOS Engineer,0,0,0.9997498989105225,0.00025010108947753906,0.8,1,BERT:bert_class_weighted,Class weight
875,emscad_06042,"The Senior Systems Engineer will be responsible for building high-performance, scalable, robust systems leveraging a ran",Senior PHP Engineer,0,0,0.9992518424987793,0.0007481575012207031,0.8,1,BERT:bert_class_weighted,Class weight
876,emscad_06045,"codebender is an online platform for makers, hobbyists and engineers. In other words, an online IDE and community for Ar",C++ Developer for NPAPI Cross-Browser Plugin,0,0,0.9997463226318359,0.0002536773681640625,0.8,1,BERT:bert_class_weighted,Class weight
877,emscad_06052,Ballparc is a venture-backed startup on the forefront of tackling problems facing the $9 billion parking industry. Our c,Business Development Manager,0,0,0.9997010231018066,0.0002989768981933594,0.8,1,BERT:bert_class_weighted,Class weight
878,emscad_06053,Making music is easier now than ever.,Mobile Software Engineer,0,0,0.9997589588165283,0.0002410411834716797,0.8,1,BERT:bert_class_weighted,Class weight
879,emscad_06057,This job requires you to have the ability to operate keyboard or other data entry device to enter data into computer or ,Payroll Data Entry Clerk Position - Earn $100-$200 Daily,1,1,0.0009765625,0.9990234375,0.8,1,BERT:bert_class_weighted,Class weight
880,emscad_06068,"O|Miga is a different type of business services firm. Founded by x-Big 4 partners, O|Miga offers accounting, payroll, hu",Accounting Associate - Restaurant Experience,0,0,0.9996953010559082,0.0003046989440917969,0.8,1,BERT:bert_class_weighted,Class weight
881,emscad_06070,The Heafey Group is a private real estate investment and management conglomerate founded more than 33 years ago and head,General Application (US/Canada),0,0,0.9992237091064453,0.0007762908935546875,0.8,1,BERT:bert_class_weighted,Class weight
882,emscad_06077,The smarter way to invest,Marketing Manager,0,0,0.9997310638427734,0.0002689361572265625,0.8,1,BERT:bert_class_weighted,Class weight
883,emscad_06081,Ava's Farm (at #URL_31a9446ce13682d0eb50436dd4cbd5f4c138a260e5979f9c71a29ddc643615f8# ) is an online marketplace where y,Social Media Specialist,0,0,0.9997537136077881,0.00024628639221191406,0.8,1,BERT:bert_class_weighted,Class weight
884,emscad_06086,"We're Food52, and we've created a groundbreaking and award-winning cooking site. We support, connect, and celebrate home",Customer Care Associate Part Time (evenings/weekend),0,0,0.99973464012146,0.00026535987854003906,0.8,1,BERT:bert_class_weighted,Class weight
885,emscad_06099,Account Manager Job opportunity in New York - USA,Account Manager,0,0,0.9948921203613281,0.005107879638671875,0.8,1,BERT:bert_class_weighted,Class weight
886,emscad_06108,Transifex is a SaaS continuous localization platform powering the process of launching products into multiple languages ,"Office Manager, Secretary",0,0,0.9997124671936035,0.0002875328063964844,0.8,1,BERT:bert_class_weighted,Class weight
887,emscad_06110,"Providing reliable library automation solutions since 1985, Surpass Software is today used world-wide. School media cent",Software Developer,0,0,0.9996922016143799,0.0003077983856201172,0.8,1,BERT:bert_class_weighted,Class weight
888,emscad_06120,"Cresttek is a subsidiary of American Hydrostatics, a 25 year old company providing Manufraturing and MRO services to Aut",Automotive Wiring Harness Designer,0,0,0.9996805191040039,0.00031948089599609375,0.8,1,BERT:bert_class_weighted,Class weight
889,emscad_06124,Upstream’s mission is to revolutionise the way companies market to consumers through cutting edge technology. This is an,DevOps/Software Engineer,0,0,0.9997148513793945,0.00028514862060546875,0.8,1,BERT:bert_class_weighted,Class weight
890,emscad_06138,"Founded in 2010 by a team from Google’s London and New York offices, Qubit work with some of the biggest names in Online",Lead Data Scientist,0,0,0.9997761249542236,0.0002238750457763672,0.8,1,BERT:bert_class_weighted,Class weight
891,emscad_06159,WHO WE ARE In2media has ever since the early start in 1994 grown into being a full service digital agency. Following the,Senior UX Consultant,0,0,0.9997602701187134,0.0002397298812866211,0.8,1,BERT:bert_class_weighted,Class weight
892,emscad_06170,Company Website: #URL_b0bc289d014ce1647b7dbe8ffe0e121d1f3ded55cbf9e3c20987b3cf1f8d3b5d#,Director of First Impressions,0,0,0.9996957778930664,0.00030422210693359375,0.8,1,BERT:bert_class_weighted,Class weight
893,emscad_06171,Market Logic is changing the way the world's largest companies run their market research and marketing functions. We are,Operations Engineer SaaS,0,0,0.9997546672821045,0.0002453327178955078,0.8,1,BERT:bert_class_weighted,Class weight
894,emscad_06174,We deliver premium value at competitive prices. Our services are matchless and provide long term benefits to our clients,"Raymond Reach Operators | North York, ON",0,0,0.9991960525512695,0.0008039474487304688,0.8,1,BERT:bert_class_weighted,Class weight
895,emscad_06175,Contentful ( #URL_0252efddcbc4b8f51969fca7b054595976ea4678fd880b3653151e618d447b33# ) is an API-first content management,Backend JavaScript developer,0,0,0.9997453689575195,0.00025463104248046875,0.8,1,BERT:bert_class_weighted,Class weight
896,emscad_06178,Why CSD?,Account Executive (Western Region),0,0,0.9996824264526367,0.00031757354736328125,0.8,1,BERT:bert_class_weighted,Class weight
897,emscad_06182,BaaS,Junior Adwords/SEO Specialist,0,0,0.9994254112243652,0.0005745887756347656,0.8,1,BERT:bert_class_weighted,Class weight
898,emscad_06183,ding* is the world’s largest top-up provider. Created to help people working abroad to support and keep in touch with lo,Graduate Support Desk Supremo,0,0,0.9997668266296387,0.00023317337036132812,0.8,1,BERT:bert_class_weighted,Class weight
899,emscad_06187,"Tidewater Finance Co. was established in 1992 for the initial purpose of purchasing, and servicing retail installment co",Recovery Specialist,0,0,0.9996607303619385,0.00033926963806152344,0.8,1,BERT:bert_class_weighted,Class weight
900,emscad_06204,We are a visual technology startup pioneering powerful immersive experiences for next generation wearable displays. Cond,Lead Hardware Engineer,0,0,0.9997251033782959,0.00027489662170410156,0.8,1,BERT:bert_class_weighted,Class weight
901,emscad_06208,About the job,Sales Development Representative,0,0,0.9997143745422363,0.0002856254577636719,0.8,1,BERT:bert_class_weighted,Class weight
902,emscad_06210,Our mission is to build one of the largest and most respected financial services companies in the business. We are a com,Financial Services Professional,0,0,0.9995262622833252,0.0004737377166748047,0.8,1,BERT:bert_class_weighted,Class weight
903,emscad_06217,CommonBond is building a new kind of value-driven financial services company.,Head of Marketing,0,0,0.9997251033782959,0.00027489662170410156,0.8,1,BERT:bert_class_weighted,Class weight
904,emscad_06222,"Freytag & Associates, Inc. is a multi-discipline design firm offering architectural, engineering, interior design, lands",Designer/Draftsperson,0,0,0.999640941619873,0.0003590583801269531,0.8,1,BERT:bert_class_weighted,Class weight
905,emscad_06224,"Argenta Field Solutions values the client, creates income streams for them through our sales mechanism and focuses on qu",Paid Training for Direct Sales Representative with Management Opportunity,0,0,0.9996850490570068,0.00031495094299316406,0.8,1,BERT:bert_class_weighted,Class weight
906,emscad_06227,Ripple is the Humans First® IT company. Companies partner with us to take care of thier IT so people can get more work d,Computer Support Specialist,0,0,0.9997208118438721,0.0002791881561279297,0.8,1,BERT:bert_class_weighted,Class weight
907,emscad_06233,"Primesoft Inc is a fast growing IT consulting, services and outsourcing firm. We Provide IT consulting services to suppo",QA / BA entry level,0,0,0.999504566192627,0.0004954338073730469,0.8,1,BERT:bert_class_weighted,Class weight
908,emscad_06249,Contact info: Ignacio Crivaro #EMAIL_2863189177166c69f5b3c844e1e66edb16dab86eb7340b935cf81c63efca4d9d# / #PHONE_402c9c44,Sales Representative,0,0,0.9982891082763672,0.0017108917236328125,0.8,1,BERT:bert_class_weighted,Class weight
909,emscad_06260,We Provide Full Time Permanent Positions for many medium to large US companies. We are interested in finding/recruiting ,Talent Management Process Manager,0,0,0.9997448921203613,0.0002551078796386719,0.8,1,BERT:bert_class_weighted,Class weight
910,emscad_06265,"At Holiday Inn Express Sping Mills, Falling Waters, WV we believe you are at your best when you can truly be yourself. A",Executive Housekeeper,0,0,0.9995381832122803,0.00046181678771972656,0.8,1,BERT:bert_class_weighted,Class weight
911,emscad_06268,"We are a creative agency for the here, now and next. Our job is to get brands into people’s heads and lives, and stay th",Technical Project Manager,0,0,0.9997439384460449,0.0002560615539550781,0.8,1,BERT:bert_class_weighted,Class weight
912,emscad_06273,"21st century financial software, in the cloud",Software Engineer,0,0,0.9997565746307373,0.0002434253692626953,0.8,1,BERT:bert_class_weighted,Class weight
913,emscad_06281,"Skills: Product Management, Order Management & Omni-Channel Fulfillment, RFP/Vendor Selection & Management, and retail e",Sr. Product Manager- Order Management & Omni-Channel Fulfillment,0,0,0.9995026588439941,0.0004973411560058594,0.8,1,BERT:bert_class_weighted,Class weight
914,emscad_06287,EUROPEAN DYNAMICS (#URL_c66532ffa1ce76ab447da6774719060c42c584edbf44d74cdb94fc4ac219ca45#) is a leading European Softwar,Senior .NET Analyst/Developer,0,0,0.9997463226318359,0.0002536773681640625,0.8,1,BERT:bert_class_weighted,Class weight
915,emscad_06288,Corporate overview,Production Engineer,1,1,0.00048828125,0.99951171875,0.8,1,BERT:bert_class_weighted,Class weight
916,emscad_06300,"Social Care Alba is the highest graded Care at Home Company in the country. We hold awards in Investors in People, Healt",Care Assistant (Personal Assistant),0,0,0.9997386932373047,0.0002613067626953125,0.8,1,BERT:bert_class_weighted,Class weight
917,emscad_06312,University Beyond: Connecting Students With Potential Employers,Web Design Intern,0,0,0.9995906352996826,0.0004093647003173828,0.8,1,BERT:bert_class_weighted,Class weight
918,emscad_06313,"Curvo Labs is an exciting, funded start-up determined to change the world by making a huge dent in the cost of healthcar",Inside Sales Development Rep,0,0,0.9997372627258301,0.0002627372741699219,0.8,1,BERT:bert_class_weighted,Class weight
919,emscad_06319,"*NEW Philly’s Best Authentic Cheesesteak and Hoagie Shop is looking for experienced short order COOKS, SHIFT LEADERS, an",Cooks & Cashiers,0,0,0.9996273517608643,0.0003726482391357422,0.8,1,BERT:bert_class_weighted,Class weight
920,emscad_06321,The Store Manager is responsible for managing a store.,Store Manager,0,0,0.9989595413208008,0.0010404586791992188,0.8,1,BERT:bert_class_weighted,Class weight
921,emscad_06324,RHB Recruitment Ltd is a business process outsourcing company with its state-of-the-art delivery center (existing capaci,Oracle Techno Functional,0,0,0.9996705055236816,0.0003294944763183594,0.8,1,BERT:bert_class_weighted,Class weight
922,emscad_06329,"Places Senior Technology and Data professionals nationwide with a focus on Software Engineering, Big Data, Analytics, Bu","IT Security Engineer, Immediate full time opening at Fortune 500 Co.",0,0,0.9991273880004883,0.0008726119995117188,0.8,1,BERT:bert_class_weighted,Class weight
923,emscad_06331,Cortilia (#URL_1582bc9035a9bc01e48e67e866e119a60916585a3f5b1b5777780bdb5046b41f#) is an online agricultural market conne,Marketing eCommerce Stage / Internship,0,0,0.9995496273040771,0.00045037269592285156,0.8,1,BERT:bert_class_weighted,Class weight
924,emscad_06335,"At Total Eclipse we create fun, original, and addictive games that are easy to learn yet hard to master. We have a stron",Marketing Intern for Games,0,0,0.9997372627258301,0.0002627372741699219,0.8,1,BERT:bert_class_weighted,Class weight
925,emscad_06356,"Offerial is a hospitality technology startup helping hotels improve sales, marketing, customer satisfaction and loyalty ",Business Development Manager,0,0,0.9997305870056152,0.0002694129943847656,0.8,1,BERT:bert_class_weighted,Class weight
926,emscad_06360,Primary Responsibilities,Junior Web Designer,0,0,0.9991273880004883,0.0008726119995117188,0.8,1,BERT:bert_class_weighted,Class weight
927,emscad_06364,"Location: Plano, TX",Integration Engineer with HL7 & EMR.,1,0,0.9985446929931641,0.0014553070068359375,0.8,0,BERT:bert_class_weighted,Class weight
928,emscad_06367,#URL_3bd5deb27e3f065dd0b56f7a19abc37844def5d3ee69f357920cb1fe39fa8733# are the market leader in the UK car buying and re,Vechicle Purchaser,0,0,0.9997191429138184,0.0002808570861816406,0.8,1,BERT:bert_class_weighted,Class weight
929,emscad_06371,Our History,Shipper (Anaheim),0,0,0.9995644092559814,0.0004355907440185547,0.8,1,BERT:bert_class_weighted,Class weight
930,emscad_06377,"Founded in 2010 by a team from Google’s London and New York offices, Qubit work with some of the biggest names in Online",USA SALES POOL,0,0,0.999771237373352,0.00022876262664794922,0.8,1,BERT:bert_class_weighted,Class weight
931,emscad_06383,RHB Recruitment Ltd is a business process outsourcing company with its state-of-the-art delivery center (existing capaci,SAS Admin,0,0,0.9996552467346191,0.0003447532653808594,0.8,1,BERT:bert_class_weighted,Class weight
932,emscad_06401,Macintosh computer support professionals wanted.,Macintosh Field Tech,0,0,0.9996049404144287,0.00039505958557128906,0.8,1,BERT:bert_class_weighted,Class weight
933,emscad_06408,ConsumerTrack is a technology-centric internet marketing company built on a culture of excellence. We are the preferred ,Human Resources Director,0,0,0.9997546672821045,0.0002453327178955078,0.8,1,BERT:bert_class_weighted,Class weight
934,emscad_06410,Tile is one of the most successful crowd-funded campaigns in history and is building the world’s largest lost and found.,Head of Customer Service,0,0,0.9997518062591553,0.00024819374084472656,0.8,1,BERT:bert_class_weighted,Class weight
935,emscad_06411,"At Holiday Inn Express Sping Mills, Falling Waters, WV we believe you are at your best when you can truly be yourself. A",Hotel Guest Service Agent,0,0,0.9993295669555664,0.0006704330444335938,0.8,1,BERT:bert_class_weighted,Class weight
936,emscad_06444,"We are Netguru and we love to develop web application based on Ruby On Rails framework. We value quality, transparent co",Ruby on Rails Developer [Remotely],0,0,0.9997607469558716,0.00023925304412841797,0.8,1,BERT:bert_class_weighted,Class weight
937,emscad_06447,"We are Netguru and we love to develop web application based on Ruby On Rails framework. We value quality, transparent co",Ruby on Rails Developer [Warsaw],0,0,0.9997503757476807,0.00024962425231933594,0.8,1,BERT:bert_class_weighted,Class weight
938,emscad_06449,Established on the principles that full time education is not for everyone Spectrum Learning is made up of a team of pas,Southport Apprenticeships Under NAS 16-18 Year Olds Only,0,0,0.99973464012146,0.00026535987854003906,0.8,1,BERT:bert_class_weighted,Class weight
939,emscad_06452,"This position is primarily responsible for analyzing, designing, installing, configuring, maintaining and repairing empl",Sr Network Engineer,0,0,0.9991669654846191,0.0008330345153808594,0.8,1,BERT:bert_class_weighted,Class weight
940,emscad_06466,We help teachers get safe & secure jobs abroad :),Graduates: English Teacher Abroad (Conversational),0,0,0.9997766017913818,0.00022339820861816406,0.8,1,BERT:bert_class_weighted,Class weight
941,emscad_06469,We help teachers get safe & secure jobs abroad :),English Teacher Abroad (Conversational),0,0,0.9997726678848267,0.00022733211517333984,0.8,1,BERT:bert_class_weighted,Class weight
942,emscad_06472,Rithmio is an Illinois-headquartered startup founded in 2013 that enables gesture recognition-based products.,Android Developer,0,0,0.9997377395629883,0.00026226043701171875,0.8,1,BERT:bert_class_weighted,Class weight
943,emscad_06474,We Build Great Companies,Lead Web Developer in a Startup - Paris or Brussels,0,0,0.9997626543045044,0.00023734569549560547,0.8,1,BERT:bert_class_weighted,Class weight
944,emscad_06479,MarketInvoice is one of the most high-profile London based fin-tech companies. The Company is Europe’s leading P2P invoi,Data Analyst,0,0,0.999764084815979,0.0002359151840209961,0.8,1,BERT:bert_class_weighted,Class weight
945,emscad_06480,"Tidewater Finance Co. was established in 1992 for the initial purpose of purchasing, and servicing retail installment co",Call Center Supervisor,0,0,0.9996147155761719,0.000385284423828125,0.8,1,BERT:bert_class_weighted,Class weight
946,emscad_06483,"Jungle Ventures is the leading Singapore based, entrepreneur backed, venture capital firm, that funds and actively suppo",Summer Intern,0,0,0.999718189239502,0.0002818107604980469,0.8,1,BERT:bert_class_weighted,Class weight
947,emscad_06514,The Registered Nurse is employed by Maxim Staffing Solutions performs scrubbing and/or circulating duties for operative ,Operating Room RN,0,0,0.9931373596191406,0.006862640380859375,0.8,1,BERT:bert_class_weighted,Class weight
948,emscad_06519,"The Accion story began more than 100 years ago in the Austin,Tx with one family owned establishment. Today, Accion has g",WAREHOUSE ASSOCIATE,1,1,0.00048828125,0.99951171875,0.8,1,BERT:bert_class_weighted,Class weight
949,emscad_06527,"Infolob Solutions is a leader in Managed IT services, Enterprise Application Software, IT staffing and Consulting and Ap",Automation Tester,0,0,0.9997246265411377,0.0002753734588623047,0.8,1,BERT:bert_class_weighted,Class weight
950,emscad_06531,"We design, build, sell, and service the most innovative operations management technology in the world.",Internship - Engineering,0,0,0.9997351169586182,0.00026488304138183594,0.8,1,BERT:bert_class_weighted,Class weight
951,emscad_06534,Want to build a 21st century financial service?,Tartu - engineering,0,0,0.9995408058166504,0.0004591941833496094,0.8,1,BERT:bert_class_weighted,Class weight
952,emscad_06545,Exciting opportunity for experienced practice manager to join our fast growing behavioral health & wellness practice! Ou,Practice Manager,0,0,0.9996294975280762,0.0003705024719238281,0.8,1,BERT:bert_class_weighted,Class weight
953,emscad_06553,Are you an optician looking for a family environment that prides itself on a long term reputation of great customer serv,Optician,1,1,0.00048828125,0.99951171875,0.8,1,BERT:bert_class_weighted,Class weight
954,emscad_06555,This role is responsible for Monitoring & Diagnostics Model Building Support Contract support personnel to build InStep ,Model Builder,0,0,0.9983158111572266,0.0016841888427734375,0.8,1,BERT:bert_class_weighted,Class weight
955,emscad_06561,"Optometric private practice group is seeking a full-time Optician/Lab Technician for our Chickasha, Oklahoma location.",Optician/Lab Technician,1,1,0.00048828125,0.99951171875,0.8,1,BERT:bert_class_weighted,Class weight
956,emscad_06569,"As the industry’s largest supply contracting company, Novation serves the purchasing needs of more than 65,000 VHA, UHC ",Call Center Representative I,1,1,0.00048828125,0.99951171875,0.8,1,BERT:bert_class_weighted,Class weight
957,emscad_06575,A Variety of Commission based jobs available.,Home Based Commission Roles,1,1,0.00146484375,0.99853515625,0.8,1,BERT:bert_class_weighted,Class weight
958,emscad_06585,Visual BI is one of the leading and fastest growing firms focusing exclusively on BI & Analytics. Our offerings cover en,BI Practice Director,0,0,0.9996387958526611,0.0003612041473388672,0.8,1,BERT:bert_class_weighted,Class weight
959,emscad_06588,Spring Active are passionate about helping people suffering with long term back pain. Our heritage stems from the world ,Office Administrator,0,0,0.9996087551116943,0.00039124488830566406,0.8,1,BERT:bert_class_weighted,Class weight
960,emscad_06596,"ABC Supply Co., Inc. is the nation’s largest wholesale distributor of roofing and one of the largest distributors of sid",Inside Sales Professional-Merrillville,0,0,0.9996140003204346,0.0003859996795654297,0.8,1,BERT:bert_class_weighted,Class weight
961,emscad_06605,"Supply chain management company with emphasis placed in Rehabilitation Therapy, Health IT, and Information Security",Occupational Therapist Skilled Nursing Facility,0,0,0.9974384307861328,0.0025615692138671875,0.8,1,BERT:bert_class_weighted,Class weight
962,emscad_06606,"Vend is looking for some awesome new talent to come join us. You'll be working in an awesome team doing awesome things, ",Events & Sponsorship Manager,0,0,0.9997086524963379,0.0002913475036621094,0.8,1,BERT:bert_class_weighted,Class weight
963,emscad_06612,We help teachers get safe & secure jobs abroad :),Graduates: English Teacher Abroad (Conversational),0,0,0.9997671842575073,0.00023281574249267578,0.8,1,BERT:bert_class_weighted,Class weight
964,emscad_06635,We Provide Full Time Permanent Positions for many medium to large US companies. We are interested in finding/recruiting ,"HIGH PERFORMANCE COMPUTING SOLUTIONS ENGINEER - Houston, TX",0,0,0.9996600151062012,0.0003399848937988281,0.8,1,BERT:bert_class_weighted,Class weight
965,emscad_06640,MarketInvoice is one of the most high-profile London based fin-tech companies. The Company is Europe’s leading P2P invoi,Marketing Associate,0,0,0.9997589588165283,0.0002410411834716797,0.8,1,BERT:bert_class_weighted,Class weight
966,emscad_06643,MarketInvoice is one of the most high-profile London based fin-tech companies. The Company is Europe’s leading P2P invoi,Head of Commercial Partnerships,0,0,0.9997626543045044,0.00023734569549560547,0.8,1,BERT:bert_class_weighted,Class weight
967,emscad_06648,MarketInvoice is one of the most high-profile London based fin-tech companies. The Company is Europe’s leading P2P invoi,Investor Sales Associate,0,0,0.9997518062591553,0.00024819374084472656,0.8,1,BERT:bert_class_weighted,Class weight
968,emscad_06649,"TechShop is a playground for creativity. Part fabrication and prototyping studio, part hackerspace and part learning cen",TechShop -- Senior Sales Account Manager,0,0,0.9996309280395508,0.00036907196044921875,0.8,1,BERT:bert_class_weighted,Class weight
969,emscad_06650,We help teachers get safe & secure jobs abroad :),Graduates: English Teacher Abroad (Conversational),0,0,0.9997766017913818,0.00022339820861816406,0.8,1,BERT:bert_class_weighted,Class weight
970,emscad_06659,"Businessfriend, a growing social media company based in San Diego, is seeking a UI/UX Product Designer to help take the ","UI/UX Product Designer, Social Media Start Up!",0,0,0.9996316432952881,0.00036835670471191406,0.8,1,BERT:bert_class_weighted,Class weight
971,emscad_06666,"In OPUS Integrated Communication we plan, organize and implement the strategic communication and marketing for companies",Assistant Marketing Communications Manager,0,0,0.9997191429138184,0.0002808570861816406,0.8,1,BERT:bert_class_weighted,Class weight
972,emscad_06669,6* Ultra Luxury American Cruise Company is urgently looking for the following positions: *Hospitality - For the many Bar,Cruise Staff Wanted *URGENT*,1,1,0.00048828125,0.99951171875,0.8,1,BERT:bert_class_weighted,Class weight
973,emscad_06670,"Seedcamp is Europe's leading micro-seed investment fund and mentoring program. Since launching in 2007, our family now i",LEGAL SERVICES/LAWYER,0,0,0.9997626543045044,0.00023734569549560547,0.8,1,BERT:bert_class_weighted,Class weight
974,emscad_06691,"The Accion story began more than 100 years ago in the Austin,Tx with one family owned establishment. Today, Accion has g",Market Operations Manager,1,1,0.00048828125,0.99951171875,0.8,1,BERT:bert_class_weighted,Class weight
975,emscad_06710,We help teachers get safe & secure jobs abroad :),English Teacher Abroad,0,0,0.9997690916061401,0.00023090839385986328,0.8,1,BERT:bert_class_weighted,Class weight
976,emscad_06725,Mission Statement:,Real Estate Agent,0,0,0.9991927146911621,0.0008072853088378906,0.8,1,BERT:bert_class_weighted,Class weight
977,emscad_06729,"AREA 17 is an interactive agency. We take an interdisciplinary approach — blending the practices of design, technology a",Editorial and Community Internship (Paid),0,0,0.999701738357544,0.0002982616424560547,0.8,1,BERT:bert_class_weighted,Class weight
978,emscad_06731,Blloon is an exciting new eReading service launching soon in the UK and US.,Copywriter (freelance),0,0,0.9997658729553223,0.00023412704467773438,0.8,1,BERT:bert_class_weighted,Class weight
979,emscad_06741,Our mission is to build one of the largest and most respected financial services companies in the business. We are a com,Financial Services Professional,0,0,0.9995262622833252,0.0004737377166748047,0.8,1,BERT:bert_class_weighted,Class weight
980,emscad_06742,"Since 2005, Allied Secured Benefits, a leading financial planning and insurance brokerage company, has helped thousands ",Customer Service Representative,0,0,0.9974040985107422,0.0025959014892578125,0.8,1,BERT:bert_class_weighted,Class weight
981,emscad_06745,"NY Marketing Firm is family-owned and operated right here in New York, NY. Other companies may offer similar services, b",Entry-Level Management Position,0,0,0.9996964931488037,0.00030350685119628906,0.8,1,BERT:bert_class_weighted,Class weight
982,emscad_06748,We are a modern recruitment company for talented professionals in Japan and Asia. There are many recruitment companies i,Sales and Recruitment,0,0,0.99967360496521,0.00032639503479003906,0.8,1,BERT:bert_class_weighted,Class weight
983,emscad_06754,We’re on a mission to create Europe’s go-to brand for fashion jewellery. Somewhere fashion forward women can discover & ,Buying Intern,0,0,0.9997427463531494,0.00025725364685058594,0.8,1,BERT:bert_class_weighted,Class weight
984,emscad_06755,"NEURS LLC is a business start-up consulting firm that provides our members with advisory, educational, and financial res",Advertising and Promotion Assistant,0,0,0.9996953010559082,0.0003046989440917969,0.8,1,BERT:bert_class_weighted,Class weight
985,emscad_06760,"Founded by top technical experts, Arithmica is a Software Development and Services company focussed on delivering the hi",Senior Java Developer/Architect,0,0,0.9997103214263916,0.00028967857360839844,0.8,1,BERT:bert_class_weighted,Class weight
986,emscad_06764,Can data be a thing of beauty? We think so.,Project Manager,0,0,0.9997584819793701,0.0002415180206298828,0.8,1,BERT:bert_class_weighted,Class weight
987,emscad_06766,Cloudreach are the only top tier partner of choice for both Amazon Web Services and Google based in Europe - two giants ,Sales Development Representative - Germany,0,0,0.999713659286499,0.00028634071350097656,0.8,1,BERT:bert_class_weighted,Class weight
988,emscad_06769,Cloudreach are the only top tier partner of choice for both Amazon Web Services and Google based in Europe - two giants ,Account Manager - Germany,0,0,0.9997327327728271,0.00026726722717285156,0.8,1,BERT:bert_class_weighted,Class weight
989,emscad_06771,This position is responsible for initiating and completing routine aspects of project control assignments. This position,Project Controls Specialist,0,0,0.9964962005615234,0.0035037994384765625,0.8,1,BERT:bert_class_weighted,Class weight
990,emscad_06779,"Vend is looking for some awesome new talent to come join us. You'll be working in an awesome team doing awesome things, ",BI / Data Analyst,0,0,0.9997336864471436,0.0002663135528564453,0.8,1,BERT:bert_class_weighted,Class weight
991,emscad_06786,"Through the Apache Spark platform, we are working to transform large-scale data analysis.",Data Solutions Engineer,0,0,0.9997463226318359,0.0002536773681640625,0.8,1,BERT:bert_class_weighted,Class weight
992,emscad_06788,"HRdownloads was founded in 2008, and since that time has evolved to become the leader in delivering strategic Human Reso",Human Resources Advisor,0,0,0.9997107982635498,0.0002892017364501953,0.8,1,BERT:bert_class_weighted,Class weight
993,emscad_06793,Are you looking for a career that will challenge you and allow you to make an impact every day? Are you excited by the o,Account Manager Switzerland,0,0,0.9993200302124023,0.0006799697875976562,0.8,1,BERT:bert_class_weighted,Class weight
994,emscad_06798,Reformation is a group of young designers and forward-thinkers led by Founder / CEO / Creative Director – Yael Aflalo. I,Director of Customer Experience,0,0,0.9995810985565186,0.0004189014434814453,0.8,1,BERT:bert_class_weighted,Class weight
995,emscad_06805,Senior Nannies Home Care Services was founded nearly a decade ago by Claudia Wechter with the goal of providing the best,Home Health Aide,0,0,0.9997034072875977,0.00029659271240234375,0.8,1,BERT:bert_class_weighted,Class weight
996,emscad_06812,"ValleySoft is a fast growing global IT Services & Solutions company based in Silicon Valley, USA . At ValleySoft, we str",Java Developer,0,0,0.9997386932373047,0.0002613067626953125,0.8,1,BERT:bert_class_weighted,Class weight
997,emscad_06813,Who is AbZorba Games?,Mobile Acquisition Manager,0,0,0.9997556209564209,0.00024437904357910156,0.8,1,BERT:bert_class_weighted,Class weight
998,emscad_06817,"Babbel enables anyone to learn languages in an easy and interactive way. The learning system offers 13 languages, from E",Product Innovator (Junior),0,0,0.9997224807739258,0.00027751922607421875,0.8,1,BERT:bert_class_weighted,Class weight
999,emscad_06818,We Provide Full Time Permanent Positions for many medium to large US companies. We are interested in finding/recruiting ,Human Resources Manager,0,0,0.9997448921203613,0.0002551078796386719,0.8,1,BERT:bert_class_weighted,Class weight
1000,emscad_06819,We are a digital marketing agency with an emphasis upon quality development that is developed and sold in a consultative,Digital Marketing Specialists,0,0,0.9997005462646484,0.0002994537353515625,0.8,1,BERT:bert_class_weighted,Class weight
1001,emscad_06835,"Cardisoft , an innovative and rapidly expanding business software enterprise, is in the pleasant position to announce th",Senior Web Developer,0,0,0.9996118545532227,0.00038814544677734375,0.8,1,BERT:bert_class_weighted,Class weight
1002,emscad_06839,PowToon (#URL_84da40102d63eebf414f1476e73cf04c518288708e1f2fe344ec3f0417a067aa#) is a brand new presentation software th,Front End Web Developer,0,0,0.9997186660766602,0.00028133392333984375,0.8,1,BERT:bert_class_weighted,Class weight
1003,emscad_06841,Playfair Capital is an early stage technology investment fund based in London.,Product Admin Executive / Intern,0,0,0.9997494220733643,0.0002505779266357422,0.8,1,BERT:bert_class_weighted,Class weight
1004,emscad_06861,"Collabera is a fast growing, end-to-end information technology services and solutions provider working with leading Glob",Business Objects-BI ETL Tools,0,0,0.9992575645446777,0.0007424354553222656,0.8,1,BERT:bert_class_weighted,Class weight
1005,emscad_06864,MarketSource designs and delivers innovative and proven sales and marketing solutions to more than 200 companies worldwi,Target Mobile Wireless Team Member,0,0,0.9996659755706787,0.00033402442932128906,0.8,1,BERT:bert_class_weighted,Class weight
1006,emscad_06875,"Our client, a Company specialized in the Development and Production of High Value Electronic Devices is looking for an E",Embedded Software Developer,0,0,0.99961256980896,0.00038743019104003906,0.8,1,BERT:bert_class_weighted,Class weight
1007,emscad_06880,Typical Responsibilities:,Structural Designer,1,0,0.9983892440795898,0.0016107559204101562,0.8,0,BERT:bert_class_weighted,Class weight
1008,emscad_06883,Why CSD?,Ohio French Creole Bilingual Communication Assistant,0,0,0.999687910079956,0.0003120899200439453,0.8,1,BERT:bert_class_weighted,Class weight
1009,emscad_06884,Position Summary:,Subsea Controls Engineer,1,1,0.05810546875,0.94189453125,0.8,1,BERT:bert_class_weighted,Class weight
1010,emscad_06891,Our Company,Traffic Manager Web/Mobile,0,0,0.9997320175170898,0.00026798248291015625,0.8,1,BERT:bert_class_weighted,Class weight
1011,emscad_06904,"Working in over 60 countries and 30 languages, Autotorq is one of the world’s leading digital automotive agencies.",Digital Account Manager,0,0,0.9997556209564209,0.00024437904357910156,0.8,1,BERT:bert_class_weighted,Class weight
1012,emscad_06907,"Open/close office, manage phones, greet and direct visitor's",Administrative Assistant,0,1,0.00244140625,0.99755859375,0.8,0,BERT:bert_class_weighted,Class weight
1013,emscad_06921,"We are looking for Security Candidates that can perform security assessments, audits and penetration tests on networks a",Security Consultant,0,0,0.9992313385009766,0.0007686614990234375,0.8,1,BERT:bert_class_weighted,Class weight
1014,emscad_06924,"Founded by serial entrepreneur Clive Jackson and launched in 2011, Victor is one of the world’s most trusted names in pr",PR/Marketing Executive Russia& CIS,0,0,0.9997444152832031,0.000255584716796875,0.8,1,BERT:bert_class_weighted,Class weight
1015,emscad_06927,"MedTalent is a modern staffing company that specializes in the placement of physicians, nurses and healthcare profession",Patient Care Coordinator,0,0,0.9997143745422363,0.0002856254577636719,0.8,1,BERT:bert_class_weighted,Class weight
1016,emscad_06937,We help teachers get safe & secure jobs abroad :),English Teacher Abroad,0,0,0.9997690916061401,0.00023090839385986328,0.8,1,BERT:bert_class_weighted,Class weight
1017,emscad_06939,"Collabera is a fast growing, end-to-end information technology services and solutions provider working with leading Glob",Sourcing-Importation Consultant,0,0,0.9993200302124023,0.0006799697875976562,0.8,1,BERT:bert_class_weighted,Class weight
1018,emscad_06942,We help teachers get safe & secure jobs abroad :),Graduates: English Teacher Abroad (Conversational),0,0,0.9997717142105103,0.0002282857894897461,0.8,1,BERT:bert_class_weighted,Class weight
1019,emscad_06954,"Tidewater Finance Co. was established in 1992 for the initial purpose of purchasing, and servicing retail installment co",Dealer Service Representative,0,0,0.9996511936187744,0.00034880638122558594,0.8,1,BERT:bert_class_weighted,Class weight
1020,emscad_06965,We help teachers get safe & secure jobs abroad :),English Teacher Abroad (Conversational),0,0,0.9997717142105103,0.0002282857894897461,0.8,1,BERT:bert_class_weighted,Class weight
1021,emscad_06989,We help teachers get safe & secure jobs abroad :),English Teacher Overseas,0,0,0.999769926071167,0.0002300739288330078,0.8,1,BERT:bert_class_weighted,Class weight
1022,emscad_06990,BuzzDial lets you instantly share reactions to live events and shows as they happen using our web platform or suite of m,Data Analyst,0,0,0.99973464012146,0.00026535987854003906,0.8,1,BERT:bert_class_weighted,Class weight
1023,emscad_06994,United Cerebral Palsy of Oregon & SW Washington (UCP) supports adults with all kinds of developmental disabilities (not ,Part-Time Personal Assistant (For 2 People with Disabilities),0,0,0.9997332096099854,0.00026679039001464844,0.8,1,BERT:bert_class_weighted,Class weight
1024,emscad_06997,HappyFox is a young startup that is all about bringing the happiness quotient in support teams. We help companies transf,Account Executive,0,0,0.9997279644012451,0.0002720355987548828,0.8,1,BERT:bert_class_weighted,Class weight
1025,emscad_07003,2020,Project Engineer Molding 2020,1,1,0.00048828125,0.99951171875,0.8,1,BERT:bert_class_weighted,Class weight
1026,emscad_07004,"Mastech, a growing company dedicated to innovation and teamwork. We are currently seeking an Network Engineer for our cl",Network Engineer,0,0,0.9990801811218262,0.0009198188781738281,0.8,1,BERT:bert_class_weighted,Class weight
1027,emscad_07005,Pardon Services Canada is a national legal services company established in 1989.We serve as an advocate for Canadians wi,Legal Services Operations and Stakeholder Engagement,0,0,0.9996788501739502,0.0003211498260498047,0.8,1,BERT:bert_class_weighted,Class weight
1028,emscad_07019,"Sr. Maintenance Manager, Automated Distribution Centers","Sr. Maintenance Manager, Automated Distribution Centers",0,0,0.9990434646606445,0.0009565353393554688,0.8,1,BERT:bert_class_weighted,Class weight
1029,emscad_07039,CallCentre People Recruitment is recognised as being specialists within the CallCentre industry.,Outbound Telemarketing - Charity,0,0,0.999730110168457,0.00026988983154296875,0.8,1,BERT:bert_class_weighted,Class weight
1030,emscad_07041,We help teachers get safe & secure jobs abroad :),English Teacher Abroad,0,0,0.9997690916061401,0.00023090839385986328,0.8,1,BERT:bert_class_weighted,Class weight
1031,emscad_07043,Our client is a cutting edge biomedical company that is going public ... this is a fabulous opportunity to join a team t,Technician (Manufacturing/Production),0,0,0.9995858669281006,0.00041413307189941406,0.8,1,BERT:bert_class_weighted,Class weight
1032,emscad_07049,The Advanced Interactive Media Group LLC - or short: AIM Grou - is a global consulting company specializing in classifie,Freelance writer/analyst for the Netherlands,0,0,0.9997203350067139,0.0002796649932861328,0.8,1,BERT:bert_class_weighted,Class weight
1033,emscad_07059,Kettle is an independent digital agency based in New York City and the Bay Area. We’re committed to making digital do mo,"OF | UX DESIGNER, MOBILE APP @OP !!!",0,0,0.9997482299804688,0.00025177001953125,0.8,1,BERT:bert_class_weighted,Class weight
1034,emscad_07065,Want to transform finance?,Business Development Lead,0,0,0.9997607469558716,0.00023925304412841797,0.8,1,BERT:bert_class_weighted,Class weight
1035,emscad_07073,Middle East Recruitment is a specialized recruitment and consulting agency. Established since 1997 founded by profession,Project Engineer,0,0,0.9994339942932129,0.0005660057067871094,0.8,1,BERT:bert_class_weighted,Class weight
1036,emscad_07078,Established on the principles that full time education is not for everyone Spectrum Learning is made up of a team of pas,Beauty & Fragrance consultants needed,0,0,0.9997653961181641,0.0002346038818359375,0.8,1,BERT:bert_class_weighted,Class weight
1037,emscad_07087,"Not a ninja, rockstar, or guru? Perfect. Weaver's hiring!",Android Developer,0,0,0.999666690826416,0.0003333091735839844,0.8,1,BERT:bert_class_weighted,Class weight
1038,emscad_07097,"Wiredrive is a fast growing, privately-owned SaaS company with headquarters in Marina del Rey and offices in New York Ci",Sales Development - SDR,0,0,0.9995532035827637,0.0004467964172363281,0.8,1,BERT:bert_class_weighted,Class weight
1039,emscad_07099,"Declara is focused on bringing data to life. Our technology platform uses machine learning, search, algorithms and recom",Sales Operations Manager,0,0,0.9996886253356934,0.0003113746643066406,0.8,1,BERT:bert_class_weighted,Class weight
1040,emscad_07104,United Cerebral Palsy of Oregon & SW Washington (UCP) supports adults with all kinds of developmental disabilities (not ,"Full Time Caregiver (Position D) for Easygoing, Caring Woman",0,0,0.9997372627258301,0.0002627372741699219,0.8,1,BERT:bert_class_weighted,Class weight
1041,emscad_07131,Established on the principles that full time education is not for everyone Spectrum Learning is made up of a team of pas,DA18 Recruitment Apprenticeship Under NAS 16-18 Year Olds Only,0,0,0.9997739791870117,0.00022602081298828125,0.8,1,BERT:bert_class_weighted,Class weight
1042,emscad_07138,"Babbel enables anyone to learn languages in an easy and interactive way. The learning system offers 13 languages, from E",Freelance Translators (m/f) from Turkish and German into English,0,0,0.9997267723083496,0.0002732276916503906,0.8,1,BERT:bert_class_weighted,Class weight
1043,emscad_07172,"Babbel enables anyone to learn languages in an easy and interactive way. The learning system offers 13 languages, from E",Senior TV Manager,0,0,0.9996492862701416,0.00035071372985839844,0.8,1,BERT:bert_class_weighted,Class weight
1044,emscad_07174,Title:,Senior Java Developer Team Lead,0,0,0.998692512512207,0.0013074874877929688,0.8,1,BERT:bert_class_weighted,Class weight
1045,emscad_07183,The OneReach team is comprised of a diverse group of wonderful people from all walks of life. We’re currently hiring for,Network Engineer (VOIP/SIP),0,0,0.999759316444397,0.00024068355560302734,0.8,1,BERT:bert_class_weighted,Class weight
1046,emscad_07188,"Tidewater Finance Co. was established in 1992 for the initial purpose of purchasing, and servicing retail installment co",Contact Center Representatives,0,0,0.9996471405029297,0.0003528594970703125,0.8,1,BERT:bert_class_weighted,Class weight
1047,emscad_07190,EUROPEAN DYNAMICS (#URL_c66532ffa1ce76ab447da6774719060c42c584edbf44d74cdb94fc4ac219ca45#) is a leading European Softwar,FUNCTIONAL ANALYST,0,0,0.9997351169586182,0.00026488304138183594,0.8,1,BERT:bert_class_weighted,Class weight
1048,emscad_07192,"The International Humanity Foundation provides a home for children at its center in Nakuru, Kenya. This facility has ove",Volunteer Nurse needed to help children in Kenya,0,0,0.9996843338012695,0.00031566619873046875,0.8,1,BERT:bert_class_weighted,Class weight
1049,emscad_07195,"hedgehog lab is a post-PC digital agency. We architect, design, develop, and market apps & digital solutions for phones,",Lead Developer,0,0,0.9997556209564209,0.00024437904357910156,0.8,1,BERT:bert_class_weighted,Class weight
1050,emscad_07196,Pardon Services Canada is a national legal services company established in 1989.We serve as an advocate for Canadians wi,Inside Sales,0,0,0.9996905326843262,0.0003094673156738281,0.8,1,BERT:bert_class_weighted,Class weight
1051,emscad_07204,"Supply chain management company with emphasis placed in Rehabilitation Therapy, Health IT, and Information Security",Physical Therapist,0,0,0.9996316432952881,0.00036835670471191406,0.8,1,BERT:bert_class_weighted,Class weight
1052,emscad_07210,"Novitex Enterprise Solutions, formerly Pitney Bowes Management Services, delivers innovative document and communications",Service Delivery Manager 1,0,0,0.9997398853302002,0.0002601146697998047,0.8,1,BERT:bert_class_weighted,Class weight
1053,emscad_07227,"Valor Services provides Workforce Solutions that meet the needs of companies across the Private Sector, with a special f",Senior Division Order Analyst,0,0,0.9996929168701172,0.0003070831298828125,0.8,1,BERT:bert_class_weighted,Class weight
1054,emscad_07235,"Infolob Solutions is a leader in Managed IT services, Enterprise Application Software, IT staffing and Consulting and Ap",Technical Writer / Instructional Designer,0,0,0.9997367858886719,0.000263214111328125,0.8,1,BERT:bert_class_weighted,Class weight
1055,emscad_07238,I am looking for a few women to join my team.,Sales Consultant,0,0,0.9970989227294922,0.0029010772705078125,0.8,1,BERT:bert_class_weighted,Class weight
1056,emscad_07258,We help teachers get safe & secure jobs abroad :),Graduates: English Teacher Abroad,0,0,0.9997704029083252,0.0002295970916748047,0.8,1,BERT:bert_class_weighted,Class weight
1057,emscad_07259,We are a digital marketing agency with an emphasis upon quality development that is developed and sold in a consultative,Telemarketers Needed,0,0,0.999671220779419,0.0003287792205810547,0.8,1,BERT:bert_class_weighted,Class weight
1058,emscad_07281,EUROPEAN DYNAMICS (#URL_c66532ffa1ce76ab447da6774719060c42c584edbf44d74cdb94fc4ac219ca45#) is a leading European Softwar,Senior Test Engineer,0,0,0.9997434616088867,0.00025653839111328125,0.8,1,BERT:bert_class_weighted,Class weight
1059,emscad_07291,"Valor Services provides Workforce Solutions that meet the needs of companies across the Private Sector, with a special f",Production Analyst,0,0,0.9997005462646484,0.0002994537353515625,0.8,1,BERT:bert_class_weighted,Class weight
1060,emscad_07292,We help teachers get safe & secure jobs abroad :),English Teacher Abroad (Conversational),0,0,0.9997726678848267,0.00022733211517333984,0.8,1,BERT:bert_class_weighted,Class weight
1061,emscad_07308,"Tidewater Finance Co. was established in 1992 for the initial purpose of purchasing, and servicing retail installment co",Collections Supervisor,0,0,0.9996540546417236,0.0003459453582763672,0.8,1,BERT:bert_class_weighted,Class weight
1062,emscad_07310,"Bonsey Jaden is a new partnership between award-winning Singapore agency Bonsey Design, and Sydney-based creatives The J",SENIOR DIGITAL COPYWRITER,0,0,0.9997439384460449,0.0002560615539550781,0.8,1,BERT:bert_class_weighted,Class weight
1063,emscad_07314,"Bonsey Jaden is a new partnership between award-winning Singapore agency Bonsey Design, and Sydney-based creatives The J",CREATIVE DIRECTOR,0,0,0.9997453689575195,0.00025463104248046875,0.8,1,BERT:bert_class_weighted,Class weight
1064,emscad_07320,"Even & Odd Minds is a talent-driven consulting firm providing individual consultants, project teams, and strategic outso",Perl/Java J2EE contract,0,0,0.9996953010559082,0.0003046989440917969,0.8,1,BERT:bert_class_weighted,Class weight
1065,emscad_07330,"Cigniti Inc. is a 15 year old Irving, TX based professional services and staffing company which helped companies like Tr",Solutions Architect,0,0,0.9996402263641357,0.0003597736358642578,0.8,1,BERT:bert_class_weighted,Class weight
1066,emscad_07339,We Build Great Companies,Operations Manager in start up,0,0,0.9997612237930298,0.00023877620697021484,0.8,1,BERT:bert_class_weighted,Class weight
1067,emscad_07355,"Justipher Inc. is a company with two franchise concepts, FASTSIGNS® Oakland and Plato's Closet® Pleasanton (independentl",Account Manager / Customer Service Representative,0,0,0.9996850490570068,0.00031495094299316406,0.8,1,BERT:bert_class_weighted,Class weight
1068,emscad_07365,EUROPEAN DYNAMICS (#URL_c66532ffa1ce76ab447da6774719060c42c584edbf44d74cdb94fc4ac219ca45#) is a leading European Softwar,Project Manager,0,0,0.9997477531433105,0.0002522468566894531,0.8,1,BERT:bert_class_weighted,Class weight
1069,emscad_07366,--Salary ranges to $100K.,Case Management Coach (work from home plus travel),0,0,0.999305248260498,0.0006947517395019531,0.8,1,BERT:bert_class_weighted,Class weight
1070,emscad_07368,"Founded in 2009 by early LinkedIn employees, PeopleLinx gamifies employee engagement for LinkedIn, Twitter and other soc",Software Developer,0,0,0.999683141708374,0.00031685829162597656,0.8,1,BERT:bert_class_weighted,Class weight
1071,emscad_07373,NFP is a leader in the delivery of benefits solutions for companies of all sizes and in the delivery of life insurance a,Sr. Account Executive - Boston,0,0,0.9996330738067627,0.0003669261932373047,0.8,1,BERT:bert_class_weighted,Class weight
1072,emscad_07385,Mindscape is a Wellington based software development company that specialises in building tools for software engineers. ,Technical marketer,0,0,0.9997107982635498,0.0002892017364501953,0.8,1,BERT:bert_class_weighted,Class weight
1073,emscad_07395,We help teachers get safe & secure jobs abroad :),Graduates: English Teacher Abroad (Conversational),0,0,0.9997735023498535,0.00022649765014648438,0.8,1,BERT:bert_class_weighted,Class weight
1074,emscad_07396,"AREA 17 is an interactive agency. We take an interdisciplinary approach — blending the practices of design, technology a",Business Analyst,0,0,0.9997341632843018,0.0002658367156982422,0.8,1,BERT:bert_class_weighted,Class weight
1075,emscad_07399,Established on the principles that full time education is not for everyone Spectrum Learning is made up of a team of pas,HD2 1GQ Huddersfield Business Admin Apprenticeship 16-18 Year Olds Only,0,0,0.9997575283050537,0.00024247169494628906,0.8,1,BERT:bert_class_weighted,Class weight
1076,emscad_07408,Massive Media is the social media company behind the successful digital brands #URL_18234f381f5e7b9a9ffdc727cd05c9046edf,Personal Assistant to the CEO,0,0,0.9997186660766602,0.00028133392333984375,0.8,1,BERT:bert_class_weighted,Class weight
1077,emscad_07413,"Vend is looking for some awesome new talent to come join us. You'll be working in an awesome team doing awesome things, ",Retail Solutions Specialist,0,0,0.9997115135192871,0.0002884864807128906,0.8,1,BERT:bert_class_weighted,Class weight
1078,emscad_07415,Shop Hers is the only peer-to-peer marketplace dedicated exclusively to pre-owned designer fashion. We curate a communit,Graphic Designer,0,0,0.9997448921203613,0.0002551078796386719,0.8,1,BERT:bert_class_weighted,Class weight
1079,emscad_07429,We help teachers get safe & secure jobs abroad :),English Teacher Abroad (Conversational),0,0,0.9997726678848267,0.00022733211517333984,0.8,1,BERT:bert_class_weighted,Class weight
1080,emscad_07435,"GTS provides a full spectrum of quality IT services. With deep domain expertise in Government programs, IT management ex",Senior .NET Developer,0,0,0.9996988773345947,0.00030112266540527344,0.8,1,BERT:bert_class_weighted,Class weight
1081,emscad_07436,"Super Soccer Stars is the country's most popular soccer development program for kids. For over a decade, we have provide",Bilingual Managerial Assistant,0,0,0.9997098445892334,0.00029015541076660156,0.8,1,BERT:bert_class_weighted,Class weight
1082,emscad_07451,"ClarusApex is an international recruiting company with representations in the Netherlands, Austria, Ukraine, Cyprus and ",Bar manager in the hotel St. Regis Doha (Qatar),0,0,0.999701738357544,0.0002982616424560547,0.8,1,BERT:bert_class_weighted,Class weight
1083,emscad_07460,#URL_072492c2ff2ee65276717cf15f0b3d512ebac5c60d8277fccd5f2167a1bf729b# is the Philippines’ first and largest Bitcoin exc,Senior Software Developer,0,0,0.9997153282165527,0.0002846717834472656,0.8,1,BERT:bert_class_weighted,Class weight
1084,emscad_07463,Our company is kept confidential due to the large number of responses we receive.,Architectural Designer,0,0,0.9996607303619385,0.00033926963806152344,0.8,1,BERT:bert_class_weighted,Class weight
1085,emscad_07469,"Novitex Enterprise Solutions, formerly Pitney Bowes Management Services, delivers innovative document and communications",Customer Service Technical Specialist - Part Time,0,0,0.9997477531433105,0.0002522468566894531,0.8,1,BERT:bert_class_weighted,Class weight
1086,emscad_07472,"InfoTrust is a Google Analytics Certified Partner, Google Analytics Premium Reseller and Google Tag Manager Specialist C",Web Analyst,0,0,0.99961256980896,0.00038743019104003906,0.8,1,BERT:bert_class_weighted,Class weight
1087,emscad_07476,We help teachers get safe & secure jobs abroad :),English Teacher Abroad,0,0,0.9997690916061401,0.00023090839385986328,0.8,1,BERT:bert_class_weighted,Class weight
1088,emscad_07485,Apply using below link,Registered Nurse,1,1,0.00048828125,0.99951171875,0.8,1,BERT:bert_class_weighted,Class weight
1089,emscad_07495,"Delishery helps restaurants and other takeaway outlets improve their online ordering experience by creating a beautiful,",All Round Rockstar Intern,0,0,0.999759316444397,0.00024068355560302734,0.8,1,BERT:bert_class_weighted,Class weight
1090,emscad_07497,Skyconsult is a global consulting company with highly professional international standards; we focus on leading edge tec,Experienced SAP FI CO Consultant,0,0,0.9996438026428223,0.0003561973571777344,0.8,1,BERT:bert_class_weighted,Class weight
1091,emscad_07500,"Vend is looking for some awesome new talent to come join us. You'll be working in an awesome team doing awesome things, ",I want to work at Vend in WELLINGTON,0,0,0.9997363090515137,0.0002636909484863281,0.8,1,BERT:bert_class_weighted,Class weight
1092,emscad_07501,Want to build a 21st century financial service?,Finance Development Manager,0,0,0.9996836185455322,0.00031638145446777344,0.8,1,BERT:bert_class_weighted,Class weight
1093,emscad_07504,"Recruitment to Recruitment specialists, covering the UK.",Recruitment Consultant,0,0,0.9994559288024902,0.0005440711975097656,0.8,1,BERT:bert_class_weighted,Class weight
1094,emscad_07505,We launched Involvio as students at Drexel University in Philadelphia out of our frustration that keeping track of event,Account Manager,0,0,0.9997602701187134,0.0002397298812866211,0.8,1,BERT:bert_class_weighted,Class weight
1095,emscad_07513,We help teachers get safe & secure jobs abroad :),English Teacher Abroad (Conversational),0,0,0.9997726678848267,0.00022733211517333984,0.8,1,BERT:bert_class_weighted,Class weight
1096,emscad_07518,Roland & Associates is a Corporate Recruitment Organization providing solutions to Global MNC’s for the past 12 years.,Senior Application Engineer ( MACsec/FCoE ),0,0,0.999640941619873,0.0003590583801269531,0.8,1,BERT:bert_class_weighted,Class weight
1097,emscad_07522,Why CSD?,Ohio Communication Assistant,0,0,0.9997098445892334,0.00029015541076660156,0.8,1,BERT:bert_class_weighted,Class weight
1098,emscad_07524,Yoyo has built a platform the creates better relationships between retailers and consumers. Our consumer app seamlessly ,Junior Technical Operations Manager,0,0,0.9997597932815552,0.00024020671844482422,0.8,1,BERT:bert_class_weighted,Class weight
1099,emscad_07539,Magmic is a leading developer and publisher of mobile social games and entertainment. We publish a full range of content,Production Coordinator,0,0,0.9997131824493408,0.0002868175506591797,0.8,1,BERT:bert_class_weighted,Class weight
1100,emscad_07540,We launched Involvio as students at Drexel University in Philadelphia out of our frustration that keeping track of event,Account Manager,0,0,0.999764084815979,0.0002359151840209961,0.8,1,BERT:bert_class_weighted,Class weight
1101,emscad_07545,"Tidewater Finance Co. was established in 1992 for the initial purpose of purchasing, and servicing retail installment co",Contact Center Representatives,0,0,0.9996471405029297,0.0003528594970703125,0.8,1,BERT:bert_class_weighted,Class weight
1102,emscad_07551,"Wiivv is an innovative athletic wearables company based in Vancouver, Canada and Palo Alto, California. It lies at the c",Server-Side Software Engineer | 3D Printing,0,0,0.9996109008789062,0.00038909912109375,0.8,1,BERT:bert_class_weighted,Class weight
1103,emscad_07554,Middle East Recruitment is a specialized recruitment and consulting agency. Established since 1997 founded by profession,Scheduling Engineer,0,0,0.9993891716003418,0.0006108283996582031,0.8,1,BERT:bert_class_weighted,Class weight
1104,emscad_07556,Location: Central Manchester,Internship: Copywriting & Social Media at a new online Startup,0,0,0.9997372627258301,0.0002627372741699219,0.8,1,BERT:bert_class_weighted,Class weight
1105,emscad_07564,Somnoware is a software platform to manage sleep wellness for healthcare providers and their customers. It provides a si,Office Receptionist,0,0,0.9997439384460449,0.0002560615539550781,0.8,1,BERT:bert_class_weighted,Class weight
1106,emscad_07567,BlueLine Grid is transforming government communications. At a time when government employees are increasingly being aske,iOS Developer,0,0,0.9987621307373047,0.0012378692626953125,0.8,1,BERT:bert_class_weighted,Class weight
1107,emscad_07570,Middle East Recruitment is a specialized recruitment and consulting agency. Established since 1997 founded by profession,Construction Safety Advisor,0,0,0.9994173049926758,0.0005826950073242188,0.8,1,BERT:bert_class_weighted,Class weight
1108,emscad_07589,We are looking for passionate individuals who will partner with us and ensure the long-term success of our business and ,Work from Home Executive Income and Lifestyle,0,0,0.9990801811218262,0.0009198188781738281,0.8,1,BERT:bert_class_weighted,Class weight
1109,emscad_07606,We're a data and design focused startup based in New York City with a passionate and forward-thinking team. We enable pe,Java Backend Engineer,0,0,0.9997686147689819,0.0002313852310180664,0.8,1,BERT:bert_class_weighted,Class weight
1110,emscad_07619,"ustwo offers you the opportunity to be yourself, whilst delivering the best work on the planet for some of the biggest a",People Advisor,0,0,0.9997327327728271,0.00026726722717285156,0.8,1,BERT:bert_class_weighted,Class weight
1111,emscad_07620,"We are specialized in HR consulting, sourcing PhD, MSc & MEng professionals on permanent and contract level positions ac",New Product Introduction Engineer,0,0,0.99959397315979,0.00040602684020996094,0.8,1,BERT:bert_class_weighted,Class weight
1112,emscad_07624,The Beans Group is a media company that exists to empower young people to thrive. We have been on an exponential growth ,Front End Developer,0,0,0.9997427463531494,0.00025725364685058594,0.8,1,BERT:bert_class_weighted,Class weight
1113,emscad_07650,"Goldstar is the world’s largest online seller of half-price tickets to live theater, concerts, comedy and sports. We exe",Customer Service Specialist,0,0,0.9997045993804932,0.00029540061950683594,0.8,1,BERT:bert_class_weighted,Class weight
1114,emscad_07653,StartupTAP is not a conventional recruiting agency. We're true Talent Acquisition Partners.,"Account Executive - Redlands, CA",0,0,0.9997560977935791,0.00024390220642089844,0.8,1,BERT:bert_class_weighted,Class weight
1115,emscad_07661,We are seeking individuals to be connected with companies who are hiring employees directly to work from their homes. Yo,Full/PartTime Data Entry Work,1,1,0.0009765625,0.9990234375,0.8,1,BERT:bert_class_weighted,Class weight
1116,emscad_07668,hello world,Smart-Meter Expert,0,0,0.99973464012146,0.00026535987854003906,0.8,1,BERT:bert_class_weighted,Class weight
1117,emscad_07674,We are looking for passionate individuals who will partner with us and ensure the long-term success of our business and ,Working from Home,0,0,0.9979419708251953,0.0020580291748046875,0.8,1,BERT:bert_class_weighted,Class weight
1118,emscad_07679,Du bist gerade fertig mit Uni / FH und möchtest bei dem innovativsten E-Commerce Händler im Sales durchstarten? Dann las,Junior Sales Munich - Online Advertising,0,0,0.9993882179260254,0.0006117820739746094,0.8,1,BERT:bert_class_weighted,Class weight
1119,emscad_07680,We help teachers get safe & secure jobs abroad :),English Teacher Abroad (Conversational),0,0,0.9997726678848267,0.00022733211517333984,0.8,1,BERT:bert_class_weighted,Class weight
1120,emscad_07699,"International Cultural Exchange Services (ICES) was founded in 1991 by John J. Crist in Atlanta, Georgia. John had previ",Part-time Local Coordinator for highschool Exchange Students,0,0,0.9997453689575195,0.00025463104248046875,0.8,1,BERT:bert_class_weighted,Class weight
1121,emscad_07703,Overview,Software Business Analyst,0,0,0.9991440773010254,0.0008559226989746094,0.8,1,BERT:bert_class_weighted,Class weight
1122,emscad_07715,Visual BI is one of the leading and fastest growing firms focusing exclusively on BI & Analytics. Our offerings cover en,SAP BPC SENIOR CONSULTANT,0,0,0.9996685981750488,0.0003314018249511719,0.8,1,BERT:bert_class_weighted,Class weight
1123,emscad_07717,About HitFigure:,Customer Service Representative,0,0,0.9995584487915039,0.00044155120849609375,0.8,1,BERT:bert_class_weighted,Class weight
1124,emscad_07719,"Since 2001, RL Zapin Associates has been a recognized leader in the placement of mid to senior level Analytics professio","Sr Manager, Customer Acquisition Analytics",0,0,0.998936653137207,0.0010633468627929688,0.8,1,BERT:bert_class_weighted,Class weight
1125,emscad_07721,"Joy Aether is a leading provider of mobile business solutions, based on iPhone, Android, iPad, and other platforms. We f",Game Director,0,0,0.9996788501739502,0.0003211498260498047,0.8,1,BERT:bert_class_weighted,Class weight
1126,emscad_07727,About the Company We are ticketscript - the European market leaders in digital self-ticketing. Whether it’s massive danc,DevOps Engineer,0,0,0.9997434616088867,0.00025653839111328125,0.8,1,BERT:bert_class_weighted,Class weight
1127,emscad_07730,"Intercom ( #URL_cb674f93cbcd215a3a0a57a8615a565545949eead8adbbc73307c26d6a6af81b# ) is a simple, personal messaging serv",Product Analyst,0,0,0.9997494220733643,0.0002505779266357422,0.8,1,BERT:bert_class_weighted,Class weight
1128,emscad_07735,"Founded by Daniel Tenner and Paulina Sygulska, GrantTree is a rapidly growing company whose team of women and men help U",Community/Events Manager,0,0,0.9997686147689819,0.0002313852310180664,0.8,1,BERT:bert_class_weighted,Class weight
1129,emscad_07745,"The Customer Service Representative will provide an optimum level of service to the organization by obtaining, analyzing",Customer Service Representative,0,0,0.94256591796875,0.05743408203125,0.8,1,BERT:bert_class_weighted,Class weight
1130,emscad_07756,PowToon (#URL_84da40102d63eebf414f1476e73cf04c518288708e1f2fe344ec3f0417a067aa#) is a brand new presentation software th,Character Designer,0,0,0.9996018409729004,0.0003981590270996094,0.8,1,BERT:bert_class_weighted,Class weight
1131,emscad_07757,EUROPEAN DYNAMICS (#URL_c66532ffa1ce76ab447da6774719060c42c584edbf44d74cdb94fc4ac219ca45#) is a leading European Softwar,IS TESTER (Rational Functional Tester),0,0,0.9997310638427734,0.0002689361572265625,0.8,1,BERT:bert_class_weighted,Class weight
1132,emscad_07759,Burns & McBride has been providing quality home service solutions for generations.,Security System Installer (2GIG),0,0,0.9996323585510254,0.0003676414489746094,0.8,1,BERT:bert_class_weighted,Class weight
1133,emscad_07760,EUROPEAN DYNAMICS (#URL_c66532ffa1ce76ab447da6774719060c42c584edbf44d74cdb94fc4ac219ca45#) is a leading European Softwar,.NET Developer,0,0,0.9997477531433105,0.0002522468566894531,0.8,1,BERT:bert_class_weighted,Class weight
1134,emscad_07761,Candidate will be responsible for technical implementation and delivery on time & as per specification.,Front-end engineer,0,0,0.998600959777832,0.0013990402221679688,0.8,1,BERT:bert_class_weighted,Class weight
1135,emscad_07762,"Novitex Enterprise Solutions, formerly Pitney Bowes Management Services, delivers innovative document and communications",Solution Architect,0,0,0.9997434616088867,0.00025653839111328125,0.8,1,BERT:bert_class_weighted,Class weight
1136,emscad_07764,ServiceTitan is the world's leading CRM software for home services businesses. It powers the world's best service compan,Sales Executive,0,0,0.9995882511138916,0.00041174888610839844,0.8,1,BERT:bert_class_weighted,Class weight
1137,emscad_07785,We Provide Full Time Permanent Positions for many medium to large US companies. We are interested in finding/recruiting ,Manufacturing Engineer - FDA GMP ISO CAD DVM - CT,0,0,0.9996716976165771,0.00032830238342285156,0.8,1,BERT:bert_class_weighted,Class weight
1138,emscad_07802,EUROPEAN DYNAMICS (#URL_c66532ffa1ce76ab447da6774719060c42c584edbf44d74cdb94fc4ac219ca45#) is a leading European Softwar,Senior Java Developer,0,0,0.9997513294219971,0.0002486705780029297,0.8,1,BERT:bert_class_weighted,Class weight
1139,emscad_07804,Work with Team Ookla,Senior Software Engineer,0,0,0.9997057914733887,0.0002942085266113281,0.8,1,BERT:bert_class_weighted,Class weight
1140,emscad_07811,Our passion for improving quality of life through geography is at the heart of everything we do. Esri’s geographic infor,Junior Account Executive - Boston,0,0,0.9997022151947021,0.00029778480529785156,0.8,1,BERT:bert_class_weighted,Class weight
1141,emscad_07813,"Novitex Enterprise Solutions, formerly Pitney Bowes Management Services, delivers innovative document and communications",Customer Service Print Team Lead,0,0,0.9997472763061523,0.00025272369384765625,0.8,1,BERT:bert_class_weighted,Class weight
1142,emscad_07820,"An agency that places native English speakers across Thailand to teach English, Maths, Science and Computer Studies to T",Part Time Substitute Teachers,0,0,0.9997236728668213,0.00027632713317871094,0.8,1,BERT:bert_class_weighted,Class weight
1143,emscad_07830,"Industrial Color Software is a division of Industrial Color Brands, a family of vertically integrated creative productio",Systems/Network Administrator,0,0,0.9996957778930664,0.00030422210693359375,0.8,1,BERT:bert_class_weighted,Class weight
1144,emscad_07831,"We have positions available for confident, out-going, enthusiastic candidates to join our team of financial assistant.",Position Finance Assistant,1,0,0.205078125,0.794921875,0.8,0,BERT:bert_class_weighted,Class weight
1145,emscad_07835,"Novitex Enterprise Solutions, formerly Pitney Bowes Management Services, delivers innovative document and communications",Customer Service Associate - Part Time,0,0,0.9997422695159912,0.00025773048400878906,0.8,1,BERT:bert_class_weighted,Class weight
1146,emscad_07844,"POS-X is a rapidly growing point-of-sale hardware manufacturer located in Bellingham, WA. The POS-X environment consists",Supply Chain Specialist,0,0,0.9993109703063965,0.0006890296936035156,0.8,1,BERT:bert_class_weighted,Class weight
1147,emscad_07845,Frustrated with the status quo?,Software Engineer - Video and Imaging,0,0,0.9997631311416626,0.00023686885833740234,0.8,1,BERT:bert_class_weighted,Class weight
1148,emscad_07849,"ΕΤΑΙΡΕΙΑ ζητεί Web Developer απαραίτητη προϋπηρεσία, άριστες γνώσεις σε Javascript, php, MySql, επιθυμητές γνώσεις σε Fa",Web Developer - Back / Front,0,0,0.9994091987609863,0.0005908012390136719,0.8,1,BERT:bert_class_weighted,Class weight
1149,emscad_07850,We have an immediate opening for an Accounting Specialist to manage day to day facility accounting duties. The ideal can,Entry Level Accounting Specialist,0,0,0.9552001953125,0.0447998046875,0.8,1,BERT:bert_class_weighted,Class weight
1150,emscad_07872,"Cigniti Inc. is a 15 year old Irving, TX based professional services and staffing company which helped companies like Tr",Solutions Architect-Network Planning,0,0,0.9996457099914551,0.0003542900085449219,0.8,1,BERT:bert_class_weighted,Class weight
1151,emscad_07875,"Fnatic was founded in 2004 and is an ambitious and highly successful electronic sports team, consisting of players from ",Developer - Fnatic.com,0,0,0.9995644092559814,0.0004355907440185547,0.8,1,BERT:bert_class_weighted,Class weight
1152,emscad_07876,"Providing luxurious menswear such as suits, shirts, neckwear and accessories for the tailored gentleman.",Sale Representatives,0,0,0.9995899200439453,0.0004100799560546875,0.8,1,BERT:bert_class_weighted,Class weight
1153,emscad_07879,"Replise was started in 2008, just a year after Twitter was launched, by a bunch of serial entrepreneurs who believed the",Sales Director - Replise US Operations,0,0,0.9997518062591553,0.00024819374084472656,0.8,1,BERT:bert_class_weighted,Class weight
1154,emscad_07884,"Novitex Enterprise Solutions, formerly Pitney Bowes Management Services, delivers innovative document and communications",Customer Service Associate - Part Time,0,0,0.9997477531433105,0.0002522468566894531,0.8,1,BERT:bert_class_weighted,Class weight
1155,emscad_07898,The Executive Assistant shall be responsible for providing administrative support services as well as guidance and progr,Executive Administrative Assistant,0,0,0.942352294921875,0.057647705078125,0.8,1,BERT:bert_class_weighted,Class weight
1156,emscad_07902,Organizes the sourcing process: drafting of tenders and conduction of market searches,PROCUREMENT MANAGER,0,0,0.9954338073730469,0.004566192626953125,0.8,1,BERT:bert_class_weighted,Class weight
1157,emscad_07909,BorrowMyDoggy is an online community that connects dog owners with trusted local people who will help look after their d,Senior Ruby Developer,0,0,0.9997541904449463,0.00024580955505371094,0.8,1,BERT:bert_class_weighted,Class weight
1158,emscad_07917,"Founded at the beginning of 2013, the startup #URL_1126a42ca4e3346cc3e1a08fbb8e4c3f867169c63a14fc3710ba1f37c6c0e928# is ",(Internship) PR / Event Manager Assistant,0,0,0.9993858337402344,0.000614166259765625,0.8,1,BERT:bert_class_weighted,Class weight
1159,emscad_07921,Ash Tree Services is seeking to recruit ship physicians and Nurses for our client the largest luxury cruise line company,Cruise Ship Physicians And Nurses,0,0,0.9995017051696777,0.0004982948303222656,0.8,1,BERT:bert_class_weighted,Class weight
1160,emscad_07922,LetterStream is an innovative printing and mailing company leveraging automation to assist our customers in accomplishin,Part-time Administrative Help,0,0,0.9997320175170898,0.00026798248291015625,0.8,1,BERT:bert_class_weighted,Class weight
1161,emscad_07925,We help teachers get safe & secure jobs abroad :),Graduates: English Teacher Abroad (Conversational),0,0,0.9997671842575073,0.00023281574249267578,0.8,1,BERT:bert_class_weighted,Class weight
1162,emscad_07926,"Cigniti Inc. is a 15 year old Irving, TX based professional services and staffing company which helped companies like Tr",Software Engineer-JAVA,0,0,0.9996716976165771,0.00032830238342285156,0.8,1,BERT:bert_class_weighted,Class weight
1163,emscad_07940,The roles are for Belfast. The first interviews will be done in Athens. The company has more than 300 people and is grow,Senior Software Engineer,0,0,0.9993858337402344,0.000614166259765625,0.8,1,BERT:bert_class_weighted,Class weight
1164,emscad_07946,"We're an emerging technology agency, and we build breakthrough products through user-centered design. We're building a t",QA Engineer,0,0,0.9997398853302002,0.0002601146697998047,0.8,1,BERT:bert_class_weighted,Class weight
1165,emscad_07949,"We design, deploy, and maintain advanced technologies that enable our customers to achieve operational excellence at sub",Sr. Security Developer,0,0,0.999687910079956,0.0003120899200439453,0.8,1,BERT:bert_class_weighted,Class weight
1166,emscad_07950,Why CSD?,New York Captioning Assistant,0,0,0.99973464012146,0.00026535987854003906,0.8,1,BERT:bert_class_weighted,Class weight
1167,emscad_07962,Fundation is a technology-empowered direct lender that delivers small balance commercial loans nationwide. The firm prov,Account Manager - High Growth Specialty Finance Company,0,0,0.9996387958526611,0.0003612041473388672,0.8,1,BERT:bert_class_weighted,Class weight
1168,emscad_07964,"Founded in 1997, The Missing Link is a premium provider of information technology solutions across applications, infrast",IT Project Manager,0,0,0.9997463226318359,0.0002536773681640625,0.8,1,BERT:bert_class_weighted,Class weight
1169,emscad_07969,"Mention changes the way you monitor the web. Create keyword-based alerts on your company name, your brand, and your comp",Customer Happiness Intern,0,0,0.9994406700134277,0.0005593299865722656,0.8,1,BERT:bert_class_weighted,Class weight
1170,emscad_07974,hello world,Software Engineer,0,0,0.9997367858886719,0.000263214111328125,0.8,1,BERT:bert_class_weighted,Class weight
1171,emscad_07975,MERL's internship program gives students excellent opportunities to work in an industrial research lab environment side-,Advanced RF Technologies,0,0,0.9995326995849609,0.0004673004150390625,0.8,1,BERT:bert_class_weighted,Class weight
1172,emscad_07976,"WillDom is a top notch IT Outsourcing Business Ecosystem, where each member contributes in creating world class value. W",Sharepoint Developer - Remote - USA Only,0,0,0.9995541572570801,0.0004458427429199219,0.8,1,BERT:bert_class_weighted,Class weight
1173,emscad_07977,We help teachers get safe & secure jobs abroad :),Graduates: English Teacher Abroad (Conversational),0,0,0.9997671842575073,0.00023281574249267578,0.8,1,BERT:bert_class_weighted,Class weight
1174,emscad_07980,We help teachers get safe & secure jobs abroad :),English Teacher Abroad (Conversational),0,0,0.9997726678848267,0.00022733211517333984,0.8,1,BERT:bert_class_weighted,Class weight
1175,emscad_07986,Tile is one of the most successful crowd-funded campaigns in history and is building the world’s largest lost and found.,Social Media Manager,0,0,0.9997403621673584,0.00025963783264160156,0.8,1,BERT:bert_class_weighted,Class weight
1176,emscad_07990,We’re always looking for highly motivated “founder-types” to join us as we grow. Here’s what you need to know.,Quality Assurance Engineer,0,0,0.9996140003204346,0.0003859996795654297,0.8,1,BERT:bert_class_weighted,Class weight
1177,emscad_08001,"We're a not so traditional, fun filled, results driven marketing agency of 16 full time marketing, design, development, ",Digital Marketing / SEM Specialist,0,0,0.9997103214263916,0.00028967857360839844,0.8,1,BERT:bert_class_weighted,Class weight
1178,emscad_08009,Business Analyst with PeopleSoft 8.8 CRM Experience Strong PeopleSoft CRM resource who understands CRM functionality and,PeopleSoft CRM Consultant,0,0,0.9970588684082031,0.002941131591796875,0.8,1,BERT:bert_class_weighted,Class weight
1179,emscad_08012,"We are looking for friendly interior designers with over 5 years experience. This is a part-time, work from home (or any",Interior Designer,0,0,0.9994807243347168,0.0005192756652832031,0.8,1,BERT:bert_class_weighted,Class weight
1180,emscad_08020,The Pixel Academy is an awesome digital makerspace for kids in Brooklyn. We teach afterschool workshops in all things cr,Programming and Game Design Instructor,0,0,0.9997358322143555,0.00026416778564453125,0.8,1,BERT:bert_class_weighted,Class weight
1181,emscad_08028,Overall Purpose of the Job: Assists during the rigging up and down of well test equipment on work locations for the purp,Well Test Operator,1,0,0.989105224609375,0.010894775390625,0.8,0,BERT:bert_class_weighted,Class weight
1182,emscad_08036,"Startup Institute is the #1 career accelerator, offering transformative educational experiences for career changers and ",Operations & Partners Associate,0,0,0.9997224807739258,0.00027751922607421875,0.8,1,BERT:bert_class_weighted,Class weight
1183,emscad_08038,"PeopleSoft HCM application (mainly on Core HR, Recruiting, Payroll Interface, Performance management modules) * Ability ",PeopleSoft HCM Functional Consultant,0,0,0.9976215362548828,0.0023784637451171875,0.8,1,BERT:bert_class_weighted,Class weight
1184,emscad_08044,EUROPEAN DYNAMICS (#URL_c66532ffa1ce76ab447da6774719060c42c584edbf44d74cdb94fc4ac219ca45#) is a leading European Softwar,Assistant Project Manager,0,0,0.9997513294219971,0.0002486705780029297,0.8,1,BERT:bert_class_weighted,Class weight
1185,emscad_08052,"We’re Digital Telepathy, but our friends call us DT. Committed to being designers of the Web, we help startups solve the",Accounting Manger,0,0,0.9997621774673462,0.0002378225326538086,0.8,1,BERT:bert_class_weighted,Class weight
1186,emscad_08061,"Empower America is mission driven to recruit, train and employ our military veterans into careers in renewable energy th",Military Veterans Wanted for Solar Energy Construction,0,0,0.9994907379150391,0.0005092620849609375,0.8,1,BERT:bert_class_weighted,Class weight
1187,emscad_08064,"For marketers looking to drive engagement through social media, GaggleAMP Amplify is the social marketing platform that ",Inside Sales Representative,0,0,0.9996693134307861,0.0003306865692138672,0.8,1,BERT:bert_class_weighted,Class weight
1188,emscad_08083,We help teachers get safe & secure jobs abroad :),English Teacher Abroad (Conversational),0,0,0.9997730255126953,0.0002269744873046875,0.8,1,BERT:bert_class_weighted,Class weight
1189,emscad_08097,"Riverside is an internationally recognized engineering, science, and information technology company with more than 25 ye",Satellite Data Assimilation Scientist,0,0,0.9989433288574219,0.001056671142578125,0.8,1,BERT:bert_class_weighted,Class weight
1190,emscad_08109,"LEI Home Enhancements, is an Ohio based company that has been installing windows, siding, doors and decks in homes throu",***NEEDED 15-20 CUSTOMER SERVICE REPS,0,0,0.9997174739837646,0.00028252601623535156,0.8,1,BERT:bert_class_weighted,Class weight
1191,emscad_08110,Smarter Good is an innovative global services firm for social sector organizations - a for-profit company with a strong ,Senior Bookkeeper / Accounting Assistant,0,0,0.9997131824493408,0.0002868175506591797,0.8,1,BERT:bert_class_weighted,Class weight
1192,emscad_08119,Apps for Good ( #URL_937118d268463f038aabd860063eb978f7ad6c0a78ed8e595e39bfa1de380e90# ) is an award-winning technology ,Event Intern,0,0,0.9997086524963379,0.0002913475036621094,0.8,1,BERT:bert_class_weighted,Class weight
1193,emscad_08120,We Provide Full Time Permanent Positions for many medium to large US companies. We are interested in finding/recruiting ,"Director, Supply Chain - Strategy",0,0,0.9997522830963135,0.00024771690368652344,0.8,1,BERT:bert_class_weighted,Class weight
1194,emscad_08122,We help teachers get safe & secure jobs abroad :),Graduates: English Teacher Abroad,0,0,0.9997708797454834,0.00022912025451660156,0.8,1,BERT:bert_class_weighted,Class weight
1195,emscad_08127,Our Company,Traffic Manager Web/Mobile,0,0,0.9997320175170898,0.00026798248291015625,0.8,1,BERT:bert_class_weighted,Class weight
1196,emscad_08139,EUROPEAN DYNAMICS (#URL_c66532ffa1ce76ab447da6774719060c42c584edbf44d74cdb94fc4ac219ca45#) is a leading European Softwar,"SharePoint Administrator/Developer (SharePoint 2007/2010, SharePoint Designer)",0,0,0.9997115135192871,0.0002884864807128906,0.8,1,BERT:bert_class_weighted,Class weight
1197,emscad_08142,"Babbel enables anyone to learn languages in an easy and interactive way. The learning system offers 13 languages, from E",Freelance Authors and Editors (m/f) for Indonesian Courses,0,0,0.9997315406799316,0.0002684593200683594,0.8,1,BERT:bert_class_weighted,Class weight
1198,emscad_08153,Massive Media is the social media company behind the successful digital brands #URL_18234f381f5e7b9a9ffdc727cd05c9046edf,Web Designer - Gatcha!,0,0,0.999591588973999,0.00040841102600097656,0.8,1,BERT:bert_class_weighted,Class weight
1199,emscad_08154,"Tidewater Finance Co. was established in 1992 for the initial purpose of purchasing, and servicing retail installment co",Contact Center Representatives,0,0,0.9996588230133057,0.00034117698669433594,0.8,1,BERT:bert_class_weighted,Class weight
1200,emscad_08157,"Babbel enables anyone to learn languages in an easy and interactive way. The learning system offers 13 languages, from E",Head of International Operations,0,0,0.9995651245117188,0.00043487548828125,0.8,1,BERT:bert_class_weighted,Class weight
1201,emscad_08166,If working in a cubical seems like your idea of hell then joining our awesome startup team might be the opportunity you’,Customer Support Rockstar (Associate Level Position),0,0,0.9997498989105225,0.00025010108947753906,0.8,1,BERT:bert_class_weighted,Class weight
1202,emscad_08167,"AGOGO creates a personalized audio channel by bringing together your favorite programming -- news, entertainment, sports",Python Backend Developer,0,0,0.9996280670166016,0.0003719329833984375,0.8,1,BERT:bert_class_weighted,Class weight
1203,emscad_08173,Calling All Marketing And P.R. Gurus To Be!!,Marketing & PR Internship,0,0,0.9996485710144043,0.0003514289855957031,0.8,1,BERT:bert_class_weighted,Class weight
1204,emscad_08175,"Ginkgotree is changing the way course materials are designed and delivered. We’re ending the reign of overpriced, cookie",Marketing Director,0,0,0.9997556209564209,0.00024437904357910156,0.8,1,BERT:bert_class_weighted,Class weight
1205,emscad_08182,"Goldstar is the world’s largest online seller of half-price tickets to live theater, concerts, comedy and sports. We exe",Editorial Coordinator,0,0,0.9997315406799316,0.0002684593200683594,0.8,1,BERT:bert_class_weighted,Class weight
1206,emscad_08210,Xplenty is all about making complex stuff look easy and enabling sophisticated Big Data technologies to the masses. Work,Online Marketing Manager,0,0,0.9997358322143555,0.00026416778564453125,0.8,1,BERT:bert_class_weighted,Class weight
1207,emscad_08215,"Vend is looking for some awesome new talent to come join us. You'll be working in an awesome team doing awesome things, ",Awesome Data Insertion Specialist,0,0,0.9997186660766602,0.00028133392333984375,0.8,1,BERT:bert_class_weighted,Class weight
1208,emscad_08217,Kettle is an independent digital agency based in New York City and the Bay Area. We’re committed to making digital do mo,Senior Digital Producer,0,0,0.9997527599334717,0.0002472400665283203,0.8,1,BERT:bert_class_weighted,Class weight
1209,emscad_08218,The Business Analyst will be a senior member within the Project Management Office responsible for leading and contributi,Business Analyst,0,0,0.9989957809448242,0.0010042190551757812,0.8,1,BERT:bert_class_weighted,Class weight
1210,emscad_08222,We help teachers get safe & secure jobs abroad :),Graduates: English Teacher Abroad (Conversational),0,0,0.9997671842575073,0.00023281574249267578,0.8,1,BERT:bert_class_weighted,Class weight
1211,emscad_08223,Hiring made easy for Digital Jobs,Administrative Assistant,0,0,0.8858642578125,0.1141357421875,0.8,1,BERT:bert_class_weighted,Class weight
1212,emscad_08230,"With an exceptional record of over 50% growth in each of the last 5 years, we’ve become the UK’s largest online retailer",Ecommerce Assistant,0,0,0.9997467994689941,0.0002532005310058594,0.8,1,BERT:bert_class_weighted,Class weight
1213,emscad_08235,Money is a person-to-person money transfer app designed to simplify how people send money home to their friends and fami,Financial Controller,0,0,0.9997448921203613,0.0002551078796386719,0.8,1,BERT:bert_class_weighted,Class weight
1214,emscad_08237,"Sr. PHP developer Experience : 4-10 years Location : New York, NY",PHP developer,0,0,0.9992356300354004,0.0007643699645996094,0.8,1,BERT:bert_class_weighted,Class weight
1215,emscad_08241,"Cigniti Inc. is a 15 year old Irving, TX based professional services and staffing company which helped companies like Tr",Sr. Developer,0,0,0.9996345043182373,0.0003654956817626953,0.8,1,BERT:bert_class_weighted,Class weight
1216,emscad_08250,NETGEAR and Aptitude Staffing Solutions have partnered up in an effort to streamline the hiring process and provide a mo,Senior System Test Engineer,1,1,0.00048828125,0.99951171875,0.8,1,BERT:bert_class_weighted,Class weight
1217,emscad_08253,"Why Choose AECOM? Imagine working for a truly global company whose 45,000 employees share a singular passion: to make th",Civil Engineer II,1,1,0.00048828125,0.99951171875,0.8,1,BERT:bert_class_weighted,Class weight
1218,emscad_08257,The primary function of the Presales Security Engineer is to fully support the IT Security products and solutions distri,IT Security Presales Engineer,0,0,0.9997045993804932,0.00029540061950683594,0.8,1,BERT:bert_class_weighted,Class weight
1219,emscad_08261,"Holic is a platform that aims to help people discover the web, based on who they are.",Junior UI/UX Designer,0,0,0.9995601177215576,0.0004398822784423828,0.8,1,BERT:bert_class_weighted,Class weight
1220,emscad_08265,"We are not your average Monday mail recruiters. We are here to align stars and connect dots, not just match titles with ",PURPOSE: Designers & Art Directors,0,0,0.9997081756591797,0.0002918243408203125,0.8,1,BERT:bert_class_weighted,Class weight
1221,emscad_08278,#URL_c379aa631173ed5b7c345ab3f500a9a053e509138ca70e52c1088e5a784dc8d7# is a modern online travel agency that was founded,Internship in Content Team,0,0,0.9997498989105225,0.00025010108947753906,0.8,1,BERT:bert_class_weighted,Class weight
1222,emscad_08279,"Vend is looking for some awesome new talent to come join us. You'll be working in an awesome team doing awesome things, ",Community Manager,0,0,0.999718189239502,0.0002818107604980469,0.8,1,BERT:bert_class_weighted,Class weight
1223,emscad_08287,"Mashape is the largest, most trafficked API marketplace/hub in the world.",Growth Engineer,0,0,0.9994735717773438,0.00052642822265625,0.8,1,BERT:bert_class_weighted,Class weight
1224,emscad_08304,Visual BI is one of the leading and fastest growing firms focusing exclusively on BI & Analytics. Our offerings cover en,SAP BW Sr. Developer,0,0,0.9996600151062012,0.0003399848937988281,0.8,1,BERT:bert_class_weighted,Class weight
1225,emscad_08306,Zaius is a digital intuition platform enabling companies to optimize consumer experiences across channels. We're poised ,UI Designer,0,0,0.9996819496154785,0.0003180503845214844,0.8,1,BERT:bert_class_weighted,Class weight
1226,emscad_08315,We help teachers get safe & secure jobs abroad :),Graduates: English Teacher Abroad (Conversational),0,0,0.9997735023498535,0.00022649765014648438,0.8,1,BERT:bert_class_weighted,Class weight
1227,emscad_08320,"hedgehog lab is a post-PC digital agency. We architect, design, develop, and market apps & digital solutions for phones,",Project Manager,0,0,0.9997694492340088,0.00023055076599121094,0.8,1,BERT:bert_class_weighted,Class weight
1228,emscad_08325,Axonix is a global mobile advertising technology company that's powered by a platform with a 4 year history of leading t,Senior Java Software Developer,0,0,0.999761700630188,0.00023829936981201172,0.8,1,BERT:bert_class_weighted,Class weight
1229,emscad_08328,"Start Part-time, flexible opportunity.",Advertise for me on eBay - Part Time,1,0,0.9832916259765625,0.0167083740234375,0.8,0,BERT:bert_class_weighted,Class weight
1230,emscad_08334,StayClassy is a fast-growing San Diego-based startup that develops an online fundraising product used by thousands of No,Account Executive,0,0,0.9997602701187134,0.0002397298812866211,0.8,1,BERT:bert_class_weighted,Class weight
1231,emscad_08346,Luxury 5 Star Hotel in Doral seeking House Keepers & Housemen ASAP!!! Come be a part of a new and exciting team at our g,Housekeepers/Houseman/Public Space Attendants,0,0,0.9994611740112305,0.0005388259887695312,0.8,1,BERT:bert_class_weighted,Class weight
1232,emscad_08367,Bradley Contracting Group Corporation offers a wide range of B2B services through a plethora of different small business,Clerical Personnel,1,1,0.00048828125,0.99951171875,0.8,1,BERT:bert_class_weighted,Class weight
1233,emscad_08378,"For over 20 years NAC Marketing Company, LLC d/b/a New Vitality has helped people be healthy and live better by marketin",Phone Sales,0,0,0.9996011257171631,0.00039887428283691406,0.8,1,BERT:bert_class_weighted,Class weight
1234,emscad_08391,We are a digital marketing agency with an emphasis upon quality development that is developed and sold in a consultative,Telemarketers Needed,0,0,0.999671220779419,0.0003287792205810547,0.8,1,BERT:bert_class_weighted,Class weight
1235,emscad_08406,Zaius is a digital intuition platform enabling companies to optimize consumer experiences across channels. We're poised ,Lead UI/UX Designer,0,0,0.9997220039367676,0.0002779960632324219,0.8,1,BERT:bert_class_weighted,Class weight
1236,emscad_08414,EUROPEAN DYNAMICS (#URL_c66532ffa1ce76ab447da6774719060c42c584edbf44d74cdb94fc4ac219ca45#) is a leading European Softwar,Solution Architect,0,0,0.9997444152832031,0.000255584716796875,0.8,1,BERT:bert_class_weighted,Class weight
1237,emscad_08418,"General Summary: Achieves maximum sales profitability, growth and account penetration within an assigned territory and/o",Entry Level Sales,0,0,0.999018669128418,0.0009813308715820312,0.8,1,BERT:bert_class_weighted,Class weight
1238,emscad_08428,We help teachers get safe & secure jobs abroad :),Graduates: English Teacher Abroad (Conversational),0,0,0.9997717142105103,0.0002282857894897461,0.8,1,BERT:bert_class_weighted,Class weight
1239,emscad_08430,"Lakefront Brewery is a leader in brewing the best beers in Milwaukee. Founded in 1987, Lakefront has been brewing for mo",Sous Chef,0,0,0.9995644092559814,0.0004355907440185547,0.8,1,BERT:bert_class_weighted,Class weight
1240,emscad_08431,"Cigniti Inc. is a 15 year old Irving, TX based professional services and staffing company which helped companies like Tr",Business Architect,0,0,0.9996471405029297,0.0003528594970703125,0.8,1,BERT:bert_class_weighted,Class weight
1241,emscad_08433,Staffing & Recruiting done right for the Oil & Energy Industry!,Operator Mechanic 1,1,1,0.00048828125,0.99951171875,0.8,1,BERT:bert_class_weighted,Class weight
1242,emscad_08438,"Valor Services provides Workforce Solutions that meet the needs of companies across the Private Sector, with a special f",IT Project Manager,0,0,0.9997115135192871,0.0002884864807128906,0.8,1,BERT:bert_class_weighted,Class weight
1243,emscad_08449,Leadership talent acquisition. Specializing in teaching and training positions for the Kingdom of Saudi Arabia. - Engine,Head of Department,0,0,0.999028205871582,0.0009717941284179688,0.8,1,BERT:bert_class_weighted,Class weight
1244,emscad_08451,"Vend is looking for some awesome new talent to come join us. You'll be working in an awesome team doing awesome things, ",People & Culture Manager,0,0,0.9997272491455078,0.0002727508544921875,0.8,1,BERT:bert_class_weighted,Class weight
1245,emscad_08460,We help teachers get safe & secure jobs abroad :),Graduates: English Teacher Abroad (Conversational),0,0,0.9997717142105103,0.0002282857894897461,0.8,1,BERT:bert_class_weighted,Class weight
1246,emscad_08473,Our passion for improving quality of life through geography is at the heart of everything we do. Esri’s geographic infor,Account Executive - Boston,0,0,0.9996507167816162,0.00034928321838378906,0.8,1,BERT:bert_class_weighted,Class weight
1247,emscad_08490,Mindscape is a Wellington based software development company that specialises in building tools for software engineers. ,Front end engineer,0,0,0.9997062683105469,0.000293731689453125,0.8,1,BERT:bert_class_weighted,Class weight
1248,emscad_08501,"General Summary: Achieves maximum sales profitability, growth and account penetration within an assigned territory and/o",Entry Level Sales,0,0,0.999018669128418,0.0009813308715820312,0.8,1,BERT:bert_class_weighted,Class weight
1249,emscad_08520,"​Hello,Hope you are doing well. Let me know if you are available for the given below position Job Title: Senior .NET (C#",Senior .NET (C#) / Web Developer,0,0,0.9996685981750488,0.0003314018249511719,0.8,1,BERT:bert_class_weighted,Class weight
1250,emscad_08524,"Westview Financial Services , located in Virginia Beach, VA has a full-time Sales Representative position available imme",Sales Representative,0,0,0.9994683265686035,0.0005316734313964844,0.8,1,BERT:bert_class_weighted,Class weight
1251,emscad_08525,Massive Media is the social media company behind the successful digital brands #URL_18234f381f5e7b9a9ffdc727cd05c9046edf,Business Developer UK,0,0,0.9997453689575195,0.00025463104248046875,0.8,1,BERT:bert_class_weighted,Class weight
1252,emscad_08535,About the Company,Product Manager: Mobile,0,0,0.9997546672821045,0.0002453327178955078,0.8,1,BERT:bert_class_weighted,Class weight
1253,emscad_08536,"Industrial Color Software is a division of Industrial Color Brands, a family of vertically integrated creative productio",Product Manager,0,0,0.9996957778930664,0.00030422210693359375,0.8,1,BERT:bert_class_weighted,Class weight
1254,emscad_08544,"Headquartered in Milan and New York and with 400 million users all around the world, Beintoo is a true engagement platfo",The Beintoo Academy - 10 Internships for entrepreneurial students or recent graduates,0,0,0.9997208118438721,0.0002791881561279297,0.8,1,BERT:bert_class_weighted,Class weight
1255,emscad_08545,"Working in over 60 countries and 30 languages, Autotorq is one of the world’s leading digital automotive agencies.",Luxury Automotive Brand: Digital Account Manager,0,0,0.9997570514678955,0.0002429485321044922,0.8,1,BERT:bert_class_weighted,Class weight
1256,emscad_08547,Our Company,Back Office Junior PHP Developer,0,0,0.9997363090515137,0.0002636909484863281,0.8,1,BERT:bert_class_weighted,Class weight
1257,emscad_08548,Massive Media is the social media company behind the successful digital brands #URL_18234f381f5e7b9a9ffdc727cd05c9046edf,Flash Developer Gaming (Budapest),0,0,0.9997086524963379,0.0002913475036621094,0.8,1,BERT:bert_class_weighted,Class weight
1258,emscad_08552,EUROPEAN DYNAMICS (#URL_c66532ffa1ce76ab447da6774719060c42c584edbf44d74cdb94fc4ac219ca45#) is a leading European Softwar,Senior Java Developer,0,0,0.9997518062591553,0.00024819374084472656,0.8,1,BERT:bert_class_weighted,Class weight
1259,emscad_08554,This position is responsible for initiating and completing complex aspects of project financial management and cost cont,Project Controls Specialist,0,0,0.9963569641113281,0.003643035888671875,0.8,1,BERT:bert_class_weighted,Class weight
1260,emscad_08555,Who are We?,Speech Language Pathologist,0,0,0.9996464252471924,0.0003535747528076172,0.8,1,BERT:bert_class_weighted,Class weight
1261,emscad_08556,"Pricing Recruiters is the leading global resource for the procurement, vetting and placement of qualified, pricing and p","J.P. Morgan - Associate, Pricing Direct",0,0,0.9996910095214844,0.000308990478515625,0.8,1,BERT:bert_class_weighted,Class weight
1262,emscad_08557,Tailor is a digital agency specialising in three things:,User Experience / Interaction Designer,0,0,0.9997676610946655,0.00023233890533447266,0.8,1,BERT:bert_class_weighted,Class weight
1263,emscad_08558,"AREA 17 is an interactive agency. We take an interdisciplinary approach — blending the practices of design, technology a",Web Product Manager - Deringhall.com,0,0,0.9997494220733643,0.0002505779266357422,0.8,1,BERT:bert_class_weighted,Class weight
1264,emscad_08566,"ABC Supply Co., Inc. is the nation’s largest wholesale distributor of roofing and one of the largest distributors of sid",Outside Sales Professional-Springfield,0,0,0.9995987415313721,0.0004012584686279297,0.8,1,BERT:bert_class_weighted,Class weight
1265,emscad_08570,"We're an emerging technology agency, and we build breakthrough products through user-centered design. We're building a t",Keep in touch,0,0,0.9988346099853516,0.0011653900146484375,0.8,1,BERT:bert_class_weighted,Class weight
1266,emscad_08573,Job Description,Financial Advisor Assistant,0,0,0.985443115234375,0.014556884765625,0.8,1,BERT:bert_class_weighted,Class weight
1267,emscad_08577,We Provide Full Time Permanent Positions for many medium to large US companies. We are interested in finding/recruiting ,Process Improvement Project Engineering Manager,0,0,0.9997434616088867,0.00025653839111328125,0.8,1,BERT:bert_class_weighted,Class weight
1268,emscad_08578,"Pricing Recruiters is the leading global resource for the procurement, vetting and placement of qualified, pricing and p",US Foods. - Sr Pricing Analyst,0,0,0.9997062683105469,0.000293731689453125,0.8,1,BERT:bert_class_weighted,Class weight
1269,emscad_08583,The story of the Great Chicago Fire of 1871 isn’t really about the fire. It’s about what happened next: A remarkable mom,Sales Associate - Rippleshot,0,0,0.9996416568756104,0.00035834312438964844,0.8,1,BERT:bert_class_weighted,Class weight
1270,emscad_08590,"As a growing and successful startup, Conversocial is a great place to work for ambitious individuals.",Enterprise Account Executive,0,0,0.9997589588165283,0.0002410411834716797,0.8,1,BERT:bert_class_weighted,Class weight
1271,emscad_08593,We Provide Full Time Permanent Positions for many medium to large US companies. We are interested in finding/recruiting ,Corporate Logistics Manager - Materials Management - MS,0,0,0.9997351169586182,0.00026488304138183594,0.8,1,BERT:bert_class_weighted,Class weight
1272,emscad_08602,Apply using below link,RN PACU,1,1,0.00048828125,0.99951171875,0.8,1,BERT:bert_class_weighted,Class weight
1273,emscad_08603,Established on the principles that full time education is not for everyone Spectrum Learning is made up of a team of pas,We are recruiting fragrance and beauty promotional staff in Milton Keynes,0,0,0.9997644424438477,0.00023555755615234375,0.8,1,BERT:bert_class_weighted,Class weight
1274,emscad_08605,"Novitex Enterprise Solutions, formerly Pitney Bowes Management Services, delivers innovative document and communications",Associate Receptionist,0,0,0.9997513294219971,0.0002486705780029297,0.8,1,BERT:bert_class_weighted,Class weight
1275,emscad_08607,"Pricing Recruiters is the leading global resource for the procurement, vetting and placement of qualified, pricing and p",Schneider National - Pricing Analyst,0,0,0.9996788501739502,0.0003211498260498047,0.8,1,BERT:bert_class_weighted,Class weight
1276,emscad_08613,In 1998 a broad coalition of Bayview Hunters Point institutions and residents sought to implement findings and recommend,Executive Director,0,0,0.9986543655395508,0.0013456344604492188,0.8,1,BERT:bert_class_weighted,Class weight
1277,emscad_08616,#URL_c379aa631173ed5b7c345ab3f500a9a053e509138ca70e52c1088e5a784dc8d7# is a modern online travel agency that was founded,Office Management Trainee,0,0,0.9997377395629883,0.00026226043701171875,0.8,1,BERT:bert_class_weighted,Class weight
1278,emscad_08620,Why CSD?,Custodian (part-time),0,0,0.9997482299804688,0.00025177001953125,0.8,1,BERT:bert_class_weighted,Class weight
1279,emscad_08628,StartTech Ventures is the investment & incubation arm of the Materializing Innovation Group and has three functions: See,Software Project Manager at Virtual Trip,0,0,0.9997546672821045,0.0002453327178955078,0.8,1,BERT:bert_class_weighted,Class weight
1280,emscad_08635,Vayu builds affordable unmanned aerial vehicles (UAVs) for healthcare supply chain management and post-disaster aid deli,Airframe Design Engineer,0,0,0.9996886253356934,0.0003113746643066406,0.8,1,BERT:bert_class_weighted,Class weight
1281,emscad_08636,"With $4 billion under active management, Bessemer Venture Partners is a global venture capital firm with offices in Sili",Analyst,0,0,0.9991669654846191,0.0008330345153808594,0.8,1,BERT:bert_class_weighted,Class weight
1282,emscad_08638,"MSPS is an award-winning Integrated Marketing and Sales Services Agency that consists of talented, fun and creative indi",Social Media Content Manager,0,0,0.9997427463531494,0.00025725364685058594,0.8,1,BERT:bert_class_weighted,Class weight
1283,emscad_08643,"Novitex Enterprise Solutions, formerly Pitney Bowes Management Services, delivers innovative document and communications",Courier,0,0,0.99973464012146,0.00026535987854003906,0.8,1,BERT:bert_class_weighted,Class weight
1284,emscad_08649,Trident Systems was founded in 1985 with one purpose in mind: to deliver innovative and affordable technology solutions ,RF Engineer,0,0,0.9992008209228516,0.0007991790771484375,0.8,1,BERT:bert_class_weighted,Class weight
1285,emscad_08669,Money is a person-to-person money transfer app designed to simplify how people send money home to their friends and fami,UI / UX Design Lead,0,0,0.9997597932815552,0.00024020671844482422,0.8,1,BERT:bert_class_weighted,Class weight
1286,emscad_08689,"Argenta Field Solutions values the client, creates income streams for them through our sales mechanism and focuses on qu",Graduate Summer Work Program -- Limited Openings -- Apply Now,0,0,0.9996614456176758,0.00033855438232421875,0.8,1,BERT:bert_class_weighted,Class weight
1287,emscad_08691,Basil Lifecare Pvt. Ltd. is a Wellness & Preventive Healthcare Company dealing in IT enabled wellness services that focu,Payroll Clerk,1,1,0.00048828125,0.99951171875,0.8,1,BERT:bert_class_weighted,Class weight
1288,emscad_08695,The Beans Group is a media company that exists to empower young people to thrive. We have been on an exponential growth ,Event Sales Manager,0,0,0.9997551441192627,0.0002448558807373047,0.8,1,BERT:bert_class_weighted,Class weight
1289,emscad_08704,EUROPEAN DYNAMICS (#URL_c66532ffa1ce76ab447da6774719060c42c584edbf44d74cdb94fc4ac219ca45#) is a leading European Softwar,Senior Biometric Analyst,0,0,0.9997382164001465,0.0002617835998535156,0.8,1,BERT:bert_class_weighted,Class weight
1290,emscad_08722,We help teachers get safe & secure jobs abroad :),Graduates: English Teacher Abroad (Conversational),0,0,0.9997717142105103,0.0002282857894897461,0.8,1,BERT:bert_class_weighted,Class weight
1291,emscad_08724,PROSULTING IS PEOPLE The ProSulting difference is easy to see. Our passion for delivering qualified pre-screened personn,Controller,0,0,0.9996976852416992,0.00030231475830078125,0.8,1,BERT:bert_class_weighted,Class weight
1292,emscad_08743,ConsumerTrack is a technology-centric internet marketing company built on a culture of excellence. We are the preferred ,Editorial Associate,0,0,0.9997518062591553,0.00024819374084472656,0.8,1,BERT:bert_class_weighted,Class weight
1293,emscad_08745,"ABC Supply Co., Inc. is the nation’s largest wholesale distributor of roofing and one of the largest distributors of sid",CDL Driver-Sioux Falls,0,0,0.9996259212493896,0.00037407875061035156,0.8,1,BERT:bert_class_weighted,Class weight
1294,emscad_08761,"EatAds is a global platform business, like #URL_21e7f703da8e28a4edd962a114e1af7ba244609a9ccd3760ae493e9f447c25fe# or #UR","UI/UX Designer (India role, Singapore company)",0,0,0.999687910079956,0.0003120899200439453,0.8,1,BERT:bert_class_weighted,Class weight
1295,emscad_08768,We’re looking for a web designer with a passion for web to help us create great products and make our clients happy.,Web Designer,0,0,0.9997472763061523,0.00025272369384765625,0.8,1,BERT:bert_class_weighted,Class weight
1296,emscad_08769,About the Company We are ticketscript - the European market leaders in digital self-ticketing. Whether it’s massive danc,Country Director - UK/Ireland,0,0,0.9997575283050537,0.00024247169494628906,0.8,1,BERT:bert_class_weighted,Class weight
1297,emscad_08771,WHO WE ARE? MILLER & ASSOCIATES IS AN ENTERPRISE SOFTWARE SOLUTIONS COMPANY.,BA/Project Manager,0,0,0.999701738357544,0.0002982616424560547,0.8,1,BERT:bert_class_weighted,Class weight
1298,emscad_08776,Great Customer Service from Start to Finish,Marketing Coordinator,0,0,0.999661922454834,0.0003380775451660156,0.8,1,BERT:bert_class_weighted,Class weight
1299,emscad_08777,Provide admin support for MD.,Marketing and Communications Administrator,0,0,0.9986057281494141,0.0013942718505859375,0.8,1,BERT:bert_class_weighted,Class weight
1300,emscad_08778,We help teachers get safe & secure jobs abroad :),English Teacher Abroad (Conversational),0,0,0.9997730255126953,0.0002269744873046875,0.8,1,BERT:bert_class_weighted,Class weight
1301,emscad_08779,HappyFox is a young startup that is all about bringing the happiness quotient in support teams. We help companies transf,Customer Success Consultant,0,0,0.9997053146362305,0.00029468536376953125,0.8,1,BERT:bert_class_weighted,Class weight
1302,emscad_08782,"HSAGlobal specialises in solutions enabling connected care, to reduce the impact of the heaviest users on the healthcare",Senior and Intermediate C# Developers,0,0,0.9997658729553223,0.00023412704467773438,0.8,1,BERT:bert_class_weighted,Class weight
1303,emscad_08783,"At McLane Intel, we believe that everyone should love where they work! We understand that our ongoing success is attribu",Network Engineer,0,0,0.9997081756591797,0.0002918243408203125,0.8,1,BERT:bert_class_weighted,Class weight
1304,emscad_08784,E-Car Club is an entirely electric pay-per-use car club designed to provide members of carefully selected communities an,Marketing Manager,0,0,0.9997427463531494,0.00025725364685058594,0.8,1,BERT:bert_class_weighted,Class weight
1305,emscad_08791,"Our job is to make what you do, what you say and how you say it live up to consumers expectations.",Stage / Internship Backend (PHP),0,0,0.9997367858886719,0.000263214111328125,0.8,1,BERT:bert_class_weighted,Class weight
1306,emscad_08812,Federal has been in business for over 100 years and is an original Charter Agent for Allied Van Lines . We believe our d,Van Foreman / Driver - Class A,0,0,0.9996018409729004,0.0003981590270996094,0.8,1,BERT:bert_class_weighted,Class weight
1307,emscad_08814,"Stokes Automotive Group-Beaufort is a family owned and operated dealer group in Beaufort, SC. Stokes is the leader in th",Call Center Representatives,0,0,0.9995532035827637,0.0004467964172363281,0.8,1,BERT:bert_class_weighted,Class weight
1308,emscad_08819,We help teachers get safe & secure jobs abroad :),Graduates: English Teacher Abroad (Conversational),0,0,0.9997717142105103,0.0002282857894897461,0.8,1,BERT:bert_class_weighted,Class weight
1309,emscad_08823,Cytech is a mobile marketing software provider that develops mobile applications and solutions using innovative technolo,iOS Software Developer,0,0,0.9997186660766602,0.00028133392333984375,0.8,1,BERT:bert_class_weighted,Class weight
1310,emscad_08832,"Novitex Enterprise Solutions, formerly Pitney Bowes Management Services, delivers innovative document and communications",Customer Service Associate - Part Time,0,0,0.9997522830963135,0.00024771690368652344,0.8,1,BERT:bert_class_weighted,Class weight
1311,emscad_08839,"As the industry’s largest supply contracting company, Novation serves the purchasing needs of more than 65,000 VHA, UHC ",Customer Service Representative,1,1,0.00048828125,0.99951171875,0.8,1,BERT:bert_class_weighted,Class weight
1312,emscad_08840,Controller Chaos opened for business in early 2008 to fill a void we saw in the gaming world - quality modded controller,Assembly Technician,0,0,0.9997000694274902,0.0002999305725097656,0.8,1,BERT:bert_class_weighted,Class weight
1313,emscad_08841,Want to build a 21st century financial service?,Community Development Manager,0,0,0.9996898174285889,0.0003101825714111328,0.8,1,BERT:bert_class_weighted,Class weight
1314,emscad_08845,"WhatArmy is looking for a Web Designer with excellent technical skills, a keen eye for detail, and a desire to grow. You",Web Designer,0,0,0.9996969699859619,0.00030303001403808594,0.8,1,BERT:bert_class_weighted,Class weight
1315,emscad_08846,"At Hayes-Corp, we create the fun stuff. With a focus on software development for mobile platforms, we are constantly loo","Administrative Assistant (Digital, Tech, Ops)",0,0,0.999739408493042,0.0002605915069580078,0.8,1,BERT:bert_class_weighted,Class weight
1316,emscad_08847,We help teachers get safe & secure jobs abroad :),Graduates: English Teacher Abroad (Conversational),0,0,0.9997717142105103,0.0002282857894897461,0.8,1,BERT:bert_class_weighted,Class weight
1317,emscad_08866,"Novitex Enterprise Solutions, formerly Pitney Bowes Management Services, delivers innovative document and communications",Data Entry Clerk II,0,0,0.9997081756591797,0.0002918243408203125,0.8,1,BERT:bert_class_weighted,Class weight
1318,emscad_08874,Exciting opportunity for a young professional to become a core member of an Athens based startup in the hospitality indu,Core member of a startup in the hospitality industry,0,0,0.9996867179870605,0.0003132820129394531,0.8,1,BERT:bert_class_weighted,Class weight
1319,emscad_08880,"Tidewater Finance Co. was established in 1992 for the initial purpose of purchasing, and servicing retail installment co",Risk Supervisor,0,0,0.9996337890625,0.0003662109375,0.8,1,BERT:bert_class_weighted,Class weight
1320,emscad_08886,We’re always looking for highly motivated “founder-types” to join us as we grow. Here’s what you need to know.,Chief of Staff,0,0,0.9995987415313721,0.0004012584686279297,0.8,1,BERT:bert_class_weighted,Class weight
1321,emscad_08888,We’re always looking for highly motivated “founder-types” to join us as we grow. Here’s what you need to know.,Happiness Recruiter,0,0,0.9996755123138428,0.00032448768615722656,0.8,1,BERT:bert_class_weighted,Class weight
1322,emscad_08893,"Novitex Enterprise Solutions, formerly Pitney Bowes Management Services, delivers innovative document and communications",Customer Service Team Lead,0,0,0.9997434616088867,0.00025653839111328125,0.8,1,BERT:bert_class_weighted,Class weight
1323,emscad_08894,The Beans Group is a media company that exists to empower young people to thrive. We have been on an exponential growth ,UX Designer - Birmingham,0,0,0.9997377395629883,0.00026226043701171875,0.8,1,BERT:bert_class_weighted,Class weight
1324,emscad_08897,CSI International is a professional building services company that takes pride in exceeding our customers’ expectations ,Front Desk Concierge (Luxury Condo),0,0,0.9995720386505127,0.0004279613494873047,0.8,1,BERT:bert_class_weighted,Class weight
1325,emscad_08907,We help teachers get safe & secure jobs abroad :),English Teacher Abroad,0,0,0.9997690916061401,0.00023090839385986328,0.8,1,BERT:bert_class_weighted,Class weight
1326,emscad_08920,Kettle is an independent digital agency based in New York City and the Bay Area. We’re committed to making digital do mo,Back-end Web Developer,0,0,0.9997668266296387,0.00023317337036132812,0.8,1,BERT:bert_class_weighted,Class weight
1327,emscad_08945,"Argenta Field Solutions values the client, creates income streams for them through our sales mechanism and focuses on qu","Sales, Assistant Manager & Market Manager Positions Available",0,0,0.999608039855957,0.00039196014404296875,0.8,1,BERT:bert_class_weighted,Class weight
1328,emscad_08961,Our passion for improving quality of life through geography is at the heart of everything we do. Esri’s geographic infor,Application Developer - SharePoint,0,0,0.9996387958526611,0.0003612041473388672,0.8,1,BERT:bert_class_weighted,Class weight
1329,emscad_08964,"Valor Services provides Workforce Solutions that meet the needs of companies across the Private Sector, with a special f",Senior Desktop Engineer,0,0,0.9997284412384033,0.0002715587615966797,0.8,1,BERT:bert_class_weighted,Class weight
1330,emscad_08965,RECENT GRADUATES APPLY ONLY!,Seeking Chef (Recent Graduate only),0,0,0.9978675842285156,0.002132415771484375,0.8,1,BERT:bert_class_weighted,Class weight
1331,emscad_08967,We Help Create Communities that Withstand the Test of Time,Maintenance Technician,0,0,0.99967360496521,0.00032639503479003906,0.8,1,BERT:bert_class_weighted,Class weight
1332,emscad_08971,Last modified: 2014.06.09.,Vice President of User Experience,0,0,0.9996993541717529,0.0003006458282470703,0.8,1,BERT:bert_class_weighted,Class weight
1333,emscad_08974,"Pricing Recruiters is the leading global resource for the procurement, vetting and placement of qualified, pricing and p",US Foods- Sr Pricing Analyst,0,0,0.9996993541717529,0.0003006458282470703,0.8,1,BERT:bert_class_weighted,Class weight
1334,emscad_08985,"Novitex Enterprise Solutions, formerly Pitney Bowes Management Services, delivers innovative document and communications",Customer Service Associate - Part Time,0,0,0.9997503757476807,0.00024962425231933594,0.8,1,BERT:bert_class_weighted,Class weight
1335,emscad_08994,Shirley Parsons LLC is a specialist recruitment consultancy working within the Environmental and Health & Safety markets,EHS Manager,0,0,0.999610185623169,0.0003898143768310547,0.8,1,BERT:bert_class_weighted,Class weight
1336,emscad_08995,We're working on a difficult and meaningful problem.,Senior interaction designer,0,0,0.99973464012146,0.00026535987854003906,0.8,1,BERT:bert_class_weighted,Class weight
1337,emscad_09007,This position will be working on a new software release.,Java Developer,0,0,0.9995574951171875,0.0004425048828125,0.8,1,BERT:bert_class_weighted,Class weight
1338,emscad_09011,We help teachers get safe & secure jobs abroad :),Graduates: English Teacher Abroad (Conversational),0,0,0.9997766017913818,0.00022339820861816406,0.8,1,BERT:bert_class_weighted,Class weight
1339,emscad_09013,CAKE is a marketing technology company providing the leading SaaS enterprise platform for real-time marketing intelligen,Sr SQL Developer,0,0,0.9997293949127197,0.00027060508728027344,0.8,1,BERT:bert_class_weighted,Class weight
1340,emscad_09014,We help teachers get safe & secure jobs abroad :),Graduates: English Teacher Abroad (Conversational),0,0,0.9997671842575073,0.00023281574249267578,0.8,1,BERT:bert_class_weighted,Class weight
1341,emscad_09017,"Valor Services provides Workforce Solutions that meet the needs of companies across the Private Sector, with a special f",Crawler Crane Operator,0,0,0.9997069835662842,0.0002930164337158203,0.8,1,BERT:bert_class_weighted,Class weight
1342,emscad_09021,we are a digital creative studio focused on UX & UI Design.,Front-End Developer,0,0,0.9997386932373047,0.0002613067626953125,0.8,1,BERT:bert_class_weighted,Class weight
1343,emscad_09026,Fashion Metric is looking for a team player who isn’t afraid to dig into data and try new things. We are changing the wa,Entry-Level Software Developer,0,0,0.9996025562286377,0.0003974437713623047,0.8,1,BERT:bert_class_weighted,Class weight
1344,emscad_09045,NFP is a leader in the delivery of benefits solutions for companies of all sizes and in the delivery of life insurance a,Benefit Analyst - NYC,0,0,0.99967360496521,0.00032639503479003906,0.8,1,BERT:bert_class_weighted,Class weight
1345,emscad_09050,"At McLane Intel, we believe that everyone should love where they work! We understand that our ongoing success is attribu",Project Engineers/Systems Engineers/Network Admins Tiers I-III,0,0,0.9997107982635498,0.0002892017364501953,0.8,1,BERT:bert_class_weighted,Class weight
1346,emscad_09052,Elite Environmental Group LLC. Provides staffing services and temporary employment opportunities for a wide range of cli,Have a TWIC card? RAPIDGate? Apply now!!!,0,0,0.9924812316894531,0.007518768310546875,0.8,1,BERT:bert_class_weighted,Class weight
1347,emscad_09057,Want to be part of a NZ success story that’s going places?,Supply Chain Manager,0,0,0.9996969699859619,0.00030303001403808594,0.8,1,BERT:bert_class_weighted,Class weight
1348,emscad_09070,We help teachers get safe & secure jobs abroad :),Graduates: English Teacher Abroad (Conversational),0,0,0.9997671842575073,0.00023281574249267578,0.8,1,BERT:bert_class_weighted,Class weight
1349,emscad_09085,Why CSD?,MN Domestic Violence Advocate (Part-time),0,0,0.9997053146362305,0.00029468536376953125,0.8,1,BERT:bert_class_weighted,Class weight
1350,emscad_09093,Why CSD?,Staff Interpreter,0,0,0.9996812343597412,0.00031876564025878906,0.8,1,BERT:bert_class_weighted,Class weight
1351,emscad_09099,"Awarded by Expatriate Lifestyle Magazine with 2013 Best Business Hotel Excellence Award , Le Meridien Kuala Lumpur is th",Restaurant Manager,1,1,0.0009765625,0.9990234375,0.8,1,BERT:bert_class_weighted,Class weight
1352,emscad_09101,#URL_3bd5deb27e3f065dd0b56f7a19abc37844def5d3ee69f357920cb1fe39fa8733# are the market leader in the UK car buying and re,Vehicle Purchaser,0,0,0.9997272491455078,0.0002727508544921875,0.8,1,BERT:bert_class_weighted,Class weight
1353,emscad_09102,Digital Brand Architects is a transformative boutique agency that expertly navigates the digital landscape through a two,Director of Business Development,0,0,0.9994363784790039,0.0005636215209960938,0.8,1,BERT:bert_class_weighted,Class weight
1354,emscad_09106,"We design, deploy, and maintain advanced technologies that enable our customers to achieve operational excellence at sub",Security Administrator,0,0,0.9997124671936035,0.0002875328063964844,0.8,1,BERT:bert_class_weighted,Class weight
1355,emscad_09117,We help teachers get safe & secure jobs abroad :),English Teacher Abroad,0,0,0.9997676610946655,0.00023233890533447266,0.8,1,BERT:bert_class_weighted,Class weight
1356,emscad_09128,Agency interviewing for live-in caregiver with one 24 hour per shift off a week. 2 day possibility if you are willing to,LIVE-IN CAREGIVER WITH TIME OFF,0,0,0.9990816116333008,0.0009183883666992188,0.8,1,BERT:bert_class_weighted,Class weight
1357,emscad_09131,"We're Food52, and we've created a groundbreaking and award-winning cooking site. We support, connect, and celebrate home",Social Media Manager,0,0,0.9997472763061523,0.00025272369384765625,0.8,1,BERT:bert_class_weighted,Class weight
1358,emscad_09135,"Empower America is mission driven to recruit, train and employ our military veterans into careers in renewable energy th",Military Veterans Wanted for Solar Energy Construction,0,0,0.9994997978210449,0.0005002021789550781,0.8,1,BERT:bert_class_weighted,Class weight
1359,emscad_09137,"At LendInvest fundamentally changing the way people think about their savings, investments and how you get a mortgage. W",Freelance // Content Specialist,0,0,0.9997565746307373,0.0002434253692626953,0.8,1,BERT:bert_class_weighted,Class weight
1360,emscad_09142,Upstream’s mission is to revolutionise the way companies market to consumers through cutting edge technology. This is an,Engagement Manager(Cameroon),0,0,0.9997005462646484,0.0002994537353515625,0.8,1,BERT:bert_class_weighted,Class weight
1361,emscad_09148,We help teachers get safe & secure jobs abroad :),English Teacher Abroad (Conversational),0,0,0.9997636079788208,0.00023639202117919922,0.8,1,BERT:bert_class_weighted,Class weight
1362,emscad_09149,United Med Force was created due to the high demand for elite sales professionals in the healthcare industry. United Med,Pharmaceutical / Compound Sales Representative- Florida,0,0,0.999687910079956,0.0003120899200439453,0.8,1,BERT:bert_class_weighted,Class weight
1363,emscad_09152,We help teachers get safe & secure jobs abroad :),Graduates: English Teacher Abroad (Conversational),0,0,0.9997671842575073,0.00023281574249267578,0.8,1,BERT:bert_class_weighted,Class weight
1364,emscad_09153,We help teachers get safe & secure jobs abroad :),Graduates: English Teacher Abroad (Conversational),0,0,0.9997671842575073,0.00023281574249267578,0.8,1,BERT:bert_class_weighted,Class weight
1365,emscad_09161,"At MAM, we are passionate about changing the culture of the mental health industry. We seek to de-fragment care, utilize",Intake Therapist,0,0,0.9996905326843262,0.0003094673156738281,0.8,1,BERT:bert_class_weighted,Class weight
1366,emscad_09177,Established on the principles that full time education is not for everyone Spectrum Learning is made up of a team of pas,Manchester Apprentice Office Administrator Under NAS 16-18 Year Olds Only,0,0,0.9997565746307373,0.0002434253692626953,0.8,1,BERT:bert_class_weighted,Class weight
1367,emscad_09189,Why CSD?,Account Executive (Eastern Region),0,0,0.9996843338012695,0.00031566619873046875,0.8,1,BERT:bert_class_weighted,Class weight
1368,emscad_09192,Shirley Parsons LLC is a specialist recruitment consultancy working within the Environmental and Health & Safety markets,National EHS Manager,0,0,0.9997236728668213,0.00027632713317871094,0.8,1,BERT:bert_class_weighted,Class weight
1369,emscad_09212,Why CSD?,Accountant,0,0,0.9996981620788574,0.0003018379211425781,0.8,1,BERT:bert_class_weighted,Class weight
1370,emscad_09213,Why CSD?,UX Designer,0,0,0.9997503757476807,0.00024962425231933594,0.8,1,BERT:bert_class_weighted,Class weight
1371,emscad_09222,CallCentre People Recruitment is recognised as being specialists within the CallCentre industry.,Contract Administrator,0,0,0.9996519088745117,0.00034809112548828125,0.8,1,BERT:bert_class_weighted,Class weight
1372,emscad_09230,Why CSD?,Minnesota Part time Maintenance,0,0,0.9997203350067139,0.0002796649932861328,0.8,1,BERT:bert_class_weighted,Class weight
1373,emscad_09250,MarketInvoice is one of the most high-profile London based fin-tech companies. The Company is Europe’s leading P2P invoi,Sales Analyst,0,0,0.999748706817627,0.0002512931823730469,0.8,1,BERT:bert_class_weighted,Class weight
1374,emscad_09252,"ABC Supply Co., Inc. is the nation’s largest wholesale distributor of roofing and one of the largest distributors of sid",CDL Driver-Gurnee,0,0,0.9996049404144287,0.00039505958557128906,0.8,1,BERT:bert_class_weighted,Class weight
1375,emscad_09258,Corporate overview,CAD Operator,1,1,0.00048828125,0.99951171875,0.8,1,BERT:bert_class_weighted,Class weight
1376,emscad_09290,"Babbel enables anyone to learn languages in an easy and interactive way. The learning system offers 13 languages, from E",Graphic Designer,0,0,0.9996788501739502,0.0003211498260498047,0.8,1,BERT:bert_class_weighted,Class weight
1377,emscad_09297,Digital Brand Architects is a transformative boutique agency that expertly navigates the digital landscape through a two,Managing Director,0,0,0.9994988441467285,0.0005011558532714844,0.8,1,BERT:bert_class_weighted,Class weight
1378,emscad_09317,Established on the principles that full time education is not for everyone Spectrum Learning is made up of a team of pas,PL15 9LR Resourcer Apprenticeship Under NAS 16-18 Year Olds Only,0,0,0.9997676610946655,0.00023233890533447266,0.8,1,BERT:bert_class_weighted,Class weight
1379,emscad_09327,Position: BIG DATA - Hadoop Designer,Big Data - Hadoop Designer,0,0,0.9979381561279297,0.0020618438720703125,0.8,1,BERT:bert_class_weighted,Class weight
1380,emscad_09329,"Intercom ( #URL_cb674f93cbcd215a3a0a57a8615a565545949eead8adbbc73307c26d6a6af81b# ) is a simple, personal messaging serv","Senior Software Engineer, Production Engineering",0,0,0.9997551441192627,0.0002448558807373047,0.8,1,BERT:bert_class_weighted,Class weight
1381,emscad_09334,Zylun is expanding the recruiting landscape for companies worldwide. We help businesses better compete and increase prof,ANDROID DEVELOPER,0,0,0.9997045993804932,0.00029540061950683594,0.8,1,BERT:bert_class_weighted,Class weight
1382,emscad_09335,We're hiring!,Reservations Team Leader,0,0,0.9997119903564453,0.0002880096435546875,0.8,1,BERT:bert_class_weighted,Class weight
1383,emscad_09336,We are a family run business that has been in operation for nearly 40 years. We value long term relationships and want t,Internet Coordinator,0,0,0.9997236728668213,0.00027632713317871094,0.8,1,BERT:bert_class_weighted,Class weight
1384,emscad_09339,we are a digital creative studio focused on UX & UI Design.,Ruby On Rails Developer,0,0,0.9997386932373047,0.0002613067626953125,0.8,1,BERT:bert_class_weighted,Class weight
1385,emscad_09341,About the Company We are ticketscript - the European market leaders in digital self-ticketing. Whether it’s massive danc,Sales Manager NL,0,0,0.9997241497039795,0.0002758502960205078,0.8,1,BERT:bert_class_weighted,Class weight
1386,emscad_09356,Established on the principles that full time education is not for everyone Spectrum Learning is made up of a team of pas,BB11 5TD Business Admin Apprenticeship Under NAS 16-18 Year Olds Only,0,0,0.9997690916061401,0.00023090839385986328,0.8,1,BERT:bert_class_weighted,Class weight
1387,emscad_09362,"WillDom is a top notch IT Outsourcing Business Ecosystem, where each member contributes in creating world class value. W",iOS Developer,0,0,0.9997124671936035,0.0002875328063964844,0.8,1,BERT:bert_class_weighted,Class weight
1388,emscad_09381,We help teachers get safe & secure jobs abroad :),Graduates: English Teacher Abroad (Conversational),0,0,0.9997671842575073,0.00023281574249267578,0.8,1,BERT:bert_class_weighted,Class weight
1389,emscad_09384,Established on the principles that full time education is not for everyone Spectrum Learning is made up of a team of pas,BB11 5TD Business Admin Apprenticeship Under NAS 16-18 Year Olds Only,0,0,0.9997690916061401,0.00023090839385986328,0.8,1,BERT:bert_class_weighted,Class weight
1390,emscad_09395,Visual BI is one of the leading and fastest growing firms focusing exclusively on BI & Analytics. Our offerings cover en,Graduate Intern - Python and Mongo DB,0,0,0.9996252059936523,0.00037479400634765625,0.8,1,BERT:bert_class_weighted,Class weight
1391,emscad_09397,Meet our team on the About page,Software Engineer,0,0,0.9997503757476807,0.00024962425231933594,0.8,1,BERT:bert_class_weighted,Class weight
1392,emscad_09400,"As a maestro commands notes, instruments and timing to produce a symphony, an ideal website content management system (C",Web ASP.NET/C# Developer (Remote),0,0,0.9997267723083496,0.0002732276916503906,0.8,1,BERT:bert_class_weighted,Class weight
1393,emscad_09401,We help teachers get safe & secure jobs abroad :),Graduates: English Teacher Abroad,0,0,0.9997704029083252,0.0002295970916748047,0.8,1,BERT:bert_class_weighted,Class weight
1394,emscad_09417,"Novitex Enterprise Solutions, formerly Pitney Bowes Management Services, delivers innovative document and communications",Customer Service Associate,0,0,0.9997377395629883,0.00026226043701171875,0.8,1,BERT:bert_class_weighted,Class weight
1395,emscad_09423,We are a visual technology startup pioneering powerful immersive experiences for next generation wearable displays. Cond,Office Manager/ Production Assistant,0,0,0.9997258186340332,0.0002741813659667969,0.8,1,BERT:bert_class_weighted,Class weight
1396,emscad_09428,InVision is a venture-backed startup working to create the world's best design communication and collaboration platform.,Marketing Events Coordinator (remote/telecommute),0,0,0.9997546672821045,0.0002453327178955078,0.8,1,BERT:bert_class_weighted,Class weight
1397,emscad_09433,Can data be a thing of beauty? We think so.,QA Engineer (Selenium),0,0,0.9997597932815552,0.00024020671844482422,0.8,1,BERT:bert_class_weighted,Class weight
1398,emscad_09438,We Provide Full Time Permanent Positions for many medium to large US companies. We are interested in finding/recruiting ,Manufacturing Engineering - Lean Manufacture,0,0,0.9997508525848389,0.0002491474151611328,0.8,1,BERT:bert_class_weighted,Class weight
1399,emscad_09443,Established on the principles that full time education is not for everyone Spectrum Learning is made up of a team of pas,WF4 Customer Service Apprenticeship Under NAS 16-18 Year Olds Only,0,0,0.999771237373352,0.00022876262664794922,0.8,1,BERT:bert_class_weighted,Class weight
1400,emscad_09449,Shop Hers is the only peer-to-peer marketplace dedicated exclusively to pre-owned designer fashion. We curate a communit,Graphic Designer,0,0,0.9997448921203613,0.0002551078796386719,0.8,1,BERT:bert_class_weighted,Class weight
1401,emscad_09477,"Optimy is a fast-growing company that develops and sells a unique solution (as a SaaS web- application) for sponsorship,","Native English speaking Account Manager (plus DE, ES and/or IT)",0,0,0.9997472763061523,0.00025272369384765625,0.8,1,BERT:bert_class_weighted,Class weight
1402,emscad_09478,"Boxbee is the Storage Valet Service. We are a startup and also a real, revenue generating business. We help people manag",VP of Engineering,0,0,0.9997398853302002,0.0002601146697998047,0.8,1,BERT:bert_class_weighted,Class weight
1403,emscad_09479,#URL_73cd1d86897d9c7b653551bab4d3554986c583bd9228d2ca840002eaa46e3163# is a cloud infrastructure services provider and i,Director of Marketing,0,0,0.999539852142334,0.0004601478576660156,0.8,1,BERT:bert_class_weighted,Class weight
1404,emscad_09485,Rich Media Sales Manager,Rich Media Sales Manager FI,0,0,0.9996011257171631,0.00039887428283691406,0.8,1,BERT:bert_class_weighted,Class weight
1405,emscad_09490,"Maybe you’ve got an ear for rhythm, an eye for detail, a mind for research — and a stomach for revision, revision, revis",Fall Internship,0,0,0.9996685981750488,0.0003314018249511719,0.8,1,BERT:bert_class_weighted,Class weight
1406,emscad_09491,Inviting inspirational individuals,C#/ASP.net/SQL/jQuery Web Application Developer,0,0,0.9997565746307373,0.0002434253692626953,0.8,1,BERT:bert_class_weighted,Class weight
1407,emscad_09493,Millionaires In Training Recruiting Group specializes in placing qualified job seekers in the most successful direct sal,Green Mountain Energy Sales Representative,0,0,0.9996118545532227,0.00038814544677734375,0.8,1,BERT:bert_class_weighted,Class weight
1408,emscad_09497,Established on the principles that full time education is not for everyone Spectrum Learning is made up of a team of pas,We are recruiting fragrance and beauty promotional staff in London,0,0,0.9997717142105103,0.0002282857894897461,0.8,1,BERT:bert_class_weighted,Class weight
1409,emscad_09502,"Since Pilot is dynamically developing, we are constantly looking for new people to join our team. If you want to be a pa",Front-end JavaScript Developer,0,0,0.9996645450592041,0.00033545494079589844,0.8,1,BERT:bert_class_weighted,Class weight
1410,emscad_09521,Unify — formerly known as Siemens Enterprise Communications — is a premier communications software and services firms. O,Interaction Designer,0,0,0.999704122543335,0.00029587745666503906,0.8,1,BERT:bert_class_weighted,Class weight
1411,emscad_09528,Our History,Inside Sales Representative (Phoenix),0,0,0.9995026588439941,0.0004973411560058594,0.8,1,BERT:bert_class_weighted,Class weight
1412,emscad_09535,"Based in the heart of the City, this exceptional opportunity as Team Leader Concierge in a fast-growing tech start-up is",Team Leader Concierge,0,0,0.9997086524963379,0.0002913475036621094,0.8,1,BERT:bert_class_weighted,Class weight
1413,emscad_09539,"Diamond Graphics is looking for an eager, assertive, enthusiastic individual to prepare our customer invoices and attend",Office Manager,0,0,0.998448371887207,0.0015516281127929688,0.8,1,BERT:bert_class_weighted,Class weight
1414,emscad_09560,Roland & Associates is a Corporate Recruitment Organization providing solutions to Global MNC’s for the past 12 years.,Occupational Physical Therapist,0,0,0.9996659755706787,0.00033402442932128906,0.8,1,BERT:bert_class_weighted,Class weight
1415,emscad_09564,"Farmigo, a well funded Startup , develops a platform for consumers to make healthy eating part of their everyday lives b",FrontEnd Developer,0,0,0.9997131824493408,0.0002868175506591797,0.8,1,BERT:bert_class_weighted,Class weight
1416,emscad_09567,Acknowledgement helps brands and organisations achieve their ambition through digital innovation and digital transformat,Technical Solutions Architect,0,0,0.999761700630188,0.00023829936981201172,0.8,1,BERT:bert_class_weighted,Class weight
1417,emscad_09578,We help teachers get safe & secure jobs abroad :),English Teacher Abroad,0,0,0.9997690916061401,0.00023090839385986328,0.8,1,BERT:bert_class_weighted,Class weight
1418,emscad_09592,"Founded By Entrepreneurs, For Entrepreneurs",Growth / Online Marketing Specialist,0,0,0.9997612237930298,0.00023877620697021484,0.8,1,BERT:bert_class_weighted,Class weight
1419,emscad_09594,"AREA 17 is an interactive agency. We take an interdisciplinary approach — blending the practices of design, technology a",Internship Program,0,0,0.9997372627258301,0.0002627372741699219,0.8,1,BERT:bert_class_weighted,Class weight
1420,emscad_09606,MRSI is a nonprofit organization established in 1977 by a group of parents and professionals as a local alternative to t,Direct Support Professional- Part-time,0,0,0.9996685981750488,0.0003314018249511719,0.8,1,BERT:bert_class_weighted,Class weight
1421,emscad_09607,"We have immediate requirement for OIM Developer to work from our office located Edison, NJ. This is a Full Time position",OIM Developer,0,0,0.9992399215698242,0.0007600784301757812,0.8,1,BERT:bert_class_weighted,Class weight
1422,emscad_09610,"Babbel enables anyone to learn languages in an easy and interactive way. The learning system offers 13 languages, from E",QA Engineer - Mobile,0,0,0.9996976852416992,0.00030231475830078125,0.8,1,BERT:bert_class_weighted,Class weight
1423,emscad_09612,Zylun’s mission is to help small and medium size enterprises take advantage of a highly skilled global workforce in a si,PPC SPECIALIST,0,0,0.9996750354766846,0.0003249645233154297,0.8,1,BERT:bert_class_weighted,Class weight
1424,emscad_09617,We are looking for a Senior Engineer to help us transition software from an internal ETL tool into SSIS. The candidate w,Software Engineer - SSIS/SQL/ETL,0,0,0.9995424747467041,0.00045752525329589844,0.8,1,BERT:bert_class_weighted,Class weight
1425,emscad_09634,"Critical Nurse Staffing, Inc. is enrolled with the U.S Department of Labor to provide nursing care to the former defense","Human Resource Generalist & Benefits Coordinator--Grand Junction, CO",0,0,0.9996170997619629,0.0003829002380371094,0.8,1,BERT:bert_class_weighted,Class weight
1426,emscad_09637,InVision is a venture-backed startup working to create the world's best design communication and collaboration platform.,Engineering Project/Program Manager (remote/telecommute),0,0,0.9997560977935791,0.00024390220642089844,0.8,1,BERT:bert_class_weighted,Class weight
1427,emscad_09641,We help teachers get safe & secure jobs abroad :),English Teacher Abroad,0,0,0.9997690916061401,0.00023090839385986328,0.8,1,BERT:bert_class_weighted,Class weight
1428,emscad_09647,I am currently seeking for an AS SON Engineer within the Global Mobility to help customers maximize network Optimization,Advanced Services SON Engineer,0,0,0.9991240501403809,0.0008759498596191406,0.8,1,BERT:bert_class_weighted,Class weight
1429,emscad_09648,Multiple 2nd and 3rd shift production positions available!,2nd/ 3rd Shift Production Workers,0,0,0.9188232421875,0.0811767578125,0.8,1,BERT:bert_class_weighted,Class weight
1430,emscad_09656,We need data scientists who love digging into all kinds of data to uncover actionable insights. Building predictive mode,Data Scientist,0,0,0.9997403621673584,0.00025963783264160156,0.8,1,BERT:bert_class_weighted,Class weight
1431,emscad_09662,Our Mission,.NET Integration Engineer,0,0,0.9996452331542969,0.000354766845703125,0.8,1,BERT:bert_class_weighted,Class weight
1432,emscad_09666,Who are we?,Senior Web Developer,0,0,0.9997546672821045,0.0002453327178955078,0.8,1,BERT:bert_class_weighted,Class weight
1433,emscad_09672,Soft ware Com petitiveness International (SOFTCOM INTERNATIONAL) is characterized for personel excellence .,Senior Java developers (Java SE),0,0,0.9997034072875977,0.00029659271240234375,0.8,1,BERT:bert_class_weighted,Class weight
1434,emscad_09676,Established on the principles that full time education is not for everyone Spectrum Learning is made up of a team of pas,S20 1AH Business Admin Apprenticeship Available Under NAS 16-18 year olds only!,0,0,0.999771237373352,0.00022876262664794922,0.8,1,BERT:bert_class_weighted,Class weight
1435,emscad_09678,Forward3D is the largest independent digital marketing agency in Britain. We run cutting edge digital marketing campaign,Receptionist - 10 hours a week,0,0,0.9997730255126953,0.0002269744873046875,0.8,1,BERT:bert_class_weighted,Class weight
1436,emscad_09679,We help teachers get safe & secure jobs abroad :),Graduates: English Teacher Abroad,0,0,0.9997704029083252,0.0002295970916748047,0.8,1,BERT:bert_class_weighted,Class weight
1437,emscad_09686,"At Atlas Lift Tech, safety always comes first! We are a fast growing company with an innovative vision of making Safe Pa","EMTs (Lift Coaches) Houston, Texas",0,0,0.9996552467346191,0.0003447532653808594,0.8,1,BERT:bert_class_weighted,Class weight
1438,emscad_09692,"The RealReal is changing the way people buy and sell luxury items. The leader in luxury resale, the company is a full se",Job Fair,0,0,0.9995343685150146,0.00046563148498535156,0.8,1,BERT:bert_class_weighted,Class weight
1439,emscad_09703,"#URL_4c6bc63de61f061bc6762d678d5e25f0932ab1be7b0421b1862c5abee0444ce4#, is Americas largest online distributor of HVAC p",HVAC Technician - Product Support,0,0,0.9996819496154785,0.0003180503845214844,0.8,1,BERT:bert_class_weighted,Class weight
1440,emscad_09710,"Daily Secret is one of the fastest growing digital media brand for premium audiences around the world, serving 1.8 milli",Freelance Copy Editor - English,0,0,0.9997532367706299,0.0002467632293701172,0.8,1,BERT:bert_class_weighted,Class weight
1441,emscad_09711,What are you going to do?,.NET Developer,0,0,0.9996976852416992,0.00030231475830078125,0.8,1,BERT:bert_class_weighted,Class weight
1442,emscad_09712,"Babbel enables anyone to learn languages in an easy and interactive way. The learning system offers 13 languages, from E",Backend Engineer (Payment),0,0,0.9997069835662842,0.0002930164337158203,0.8,1,BERT:bert_class_weighted,Class weight
1443,emscad_09721,We help teachers get safe & secure jobs abroad :),Graduates: English Teacher Abroad,0,0,0.9997704029083252,0.0002295970916748047,0.8,1,BERT:bert_class_weighted,Class weight
1444,emscad_09726,We help teachers get safe & secure jobs abroad :),English Teacher Abroad,0,0,0.9997690916061401,0.00023090839385986328,0.8,1,BERT:bert_class_weighted,Class weight
1445,emscad_09730,Crisp Thinking is the worldwide expert in protecting major brands from Social Media and User Generated Content risks. A ,Executive Assistant / Office Manager,0,0,0.9997494220733643,0.0002505779266357422,0.8,1,BERT:bert_class_weighted,Class weight
1446,emscad_09735,Our vision is to be the accountant and financial advisor of choice for medical practitioners across Australia.,Client Services Coordinator - Accounting,0,0,0.9997034072875977,0.00029659271240234375,0.8,1,BERT:bert_class_weighted,Class weight
1447,emscad_09741,We help teachers get safe & secure jobs abroad :),English Teacher Overseas,0,0,0.9997686147689819,0.0002313852310180664,0.8,1,BERT:bert_class_weighted,Class weight
1448,emscad_09742,We help teachers get safe & secure jobs abroad :),English Teacher Abroad,0,0,0.9997690916061401,0.00023090839385986328,0.8,1,BERT:bert_class_weighted,Class weight
1449,emscad_09744,"WellAware is an oil field communications and software-as-a-service (SaaS) company based in San Antonio, TX that provides",Senior Software Engineer - iOS,0,0,0.9996614456176758,0.00033855438232421875,0.8,1,BERT:bert_class_weighted,Class weight
1450,emscad_09764,"""Play anything on your TV at anytime with the tap of a finger"" - sounds like a lazy man's ambition, doesn't it? Teewe is",Mobile Developer Intern,0,0,0.9997131824493408,0.0002868175506591797,0.8,1,BERT:bert_class_weighted,Class weight
1451,emscad_09768,ABOUT VERTO Verto Partners is a premier corporate performance acceleration firm that works with middle market companies ,Chief Financial Officer - Leading Packaging Company,0,0,0.9996223449707031,0.000377655029296875,0.8,1,BERT:bert_class_weighted,Class weight
1452,emscad_09783,We help teachers get safe & secure jobs abroad :),English Teacher Abroad,0,0,0.9997690916061401,0.00023090839385986328,0.8,1,BERT:bert_class_weighted,Class weight
1453,emscad_09800,The Beans Group is a media company that exists to empower young people to thrive. We have been on an exponential growth ,Deputy Editor,0,0,0.9997341632843018,0.0002658367156982422,0.8,1,BERT:bert_class_weighted,Class weight
1454,emscad_09816,Job Purpose Summary,Portuguese speaking Team Leader - Malta,0,0,0.9988527297973633,0.0011472702026367188,0.8,1,BERT:bert_class_weighted,Class weight
1455,emscad_09827,"As augmented reality jobs go, one at Blippar is hard to beat. We are a rapidly expanding creative startup at the forefro",Business Development Manager,0,0,0.9997607469558716,0.00023925304412841797,0.8,1,BERT:bert_class_weighted,Class weight
1456,emscad_09828,We believe in a smarter workplace.,Back-end Developer - Financial/Retirement Modeling Tools,0,0,0.9997676610946655,0.00023233890533447266,0.8,1,BERT:bert_class_weighted,Class weight
1457,emscad_09845,"Ryanair is Europe’s favourite low fares airline, operating more than 1,600 daily flights (over 500,000 per year) from 69",SEP Instructor,0,0,0.9995298385620117,0.00047016143798828125,0.8,1,BERT:bert_class_weighted,Class weight
1458,emscad_09853,Jiffy Worldwide is the parent company of the Jiffy Group of Companies. Jiffy operates a mobile application development c,Scrum Product Owner,0,0,0.9996070861816406,0.000392913818359375,0.8,1,BERT:bert_class_weighted,Class weight
1459,emscad_09863,"Symphony Space, a two-theatre, not-for-profit performing arts center at 95th & Broadway in New York City, seeks an energ",Assistant Director of Interactive Marketing and New Media,0,0,0.9996185302734375,0.0003814697265625,0.8,1,BERT:bert_class_weighted,Class weight
1460,emscad_09876,Established on the principles that full time education is not for everyone Spectrum Learning is made up of a team of pas,SK17 9SN Business Admin Apprenticeship available under NAS 16-24 year olds only!,0,0,0.9997653961181641,0.0002346038818359375,0.8,1,BERT:bert_class_weighted,Class weight
1461,emscad_09890,"To Perivoli sti Vari is an urban orchard. Its 4 hectars offer a wealth of educational, eco-minded and avant-garde agricu",Office Manager,0,0,0.999586820602417,0.0004131793975830078,0.8,1,BERT:bert_class_weighted,Class weight
1462,emscad_09906,Massive Media is the social media company behind the successful digital brands #URL_18234f381f5e7b9a9ffdc727cd05c9046edf,(Assistant) Accountant,0,0,0.9997005462646484,0.0002994537353515625,0.8,1,BERT:bert_class_weighted,Class weight
1463,emscad_09910,"As the premier design studio in Queens, we craft beautiful work using the latest technology and solve design problems th",Experienced Production Designer,0,0,0.9997560977935791,0.00024390220642089844,0.8,1,BERT:bert_class_weighted,Class weight
1464,emscad_09915,Why CSD?,Minnesota Part time Maintenance Technician,0,0,0.9997186660766602,0.00028133392333984375,0.8,1,BERT:bert_class_weighted,Class weight
1465,emscad_09936,We help teachers get safe & secure jobs abroad :),Graduates: English Teacher Abroad,0,0,0.9997704029083252,0.0002295970916748047,0.8,1,BERT:bert_class_weighted,Class weight
1466,emscad_09940,Solar electricity is the way of the future! We are focused on bringing solar to homeowners in a simple solution with no ,Paint & Stucco Specialist,0,0,0.9997341632843018,0.0002658367156982422,0.8,1,BERT:bert_class_weighted,Class weight
1467,emscad_09941,"ABC Supply Co., Inc. is the nation’s largest wholesale distributor of roofing and one of the largest distributors of sid",Outside Sales Professional-Savage,0,0,0.9996070861816406,0.000392913818359375,0.8,1,BERT:bert_class_weighted,Class weight
1468,emscad_09950,Quiénes Somos,Lead Engineer,0,0,0.9986696243286133,0.0013303756713867188,0.8,1,BERT:bert_class_weighted,Class weight
1469,emscad_09953,Kovert Designs is an Electronic and Fashion Design Company based in London. The team is made up of Hardware Design Engin,iOS Developer,0,0,0.9997215270996094,0.000278472900390625,0.8,1,BERT:bert_class_weighted,Class weight
1470,emscad_09954,MediaMonks is the biggest creative digital production company on the planet . We specialize in working for and with adve,Front-End Developer,0,0,0.999748706817627,0.0002512931823730469,0.8,1,BERT:bert_class_weighted,Class weight
1471,emscad_09955,"Talent Inc., is redefining how job seekers brand themselves to employers. As the largest resume writing service in the c",Freelance Writers Wanted!,0,0,0.9996685981750488,0.0003314018249511719,0.8,1,BERT:bert_class_weighted,Class weight
1472,emscad_09971,47Billion is a Product engineering and Experience design company that delivers state-of-the-art solutions. We provide en,Visual UI Designer,0,0,0.9997546672821045,0.0002453327178955078,0.8,1,BERT:bert_class_weighted,Class weight
1473,emscad_09977,Motwin Platform is the leading device-oriented data orchestration layer enabling mission-critical developers to quickly ,Technical Project Manager,0,0,0.9997124671936035,0.0002875328063964844,0.8,1,BERT:bert_class_weighted,Class weight
1474,emscad_09980,We Provide Full Time Permanent Positions for many medium to large US companies. We are interested in finding/recruiting ,"Plant Manager - SAP Lean Manufacturing - Phenix City, AL",0,0,0.9996678829193115,0.00033211708068847656,0.8,1,BERT:bert_class_weighted,Class weight
1475,emscad_09993,"For over 20 years NAC Marketing Company, LLC d/b/a New Vitality has helped people be healthy and live better by marketin",Inbound Sales Representatives,0,0,0.9996380805969238,0.0003619194030761719,0.8,1,BERT:bert_class_weighted,Class weight
1476,emscad_09997,United Cerebral Palsy of Oregon & SW Washington (UCP) supports adults with all kinds of developmental disabilities (not ,Support Specialist,0,0,0.9997279644012451,0.0002720355987548828,0.8,1,BERT:bert_class_weighted,Class weight
1477,emscad_10001,United Cerebral Palsy of Oregon & SW Washington (UCP) supports adults with all kinds of developmental disabilities (not ,Weekend Caregiver for a Hip Young Man,0,0,0.9997386932373047,0.0002613067626953125,0.8,1,BERT:bert_class_weighted,Class weight
1478,emscad_10007,Balanced Labs exists to provide accountants and small businesses everywhere with a better life through intelligent and e,Senior Product Marketer,0,0,0.9992680549621582,0.0007319450378417969,0.8,1,BERT:bert_class_weighted,Class weight
1479,emscad_10019,KeyMe is a robotics company based in NYC. We have a fun and laid back culture with highly motivated team members. Our fo,Ruby on Rails Developer,0,0,0.9997458457946777,0.0002541542053222656,0.8,1,BERT:bert_class_weighted,Class weight
1480,emscad_10022,Balanced Labs exists to provide accountants and small businesses everywhere with a better life through intelligent and e,Senior and/or Founding UX/UI Designer,0,0,0.9996323585510254,0.0003676414489746094,0.8,1,BERT:bert_class_weighted,Class weight
1481,emscad_10032,"Infolob Solutions is a leader in Managed IT services, Enterprise Application Software, IT staffing and Consulting and Ap",Sr. Security Test Analyst,0,0,0.9996898174285889,0.0003101825714111328,0.8,1,BERT:bert_class_weighted,Class weight
1482,emscad_10034,"Our work at HPS is collaborative, centered on a fun, team-oriented environment. It is also extremely challenging. We foc",Fall Public Affairs Internship,0,0,0.9996140003204346,0.0003859996795654297,0.8,1,BERT:bert_class_weighted,Class weight
1483,emscad_10036,Tel Tech Networks is a Voice/Data/Video/Security systems contractor operating primarily in the Southwestern United State,Fiber Technician,0,0,0.999586820602417,0.0004131793975830078,0.8,1,BERT:bert_class_weighted,Class weight
1484,emscad_10043,About us:,Lead Instructor: UX Design,0,0,0.9996964931488037,0.00030350685119628906,0.8,1,BERT:bert_class_weighted,Class weight
1485,emscad_10062,We help teachers get safe & secure jobs abroad :),English Teacher Abroad,0,0,0.9997690916061401,0.00023090839385986328,0.8,1,BERT:bert_class_weighted,Class weight
1486,emscad_10068,We Provide Full Time Permanent Positions for many medium to large US companies. We are interested in finding/recruiting ,"Manufacturing Engineer - Aiken, SC",0,0,0.999666690826416,0.0003333091735839844,0.8,1,BERT:bert_class_weighted,Class weight
1487,emscad_10078,Envision Consulting conducts retained searches for nonprofit clients seeking to expand and enhance their mission through,Chief Development Officer,0,0,0.9996969699859619,0.00030303001403808594,0.8,1,BERT:bert_class_weighted,Class weight
1488,emscad_10083,All American classics is a leading fundraising as a service (FaaS) company that helps nonprofit leaders raise money thro,Demand Generation Specialist,0,0,0.9997191429138184,0.0002808570861816406,0.8,1,BERT:bert_class_weighted,Class weight
1489,emscad_10084,"Tidewater Finance Co. was established in 1992 for the initial purpose of purchasing, and servicing retail installment co",Contact Center Representatives,0,0,0.9996588230133057,0.00034117698669433594,0.8,1,BERT:bert_class_weighted,Class weight
1490,emscad_10096,"Infolob Solutions is a leader in Managed IT services, Enterprise Application Software, IT staffing and Consulting and Ap",Oracle Mfg Functional Lead,0,0,0.9996929168701172,0.0003070831298828125,0.8,1,BERT:bert_class_weighted,Class weight
1491,emscad_10110,"Typeform is a tech start-up which is transforming data collection into a flexible, intuitive and incredibly engaging use",SysAdmin,0,0,0.9997503757476807,0.00024962425231933594,0.8,1,BERT:bert_class_weighted,Class weight
1492,emscad_10115,"Novitex Enterprise Solutions, formerly Pitney Bowes Management Services, delivers innovative document and communications",Customer Service Associate,0,0,0.9997315406799316,0.0002684593200683594,0.8,1,BERT:bert_class_weighted,Class weight
1493,emscad_10132,"Christopherson Business Travel is the independently owned leader in intelligent business travel management, online trave",Group Assistant,0,0,0.9991440773010254,0.0008559226989746094,0.8,1,BERT:bert_class_weighted,Class weight
1494,emscad_10149,"For over 15 years, CaseNEX has been a leader in the education technology industry and continues to provide flexible and ",JavaScript Developer,0,0,0.999701738357544,0.0002982616424560547,0.8,1,BERT:bert_class_weighted,Class weight
1495,emscad_10155,"Providing luxurious menswear such as suits, shirts, neckwear and accessories for the tailored gentleman.",Sale Representatives,0,0,0.9995899200439453,0.0004100799560546875,0.8,1,BERT:bert_class_weighted,Class weight
1496,emscad_10164,"Novitex Enterprise Solutions, formerly Pitney Bowes Management Services, delivers innovative document and communications",Customer Service Associate - Part Time,0,0,0.9997458457946777,0.0002541542053222656,0.8,1,BERT:bert_class_weighted,Class weight
1497,emscad_10166,Workable is a venture-backed startup making cloud-based recruitment software for fast-growing companies around the world,Domain Expert,0,0,0.9997358322143555,0.00026416778564453125,0.8,1,BERT:bert_class_weighted,Class weight
1498,emscad_10167,We help teachers get safe & secure jobs abroad :),English Teacher Abroad,0,0,0.9997690916061401,0.00023090839385986328,0.8,1,BERT:bert_class_weighted,Class weight
1499,emscad_10169,"We're an emerging technology agency, and we build breakthrough products through user-centered design. We're building a t","Director, Client Services & Business Strategy",0,0,0.9993710517883301,0.0006289482116699219,0.8,1,BERT:bert_class_weighted,Class weight
1500,emscad_10171,"Novitex Enterprise Solutions, formerly Pitney Bowes Management Services, delivers innovative document and communications",Customer Service Technical Specialist,0,0,0.999739408493042,0.0002605915069580078,0.8,1,BERT:bert_class_weighted,Class weight
1501,emscad_10188,"Novitex Enterprise Solutions, formerly Pitney Bowes Management Services, delivers innovative document and communications",Messenger Courier,0,0,0.9997453689575195,0.00025463104248046875,0.8,1,BERT:bert_class_weighted,Class weight
1502,emscad_10192,"Novitex Enterprise Solutions, formerly Pitney Bowes Management Services, delivers innovative document and communications",Customer Service Team Lead,0,0,0.999748706817627,0.0002512931823730469,0.8,1,BERT:bert_class_weighted,Class weight
1503,emscad_10193,About,Technical Support Associate,0,0,0.9997372627258301,0.0002627372741699219,0.8,1,BERT:bert_class_weighted,Class weight
1504,emscad_10201,"#URL_c59e83e0460115b6817e5222a26b0e0f821ffad0ef2167b473cb66e5e7192142# is the creator of the first ""Everywhere"" social n",VP Strategic & Partnerships,0,0,0.9997546672821045,0.0002453327178955078,0.8,1,BERT:bert_class_weighted,Class weight
1505,emscad_10211,"Based in Hoxton, London, Forward Partners are a “startup catalyst”, combining investment with practical hands-on experti",Investment Associate,0,0,0.9997602701187134,0.0002397298812866211,0.8,1,BERT:bert_class_weighted,Class weight
1506,emscad_10241,"Novitex Enterprise Solutions, formerly Pitney Bowes Management Services, delivers innovative document and communications",Customer Service Techincal Specialist - Part Time,0,0,0.999730110168457,0.00026988983154296875,0.8,1,BERT:bert_class_weighted,Class weight
1507,emscad_10249,"Novitex Enterprise Solutions, formerly Pitney Bowes Management Services, delivers innovative document and communications",Customer Service Team Lead,0,0,0.999739408493042,0.0002605915069580078,0.8,1,BERT:bert_class_weighted,Class weight
1508,emscad_10251,"Conversion Factory works with a growing list of European and US clients, boosting their conversion rates and turning mor",JavaScript Frontend Developer,0,0,0.9997513294219971,0.0002486705780029297,0.8,1,BERT:bert_class_weighted,Class weight
1509,emscad_10252,Established on the principles that full time education is not for everyone Spectrum Learning is made up of a team of pas,Kitchen manager/Chef,0,0,0.999764084815979,0.0002359151840209961,0.8,1,BERT:bert_class_weighted,Class weight
1510,emscad_10253,Java Web Developers - Fulltime,Java Web Developers - Fulltime,0,0,0.9996352195739746,0.0003647804260253906,0.8,1,BERT:bert_class_weighted,Class weight
1511,emscad_10260,"Novitex Enterprise Solutions, formerly Pitney Bowes Management Services, delivers innovative document and communications",Lobby Ambassador,0,0,0.9997463226318359,0.0002536773681640625,0.8,1,BERT:bert_class_weighted,Class weight
1512,emscad_10265,"Novitex Enterprise Solutions, formerly Pitney Bowes Management Services, delivers innovative document and communications",Customer Service Associate - Part Time,0,0,0.9997403621673584,0.00025963783264160156,0.8,1,BERT:bert_class_weighted,Class weight
1513,emscad_10267,"Tidewater Finance Co. was established in 1992 for the initial purpose of purchasing, and servicing retail installment co",Contact Center Representatives,0,0,0.9996471405029297,0.0003528594970703125,0.8,1,BERT:bert_class_weighted,Class weight
1514,emscad_10271,We Provide Full Time Permanent Positions for many medium to large US companies. We are interested in finding/recruiting ,Manufacturing Engineering Manager,0,0,0.9997398853302002,0.0002601146697998047,0.8,1,BERT:bert_class_weighted,Class weight
1515,emscad_10275,Solar electricity is the way of the future! We are focused on bringing solar to homeowners in a simple solution with no ,Director of Operations - SLC,0,0,0.9997198581695557,0.00028014183044433594,0.8,1,BERT:bert_class_weighted,Class weight
1516,emscad_10276,#URL_c379aa631173ed5b7c345ab3f500a9a053e509138ca70e52c1088e5a784dc8d7# is a modern online travel agency that was founded,Online Marketing internship,0,0,0.9997165203094482,0.0002834796905517578,0.8,1,BERT:bert_class_weighted,Class weight
1517,emscad_10277,"Novitex Enterprise Solutions, formerly Pitney Bowes Management Services, delivers innovative document and communications",Customer Service Team Lead,0,0,0.9997551441192627,0.0002448558807373047,0.8,1,BERT:bert_class_weighted,Class weight
1518,emscad_10297,We are looking for collaborative detail oriented software quality assurance professionals to join a growing team. We off,Quality Assurance Analyst,0,0,0.9996600151062012,0.0003399848937988281,0.8,1,BERT:bert_class_weighted,Class weight
1519,emscad_10304,Workable is a venture-backed startup making cloud-based recruitment software for fast-growing companies around the world,Search Marketing Specialist,0,0,0.9997584819793701,0.0002415180206298828,0.8,1,BERT:bert_class_weighted,Class weight
1520,emscad_10312,Vayu builds affordable unmanned aerial vehicles (UAVs) for healthcare supply chain management and post-disaster aid deli,Avionics Systems Design and Analysis Engineer,0,0,0.9996843338012695,0.00031566619873046875,0.8,1,BERT:bert_class_weighted,Class weight
1521,emscad_10326,"Propoint provides custom, visual solutions that help our corporate clients engage their audience, win big, and set them ",Business Manager,0,0,0.9997513294219971,0.0002486705780029297,0.8,1,BERT:bert_class_weighted,Class weight
1522,emscad_10330,"Novitex Enterprise Solutions, formerly Pitney Bowes Management Services, delivers innovative document and communications",Customer Service Associate,0,0,0.9997434616088867,0.00025653839111328125,0.8,1,BERT:bert_class_weighted,Class weight
1523,emscad_10331,Making music is easier now than ever.,Software Engineer,0,0,0.9997532367706299,0.0002467632293701172,0.8,1,BERT:bert_class_weighted,Class weight
1524,emscad_10335,"The RealReal is changing the way people buy and sell luxury items. The leader in luxury resale, the company is a full se",Wardrobe & Product Stylist,0,0,0.9996018409729004,0.0003981590270996094,0.8,1,BERT:bert_class_weighted,Class weight
1525,emscad_10359,"Novitex Enterprise Solutions, formerly Pitney Bowes Management Services, delivers innovative document and communications",Records Clerk,0,0,0.9997518062591553,0.00024819374084472656,0.8,1,BERT:bert_class_weighted,Class weight
1526,emscad_10361,"Novitex Enterprise Solutions, formerly Pitney Bowes Management Services, delivers innovative document and communications",Customer Service Associate,0,0,0.9997467994689941,0.0002532005310058594,0.8,1,BERT:bert_class_weighted,Class weight
1527,emscad_10368,Massive Media is the social media company behind the successful digital brands #URL_18234f381f5e7b9a9ffdc727cd05c9046edf,Business Developer DACH,0,0,0.9996874332427979,0.00031256675720214844,0.8,1,BERT:bert_class_weighted,Class weight
1528,emscad_10369,Massive Media is the social media company behind the successful digital brands #URL_18234f381f5e7b9a9ffdc727cd05c9046edf,Community Relations Manager,0,0,0.999701738357544,0.0002982616424560547,0.8,1,BERT:bert_class_weighted,Class weight
1529,emscad_10370,#URL_c379aa631173ed5b7c345ab3f500a9a053e509138ca70e52c1088e5a784dc8d7# is a modern online travel agency that was founded,Senior Web Developer,0,0,0.9997513294219971,0.0002486705780029297,0.8,1,BERT:bert_class_weighted,Class weight
1530,emscad_10373,Universum is changing the way companies think and talk about their brands when it comes to attracting talent. We’re grow,Account Coordinator,0,0,0.9997293949127197,0.00027060508728027344,0.8,1,BERT:bert_class_weighted,Class weight
1531,emscad_10377,We help teachers get safe & secure jobs abroad :),English Teacher Abroad,0,0,0.9997690916061401,0.00023090839385986328,0.8,1,BERT:bert_class_weighted,Class weight
1532,emscad_10378,"Novitex Enterprise Solutions, formerly Pitney Bowes Management Services, delivers innovative document and communications",Customer Service Team Lead,0,0,0.9997439384460449,0.0002560615539550781,0.8,1,BERT:bert_class_weighted,Class weight
1533,emscad_10379,We help teachers get safe & secure jobs abroad :),English Teacher Abroad,0,0,0.9997690916061401,0.00023090839385986328,0.8,1,BERT:bert_class_weighted,Class weight
1534,emscad_10381,Established on the principles that full time education is not for everyone Spectrum Learning is made up of a team of pas,Wakefield Apprentice Fundraiser and Social Developer Under NAS 16-18 Year Olds Only,0,0,0.9997439384460449,0.0002560615539550781,0.8,1,BERT:bert_class_weighted,Class weight
1535,emscad_10387,We believe in a smarter workplace.,Back-end Developer - Financial/Retirement Modeling Tools,0,0,0.9997676610946655,0.00023233890533447266,0.8,1,BERT:bert_class_weighted,Class weight
1536,emscad_10394,We help teachers get safe & secure jobs abroad :),English Teacher Abroad,0,0,0.9997690916061401,0.00023090839385986328,0.8,1,BERT:bert_class_weighted,Class weight
1537,emscad_10400,"Built from the ground up to help customers improve clinical, financial and human outcomes, Wellcentive’s population heal",Regional Sales Director - West Region,0,0,0.9987936019897461,0.0012063980102539062,0.8,1,BERT:bert_class_weighted,Class weight
1538,emscad_10403,"ABC Supply Co., Inc. is the nation’s largest wholesale distributor of roofing and one of the largest distributors of sid",CDL Driver-Tinley Park,0,0,0.9996011257171631,0.00039887428283691406,0.8,1,BERT:bert_class_weighted,Class weight
1539,emscad_10406,Massive Media is the social media company behind the successful digital brands #URL_18234f381f5e7b9a9ffdc727cd05c9046edf,Brand Manager,0,0,0.9996511936187744,0.00034880638122558594,0.8,1,BERT:bert_class_weighted,Class weight
1540,emscad_10413,Established on the principles that full time education is not for everyone Spectrum Learning is made up of a team of pas,NE45 5AT Estate Agents Apprenticeship Under NAS 16-18 Year Olds Only,0,0,0.9997636079788208,0.00023639202117919922,0.8,1,BERT:bert_class_weighted,Class weight
1541,emscad_10418,United Cerebral Palsy of Oregon & SW Washington (UCP) supports adults with all kinds of developmental disabilities (not ,Assistant Team Leader (Developmental Disabilities),0,0,0.9997327327728271,0.00026726722717285156,0.8,1,BERT:bert_class_weighted,Class weight
1542,emscad_10423,Massive Media is the social media company behind the successful digital brands #URL_18234f381f5e7b9a9ffdc727cd05c9046edf,Partnership Manager,0,0,0.9996917247772217,0.0003082752227783203,0.8,1,BERT:bert_class_weighted,Class weight
1543,emscad_10432,"Snider Advisors is a boutique, state-registered investment advisor founded by Kim Snider. Helping our clients become bet",Entry Level Investment Advisor / Financial Planner,0,0,0.999657392501831,0.0003426074981689453,0.8,1,BERT:bert_class_weighted,Class weight
1544,emscad_10436,"Novitex Enterprise Solutions, formerly Pitney Bowes Management Services, delivers innovative document and communications",Customer Service Team Lead,0,0,0.999748706817627,0.0002512931823730469,0.8,1,BERT:bert_class_weighted,Class weight
1545,emscad_10439,"Novitex Enterprise Solutions, formerly Pitney Bowes Management Services, delivers innovative document and communications",Receptionist,0,0,0.9997589588165283,0.0002410411834716797,0.8,1,BERT:bert_class_weighted,Class weight
1546,emscad_10441,The smarter way to invest,Financial Advisor,0,0,0.9997148513793945,0.00028514862060546875,0.8,1,BERT:bert_class_weighted,Class weight
1547,emscad_10456,Leadership talent acquisition. Specializing in teaching and training positions for the Kingdom of Saudi Arabia. - Engine,ESL English Teachers,0,0,0.9996917247772217,0.0003082752227783203,0.8,1,BERT:bert_class_weighted,Class weight
1548,emscad_10461,"At McLane Intel, we believe that everyone should love where they work! We understand that our ongoing success is attribu",Help Desk - Tier 1 Support Specialist,0,0,0.9997115135192871,0.0002884864807128906,0.8,1,BERT:bert_class_weighted,Class weight
1549,emscad_10464,Hawkeye Recruitment provides cost effective recruitment advertising solutions to help you cast the widest net to find th,Legal Assistant,0,0,0.9995253086090088,0.00047469139099121094,0.8,1,BERT:bert_class_weighted,Class weight
1550,emscad_10465,"Wiredrive is a fast growing, privately-owned SaaS company with headquarters in Marina del Rey and offices in New York Ci",Sr Software Engineer (Python/Django),0,0,0.9996259212493896,0.00037407875061035156,0.8,1,BERT:bert_class_weighted,Class weight
1551,emscad_10471,United Cerebral Palsy of Oregon & SW Washington (UCP) supports adults with all kinds of developmental disabilities (not ,Overnight Caregiver for 2 Cool Men with Disabilities,0,0,0.9997279644012451,0.0002720355987548828,0.8,1,BERT:bert_class_weighted,Class weight
1552,emscad_10474,"Voyageur is one of Ontario's leading transportation companies, serving Southwestern and Central Ontario for over 34 year","School Bus Driver - London, Middlesex County, Oxford County, Elgin County",0,0,0.999657392501831,0.0003426074981689453,0.8,1,BERT:bert_class_weighted,Class weight
1553,emscad_10481,We Provide Full Time Permanent Positions for many medium to large US companies. We are interested in finding/recruiting ,Mechanical Engineer,0,0,0.9997453689575195,0.00025463104248046875,0.8,1,BERT:bert_class_weighted,Class weight
1554,emscad_10491,Roland & Associates is a Corporate Recruitment Organization providing solutions to Global MNC’s for the past 12 years.,Physical Therapist,0,0,0.9996693134307861,0.0003306865692138672,0.8,1,BERT:bert_class_weighted,Class weight
1555,emscad_10497,"R.H. ÁGIL es una empresa dedicada a ofrecer servicios de Recursos Humanos, especializada en las áreas de Asesoría, Admin",Ejecutivos de Ventas (vendedor de calle),0,0,0.9985389709472656,0.001461029052734375,0.8,1,BERT:bert_class_weighted,Class weight
1556,emscad_10498,PEI Media ( #URL_4cffe430b8da4c0d7e6074d11e638d28a1e165c8782b891e111fc17606c3d961# ) provides a range of highly respecte,"Reporter, Agri Investor",0,0,0.9989490509033203,0.0010509490966796875,0.8,1,BERT:bert_class_weighted,Class weight
1557,emscad_10501,Outstanding Member Service Starts With Outstanding People,Collection Specialist,0,0,0.9997174739837646,0.00028252601623535156,0.8,1,BERT:bert_class_weighted,Class weight
1558,emscad_10502,We help teachers get safe & secure jobs abroad :),English Teacher Abroad,0,0,0.9997690916061401,0.00023090839385986328,0.8,1,BERT:bert_class_weighted,Class weight
1559,emscad_10508,WHY WORK AT IMAGINET,ALM Consultant,0,0,0.9996824264526367,0.00031757354736328125,0.8,1,BERT:bert_class_weighted,Class weight
1560,emscad_10512,"QB Medical, Inc. is a growing medical supply distributor. We specialize in medical product sales to the federal governme",Healthcare Support Rep,0,0,0.9996118545532227,0.00038814544677734375,0.8,1,BERT:bert_class_weighted,Class weight
1561,emscad_10517,"Social Care Alba is the highest graded Care at Home Company in the country. We hold awards in Investors in People, Healt",Care at Home Specialist,0,0,0.9997143745422363,0.0002856254577636719,0.8,1,BERT:bert_class_weighted,Class weight
1562,emscad_10518,Hawkeye Recruitment provides cost effective recruitment advertising solutions to help you cast the widest net to find th,Underground Plumbing Service Technicians,0,0,0.9996438026428223,0.0003561973571777344,0.8,1,BERT:bert_class_weighted,Class weight
1563,emscad_10519,We Provide Full Time Permanent Positions for many medium to large US companies. We are interested in finding/recruiting ,Controls Engineer,0,0,0.9997320175170898,0.00026798248291015625,0.8,1,BERT:bert_class_weighted,Class weight
1564,emscad_10522,Position Title : Senior Java Web Developer,Senior Java Web Developer,0,0,0.999028205871582,0.0009717941284179688,0.8,1,BERT:bert_class_weighted,Class weight
1565,emscad_10541,We help teachers get safe & secure jobs abroad :),English Teacher Abroad,0,0,0.9997690916061401,0.00023090839385986328,0.8,1,BERT:bert_class_weighted,Class weight
1566,emscad_10561,"Customer Analytics Specialist is responsible for helping drive business decisions, measure and improve the effectiveness",Customer Analytics Specialist,0,0,0.9986696243286133,0.0013303756713867188,0.8,1,BERT:bert_class_weighted,Class weight
1567,emscad_10566,Established on the principles that full time education is not for everyone Spectrum Learning is made up of a team of pas,NE11 9SS Traffic Planner Apprenticeship available under NAS 16-18 year olds only!,0,0,0.9997658729553223,0.00023412704467773438,0.8,1,BERT:bert_class_weighted,Class weight
1568,emscad_10578,"With over 30 years of experience in the industry, Mercer Foods has been providing superior quality freeze dried foods an",Maintenance Worker,0,0,0.9995777606964111,0.0004222393035888672,0.8,1,BERT:bert_class_weighted,Class weight
1569,emscad_10579,Magmic is a leading developer and publisher of mobile social games and entertainment. We publish a full range of content,Server Developer,0,0,0.999718189239502,0.0002818107604980469,0.8,1,BERT:bert_class_weighted,Class weight
1570,emscad_10582,"Crossroads Treatment Centers is a nationally-accredited, medication-assisted, out-patient program that delivers fast, ef",Program Director (Danville Center),0,0,0.9996140003204346,0.0003859996795654297,0.8,1,BERT:bert_class_weighted,Class weight
1571,emscad_10584,"Shyp is the easiest way to send anything, anywhere.",Operations & Logistics Manager - Miami,0,0,0.9997444152832031,0.000255584716796875,0.8,1,BERT:bert_class_weighted,Class weight
1572,emscad_10590,"The Restaurant Manager is responsible for ensuring excellence in guest satisfaction through effective training of staff,",Events catering manager,0,0,0.9979419708251953,0.0020580291748046875,0.8,1,BERT:bert_class_weighted,Class weight
1573,emscad_10591,"Some fresh concepts, visuals and clever things",English teacher,0,0,0.9996893405914307,0.00031065940856933594,0.8,1,BERT:bert_class_weighted,Class weight
1574,emscad_10595,"Crossroads Treatment Centers is a nationally-accredited, medication-assisted, out-patient program that delivers fast, ef",Program Director (Danville Center),0,0,0.9996140003204346,0.0003859996795654297,0.8,1,BERT:bert_class_weighted,Class weight
1575,emscad_10605,"Horizon Software International, LLC is an industry-leading food service management technology company. The company’s sta",Customer Support Analyst,0,0,0.9991154670715332,0.0008845329284667969,0.8,1,BERT:bert_class_weighted,Class weight
1576,emscad_10611,"We design, build, sell, and service the most innovative operations management technology in the world.",Software Engineer,0,0,0.9997463226318359,0.0002536773681640625,0.8,1,BERT:bert_class_weighted,Class weight
1577,emscad_10613,"Adform is a premier partner for media agencies, trading desks, advertisers and publishers, offering the world’s only pro",S3I Candidates,0,0,0.9995875358581543,0.0004124641418457031,0.8,1,BERT:bert_class_weighted,Class weight
1578,emscad_10618,WHAT WE DO,Intern - Software Developer,0,0,0.9997029304504395,0.0002970695495605469,0.8,1,BERT:bert_class_weighted,Class weight
1579,emscad_10622,"At Golderado Contracting Corporation a division of PME Inc., we’re constantly pushing the limits of what we've done in t",Heavy Duty Technician (Red Seal Journeyman),0,0,0.9993371963500977,0.0006628036499023438,0.8,1,BERT:bert_class_weighted,Class weight
1580,emscad_10629,PowerbyProxi and its customers are leading a revolution to deliver unplugged power. We have changed the way electricity ,Summer interns - 2014/15,0,0,0.9997098445892334,0.00029015541076660156,0.8,1,BERT:bert_class_weighted,Class weight
1581,emscad_10639,"Tradable's award winning platform helps brokers solve the needs of their most demanding clients. Born open, our APIs all",Java App Developer,0,0,0.9997565746307373,0.0002434253692626953,0.8,1,BERT:bert_class_weighted,Class weight
1582,emscad_10647,We help teachers get safe & secure jobs abroad :),English Teacher Abroad,0,0,0.9997690916061401,0.00023090839385986328,0.8,1,BERT:bert_class_weighted,Class weight
1583,emscad_10648,"Niacet is a leading producer of organic salts, including propionates and acetates, serving the Food, Pharmaceutical and ",Electrician,0,0,0.9995810985565186,0.0004189014434814453,0.8,1,BERT:bert_class_weighted,Class weight
1584,emscad_10649,"Tidewater Finance Co. was established in 1992 for the initial purpose of purchasing, and servicing retail installment co",Recovery Specialists,0,0,0.9996788501739502,0.0003211498260498047,0.8,1,BERT:bert_class_weighted,Class weight
1585,emscad_10678,Established on the principles that full time education is not for everyone Spectrum Learning is made up of a team of pas,Manchester Business Admin Apprenticeships available under NAS 16-18 year olds only!,0,0,0.9997671842575073,0.00023281574249267578,0.8,1,BERT:bert_class_weighted,Class weight
1586,emscad_10679,"Valor Services provides Workforce Solutions that meet the needs of companies across the Private Sector, with a special f",Production Engineer,0,0,0.9997081756591797,0.0002918243408203125,0.8,1,BERT:bert_class_weighted,Class weight
1587,emscad_10680,"ABC Supply Co., Inc. is the nation’s largest wholesale distributor of roofing and one of the largest distributors of sid",Outside Sales Professional-Joliet,0,0,0.9996025562286377,0.0003974437713623047,0.8,1,BERT:bert_class_weighted,Class weight
1588,emscad_10688,ServiceTitan is the world's leading CRM software for home services businesses. It powers the world's best service compan,Customer Support Advocate,0,0,0.9996070861816406,0.000392913818359375,0.8,1,BERT:bert_class_weighted,Class weight
1589,emscad_10695,ding* is the world’s largest top-up provider. Created to help people working abroad to support and keep in touch with lo,In-House Legal Counsel (10 month contract),0,0,0.9997551441192627,0.0002448558807373047,0.8,1,BERT:bert_class_weighted,Class weight
1590,emscad_10701,Roland & Associates is a Corporate Recruitment Organization providing solutions to Global MNC’s for the past 12 years.,ITSecurity Threat and Risk Management Lead(SIEM),0,0,0.9996109008789062,0.00038909912109375,0.8,1,BERT:bert_class_weighted,Class weight
1591,emscad_10719,"Optimy is a fast-growing company that develops and sells a unique solution (as a SaaS web- application) for sponsorship,",Native English speaking Account Manager,0,0,0.9997448921203613,0.0002551078796386719,0.8,1,BERT:bert_class_weighted,Class weight
1592,emscad_10747,Magnify Life.,Sales Associate,0,0,0.9997062683105469,0.000293731689453125,0.8,1,BERT:bert_class_weighted,Class weight
1593,emscad_10750,Somnoware is a software platform to manage sleep wellness for healthcare providers and their customers. It provides a si,Country Manager/Director Engineering,0,0,0.9997472763061523,0.00025272369384765625,0.8,1,BERT:bert_class_weighted,Class weight
1594,emscad_10758,"Novitex Enterprise Solutions, formerly Pitney Bowes Management Services, delivers innovative document and communications",Customer Service Associate,0,0,0.9997358322143555,0.00026416778564453125,0.8,1,BERT:bert_class_weighted,Class weight
1595,emscad_10762,"Novitex Enterprise Solutions, formerly Pitney Bowes Management Services, delivers innovative document and communications",Customer Service Associate - Part Time,0,0,0.9997503757476807,0.00024962425231933594,0.8,1,BERT:bert_class_weighted,Class weight
1596,emscad_10768,We help teachers get safe & secure jobs abroad :),Teaching English,0,0,0.9997626543045044,0.00023734569549560547,0.8,1,BERT:bert_class_weighted,Class weight
1597,emscad_10782,"Valor Services provides Workforce Solutions that meet the needs of companies across the Private Sector, with a special f",Completion Engineer,0,0,0.9996850490570068,0.00031495094299316406,0.8,1,BERT:bert_class_weighted,Class weight
1598,emscad_10783,"Infrascale is the only complete cloud backup and disaster recovery solution, designed for MSPs. Located in El Segundo, C",Director of Sales,0,0,0.9993834495544434,0.0006165504455566406,0.8,1,BERT:bert_class_weighted,Class weight
1599,emscad_10794,"Novitex Enterprise Solutions, formerly Pitney Bowes Management Services, delivers innovative document and communications",Customer Service Associate,0,0,0.9997427463531494,0.00025725364685058594,0.8,1,BERT:bert_class_weighted,Class weight
1600,emscad_10796,"Novitex Enterprise Solutions, formerly Pitney Bowes Management Services, delivers innovative document and communications",Customer Service Technical Specialist,0,0,0.9997532367706299,0.0002467632293701172,0.8,1,BERT:bert_class_weighted,Class weight
1601,emscad_10802,"Farmigo is a mission-driven startup with a simple, ambitious goal: we want to make local, sustainably produced food more",NYC Field Organizer,0,0,0.9997653961181641,0.0002346038818359375,0.8,1,BERT:bert_class_weighted,Class weight
1602,emscad_10811,SilverStripe CMS & Framework is an open source platform of web development tools. The platform is curated by SilverStrip,Front-End Developer,0,0,0.9997537136077881,0.00024628639221191406,0.8,1,BERT:bert_class_weighted,Class weight
1603,emscad_10812,"Based in Houston, Texas, Palladium Consulting is a boutique software consulting firm with 12 years’ experience building ",Software Architect for Greenfield Project,0,0,0.9997367858886719,0.000263214111328125,0.8,1,BERT:bert_class_weighted,Class weight
1604,emscad_10814,"Novitex Enterprise Solutions, formerly Pitney Bowes Management Services, delivers innovative document and communications",Customer Service Associate,0,0,0.9997327327728271,0.00026726722717285156,0.8,1,BERT:bert_class_weighted,Class weight
1605,emscad_10817,"Novitex Enterprise Solutions, formerly Pitney Bowes Management Services, delivers innovative document and communications",Customer Service Associate - Part Time,0,0,0.9997477531433105,0.0002522468566894531,0.8,1,BERT:bert_class_weighted,Class weight
1606,emscad_10821,"Delivering superior customer services for over 10 years, IBEX Global is a business process outsourcer offering an integr",Agent-Inbound Sales Position,0,0,0.9996273517608643,0.0003726482391357422,0.8,1,BERT:bert_class_weighted,Class weight
1607,emscad_10835,Thanks for visiting our Job Board. Please review our open positions and apply to the positions that match your qualifica,UI Developer,0,0,0.9996755123138428,0.00032448768615722656,0.8,1,BERT:bert_class_weighted,Class weight
1608,emscad_10857,Community Action Partnership of Ramsey & Washington Counties (Community Action) was established in 1964 as a program of ,Family Advocate,0,0,0.9995834827423096,0.0004165172576904297,0.8,1,BERT:bert_class_weighted,Class weight
1609,emscad_10869,Visual BI is one of the leading and fastest growing firms focusing exclusively on BI & Analytics. Our offerings cover en,QA and Test Engineer,0,0,0.9996731281280518,0.0003268718719482422,0.8,1,BERT:bert_class_weighted,Class weight
1610,emscad_10879,"Novitex Enterprise Solutions, formerly Pitney Bowes Management Services, delivers innovative document and communications",Customer Service Associate,0,0,0.9997439384460449,0.0002560615539550781,0.8,1,BERT:bert_class_weighted,Class weight
1611,emscad_10882,"AREA 17 is an interactive agency. We take an interdisciplinary approach — blending the practices of design, technology a",Social Media and Editorial Intern for Krrb.com (Paid),0,0,0.9997341632843018,0.0002658367156982422,0.8,1,BERT:bert_class_weighted,Class weight
1612,emscad_10883,"Novitex Enterprise Solutions, formerly Pitney Bowes Management Services, delivers innovative document and communications",Delivery Driver - Part Time,0,0,0.9997551441192627,0.0002448558807373047,0.8,1,BERT:bert_class_weighted,Class weight
1613,emscad_10884,"Delivering superior customer services for over 10 years, IBEX Global is a business process outsourcer offering an integr",Agent-Inbound Cust Svc,0,0,0.9995923042297363,0.0004076957702636719,0.8,1,BERT:bert_class_weighted,Class weight
1614,emscad_10887,The story of the Great Chicago Fire of 1871 isn’t really about the fire. It’s about what happened next: A remarkable mom,QA Automation Engineer - SpotHero,0,0,0.9997131824493408,0.0002868175506591797,0.8,1,BERT:bert_class_weighted,Class weight
1615,emscad_10888,"Delivering superior customer services for over 10 years, IBEX Global is a business process outsourcer offering an integr",Agent inbound business,0,0,0.9995169639587402,0.0004830360412597656,0.8,1,BERT:bert_class_weighted,Class weight
1616,emscad_10898,Airenvy’s mission is to provide lucrative yet hassle free full service short term property management all around the wor,Office Manager - Professional Multi-tasker,0,0,0.9997074604034424,0.0002925395965576172,0.8,1,BERT:bert_class_weighted,Class weight
1617,emscad_10899,Established on the principles that full time education is not for everyone Spectrum Learning is made up of a team of pas,SN3 Logistics Apprentice/Warehousing Apprenticeship Under NAS 16-18 Year Olds Only,0,0,0.9997636079788208,0.00023639202117919922,0.8,1,BERT:bert_class_weighted,Class weight
1618,emscad_10901,"Marketing Mob specializes in placing interim, project-based and contract-to-hire marketing consultants in small business",Digital Marketing Strategist,0,0,0.9997000694274902,0.0002999305725097656,0.8,1,BERT:bert_class_weighted,Class weight
1619,emscad_10907,"AutoAmerica is trying to make the worst consumer experience fast, easy and enjoyable. It is no easy task, but we are out",Service Writer,0,0,0.9996042251586914,0.00039577484130859375,0.8,1,BERT:bert_class_weighted,Class weight
1620,emscad_10915,"Pixelberry Studios, is a mobile games startup with a Top 150 game on iOS and Android. We are a small team of less than 2",Software Engineer - iOS and Android Games,0,0,0.9997358322143555,0.00026416778564453125,0.8,1,BERT:bert_class_weighted,Class weight
1621,emscad_10916,"Space Ape Games is an Award Winning Mobile/Social Gaming startup founded in 2012. We’re a small, high-performing team wi",Games Product Manager,0,0,0.9997413158416748,0.0002586841583251953,0.8,1,BERT:bert_class_weighted,Class weight
1622,emscad_10917,hello world,Senior Javascript Developer,0,0,0.9997427463531494,0.00025725364685058594,0.8,1,BERT:bert_class_weighted,Class weight
1623,emscad_10922,Eviture is a professional services firm that specialise in leading enterprise agile delivery for complex business and IT,Java developer - online banking,0,0,0.9997153282165527,0.0002846717834472656,0.8,1,BERT:bert_class_weighted,Class weight
1624,emscad_10925,"Valor Services provides Workforce Solutions that meet the needs of companies across the Private Sector, with a special f",Pharmacist,0,0,0.9997198581695557,0.00028014183044433594,0.8,1,BERT:bert_class_weighted,Class weight
1625,emscad_10930,Murdock Martell provides finance and accounting solutions to established and emerging growth companies. We work with com,FP&A Manager,0,0,0.9996886253356934,0.0003113746643066406,0.8,1,BERT:bert_class_weighted,Class weight
1626,emscad_10932,Established on the principles that full time education is not for everyone Spectrum Learning is made up of a team of pas,WF5 9TJ Business Admin Apprenticeship available under NAS 16-18 year olds only!,0,0,0.9997690916061401,0.00023090839385986328,0.8,1,BERT:bert_class_weighted,Class weight
1627,emscad_10950,"Novitex Enterprise Solutions, formerly Pitney Bowes Management Services, delivers innovative document and communications",Customer Service Associate,0,0,0.9997363090515137,0.0002636909484863281,0.8,1,BERT:bert_class_weighted,Class weight
1628,emscad_10955,Established on the principles that full time education is not for everyone Spectrum Learning is made up of a team of pas,DL1 1LA Warehouse Apprenticeship Available Under NAS 16-18 year olds only!,0,0,0.9997621774673462,0.0002378225326538086,0.8,1,BERT:bert_class_weighted,Class weight
1629,emscad_10958,Why CSD?,New York Relay Supervisor,0,0,0.9997267723083496,0.0002732276916503906,0.8,1,BERT:bert_class_weighted,Class weight
1630,emscad_10961,"We’ve built revolutionary technology that is changing the way people get around cities. Using Via, a luxury ride booked ",Intern,0,0,0.999730110168457,0.00026988983154296875,0.8,1,BERT:bert_class_weighted,Class weight
1631,emscad_11004,"Novitex Enterprise Solutions, formerly Pitney Bowes Management Services, delivers innovative document and communications",Customer Service Associate,0,0,0.9997463226318359,0.0002536773681640625,0.8,1,BERT:bert_class_weighted,Class weight
1632,emscad_11009,Established on the principles that full time education is not for everyone Spectrum Learning is made up of a team of pas,Birmingham Business Admin Apprenticeship Under NAS 16-18 Year Olds Only,0,0,0.9997575283050537,0.00024247169494628906,0.8,1,BERT:bert_class_weighted,Class weight
1633,emscad_11013,"Founded in 2010 by a team from Google’s London and New York offices, Qubit work with some of the biggest names in Online",Finance Assistant,0,0,0.9997739791870117,0.00022602081298828125,0.8,1,BERT:bert_class_weighted,Class weight
1634,emscad_11018,"Novitex Enterprise Solutions, formerly Pitney Bowes Management Services, delivers innovative document and communications",General Clerk 2,0,0,0.9997463226318359,0.0002536773681640625,0.8,1,BERT:bert_class_weighted,Class weight
1635,emscad_11023,"As augmented reality jobs go, one at Blippar is hard to beat. We are a rapidly expanding creative startup at the forefro",Android App / UI Developer,0,0,0.9997631311416626,0.00023686885833740234,0.8,1,BERT:bert_class_weighted,Class weight
1636,emscad_11034,"QB Medical Inc. is a medical supply distributor located in Chula Vista, CA. Founded in 2005, we now services over 100 go",Marketing Associate,0,0,0.999603271484375,0.000396728515625,0.8,1,BERT:bert_class_weighted,Class weight
1637,emscad_11035,"Novitex Enterprise Solutions, formerly Pitney Bowes Management Services, delivers innovative document and communications",Customer Service Technical Specialist - Part Time,0,0,0.9997358322143555,0.00026416778564453125,0.8,1,BERT:bert_class_weighted,Class weight
1638,emscad_11041,Established on the principles that full time education is not for everyone Spectrum Learning is made up of a team of pas,Essex Customer Service Apprenticeship Under NAS 16-18 Year Olds Only,0,0,0.9997626543045044,0.00023734569549560547,0.8,1,BERT:bert_class_weighted,Class weight
1639,emscad_11053,"Novitex Enterprise Solutions, formerly Pitney Bowes Management Services, delivers innovative document and communications",Driver I - Part Time,0,0,0.9997518062591553,0.00024819374084472656,0.8,1,BERT:bert_class_weighted,Class weight
1640,emscad_11055,We help teachers get safe & secure jobs abroad :),English Teacher Abroad,0,0,0.9997690916061401,0.00023090839385986328,0.8,1,BERT:bert_class_weighted,Class weight
1641,emscad_11056,We help teachers get safe & secure jobs abroad :),English Teacher Abroad,0,0,0.9997690916061401,0.00023090839385986328,0.8,1,BERT:bert_class_weighted,Class weight
1642,emscad_11057,The story of the Great Chicago Fire of 1871 isn’t really about the fire. It’s about what happened next: A remarkable mom,Marketing & Communications Manager - Rippleshot,0,0,0.9996910095214844,0.000308990478515625,0.8,1,BERT:bert_class_weighted,Class weight
1643,emscad_11070,"Novitex Enterprise Solutions, formerly Pitney Bowes Management Services, delivers innovative document and communications",Customer Service Associate - Part Time,0,0,0.9997427463531494,0.00025725364685058594,0.8,1,BERT:bert_class_weighted,Class weight
1644,emscad_11072,"Novitex Enterprise Solutions, formerly Pitney Bowes Management Services, delivers innovative document and communications",Customer Service Associate - Part Time,0,0,0.999748706817627,0.0002512931823730469,0.8,1,BERT:bert_class_weighted,Class weight
1645,emscad_11080,"General Summary: Achieves maximum sales profitability, growth and account penetration within an assigned territory and/o",Entry Level Sales,0,0,0.999018669128418,0.0009813308715820312,0.8,1,BERT:bert_class_weighted,Class weight
1646,emscad_11082,Our History,Shipper (Phoenix),0,0,0.999563455581665,0.00043654441833496094,0.8,1,BERT:bert_class_weighted,Class weight
1647,emscad_11084,"ABC Supply Co., Inc. is the nation’s largest wholesale distributor of roofing and one of the largest distributors of sid",CDL Driver,0,0,0.99961256980896,0.00038743019104003906,0.8,1,BERT:bert_class_weighted,Class weight
1648,emscad_11085,"Novitex Enterprise Solutions, formerly Pitney Bowes Management Services, delivers innovative document and communications",Office Services Associate,0,0,0.9997293949127197,0.00027060508728027344,0.8,1,BERT:bert_class_weighted,Class weight
1649,emscad_11106,"Novitex Enterprise Solutions, formerly Pitney Bowes Management Services, delivers innovative document and communications",Customer Service Associate,0,0,0.9997413158416748,0.0002586841583251953,0.8,1,BERT:bert_class_weighted,Class weight
1650,emscad_11108,"Novitex Enterprise Solutions, formerly Pitney Bowes Management Services, delivers innovative document and communications",ADF Operator II,0,0,0.9997220039367676,0.0002779960632324219,0.8,1,BERT:bert_class_weighted,Class weight
1651,emscad_11112,Established on the principles that full time education is not for everyone Spectrum Learning is made up of a team of pas,Mirfield Warehousing Apprenticeship Under NAS 16-18 Year Olds Only,0,0,0.999764084815979,0.0002359151840209961,0.8,1,BERT:bert_class_weighted,Class weight
1652,emscad_11126,Contentful ( #URL_0252efddcbc4b8f51969fca7b054595976ea4678fd880b3653151e618d447b33# ) is an API-first content management,Sales Manager,0,0,0.9997494220733643,0.0002505779266357422,0.8,1,BERT:bert_class_weighted,Class weight
1653,emscad_11129,"Novitex Enterprise Solutions, formerly Pitney Bowes Management Services, delivers innovative document and communications",Customer Service Associate - Part Time,0,0,0.9997458457946777,0.0002541542053222656,0.8,1,BERT:bert_class_weighted,Class weight
1654,emscad_11130,"Cylance is a global cybersecurity products and service company, specializeing in advanced threat security that detects a",Web Developer,0,0,0.9996874332427979,0.00031256675720214844,0.8,1,BERT:bert_class_weighted,Class weight
1655,emscad_11134,"Novitex Enterprise Solutions, formerly Pitney Bowes Management Services, delivers innovative document and communications",Customer Service Associate - Part Time,0,0,0.9997477531433105,0.0002522468566894531,0.8,1,BERT:bert_class_weighted,Class weight
1656,emscad_11153,"Novitex Enterprise Solutions, formerly Pitney Bowes Management Services, delivers innovative document and communications",Customer Service Associate,0,0,0.9997351169586182,0.00026488304138183594,0.8,1,BERT:bert_class_weighted,Class weight
1657,emscad_11154,"Essence is a global digital agency and the world’s largest independent buyer of digital media. We blend data science, ob",Senior Data Warehouse Developer,0,0,0.9997351169586182,0.00026488304138183594,0.8,1,BERT:bert_class_weighted,Class weight
1658,emscad_11156,We Provide Full Time Permanent Positions for many medium to large US companies. We are interested in finding/recruiting ,Controls Engineer,0,0,0.9997119903564453,0.0002880096435546875,0.8,1,BERT:bert_class_weighted,Class weight
1659,emscad_11164,"Novitex Enterprise Solutions, formerly Pitney Bowes Management Services, delivers innovative document and communications",Customer Service Representative,0,0,0.9997403621673584,0.00025963783264160156,0.8,1,BERT:bert_class_weighted,Class weight
1660,emscad_11168,"Novitex Enterprise Solutions, formerly Pitney Bowes Management Services, delivers innovative document and communications",Lead Customer Service Associate,0,0,0.9997382164001465,0.0002617835998535156,0.8,1,BERT:bert_class_weighted,Class weight
1661,emscad_11169,Established on the principles that full time education is not for everyone Spectrum Learning is made up of a team of pas,Oxford Fragrance/Beauty Promotional Staff,0,0,0.9997726678848267,0.00022733211517333984,0.8,1,BERT:bert_class_weighted,Class weight
1662,emscad_11183,"We are currently seeking a part time retail sales associate for an exciting opportunity at Target Mobile in San Antonio,",Wireless Sales Consultants Wanted - Hiring This Week!!!,0,0,0.9993228912353516,0.0006771087646484375,0.8,1,BERT:bert_class_weighted,Class weight
1663,emscad_11188,“News360 is Changing the Content Delivery Game” – Robert Scoble,Publisher Relations Manager,0,0,0.9997477531433105,0.0002522468566894531,0.8,1,BERT:bert_class_weighted,Class weight
1664,emscad_11189,THE COMPANY: theAudience ( #URL_f3517a05fc71a73ef91dd5d00f6443a8da91d54cee2beb7373234066761c761b# ),Account Manager,0,0,0.9995770454406738,0.0004229545593261719,0.8,1,BERT:bert_class_weighted,Class weight
1665,emscad_11195,"At Hayes-Corp, we create the fun stuff. With a focus on software development for mobile platforms, we are constantly loo",Copywriter (Freelance),0,0,0.9997377395629883,0.00026226043701171875,0.8,1,BERT:bert_class_weighted,Class weight
1666,emscad_11210,Envision Consulting conducts retained searches for nonprofit clients seeking to expand and enhance their mission through,Executive Director - Healthy Child Healthy World,0,0,0.9997363090515137,0.0002636909484863281,0.8,1,BERT:bert_class_weighted,Class weight
1667,emscad_11220,"Places Senior Technology and Data professionals nationwide with a focus on Software Engineering, Big Data, Analytics, Bu","IT Security Engineer, Immediate full time opening at Fortune 500 Co.",0,0,0.9991273880004883,0.0008726119995117188,0.8,1,BERT:bert_class_weighted,Class weight
1668,emscad_11221,Established on the principles that full time education is not for everyone Spectrum Learning is made up of a team of pas,M16 9HQ Warehousing Apprenticeship Under NAS 16-24 year olds,0,0,0.9997631311416626,0.00023686885833740234,0.8,1,BERT:bert_class_weighted,Class weight
1669,emscad_11223,StayClassy is a fast-growing San Diego-based startup that develops an online fundraising product used by thousands of No,"Senior Account Executive, Non-Profits",0,0,0.9997671842575073,0.00023281574249267578,0.8,1,BERT:bert_class_weighted,Class weight
1670,emscad_11227,Mission Statement:,Sales Partner,0,0,0.9989414215087891,0.0010585784912109375,0.8,1,BERT:bert_class_weighted,Class weight
1671,emscad_11228,Established on the principles that full time education is not for everyone Spectrum Learning is made up of a team of pas,Belfast Fragrance and Beauty Promotional Staff,0,0,0.9997565746307373,0.0002434253692626953,0.8,1,BERT:bert_class_weighted,Class weight
1672,emscad_11229,"We are currently seeking a part time retail sales associate for an exciting opportunity at Target Mobile in Frisco, TX. ",Retail Sales Associate - Part Time - Hiring This Week,0,0,0.9992432594299316,0.0007567405700683594,0.8,1,BERT:bert_class_weighted,Class weight
1673,emscad_11231,SilverStripe CMS & Framework is an open source platform of web development tools. The platform is curated by SilverStrip,Senior JavaScript Developer,0,0,0.9997546672821045,0.0002453327178955078,0.8,1,BERT:bert_class_weighted,Class weight
1674,emscad_11232,"We have immediate paid internship, or contract-to-hire, openings for programmers who have a strong interest in a career ",Game Programmer,0,0,0.9996824264526367,0.00031757354736328125,0.8,1,BERT:bert_class_weighted,Class weight
1675,emscad_11233,Want to build a 21st century financial service?,HR Intern,0,0,0.9997477531433105,0.0002522468566894531,0.8,1,BERT:bert_class_weighted,Class weight
1676,emscad_11234,PROSULTING IS PEOPLE The ProSulting difference is easy to see. Our passion for delivering qualified pre-screened personn,Regional Sales Executive,0,0,0.9996910095214844,0.000308990478515625,0.8,1,BERT:bert_class_weighted,Class weight
1677,emscad_11239,"As augmented reality jobs go, one at Blippar is hard to beat. We are a rapidly expanding creative startup at the forefro",Blipp Architect (Full Stack Developer),0,0,0.9997444152832031,0.000255584716796875,0.8,1,BERT:bert_class_weighted,Class weight
1678,emscad_11256,"Delivering superior customer services for over 10 years, IBEX Global is a business process outsourcer offering an integr",Now Hiring Inbound Sales Representatives,0,0,0.999589204788208,0.0004107952117919922,0.8,1,BERT:bert_class_weighted,Class weight
1679,emscad_11292,WHAT WE DO,Web Developer,0,0,0.9996905326843262,0.0003094673156738281,0.8,1,BERT:bert_class_weighted,Class weight
1680,emscad_11301,"Infolob Solutions is a leader in Managed IT services, Enterprise Application Software, IT staffing and Consulting and Ap",ERP Implementation Manager,0,0,0.9997124671936035,0.0002875328063964844,0.8,1,BERT:bert_class_weighted,Class weight
1681,emscad_11323,MaxPlayTM is a cross-platform digital publishing company focused on revolutionizing the games as a service market. You p,General Application,0,0,0.999730110168457,0.00026988983154296875,0.8,1,BERT:bert_class_weighted,Class weight
1682,emscad_11324,Thanks for visiting our Job Board. Please review our open positions and apply to the positions that match your qualifica,Corporate Sales Director - Egypt,0,0,0.9996905326843262,0.0003094673156738281,0.8,1,BERT:bert_class_weighted,Class weight
1683,emscad_11327,"MedTalent is a modern staffing company that specializes in the placement of physicians, nurses and healthcare profession",Administrative Assistant,0,0,0.9996614456176758,0.00033855438232421875,0.8,1,BERT:bert_class_weighted,Class weight
1684,emscad_11333,"Gelato Group is a SaaS company. We've developed a global print engine integrated with the print ecosystem’s key players,",DevOps / Release Engineer,0,0,0.9997327327728271,0.00026726722717285156,0.8,1,BERT:bert_class_weighted,Class weight
1685,emscad_11343,"The MarketMaker4 leadership team has extensive experience in e-procurement, online auctions, market intelligence, strate",Linux System Manager - SaaS,0,0,0.9997377395629883,0.00026226043701171875,0.8,1,BERT:bert_class_weighted,Class weight
1686,emscad_11352,We Provide Full Time Permanent Positions for many medium to large US companies. We are interested in finding/recruiting ,Sr. Design Engineer Mechanical - 3D CAD,0,0,0.9997518062591553,0.00024819374084472656,0.8,1,BERT:bert_class_weighted,Class weight
1687,emscad_11356,We Provide Full Time Permanent Positions for many medium to large US companies. We are interested in finding/recruiting ,Product Engineer,0,0,0.9996652603149414,0.00033473968505859375,0.8,1,BERT:bert_class_weighted,Class weight
1688,emscad_11362,Hiring Field Representatives (Anaheim),Field Representative/ Hiring Immediately,0,0,0.9995326995849609,0.0004673004150390625,0.8,1,BERT:bert_class_weighted,Class weight
1689,emscad_11367,"Vend is looking for some awesome new talent to come join us. You'll be working in an awesome team doing awesome things, ",Dean of VendU,0,0,0.9997315406799316,0.0002684593200683594,0.8,1,BERT:bert_class_weighted,Class weight
1690,emscad_11368,TaskUs provides outsourced customer care and back office support to more than 100 of the world’s fastest growing compani,Human Resources and Office Manager,0,0,0.9996373653411865,0.00036263465881347656,0.8,1,BERT:bert_class_weighted,Class weight
1691,emscad_11369,"Title: Salesforce Project Lead Location: Westlake Village, CA Fulltime",Salesforce Project Lead,0,0,0.9995372295379639,0.0004627704620361328,0.8,1,BERT:bert_class_weighted,Class weight
1692,emscad_11373,We Provide Full Time Permanent Positions for many medium to large US companies. We are interested in finding/recruiting ,Regional Sales Manager - Major States,0,0,0.9996805191040039,0.00031948089599609375,0.8,1,BERT:bert_class_weighted,Class weight
1693,emscad_11394,Our team is carefully balanced with the best specialists in the healthcare market and experts in web development and use,HR Executive (Talent Hunter!),0,0,0.9997165203094482,0.0002834796905517578,0.8,1,BERT:bert_class_weighted,Class weight
1694,emscad_11396,Blues Jewellery is a name which epitomizes Elegance and Opulence. Established in the year 2008 in the heart of South Del,Typist/Stenographer,0,0,0.9994320869445801,0.0005679130554199219,0.8,1,BERT:bert_class_weighted,Class weight
1695,emscad_11405,1212 Flooring Solutions Inc. is a family owned and operated nationwide flooring management service company. Our focus is,Tile Setters/Finishers,0,0,0.9996185302734375,0.0003814697265625,0.8,1,BERT:bert_class_weighted,Class weight
1696,emscad_11411,Established on the principles that full time education is not for everyone Spectrum Learning is made up of a team of pas,CM2 5AS Warehousing apprenticeship available under NAS 16-18 year olds only!,0,0,0.9997726678848267,0.00022733211517333984,0.8,1,BERT:bert_class_weighted,Class weight
1697,emscad_11417,"Levo League is a thriving community of young professionals, role models, and innovative companies taking Gen Y by storm.",UX/UI Designer,0,0,0.9997203350067139,0.0002796649932861328,0.8,1,BERT:bert_class_weighted,Class weight
1698,emscad_11419,"SummaView is een jong bedrijf uit Amersfoort die mensen, kennis en software levert ophet snijvlak van controlling en Bus",OUD: Business Controller 4.,0,0,0.9995574951171875,0.0004425048828125,0.8,1,BERT:bert_class_weighted,Class weight
1699,emscad_11422,"At iMATCHATIVE, we believe in the power of science and technology to inspire creative solutions and to transform busines",Data Ingestion Specialist,0,0,0.9997251033782959,0.00027489662170410156,0.8,1,BERT:bert_class_weighted,Class weight
1700,emscad_11437,#URL_5846ceaa15e5560fa9ba4a0b1c508abb345d6dca9d4821ccf98ac7fba43b9d27# to najbardziej rozwinięta platforma handlu intern,"SQL, PL/SQL Developer",0,0,0.9995243549346924,0.0004756450653076172,0.8,1,BERT:bert_class_weighted,Class weight
1701,emscad_11440,"Tidewater Finance Co. was established in 1992 for the initial purpose of purchasing, and servicing retail installment co",Contact Center Representatives - On-site Career Fair December 13th!,0,0,0.9996500015258789,0.00034999847412109375,0.8,1,BERT:bert_class_weighted,Class weight
1702,emscad_11445,"L O OP is an award winning interactive agency based in Salzburg with satellite offices in Copenhagen, Berlin, Sydney and",MOBILE / IOS DEVELOPER,0,0,0.9997708797454834,0.00022912025451660156,0.8,1,BERT:bert_class_weighted,Class weight
1703,emscad_11462,Openlane is a fully-funded education services company that creates and delivers continuing education courses for enthusi,Senior Instructional Designer,0,0,0.9997351169586182,0.00026488304138183594,0.8,1,BERT:bert_class_weighted,Class weight
1704,emscad_11468,We Provide Full Time Permanent Positions for many medium to large US companies. We are interested in finding/recruiting ,Process Improvement Project Engineering Manager,0,0,0.9997434616088867,0.00025653839111328125,0.8,1,BERT:bert_class_weighted,Class weight
1705,emscad_11473,"Founded in 1974 in Canada, and in 1985 in the U.S. as a specialty engineering and contracting company, Landmark works th",Developer,0,0,0.9995584487915039,0.00044155120849609375,0.8,1,BERT:bert_class_weighted,Class weight
1706,emscad_11482,We help teachers get safe & secure jobs abroad :),English Teacher Abroad,0,0,0.9997690916061401,0.00023090839385986328,0.8,1,BERT:bert_class_weighted,Class weight
1707,emscad_11488,Established on the principles that full time education is not for everyone Spectrum Learning is made up of a team of pas,Southport Admin Assistant Apprenticeship Under NAS 16-18 Year Olds Only,0,0,0.9997215270996094,0.000278472900390625,0.8,1,BERT:bert_class_weighted,Class weight
1708,emscad_11497,The front door to most businesses is online. Connectivity allows business owners know every first impression. We are pas,Director of Sales,0,0,0.9997215270996094,0.000278472900390625,0.8,1,BERT:bert_class_weighted,Class weight
1709,emscad_11507,"Ixonos is a global design + technology consultancy based out of Finland; With design studios in London, Helsinki, Košice",Senior SW Project Manager,0,0,0.9997398853302002,0.0002601146697998047,0.8,1,BERT:bert_class_weighted,Class weight
1710,emscad_11513,River Oaks Chiropractic Clinic has been serving the Fort Worth and North Texas area over 35 years. Our Facility is one o,Front Desk Receptionist (Chiropractic Office),0,0,0.9995784759521484,0.0004215240478515625,0.8,1,BERT:bert_class_weighted,Class weight
1711,emscad_11514,We currently have a number of posts open for Chefs and Cooks at all levels including: - Cook - Chef De Partie - Sous Che,Cooks & Chefs Wanted,0,0,0.999608039855957,0.00039196014404296875,0.8,1,BERT:bert_class_weighted,Class weight
1712,emscad_11517,Hi!,Ruby on Rails Intern,0,0,0.9997124671936035,0.0002875328063964844,0.8,1,BERT:bert_class_weighted,Class weight
1713,emscad_11521,"Babbel enables anyone to learn languages in an easy and interactive way. The learning system offers 13 languages, from E",Team Assistant Marketing,0,0,0.9997262954711914,0.00027370452880859375,0.8,1,BERT:bert_class_weighted,Class weight
1714,emscad_11528,Want to build a 21st century financial service?,Product Manager - Customer-Facing,0,0,0.9997458457946777,0.0002541542053222656,0.8,1,BERT:bert_class_weighted,Class weight
1715,emscad_11540,We help teachers get safe & secure jobs abroad :),English Teacher Abroad,0,0,0.9997690916061401,0.00023090839385986328,0.8,1,BERT:bert_class_weighted,Class weight
1716,emscad_11543,Aptitude Staffing Solutions has redesigned the recruiting wheel. Our innovative new platform cuts the recruiting time in,Director of Engineering HMA Security Products,1,1,0.00048828125,0.99951171875,0.8,1,BERT:bert_class_weighted,Class weight
1717,emscad_11547,Want to build a 21st century financial service?,Community Development Intern,0,0,0.9997626543045044,0.00023734569549560547,0.8,1,BERT:bert_class_weighted,Class weight
1718,emscad_11553,We’re always looking for highly motivated “founder-types” to join us as we grow. Here’s what you need to know.,Account Executive,0,0,0.9996273517608643,0.0003726482391357422,0.8,1,BERT:bert_class_weighted,Class weight
1719,emscad_11572,"QB Medical Inc. is a medical supply distributor located in Chula Vista, CA. Founded in 2005, we now services over 100 go",Marketing Associate,0,0,0.9995591640472412,0.00044083595275878906,0.8,1,BERT:bert_class_weighted,Class weight
1720,emscad_11575,"Founded in 2010 by a team from Google’s London and New York offices, Qubit work with some of the biggest names in Online",Sales Development Manager,0,0,0.9997721910476685,0.00022780895233154297,0.8,1,BERT:bert_class_weighted,Class weight
1721,emscad_11576,"General Summary: Achieves maximum sales profitability, growth and account penetration within an assigned territory and/o",Entry Level Sales,0,0,0.999018669128418,0.0009813308715820312,0.8,1,BERT:bert_class_weighted,Class weight
1722,emscad_11577,"At McLane Intel, we believe that everyone should love where they work! We understand that our ongoing success is attribu",Systems Engineers/Network Administrators/Tiers I-III,0,0,0.9997251033782959,0.00027489662170410156,0.8,1,BERT:bert_class_weighted,Class weight
1723,emscad_11586,We help teachers get safe & secure jobs abroad :),English Teacher Abroad,0,0,0.9997690916061401,0.00023090839385986328,0.8,1,BERT:bert_class_weighted,Class weight
1724,emscad_11587,hello world,(Senior) Developer Cloud Product (m/w),0,0,0.9997358322143555,0.00026416778564453125,0.8,1,BERT:bert_class_weighted,Class weight
1725,emscad_11592,JOB CATEGORY : Tech. Support Engineer /IT Help Desk Engineer,IT Help Desk Engineer / Technical Support Engineer,0,0,0.9932670593261719,0.006732940673828125,0.8,1,BERT:bert_class_weighted,Class weight
1726,emscad_11596,The MacTay Group is a leading consulting company with its sole aim to nurture and improve growth in people and establish,BUSINESS GROWTH EXECUTIVE,0,0,0.999640941619873,0.0003590583801269531,0.8,1,BERT:bert_class_weighted,Class weight
1727,emscad_11599,EROAD was established to modernise New Zealand’s paper-based RUC regime and in 2009 launched the world’s first GPS/cellu,Customer Care Consultant,0,0,0.9997532367706299,0.0002467632293701172,0.8,1,BERT:bert_class_weighted,Class weight
1728,emscad_11606,in Bielefeld (Germany) or remote – The position is open from now,Senior PHP Developer (m/f),0,0,0.9997119903564453,0.0002880096435546875,0.8,1,BERT:bert_class_weighted,Class weight
1729,emscad_11621,Established on the principles that full time education is not for everyone Spectrum Learning is made up of a team of pas,Aberdeen Driving Apprenticeship Under NAS 18 Year Olds Only,0,0,0.9997580051422119,0.00024199485778808594,0.8,1,BERT:bert_class_weighted,Class weight
1730,emscad_11631,Our mission is to optimize the first screen of mobile to better connect users with the world.,Finance/Office Manager,0,0,0.9997498989105225,0.00025010108947753906,0.8,1,BERT:bert_class_weighted,Class weight
1731,emscad_11637,Innovative streetwear and clothes you can play with. Soon in a crowdfunding platform near you.,Apparel Business Manager,0,0,0.9996993541717529,0.0003006458282470703,0.8,1,BERT:bert_class_weighted,Class weight
1732,emscad_11658,JUICE Mobile is an award-winning mobile advertising and technology firm solely dedicated to growing and monetizing the m,Campaign Operations Specialist,0,0,0.9996929168701172,0.0003070831298828125,0.8,1,BERT:bert_class_weighted,Class weight
1733,emscad_11660,We live in an increasingly social and visual world. Text posts are being replaced by photos and videos which dominate th,Sales Account Executive,0,0,0.9997612237930298,0.00023877620697021484,0.8,1,BERT:bert_class_weighted,Class weight
1734,emscad_11664,"Babbel enables anyone to learn languages in an easy and interactive way. The learning system offers 13 languages, from E",Team Coordinator Quality Assurance (m/f),0,0,0.999666690826416,0.0003333091735839844,0.8,1,BERT:bert_class_weighted,Class weight
1735,emscad_11666,AREX is a highly ambitious financial technology start-up in the alternative financial services space that aims to change,Senior Financial Engineer,0,0,0.9997124671936035,0.0002875328063964844,0.8,1,BERT:bert_class_weighted,Class weight
1736,emscad_11705,Working at FBN,Frontend Software Engineer,0,0,0.9997236728668213,0.00027632713317871094,0.8,1,BERT:bert_class_weighted,Class weight
1737,emscad_11711,"Part Time Staff Needed, Weekend Cash Job.","Part Time Staff Needed, Weekend Cash Job.",1,1,0.0009765625,0.9990234375,0.8,1,BERT:bert_class_weighted,Class weight
1738,emscad_11722,The Boston Consulting Group ( #URL_45423e1e16703aa4d8ee444d3ad69bb51525f1dad0b3115713cf80dc496299e2# ) has launched a ne,Lead UI/UX Designer,0,0,0.9995326995849609,0.0004673004150390625,0.8,1,BERT:bert_class_weighted,Class weight
1739,emscad_11726,"The RealReal is changing the way people buy and sell luxury items. The leader in luxury resale, the company is a full se",Consignor Relations Representative,0,0,0.9997022151947021,0.00029778480529785156,0.8,1,BERT:bert_class_weighted,Class weight
1740,emscad_11733,"Babbel enables anyone to learn languages in an easy and interactive way. The learning system offers 13 languages, from E",Operations Lead / New Business,0,0,0.9997098445892334,0.00029015541076660156,0.8,1,BERT:bert_class_weighted,Class weight
1741,emscad_11740,Jaco Oil and Refined Resources have partnered up in an effort to streamline the hiring process and provide a more effici,UST Testing Technician,1,1,0.00048828125,0.99951171875,0.8,1,BERT:bert_class_weighted,Class weight
1742,emscad_11741,"We place highly qualified governors, governesses, nannies and private tutors into VIP family homes across the world.",TEFL Teacher,0,0,0.9997422695159912,0.00025773048400878906,0.8,1,BERT:bert_class_weighted,Class weight
1743,emscad_11747,Summary,Environmental Compliance Manager,0,0,0.9907684326171875,0.0092315673828125,0.8,1,BERT:bert_class_weighted,Class weight
1744,emscad_11752,MediaMonks is the biggest creative digital production company on the planet . We specialize in working for and with adve,PHP Developer,0,0,0.9997477531433105,0.0002522468566894531,0.8,1,BERT:bert_class_weighted,Class weight
1745,emscad_11753,Staffing & Recruiting done right for the Oil & Energy Industry!,Project Controls Tech,1,1,0.00048828125,0.99951171875,0.8,1,BERT:bert_class_weighted,Class weight
1746,emscad_11756,Staffing & Recruiting done right for the Oil & Energy Industry!,Plant Operator,1,1,0.00048828125,0.99951171875,0.8,1,BERT:bert_class_weighted,Class weight
1747,emscad_11758,Staffing & Recruiting done right for the Oil & Energy Industry!,UTC Lead Testing Technician,1,1,0.00048828125,0.99951171875,0.8,1,BERT:bert_class_weighted,Class weight
1748,emscad_11767,Aptitude Staffing Solutions has redesigned the recruiting wheel. Our innovative new platform cuts the recruiting time in,Customer Success District Manager,1,1,0.00048828125,0.99951171875,0.8,1,BERT:bert_class_weighted,Class weight
1749,emscad_11771,Aptitude Staffing Solutions has redesigned the recruiting wheel. Our innovative new platform cuts the recruiting time in,Senior System Engineering Manager,1,1,0.00048828125,0.99951171875,0.8,1,BERT:bert_class_weighted,Class weight
1750,emscad_11781,We Provide Full Time Permanent Positions for many medium to large US companies. We are interested in finding/recruiting ,"Web Developer - JavaScript AJAX HTML - Vancouver, British Columbia",0,0,0.9997081756591797,0.0002918243408203125,0.8,1,BERT:bert_class_weighted,Class weight
1751,emscad_11783,"Fusemachines combines the power of Data Science, Artificial Intelligence and Natural Language Processing to build unique",Business Analyst Intern,0,0,0.9996843338012695,0.00031566619873046875,0.8,1,BERT:bert_class_weighted,Class weight
1752,emscad_11788,We Provide Full Time Permanent Positions for many medium to large US companies. We are interested in finding/recruiting ,Process Improvement Project Engineering Manager,0,0,0.9997448921203613,0.0002551078796386719,0.8,1,BERT:bert_class_weighted,Class weight
1753,emscad_11799,Want to be part of a NZ success story that’s going places?,Electronics Service Engineer (4 months fixed term),0,0,0.9997467994689941,0.0002532005310058594,0.8,1,BERT:bert_class_weighted,Class weight
1754,emscad_11803,“Pride is a personal commitment. It is an attitude which separates excellence from mediocrity.” – Author Unknown,Assistant Retail Manager -- Must LOVE Dogs,0,0,0.9996800422668457,0.0003199577331542969,0.8,1,BERT:bert_class_weighted,Class weight
1755,emscad_11813,Thanks for visiting our Job Board. Please review our open positions and apply to the positions that match your qualifica,IT Manager,0,0,0.9996953010559082,0.0003046989440917969,0.8,1,BERT:bert_class_weighted,Class weight
1756,emscad_11821,hello world,Head of Business Intelligence,0,0,0.999730110168457,0.00026988983154296875,0.8,1,BERT:bert_class_weighted,Class weight
1757,emscad_11826,Our History,Inside Sales Representative (San Diego),0,0,0.9995372295379639,0.0004627704620361328,0.8,1,BERT:bert_class_weighted,Class weight
1758,emscad_11827,hello world,System Administrator,0,0,0.9997575283050537,0.00024247169494628906,0.8,1,BERT:bert_class_weighted,Class weight
1759,emscad_11829,"Suneris, Inc is a medical device company,based out of Brooklyn, NY, working towards solving problems associated with wou",Research and Development Part-Time Internship,0,0,0.9996800422668457,0.0003199577331542969,0.8,1,BERT:bert_class_weighted,Class weight
1760,emscad_11834,Adform is looking for a Product Owner/ Manager to own the development of key Adform online advertising products in Rich ,Product Owner,0,0,0.9996626377105713,0.00033736228942871094,0.8,1,BERT:bert_class_weighted,Class weight
1761,emscad_11835,JUICE Mobile is an award-winning mobile advertising and technology firm solely dedicated to growing and monetizing the m,Digital Sales Planner,0,0,0.9996867179870605,0.0003132820129394531,0.8,1,BERT:bert_class_weighted,Class weight
1762,emscad_11836,NL Group supplies specialist healthcare recruitment and staffing solutions to the NHS and private healthcare providers i,Accounts & Payroll Administrator,0,0,0.9997148513793945,0.00028514862060546875,0.8,1,BERT:bert_class_weighted,Class weight
1763,emscad_11841,Established on the principles that full time education is not for everyone Spectrum Learning is made up of a team of pas,West Yorkshire Lead Generators/Sales Opporutunity,0,0,0.99973464012146,0.00026535987854003906,0.8,1,BERT:bert_class_weighted,Class weight
1764,emscad_11850,"Optimy is a fast-growing company that develops and sells a unique solution (as a SaaS web- application) for sponsorship,",Native French speaking Account Manager,0,0,0.9997358322143555,0.00026416778564453125,0.8,1,BERT:bert_class_weighted,Class weight
1765,emscad_11851,About the Company We are ticketscript - the European market leaders in digital self-ticketing. Whether it’s massive danc,Head of Marketing and Communication,0,0,0.999764084815979,0.0002359151840209961,0.8,1,BERT:bert_class_weighted,Class weight
1766,emscad_11856,"LogiSense Corporation is a well-established software company with rapidly growing business in Telecommunications, Hosted",Intermediate .Net Developer,0,0,0.9996705055236816,0.0003294944763183594,0.8,1,BERT:bert_class_weighted,Class weight
1767,emscad_11859,Our team is carefully balanced with the best specialists in the healthcare market and experts in web development and use,PHP Developer (PHP Ninja!),0,0,0.999713659286499,0.00028634071350097656,0.8,1,BERT:bert_class_weighted,Class weight
1768,emscad_11866,We are an innovative personnel-sourcing firm with solid team strength in recruiting candidates for various domains in th,Hiring for Sales Account Director(advertising/digital sales),0,0,0.9994416236877441,0.0005583763122558594,0.8,1,BERT:bert_class_weighted,Class weight
1769,emscad_11879,"#URL_c59e83e0460115b6817e5222a26b0e0f821ffad0ef2167b473cb66e5e7192142# is the creator of the first ""Everywhere"" social n",UI Designer,0,0,0.9996755123138428,0.00032448768615722656,0.8,1,BERT:bert_class_weighted,Class weight
1770,emscad_11881,Mission Statement,Community Liaison/Director of Patient Relations,0,0,0.9995253086090088,0.00047469139099121094,0.8,1,BERT:bert_class_weighted,Class weight
1771,emscad_11883,Responsibilities:,Warehouse Management,0,0,0.9992489814758301,0.0007510185241699219,0.8,1,BERT:bert_class_weighted,Class weight
1772,emscad_11886,"FiLo is a leader in custom software application development. Founded in 2006, FiLo has been delivering effective solutio",Software Developer .Net SQL Server,0,0,0.9996850490570068,0.00031495094299316406,0.8,1,BERT:bert_class_weighted,Class weight
1773,emscad_11897,"WellAware is an oil field communications and software-as-a-service (SaaS) company based in San Antonio, TX that provides",Senior Software Engineer - Web,0,0,0.9996592998504639,0.0003407001495361328,0.8,1,BERT:bert_class_weighted,Class weight
1774,emscad_11903,We Provide Full Time Permanent Positions for many medium to large US companies. We are interested in finding/recruiting ,Cad Designer,0,0,0.9997532367706299,0.0002467632293701172,0.8,1,BERT:bert_class_weighted,Class weight
1775,emscad_11915,World Ship One is an international shipping service. We offer a scale of solutions that allow clients to shop from the U,Online Auction Manager,0,0,0.9996953010559082,0.0003046989440917969,0.8,1,BERT:bert_class_weighted,Class weight
1776,emscad_11929,Established on the principles that full time education is not for everyone Spectrum Learning is made up of a team of pas,Fragrance consultants needed in Nottingham,0,0,0.9997575283050537,0.00024247169494628906,0.8,1,BERT:bert_class_weighted,Class weight
1777,emscad_11931,"Since 1986, we've offered world-class software that has changed how the construction industry operates. As we've grown, ",Technical Support Analyst - VIP Event Posting,0,0,0.9997191429138184,0.0002808570861816406,0.8,1,BERT:bert_class_weighted,Class weight
1778,emscad_11933,"Keycafe is the leading key exchange solution for Airbnb hosts, property managers and real estate agents. We have over 10",Senior Software Engineer,0,0,0.9997565746307373,0.0002434253692626953,0.8,1,BERT:bert_class_weighted,Class weight
1779,emscad_11937,We are looking for a talented UI Designer to create amazing user experiences. The ideal candidate should have an eye for,UI Designer,0,0,0.9993734359741211,0.0006265640258789062,0.8,1,BERT:bert_class_weighted,Class weight
1780,emscad_11941,"Squiz is one of the world's leading web solutions companies. We design, build and manage engaging websites and online ap",Marketing Director - Global,0,0,0.9997575283050537,0.00024247169494628906,0.8,1,BERT:bert_class_weighted,Class weight
1781,emscad_11948,We Provide Full Time Permanent Positions for many medium to large US companies. We are interested in finding/recruiting ,Research Analyst,0,0,0.999640941619873,0.0003590583801269531,0.8,1,BERT:bert_class_weighted,Class weight
1782,emscad_11971,We are an innovative personnel-sourcing firm with solid team strength in recruiting candidates for various domains in th,"QA Engineer Job opportunity at Atlanta, Georgia",0,0,0.9996533393859863,0.0003466606140136719,0.8,1,BERT:bert_class_weighted,Class weight
1783,emscad_11975,We are an innovative personnel-sourcing firm with solid team strength in recruiting candidates for various domains in th,"Incentive Compensation Consultant Job opportunity at California,San Jose",0,0,0.999605655670166,0.0003943443298339844,0.8,1,BERT:bert_class_weighted,Class weight
1784,emscad_11976,We are an innovative personnel-sourcing firm with solid team strength in recruiting candidates for various domains in th,"Python Lead Developer Job opportunity at Long Island, NY",0,0,0.9996917247772217,0.0003082752227783203,0.8,1,BERT:bert_class_weighted,Class weight
1785,emscad_11977,We are an innovative personnel-sourcing firm with solid team strength in recruiting candidates for various domains in th,Senior Java Developer Job opportunity at United State-District of Columbia,0,0,0.999657392501831,0.0003426074981689453,0.8,1,BERT:bert_class_weighted,Class weight
1786,emscad_11992,Established on the principles that full time education is not for everyone Spectrum Learning is made up of a team of pas,Coventry Fragrance and Beauty Promotional Staff,0,0,0.9997513294219971,0.0002486705780029297,0.8,1,BERT:bert_class_weighted,Class weight
1787,emscad_12007,"We founded this company on the principle that great employees deserved great workplaces, Wellnext creates technology to ",Junior Web/Software Developer,0,0,0.9997427463531494,0.00025725364685058594,0.8,1,BERT:bert_class_weighted,Class weight
1788,emscad_12009,"Founded in 2010 by a team from Google’s London and New York offices, Qubit work with some of the biggest names in Online",Global Product Operations Manager,0,0,0.99977707862854,0.00022292137145996094,0.8,1,BERT:bert_class_weighted,Class weight
1789,emscad_12015,Kovert Designs is an Electronic and Fashion Design Company based in London. The team is made up of Hardware Design Engin,iOS Developer,0,0,0.9997215270996094,0.000278472900390625,0.8,1,BERT:bert_class_weighted,Class weight
1790,emscad_12024,MediaMonks is the biggest creative digital production company on the planet . We specialize in working for and with adve,.NET Developer,0,0,0.9997518062591553,0.00024819374084472656,0.8,1,BERT:bert_class_weighted,Class weight
1791,emscad_12028,"With an exceptional record of over 50% growth in each of the last 5 years, we’ve become the UK’s largest online retailer",Web Product Content Editor,0,0,0.9997427463531494,0.00025725364685058594,0.8,1,BERT:bert_class_weighted,Class weight
1792,emscad_12051,We help teachers get safe & secure jobs abroad :),Teach English Overseas (Conversational),0,0,0.9997570514678955,0.0002429485321044922,0.8,1,BERT:bert_class_weighted,Class weight
1793,emscad_12054,"Salary: £18,000 - £20,000 Basic",Trainee Recruitment Consultant,0,0,0.9997029304504395,0.0002970695495605469,0.8,1,BERT:bert_class_weighted,Class weight
1794,emscad_12055,Want to be part of a NZ success story that’s going places?,Interested in working for Invenco?,0,0,0.9997310638427734,0.0002689361572265625,0.8,1,BERT:bert_class_weighted,Class weight
1795,emscad_12060,Job Description,Junior Developer,0,0,0.9996981620788574,0.0003018379211425781,0.8,1,BERT:bert_class_weighted,Class weight
1796,emscad_12065,We Provide Full Time Permanent Positions for many medium to large US companies. We are interested in finding/recruiting ,Application Developer,0,0,0.9997463226318359,0.0002536773681640625,0.8,1,BERT:bert_class_weighted,Class weight
1797,emscad_12069,"Advocate Construction is an up and coming leader in the disaster recovery industry, In early 2012, Advocate was founded ",Entry Level Sales and Marketing Rep - South Chicagoland Area,0,0,0.9996213912963867,0.00037860870361328125,0.8,1,BERT:bert_class_weighted,Class weight
1798,emscad_12074,Established on the principles that full time education is not for everyone Spectrum Learning is made up of a team of pas,Essex Warehousing apprenticeship available under NAS 16-18 year olds only!,0,0,0.9997726678848267,0.00022733211517333984,0.8,1,BERT:bert_class_weighted,Class weight
1799,emscad_12078,Working at FBN,Field Operations Specialist,0,0,0.999722957611084,0.0002770423889160156,0.8,1,BERT:bert_class_weighted,Class weight
1800,emscad_12082,Position: Bijou-Pastry Cook,Pastry Cook,0,0,0.9994692802429199,0.0005307197570800781,0.8,1,BERT:bert_class_weighted,Class weight
1801,emscad_12083,"At McLane Intel, we believe that everyone should love where they work! We understand that our ongoing success is attribu",Advanced Network Administrator,0,0,0.9997208118438721,0.0002791881561279297,0.8,1,BERT:bert_class_weighted,Class weight
1802,emscad_12095,"Argenta Field Solutions values the client, creates income streams for them through our sales mechanism and focuses on qu",Sales Rep for AT&T Solutions Provider - Management Training,0,0,0.9996941089630127,0.0003058910369873047,0.8,1,BERT:bert_class_weighted,Class weight
1803,emscad_12098,Upstream’s mission is to revolutionise the way companies market to consumers through cutting edge technology. This is an,Technical Support Engineer,0,0,0.9997351169586182,0.00026488304138183594,0.8,1,BERT:bert_class_weighted,Class weight
1804,emscad_12099,We take the hassle out of finding and booking a cleaner. We are currently in the UK but we have big plans and we want an,Data Analyst,0,0,0.9997570514678955,0.0002429485321044922,0.8,1,BERT:bert_class_weighted,Class weight
1805,emscad_12103,"Infrascale is the only complete cloud backup and disaster recovery solution, designed for MSPs. Located in El Segundo, C",Technical Support Specialist,0,0,0.9993929862976074,0.0006070137023925781,0.8,1,BERT:bert_class_weighted,Class weight
1806,emscad_12106,The Technical Team and offering at VML London has a very strong heritage dating back to the mid-nineties when the London,Senior User Interface Developer,0,0,0.9997686147689819,0.0002313852310180664,0.8,1,BERT:bert_class_weighted,Class weight
1807,emscad_12120,"90 Seconds, the worlds Cloud Video Production Service.",Part-Time Admin/Accounts Ninja,0,0,0.9997508525848389,0.0002491474151611328,0.8,1,BERT:bert_class_weighted,Class weight
1808,emscad_12124,We Provide Full Time Permanent Positions for many medium to large US companies. We are interested in finding/recruiting ,Electrical Maintenance Technician,0,0,0.9997690916061401,0.00023090839385986328,0.8,1,BERT:bert_class_weighted,Class weight
1809,emscad_12135,Established on the principles that full time education is not for everyone Spectrum Learning is made up of a team of pas,Beauty & Fragrance consultants needed,0,0,0.9997653961181641,0.0002346038818359375,0.8,1,BERT:bert_class_weighted,Class weight
1810,emscad_12143,Axonix is a global mobile advertising technology company that's powered by a platform with a 4 year history of leading t,Media Services Sales Team Lead,0,0,0.9997570514678955,0.0002429485321044922,0.8,1,BERT:bert_class_weighted,Class weight
1811,emscad_12144,MISSION:,EXPERIENCED CAREGIVERS NEEDED TODAY!THE BEST PAY & AWESOME BENEFITS!!,0,0,0.999730110168457,0.00026988983154296875,0.8,1,BERT:bert_class_weighted,Class weight
1812,emscad_12147,"Depop is an exciting new mobile marketplace where you can sell things by simply taking a picture, as well as follow your",Support Agent,0,0,0.9997518062591553,0.00024819374084472656,0.8,1,BERT:bert_class_weighted,Class weight
1813,emscad_12149,Established on the principles that full time education is not for everyone Spectrum Learning is made up of a team of pas,Glasgow Fragrance and Beauty Promotional Staff,0,0,0.9997607469558716,0.00023925304412841797,0.8,1,BERT:bert_class_weighted,Class weight
1814,emscad_12156,Hawkeye Recruitment provides cost effective recruitment advertising solutions to help you cast the widest net to find th,Sales Manager - Outside Sales Rep,0,0,0.9996945858001709,0.00030541419982910156,0.8,1,BERT:bert_class_weighted,Class weight
1815,emscad_12162,"Hi, we are dopios",City Manager Istanbul (Part-time),0,0,0.9996836185455322,0.00031638145446777344,0.8,1,BERT:bert_class_weighted,Class weight
1816,emscad_12163,**Applicants MUST BE LOCAL and willing to work at our Royal Oak office in Michigan.**,PHP Web Developer - Royal Oak Metro Detroit,0,0,0.9997358322143555,0.00026416778564453125,0.8,1,BERT:bert_class_weighted,Class weight
1817,emscad_12164,AREX is a highly ambitious financial technology start-up in the alternative financial services space that aims to change,Customer Service Manager,0,0,0.9996964931488037,0.00030350685119628906,0.8,1,BERT:bert_class_weighted,Class weight
1818,emscad_12169,"Wir sind ein junges Berliner Mobile-Startup, das Meinungen und Unterhaltung innovativ zusammenbringt. Mit unserer Androi",Mobile Developer (m/f),0,0,0.9997198581695557,0.00028014183044433594,0.8,1,BERT:bert_class_weighted,Class weight
1819,emscad_12179,Our Company,Account Manager Web/Mobile,0,0,0.9997341632843018,0.0002658367156982422,0.8,1,BERT:bert_class_weighted,Class weight
1820,emscad_12181,"Marketing Mob specializes in placing interim, project-based and contract-to-hire marketing consultants in small business","Marketing Consultants, Contractors and Freelancers Needed",0,0,0.9996540546417236,0.0003459453582763672,0.8,1,BERT:bert_class_weighted,Class weight
1821,emscad_12191,"We run #URL_34e817f2a402b90fa03423a629596c1d7d48cd15c859b303842003275d56829c# , a SaaS form management solution that hel",Business Analyst,0,0,0.9997551441192627,0.0002448558807373047,0.8,1,BERT:bert_class_weighted,Class weight
1822,emscad_12193,"DICE gets fans the best tickets at face value with No Booking Fees. We're based in Shoreditch, London and 100% mobile so",Marketing Internship Program,0,0,0.9997453689575195,0.00025463104248046875,0.8,1,BERT:bert_class_weighted,Class weight
1823,emscad_12194,"DICE gets fans the best tickets at face value with No Booking Fees. We're based in Shoreditch, London and 100% mobile so",Head of Digital and Social Marketing,0,0,0.99973464012146,0.00026535987854003906,0.8,1,BERT:bert_class_weighted,Class weight
1824,emscad_12200,Qualifications and Requirements:,Mechanical Engineer,0,0,0.9868392944335938,0.01316070556640625,0.8,1,BERT:bert_class_weighted,Class weight
1825,emscad_12201,Our History,Driver - Light Duty (Hayward),0,0,0.9995565414428711,0.00044345855712890625,0.8,1,BERT:bert_class_weighted,Class weight
1826,emscad_12217,"Social Care Alba is the highest graded Care at Home Company in the country. We hold awards in Investors in People, Healt",Personal Care Assistant,0,0,0.9997086524963379,0.0002913475036621094,0.8,1,BERT:bert_class_weighted,Class weight
1827,emscad_12220,Neurocom is a software house providing services and solutions to the telecommunications sector in Greece and abroad.,Database Developer,0,0,0.9996774196624756,0.00032258033752441406,0.8,1,BERT:bert_class_weighted,Class weight
1828,emscad_12221,About From the Farmer,Director of Operations,0,0,0.999759316444397,0.00024068355560302734,0.8,1,BERT:bert_class_weighted,Class weight
1829,emscad_12224,Ready to let your star shine? Discover the career you’ve been dreaming about at AvaStars where...,Rising Star (3rd Key Holder) - Kenwood Towne Centre,0,0,0.9997272491455078,0.0002727508544921875,0.8,1,BERT:bert_class_weighted,Class weight
1830,emscad_12226,"Shapeways is the leading 3D printing marketplace and community, empowering designers to bring amazing products to life. ",Industrial Engineer,0,0,0.9997522830963135,0.00024771690368652344,0.8,1,BERT:bert_class_weighted,Class weight
1831,emscad_12230,We Provide Full Time Permanent Positions for many medium to large US companies. We are interested in finding/recruiting ,Manufacturing Engineer,0,0,0.9997580051422119,0.00024199485778808594,0.8,1,BERT:bert_class_weighted,Class weight
1832,emscad_12260,"We are an digital product agency specialising in web and mobile development. Established in 2006, we have offices in Sin",Senior Interaction Designer,0,0,0.9997198581695557,0.00028014183044433594,0.8,1,BERT:bert_class_weighted,Class weight
1833,emscad_12262,"With offices across UK, mainland Europe, Australia, New Zealand, and the United States, Squiz helps clients across the g",Sales Executive/Business Development Manager - Funnelback,0,0,0.9997621774673462,0.0002378225326538086,0.8,1,BERT:bert_class_weighted,Class weight
1834,emscad_12275,About ECHOING GREEN :,Social Investment Council Manager,0,0,0.9994544982910156,0.000545501708984375,0.8,1,BERT:bert_class_weighted,Class weight
1835,emscad_12286,"Are you ready to sell the hottest brands and technologies – from 3D printers to drones, smart home systems and wireless ",Inside Sales/Account Manager,0,0,0.999722957611084,0.0002770423889160156,0.8,1,BERT:bert_class_weighted,Class weight
1836,emscad_12291,Maker’s Row is an online marketplace that connects American manufacturers and product based businesses. Our mission is t,CTO,0,0,0.9997463226318359,0.0002536773681640625,0.8,1,BERT:bert_class_weighted,Class weight
1837,emscad_12299,"Friend MTS is a leading provider of technology to the media and entertainment industry. Specialising in video security, ",Web Application Engineer,0,0,0.9997434616088867,0.00025653839111328125,0.8,1,BERT:bert_class_weighted,Class weight
1838,emscad_12304,"Diamond Graphics, Inc. (Ramsey, MN) is a total solution pre-paid card manufacturer providing the telecommunication, stor",Purchasing Agent,0,0,0.9995224475860596,0.0004775524139404297,0.8,1,BERT:bert_class_weighted,Class weight
1839,emscad_12307,Playfair Capital is an early stage technology investment fund based in London.,Front End JavaScript Developer,0,0,0.9997494220733643,0.0002505779266357422,0.8,1,BERT:bert_class_weighted,Class weight
1840,emscad_12312,"Fab is the place to discover the most exciting things for your life. Our modern, urban-inspired products allow everyone ",Customer Service position,1,0,0.9995417594909668,0.0004582405090332031,0.8,0,BERT:bert_class_weighted,Class weight
1841,emscad_12313,Salary Range,"Chief Financial Officer (Hospital Near Casper, WY)",0,0,0.9989681243896484,0.0010318756103515625,0.8,1,BERT:bert_class_weighted,Class weight
1842,emscad_12332,"Established in 1999, Prometheus Group is a leading provider of and Health Information Management (HIMS) software solutio",Senior AR Associate,0,0,0.9996457099914551,0.0003542900085449219,0.8,1,BERT:bert_class_weighted,Class weight
1843,emscad_12336,"Typeform is a tech start-up which is transforming data collection into a flexible, intuitive and incredibly engaging use",Developer - Front end and Back end,0,0,0.9997508525848389,0.0002491474151611328,0.8,1,BERT:bert_class_weighted,Class weight
1844,emscad_12342,We help teachers get safe & secure jobs abroad :),English Teacher Abroad,0,0,0.9997690916061401,0.00023090839385986328,0.8,1,BERT:bert_class_weighted,Class weight
1845,emscad_12345,UFN is a dynamic start-up founded in 2008 that specializes in providing strategically designed e-commerce websites and o,SEO Specialist,0,0,0.9997408390045166,0.00025916099548339844,0.8,1,BERT:bert_class_weighted,Class weight
1846,emscad_12361,HappyFox is a young startup that is all about bringing the happiness quotient in support teams. We help companies transf,Account Executive,0,0,0.9997279644012451,0.0002720355987548828,0.8,1,BERT:bert_class_weighted,Class weight
1847,emscad_12364,"We experiment with new digital products, retail experiences and business models at M&S.com",Software Engineer in Test,0,0,0.9997560977935791,0.00024390220642089844,0.8,1,BERT:bert_class_weighted,Class weight
1848,emscad_12365,The story of the Great Chicago Fire of 1871 isn’t really about the fire. It’s about what happened next: A remarkable mom,Lead Rails Engineer - Telnyx (Techstars),0,0,0.9997203350067139,0.0002796649932861328,0.8,1,BERT:bert_class_weighted,Class weight
1849,emscad_12366,"If you are someone who loves to learn new things; design, develop and implement stunning web-based solutions; we need yo",PHP Developer,0,0,0.9995827674865723,0.0004172325134277344,0.8,1,BERT:bert_class_weighted,Class weight
1850,emscad_12374,"Executive Chef needed in West Orange, NJ for a high volume upscale casual dining restaurant.",Executive Chef,0,0,0.9984416961669922,0.0015583038330078125,0.8,1,BERT:bert_class_weighted,Class weight
1851,emscad_12381,We Provide Full Time Permanent Positions for many medium to large US companies. We are interested in finding/recruiting ,Software Engineer,0,0,0.9997653961181641,0.0002346038818359375,0.8,1,BERT:bert_class_weighted,Class weight
1852,emscad_12394,We help teachers get safe & secure jobs abroad :),English Teacher Abroad,0,0,0.9997690916061401,0.00023090839385986328,0.8,1,BERT:bert_class_weighted,Class weight
1853,emscad_12395,"Creative, innovative digital solutions, social media and development of web and mobile applications.",Full Stack Web Developer,0,0,0.9994945526123047,0.0005054473876953125,0.8,1,BERT:bert_class_weighted,Class weight
1854,emscad_12403,Truckbird is a startup company aiming to disrupt the transportation of goods industry. By partnering with PLANNING S.A. ,Sales & Marketing Executive,0,0,0.9997215270996094,0.000278472900390625,0.8,1,BERT:bert_class_weighted,Class weight
1855,emscad_12405,Your main work tasks will include:,UIX JS Developer - UK,0,0,0.999610185623169,0.0003898143768310547,0.8,1,BERT:bert_class_weighted,Class weight
1856,emscad_12414,"Founded in 1974 in Canada, and in 1985 in the U.S. as a specialty engineering and contracting company, Landmark works th",Quality Control Technician,0,0,0.9995591640472412,0.00044083595275878906,0.8,1,BERT:bert_class_weighted,Class weight
1857,emscad_12419,Young & Shand is a full service digital agency that loves a challenge.,Web Developer - Front End,0,0,0.9997597932815552,0.00024020671844482422,0.8,1,BERT:bert_class_weighted,Class weight
1858,emscad_12420,"Delivering superior customer services for over 10 years, IBEX Global is a business process outsourcer offering an integr",Agent-Inbound Sales Position,0,0,0.9995760917663574,0.0004239082336425781,0.8,1,BERT:bert_class_weighted,Class weight
1859,emscad_12425,"The Graham Marketing Group / RSVP Publications – Charleston, SC",Media Advertising Sales Representative (3-5 years sales exp. a must),0,0,0.999363899230957,0.0006361007690429688,0.8,1,BERT:bert_class_weighted,Class weight
1860,emscad_12440,We’re not doctors. We are geeks who understand doctors.,Backend Engineer,0,0,0.9996812343597412,0.00031876564025878906,0.8,1,BERT:bert_class_weighted,Class weight
1861,emscad_12442,"Founded in 2010 by a team from Google’s London and New York offices, Qubit work with some of the biggest names in Online",Graduate Client Engineer 2015,0,0,0.9997726678848267,0.00022733211517333984,0.8,1,BERT:bert_class_weighted,Class weight
1862,emscad_12452,About the Company,Brand Strategist,0,0,0.9997570514678955,0.0002429485321044922,0.8,1,BERT:bert_class_weighted,Class weight
1863,emscad_12457,E-Hospitality is an IT / Hospitality company focusing on the global meeting industry. With its product Book2Meet (previo,Account Manager Business Solutions Germany,0,0,0.9997320175170898,0.00026798248291015625,0.8,1,BERT:bert_class_weighted,Class weight
1864,emscad_12461,We’re always looking for highly motivated “founder-types” to join us as we grow. Here’s what you need to know.,Data Engineer,0,0,0.99959397315979,0.00040602684020996094,0.8,1,BERT:bert_class_weighted,Class weight
1865,emscad_12466,Since 1978,Digital Project Manager,0,0,0.9997203350067139,0.0002796649932861328,0.8,1,BERT:bert_class_weighted,Class weight
1866,emscad_12476,Established on the principles that full time education is not for everyone Spectrum Learning is made up of a team of pas,Salford I.T Apprenticeship available under NAS 16-18 year olds only,0,0,0.9997686147689819,0.0002313852310180664,0.8,1,BERT:bert_class_weighted,Class weight
1867,emscad_12496,POSist is a completely cloud based POS for Restaurant industry.. It helps a standalone food outlet to a large food chain,Senior Area Sales Manager - Mumbai,0,0,0.9997224807739258,0.00027751922607421875,0.8,1,BERT:bert_class_weighted,Class weight
1868,emscad_12499,Hawkeye Recruitment provides cost effective recruitment advertising solutions to help you cast the widest net to find th,Police Officer,0,0,0.9990634918212891,0.0009365081787109375,0.8,1,BERT:bert_class_weighted,Class weight
1869,emscad_12504,"We're an emerging technology agency, and we build breakthrough products through user-centered design. We're building a t",Interaction Designer,0,0,0.9996969699859619,0.00030303001403808594,0.8,1,BERT:bert_class_weighted,Class weight
1870,emscad_12506,"Entertainment everywhere. Operating under the StarzPlay brand, Playco Ltd., delivers a premium video-on-demand service. ",Mobile Product Lead,0,0,0.9997372627258301,0.0002627372741699219,0.8,1,BERT:bert_class_weighted,Class weight
1871,emscad_12519,"VisionMobile is the leading research company in the apps economy. We track app developer trends across 10,000+ developer","Mobile developer & blogger (part time, Athens)",0,0,0.9997584819793701,0.0002415180206298828,0.8,1,BERT:bert_class_weighted,Class weight
1872,emscad_12520,POSist is a completely cloud based POS for Restaurant industry.. It helps a standalone food outlet to a large food chain,Area Sales Manager - Delhi,0,0,0.9997293949127197,0.00027060508728027344,0.8,1,BERT:bert_class_weighted,Class weight
1873,emscad_12524,Hawkeye Recruitment provides cost effective recruitment advertising solutions to help you cast the widest net to find th,Medical Program Coordinator - Home Assistance Coordinator,0,0,0.999260425567627,0.0007395744323730469,0.8,1,BERT:bert_class_weighted,Class weight
1874,emscad_12534,#URL_c379aa631173ed5b7c345ab3f500a9a053e509138ca70e52c1088e5a784dc8d7# is a modern online travel agency that was founded,IT Trainee,0,0,0.9997427463531494,0.00025725364685058594,0.8,1,BERT:bert_class_weighted,Class weight
1875,emscad_12535,"Vend is looking for some awesome new talent to come join us. You'll be working in an awesome team doing awesome things, ",Product Designer,0,0,0.9997203350067139,0.0002796649932861328,0.8,1,BERT:bert_class_weighted,Class weight
1876,emscad_12538,"Propoint provides custom, visual solutions that help our corporate clients engage their audience, win big, and set them ",Project Coordinator,0,0,0.9997612237930298,0.00023877620697021484,0.8,1,BERT:bert_class_weighted,Class weight
1877,emscad_12550,Hawkeye Recruitment provides cost effective recruitment advertising solutions to help you cast the widest net to find th,PROGRAMMER ANALYST: C#,0,0,0.9996805191040039,0.00031948089599609375,0.8,1,BERT:bert_class_weighted,Class weight
1878,emscad_12551,"Frequency540 (FQ540) is a full service digital agency focused on creating prosperity for our clients, our people, and pa",Account Supervisor,0,0,0.9997351169586182,0.00026488304138183594,0.8,1,BERT:bert_class_weighted,Class weight
1879,emscad_12558,Established on the principles that full time education is not for everyone Spectrum Learning is made up of a team of pas,CONTRACTS MANAGER (Internal Construction),0,0,0.9997482299804688,0.00025177001953125,0.8,1,BERT:bert_class_weighted,Class weight
1880,emscad_12559,"You're youthful, tech savvy and open-minded right? So are we. We aim for excellence in everything that we do, by continu",Customer Experience Agent,0,0,0.999241828918457,0.0007581710815429688,0.8,1,BERT:bert_class_weighted,Class weight
1881,emscad_12562,"At VERB, we’re not interested in being all things to all people. Our team of 50+ professionals specialize in digital mar",Creative Copywriter,0,0,0.9997413158416748,0.0002586841583251953,0.8,1,BERT:bert_class_weighted,Class weight
1882,emscad_12564,Job Description: Primary job responsibilities are provide support for all company based customers within the area. Focus,Customer Service Technical Support/Help Desk II,0,0,0.9951057434082031,0.004894256591796875,0.8,1,BERT:bert_class_weighted,Class weight
1883,emscad_12569,Balanced Labs exists to provide accountants and small businesses everywhere with a better life through intelligent and e,Senior Software Engineer,0,0,0.9997408390045166,0.00025916099548339844,0.8,1,BERT:bert_class_weighted,Class weight
1884,emscad_12573,We Provide Full Time Permanent Positions for many medium to large US companies. We are interested in finding/recruiting ,Electrical Maintenance Technician - Major States,0,0,0.9996922016143799,0.0003077983856201172,0.8,1,BERT:bert_class_weighted,Class weight
1885,emscad_12580,About Moxie,Fullstack WordPress Engineer,0,0,0.999759316444397,0.00024068355560302734,0.8,1,BERT:bert_class_weighted,Class weight
1886,emscad_12591,We Provide Full Time Permanent Positions for many medium to large US companies. We are interested in finding/recruiting ,Process Engineer - Environmental laws - TX,0,0,0.999685525894165,0.00031447410583496094,0.8,1,BERT:bert_class_weighted,Class weight
1887,emscad_12594,"We founded this company on the principle that great employees deserved great workplaces, Wellnext creates technology to ",Web/SharePoint Developer,0,0,0.9997453689575195,0.00025463104248046875,0.8,1,BERT:bert_class_weighted,Class weight
1888,emscad_12599,"Come be a part of one of the fastest growing, well-funded and exciting startups in Silicon Valley. Peel makes the world’",UI/UX Designer,0,0,0.9997527599334717,0.0002472400665283203,0.8,1,BERT:bert_class_weighted,Class weight
1889,emscad_12600,"At Total Eclipse we create fun, original, and addictive games that are easy to learn yet hard to master. We have a stron",Illustrator for Games,0,0,0.999741792678833,0.0002582073211669922,0.8,1,BERT:bert_class_weighted,Class weight
1890,emscad_12612,"The RealReal is changing the way people buy and sell luxury items. The leader in luxury resale, the company is a full se",Fashion Product Receiver,0,0,0.9997203350067139,0.0002796649932861328,0.8,1,BERT:bert_class_weighted,Class weight
1891,emscad_12617,"Street Solutions, Inc. (SSI) develops software solutions for the secondary loan market. Our clients are some of the most",Implementation Specialist,0,0,0.9996988773345947,0.00030112266540527344,0.8,1,BERT:bert_class_weighted,Class weight
1892,emscad_12621,De Novo Group is a non-profit organization based out of Berkeley and backed by Google and federal grants. We turn cuttin,Broadband Technician,0,0,0.9997621774673462,0.0002378225326538086,0.8,1,BERT:bert_class_weighted,Class weight
1893,emscad_12650,At HoneyBook we’re re-imagining the events industry and building a product that is already changing the world for some o,Chief of Office,0,0,0.9997386932373047,0.0002613067626953125,0.8,1,BERT:bert_class_weighted,Class weight
1894,emscad_12659,We Provide Full Time Permanent Positions for many medium to large US companies. We are interested in finding/recruiting ,New Product Development Project Leader,0,0,0.9997053146362305,0.00029468536376953125,0.8,1,BERT:bert_class_weighted,Class weight
1895,emscad_12660,The primary roles of this position are to:,Linux Engineer,0,0,0.9990472793579102,0.0009527206420898438,0.8,1,BERT:bert_class_weighted,Class weight
1896,emscad_12670,"The RealReal is changing the way people buy and sell luxury items. The leader in luxury resale, the company is a full se",Gemologist,0,0,0.9997081756591797,0.0002918243408203125,0.8,1,BERT:bert_class_weighted,Class weight
1897,emscad_12682,"WillDom is a top notch IT Outsourcing Business Ecosystem, where each member contributes in creating world class value. W",Drupal Developer - Remote - USA Only,0,0,0.9996976852416992,0.00030231475830078125,0.8,1,BERT:bert_class_weighted,Class weight
1898,emscad_12688,"Intercom ( #URL_cb674f93cbcd215a3a0a57a8615a565545949eead8adbbc73307c26d6a6af81b# ) is a simple, personal messaging serv",Product Manager,0,0,0.9997467994689941,0.0002532005310058594,0.8,1,BERT:bert_class_weighted,Class weight
1899,emscad_12695,"Conversion Factory works with a growing list of European and US clients, boosting their conversion rates and turning mor",JavaScript Frontend Developer,0,0,0.9997444152832031,0.000255584716796875,0.8,1,BERT:bert_class_weighted,Class weight
1900,emscad_12696,Since 1973: Working together to make our community healthy,Addiction and Mental Health Counsellor,0,0,0.999722957611084,0.0002770423889160156,0.8,1,BERT:bert_class_weighted,Class weight
1901,emscad_12709,"We're an emerging technology agency, and we build breakthrough products through user-centered design. We're building a t",Android Engineer,0,0,0.9997000694274902,0.0002999305725097656,0.8,1,BERT:bert_class_weighted,Class weight
1902,emscad_12711,Our History,Inside Sales Representative (Seattle),0,0,0.9995298385620117,0.00047016143798828125,0.8,1,BERT:bert_class_weighted,Class weight
1903,emscad_12718,Take Out Brands is a food franchise business with a #URL_4524df5c91ce800c4ba16ef1406d622db7d51d37105a7fcee27521e61854615,Book-Keepers (Accounts Payable & Payroll),0,0,0.9997005462646484,0.0002994537353515625,0.8,1,BERT:bert_class_weighted,Class weight
1904,emscad_12722,"ustwo offers you the opportunity to be yourself, whilst delivering the best work on the planet for some of the biggest a",Finance Analyst (Fixed term contract),0,0,0.9997463226318359,0.0002536773681640625,0.8,1,BERT:bert_class_weighted,Class weight
1905,emscad_12731,"What we are looking for: A tenacious, friendly sales representative who has great communication skills and is comfortabl",Office Assistant,0,0,0.9996330738067627,0.0003669261932373047,0.8,1,BERT:bert_class_weighted,Class weight
1906,emscad_12745,"Squiz is one of the world's leading web solutions companies. We design, build and manage engaging websites and online ap",Business Manager,0,0,0.9997551441192627,0.0002448558807373047,0.8,1,BERT:bert_class_weighted,Class weight
1907,emscad_12752,Software Engineer,"Software Engineer, Digital",0,0,0.9995112419128418,0.0004887580871582031,0.8,1,BERT:bert_class_weighted,Class weight
1908,emscad_12757,Juniper Grill in Cranberry is growing and looking for Dishwashers and Line Cooks. We are seeking industry pros and unlik,Line Cook & Dishwashers,0,0,0.9994516372680664,0.0005483627319335938,0.8,1,BERT:bert_class_weighted,Class weight
1909,emscad_12760,Our mission is to bring the world's best-loved local restaurants into everyone's home or office - fast.,Regional Manager,0,0,0.9997636079788208,0.00023639202117919922,0.8,1,BERT:bert_class_weighted,Class weight
1910,emscad_12761,Established on the principles that full time education is not for everyone Spectrum Learning is made up of a team of pas,Chelmsford Warehousing apprenticeship available under NAS 16-18 year olds only!,0,0,0.999775767326355,0.00022423267364501953,0.8,1,BERT:bert_class_weighted,Class weight
1911,emscad_12775,"Tidewater Finance Co. was established in 1992 for the initial purpose of purchasing, and servicing retail installment co",Marketing Representative,0,0,0.9996685981750488,0.0003314018249511719,0.8,1,BERT:bert_class_weighted,Class weight
1912,emscad_12781,Established on the principles that full time education is not for everyone Spectrum Learning is made up of a team of pas,Coventry Customer Service Apprenticeship under NAS 16-18 year olds only!,0,0,0.9997658729553223,0.00023412704467773438,0.8,1,BERT:bert_class_weighted,Class weight
1913,emscad_12787,Solutions3 is a woman-owned small business whose focus is IT Service Management using best of breed technology and imple,Sr. Kinetic Data Service Catalog Implementers,0,0,0.9996192455291748,0.0003807544708251953,0.8,1,BERT:bert_class_weighted,Class weight
1914,emscad_12790,"London is a fast paced city of culture, diversity and opportunity, and as the UK's economic powerhouse, it is the perfec",Internship in London,0,0,0.9996793270111084,0.00032067298889160156,0.8,1,BERT:bert_class_weighted,Class weight
1915,emscad_12793,White Key ( #URL_18bdebb9c9127fe6d01ec1d2029e78f730249d97f59ab8aa5f0a53a893cec171# ) is a boutique company offering a po,Account Executive,0,0,0.9994988441467285,0.0005011558532714844,0.8,1,BERT:bert_class_weighted,Class weight
1916,emscad_12806,"Founded by serial entrepreneur Clive Jackson and launched in 2011, Victor is one of the world’s most trusted names in pr",Lead iOS developer,0,0,0.9997477531433105,0.0002522468566894531,0.8,1,BERT:bert_class_weighted,Class weight
1917,emscad_12814,"Welcome to interface rehab interface rehab provides comprehensive rehabilitation (Physical, Occupational & Speech Therap",Physical Therapist,0,0,0.9993734359741211,0.0006265640258789062,0.8,1,BERT:bert_class_weighted,Class weight
1918,emscad_12820,"Welcome to interface rehab interface rehab provides comprehensive rehabilitation (Physical, Occupational & Speech Therap",Physical Therapist,0,0,0.999361515045166,0.0006384849548339844,0.8,1,BERT:bert_class_weighted,Class weight
1919,emscad_12827,"Even though we’ve been industry leaders for years, we’ve never lost sight of our primary goal: to serve and protect our ","Life Insurance Agent - Phoenix, AZ",0,0,0.9996559619903564,0.0003440380096435547,0.8,1,BERT:bert_class_weighted,Class weight
1920,emscad_12831,"Loftplan are a specialist loft conversion company. Operating for over 20 years, Loftplan have installed over 4000 loft c",Carpenter (1st and 2nd fix),0,0,0.9995479583740234,0.0004520416259765625,0.8,1,BERT:bert_class_weighted,Class weight
1921,emscad_12835,"Founded by serial entrepreneur Clive Jackson and launched in 2011, Victor is one of the world’s most trusted names in pr",Junior developer,0,0,0.999741792678833,0.0002582073211669922,0.8,1,BERT:bert_class_weighted,Class weight
1922,emscad_12839,Outstanding Member Service Starts With Outstanding People,Branch Associate,0,0,0.9996893405914307,0.00031065940856933594,0.8,1,BERT:bert_class_weighted,Class weight
1923,emscad_12846,We Provide Full Time Permanent Positions for many medium to large US companies. We are interested in finding/recruiting ,Process Improvement Project Engineering Manager - Major States,0,0,0.9996762275695801,0.0003237724304199219,0.8,1,BERT:bert_class_weighted,Class weight
1924,emscad_12854,"ABC Supply Co., Inc. is the nation’s largest wholesale distributor of roofing and one of the largest distributors of sid",Branch Manager In Training - Wisconsin,0,0,0.999643087387085,0.00035691261291503906,0.8,1,BERT:bert_class_weighted,Class weight
1925,emscad_12861,Section I: Position Description,MicroStrategy- ETL Developer,0,0,0.9981107711791992,0.0018892288208007812,0.8,1,BERT:bert_class_weighted,Class weight
1926,emscad_12865,Want to help build an application that is seen by millions each month?,Backend engineer (first hire),0,0,0.9996366500854492,0.00036334991455078125,0.8,1,BERT:bert_class_weighted,Class weight
1927,emscad_12867,"Sendence provides next generation data technology to the financial services industry (broker-dealers, hedge funds and ot",Distributed Messaging Architect,0,0,0.999652624130249,0.00034737586975097656,0.8,1,BERT:bert_class_weighted,Class weight
1928,emscad_12874,"WDM Group is an innovative, forward thinking digital company aimed at bringing business executives up-to-date with the l",UX/UI Designer,0,0,0.9996552467346191,0.0003447532653808594,0.8,1,BERT:bert_class_weighted,Class weight
1929,emscad_12876,"WDM Group is an innovative, forward thinking digital company aimed at bringing business executives up-to-date with the l",Latin America Sales Manager,0,0,0.9994955062866211,0.0005044937133789062,0.8,1,BERT:bert_class_weighted,Class weight
1930,emscad_12887,Established on the principles that full time education is not for everyone Spectrum Learning is made up of a team of pas,Birmingham Admin Assistant Apprenticeship Under NAS 16-18 Year Olds Only,0,0,0.9997607469558716,0.00023925304412841797,0.8,1,BERT:bert_class_weighted,Class weight
1931,emscad_12895,"WDM Group is an innovative, forward thinking digital company aimed at bringing business executives up-to-date with the l",Editorial Director,0,0,0.9996781349182129,0.0003218650817871094,0.8,1,BERT:bert_class_weighted,Class weight
1932,emscad_12897,THE COMPANY: theAudience ( #URL_f3517a05fc71a73ef91dd5d00f6443a8da91d54cee2beb7373234066761c761b# ),"Manager, Brand Strategy",0,0,0.9994964599609375,0.0005035400390625,0.8,1,BERT:bert_class_weighted,Class weight
1933,emscad_12900,We need brilliant people who love using cutting edge technologies to create engaging mobile applications on Android and ,Xamarin Developer,0,0,0.9996063709259033,0.0003936290740966797,0.8,1,BERT:bert_class_weighted,Class weight
1934,emscad_12903,"From the lands of Can Do, Roll Our Sleeves Up and Get It Done, we create and solve things previously unimaginable. We’re",Sales Reps (US),0,0,0.9997513294219971,0.0002486705780029297,0.8,1,BERT:bert_class_weighted,Class weight
1935,emscad_12904,Need a Web developer,Need a web developer,0,0,0.9989433288574219,0.001056671142578125,0.8,1,BERT:bert_class_weighted,Class weight
1936,emscad_12911,We help teachers get safe & secure jobs abroad :),English Teacher Overseas,0,0,0.9997708797454834,0.00022912025451660156,0.8,1,BERT:bert_class_weighted,Class weight
1937,emscad_12914,We Provide Full Time Permanent Positions for many medium to large US companies. We are interested in finding/recruiting ,Application Developer,0,0,0.9997589588165283,0.0002410411834716797,0.8,1,BERT:bert_class_weighted,Class weight
1938,emscad_12921,"For over 20 years NAC Marketing Company, LLC d/b/a New Vitality has helped people be healthy and live better by marketin",Senior Financial Analyst,0,0,0.9996988773345947,0.00030112266540527344,0.8,1,BERT:bert_class_weighted,Class weight
1939,emscad_12922,Bluebridge was created by a team of people who are passionate about organizations and the ways that effective technology,Product Marketing,0,0,0.9997518062591553,0.00024819374084472656,0.8,1,BERT:bert_class_weighted,Class weight
1940,emscad_12923,Our History,Driver - Medium Duty (San Diego),0,0,0.9995496273040771,0.00045037269592285156,0.8,1,BERT:bert_class_weighted,Class weight
1941,emscad_12925,"This position will support the Clients attorneys and a paralegal in the Office of General Counsel, Legal Department loca",Legal Administrative Assistant,0,0,0.9986085891723633,0.0013914108276367188,0.8,1,BERT:bert_class_weighted,Class weight
1942,emscad_12926,"Founded in 2009 by early LinkedIn employees, PeopleLinx gamifies employee engagement for LinkedIn, Twitter and other soc",Support/QA Developer,0,0,0.9996922016143799,0.0003077983856201172,0.8,1,BERT:bert_class_weighted,Class weight
1943,emscad_12930,Take Out Brands is a food franchise business with a #URL_4524df5c91ce800c4ba16ef1406d622db7d51d37105a7fcee27521e61854615,Store Manager - Papa John's Pizza,0,0,0.9996805191040039,0.00031948089599609375,0.8,1,BERT:bert_class_weighted,Class weight
1944,emscad_12936,"At MAM, we are passionate about changing the culture of the mental health industry. We seek to de-fragment care, utilize",Licensed Counselor,0,0,0.9997169971466064,0.0002830028533935547,0.8,1,BERT:bert_class_weighted,Class weight
1945,emscad_12937,Moxie Labs is a venture-backed startup making cloud-based recruitment software for fast-growing companies around the wor,Java developer,0,0,0.999761700630188,0.00023829936981201172,0.8,1,BERT:bert_class_weighted,Class weight
1946,emscad_12946,This project is to help staff up the Ash Basin Strategic Team Implementation. This is a new project being developed to p,Project Manager,0,0,0.9972152709960938,0.00278472900390625,0.8,1,BERT:bert_class_weighted,Class weight
1947,emscad_12950,LKM Search Solutions is an Executive Search Firm that cares about your future. We work hard to find the position that is,Docketing Manager,0,0,0.9996252059936523,0.00037479400634765625,0.8,1,BERT:bert_class_weighted,Class weight
1948,emscad_12977,Upstream’s mission is to revolutionise the way companies market to consumers through cutting edge technology. This is an,Engagement Manager (Zambia),0,0,0.9997034072875977,0.00029659271240234375,0.8,1,BERT:bert_class_weighted,Class weight
1949,emscad_12988,"Cylance is a global cybersecurity products and service company, specializeing in advanced threat security that detects a",Web Developer,0,0,0.9996874332427979,0.00031256675720214844,0.8,1,BERT:bert_class_weighted,Class weight
1950,emscad_12994,"Businessfriend, a growing social media company based in San Diego, is seeking a Head of Engineering to help take the new",Head of Engineering - Social Media Start-Up!,0,0,0.9997327327728271,0.00026726722717285156,0.8,1,BERT:bert_class_weighted,Class weight
1951,emscad_12995,Transifex is a SaaS continuous localization platform powering the process of launching products into multiple languages ,Backend Engineer/DevOps,0,0,0.9996774196624756,0.00032258033752441406,0.8,1,BERT:bert_class_weighted,Class weight
1952,emscad_12999,Citymart helps cities to transform their communities by strengthening their innovation capacity and sharing inspiring so,Junior Analyst,0,0,0.9997143745422363,0.0002856254577636719,0.8,1,BERT:bert_class_weighted,Class weight
1953,emscad_13000,Quiénes Somos,Advanced Embedded Software Engineer,0,0,0.9993176460266113,0.0006823539733886719,0.8,1,BERT:bert_class_weighted,Class weight
1954,emscad_13010,We Provide Full Time Permanent Positions for many medium to large US companies. We are interested in finding/recruiting ,"Security Manager - Linux Oracle CISSP - Minneapolis, MN",0,0,0.9997107982635498,0.0002892017364501953,0.8,1,BERT:bert_class_weighted,Class weight
1955,emscad_13015,"Working in over 60 countries and 30 languages, Autotorq is one of the world’s leading digital automotive agencies.",Digital Senior Account Manager,0,0,0.9997541904449463,0.00024580955505371094,0.8,1,BERT:bert_class_weighted,Class weight
1956,emscad_13018,"ACS Co. is a software application development company, devoted to the production of high quality, bleeding edge, multili",Senior QC Specialist,0,0,0.9996800422668457,0.0003199577331542969,0.8,1,BERT:bert_class_weighted,Class weight
1957,emscad_13020,"NLCollect is a full-service platform for sports clubs and other organizations handling invoicing, billing, reminding and",Backend Software Engineer,0,0,0.9997382164001465,0.0002617835998535156,0.8,1,BERT:bert_class_weighted,Class weight
1958,emscad_13022,Established on the principles that full time education is not for everyone Spectrum Learning is made up of a team of pas,We are recruiting fragrance and beauty promotional staff in Leeds,0,0,0.9997717142105103,0.0002282857894897461,0.8,1,BERT:bert_class_weighted,Class weight
1959,emscad_13027,Commercial cleaning & office cleaning specialists Paramount Services is a leading New Zealand franchise company providin,Telemarketer,0,0,0.9996862411499023,0.00031375885009765625,0.8,1,BERT:bert_class_weighted,Class weight
1960,emscad_13041,hello world,Head of Online Marketing,0,0,0.9997408390045166,0.00025916099548339844,0.8,1,BERT:bert_class_weighted,Class weight
1961,emscad_13044,"Newmedica is a dynamic, innovative UK healthcare company that works in partnership with the NHS to deliver specialist cl","Clinical Optometrist, North West London",0,0,0.9997098445892334,0.00029015541076660156,0.8,1,BERT:bert_class_weighted,Class weight
1962,emscad_13055,"Novitex Enterprise Solutions, formerly Pitney Bowes Management Services, delivers innovative document and communications",Customer Service Associate - Part Time,0,0,0.9997434616088867,0.00025653839111328125,0.8,1,BERT:bert_class_weighted,Class weight
1963,emscad_13059,"Maria's Gourmet Kitchen is a personal chef sharing startup founded in Houston, TX by Executive Chef Maria Bedrosian and ",Assistant Personal Chef,0,0,0.9997081756591797,0.0002918243408203125,0.8,1,BERT:bert_class_weighted,Class weight
1964,emscad_13060,PROSULTING IS PEOPLE The ProSulting difference is easy to see. Our passion for delivering qualified pre-screened personn,Product Manager ( 2 Openings),0,0,0.9997057914733887,0.0002942085266113281,0.8,1,BERT:bert_class_weighted,Class weight
1965,emscad_13062,MaxPlayTM is a cross-platform digital publishing company focused on revolutionizing the games as a service market. You p,Senior QA Engineer,0,0,0.999722957611084,0.0002770423889160156,0.8,1,BERT:bert_class_weighted,Class weight
1966,emscad_13069,Our Company,Mobile Product Manager,0,0,0.9997327327728271,0.00026726722717285156,0.8,1,BERT:bert_class_weighted,Class weight
1967,emscad_13086,"MedTalent is a modern staffing company that specializes in the placement of physicians, nurses and healthcare profession",Revenue Cycle Manager,0,0,0.9997148513793945,0.00028514862060546875,0.8,1,BERT:bert_class_weighted,Class weight
1968,emscad_13088,"Through the Apache Spark platform, we are working to transform large-scale data analysis.",Data Scientist,0,0,0.9996452331542969,0.000354766845703125,0.8,1,BERT:bert_class_weighted,Class weight
1969,emscad_13090,"Riverside is an internationally recognized engineering, science, and information technology company with more than 25 ye",Fisheries Observer,0,0,0.9991288185119629,0.0008711814880371094,0.8,1,BERT:bert_class_weighted,Class weight
1970,emscad_13118,Who are We?,.NET Developer,0,0,0.9996793270111084,0.00032067298889160156,0.8,1,BERT:bert_class_weighted,Class weight
1971,emscad_13138,Skills and Requirements: Functional/Industry Knowledge:,Software Testing Analyst,0,0,0.9934120178222656,0.006587982177734375,0.8,1,BERT:bert_class_weighted,Class weight
1972,emscad_13149,1212 Flooring Solutions Inc. is a family owned and operated nationwide flooring management service company. Our focus is,Flooring Technicians,0,0,0.9995694160461426,0.0004305839538574219,0.8,1,BERT:bert_class_weighted,Class weight
1973,emscad_13151,"Advertising Campaign Coordinator is responsible for coordinating multiple internet advertising campaigns , using our pla",Ad Campaign Coordinator (Italian),0,0,0.9997434616088867,0.00025653839111328125,0.8,1,BERT:bert_class_weighted,Class weight
1974,emscad_13153,"Hey there, you.",COMEDY TICKET SALES REPRESENTATIVE,0,0,0.9994330406188965,0.0005669593811035156,0.8,1,BERT:bert_class_weighted,Class weight
1975,emscad_13154,NL Group supplies specialist healthcare recruitment and staffing solutions to the NHS and private healthcare providers i,NL Homecare Community Carers (HCC),0,0,0.9997208118438721,0.0002791881561279297,0.8,1,BERT:bert_class_weighted,Class weight
1976,emscad_13155,Want to be part of a NZ success story that’s going places?,Configuration Management Engineer,0,0,0.99973464012146,0.00026535987854003906,0.8,1,BERT:bert_class_weighted,Class weight
1977,emscad_13157,Mission Statement,CNA/Caregivers,0,0,0.9997062683105469,0.000293731689453125,0.8,1,BERT:bert_class_weighted,Class weight
1978,emscad_13178,#URL_8417994cbfc9bdd39291d438b83cd3b9c29ee4b0cb862c1ad78b868218fa89a7# offers a platform that makes it easy for anyone t,Backend Engineer,0,0,0.99971604347229,0.00028395652770996094,0.8,1,BERT:bert_class_weighted,Class weight
1979,emscad_13182,"Glossifly is Hiring! Glossifly is looking for Exceptionally Qualified Makeup Artists, Hair Stylists, Estheticians, and M","Make $32/hr to $88/hr All Professional Makeup Artists, Hair Stylists, Estheticians, and Massage Therapists",0,0,0.9996812343597412,0.00031876564025878906,0.8,1,BERT:bert_class_weighted,Class weight
1980,emscad_13187,Yoyo has built a platform the creates better relationships between retailers and consumers. Our consumer app seamlessly ,VP Operations,0,0,0.9997143745422363,0.0002856254577636719,0.8,1,BERT:bert_class_weighted,Class weight
1981,emscad_13192,"Our vision is to change the way people discover things on the web, and you can view our current prototype here.",Node/Angular Partner,0,0,0.9997215270996094,0.000278472900390625,0.8,1,BERT:bert_class_weighted,Class weight
1982,emscad_13195,hello world,Technical Writer,0,0,0.9997503757476807,0.00024962425231933594,0.8,1,BERT:bert_class_weighted,Class weight
1983,emscad_13196,MaxPlayTM is a cross-platform digital publishing company focused on revolutionizing the games as a service market. You p,Tools Engineer,0,0,0.9997220039367676,0.0002779960632324219,0.8,1,BERT:bert_class_weighted,Class weight
1984,emscad_13197,"You’ll be primarily responsible for building features within Vantage, and building integrations with other systems. This",Junior/Intermediate Python Dev,0,0,0.9997241497039795,0.0002758502960205078,0.8,1,BERT:bert_class_weighted,Class weight
1985,emscad_13198,POSITION OBJECTIVE: To assist the residents with those activities of daily living that they are unable to perform withou,Patient Advocate,0,0,0.9968090057373047,0.0031909942626953125,0.8,1,BERT:bert_class_weighted,Class weight
1986,emscad_13199,"At McLane Intel, we believe that everyone should love where they work! We understand that our ongoing success is attribu",System Engineer/Network Administrator,0,0,0.9997251033782959,0.00027489662170410156,0.8,1,BERT:bert_class_weighted,Class weight
1987,emscad_13200,Eastridg​​e was founded by three software professionals from the Piedmont Triad area of North Carolina in early 1998. Wi,.Net / SharePoint Developer,0,0,0.9997215270996094,0.000278472900390625,0.8,1,BERT:bert_class_weighted,Class weight
1988,emscad_13202,We Provide Full Time Permanent Positions for many medium to large US companies. We are interested in finding/recruiting ,Cyber Security Engineers - C++ ARM WLAN WIMAX Bluetooth - MD,0,0,0.9997341632843018,0.0002658367156982422,0.8,1,BERT:bert_class_weighted,Class weight
1989,emscad_13218,We Provide Full Time Permanent Positions for many medium to large US companies. We are interested in finding/recruiting ,Process Engineer,0,0,0.9997439384460449,0.0002560615539550781,0.8,1,BERT:bert_class_weighted,Class weight
1990,emscad_13219,MeUndies is a lifestyle brand that is transforming the way people perceive and purchase their basics. As a vertically in,Content Marketing/SEO Manager,0,0,0.9997279644012451,0.0002720355987548828,0.8,1,BERT:bert_class_weighted,Class weight
1991,emscad_13224,"ABC Supply Co., Inc. is the nation’s largest wholesale distributor of roofing and one of the largest distributors of sid",Outside Sales Professional-Des Moines,0,0,0.9995954036712646,0.00040459632873535156,0.8,1,BERT:bert_class_weighted,Class weight
1992,emscad_13228,"Baesman is a nationally-recognized, single-source provider of direct marketing strategy and solutions, including CRM dat",Ink Jet Operator,0,0,0.9996988773345947,0.00030112266540527344,0.8,1,BERT:bert_class_weighted,Class weight
1993,emscad_13241,We Provide Full Time Permanent Positions for many medium to large US companies. We are interested in finding/recruiting ,Electrical Controls Engineer,0,0,0.9997494220733643,0.0002505779266357422,0.8,1,BERT:bert_class_weighted,Class weight
1994,emscad_13248,"Welcome to interface rehab interface rehab provides comprehensive rehabilitation (Physical, Occupational & Speech Therap",Occupational Therapy Assistant,0,0,0.9992341995239258,0.0007658004760742188,0.8,1,BERT:bert_class_weighted,Class weight
1995,emscad_13249,About Rocket Internet,Senior Display and Affiliate Manager (m/f) - Rocket Internet,0,0,0.9997527599334717,0.0002472400665283203,0.8,1,BERT:bert_class_weighted,Class weight
1996,emscad_13251,"Tidewater Finance Co. was established in 1992 for the initial purpose of purchasing, and servicing retail installment co",Marketing Representative,0,0,0.9996750354766846,0.0003249645233154297,0.8,1,BERT:bert_class_weighted,Class weight
1997,emscad_13256,Visual BI is one of the leading and fastest growing firms focusing exclusively on BI & Analytics. Our offerings cover en,Flex Developer,0,0,0.9996788501739502,0.0003211498260498047,0.8,1,BERT:bert_class_weighted,Class weight
1998,emscad_13313,If working in a cubical seems like your idea of hell then joining our awesome startup team might be the opportunity you’,Marketing & Communications Intern,0,0,0.999739408493042,0.0002605915069580078,0.8,1,BERT:bert_class_weighted,Class weight
1999,emscad_13315,INK is the agency of choice for brands big and small in the B2B and B2C tech and clean energy sectors. We take a boutiqu,Intern,0,0,0.9997607469558716,0.00023925304412841797,0.8,1,BERT:bert_class_weighted,Class weight
2000,emscad_13318,"AREA 17 is an interactive agency. We take an interdisciplinary approach — blending the practices of design, technology a","None of your openings fit me, hire me anyway!",0,0,0.9997098445892334,0.00029015541076660156,0.8,1,BERT:bert_class_weighted,Class weight
2001,emscad_13319,EUROPEAN DYNAMICS (#URL_c66532ffa1ce76ab447da6774719060c42c584edbf44d74cdb94fc4ac219ca45#) is a leading European Softwar,Business Development Officer,0,0,0.9997477531433105,0.0002522468566894531,0.8,1,BERT:bert_class_weighted,Class weight
2002,emscad_13334,We Provide Full Time Permanent Positions for many medium to large US companies. We are interested in finding/recruiting ,Manufacturing Engineer,0,0,0.9997575283050537,0.00024247169494628906,0.8,1,BERT:bert_class_weighted,Class weight
2003,emscad_13345,"Zoottle is a startup founded by IT, Telco and Web services veterans with worldwide sales, marketing and services experie",LINUX SYSTEMS ENGINEER,0,0,0.9997403621673584,0.00025963783264160156,0.8,1,BERT:bert_class_weighted,Class weight
2004,emscad_13352,"Valor Services provides Workforce Solutions that meet the needs of companies across the Private Sector, with a special f",Senior Accountant,0,0,0.9997220039367676,0.0002779960632324219,0.8,1,BERT:bert_class_weighted,Class weight
2005,emscad_13361,We Provide Full Time Permanent Positions for many medium to large US companies. We are interested in finding/recruiting ,Process Improvement Project Engineering Manager,0,0,0.9997434616088867,0.00025653839111328125,0.8,1,BERT:bert_class_weighted,Class weight
2006,emscad_13364,"Advocate Construction is an up and coming leader in the disaster recovery industry, In early 2012, Advocate was founded ",Entry Level Sales and Marketing Rep - Northwest/West Chicagoland Area,0,0,0.9996380805969238,0.0003619194030761719,0.8,1,BERT:bert_class_weighted,Class weight
2007,emscad_13365,The Albany Charter School Network is a family of charter schools in the City of Albany that works to prepare children fo,Middle School English Language Arts Teacher,0,0,0.9997029304504395,0.0002970695495605469,0.8,1,BERT:bert_class_weighted,Class weight
2008,emscad_13366,"Slable is a small I.T. consulting firm based out of Woodbridge, VA. We offer computer/network support, VoIP telephone sy",I.T. Consulting (MSP) Sales Associate,0,0,0.9996423721313477,0.00035762786865234375,0.8,1,BERT:bert_class_weighted,Class weight
2009,emscad_13369,EUROPEAN DYNAMICS (#URL_c66532ffa1ce76ab447da6774719060c42c584edbf44d74cdb94fc4ac219ca45#) is a leading European Softwar,Back office Tester,0,0,0.9997498989105225,0.00025010108947753906,0.8,1,BERT:bert_class_weighted,Class weight
2010,emscad_13379,Role: Responsible for providing field technical support at our client customer sites in British Columbia by performing c,Field Service Technician,0,0,0.9995272159576416,0.00047278404235839844,0.8,1,BERT:bert_class_weighted,Class weight
2011,emscad_13387,Description: Our Client's Cloud Reliability Engineering team is looking for a Senior Cloud Engineer to help us improve t,Cloud Engineer/DevOps/OpenStack,0,0,0.9996094703674316,0.0003905296325683594,0.8,1,BERT:bert_class_weighted,Class weight
2012,emscad_13398,"Launched in 2010, Lyst is an innovative way to shop for fashion online that’s used by millions every month. Lyst partner",QA Engineer,0,0,0.9997704029083252,0.0002295970916748047,0.8,1,BERT:bert_class_weighted,Class weight
2013,emscad_13412,We are not going to bore you with a long job ad so we will get to the point. We are looking for a 70% backend and 30% fr,PHP Web Application Developer,0,0,0.9997062683105469,0.000293731689453125,0.8,1,BERT:bert_class_weighted,Class weight
2014,emscad_13424,Established on the principles that full time education is not for everyone Spectrum Learning is made up of a team of pas,Telesales Executives,0,0,0.9997626543045044,0.00023734569549560547,0.8,1,BERT:bert_class_weighted,Class weight
2015,emscad_13432,"With over 30 years of experience in the industry, Mercer Foods has been providing superior quality freeze dried foods an",Forklift Operator,0,0,0.9995834827423096,0.0004165172576904297,0.8,1,BERT:bert_class_weighted,Class weight
2016,emscad_13440,Talent Response connects flexible professional talent with firms requiring rapid staff augmentation and consulting suppo,Consulting Delivery Leader - Sales Effectiveness,0,0,0.9997022151947021,0.00029778480529785156,0.8,1,BERT:bert_class_weighted,Class weight
2017,emscad_13444,EUROPEAN DYNAMICS (#URL_c66532ffa1ce76ab447da6774719060c42c584edbf44d74cdb94fc4ac219ca45#) is a leading European Softwar,JAVA/J2EE developer,0,0,0.9997522830963135,0.00024771690368652344,0.8,1,BERT:bert_class_weighted,Class weight
2018,emscad_13460,Great Part Time Jobs & Cash In Hand Jobs. No Experience Required And Never Any Fees. Work Anytime 1 To 2 Hrs Daily In Fr,Great Part Time Jobs & Cash In Hand Jobs.,1,1,0.0009765625,0.9990234375,0.8,1,BERT:bert_class_weighted,Class weight
2019,emscad_13467,"Bandsintown is a digital media company powered by music. With over 14 million registered concert-goers, a global audienc",Human Resources Coordinator,0,0,0.999701738357544,0.0002982616424560547,0.8,1,BERT:bert_class_weighted,Class weight
2020,emscad_13469,About the Company We are ticketscript - the European market leaders in digital self-ticketing. Whether it’s massive danc,Social Media Content Manager,0,0,0.9997513294219971,0.0002486705780029297,0.8,1,BERT:bert_class_weighted,Class weight
2021,emscad_13476,ลักษณะของงาน,Junior C# DotNet Backend Engineer,0,0,0.9993515014648438,0.00064849853515625,0.8,1,BERT:bert_class_weighted,Class weight
2022,emscad_13482,We Provide Full Time Permanent Positions for many medium to large US companies. We are interested in finding/recruiting ,Regional Inside Sales Representative,0,0,0.9997215270996094,0.000278472900390625,0.8,1,BERT:bert_class_weighted,Class weight
2023,emscad_13493,Established on the principles that full time education is not for everyone Spectrum Learning is made up of a team of pas,Beauty & Fragrance consultants needed,0,0,0.9997653961181641,0.0002346038818359375,0.8,1,BERT:bert_class_weighted,Class weight
2024,emscad_13513,"Critical Nurse Staffing, Inc. is enrolled with the U.S Department of Labor to provide nursing care to the former defense","Home Health RN/Case Manager--Aiken or North Augusta, SC",0,0,0.9996213912963867,0.00037860870361328125,0.8,1,BERT:bert_class_weighted,Class weight
2025,emscad_13526,Hawkeye Recruitment provides cost effective recruitment advertising solutions to help you cast the widest net to find th,Human Resource Generalist,0,0,0.9994373321533203,0.0005626678466796875,0.8,1,BERT:bert_class_weighted,Class weight
2026,emscad_13529,MISSION:,HIGHLY SKILLED CAREGIVERS IN DEMENTIA NEEDED TODAY! BEST PAY & AWESOME BENEFITS!!!,0,0,0.9997358322143555,0.00026416778564453125,0.8,1,BERT:bert_class_weighted,Class weight
2027,emscad_13547,We're seeking an intelligent and engaging individual to lead our customer service team. We're a fast-growing startup wit,Customer Service Associate,0,0,0.9992475509643555,0.0007524490356445312,0.8,1,BERT:bert_class_weighted,Class weight
2028,emscad_13570,"Callahan’s West is a full service Restaurant and Bar featuring Pizza, Barbecue, Burgers, and more. We are a scratch kitc",Line Cooks & Waitstaff,0,0,0.999476432800293,0.0005235671997070312,0.8,1,BERT:bert_class_weighted,Class weight
2029,emscad_13573,Our History,Shipper (LA/OC),0,0,0.9995326995849609,0.0004673004150390625,0.8,1,BERT:bert_class_weighted,Class weight
2030,emscad_13590,Search & Placement for Technical and Quantitative Professionals,Senior Business Analyst,0,0,0.9994621276855469,0.000537872314453125,0.8,1,BERT:bert_class_weighted,Class weight
2031,emscad_13597,Established on the principles that full time education is not for everyone Spectrum Learning is made up of a team of pas,CV10 7QR DGV Apprenticeship available under NAS 18 year olds only!,0,0,0.9997717142105103,0.0002282857894897461,0.8,1,BERT:bert_class_weighted,Class weight
2032,emscad_13602,Established on the principles that full time education is not for everyone Spectrum Learning is made up of a team of pas,Preston Apprenticeships Under NAS 16-18 Year Olds Only,0,0,0.9997537136077881,0.00024628639221191406,0.8,1,BERT:bert_class_weighted,Class weight
2033,emscad_13605,"Industrial Color Software is a division of Industrial Color Brands, a family of vertically integrated creative productio",Client solutions manager,0,0,0.9996500015258789,0.00034999847412109375,0.8,1,BERT:bert_class_weighted,Class weight
2034,emscad_13608,"We design, make and sell furniture, with a simple mission of getting beautifully crafted furniture from the workshop flo",General Application,0,0,0.9997556209564209,0.00024437904357910156,0.8,1,BERT:bert_class_weighted,Class weight
2035,emscad_13613,Outstanding Member Service Starts With Outstanding People,System Administrator,0,0,0.9997279644012451,0.0002720355987548828,0.8,1,BERT:bert_class_weighted,Class weight
2036,emscad_13616,"Maxnet offers Staff Augmentation Solutions for Big Data Analytics in Retail, Healthcare and Regulatory & Compliance.",Business Intelligence Analyst,0,0,0.999704122543335,0.00029587745666503906,0.8,1,BERT:bert_class_weighted,Class weight
2037,emscad_13619,Tel Tech Networks is a Voice/Data/Video/Security systems contractor operating primarily in the Southwestern United State,Cable Technician,0,0,0.9995882511138916,0.00041174888610839844,0.8,1,BERT:bert_class_weighted,Class weight
2038,emscad_13630,"At Hayes-Corp, we create the fun stuff. With a focus on software development for mobile platforms, we are constantly loo",Data Entry Assistant - Intern,0,0,0.9996716976165771,0.00032830238342285156,0.8,1,BERT:bert_class_weighted,Class weight
2039,emscad_13631,"From the lands of Can Do, Roll Our Sleeves Up and Get It Done, we create and solve things previously unimaginable. We’re",Sales Reps/Mgrs (EMEA),0,0,0.9997532367706299,0.0002467632293701172,0.8,1,BERT:bert_class_weighted,Class weight
2040,emscad_13638,"Uncle Maddio’s is a fast-casual pizza joint opening in South Austin at 5601 Brodie Ln, Sunset Valley, Texas. We’re looki",Hiring Servers!,0,0,0.9995496273040771,0.00045037269592285156,0.8,1,BERT:bert_class_weighted,Class weight
2041,emscad_13657,"At KISI, we are redefining disruption. Our innovative approach to cloud access management has allowed individuals and bu",Sales Development / Lead Generation,0,0,0.9996933937072754,0.0003066062927246094,0.8,1,BERT:bert_class_weighted,Class weight
2042,emscad_13665,Position: Technical BI SQL Server Consultant,Technical Business Intellegence SQL Server Consultant,0,0,0.9985132217407227,0.0014867782592773438,0.8,1,BERT:bert_class_weighted,Class weight
2043,emscad_13666,Established on the principles that full time education is not for everyone Spectrum Learning is made up of a team of pas,Beauty & Fragrance consultants needed,0,0,0.9997653961181641,0.0002346038818359375,0.8,1,BERT:bert_class_weighted,Class weight
2044,emscad_13667,Transifex is a SaaS continuous localization platform powering the process of launching products into multiple languages ,Web Designer,0,0,0.9997589588165283,0.0002410411834716797,0.8,1,BERT:bert_class_weighted,Class weight
2045,emscad_13670,We Provide Full Time Permanent Positions for many medium to large US companies. We are interested in finding/recruiting ,Controls Engineer,0,0,0.9997119903564453,0.0002880096435546875,0.8,1,BERT:bert_class_weighted,Class weight
2046,emscad_13680,We Provide Full Time Permanent Positions for many medium to large US companies. We are interested in finding/recruiting ,Sales Manager,0,0,0.9997267723083496,0.0002732276916503906,0.8,1,BERT:bert_class_weighted,Class weight
2047,emscad_13682,"Project J is an early stage startup that is reimagining eCommerce for women's accessories. Culturally, we're creating a ",Software Engineer,0,0,0.9997403621673584,0.00025963783264160156,0.8,1,BERT:bert_class_weighted,Class weight
2048,emscad_13684,We Provide Full Time Permanent Positions for many medium to large US companies. We are interested in finding/recruiting ,Human Resources Manager,0,0,0.9997448921203613,0.0002551078796386719,0.8,1,BERT:bert_class_weighted,Class weight
2049,emscad_13691,Workable is a venture-backed startup making cloud-based recruitment software for fast-growing companies around the world,Office Manager,0,0,0.9997453689575195,0.00025463104248046875,0.8,1,BERT:bert_class_weighted,Class weight
2050,emscad_13692,MaxPlayTM is a cross-platform digital publishing company focused on revolutionizing the games as a service market. You p,iOS Platform Engineer,0,0,0.9997272491455078,0.0002727508544921875,0.8,1,BERT:bert_class_weighted,Class weight
2051,emscad_13700,"Squiz is one of the world's leading web solutions companies. We design, build and manage engaging websites and online ap",Marketing Automation Consultant (Presales),0,0,0.9997546672821045,0.0002453327178955078,0.8,1,BERT:bert_class_weighted,Class weight
2052,emscad_13701,G3 Communications is a fast-growing B2B content agency that specializes in custom content creation and demand generation,Senior Account Manager for Content Agency,0,0,0.9997258186340332,0.0002741813659667969,0.8,1,BERT:bert_class_weighted,Class weight
2053,emscad_13703,"WillDom is a top notch IT Outsourcing Business Ecosystem, where each member contributes in creating world class value. W",Full Stack Web Developer - Node.js,0,0,0.999701738357544,0.0002982616424560547,0.8,1,BERT:bert_class_weighted,Class weight
2054,emscad_13709,We Provide Full Time Permanent Positions for many medium to large US companies. We are interested in finding/recruiting ,Injection Molding Supervisor,0,0,0.9997477531433105,0.0002522468566894531,0.8,1,BERT:bert_class_weighted,Class weight
2055,emscad_13711,"Vend is looking for some awesome new talent to come join us. You'll be working in an awesome team doing awesome things, ",Internal IT Administrator,0,0,0.9997098445892334,0.00029015541076660156,0.8,1,BERT:bert_class_weighted,Class weight
2056,emscad_13717,"Created in 2010, RoyalCactus has specialized in the development of casual and social games. Since its launch on Facebook",Mobile Marketing Manager,0,0,0.9996781349182129,0.0003218650817871094,0.8,1,BERT:bert_class_weighted,Class weight
2057,emscad_13726,"We design, deploy, and maintain advanced technologies that enable our customers to achieve operational excellence at sub",Cloud Security Engineer,0,0,0.9997293949127197,0.00027060508728027344,0.8,1,BERT:bert_class_weighted,Class weight
2058,emscad_13732,Gata Labs is a Toronto based Platform-as-a-Service (PaaS) company aiming to change the way consumers and business intera,Full Stack Developer,0,0,0.9995505809783936,0.0004494190216064453,0.8,1,BERT:bert_class_weighted,Class weight
2059,emscad_13738,"Driven? Empathetic? Strong Leader? If you say yes to these three points, you could be #URL_908cf5c389afa79f92921364ed72c",Customer Service Manager,0,0,0.9826812744140625,0.0173187255859375,0.8,1,BERT:bert_class_weighted,Class weight
2060,emscad_13758,Infogram is the data visualization product that brings out the best in your data. Our infographics and charts are quick ,Sales & Marketing Intern,0,0,0.999730110168457,0.00026988983154296875,0.8,1,BERT:bert_class_weighted,Class weight
2061,emscad_13760,Transifex is a SaaS continuous localization platform powering the process of launching products into multiple languages ,Head of Marketing,0,0,0.9997448921203613,0.0002551078796386719,0.8,1,BERT:bert_class_weighted,Class weight
2062,emscad_13775,TaskUs provides outsourced customer care and back office support to more than 100 of the world’s fastest growing compani,Human Resources and Office Manager,0,0,0.9996373653411865,0.00036263465881347656,0.8,1,BERT:bert_class_weighted,Class weight
2063,emscad_13777,"Flight pricing is highly complex and opaque, so travelers often don't have the information they need to get the best dea",Visual Designer,0,0,0.9997351169586182,0.00026488304138183594,0.8,1,BERT:bert_class_weighted,Class weight
2064,emscad_13788,"We run #URL_34e817f2a402b90fa03423a629596c1d7d48cd15c859b303842003275d56829c# , a SaaS form management solution that hel",Web Developer,0,0,0.9997527599334717,0.0002472400665283203,0.8,1,BERT:bert_class_weighted,Class weight
2065,emscad_13792,There are three shifts available: 7a-4p; 8a-5p;10a-7p. When responding to this opportunity please designate which shift ,Software Support Analyst,0,0,0.9952812194824219,0.004718780517578125,0.8,1,BERT:bert_class_weighted,Class weight
2066,emscad_13797,Phoenix Home Care came to be as a result of our commitment to improve the quality of life for those we serve. Each of ou,Licensed Practical Nurse,0,0,0.9996929168701172,0.0003070831298828125,0.8,1,BERT:bert_class_weighted,Class weight
2067,emscad_13807,"Babbel enables anyone to learn languages in an easy and interactive way. The learning system offers 13 languages, from E",Freelance Translators (m/f) from Russian and German into Spanish,0,0,0.9997191429138184,0.0002808570861816406,0.8,1,BERT:bert_class_weighted,Class weight
2068,emscad_13818,We’re always looking for highly motivated “founder-types” to join us as we grow. Here’s what you need to know.,Junior DevOps Engineer,0,0,0.9995794296264648,0.00042057037353515625,0.8,1,BERT:bert_class_weighted,Class weight
2069,emscad_13824,"Based in San Francisco with a development office in Budapest, Hungary, Secret Sauce Partners enables the world's largest",Rails Developer,0,0,0.9997453689575195,0.00025463104248046875,0.8,1,BERT:bert_class_weighted,Class weight
2070,emscad_13825,"Valor Services provides Workforce Solutions that meet the needs of companies across the Private Sector, with a special f",Full-Cycle Oil & Gas Recruiter,0,0,0.999730110168457,0.00026988983154296875,0.8,1,BERT:bert_class_weighted,Class weight
2071,emscad_13833,"Local Projects is a media design firm for museums and public spaces. While innovation drives much of today’s design, we’",Content Developer,0,0,0.9997413158416748,0.0002586841583251953,0.8,1,BERT:bert_class_weighted,Class weight
2072,emscad_13834,hello world,Hardware Expert (m/w),0,0,0.9996588230133057,0.00034117698669433594,0.8,1,BERT:bert_class_weighted,Class weight
2073,emscad_13835,We help teachers get safe & secure jobs abroad :),English Teacher Abroad,0,0,0.9997690916061401,0.00023090839385986328,0.8,1,BERT:bert_class_weighted,Class weight
2074,emscad_13843,"With offices across UK, mainland Europe, Australia, New Zealand, and the United States, Squiz helps clients across the g",Commercial Lawyer,0,0,0.9997663497924805,0.00023365020751953125,0.8,1,BERT:bert_class_weighted,Class weight
2075,emscad_13852,"Voyageur is one of Ontario's leading transportation companies, serving Southwestern and Central Ontario for over 34 year","Non-Urgent Patient Transfer Attendant - Greater Toronto Area, New Market, Barrie, Peterborough, Haliburton",0,0,0.9996366500854492,0.00036334991455078125,0.8,1,BERT:bert_class_weighted,Class weight
2076,emscad_13854,"This is the second level of the CAD Operator classification. CAD Operator II's utilize AutoCAD, Autodesk Inventor, and A",CAD Operator,0,0,0.9983739852905273,0.0016260147094726562,0.8,1,BERT:bert_class_weighted,Class weight
2077,emscad_13860,Visual BI is one of the leading and fastest growing firms focusing exclusively on BI & Analytics. Our offerings cover en,BI Engineer,0,0,0.9996824264526367,0.00031757354736328125,0.8,1,BERT:bert_class_weighted,Class weight
2078,emscad_13877,"Lost My Name combines the power of storytelling with the possibilities of technology to make magical, personalised books",Full Stack Engineer - Platform Team,0,0,0.9997612237930298,0.00023877620697021484,0.8,1,BERT:bert_class_weighted,Class weight
2079,emscad_13886,"Fnatic was founded in 2004 and is an ambitious and highly successful electronic sports team, consisting of players from ",Head of Creative Services,0,0,0.9997289180755615,0.00027108192443847656,0.8,1,BERT:bert_class_weighted,Class weight
2080,emscad_13895,hello world,DevOps Engineer,0,0,0.9996867179870605,0.0003132820129394531,0.8,1,BERT:bert_class_weighted,Class weight
2081,emscad_13903,"Happy Typing, on any smart device.",Software Engineer - iOS,0,0,0.9997377395629883,0.00026226043701171875,0.8,1,BERT:bert_class_weighted,Class weight
2082,emscad_13911,Job Title: Data Architect,Data Architect,0,0,0.9979381561279297,0.0020618438720703125,0.8,1,BERT:bert_class_weighted,Class weight
2083,emscad_13915,Flite delivers ad innovation at scale to the world's top publishers and brands. Marketers use the self-service Flite Pla,DevOps Engineer,0,0,0.9997513294219971,0.0002486705780029297,0.8,1,BERT:bert_class_weighted,Class weight
2084,emscad_13922,"Located in the heart of downtown Kansas City, we’re redefining the future of fan engagement and innovative business solu",Technical Support,0,0,0.9997241497039795,0.0002758502960205078,0.8,1,BERT:bert_class_weighted,Class weight
2085,emscad_13931,Haltian designs & develops new connected products to quality demanding customers around the world.,Software Talents,0,0,0.9997224807739258,0.00027751922607421875,0.8,1,BERT:bert_class_weighted,Class weight
2086,emscad_13933,"With over 30 years of experience in the industry, Mercer Foods has been providing superior quality freeze dried foods an",Production Shift Supervisor,0,0,0.9996237754821777,0.0003762245178222656,0.8,1,BERT:bert_class_weighted,Class weight
2087,emscad_13939,The Selectus Group is a customer focused organisation committed to providing high quality services to employees througho,"Regional Manager, WA",0,0,0.9996836185455322,0.00031638145446777344,0.8,1,BERT:bert_class_weighted,Class weight
2088,emscad_13955,The Beans Group is a media company that exists to empower young people to thrive. We have been on an exponential growth ,Editorial Intern,0,0,0.9997612237930298,0.00023877620697021484,0.8,1,BERT:bert_class_weighted,Class weight
2089,emscad_13957,We help teachers get safe & secure jobs abroad :),English Teacher Abroad,0,0,0.9997676610946655,0.00023233890533447266,0.8,1,BERT:bert_class_weighted,Class weight
2090,emscad_13969,The Beans Group is a media company that exists to empower young people to thrive. We have been on an exponential growth ,Marketing Assistant: Content,0,0,0.9997575283050537,0.00024247169494628906,0.8,1,BERT:bert_class_weighted,Class weight
2091,emscad_13981,Sell an exciting new telecommunication service all businesses need.,Sales Rock Star wanted!!! $150K+,0,0,0.9992861747741699,0.0007138252258300781,0.8,1,BERT:bert_class_weighted,Class weight
2092,emscad_13995,"Digital Ad Sales Account Executive Experience : 2 - 7 years Location : New York, NY",Digital Ad Sales Account Executive,0,0,0.9975948333740234,0.0024051666259765625,0.8,1,BERT:bert_class_weighted,Class weight
2093,emscad_13996,Looking for a part time swimming instructor to teach children in our 2 1/2- 3 1/2 foot pool.,Swim Instructor,0,0,0.9995102882385254,0.0004897117614746094,0.8,1,BERT:bert_class_weighted,Class weight
2094,emscad_14000,The Boston Consulting Group ( #URL_45423e1e16703aa4d8ee444d3ad69bb51525f1dad0b3115713cf80dc496299e2# ) has launched a ne,Human Centered Designer,0,0,0.9995253086090088,0.00047469139099121094,0.8,1,BERT:bert_class_weighted,Class weight
2095,emscad_14002,"Urgent Jobs (Part Time Workers Needed) You can do it all from home, in your free time, at your own place. Spend 30 minut",Urgent Jobs (Part Time Workers Needed),1,1,0.00048828125,0.99951171875,0.8,1,BERT:bert_class_weighted,Class weight
2096,emscad_14017,Applied Memetics LLC is a professional services company dedicated to integrating and delivering best practice communicat,"International Broadcaster, French",0,0,0.9997444152832031,0.000255584716796875,0.8,1,BERT:bert_class_weighted,Class weight
2097,emscad_14019,We help teachers get safe & secure jobs abroad :),English Teacher Abroad (Conversational),0,0,0.9997717142105103,0.0002282857894897461,0.8,1,BERT:bert_class_weighted,Class weight
2098,emscad_14023,Mindworks interactive is one of the fastest growing Digital Agencies and the leading Performance Marketing Agency in Gre,Senior Digital Account Manager,0,0,0.9994845390319824,0.0005154609680175781,0.8,1,BERT:bert_class_weighted,Class weight
2099,emscad_14031,Sales: Business Development / Sales Executive,Business Development / Sales Executive,0,0,0.9963703155517578,0.0036296844482421875,0.8,1,BERT:bert_class_weighted,Class weight
2100,emscad_14034,"Job Overview Apex is an environmental consulting firm that offers stable leadership and growth, views employees as valua",Administrative/Project Assistant,0,0,0.9995899200439453,0.0004100799560546875,0.8,1,BERT:bert_class_weighted,Class weight
2101,emscad_14042,The Database Administrator is responsible for ensuring that flexible data stores and a shared data environment exist and,Database Administrator,0,0,0.9986486434936523,0.0013513565063476562,0.8,1,BERT:bert_class_weighted,Class weight
2102,emscad_14045,"A letter from Kimberly Yorio, Founder/CEO of YC Media",Publicity Assistant,0,0,0.999605655670166,0.0003943443298339844,0.8,1,BERT:bert_class_weighted,Class weight
2103,emscad_14048,"Novitex Enterprise Solutions, formerly Pitney Bowes Management Services, delivers innovative document and communications",Customer Service Associate - Part Time,0,0,0.9997482299804688,0.00025177001953125,0.8,1,BERT:bert_class_weighted,Class weight
2104,emscad_14050,Orange County Tech Recruiters is based in Orange County and focuses on finding full time technical talent for clients in,Implementation Manager,0,0,0.9997336864471436,0.0002663135528564453,0.8,1,BERT:bert_class_weighted,Class weight
2105,emscad_14052,Job Title: CA Clarity Technical Consultant,CA Clarity Technical Consultant,0,0,0.9980010986328125,0.0019989013671875,0.8,1,BERT:bert_class_weighted,Class weight
2106,emscad_14053,"General Summary: Achieves maximum sales profitability, growth and account penetration within an assigned territory and/o",Entry Level Sales,0,0,0.999018669128418,0.0009813308715820312,0.8,1,BERT:bert_class_weighted,Class weight
2107,emscad_14054,Hiring made easy for Digital Jobs,Data Entry Operator,0,0,0.9970817565917969,0.002918243408203125,0.8,1,BERT:bert_class_weighted,Class weight
2108,emscad_14068,We’re always looking for highly motivated “founder-types” to join us as we grow. Here’s what you need to know.,Graphic Designer,0,0,0.9996743202209473,0.0003256797790527344,0.8,1,BERT:bert_class_weighted,Class weight
2109,emscad_14073,Upstream’s mission is to revolutionise the way companies market to consumers through cutting edge technology. This is an,Marketing Executive (Native English Speaker),0,0,0.9997537136077881,0.00024628639221191406,0.8,1,BERT:bert_class_weighted,Class weight
2110,emscad_14076,Lessard Design is an international architecture and planning firm committed to creating environments that inspire connec,Mid-Level Designer,0,0,0.9996910095214844,0.000308990478515625,0.8,1,BERT:bert_class_weighted,Class weight
2111,emscad_14079,"Vaadin is a creative, startup-like company that is developing Vaadin Framework, a modern open source product for buildin",Key Account Manager,0,0,0.9997503757476807,0.00024962425231933594,0.8,1,BERT:bert_class_weighted,Class weight
2112,emscad_14086,"Argenta Field Solutions values the client, creates income streams for them through our sales mechanism and focuses on qu",Sales Representative with Management Training - AT&T,0,0,0.9996793270111084,0.00032067298889160156,0.8,1,BERT:bert_class_weighted,Class weight
2113,emscad_14093,Wedo is a collection of niched e-commerce stores which aim to be the first destination for online shoppers buying in the,Store Manager at Wedo Home Colchester,0,0,0.9997644424438477,0.00023555755615234375,0.8,1,BERT:bert_class_weighted,Class weight
2114,emscad_14097,"Why Choose AECOM? Imagine working for a truly global company whose 45,000 employees share a singular passion: to make th",Document Controller,1,1,0.00048828125,0.99951171875,0.8,1,BERT:bert_class_weighted,Class weight
2115,emscad_14104,GRADUATE SOFTWARE DEVELOPER,PHP Developer,0,0,0.9989051818847656,0.001094818115234375,0.8,1,BERT:bert_class_weighted,Class weight
2116,emscad_14123,"Intercom ( #URL_cb674f93cbcd215a3a0a57a8615a565545949eead8adbbc73307c26d6a6af81b# ) is a simple, personal messaging serv",Product Design Researcher,0,0,0.9997565746307373,0.0002434253692626953,0.8,1,BERT:bert_class_weighted,Class weight
2117,emscad_14136,We help teachers get safe & secure jobs abroad :),Graduates: English Teacher Abroad (Conversational),0,0,0.9997690916061401,0.00023090839385986328,0.8,1,BERT:bert_class_weighted,Class weight
2118,emscad_14141,"If you’re looking to start a career at a fast-paced, innovative company with tons of opportunity, then look no further t",Director of Integrations,0,0,0.9997069835662842,0.0002930164337158203,0.8,1,BERT:bert_class_weighted,Class weight
2119,emscad_14155,"We have several openings available in this area offering a competitive income averaging about R2,500 per week. We are se",Home Based Typist/ Data Entry Clerk,1,1,0.00048828125,0.99951171875,0.8,1,BERT:bert_class_weighted,Class weight
2120,emscad_14174,Expanding Makeup Artistry Company is seeking artistic and creative individuals with a passion for beauty and makeup desi,Makeup Artist,0,0,0.9996206760406494,0.00037932395935058594,0.8,1,BERT:bert_class_weighted,Class weight
2121,emscad_14176,We help teachers get safe & secure jobs abroad :),English Teacher Abroad,0,0,0.9997690916061401,0.00023090839385986328,0.8,1,BERT:bert_class_weighted,Class weight
2122,emscad_14187,"We believe clients need a business partner who gets their business, gets the uniqueness of their culture and gets their ",Jr. Art Director,0,0,0.9997143745422363,0.0002856254577636719,0.8,1,BERT:bert_class_weighted,Class weight
2123,emscad_14201,"Description Under indirect supervision, operates in an in- or out-patient setting an electrocardiograph in order to reco",Cardiovascular Technologist,0,0,0.9989452362060547,0.0010547637939453125,0.8,1,BERT:bert_class_weighted,Class weight
2124,emscad_14240,Minimum 7 years experience in Java Development .,Java Developer,0,0,0.9985866546630859,0.0014133453369140625,0.8,1,BERT:bert_class_weighted,Class weight
2125,emscad_14254,"Glossifly is Hiring! Glossifly is looking for Exceptionally Qualified Makeup Artists, Hair Stylists, Estheticians, and M",Professional Makeup Artist and Hair Stylist,0,0,0.9996716976165771,0.00032830238342285156,0.8,1,BERT:bert_class_weighted,Class weight
2126,emscad_14255,Reevoo is a pioneering Ratings and Reviews provider. We are the independent reviews service people trust. And Our Engine,Junior Ruby Developer,0,0,0.9997636079788208,0.00023639202117919922,0.8,1,BERT:bert_class_weighted,Class weight
2127,emscad_14272,"Korres, set up in 1996, is a Greek skincare brand with roots in Athens’ first ever Homeopathic Pharmacy. Based on its ph",Senior Supply Network Planner,0,0,0.9995102882385254,0.0004897117614746094,0.8,1,BERT:bert_class_weighted,Class weight
2128,emscad_14273,"Critical Nurse Staffing, Inc. is enrolled with the U.S Department of Labor to provide nursing care to the former defense","Home Health Aide--Egnar, CO",0,0,0.9996352195739746,0.0003647804260253906,0.8,1,BERT:bert_class_weighted,Class weight
2129,emscad_14274,"Founded in 2010 by a team from Google’s London and New York offices, Qubit work with some of the biggest names in Online",Talent Acquisition Specialist USA,0,0,0.9997795820236206,0.00022041797637939453,0.8,1,BERT:bert_class_weighted,Class weight
2130,emscad_14281,Hudl is a sports + technology company.,Product Designer - Coaching Tools,0,0,0.9997327327728271,0.00026726722717285156,0.8,1,BERT:bert_class_weighted,Class weight
2131,emscad_14288,"Sarbari is a high-growth, investment-backed software company. We provide the restaurant industry with exciting new solut",Operations Specialist,0,0,0.9996850490570068,0.00031495094299316406,0.8,1,BERT:bert_class_weighted,Class weight
2132,emscad_14294,We Provide Full Time Permanent Positions for many medium to large US companies. We are interested in finding/recruiting ,Sales Manager,0,0,0.9997267723083496,0.0002732276916503906,0.8,1,BERT:bert_class_weighted,Class weight
2133,emscad_14296,"Traffic Safety Systems, Innovation & Partnership",IT Security Administrator,0,0,0.9996519088745117,0.00034809112548828125,0.8,1,BERT:bert_class_weighted,Class weight
2134,emscad_14301,Thanks for visiting our Job Board. Please review our open positions and apply to the positions that match your qualifica,Sales Manager,0,0,0.9996626377105713,0.00033736228942871094,0.8,1,BERT:bert_class_weighted,Class weight
2135,emscad_14309,"Implement social media strategy and best practices across various platforms and social communities (e.g. Facebook, Twitt",Social Media Manager,0,0,0.9996774196624756,0.00032258033752441406,0.8,1,BERT:bert_class_weighted,Class weight
2136,emscad_14318,We Provide Full Time Permanent Positions for many medium to large US companies. We are interested in finding/recruiting ,Lean Manufacturing,0,0,0.9997546672821045,0.0002453327178955078,0.8,1,BERT:bert_class_weighted,Class weight
2137,emscad_14323,We Provide Full Time Permanent Positions for many medium to large US companies. We are interested in finding/recruiting ,CNC Machinist,0,0,0.9997560977935791,0.00024390220642089844,0.8,1,BERT:bert_class_weighted,Class weight
2138,emscad_14338,Pioneering advanced analytics vendor RapidMiner is redefining how business analysts use Big Data to predict the future. ,DevOps Engineer (m/f),0,0,0.9997074604034424,0.0002925395965576172,0.8,1,BERT:bert_class_weighted,Class weight
2139,emscad_14348,Build your Customer Service career!,Customer Service Advsior,0,0,0.478515625,0.521484375,0.8,1,BERT:bert_class_weighted,Class weight
2140,emscad_14352,"TalentSphere is an independent, Canadian owned recruitment consultancy offering permanent, temporary and interim recruit",Accounts Receivable Clerk,0,0,0.9997372627258301,0.0002627372741699219,0.8,1,BERT:bert_class_weighted,Class weight
2141,emscad_14354,The Technical Team and offering at VML London has a very strong heritage dating back to the mid-nineties when the London,Associate Creative Director,0,0,0.9997607469558716,0.00023925304412841797,0.8,1,BERT:bert_class_weighted,Class weight
2142,emscad_14355,"At Hayes-Corp, we create the fun stuff. With a focus on software development for mobile platforms, we are constantly loo",Marketing Operations Supervisor,0,0,0.9997186660766602,0.00028133392333984375,0.8,1,BERT:bert_class_weighted,Class weight
2143,emscad_14361,Established on the principles that full time education is not for everyone Spectrum Learning is made up of a team of pas,Midlands Level 2 and 3 DGV NVQ Assessors,0,0,0.999759316444397,0.00024068355560302734,0.8,1,BERT:bert_class_weighted,Class weight
2144,emscad_14369,"Plans, analyzes and implements instant Scratch ticket game projects to produce a 12-month product and marketing plan",Instant Lotteries Marketing Specialist,0,0,0.9990506172180176,0.0009493827819824219,0.8,1,BERT:bert_class_weighted,Class weight
2145,emscad_14383,"Argenta Field Solutions values the client, creates income streams for them through our sales mechanism and focuses on qu",Sales Rep for AT&T Solutions Provider - Management Training,0,0,0.9996905326843262,0.0003094673156738281,0.8,1,BERT:bert_class_weighted,Class weight
2146,emscad_14400,"Growing event production company providing staging, scenic, and drapery primarily in the state of Florida. We have a sec",Installer Needed - Las Vegas,0,0,0.9996309280395508,0.00036907196044921875,0.8,1,BERT:bert_class_weighted,Class weight
2147,emscad_14401,EUROPEAN DYNAMICS (#URL_c66532ffa1ce76ab447da6774719060c42c584edbf44d74cdb94fc4ac219ca45#) is a leading European Softwar,"Analyst (SOA, XML, BPMN, UML)",0,0,0.9997069835662842,0.0002930164337158203,0.8,1,BERT:bert_class_weighted,Class weight
2148,emscad_14410,If working in a cubical seems like your idea of hell then joining our awesome startup team might be the opportunity you’,VP Engineering,0,0,0.9997386932373047,0.0002613067626953125,0.8,1,BERT:bert_class_weighted,Class weight
2149,emscad_14430,Job description,Senior QA Engineer,0,0,0.9995858669281006,0.00041413307189941406,0.8,1,BERT:bert_class_weighted,Class weight
2150,emscad_14433,#URL_e7c9057d5e6f097876436d175031e95669ede4ebaab52b6be0957c837bc98343#,"Title Insurance: Commercial Counsel -New York, NY",0,0,0.9995882511138916,0.00041174888610839844,0.8,1,BERT:bert_class_weighted,Class weight
2151,emscad_14444,"Our client, is a well-known employer within the Peterborough area and specialises in providing a range of leisure servic",HR Advisor - Sports and Leisure,0,0,0.9996945858001709,0.00030541419982910156,0.8,1,BERT:bert_class_weighted,Class weight
2152,emscad_14448,"We are a startup digital agency that is “helping companies make money online” by specializing in AdWords, Analytics and ",Frontend Web Developer,0,0,0.9997386932373047,0.0002613067626953125,0.8,1,BERT:bert_class_weighted,Class weight
2153,emscad_14459,We Provide Full Time Permanent Positions for many medium to large US companies. We are interested in finding/recruiting ,Automotive Controls Engineer,0,0,0.9997518062591553,0.00024819374084472656,0.8,1,BERT:bert_class_weighted,Class weight
2154,emscad_14467,#URL_e7c9057d5e6f097876436d175031e95669ede4ebaab52b6be0957c837bc98343#,Title Insurance Ops: Sr Title Officer/Counsel,0,0,0.9994587898254395,0.0005412101745605469,0.8,1,BERT:bert_class_weighted,Class weight
2155,emscad_14469,We Provide Full Time Permanent Positions for many medium to large US companies. We are interested in finding/recruiting ,Process Improvement Project Engineering Manager,0,0,0.9997341632843018,0.0002658367156982422,0.8,1,BERT:bert_class_weighted,Class weight
2156,emscad_14470,"Critical Nurse Staffing, Inc. is enrolled with the U.S Department of Labor to provide nursing care to the former defense","Home Health RN--Show Low, AZ",0,0,0.9996330738067627,0.0003669261932373047,0.8,1,BERT:bert_class_weighted,Class weight
2157,emscad_14477,Ensight is an international energy design and implementation practice specialising in sophisticated whole-of-business en,HR Generalist,0,0,0.9995987415313721,0.0004012584686279297,0.8,1,BERT:bert_class_weighted,Class weight
2158,emscad_14480,"At McLane Intel, we believe that everyone should love where they work! We understand that our ongoing success is attribu",Networking Engineer,0,0,0.9996969699859619,0.00030303001403808594,0.8,1,BERT:bert_class_weighted,Class weight
2159,emscad_14491,"Daily Secret is one of the fastest growing digital media brand for premium audiences around the world, serving 1.8 milli",Freelance Writer - Paris,0,0,0.9997508525848389,0.0002491474151611328,0.8,1,BERT:bert_class_weighted,Class weight
2160,emscad_14493,Crypteia Networks delivers a patent-pending technology that identifies zero-day threats on their infancy along with misc,Back-End Ruby Developer,0,0,0.9995195865631104,0.00048041343688964844,0.8,1,BERT:bert_class_weighted,Class weight
2161,emscad_14496,"Valor Services provides Workforce Solutions that meet the needs of companies across the Private Sector, with a special f",Full-Cycle Oil & Gas Recruiter,0,0,0.999730110168457,0.00026988983154296875,0.8,1,BERT:bert_class_weighted,Class weight
2162,emscad_14499,"We are looking for a professional, highly motivated, customer service orientated individual for our full time Maintenanc",Maintenance Manager,0,0,0.999366283416748,0.0006337165832519531,0.8,1,BERT:bert_class_weighted,Class weight
2163,emscad_14501,Symmetry Financial Group was established with the goal of helping to bring balance to the professional and personal live,Insurance Sales Representative,0,0,0.9996252059936523,0.00037479400634765625,0.8,1,BERT:bert_class_weighted,Class weight
2164,emscad_14507,"As augmented reality jobs go, one at Blippar is hard to beat. We are a rapidly expanding creative startup at the forefro",Social Media Manager,0,0,0.9997658729553223,0.00023412704467773438,0.8,1,BERT:bert_class_weighted,Class weight
2165,emscad_14516,MediaMonks is the biggest creative digital production company on the planet . We specialize in working for and with adve,Intern Business/Producer team,0,0,0.9997498989105225,0.00025010108947753906,0.8,1,BERT:bert_class_weighted,Class weight
2166,emscad_14523,"Vend is looking for some awesome new talent to come join us. You'll be working in an awesome team doing awesome things, ",Assistant Accountant,0,0,0.9996941089630127,0.0003058910369873047,0.8,1,BERT:bert_class_weighted,Class weight
2167,emscad_14524,The front door to most businesses is online. Connectivity allows business owners know every first impression. We are pas,Lead Analyst,0,0,0.9997091293334961,0.00029087066650390625,0.8,1,BERT:bert_class_weighted,Class weight
2168,emscad_14531,"Our company is a preferred adviser and recruiter for many iconic global businesses, from our offices in the UK, New York",Office Administrator,0,0,0.9996762275695801,0.0003237724304199219,0.8,1,BERT:bert_class_weighted,Class weight
2169,emscad_14548,"At Atlas Lift Tech, safety always comes first! We are a fast growing company with an innovative vision of making Safe Pa",EMTs (Lift Coaches),0,0,0.9996867179870605,0.0003132820129394531,0.8,1,BERT:bert_class_weighted,Class weight
2170,emscad_14549,Position: Java Developer,Java Developer,0,0,0.9996600151062012,0.0003399848937988281,0.8,1,BERT:bert_class_weighted,Class weight
2171,emscad_14552,"Change Automotive Recruitment was established in 1993, with the aim of supplying quality, talented individuals into the ",Experienced Sales Administrator,0,0,0.9996018409729004,0.0003981590270996094,0.8,1,BERT:bert_class_weighted,Class weight
2172,emscad_14559,Flite delivers ad innovation at scale to the world's top publishers and brands. Marketers use the self-service Flite Pla,Sales Director (Chicago),0,0,0.9995906352996826,0.0004093647003173828,0.8,1,BERT:bert_class_weighted,Class weight
2173,emscad_14560,We are looking for SAP Data Conversion Architect for a position in VA.,SAP Data Conversion Architect / Lead,0,0,0.992584228515625,0.007415771484375,0.8,1,BERT:bert_class_weighted,Class weight
2174,emscad_14561,RhodeCode provides the leading source code management solution for enterprises. We are powering the world`s largest orga,Full Stack Python Developer,0,0,0.9996886253356934,0.0003113746643066406,0.8,1,BERT:bert_class_weighted,Class weight
2175,emscad_14572,WHAT WE DO,Junior IT Support Engineer,0,0,0.9996824264526367,0.00031757354736328125,0.8,1,BERT:bert_class_weighted,Class weight
2176,emscad_14574,Lesaffre Yeast Corporation is a French privately owned company that has been the worldwide leader in yeast manufacturing,Warehouse Operator,0,0,0.9993524551391602,0.0006475448608398438,0.8,1,BERT:bert_class_weighted,Class weight
2177,emscad_14578,"Newmedica is a dynamic, innovative UK healthcare company that works in partnership with the NHS to deliver specialist cl","Clinic Assistant, North West London",0,0,0.9997124671936035,0.0002875328063964844,0.8,1,BERT:bert_class_weighted,Class weight
2178,emscad_14581,hello world,Software Tester (QA) (m/w),0,0,0.9997551441192627,0.0002448558807373047,0.8,1,BERT:bert_class_weighted,Class weight
2179,emscad_14595,"Critical Nurse Staffing, Inc. is enrolled with the U.S Department of Labor to provide nursing care to the former defense","Home Health CNA--Richland, WA",0,0,0.9996373653411865,0.00036263465881347656,0.8,1,BERT:bert_class_weighted,Class weight
2180,emscad_14604,Take Out Brands is a food franchise business with a #URL_4524df5c91ce800c4ba16ef1406d622db7d51d37105a7fcee27521e61854615,Delivery Drivers - Papa John's Pizza,0,0,0.9996750354766846,0.0003249645233154297,0.8,1,BERT:bert_class_weighted,Class weight
2181,emscad_14609,"Farmigo is a mission-driven startup with a simple, ambitious goal: we want to make local, sustainably produced food more","Organizing Director, SF Bay Area",0,0,0.9997658729553223,0.00023412704467773438,0.8,1,BERT:bert_class_weighted,Class weight
2182,emscad_14625,Mission Statement,Physical Therapist,0,0,0.9996626377105713,0.00033736228942871094,0.8,1,BERT:bert_class_weighted,Class weight
2183,emscad_14635,Virteva delivers managed IT services and project-based consulting services that optimize our customer’s IT infrastructur,Onboarding Technician,0,0,0.9996352195739746,0.0003647804260253906,0.8,1,BERT:bert_class_weighted,Class weight
2184,emscad_14643,ehumanlife is a medical platform for live online consultations through HD video calls. You can call a doctor now from th,iOS Developer,0,0,0.99971604347229,0.00028395652770996094,0.8,1,BERT:bert_class_weighted,Class weight
2185,emscad_14647,At SMGI we believe that 'Our People are the Difference'. Working for SMGI is a great opportunity for our employees to le,SECURITY OFFICER (SO/PSO/ERT),0,0,0.9996929168701172,0.0003070831298828125,0.8,1,BERT:bert_class_weighted,Class weight
2186,emscad_14652,"Strong Sous Chef (Executive Chef-ready) needed in Hoboken, NJ for a high volume upscale casual dining restaurant.",Sous Chef - Upscale Restaurant,0,0,0.9993624687194824,0.0006375312805175781,0.8,1,BERT:bert_class_weighted,Class weight
2187,emscad_14653,We Provide Full Time Permanent Positions for many medium to large US companies. We are interested in finding/recruiting ,Quality Manager,0,0,0.9997413158416748,0.0002586841583251953,0.8,1,BERT:bert_class_weighted,Class weight
2188,emscad_14655,EROAD was established to modernise New Zealand’s paper-based RUC regime and in 2009 launched the world’s first GPS/cellu,Embedded Engineer (Firmware),0,0,0.9997453689575195,0.00025463104248046875,0.8,1,BERT:bert_class_weighted,Class weight
2189,emscad_14658,"Logika is a 4th party logistics services company, surpassing the firm’s context and aiming to offer innovative solutions",HR Generalist,0,0,0.9995851516723633,0.00041484832763671875,0.8,1,BERT:bert_class_weighted,Class weight
2190,emscad_14667,EROAD was established to modernise New Zealand’s paper-based RUC regime and in 2009 launched the world’s first GPS/cellu,Platform Operations Engineer,0,0,0.9997551441192627,0.0002448558807373047,0.8,1,BERT:bert_class_weighted,Class weight
2191,emscad_14669,Area Sales Head(ASH):,area sales head,0,0,0.9961071014404297,0.0038928985595703125,0.8,1,BERT:bert_class_weighted,Class weight
2192,emscad_14681,"We are an after-school program committed to assisting the students of Savannah, Georgia in reading and math through blen",Instructional Advocate,0,0,0.9996652603149414,0.00033473968505859375,0.8,1,BERT:bert_class_weighted,Class weight
2193,emscad_14688,ABOUT VERTO Verto Partners is a premier corporate performance acceleration firm that works with middle market companies ,Director of Quality - Volpi Foods,0,0,0.9996933937072754,0.0003066062927246094,0.8,1,BERT:bert_class_weighted,Class weight
2194,emscad_14689,"We founded this company on the principle that great employees deserved great workplaces, Wellnext creates technology to ",User Interface Designer,0,0,0.9997386932373047,0.0002613067626953125,0.8,1,BERT:bert_class_weighted,Class weight
2195,emscad_14697,We Provide Full Time Permanent Positions for many medium to large US companies. We are interested in finding/recruiting ,"Sr. Android Software Engineer - Agile SCRUM ARM - Fairfax, VA",0,0,0.9997086524963379,0.0002913475036621094,0.8,1,BERT:bert_class_weighted,Class weight
2196,emscad_14698,"Our work at HPS is collaborative, centered on a fun, team-oriented environment. It is also extremely challenging. We foc",Winter Associate,0,0,0.9996416568756104,0.00035834312438964844,0.8,1,BERT:bert_class_weighted,Class weight
2197,emscad_14701,"The Aguilar Group is a nationwide search and recruitment agency, dedicated to working with our clients to help them find",Manager Trainee (Tampa),0,0,0.9996898174285889,0.0003101825714111328,0.8,1,BERT:bert_class_weighted,Class weight
2198,emscad_14719,"Shapeways is the leading 3D printing marketplace and community, empowering designers to bring amazing products to life. ","Vendor Operations Manager, Supply Chain",0,0,0.999748706817627,0.0002512931823730469,0.8,1,BERT:bert_class_weighted,Class weight
2199,emscad_14729,"PINT is a leader in the web industry with 20 years of web design, software development and consulting experience. PINT's",Information Architect and UI/UX Designer,0,0,0.999739408493042,0.0002605915069580078,0.8,1,BERT:bert_class_weighted,Class weight
2200,emscad_14732,We Provide Full Time Permanent Positions for many medium to large US companies. We are interested in finding/recruiting ,Injection Molding Supervisor,0,0,0.9997477531433105,0.0002522468566894531,0.8,1,BERT:bert_class_weighted,Class weight
2201,emscad_14739,"Providing luxurious menswear such as suits, shirts, neckwear and accessories for the tailored gentleman.",Sale Representatives,0,0,0.9995899200439453,0.0004100799560546875,0.8,1,BERT:bert_class_weighted,Class weight
2202,emscad_14751,"Vend is looking for some awesome new talent to come join us. You'll be working in an awesome team doing awesome things, ",Senior Customer Success Manager,0,0,0.9997069835662842,0.0002930164337158203,0.8,1,BERT:bert_class_weighted,Class weight
2203,emscad_14768,We’re always looking for highly motivated “founder-types” to join us as we grow. Here’s what you need to know.,PR Director,0,0,0.9996140003204346,0.0003859996795654297,0.8,1,BERT:bert_class_weighted,Class weight
2204,emscad_14771,"ABC Supply Co., Inc. is the nation’s largest wholesale distributor of roofing and one of the largest distributors of sid",Outside Sales Professional-Kenosha,0,0,0.999605655670166,0.0003943443298339844,0.8,1,BERT:bert_class_weighted,Class weight
2205,emscad_14776,We just built the factory of our dreams.,Process Engineer,0,0,0.999685525894165,0.00031447410583496094,0.8,1,BERT:bert_class_weighted,Class weight
2206,emscad_14777,The Albany Charter School Network is a family of charter schools in the City of Albany that works to prepare children fo,Elementary School Principal,0,0,0.9996750354766846,0.0003249645233154297,0.8,1,BERT:bert_class_weighted,Class weight
2207,emscad_14778,Virteva delivers managed IT services and project-based consulting services that optimize our customer’s IT infrastructur,Sales Engineer,0,0,0.9993710517883301,0.0006289482116699219,0.8,1,BERT:bert_class_weighted,Class weight
2208,emscad_14779,We Provide Full Time Permanent Positions for many medium to large US companies. We are interested in finding/recruiting ,Manufacturing Operations Supervisor,0,0,0.9997494220733643,0.0002505779266357422,0.8,1,BERT:bert_class_weighted,Class weight
2209,emscad_14780,We're hiring!,Guest Sales Executive,0,0,0.999730110168457,0.00026988983154296875,0.8,1,BERT:bert_class_weighted,Class weight
2210,emscad_14783,IPS is a rapidly growing security firm based in the NY-metro area currently seeking fire safety directors to join our te,Hiring Fire Safety Directors for Midtown Hotels,0,0,0.9996893405914307,0.00031065940856933594,0.8,1,BERT:bert_class_weighted,Class weight
2211,emscad_14791,"At Hayes-Corp, we create the fun stuff. With a focus on software development for mobile platforms, we are constantly loo","Research Assistant (Digital, SaaS, Internet, Mobile)",0,0,0.9997377395629883,0.00026226043701171875,0.8,1,BERT:bert_class_weighted,Class weight
2212,emscad_14796,The MacTay Group is a leading consulting company with its sole aim to nurture and improve growth in people and establish,Transaction Officers,0,0,0.999603271484375,0.000396728515625,0.8,1,BERT:bert_class_weighted,Class weight
2213,emscad_14801,"As augmented reality jobs go, one at Blippar is hard to beat. We are a rapidly expanding creative startup at the forefro",Blipp Developer,0,0,0.9997477531433105,0.0002522468566894531,0.8,1,BERT:bert_class_weighted,Class weight
2214,emscad_14817,"QB Medical Inc. is a medical supply distributor located in Chula Vista, CA. Founded in 2005, we now services over 100 go",Marketing Associate,0,0,0.9995584487915039,0.00044155120849609375,0.8,1,BERT:bert_class_weighted,Class weight
2215,emscad_14824,We Provide Full Time Permanent Positions for many medium to large US companies. We are interested in finding/recruiting ,Buyer,0,0,0.9997358322143555,0.00026416778564453125,0.8,1,BERT:bert_class_weighted,Class weight
2216,emscad_14827,Outstanding Member Service Starts With Outstanding People,"Manager, Growth Channels",0,0,0.99973464012146,0.00026535987854003906,0.8,1,BERT:bert_class_weighted,Class weight
2217,emscad_14837,Take Out Brands is a food franchise business with a #URL_4524df5c91ce800c4ba16ef1406d622db7d51d37105a7fcee27521e61854615,Part-time Pizza Delivery Drivers - Wallasey,0,0,0.9997236728668213,0.00027632713317871094,0.8,1,BERT:bert_class_weighted,Class weight
2218,emscad_14839,"Fleetio is improving the way companies manage vehicle-based operations. We're a fast-growing, profitable SaaS company wi",Senior Front-End Software Engineer,0,0,0.9997498989105225,0.00025010108947753906,0.8,1,BERT:bert_class_weighted,Class weight
2219,emscad_14843,"Crossroads Treatment Centers is a nationally-accredited, medication-assisted, out-patient program that delivers fast, ef",Program Director (Danville Center),0,0,0.9996140003204346,0.0003859996795654297,0.8,1,BERT:bert_class_weighted,Class weight
2220,emscad_14845,"Happy Typing, on any smart device.",Software Engineer - Android - Japanese,0,0,0.9997069835662842,0.0002930164337158203,0.8,1,BERT:bert_class_weighted,Class weight
2221,emscad_14850,"""Our mission to our clients is to preserve their independence, enhance their quality of life, promote health & wellbeing",Caregiver/HHA/CNA-Bridgman,0,0,0.9996607303619385,0.00033926963806152344,0.8,1,BERT:bert_class_weighted,Class weight
2222,emscad_14865,Outstanding Member Service Starts With Outstanding People,Mortgage Services Project Specialist,0,0,0.9996788501739502,0.0003211498260498047,0.8,1,BERT:bert_class_weighted,Class weight
2223,emscad_14878,Hawkeye Recruitment provides cost effective recruitment advertising solutions to help you cast the widest net to find th,Accountant,0,0,0.9994974136352539,0.0005025863647460938,0.8,1,BERT:bert_class_weighted,Class weight
2224,emscad_14880,"Baesman is a nationally-recognized, single-source provider of direct marketing strategy and solutions, including CRM dat",Press Helper,0,0,0.9997045993804932,0.00029540061950683594,0.8,1,BERT:bert_class_weighted,Class weight
2225,emscad_14890,Established on the principles that full time education is not for everyone Spectrum Learning is made up of a team of pas,Dewsbury Business Admin Apprenticeship Under NAS 16-18 Year Olds Only,0,0,0.9997527599334717,0.0002472400665283203,0.8,1,BERT:bert_class_weighted,Class weight
2226,emscad_14901,We Provide Full Time Permanent Positions for many medium to large US companies. We are interested in finding/recruiting ,Auditor,0,0,0.9997434616088867,0.00025653839111328125,0.8,1,BERT:bert_class_weighted,Class weight
2227,emscad_14909,Who are We?,"IT Support Technician (L2, L3, Engineer)",0,0,0.9996230602264404,0.0003769397735595703,0.8,1,BERT:bert_class_weighted,Class weight
2228,emscad_14940,Our Company,Back Office Senior PHP Developer,0,0,0.9997382164001465,0.0002617835998535156,0.8,1,BERT:bert_class_weighted,Class weight
2229,emscad_14946,"Even though we’ve been industry leaders for years, we’ve never lost sight of our primary goal: to serve and protect our ","Life Insurance Agent - Raleigh, NC",0,0,0.9996788501739502,0.0003211498260498047,0.8,1,BERT:bert_class_weighted,Class weight
2230,emscad_14952,"TapHunter ( #URL_95b1bf876c79465b7a563292438e8293a651920b605b528509c8d4c14bfc174e# ) provides bars, restaurants, bottle ",Inside Sales Consultant,0,0,0.9997351169586182,0.00026488304138183594,0.8,1,BERT:bert_class_weighted,Class weight
2231,emscad_14953,Green Street Advisors is the industry leader in real estate and real estate investment trust (REITs) research for over 2,"Manager, Financial Reporting",0,0,0.9996793270111084,0.00032067298889160156,0.8,1,BERT:bert_class_weighted,Class weight
2232,emscad_14966,Since 1978,Media Assistant,0,0,0.9996933937072754,0.0003066062927246094,0.8,1,BERT:bert_class_weighted,Class weight
2233,emscad_14967,We Provide Full Time Permanent Positions for many medium to large US companies. We are interested in finding/recruiting ,Electrical Controls Engineer,0,0,0.9997494220733643,0.0002505779266357422,0.8,1,BERT:bert_class_weighted,Class weight
2234,emscad_14982,Symmetry Financial Group was established with the goal of helping to bring balance to the professional and personal live,Insurance Sales Representative,0,0,0.9996252059936523,0.00037479400634765625,0.8,1,BERT:bert_class_weighted,Class weight
2235,emscad_14990,We Provide Full Time Permanent Positions for many medium to large US companies. We are interested in finding/recruiting ,Electrical Controls Engineer,0,0,0.9997482299804688,0.00025177001953125,0.8,1,BERT:bert_class_weighted,Class weight
2236,emscad_14996,We Provide Full Time Permanent Positions for many medium to large US companies. We are interested in finding/recruiting ,"Project Engineer - Design Cost Engineer Exp - Atlanta North, GA",0,0,0.9995317459106445,0.00046825408935546875,0.8,1,BERT:bert_class_weighted,Class weight
2237,emscad_15001,Virteva delivers managed IT services and project-based consulting services that optimize our customer’s IT infrastructur,Marketing Manager,0,0,0.9995858669281006,0.00041413307189941406,0.8,1,BERT:bert_class_weighted,Class weight
2238,emscad_15002,Visual BI is one of the leading and fastest growing firms focusing exclusively on BI & Analytics. Our offerings cover en,SAP HANA Modeler,0,0,0.9996659755706787,0.00033402442932128906,0.8,1,BERT:bert_class_weighted,Class weight
2239,emscad_15004,"This job reviews, analyzes, and evaluates business systems and user needs. Formulates systems to parallel overall busine",Business Analyst,0,0,0.9987382888793945,0.0012617111206054688,0.8,1,BERT:bert_class_weighted,Class weight
2240,emscad_15017,"Babbel enables anyone to learn languages in an easy and interactive way. The learning system offers 13 languages, from E",Senior Recruiter,0,0,0.9997398853302002,0.0002601146697998047,0.8,1,BERT:bert_class_weighted,Class weight
2241,emscad_15020,We Provide Full Time Permanent Positions for many medium to large US companies. We are interested in finding/recruiting ,Process Engineer - Troubleshooting Production Exp - LA,0,0,0.9994997978210449,0.0005002021789550781,0.8,1,BERT:bert_class_weighted,Class weight
2242,emscad_15030,"Critical Nurse Staffing, Inc. is enrolled with the U.S Department of Labor to provide nursing care to the former defense","Home Health CNA--Shelley, ID",0,0,0.999610185623169,0.0003898143768310547,0.8,1,BERT:bert_class_weighted,Class weight
2243,emscad_15047,The smarter way to invest,"Full Stack Senior Developer - Java Web App, Javascript",0,0,0.9997358322143555,0.00026416778564453125,0.8,1,BERT:bert_class_weighted,Class weight
2244,emscad_15062,"The IT Assistant is responsible for supporting the day-to-day operational activities of the IT team, network administrat",IT Assistant (Internship/Stage),0,0,0.9996917247772217,0.0003082752227783203,0.8,1,BERT:bert_class_weighted,Class weight
2245,emscad_15063,"Argenta Field Solutions values the client, creates income streams for them through our sales mechanism and focuses on qu",Sales Representative with Management Training - AT&T,0,0,0.9996762275695801,0.0003237724304199219,0.8,1,BERT:bert_class_weighted,Class weight
2246,emscad_15070,We Provide Full Time Permanent Positions for many medium to large US companies. We are interested in finding/recruiting ,Process Engineer,0,0,0.999759316444397,0.00024068355560302734,0.8,1,BERT:bert_class_weighted,Class weight
2247,emscad_15076,"Wiredrive is a fast growing, privately-owned SaaS company with headquarters in Marina del Rey and offices in New York Ci",Director of Product,0,0,0.9994754791259766,0.0005245208740234375,0.8,1,BERT:bert_class_weighted,Class weight
2248,emscad_15082,Bluebridge was created by a team of people who are passionate about organizations and the ways that effective technology,Demand Generation Lead,0,0,0.999748706817627,0.0002512931823730469,0.8,1,BERT:bert_class_weighted,Class weight
2249,emscad_15084,Who we are,Python Developer,0,0,0.9997053146362305,0.00029468536376953125,0.8,1,BERT:bert_class_weighted,Class weight
2250,emscad_15099,"Valor Services provides Workforce Solutions that meet the needs of companies across the Private Sector, with a special f",Executive Assistant,0,0,0.9997034072875977,0.00029659271240234375,0.8,1,BERT:bert_class_weighted,Class weight
2251,emscad_15103,"Instrumental is a highly dynamic, fast-paced organization providing expert professional services to vendors and end-user",NetApp Storage Administrator,0,0,0.9997363090515137,0.0002636909484863281,0.8,1,BERT:bert_class_weighted,Class weight
2252,emscad_15112,We Provide Full Time Permanent Positions for many medium to large US companies. We are interested in finding/recruiting ,Automotive Controls Engineer,0,0,0.9997532367706299,0.0002467632293701172,0.8,1,BERT:bert_class_weighted,Class weight
2253,emscad_15131,"Crossroads Treatment Centers is a nationally-accredited, medication-assisted, out-patient program that delivers fast, ef",Substance Abuse Counselor (Columbia Center),0,0,0.9996438026428223,0.0003561973571777344,0.8,1,BERT:bert_class_weighted,Class weight
2254,emscad_15137,"Optimal Business Action was created in 2005 in order to provide high quality, personalized HR services to medium and lar",Executive Assistant,0,0,0.9997131824493408,0.0002868175506591797,0.8,1,BERT:bert_class_weighted,Class weight
2255,emscad_15138,Inc42 is a technology focused media portal with extensive focus on innovation and creating value. In the past 6 months I,UI/UX Designer and Front-end Developer,0,0,0.9997293949127197,0.00027060508728027344,0.8,1,BERT:bert_class_weighted,Class weight
2256,emscad_15139,"Namely is the leading end-to-end HR and payroll platform for growing companies. Offerings include human payroll, benefit",iOS Developer,0,0,0.9997498989105225,0.00025010108947753906,0.8,1,BERT:bert_class_weighted,Class weight
2257,emscad_15142,"Blender Design is an award winning product design consultancy based in Auckland, New Zealand. We are a team product desi",Marketing / Journalist Intern,0,0,0.9997403621673584,0.00025963783264160156,0.8,1,BERT:bert_class_weighted,Class weight
2258,emscad_15162,"Intercom ( #URL_cb674f93cbcd215a3a0a57a8615a565545949eead8adbbc73307c26d6a6af81b# ) is a simple, personal messaging serv",Financial Analyst,0,0,0.9997477531433105,0.0002522468566894531,0.8,1,BERT:bert_class_weighted,Class weight
2259,emscad_15172,"SEK Solutions is driven to be the #1 solutions provider for our customer's weapon storage, industrial storage, material ",Sales Representative,0,0,0.9995810985565186,0.0004189014434814453,0.8,1,BERT:bert_class_weighted,Class weight
2260,emscad_15180,About Rocket Internet,Junior SEO Manager (m/f) - Rocket Internet,0,0,0.9997527599334717,0.0002472400665283203,0.8,1,BERT:bert_class_weighted,Class weight
2261,emscad_15188,We Provide Full Time Permanent Positions for many medium to large US companies. We are interested in finding/recruiting ,Application Developer,0,0,0.9997589588165283,0.0002410411834716797,0.8,1,BERT:bert_class_weighted,Class weight
2262,emscad_15190,Playfair Capital is an early stage technology investment fund based in London.,Marketing and Social Media Internship,0,0,0.999764084815979,0.0002359151840209961,0.8,1,BERT:bert_class_weighted,Class weight
2263,emscad_15204,"Farmigo is a mission-driven startup with a simple, ambitious goal: we want to make local, sustainably produced food more",Product Designer,0,0,0.9997565746307373,0.0002434253692626953,0.8,1,BERT:bert_class_weighted,Class weight
2264,emscad_15205,Upstream’s mission is to revolutionise the way companies market to consumers through cutting edge technology. This is an,Creative Copywriter,0,0,0.9997272491455078,0.0002727508544921875,0.8,1,BERT:bert_class_weighted,Class weight
2265,emscad_15210,"Daily Secret is one of the fastest growing digital media brand for premium audiences around the world, serving 1.8 milli",Part-Time Curator - San Francisco,0,0,0.9997575283050537,0.00024247169494628906,0.8,1,BERT:bert_class_weighted,Class weight
2266,emscad_15219,Addy's mission is to make every delivery efficient and delightful.,Account Manager,0,0,0.9997284412384033,0.0002715587615966797,0.8,1,BERT:bert_class_weighted,Class weight
2267,emscad_15221,All applicants must review the job description on the HWS Human Resources website and submit applications directly to Hu,Area Coordinator (Anticipated),0,0,0.9826812744140625,0.0173187255859375,0.8,1,BERT:bert_class_weighted,Class weight
2268,emscad_15222,We help teachers get safe & secure jobs abroad :),English Teacher Abroad (Conversational),0,0,0.9997508525848389,0.0002491474151611328,0.8,1,BERT:bert_class_weighted,Class weight
2269,emscad_15223,"Eat Out In is a well established, fast paced, unique restaurant delivery service looking to hire waiters on wheels to de",Delivery Drivers,0,0,0.9996492862701416,0.00035071372985839844,0.8,1,BERT:bert_class_weighted,Class weight
2270,emscad_15225,GrowthRocks is looking for a rockstar Growth Engineer!,Growth Engineer,0,0,0.999448299407959,0.0005517005920410156,0.8,1,BERT:bert_class_weighted,Class weight
2271,emscad_15228,"Eat Out In is a well established, fast paced, unique restaurant delivery service looking to hire waiters on wheels to de",Delivery Drivers,0,0,0.9996500015258789,0.00034999847412109375,0.8,1,BERT:bert_class_weighted,Class weight
2272,emscad_15229,"J-Curve Technologies, a privately held Arizona-based organization, is an award-winning premier outsourcer of shared tech",Director of Contact Center Operations,0,0,0.9996287822723389,0.0003712177276611328,0.8,1,BERT:bert_class_weighted,Class weight
2273,emscad_15236,"Lobo is an international recruitment agency that offers a wide range of HR services - recruiting, outsourcing, training,",Sales and Recruitment Intern,0,0,0.999718189239502,0.0002818107604980469,0.8,1,BERT:bert_class_weighted,Class weight
2274,emscad_15244,"Cylance is a global cybersecurity products and service company, specializeing in advanced threat security that detects a",Enterprise Solutions Architect,0,0,0.9988164901733398,0.0011835098266601562,0.8,1,BERT:bert_class_weighted,Class weight
2275,emscad_15252,Printfresh is a leading fashion textile design studio. We are a growing company with an enthusiastic group of people pas,Print Designer,0,0,0.99967360496521,0.00032639503479003906,0.8,1,BERT:bert_class_weighted,Class weight
2276,emscad_15267,At the core of IT’s challenges is a perennial cycle where the majority of budgets are consumed maintaining existing syst,Corporate Counseling Associate/Addictions/Substance Abuse,0,0,0.999427318572998,0.0005726814270019531,0.8,1,BERT:bert_class_weighted,Class weight
2277,emscad_15269,About the Company:,Graphic Designer,0,0,0.9997570514678955,0.0002429485321044922,0.8,1,BERT:bert_class_weighted,Class weight
2278,emscad_15270,SQLearn has an extensive experience and expertise in the elearning field. Dominates the Greek elearning market and has c,Elearning Sales/Business Development,0,0,0.999478816986084,0.0005211830139160156,0.8,1,BERT:bert_class_weighted,Class weight
2279,emscad_15278,Hedge your bets - work with the best domestic and commercial cleaning provider in Atlanta.,Handyman & Independent Contractors (Home Pros),0,0,0.9996049404144287,0.00039505958557128906,0.8,1,BERT:bert_class_weighted,Class weight
2280,emscad_15284,We help teachers get safe & secure jobs abroad :),English Teacher Abroad,0,0,0.9997690916061401,0.00023090839385986328,0.8,1,BERT:bert_class_weighted,Class weight
2281,emscad_15285,"Through the Apache Spark platform, we are working to transform large-scale data analysis.",Web Front End Engineer,0,0,0.9997241497039795,0.0002758502960205078,0.8,1,BERT:bert_class_weighted,Class weight
2282,emscad_15292,We help teachers get safe & secure jobs abroad :),English Teacher Abroad,0,0,0.9997690916061401,0.00023090839385986328,0.8,1,BERT:bert_class_weighted,Class weight
2283,emscad_15301,We help teachers get safe & secure jobs abroad :),English Teacher Abroad,0,0,0.9997690916061401,0.00023090839385986328,0.8,1,BERT:bert_class_weighted,Class weight
2284,emscad_15318,We Provide Full Time Permanent Positions for many medium to large US companies. We are interested in finding/recruiting ,Manufacturing Engineer,0,0,0.9997580051422119,0.00024199485778808594,0.8,1,BERT:bert_class_weighted,Class weight
2285,emscad_15321,We help teachers get safe & secure jobs abroad :),English Teacher Abroad,0,0,0.9997690916061401,0.00023090839385986328,0.8,1,BERT:bert_class_weighted,Class weight
2286,emscad_15325,We help teachers get safe & secure jobs abroad :),English Teacher Abroad,0,0,0.9997690916061401,0.00023090839385986328,0.8,1,BERT:bert_class_weighted,Class weight
2287,emscad_15339,We help teachers get safe & secure jobs abroad :),English Teacher Abroad (Conversational),0,0,0.9997636079788208,0.00023639202117919922,0.8,1,BERT:bert_class_weighted,Class weight
2288,emscad_15353,Envision Consulting conducts retained searches for nonprofit clients seeking to expand and enhance their mission through,Submit Your Resume for Upcoming Positions,0,0,0.999483585357666,0.0005164146423339844,0.8,1,BERT:bert_class_weighted,Class weight
2289,emscad_15357,"Advocate Construction is an up and coming leader in the disaster recovery industry, In early 2012, Advocate was founded ",Construction Management - Chicagoland Area,0,0,0.9996581077575684,0.0003418922424316406,0.8,1,BERT:bert_class_weighted,Class weight
2290,emscad_15370,Maker’s Row is an online marketplace that connects American manufacturers and product based businesses. Our mission is t,Data & Research Internship,0,0,0.9997518062591553,0.00024819374084472656,0.8,1,BERT:bert_class_weighted,Class weight
2291,emscad_15373,"#URL_a397afc00bff956382eec8b3826bbd79bd4cbade11c565390118c0c00292b77e# is a venture funded, successful UK startup buildi",Senior JavaScript incl. AngularJS,0,0,0.9997522830963135,0.00024771690368652344,0.8,1,BERT:bert_class_weighted,Class weight
2292,emscad_15378,We are a group of super passionate entrepreneurs. This is a paid position that will run from November 5 to January 5. We,MistoBox Growth Intern,0,0,0.9997191429138184,0.0002808570861816406,0.8,1,BERT:bert_class_weighted,Class weight
2293,emscad_15383,About the Company We are ticketscript - the European market leaders in digital self-ticketing. Whether it’s massive danc,Head of Sales Benelux,0,0,0.999748706817627,0.0002512931823730469,0.8,1,BERT:bert_class_weighted,Class weight
2294,emscad_15385,"Critical Nurse Staffing, Inc. is enrolled with the U.S Department of Labor to provide nursing care to the former defense","Home Health RN - Idaho Falls, ID",0,0,0.9996018409729004,0.0003981590270996094,0.8,1,BERT:bert_class_weighted,Class weight
2295,emscad_15392,"Pacific54 is a boutique online marketing and branding agency. We are a passionate, talented group of creatives who live ",Social Media Marketer,0,0,0.9997377395629883,0.00026226043701171875,0.8,1,BERT:bert_class_weighted,Class weight
2296,emscad_15397,At HoneyBook we’re re-imagining the events industry and building a product that is already changing the world for some o,Sales Representative,0,0,0.9997010231018066,0.0002989768981933594,0.8,1,BERT:bert_class_weighted,Class weight
2297,emscad_15405,Son of a Tailor makes exclusive tailored T-shirts. They are the first in the world to build an online T-shirt tailoring ,Head of Tailoring,0,0,0.9996993541717529,0.0003006458282470703,0.8,1,BERT:bert_class_weighted,Class weight
2298,emscad_15412,ActionIQ is a stealth startup building the next generation of data-driven business applications. It is based in New York,"Member of Technical Staff, Frontend UI",0,0,0.9997453689575195,0.00025463104248046875,0.8,1,BERT:bert_class_weighted,Class weight
2299,emscad_15420,"Even though we’ve been industry leaders for years, we’ve never lost sight of our primary goal: to serve and protect our ","Life Insurance Agent - Cleveland, OH",0,0,0.9996812343597412,0.00031876564025878906,0.8,1,BERT:bert_class_weighted,Class weight
2300,emscad_15421,We Provide Full Time Permanent Positions for many medium to large US companies. We are interested in finding/recruiting ,"Sr. Project Engineer - HVAC CAD MS Office - Richmond, VA",0,0,0.9996800422668457,0.0003199577331542969,0.8,1,BERT:bert_class_weighted,Class weight
2301,emscad_15427,We Provide Full Time Permanent Positions for many medium to large US companies. We are interested in finding/recruiting ,Application Developer,0,0,0.9997612237930298,0.00023877620697021484,0.8,1,BERT:bert_class_weighted,Class weight
2302,emscad_15436,"Recombine provides clinical genetic testing. CarrierMap, the first product created at Recombine, is the most comprehensi",Associate Bioinformaticist,0,0,0.9997310638427734,0.0002689361572265625,0.8,1,BERT:bert_class_weighted,Class weight
2303,emscad_15448,"Suneris, Inc is a medical device company,based out of Brooklyn, NY, working towards solving problems associated with wou",Executive Assistant to CEO / Office Manager,0,0,0.9996886253356934,0.0003113746643066406,0.8,1,BERT:bert_class_weighted,Class weight
2304,emscad_15455,We take the hassle out of finding and booking a cleaner. We are currently in the UK but we have big plans and we want an,Ruby on Rails engineer,0,0,0.9997556209564209,0.00024437904357910156,0.8,1,BERT:bert_class_weighted,Class weight
2305,emscad_15469,Job Description,Seamstress,0,0,0.9989814758300781,0.001018524169921875,0.8,1,BERT:bert_class_weighted,Class weight
2306,emscad_15470,Dropoff is modernizing courier and same-day delivery by providing our business customers a superior experience built on ,"Dropoff Driver ""Agent"" - Houston",0,0,0.9996976852416992,0.00030231475830078125,0.8,1,BERT:bert_class_weighted,Class weight
2307,emscad_15472,"At VERB, we’re not interested in being all things to all people. Our team of 50+ professionals specialize in digital mar",Digital Content Marketing Specialist,0,0,0.9997367858886719,0.000263214111328125,0.8,1,BERT:bert_class_weighted,Class weight
2308,emscad_15478,Aflac At A Glance,Benefits Consultant,0,0,0.9994082450866699,0.0005917549133300781,0.8,1,BERT:bert_class_weighted,Class weight
2309,emscad_15479,"London is a fast paced city of culture, diversity and opportunity, and as the UK's economic powerhouse, it is the perfec",Internship in India,0,0,0.9996867179870605,0.0003132820129394531,0.8,1,BERT:bert_class_weighted,Class weight
2310,emscad_15482,"At our company, being a Plumber is as much about customer service as maintaining our company assets. We expect that your",Plumber-Great Opportunity,0,0,0.9996163845062256,0.00038361549377441406,0.8,1,BERT:bert_class_weighted,Class weight
2311,emscad_15484,NOW HIRING D LICENSED SECURITY PERSONNEL FOR ALL MAJOR SPORTING EVENTS.,MAJOR SPORTING EVENT SECURITY,0,0,0.9964141845703125,0.0035858154296875,0.8,1,BERT:bert_class_weighted,Class weight
2312,emscad_15485,About ECHOING GREEN :,Senior Associate Corporate Relations,0,0,0.9994406700134277,0.0005593299865722656,0.8,1,BERT:bert_class_weighted,Class weight
2313,emscad_15491,"Babbel enables anyone to learn languages in an easy and interactive way. The learning system offers 13 languages, from E",SEM Manager Germany,0,0,0.9996867179870605,0.0003132820129394531,0.8,1,BERT:bert_class_weighted,Class weight
2314,emscad_15495,United Cerebral Palsy of Oregon & SW Washington (UCP) supports adults with all kinds of developmental disabilities (not ,"Full-Time Caregiver for a Fun-Loving, Sassy Woman",0,0,0.9997508525848389,0.0002491474151611328,0.8,1,BERT:bert_class_weighted,Class weight
2315,emscad_15502,CAREGiver,Care Giver,0,0,0.9997119903564453,0.0002880096435546875,0.8,1,BERT:bert_class_weighted,Class weight
2316,emscad_15512,Droplr is a simple cloud-based file-sharing application.,Account manager & director of customer success,0,0,0.999741792678833,0.0002582073211669922,0.8,1,BERT:bert_class_weighted,Class weight
2317,emscad_15520,"Argenta Field Solutions values the client, creates income streams for them through our sales mechanism and focuses on qu",Sales Rep for AT&T Solutions Provider - Management Training,0,0,0.9996941089630127,0.0003058910369873047,0.8,1,BERT:bert_class_weighted,Class weight
2318,emscad_15526,"We design, deploy, and maintain advanced technologies that enable our customers to achieve operational excellence at sub",Senior Windows Security Analyst,0,0,0.9997284412384033,0.0002715587615966797,0.8,1,BERT:bert_class_weighted,Class weight
2319,emscad_15530,hello world,Product Manager,0,0,0.9996769428253174,0.0003230571746826172,0.8,1,BERT:bert_class_weighted,Class weight
2320,emscad_15535,"TrendKite helps PR professionals and agencies build a timely, highly accurate picture of their brands' media coverage wi",Senior Software Engineer/Architect (Java/Solr/ElasticSearch),0,0,0.9997448921203613,0.0002551078796386719,0.8,1,BERT:bert_class_weighted,Class weight
2321,emscad_15538,Unify — formerly known as Siemens Enterprise Communications — is a premier communications software and services firms. O,Embedded Linux Software Engineer,0,0,0.999701738357544,0.0002982616424560547,0.8,1,BERT:bert_class_weighted,Class weight
2322,emscad_15539,Revolutionary Cloud based suite of Hospitality IT solutions,Business Development and Marketing,0,0,0.999683141708374,0.00031685829162597656,0.8,1,BERT:bert_class_weighted,Class weight
2323,emscad_15549,"MedTalent is a modern staffing company that specializes in the placement of physicians, nurses and healthcare profession",Staff ER Nurse,0,0,0.9994544982910156,0.000545501708984375,0.8,1,BERT:bert_class_weighted,Class weight
2324,emscad_15554,"#URL_a397afc00bff956382eec8b3826bbd79bd4cbade11c565390118c0c00292b77e# is a venture funded, successful UK startup buildi","Part-Time International Sales Executive (French, Polish, German, Dutch, Spanish, English (US))",0,0,0.9997607469558716,0.00023925304412841797,0.8,1,BERT:bert_class_weighted,Class weight
2325,emscad_15560,Ameritech Media wants to give industry thought-leaders the marketing communications they need to stay out in front. We’r,Inside Sales Representative,0,0,0.9997103214263916,0.00028967857360839844,0.8,1,BERT:bert_class_weighted,Class weight
2326,emscad_15564,We Provide Full Time Permanent Positions for many medium to large US companies. We are interested in finding/recruiting ,Accountant Tax Advisory,0,0,0.9997262954711914,0.00027370452880859375,0.8,1,BERT:bert_class_weighted,Class weight
2327,emscad_15576,Forward3D is the largest independent digital marketing agency in Britain. We run cutting edge digital marketing campaign,Korean Senior PPC Analyst,0,0,0.9997739791870117,0.00022602081298828125,0.8,1,BERT:bert_class_weighted,Class weight
2328,emscad_15580,Want to build a 21st century financial service?,Community Ambassador Spanish-speaking (Remote),0,0,0.999759316444397,0.00024068355560302734,0.8,1,BERT:bert_class_weighted,Class weight
2329,emscad_15585,Forward3D is the largest independent digital marketing agency in Britain. We run cutting edge digital marketing campaign,PPC Group Lead,0,0,0.9997717142105103,0.0002282857894897461,0.8,1,BERT:bert_class_weighted,Class weight
2330,emscad_15588,"Ryanair is Europe’s favourite low fares airline, operating more than 1,600 daily flights (over 500,000 per year) from 69",Finance and Operations Systems Manager,0,0,0.9989833831787109,0.0010166168212890625,0.8,1,BERT:bert_class_weighted,Class weight
2331,emscad_15591,"Independent team of Designers & Developers, focused on creating top quality products through exceptional Web and Mobile ",Full Stack Developer,0,0,0.9997198581695557,0.00028014183044433594,0.8,1,BERT:bert_class_weighted,Class weight
2332,emscad_15601,"Advocate Construction is an up and coming leader in the disaster recovery industry, In early 2012, Advocate was founded ",Entry Level Sales and Marketing Rep - Grand Rapids,0,0,0.9996252059936523,0.00037479400634765625,0.8,1,BERT:bert_class_weighted,Class weight
2333,emscad_15603,We Provide Full Time Permanent Positions for many medium to large US companies. We are interested in finding/recruiting ,"Senior Mechanical Engineer - Petrochemical P&ID - Tyler, TX",0,0,0.999687910079956,0.0003120899200439453,0.8,1,BERT:bert_class_weighted,Class weight
2334,emscad_15604,Can data be a thing of beauty? We think so.,Web Application Developer (Node.JS),0,0,0.9997584819793701,0.0002415180206298828,0.8,1,BERT:bert_class_weighted,Class weight
2335,emscad_15611,Want to build a 21st century financial service?,Product Analyst,0,0,0.9997541904449463,0.00024580955505371094,0.8,1,BERT:bert_class_weighted,Class weight
2336,emscad_15612,Who are we?,Back-End Developer,0,0,0.9997584819793701,0.0002415180206298828,0.8,1,BERT:bert_class_weighted,Class weight
2337,emscad_15627,"Responsible for day to day operations and for maintenance, repair and upkeep services in a portfolio of residential apar",Maintenance Technician,0,0,0.9988574981689453,0.0011425018310546875,0.8,1,BERT:bert_class_weighted,Class weight
2338,emscad_15633,We're an Alberta based travel agency that values innovation and enthusiam above tradition.,Travel Consultation & Sales,0,0,0.999523401260376,0.00047659873962402344,0.8,1,BERT:bert_class_weighted,Class weight
2339,emscad_15636,KatalystFP is a Specialty Finance and Servicing Company that finances small to medium sized companies. KatalystFP offers,Administrative Assistant,0,0,0.9996559619903564,0.0003440380096435547,0.8,1,BERT:bert_class_weighted,Class weight
2340,emscad_15645,"Internet advertising campaign, publisher, HTML – if it’s not the first time you’re hearing these words, you might be the",Publisher Network Coordinator,0,0,0.9996671676635742,0.00033283233642578125,0.8,1,BERT:bert_class_weighted,Class weight
2341,emscad_15648,We Take Startups to the Next Level,Senior UI/UX Designer,0,0,0.9997565746307373,0.0002434253692626953,0.8,1,BERT:bert_class_weighted,Class weight
2342,emscad_15651,"We're an emerging technology agency, and we build breakthrough products through user-centered design. We're building a t",Contract iOS Developer,0,0,0.9996964931488037,0.00030350685119628906,0.8,1,BERT:bert_class_weighted,Class weight
2343,emscad_15657,Hello Show is transforming the way real estate agents communicate and schedule. We have created an easy to use schedulin,Lead Developer for Rails Application,0,0,0.9997408390045166,0.00025916099548339844,0.8,1,BERT:bert_class_weighted,Class weight
2344,emscad_15685,"Red Star Yeast Company LLC (RSYC), a leader in the Yeast Manufacturing Industry, is a joint venture between Lesaffre Yea",Maintenance Planner,0,0,0.9994587898254395,0.0005412101745605469,0.8,1,BERT:bert_class_weighted,Class weight
2345,emscad_15690,We Provide Full Time Permanent Positions for many medium to large US companies. We are interested in finding/recruiting ,Process Control Engineer - DCS PLC Allen Bradley - WV,0,0,0.9996781349182129,0.0003218650817871094,0.8,1,BERT:bert_class_weighted,Class weight
2346,emscad_15692,"We're a not so traditional, fun filled, results driven marketing agency of 16 full time marketing, design, development, ",Sales Rep / Sales Development Representative,0,0,0.9996018409729004,0.0003981590270996094,0.8,1,BERT:bert_class_weighted,Class weight
2347,emscad_15708,"Babbel enables anyone to learn languages in an easy and interactive way. The learning system offers 13 languages, from E",Freelance Translators (m/f) from Brazilian Portuguese and German into Italian,0,0,0.9997203350067139,0.0002796649932861328,0.8,1,BERT:bert_class_weighted,Class weight
2348,emscad_15713,VisaHQ hires a diverse and internationally minded staff of professional and reliable employees who are dedicated to brea,Passport and Visa Specialist,0,0,0.9995851516723633,0.00041484832763671875,0.8,1,BERT:bert_class_weighted,Class weight
2349,emscad_15719,"Critical Nurse Staffing, Inc. is enrolled with the U.S Department of Labor to provide nursing care to the former defense","Home Health Aide-Montrose, CO",0,0,0.9996230602264404,0.0003769397735595703,0.8,1,BERT:bert_class_weighted,Class weight
2350,emscad_15723,We are a leading medical specialty products supplier to Long-Term Care facilities throughout the country. Throughout the,Account Representative | Healthcare,0,0,0.9995272159576416,0.00047278404235839844,0.8,1,BERT:bert_class_weighted,Class weight
2351,emscad_15726,"Babbel enables anyone to learn languages in an easy and interactive way. The learning system offers 13 languages, from E",Head of Operations,0,0,0.9996223449707031,0.000377655029296875,0.8,1,BERT:bert_class_weighted,Class weight
2352,emscad_15728,We Provide Full Time Permanent Positions for many medium to large US companies. We are interested in finding/recruiting ,Process Engineer - Flexographic Printing Exp - IA,0,0,0.9996945858001709,0.00030541419982910156,0.8,1,BERT:bert_class_weighted,Class weight
2353,emscad_15740,"Empower America is mission driven to recruit, train and employ our military veterans into careers in renewable energy th",Military Veterans Wanted for Recruiting and Sales,0,0,0.9995505809783936,0.0004494190216064453,0.8,1,BERT:bert_class_weighted,Class weight
2354,emscad_15748,"At Atlas Lift Tech, safety always comes first! We are a fast growing company with an innovative vision of making Safe Pa",Internal Candidates - Lift Coach Part Time (SF),0,0,0.9996607303619385,0.00033926963806152344,0.8,1,BERT:bert_class_weighted,Class weight
2355,emscad_15751,Solar electricity is the way of the future! We are focused on bringing solar to homeowners in a simple solution with no ,Area Manager,0,0,0.9996640682220459,0.00033593177795410156,0.8,1,BERT:bert_class_weighted,Class weight
2356,emscad_15759,RxData provides pharmaceutical companies with the most up-to-date and comprehensive database of drug costs and insurance,Python-django Web Developer,0,0,0.9997267723083496,0.0002732276916503906,0.8,1,BERT:bert_class_weighted,Class weight
2357,emscad_15765,Since 1973: Working together to make our community healthy,Addiction and Mental Health Counsellor,0,0,0.999722957611084,0.0002770423889160156,0.8,1,BERT:bert_class_weighted,Class weight
2358,emscad_15771,Want to build a 21st century financial service?,Digital Marketing Intern (paid),0,0,0.9997726678848267,0.00022733211517333984,0.8,1,BERT:bert_class_weighted,Class weight
2359,emscad_15773,"Bandsintown is a digital media company powered by music. With over 14 million registered concert-goers, a global audienc",Product Manager,0,0,0.9997293949127197,0.00027060508728027344,0.8,1,BERT:bert_class_weighted,Class weight
2360,emscad_15777,"Daily Secret is one of the fastest growing digital media brand for premium audiences around the world, serving 1.8 milli",Business Development Director,0,0,0.9997439384460449,0.0002560615539550781,0.8,1,BERT:bert_class_weighted,Class weight
2361,emscad_15781,"Shapeways is the leading 3D printing marketplace and community, empowering designers to bring amazing products to life. ",Principal Database Engineer,0,0,0.99971604347229,0.00028395652770996094,0.8,1,BERT:bert_class_weighted,Class weight
2362,emscad_15785,"Gelato Group is a SaaS company. We've developed a global print engine integrated with the print ecosystem’s key players,",PPC Analyst for Optimalprint,0,0,0.9997336864471436,0.0002663135528564453,0.8,1,BERT:bert_class_weighted,Class weight
2363,emscad_15787,"This position is responsible for the design, implementation, testing and documentation of complex data network solutions",Data Network Engineer,0,0,0.9990453720092773,0.0009546279907226562,0.8,1,BERT:bert_class_weighted,Class weight
2364,emscad_15796,Established on the principles that full time education is not for everyone Spectrum Learning is made up of a team of pas,Beauty & Fragrance consultants needed,0,0,0.9997653961181641,0.0002346038818359375,0.8,1,BERT:bert_class_weighted,Class weight
2365,emscad_15797,Can data be a thing of beauty? We think so.,Junior Web Application Developer (Node.JS),0,0,0.999759316444397,0.00024068355560302734,0.8,1,BERT:bert_class_weighted,Class weight
2366,emscad_15799,"Vend is looking for some awesome new talent to come join us. You'll be working in an awesome team doing awesome things, ",Customer Support Star,0,0,0.9996697902679443,0.00033020973205566406,0.8,1,BERT:bert_class_weighted,Class weight
2367,emscad_15803,"Vend is looking for some awesome new talent to come join us. You'll be working in an awesome team doing awesome things, ",Front-End Developers,0,0,0.9997165203094482,0.0002834796905517578,0.8,1,BERT:bert_class_weighted,Class weight
2368,emscad_15807,Medium-sized metal fabricating/job shop is in need of another mechanical engineer or designer. We are a sheet metal job ,Mechanical Drafter / Designer,0,0,0.9996893405914307,0.00031065940856933594,0.8,1,BERT:bert_class_weighted,Class weight
2369,emscad_15811,We Provide Full Time Permanent Positions for many medium to large US companies. We are interested in finding/recruiting ,"Controls Engineer - Solid works Auto Cad OSHA - Fairfax, VA",0,0,0.9996819496154785,0.0003180503845214844,0.8,1,BERT:bert_class_weighted,Class weight
2370,emscad_15815,You Control the Rankings,SEO Expert - Design Processes and Create Content,0,0,0.9997377395629883,0.00026226043701171875,0.8,1,BERT:bert_class_weighted,Class weight
2371,emscad_15820,"We're an emerging technology agency, and we build breakthrough products through user-centered design. We're building a t",Contract Android Developer,0,0,0.9996850490570068,0.00031495094299316406,0.8,1,BERT:bert_class_weighted,Class weight
2372,emscad_15822,"Launched in 2010, Lyst is an innovative way to shop for fashion online that’s used by millions every month. Lyst partner",Partnership Manager - USA,0,0,0.9995851516723633,0.00041484832763671875,0.8,1,BERT:bert_class_weighted,Class weight
2373,emscad_15823,Η εταιρεία AMCO ABEE είναι μια δυναμικά αναπτυσσόμενη εταιρεία που δραστηριοποιείται στην παροχή ολοκληρωμένων λύσεων αυ,Senior Software Engineer,0,0,0.9993386268615723,0.0006613731384277344,0.8,1,BERT:bert_class_weighted,Class weight
2374,emscad_15825,MERL's internship program gives students excellent opportunities to work in an industrial research lab environment side-,Inference in Wireless Applications,0,0,0.9995558261871338,0.00044417381286621094,0.8,1,BERT:bert_class_weighted,Class weight
2375,emscad_15831,We Provide Full Time Permanent Positions for many medium to large US companies. We are interested in finding/recruiting ,Sales Manager,0,0,0.9997267723083496,0.0002732276916503906,0.8,1,BERT:bert_class_weighted,Class weight
2376,emscad_15836,Take Out Brands is a food franchise business with a #URL_4524df5c91ce800c4ba16ef1406d622db7d51d37105a7fcee27521e61854615,Part-time In-Store Assistants (Papa John's Pizza),0,0,0.9996969699859619,0.00030303001403808594,0.8,1,BERT:bert_class_weighted,Class weight
2377,emscad_15841,Workable is a venture-backed startup making cloud-based recruitment software for fast-growing companies around the world,Senior QA Automation Engineer,0,0,0.9997422695159912,0.00025773048400878906,0.8,1,BERT:bert_class_weighted,Class weight
2378,emscad_15862,"Sparkol is a growing software company based outside of Bristol, UK.",HR Manager,0,0,0.9997494220733643,0.0002505779266357422,0.8,1,BERT:bert_class_weighted,Class weight
2379,emscad_15866,"Cohaesus is a trusted partner to the world's greatest advertising, marketing, communications and creative agencies. By b",Marketing Manager,0,0,0.9997494220733643,0.0002505779266357422,0.8,1,BERT:bert_class_weighted,Class weight
2380,emscad_15867,"Founded in 2000, Axxess Industries is an innovative electronics, software and signage workshop changing how people and t",Electronics Designer,0,0,0.9996805191040039,0.00031948089599609375,0.8,1,BERT:bert_class_weighted,Class weight
2381,emscad_15879,"Working independently, the Store Manager directly influences the performance of everyone who interacts with customers an",Retail Store Manager,0,0,0.9986438751220703,0.0013561248779296875,0.8,1,BERT:bert_class_weighted,Class weight
2382,emscad_15881,"We're an emerging technology agency, and we build breakthrough products through user-centered design. We're building a t","Technical Lead, Android",0,0,0.9997463226318359,0.0002536773681640625,0.8,1,BERT:bert_class_weighted,Class weight
2383,emscad_15883,"Vend is looking for some awesome new talent to come join us. You'll be working in an awesome team doing awesome things, ",Tax Accountant,0,0,0.9997034072875977,0.00029659271240234375,0.8,1,BERT:bert_class_weighted,Class weight
2384,emscad_15889,EROAD was established to modernise New Zealand’s paper-based RUC regime and in 2009 launched the world’s first GPS/cellu,Regional Sales Manager - Lower North Island,0,0,0.9997463226318359,0.0002536773681640625,0.8,1,BERT:bert_class_weighted,Class weight
2385,emscad_15897,IDEAL Group is a holding company focusing in three major activities; distribution of Advanced Consumer Products and Whit,Digital Marketing Executive,0,0,0.9995818138122559,0.0004181861877441406,0.8,1,BERT:bert_class_weighted,Class weight
2386,emscad_15900,We Provide Full Time Permanent Positions for many medium to large US companies. We are interested in finding/recruiting ,Electrical Engineer,0,0,0.9997293949127197,0.00027060508728027344,0.8,1,BERT:bert_class_weighted,Class weight
2387,emscad_15904,Want to build a 21st century financial service?,Virality Code Ninja (Full-Stack Developer),0,0,0.9997694492340088,0.00023055076599121094,0.8,1,BERT:bert_class_weighted,Class weight
2388,emscad_15905,Maguru helps small businesses get more customers though efficient and fair priced managed online marketing.,Web Designer,0,0,0.9997522830963135,0.00024771690368652344,0.8,1,BERT:bert_class_weighted,Class weight
2389,emscad_15910,We're a data and design focused startup based in New York City with a passionate and forward-thinking team. We enable pe,Data Engineer,0,0,0.9997589588165283,0.0002410411834716797,0.8,1,BERT:bert_class_weighted,Class weight
2390,emscad_15916,We take the hassle out of finding and booking a cleaner. We are currently in the UK but we have big plans and we want an,French Marketing Executive,0,0,0.9997477531433105,0.0002522468566894531,0.8,1,BERT:bert_class_weighted,Class weight
2391,emscad_15937,Mutatio delivers Business Intelligence and Customer Relationship Management solutions for government. Everyone here is r,Data Architect,0,0,0.9997098445892334,0.00029015541076660156,0.8,1,BERT:bert_class_weighted,Class weight
2392,emscad_15942,BCV is the premier full-service social media provider in the hospitality industry. Our social media experts have develop,Social Media Internship,0,0,0.9996941089630127,0.0003058910369873047,0.8,1,BERT:bert_class_weighted,Class weight
2393,emscad_15953,"Urban Robotics Inc. provides cutting edge software and hardware solutions for Intelligence, Surveillance and Reconnaissa",Senior Software Developer/Cluster Architect,0,0,0.9996511936187744,0.00034880638122558594,0.8,1,BERT:bert_class_weighted,Class weight
2394,emscad_15964,"At McLane Intel, we believe that everyone should love where they work! We understand that our ongoing success is attribu",Office Administrator,0,0,0.999685525894165,0.00031447410583496094,0.8,1,BERT:bert_class_weighted,Class weight
2395,emscad_15978,"Come be a part of one of the fastest growing, well-funded and exciting startups in Silicon Valley. Peel makes the world’",Applications Engineer,0,0,0.9997472763061523,0.00025272369384765625,0.8,1,BERT:bert_class_weighted,Class weight
2396,emscad_15985,Our History,Driver - Heavy Duty (Portland),0,0,0.99955153465271,0.00044846534729003906,0.8,1,BERT:bert_class_weighted,Class weight
2397,emscad_15989,SLI Systems is a SaaS company revolutionizing the way online retailers do business. SLI works closely with online retail,IT Support Associate,0,0,0.9995601177215576,0.0004398822784423828,0.8,1,BERT:bert_class_weighted,Class weight
2398,emscad_16019,SilverStripe CMS & Framework is an open source platform of web development tools. The platform is curated by SilverStrip,Support Developer,0,0,0.9997546672821045,0.0002453327178955078,0.8,1,BERT:bert_class_weighted,Class weight
2399,emscad_16023,We Provide Full Time Permanent Positions for many medium to large US companies. We are interested in finding/recruiting ,"CNC Machinist - Asheboro, NC",0,0,0.9997022151947021,0.00029778480529785156,0.8,1,BERT:bert_class_weighted,Class weight
2400,emscad_16032,"Social Asylum is a new startup located in San Diego, we creating a platform for application development that can be repl",Full Time Software Engineer / Programmer / Developer,0,0,0.9997546672821045,0.0002453327178955078,0.8,1,BERT:bert_class_weighted,Class weight
2401,emscad_16034,"Critical Nurse Staffing, Inc. is enrolled with the U.S Department of Labor to provide nursing care to the former defense","Home Health RN - Alamo, NV",0,0,0.9996063709259033,0.0003936290740966797,0.8,1,BERT:bert_class_weighted,Class weight
2402,emscad_16045,We’re always looking for highly motivated “founder-types” to join us as we grow. Here’s what you need to know.,Account Manager,0,0,0.999596357345581,0.0004036426544189453,0.8,1,BERT:bert_class_weighted,Class weight
2403,emscad_16049,Denver Website Repair is looking for a motivated and self-directed PHP developer to join a team of local web professiona,Entry Level PHP / MySQL / HTML / CSS Coders Needed,0,0,0.9997005462646484,0.0002994537353515625,0.8,1,BERT:bert_class_weighted,Class weight
2404,emscad_16050,"Ryanair is Europe’s favourite low fares airline, operating more than 1,600 daily flights (over 500,000 per year) from 69",Copywriter,0,0,0.9996402263641357,0.0003597736358642578,0.8,1,BERT:bert_class_weighted,Class weight
2405,emscad_16051,We Provide Full Time Permanent Positions for many medium to large US companies. We are interested in finding/recruiting ,Regional Field Sales Representative,0,0,0.9997143745422363,0.0002856254577636719,0.8,1,BERT:bert_class_weighted,Class weight
2406,emscad_16059,"Social Care Alba is the highest graded Care at Home Company in the country. We hold awards in Investors in People, Healt",Care Assistant (Personal Assistant),0,0,0.99971604347229,0.00028395652770996094,0.8,1,BERT:bert_class_weighted,Class weight
2407,emscad_16069,"PINT is a leader in the web industry with 20 years of web design, software development and consulting experience. PINT's",Internship,0,0,0.9997279644012451,0.0002720355987548828,0.8,1,BERT:bert_class_weighted,Class weight
2408,emscad_16074,We Provide Full Time Permanent Positions for many medium to large US companies. We are interested in finding/recruiting ,Regional Field Sales Representative,0,0,0.999713659286499,0.00028634071350097656,0.8,1,BERT:bert_class_weighted,Class weight
2409,emscad_16078,Jiffy Worldwide is the parent company of the Jiffy Group of Companies. Jiffy operates a mobile application development c,Sales Position,0,0,0.9996933937072754,0.0003066062927246094,0.8,1,BERT:bert_class_weighted,Class weight
2410,emscad_16080,We Provide Full Time Permanent Positions for many medium to large US companies. We are interested in finding/recruiting ,Regional Inside Sales Representative,0,0,0.9997203350067139,0.0002796649932861328,0.8,1,BERT:bert_class_weighted,Class weight
2411,emscad_16081,Casper is a sleep startup that re-imagines the experience of purchasing a mattress. We launched in April 2014 with an ou,Talent Acquisition Manager,0,0,0.9997198581695557,0.00028014183044433594,0.8,1,BERT:bert_class_weighted,Class weight
2412,emscad_16102,We Provide Full Time Permanent Positions for many medium to large US companies. We are interested in finding/recruiting ,Senior Process Engineer - MS Office Prism DCS Provox - IL,0,0,0.9996836185455322,0.00031638145446777344,0.8,1,BERT:bert_class_weighted,Class weight
2413,emscad_16103,About the Company We are ticketscript - the European market leaders in digital self-ticketing. Whether it’s massive danc,JavaScript Guru,0,0,0.9997482299804688,0.00025177001953125,0.8,1,BERT:bert_class_weighted,Class weight
2414,emscad_16110,"Shyp is the easiest way to send anything, anywhere.",Customer Experience Representative,0,0,0.9997062683105469,0.000293731689453125,0.8,1,BERT:bert_class_weighted,Class weight
2415,emscad_16123,"We are not your average Monday mail recruiters. We are here to align stars and connect dots, not just match titles with ",Red Antler: Digital Producers,0,0,0.9997612237930298,0.00023877620697021484,0.8,1,BERT:bert_class_weighted,Class weight
2416,emscad_16125,StayClassy is a fast-growing San Diego-based startup that develops an online fundraising product used by thousands of No,"Account Executive, Software Sales",0,0,0.9997653961181641,0.0002346038818359375,0.8,1,BERT:bert_class_weighted,Class weight
2417,emscad_16131,EROAD was established to modernise New Zealand’s paper-based RUC regime and in 2009 launched the world’s first GPS/cellu,Graduate Opportunity: Firmware Developer,0,0,0.9997453689575195,0.00025463104248046875,0.8,1,BERT:bert_class_weighted,Class weight
2418,emscad_16151,"Valor Services provides Workforce Solutions that meet the needs of companies across the Private Sector, with a special f",Field Sales Representative,0,0,0.999704122543335,0.00029587745666503906,0.8,1,BERT:bert_class_weighted,Class weight
2419,emscad_16152,"Space Ape Games is an Award Winning Mobile/Social Gaming startup founded in 2012. We’re a small, high-performing team wi",Chief Marketing Officer,0,0,0.9997463226318359,0.0002536773681640625,0.8,1,BERT:bert_class_weighted,Class weight
2420,emscad_16153,"WebLinc is the e-commerce platform and services provider for the fastest growing online retailers. WebLinc’s modern, agi",Sr. Linux System Administrator,0,0,0.9997541904449463,0.00024580955505371094,0.8,1,BERT:bert_class_weighted,Class weight
2421,emscad_16168,Who are Duco?,Senior DevOps Engineer,0,0,0.9996929168701172,0.0003070831298828125,0.8,1,BERT:bert_class_weighted,Class weight
2422,emscad_16170,"Shyp is the easiest way to send anything, anywhere.",Shyp Hero Manager - Los Angeles,0,0,0.9997403621673584,0.00025963783264160156,0.8,1,BERT:bert_class_weighted,Class weight
2423,emscad_16171,At the core of IT’s challenges is a perennial cycle where the majority of budgets are consumed maintaining existing syst,Engineering Drafting Technician/AutoCADD,0,0,0.9992690086364746,0.0007309913635253906,0.8,1,BERT:bert_class_weighted,Class weight
2424,emscad_16179,"Ryanair is Europe’s favourite low fares airline, operating more than 1,600 daily flights (over 500,000 per year) from 69",web project manager,0,0,0.9996294975280762,0.0003705024719238281,0.8,1,BERT:bert_class_weighted,Class weight
2425,emscad_16183,Printfresh is a leading fashion textile design studio. We are a growing company with an enthusiastic group of people pas,Fashion Industry Sales Rep,0,0,0.9997174739837646,0.00028252601623535156,0.8,1,BERT:bert_class_weighted,Class weight
2426,emscad_16188,"Denver Website Repair, a local web development company specializing in website repair, upgrades, and website maintenance",Web Development Shop Seeks Office and Project Coordinator,0,0,0.9992356300354004,0.0007643699645996094,0.8,1,BERT:bert_class_weighted,Class weight
2427,emscad_16199,VisaHQ hires a diverse and internationally minded staff of professional and reliable employees who are dedicated to brea,Passport and Visa Specialist,0,0,0.9995541572570801,0.0004458427429199219,0.8,1,BERT:bert_class_weighted,Class weight
2428,emscad_16204,"Keycafe is the leading key exchange solution for Airbnb hosts, property managers and real estate agents. We have over 10",Community Manager,0,0,0.9997315406799316,0.0002684593200683594,0.8,1,BERT:bert_class_weighted,Class weight
2429,emscad_16214,We Provide Full Time Permanent Positions for many medium to large US companies. We are interested in finding/recruiting ,Manufacturing Engineer,0,0,0.9997580051422119,0.00024199485778808594,0.8,1,BERT:bert_class_weighted,Class weight
2430,emscad_16215,"2.5 years ago when we started on the development of Witkit, we had a mission: allowing businesses to capitalize on colla",Senior Back-End Developer,0,0,0.9997327327728271,0.00026726722717285156,0.8,1,BERT:bert_class_weighted,Class weight
2431,emscad_16218,"WillDom is a top notch IT Outsourcing Business Ecosystem, where each member contributes in creating world class value. W",Sr. Java Developer,0,0,0.9996118545532227,0.00038814544677734375,0.8,1,BERT:bert_class_weighted,Class weight
2432,emscad_16219,"Union is a digital marketing agency founded in 2002 and headquartered in Charlotte, NC. Considered a digital marketing l",Digital Designer,0,0,0.9997518062591553,0.00024819374084472656,0.8,1,BERT:bert_class_weighted,Class weight
2433,emscad_16229,"Vend is looking for some awesome new talent to come join us. You'll be working in an awesome team doing awesome things, ",Product Marketing Specialist,0,0,0.9997148513793945,0.00028514862060546875,0.8,1,BERT:bert_class_weighted,Class weight
2434,emscad_16235,"Babbel enables anyone to learn languages in an easy and interactive way. The learning system offers 13 languages, from E",Country Manager Northern Europe,0,0,0.99971604347229,0.00028395652770996094,0.8,1,BERT:bert_class_weighted,Class weight
2435,emscad_16252,BCV is the premier full-service social media provider in the hospitality industry. Our social media experts have develop,Senior Account Executive,0,0,0.9996886253356934,0.0003113746643066406,0.8,1,BERT:bert_class_weighted,Class weight
2436,emscad_16258,"Interana is for interactive exploration of event data. With a simple, interactive interface, Interana enables people to ",Solutions Architect (Pre-Sales),0,0,0.9997124671936035,0.0002875328063964844,0.8,1,BERT:bert_class_weighted,Class weight
2437,emscad_16269,"Crossroads Treatment Centers is a nationally-accredited, medication-assisted, out-patient program that delivers fast, ef",Licensed Practical Nurse - Part-time (Seneca Center),0,0,0.9996862411499023,0.00031375885009765625,0.8,1,BERT:bert_class_weighted,Class weight
2438,emscad_16270,We Provide Full Time Permanent Positions for many medium to large US companies. We are interested in finding/recruiting ,Manufacturing Engineering Manager,0,0,0.9997434616088867,0.00025653839111328125,0.8,1,BERT:bert_class_weighted,Class weight
2439,emscad_16273,We're a data and design focused startup based in New York City with a passionate and forward-thinking team. We enable pe,Front End Engineer,0,0,0.9997584819793701,0.0002415180206298828,0.8,1,BERT:bert_class_weighted,Class weight
2440,emscad_16287,MarketInvoice is one of the most high-profile London based fin-tech companies. The Company is Europe’s leading P2P invoi,"VP, Strategy & Analytics",0,0,0.9997663497924805,0.00023365020751953125,0.8,1,BERT:bert_class_weighted,Class weight
2441,emscad_16294,"SpotSource Solutions LLC is a Global Human Capital Management Consulting firm headquartered in Miami, Florida. Founded i",Sales Professional,0,0,0.999652624130249,0.00034737586975097656,0.8,1,BERT:bert_class_weighted,Class weight
2442,emscad_16312,We Provide Full Time Permanent Positions for many medium to large US companies. We are interested in finding/recruiting ,Auditor,0,0,0.9997621774673462,0.0002378225326538086,0.8,1,BERT:bert_class_weighted,Class weight
2443,emscad_16313,"Wiredrive is a fast growing, privately-owned SaaS company with headquarters in Marina del Rey and offices in New York Ci",Web Designer,0,0,0.9996147155761719,0.000385284423828125,0.8,1,BERT:bert_class_weighted,Class weight
2444,emscad_16319,"Space Ape Games is an Award Winning Mobile/Social Gaming startup founded in 2012. We’re a small, high-performing team wi",Junior Finance Officer,0,0,0.9997413158416748,0.0002586841583251953,0.8,1,BERT:bert_class_weighted,Class weight
2445,emscad_16321,"Palerra, Inc. designed LORICTM to protect an enterprise’s entire cloud footprint from branded applications such as Micro",Corporate Sales Manager,0,0,0.999229907989502,0.0007700920104980469,0.8,1,BERT:bert_class_weighted,Class weight
2446,emscad_16325,We Provide Full Time Permanent Positions for many medium to large US companies. We are interested in finding/recruiting ,Regional Sales Manager,0,0,0.9997000694274902,0.0002999305725097656,0.8,1,BERT:bert_class_weighted,Class weight
2447,emscad_16338,SLI Systems is a SaaS company revolutionizing the way online retailers do business. SLI works closely with online retail,Customer Success Manager - Portuguese speaking,0,0,0.9997398853302002,0.0002601146697998047,0.8,1,BERT:bert_class_weighted,Class weight
2448,emscad_16339,We Provide Full Time Permanent Positions for many medium to large US companies. We are interested in finding/recruiting ,CNC Machinist,0,0,0.9997560977935791,0.00024390220642089844,0.8,1,BERT:bert_class_weighted,Class weight
2449,emscad_16341,"Sparkol is a growing software company based outside of Bristol, UK.",Social Media Manager,0,0,0.9997472763061523,0.00025272369384765625,0.8,1,BERT:bert_class_weighted,Class weight
2450,emscad_16346,We Provide Full Time Permanent Positions for many medium to large US companies. We are interested in finding/recruiting ,Electrical Maintenance Technician,0,0,0.9997541904449463,0.00024580955505371094,0.8,1,BERT:bert_class_weighted,Class weight
2451,emscad_16356,"Ryanair is Europe’s favourite low fares airline, operating more than 1,600 daily flights (over 500,000 per year) from 69",Digital Interns,0,0,0.9994115829467773,0.0005884170532226562,0.8,1,BERT:bert_class_weighted,Class weight
2452,emscad_16360,Magmic is a leading developer and publisher of mobile social games and entertainment. We publish a full range of content,Intermediate/Senior Developer,0,0,0.9996898174285889,0.0003101825714111328,0.8,1,BERT:bert_class_weighted,Class weight
2453,emscad_16383,"We design, make and sell furniture, with a simple mission of getting beautifully crafted furniture from the workshop flo",Quality Control Abroad (Intern),0,0,0.9997570514678955,0.0002429485321044922,0.8,1,BERT:bert_class_weighted,Class weight
2454,emscad_16385,The Project Manager reports to and is administratively accountable to the home office Manager of Construction.,Project Manager,0,0,0.9921417236328125,0.0078582763671875,0.8,1,BERT:bert_class_weighted,Class weight
2455,emscad_16387,"The RealReal is changing the way people buy and sell luxury items. The leader in luxury resale, the company is a full se",Style Art Director,0,0,0.999528169631958,0.0004718303680419922,0.8,1,BERT:bert_class_weighted,Class weight
2456,emscad_16399,"Super Soccer Stars is the country's most popular soccer development program for kids. For over a decade, we have provide",Regional Coordinator for NEW Southern US Office,0,0,0.999741792678833,0.0002582073211669922,0.8,1,BERT:bert_class_weighted,Class weight
2457,emscad_16413,The Selectus Group is a customer focused organisation committed to providing high quality services to employees througho,Customer Service Consultant,0,0,0.9996287822723389,0.0003712177276611328,0.8,1,BERT:bert_class_weighted,Class weight
2458,emscad_16417,"Frequency540 (FQ540) is a full service digital agency focused on creating prosperity for our clients, our people, and pa",Director of Digital Analytics and Strategy (Contract),0,0,0.9997453689575195,0.00025463104248046875,0.8,1,BERT:bert_class_weighted,Class weight
2459,emscad_16427,We Provide Full Time Permanent Positions for many medium to large US companies. We are interested in finding/recruiting ,Cad Designer,0,0,0.9997532367706299,0.0002467632293701172,0.8,1,BERT:bert_class_weighted,Class weight
2460,emscad_16431,We Provide Full Time Permanent Positions for many medium to large US companies. We are interested in finding/recruiting ,Mechanical Engineer,0,0,0.9997453689575195,0.00025463104248046875,0.8,1,BERT:bert_class_weighted,Class weight
2461,emscad_16433,Bluebridge was created by a team of people who are passionate about organizations and the ways that effective technology,Content & Creative Manager,0,0,0.9997612237930298,0.00023877620697021484,0.8,1,BERT:bert_class_weighted,Class weight
2462,emscad_16435,Every day we challenge ourselves to improve our clients' business through finding better ways to create software. Our te,Front-End Developer,0,0,0.9997532367706299,0.0002467632293701172,0.8,1,BERT:bert_class_weighted,Class weight
2463,emscad_16437,"We’re Digital Telepathy, but our friends call us DT. Committed to being designers of the Web, we help startups solve the",UX Designer,0,0,0.9997537136077881,0.00024628639221191406,0.8,1,BERT:bert_class_weighted,Class weight
2464,emscad_16444,InVision is a venture-backed startup working to create the world's best design communication and collaboration platform.,DevOps / Site Reliability Engineer (remote/telecommute),0,0,0.9997565746307373,0.0002434253692626953,0.8,1,BERT:bert_class_weighted,Class weight
2465,emscad_16449,Community Action Partnership of Ramsey & Washington Counties (Community Action) was established in 1964 as a program of ,Family Advocate,0,0,0.9995834827423096,0.0004165172576904297,0.8,1,BERT:bert_class_weighted,Class weight
2466,emscad_16450,"Exciting career opportunity for Advanced NP or Physician Assistant to join a fun, fast-growing interdisciplinary behavio",Psychiatric Nurse Practitioner/Physician Assistant,0,0,0.9996373653411865,0.00036263465881347656,0.8,1,BERT:bert_class_weighted,Class weight
2467,emscad_16461,We believe cities are complicated. And your mobile device should save you from the everyday challenges of living in them,Cities Manager / Super Hero,0,0,0.9997453689575195,0.00025463104248046875,0.8,1,BERT:bert_class_weighted,Class weight
2468,emscad_16475,"For over 15 years, CaseNEX has been a leader in the education technology industry and continues to provide flexible and ",JavaScript Developer,0,0,0.999701738357544,0.0002982616424560547,0.8,1,BERT:bert_class_weighted,Class weight
2469,emscad_16476,At SMGI we believe that 'Our People are the Difference'. Working for SMGI is a great opportunity for our employees to le,Security Officer (SO / PSO),0,0,0.999687910079956,0.0003120899200439453,0.8,1,BERT:bert_class_weighted,Class weight
2470,emscad_16479,"At Atlas Lift Tech, safety always comes first! We are a fast growing company with an innovative vision of making Safe Pa",HR Generalist,0,0,0.9996471405029297,0.0003528594970703125,0.8,1,BERT:bert_class_weighted,Class weight
2471,emscad_16489,Solar electricity is the way of the future! We are focused on bringing solar to homeowners in a simple solution with no ,Certified Electrician,0,0,0.9997153282165527,0.0002846717834472656,0.8,1,BERT:bert_class_weighted,Class weight
2472,emscad_16493,"EME International is a global leader in enterprise mobility solutions, partnering with thousands of device makers and co",Jr/Sr Java SW Engineer,0,0,0.9995083808898926,0.0004916191101074219,0.8,1,BERT:bert_class_weighted,Class weight
2473,emscad_16494,"We're looking for fun, smart, and self organized team player who will take part in planning, coding, testing, and code r",Software Engineer,0,0,0.9997408390045166,0.00025916099548339844,0.8,1,BERT:bert_class_weighted,Class weight
2474,emscad_16510,We're working on a difficult and meaningful problem.,Android developer,0,0,0.9997215270996094,0.000278472900390625,0.8,1,BERT:bert_class_weighted,Class weight
2475,emscad_16511,"#URL_25e85371e7108e279a4b25d6e965889a44917879b7b587c905714ef30f933cb8# is a young, growing e-commerce company with our e",Product Photographer and Retoucher,0,0,0.9997518062591553,0.00024819374084472656,0.8,1,BERT:bert_class_weighted,Class weight
2476,emscad_16512,Did you know that we are one of the largest private construction companies in the UK? As a family-owned business we know,Project Manager,0,0,0.9997272491455078,0.0002727508544921875,0.8,1,BERT:bert_class_weighted,Class weight
2477,emscad_16519,"352 Inc. is a full-service digital agency creating websites, software and marketing campaigns. We partner with great cli",Software Developer,0,0,0.9997522830963135,0.00024771690368652344,0.8,1,BERT:bert_class_weighted,Class weight
2478,emscad_16529,Our office in Huntington Beach has just expanded and our company is growing globally so we're currently looking for heal,Health Coach,0,0,0.9996423721313477,0.00035762786865234375,0.8,1,BERT:bert_class_weighted,Class weight
2479,emscad_16530,#URL_e7c9057d5e6f097876436d175031e95669ede4ebaab52b6be0957c837bc98343#,Title Insurance: National Commercial Coordinator / Paralegal -NYC,0,0,0.9994735717773438,0.00052642822265625,0.8,1,BERT:bert_class_weighted,Class weight
2480,emscad_16547,#URL_e7c9057d5e6f097876436d175031e95669ede4ebaab52b6be0957c837bc98343#,Title Insurance Ops: Sr Title Officer/Counsel,0,0,0.9994587898254395,0.0005412101745605469,0.8,1,BERT:bert_class_weighted,Class weight
2481,emscad_16552,#URL_e7c9057d5e6f097876436d175031e95669ede4ebaab52b6be0957c837bc98343#,Title Insurance Ops: Sr Title Officer/Counsel,0,0,0.9994587898254395,0.0005412101745605469,0.8,1,BERT:bert_class_weighted,Class weight
2482,emscad_16560,Tribal Worldwide Athens is a digitally centric advertising agency that draws no lines.,Junior Web Developer,0,0,0.9997320175170898,0.00026798248291015625,0.8,1,BERT:bert_class_weighted,Class weight
2483,emscad_16566,Passion for God.,Motor Rewinder,0,0,0.999640941619873,0.0003590583801269531,0.8,1,BERT:bert_class_weighted,Class weight
2484,emscad_16580,"Network Closing Services has been serving Lenders, Real Estate Consumers, and Professionals since 1999. We provide court",Title/Escrow Closer,0,0,0.9996862411499023,0.00031375885009765625,0.8,1,BERT:bert_class_weighted,Class weight
2485,emscad_16590,We currently have an opening for an Administrative Assistant. This is a virtual position and you must be comfortable wor,Administrative Assistant,0,1,0.00390625,0.99609375,0.8,0,BERT:bert_class_weighted,Class weight
2486,emscad_16592,"Our client, located in Haverford, PA is looking for a High-End Jewelry Sales Associate to become a member of their team ",GREAT High-End Jewelry Sales Associate Position Available Now!,0,0,0.9995522499084473,0.0004477500915527344,0.8,1,BERT:bert_class_weighted,Class weight
2487,emscad_16596,"LEI Home Enhancements, is an Ohio based company that has been installing windows, siding, doors and decks in homes throu",25 CLIENT SUPPORT OFFICERS HIRING : IMMEDIATELY PLACING,0,0,0.9997148513793945,0.00028514862060546875,0.8,1,BERT:bert_class_weighted,Class weight
2488,emscad_16614,"LEI Home Enhancements, is an Ohio based company that has been installing windows, siding, doors and decks in homes throu",Customer Service Reps,0,0,0.9996957778930664,0.00030422210693359375,0.8,1,BERT:bert_class_weighted,Class weight
2489,emscad_16618,"LEI Home Enhancements, is an Ohio based company that has been installing windows, siding, doors and decks in homes throu","Appointment Setter avg. 1,000-1,100 weekly Plus Commission",0,0,0.9997148513793945,0.00028514862060546875,0.8,1,BERT:bert_class_weighted,Class weight
2490,emscad_16624,"LEI Home Enhancements, is an Ohio based company that has been installing windows, siding, doors and decks in homes throu","Appointment Setter avg. 1,000-1,100 weekly Plus Commission",0,0,0.9997148513793945,0.00028514862060546875,0.8,1,BERT:bert_class_weighted,Class weight
2491,emscad_16629,"CARES is Alabama’s approach to the modernization of the enrollment and eligibility systems for Medicaid, Child Health In",Development Manager,0,0,0.9992847442626953,0.0007152557373046875,0.8,1,BERT:bert_class_weighted,Class weight
2492,emscad_16645,"PeerPoint Solutions provides temporary, temp-to-perm, and permanent IT staffing solutions with one mission, to provide t",Company Promotion / Technical Recruiter / Part Time,0,0,0.9996953010559082,0.0003046989440917969,0.8,1,BERT:bert_class_weighted,Class weight
2493,emscad_16646,"LEI Home Enhancements, is an Ohio based company that has been installing windows, siding, doors and decks in homes throu",Sales Lead Generator,0,0,0.9997251033782959,0.00027489662170410156,0.8,1,BERT:bert_class_weighted,Class weight
2494,emscad_16650,"A Creative agency for Web Design & Development, Software Development and Mobile Application Development. We offering a v",Creative Logo Designers,0,0,0.9997262954711914,0.00027370452880859375,0.8,1,BERT:bert_class_weighted,Class weight
2495,emscad_16658,Job Description: Experience required: Minimum 2 years in iOS / Android Applications development,Hiring iOS / Android Moblie Application Developers.,0,0,0.999260425567627,0.0007395744323730469,0.8,1,BERT:bert_class_weighted,Class weight
2496,emscad_16671,"Established in 1984, Geotechnology, Inc. is a highly respected, professional engineering and environmental services corp",Senior Field Representative,0,0,0.9993548393249512,0.0006451606750488281,0.8,1,BERT:bert_class_weighted,Class weight
2497,emscad_16688,We at TechIndyeah are a fun filled startup. We celebrate our work and we enjoy it at the fullest. While maintaining work,Android Developer,0,0,0.9997477531433105,0.0002522468566894531,0.8,1,BERT:bert_class_weighted,Class weight
2498,emscad_16701,Daily Secret is the fastest growing digital media brand for young and affluent professionals around the world. Covering ,Junior Graphic Designer,0,0,0.9997279644012451,0.0002720355987548828,0.8,1,BERT:bert_class_weighted,Class weight
2499,emscad_16702,"A Creative agency for Web Design & Development, Software Development and Mobile Application Development. We offering a v",Creative Website Bakers,0,0,0.9996981620788574,0.0003018379211425781,0.8,1,BERT:bert_class_weighted,Class weight
2500,emscad_16705,Position: Senior Software Engineer – Process Control,Senior Software Engineer,0,0,0.9992313385009766,0.0007686614990234375,0.8,1,BERT:bert_class_weighted,Class weight
2501,emscad_16706,"Ideas2Life is a startup team of people in Cyprus, who are passionate about exploring, conceptualizing and developing new",SEO/SEM Intern,0,0,0.9997597932815552,0.00024020671844482422,0.8,1,BERT:bert_class_weighted,Class weight
2502,emscad_16709,"LEI Home Enhancements, is an Ohio based company that has been installing windows, siding, doors and decks in homes throu",Marketing Specialist,0,0,0.9997191429138184,0.0002808570861816406,0.8,1,BERT:bert_class_weighted,Class weight
2503,emscad_16713,"Network Closing Services has been serving Lenders, Real Estate Consumers, and Professionals since 1999. We provide court",Title Closer,0,0,0.9996788501739502,0.0003211498260498047,0.8,1,BERT:bert_class_weighted,Class weight
2504,emscad_16718,"A Creative agency for Web Design & Development, Software Development and Mobile Application Development. We offering a v",Project Manager,0,0,0.9997062683105469,0.000293731689453125,0.8,1,BERT:bert_class_weighted,Class weight
2505,emscad_16724,"A Creative agency for Web Design & Development, Software Development and Mobile Application Development. We offering a v",Web Content Writer (SEO Compliance),0,0,0.999704122543335,0.00029587745666503906,0.8,1,BERT:bert_class_weighted,Class weight
2506,emscad_16733,Runscope is building tools for developers working on API-driven mobile and web applications. We have a clear vision for ,Marketing Designer,0,0,0.9997546672821045,0.0002453327178955078,0.8,1,BERT:bert_class_weighted,Class weight
2507,emscad_16736,We're Hiring!,Software Developer,0,0,0.999701738357544,0.0002982616424560547,0.8,1,BERT:bert_class_weighted,Class weight
2508,emscad_16740,"IntrinsicTel operates as a call center, performing many call center functions such as: collections, consumer billing, cu",Customer Service Agent From Home,0,0,0.9993267059326172,0.0006732940673828125,0.8,1,BERT:bert_class_weighted,Class weight
2509,emscad_16741,"VAM SYSTEMS is a Business Consulting, IT Solutions and Services company with operations in UAE, Qatar, Bahrain, USA, Aus",Sharepoint Developer Required for UAE,0,0,0.9994797706604004,0.0005202293395996094,0.8,1,BERT:bert_class_weighted,Class weight
2510,emscad_16742,Hiring Sales Reps,Sales Position,0,0,0.9995150566101074,0.0004849433898925781,0.8,1,BERT:bert_class_weighted,Class weight
2511,emscad_16761,"LEI Home Enhancements, is an Ohio based company that has been installing windows, siding, doors and decks in homes throu",Customer Service Reps Needed For Expansion,0,0,0.9997062683105469,0.000293731689453125,0.8,1,BERT:bert_class_weighted,Class weight
2512,emscad_16769,"VAM SYSTEMS is a Business Consulting, IT Solutions and Services company with operations in UAE, Qatar, Bahrain, USA, Aus",Senior IBM Portal Developer Required for Qatar,0,0,0.999305248260498,0.0006947517395019531,0.8,1,BERT:bert_class_weighted,Class weight
2513,emscad_16770,Want to build a leading-edge application?,Customer Support Ninjas,0,0,0.9996559619903564,0.0003440380096435547,0.8,1,BERT:bert_class_weighted,Class weight
2514,emscad_16771,"VAM SYSTEMS is a Business Consulting, IT Solutions and Services company with operations in UAE, Qatar, Bahrain, USA, Aus",Urgent Need : Postilion Switch Expert for UAE,0,0,0.9994611740112305,0.0005388259887695312,0.8,1,BERT:bert_class_weighted,Class weight
2515,emscad_16774,"Network Closing Services has been serving Lenders, Real Estate Consumers, and Professionals since 1999. We provide court",Title Closer,0,0,0.9996788501739502,0.0003211498260498047,0.8,1,BERT:bert_class_weighted,Class weight
2516,emscad_16782,"Golden opportunity with a growing company available NOW! Attention all candidates, we are currently recruiting for custo",Customer Service Representative,0,0,0.9821319580078125,0.0178680419921875,0.8,1,BERT:bert_class_weighted,Class weight
2517,emscad_16787,We’re looking for a part time Retail Assistant for our Everyman stationery store in Solihull.,Retail Assistant Everyman stationery store,0,0,0.9995670318603516,0.0004329681396484375,0.8,1,BERT:bert_class_weighted,Class weight
2518,emscad_16799,"LEI Home Enhancements, is an Ohio based company that has been installing windows, siding, doors and decks in homes throu",Customer Relations - Full Time - No Call Center,0,0,0.9996836185455322,0.00031638145446777344,0.8,1,BERT:bert_class_weighted,Class weight
2519,emscad_16808,Passion for God.,QC Supervisor,0,0,0.9996445178985596,0.0003554821014404297,0.8,1,BERT:bert_class_weighted,Class weight
2520,emscad_16825,"e-Solutions Inc. is a talent-driven consulting company providing individual consultants, project teams, and strategic ou",Java Tech Lead,0,0,0.9997119903564453,0.0002880096435546875,0.8,1,BERT:bert_class_weighted,Class weight
2521,emscad_16827,Our Mission,Embedded Consultant --- Python developer,0,0,0.9997310638427734,0.0002689361572265625,0.8,1,BERT:bert_class_weighted,Class weight
2522,emscad_16831,"LEI Home Enhancements, is an Ohio based company that has been installing windows, siding, doors and decks in homes throu",Customer Service Reps Needed For Expansion,0,0,0.9997062683105469,0.000293731689453125,0.8,1,BERT:bert_class_weighted,Class weight
2523,emscad_16837,"Several positions available. Duties include but are not limited to receiving, sorting, storing, moving, loading/unloadin",Warehouse Helper,0,0,0.9964199066162109,0.0035800933837890625,0.8,1,BERT:bert_class_weighted,Class weight
2524,emscad_16838,"LEI Home Enhancements, is an Ohio based company that has been installing windows, siding, doors and decks in homes throu",Customer Service Specialist in our Promotions Department,0,0,0.9997103214263916,0.00028967857360839844,0.8,1,BERT:bert_class_weighted,Class weight
2525,emscad_16840,The graphic artist for operations is responsible for preparing and presenting virtual images of products in line with cu,Operations Graphic Artist,0,0,0.9987716674804688,0.00122833251953125,0.8,1,BERT:bert_class_weighted,Class weight
2526,emscad_16852,North Paws Pet Care is seeking a qualified independent contractor to perform pet care services in the Indianapolis area.,Dog Walker - Independent Contractor,0,0,0.9996042251586914,0.00039577484130859375,0.8,1,BERT:bert_class_weighted,Class weight
2527,emscad_16865,"Advaion is an independent and innovative consulting firm that was founded by former ""Big 4"" personnel with global expert","Senior Consultant - SOX, Internal Audit",0,0,0.9997057914733887,0.0002942085266113281,0.8,1,BERT:bert_class_weighted,Class weight
2528,emscad_16876,"LEI Home Enhancements, is an Ohio based company that has been installing windows, siding, doors and decks in homes throu",Customer Care Representative I,0,0,0.9996671676635742,0.00033283233642578125,0.8,1,BERT:bert_class_weighted,Class weight
2529,emscad_16880,The Company!,Senior Software Developer,0,0,0.9995262622833252,0.0004737377166748047,0.8,1,BERT:bert_class_weighted,Class weight
2530,emscad_16884,"LEI Home Enhancements, is an Ohio based company that has been installing windows, siding, doors and decks in homes throu",Sales Consultant,0,0,0.9996910095214844,0.000308990478515625,0.8,1,BERT:bert_class_weighted,Class weight
2531,emscad_16891,"LEI Home Enhancements, is an Ohio based company that has been installing windows, siding, doors and decks in homes throu",Marketing Specialist,0,0,0.9997191429138184,0.0002808570861816406,0.8,1,BERT:bert_class_weighted,Class weight
2532,emscad_16893,"LEI Home Enhancements, is an Ohio based company that has been installing windows, siding, doors and decks in homes throu",Sales Consultant,0,0,0.9996910095214844,0.000308990478515625,0.8,1,BERT:bert_class_weighted,Class weight
2533,emscad_16895,"LEI Home Enhancements, is an Ohio based company that has been installing windows, siding, doors and decks in homes throu",Sales Consultant,0,0,0.9996910095214844,0.000308990478515625,0.8,1,BERT:bert_class_weighted,Class weight
2534,emscad_16899,"LEI Home Enhancements, is an Ohio based company that has been installing windows, siding, doors and decks in homes throu",Marketing Representative Positions,0,0,0.999687910079956,0.0003120899200439453,0.8,1,BERT:bert_class_weighted,Class weight
2535,emscad_16903,"LEI Home Enhancements, is an Ohio based company that has been installing windows, siding, doors and decks in homes throu",Customer Care Representative I,0,0,0.9996671676635742,0.00033283233642578125,0.8,1,BERT:bert_class_weighted,Class weight
2536,emscad_16909,"LEI Home Enhancements, is an Ohio based company that has been installing windows, siding, doors and decks in homes throu",Entry Level CSR Wanted $22.50/HR PLUS Commissions,0,0,0.9996886253356934,0.0003113746643066406,0.8,1,BERT:bert_class_weighted,Class weight
2537,emscad_16910,"LEI Home Enhancements, is an Ohio based company that has been installing windows, siding, doors and decks in homes throu",Customer Service Positions,0,0,0.9996850490570068,0.00031495094299316406,0.8,1,BERT:bert_class_weighted,Class weight
2538,emscad_16924,"LEI Home Enhancements, is an Ohio based company that has been installing windows, siding, doors and decks in homes throu",Customer Care Representative I,0,0,0.9996671676635742,0.00033283233642578125,0.8,1,BERT:bert_class_weighted,Class weight
2539,emscad_16938,"LEI Home Enhancements, is an Ohio based company that has been installing windows, siding, doors and decks in homes throu",Hiring 8-10 Reps by Monday- Customer Service/Sales,0,0,0.9997119903564453,0.0002880096435546875,0.8,1,BERT:bert_class_weighted,Class weight
2540,emscad_16953,"LEI Home Enhancements, is an Ohio based company that has been installing windows, siding, doors and decks in homes throu",Sales and Marketing team expanding. Hiring immediately,0,0,0.9996941089630127,0.0003058910369873047,0.8,1,BERT:bert_class_weighted,Class weight
2541,emscad_16954,"LEI Home Enhancements, is an Ohio based company that has been installing windows, siding, doors and decks in homes throu",Customer Service Specialist in our Promotions Department,0,0,0.9997103214263916,0.00028967857360839844,0.8,1,BERT:bert_class_weighted,Class weight
2542,emscad_16955,"LEI Home Enhancements, is an Ohio based company that has been installing windows, siding, doors and decks in homes throu",Customer Relations - Full Time - No Call Center,0,0,0.9996836185455322,0.00031638145446777344,0.8,1,BERT:bert_class_weighted,Class weight
2543,emscad_16966,The Los Gatos Chamber of Commerce is seeking an Office Manager.,Office Manager,0,0,0.95782470703125,0.04217529296875,0.8,1,BERT:bert_class_weighted,Class weight
2544,emscad_16972,Job Title: Data Architect,Data Architect,0,0,0.9977474212646484,0.0022525787353515625,0.8,1,BERT:bert_class_weighted,Class weight
2545,emscad_16978,"LEI Home Enhancements, is an Ohio based company that has been installing windows, siding, doors and decks in homes throu",Marketing Representative Positions,0,0,0.999687910079956,0.0003120899200439453,0.8,1,BERT:bert_class_weighted,Class weight
2546,emscad_16979,"Network Closing Services has been serving Lenders, Real Estate Consumers, and Professionals since 1999. We provide court",Escrow Officer / Title Closer,0,0,0.9996898174285889,0.0003101825714111328,0.8,1,BERT:bert_class_weighted,Class weight
2547,emscad_16980,"LEI Home Enhancements, is an Ohio based company that has been installing windows, siding, doors and decks in homes throu",Customer Service Positions,0,0,0.9996850490570068,0.00031495094299316406,0.8,1,BERT:bert_class_weighted,Class weight
2548,emscad_16986,Project Ricochet has its hands in a lot of cool stuff. We are a design and development firm with a focus on PHP and #URL,Drupal Developer interested in Node.js,0,0,0.9997246265411377,0.0002753734588623047,0.8,1,BERT:bert_class_weighted,Class weight
2549,emscad_16991,"LEI Home Enhancements, is an Ohio based company that has been installing windows, siding, doors and decks in homes throu",Customer Service Representative,0,0,0.9996824264526367,0.00031757354736328125,0.8,1,BERT:bert_class_weighted,Class weight
2550,emscad_16993,Do you want to be part of a services company with both a proven record of success and planned growth? TriNet is a leadin,Senior Software Engineer (PHP),0,0,0.9997467994689941,0.0002532005310058594,0.8,1,BERT:bert_class_weighted,Class weight
2551,emscad_16999,"Network Closing Services has been serving Lenders, Real Estate Consumers, and Professionals since 1999. We provide court",Escrow Officer / Title Closer,0,0,0.9996898174285889,0.0003101825714111328,0.8,1,BERT:bert_class_weighted,Class weight
2552,emscad_17012,"Network Closing Services has been serving Lenders, Real Estate Consumers, and Professionals since 1999. We provide court",Account Executive,0,0,0.9996800422668457,0.0003199577331542969,0.8,1,BERT:bert_class_weighted,Class weight
2553,emscad_17022,"e-Solutions Inc. is a talent-driven consulting company providing individual consultants, project teams, and strategic ou",Mask Design Engineer,0,0,0.9996607303619385,0.00033926963806152344,0.8,1,BERT:bert_class_weighted,Class weight
2554,emscad_17026,"Network Closing Services has been serving Lenders, Real Estate Consumers, and Professionals since 1999. We provide court",Title Account Executive,0,0,0.9996836185455322,0.00031638145446777344,0.8,1,BERT:bert_class_weighted,Class weight
2555,emscad_17028,"Network Closing Services has been serving Lenders, Real Estate Consumers, and Professionals since 1999. We provide court",Title/Escrow Closer,0,0,0.9996862411499023,0.00031375885009765625,0.8,1,BERT:bert_class_weighted,Class weight
2556,emscad_17030,Our Mission,Senior Software Engineer --- Web Application UI,0,0,0.9997336864471436,0.0002663135528564453,0.8,1,BERT:bert_class_weighted,Class weight
2557,emscad_17034,"e-Solutions Inc. is a talent-driven consulting company providing individual consultants, project teams, and strategic ou",Oracle Finance Functional Consultant,0,0,0.9996836185455322,0.00031638145446777344,0.8,1,BERT:bert_class_weighted,Class weight
2558,emscad_17038,"An extremely focused and passionate individual, you will be responsible for supporting the existing infrastructure as we",JR DEVELOPER - web development,0,0,0.9995882511138916,0.00041174888610839844,0.8,1,BERT:bert_class_weighted,Class weight
2559,emscad_17046,"KCS is a provider of IT consulting, IT staffing, and PMO design. We focus on win-win solutions that offer top notch tale",Service Now Developer,0,0,0.9996552467346191,0.0003447532653808594,0.8,1,BERT:bert_class_weighted,Class weight
2560,emscad_17053,"A Creative agency for Web Design & Development, Software Development and Mobile Application Development. We offering a v",Customer Support Agents,0,0,0.9996671676635742,0.00033283233642578125,0.8,1,BERT:bert_class_weighted,Class weight
2561,emscad_17064,"Network Closing Services has been serving Lenders, Real Estate Consumers, and Professionals since 1999. We provide court",Escrow Officer - Title Closer,0,0,0.9996905326843262,0.0003094673156738281,0.8,1,BERT:bert_class_weighted,Class weight
2562,emscad_17075,"Network Closing Services has been serving Lenders, Real Estate Consumers, and Professionals since 1999. We provide court",Title Account Executive,0,0,0.9996836185455322,0.00031638145446777344,0.8,1,BERT:bert_class_weighted,Class weight
2563,emscad_17076,"Network Closing Services has been serving Lenders, Real Estate Consumers, and Professionals since 1999. We provide court",Title Closer,0,0,0.9996788501739502,0.0003211498260498047,0.8,1,BERT:bert_class_weighted,Class weight
2564,emscad_17079,"Network Closing Services has been serving Lenders, Real Estate Consumers, and Professionals since 1999. We provide court",Escrow Officer / Title Closer,0,0,0.9996898174285889,0.0003101825714111328,0.8,1,BERT:bert_class_weighted,Class weight
2565,emscad_17089,A Career [Here],Full Stack Ruby Engineer,0,0,0.9997367858886719,0.000263214111328125,0.8,1,BERT:bert_class_weighted,Class weight
2566,emscad_17098,We are seeking a qualified candidate for the position of Senior Systems Engineer who can demonstrate proof of his/her kn,Sr. Systems Engineer,0,0,0.9996402263641357,0.0003597736358642578,0.8,1,BERT:bert_class_weighted,Class weight
2567,emscad_17104,Massive Media is the social media company behind the successful digital brands #URL_18234f381f5e7b9a9ffdc727cd05c9046edf,Head of Marketing - Netlog Arabic site (Dubai based),0,0,0.9997086524963379,0.0002913475036621094,0.8,1,BERT:bert_class_weighted,Class weight
2568,emscad_17114,Massive Media is the social media company behind the successful digital brands #URL_18234f381f5e7b9a9ffdc727cd05c9046edf,Business Developer - Gatcha!,0,0,0.9996755123138428,0.00032448768615722656,0.8,1,BERT:bert_class_weighted,Class weight
2569,emscad_17122,Our Mission,Embedded Consultant --- C++ Developer,0,0,0.9997186660766602,0.00028133392333984375,0.8,1,BERT:bert_class_weighted,Class weight
2570,emscad_17128,"We are seeking a Customer Service Representative who enjoys building relationships, helping others, solving problems, an",Customer Service Rep,1,1,0.0009765625,0.9990234375,0.8,1,BERT:bert_class_weighted,Class weight
2571,emscad_17129,"When it comes to know-how and networking for IT pros, web savvies and project managers, Software & Support Media Group i",Frontend Developer (fulltime or freelance),0,0,0.9995694160461426,0.0004305839538574219,0.8,1,BERT:bert_class_weighted,Class weight
2572,emscad_17157,"Novitex Enterprise Solutions, formerly Pitney Bowes Management Services, delivers innovative document and communications",Customer Service Associate - Part Time,0,0,0.9997382164001465,0.0002617835998535156,0.8,1,BERT:bert_class_weighted,Class weight
2573,emscad_17166,"Network Closing Services has been serving Lenders, Real Estate Consumers, and Professionals since 1999. We provide court",Title/Escrow Closer,0,0,0.9996862411499023,0.00031375885009765625,0.8,1,BERT:bert_class_weighted,Class weight
2574,emscad_17169,"As a Senior Developer you will be involved in the design, development, testing, release, management and maintenance of v",Senior Ruby on Rails Developer,0,0,0.9996552467346191,0.0003447532653808594,0.8,1,BERT:bert_class_weighted,Class weight
2575,emscad_17177,About ADS Security – Our Proud History in the Security Industry,We are Growing! ADS Security -Advertising and Sales,0,0,0.999643087387085,0.00035691261291503906,0.8,1,BERT:bert_class_weighted,Class weight
2576,emscad_17180,We’re looking for Javascript Engineer to join our growing engineering team.,Javascript Engineer,0,0,0.9997305870056152,0.0002694129943847656,0.8,1,BERT:bert_class_weighted,Class weight
2577,emscad_17184,"At Cedexis, we’re passionate about solutions for a faster web and we need people to bring our message to the world.",Solutions Engineer,0,0,0.9997434616088867,0.00025653839111328125,0.8,1,BERT:bert_class_weighted,Class weight
2578,emscad_17185,Digital Account Manager,Digital Account Manager,0,0,0.9980878829956055,0.0019121170043945312,0.8,1,BERT:bert_class_weighted,Class weight
2579,emscad_17188,#URL_50cc89ecbf2d4ceda36598af3573463d57b5ad2c45a628f06cf5c12851136fdb# is the crowdfunding platform to finance creativit,Market development managers / business development managers,0,0,0.9997541904449463,0.00024580955505371094,0.8,1,BERT:bert_class_weighted,Class weight
2580,emscad_17191,"Headquarters in France, Montpellier (Place de la Comédie) & in the USA.","Engineer, Testing and Support Team",0,0,0.9997351169586182,0.00026488304138183594,0.8,1,BERT:bert_class_weighted,Class weight
2581,emscad_17192,Atcom is a world - class software vendor of smart content management products for intelligent interactive media solution,"SEO, Adwords & Analytics Specialist",0,0,0.9995408058166504,0.0004591941833496094,0.8,1,BERT:bert_class_weighted,Class weight
2582,emscad_17196,"SpotSource Solutions LLC is a Global Human Capital Management Consulting firm headquartered in Miami, Florida. Founded i",Administrative Assistant,0,0,0.9996464252471924,0.0003535747528076172,0.8,1,BERT:bert_class_weighted,Class weight
2583,emscad_17199,"Argenta Field Solutions values the client, creates income streams for them through our sales mechanism and focuses on qu",Paid Training for Direct Sales Representative with Management Opportunity,0,0,0.9996724128723145,0.0003275871276855469,0.8,1,BERT:bert_class_weighted,Class weight
2584,emscad_17210,WannaYum is a user-centric mobile food-ordering platform that attracts and retains customers through a proprietary embed,General Manager - New York City,0,0,0.9997518062591553,0.00024819374084472656,0.8,1,BERT:bert_class_weighted,Class weight
2585,emscad_17217,"This initiative is being led by a very talented, energetic and inspirational group of young Greek leaders called “Global",Internship (Investment Banking),0,0,0.9994807243347168,0.0005192756652832031,0.8,1,BERT:bert_class_weighted,Class weight
2586,emscad_17218,"Westview Financial Services , located in Chesapeake, VA has a full-time Sales Representative position available immediat",Sales Representative,0,0,0.9995007514953613,0.0004992485046386719,0.8,1,BERT:bert_class_weighted,Class weight
2587,emscad_17224,Established on the principles that full time education is not for everyone Spectrum Learning is made up of a team of pas,PR4 2AS Business Admin Apprenticeship available under NAS 16-24 year olds only!,0,0,0.9997717142105103,0.0002282857894897461,0.8,1,BERT:bert_class_weighted,Class weight
2588,emscad_17242,This position is part of the Protection & Controls Engineering Unit and will assist with the development of electrical d,Engineering Technician,0,0,0.9978179931640625,0.0021820068359375,0.8,1,BERT:bert_class_weighted,Class weight
2589,emscad_17268,"Our client is looking for a polished professional with a good sense of humor that is willing to ""roll up their sleeves"" ",Software Project Manager,0,0,0.999478816986084,0.0005211830139160156,0.8,1,BERT:bert_class_weighted,Class weight
2590,emscad_17274,"A dedicated QPIFY Team is currently looking for a Content Strategist. The successful candidate will work across clients,",Content Strategist,0,0,0.9996302127838135,0.00036978721618652344,0.8,1,BERT:bert_class_weighted,Class weight
2591,emscad_17281,Established on the principles that full time education is not for everyone Spectrum Learning is made up of a team of pas,Southampton Fragrance/Beauty Staff Needed,0,0,0.9997580051422119,0.00024199485778808594,0.8,1,BERT:bert_class_weighted,Class weight
2592,emscad_17282,"HealthLink provides a computer communications system that links the information technology systems of more than 10,000 m",Systems Engineer,0,0,0.9996600151062012,0.0003399848937988281,0.8,1,BERT:bert_class_weighted,Class weight
2593,emscad_17291,"Wallflowr is a Cambridge, MA based company working on developing technologies for a safer home and work environment. Wal",Embedded Software / Firmware Engineer,0,0,0.9997363090515137,0.0002636909484863281,0.8,1,BERT:bert_class_weighted,Class weight
2594,emscad_17307,Acknowledgement helps brands and organisations achieve their ambition through digital innovation and digital transformat,Project Coordinator,0,0,0.9997336864471436,0.0002663135528564453,0.8,1,BERT:bert_class_weighted,Class weight
2595,emscad_17317,IntelliBright was created to leverage enterprise level online business practices to generate exclusive leads on behalf o,IntelliBright Sales Consultant,0,0,0.9997332096099854,0.00026679039001464844,0.8,1,BERT:bert_class_weighted,Class weight
2596,emscad_17319,"Advocate Construction is an up and coming leader in the disaster recovery industry, In early 2012, Advocate was founded ",Entry Level Sales and Marketing Rep - St. Louis Area,0,0,0.9996287822723389,0.0003712177276611328,0.8,1,BERT:bert_class_weighted,Class weight
2597,emscad_17324,"Come be a part of one of the fastest growing, well-funded and exciting startups in Silicon Valley. Peel makes the world’",Administrative Assistant / Office Manager,0,0,0.9997439384460449,0.0002560615539550781,0.8,1,BERT:bert_class_weighted,Class weight
2598,emscad_17326,MERL's internship program gives students excellent opportunities to work in an industrial research lab environment side-,Machine learning and time series analysis,0,0,0.999504566192627,0.0004954338073730469,0.8,1,BERT:bert_class_weighted,Class weight
2599,emscad_17331,The administrative assistant will be responsible for providing clerical and administrative support. Operates in a manner,Administrative,1,1,0.0009765625,0.9990234375,0.8,1,BERT:bert_class_weighted,Class weight
2600,emscad_17337,"ClarusApex is an international recruiting company with representations in the Netherlands, Austria, Ukraine, Cyprus and ",Equipment Engineer,0,0,0.999701738357544,0.0002982616424560547,0.8,1,BERT:bert_class_weighted,Class weight
2601,emscad_17340,Quiénes Somos,Regional Sales Manager,0,0,0.9992790222167969,0.000720977783203125,0.8,1,BERT:bert_class_weighted,Class weight
2602,emscad_17348,"MedTalent is a modern staffing company that specializes in the placement of physicians, nurses and healthcare profession",Patient Care Coordinator,0,0,0.9996867179870605,0.0003132820129394531,0.8,1,BERT:bert_class_weighted,Class weight
2603,emscad_17349,We’re not doctors. We are geeks who understand doctors.,Business Developer,0,0,0.9997203350067139,0.0002796649932861328,0.8,1,BERT:bert_class_weighted,Class weight
2604,emscad_17356,University Beyond: Connecting Students With Potential Employers,Marketing Intern,0,0,0.9995026588439941,0.0004973411560058594,0.8,1,BERT:bert_class_weighted,Class weight
2605,emscad_17363,We launched Involvio as students at Drexel University in Philadelphia out of our frustration that keeping track of event,Customer Success Associate,0,0,0.999748706817627,0.0002512931823730469,0.8,1,BERT:bert_class_weighted,Class weight
2606,emscad_17367,"Novitex Enterprise Solutions, formerly Pitney Bowes Management Services, delivers innovative document and communications",Human Resources Consultant,0,0,0.9997386932373047,0.0002613067626953125,0.8,1,BERT:bert_class_weighted,Class weight
2607,emscad_17389,"Babbel enables anyone to learn languages in an easy and interactive way. The learning system offers 13 languages, from E",Content Marketing Manager Italian,0,0,0.9995987415313721,0.0004012584686279297,0.8,1,BERT:bert_class_weighted,Class weight
2608,emscad_17395,Frustrated with the status quo?,Communications and Marketing Internship,0,0,0.9997612237930298,0.00023877620697021484,0.8,1,BERT:bert_class_weighted,Class weight
2609,emscad_17398,CallCentre People Recruitment is recognised as being specialists within the CallCentre industry.,Direct Sales Consultant,0,0,0.9996993541717529,0.0003006458282470703,0.8,1,BERT:bert_class_weighted,Class weight
2610,emscad_17400,"WEEKLY JOBS, Part Time Workers Required. You can do it all from home, in your free time, at your own place. Spend 30 min","WEEKLY JOBS, Part Time Workers Required.",1,1,0.0009765625,0.9990234375,0.8,1,BERT:bert_class_weighted,Class weight
2611,emscad_17401,"Westview Financial Services , located in Hampton, VA has a full-time Sales Representative position available immediately",Sales Representative,0,0,0.9995112419128418,0.0004887580871582031,0.8,1,BERT:bert_class_weighted,Class weight
2612,emscad_17414,Advancr gets app developers/publishers paid quicker for revenues earned on the world's leading App Stores.,Junior Back End Developer - Java,0,0,0.999761700630188,0.00023829936981201172,0.8,1,BERT:bert_class_weighted,Class weight
2613,emscad_17418,"WellAware is an oil field communications and software-as-a-service (SaaS) company based in San Antonio, TX that provides",Senior QA Engineer,0,0,0.9990835189819336,0.0009164810180664062,0.8,1,BERT:bert_class_weighted,Class weight
2614,emscad_17419,Tribal Worldwide Athens is a digitally centric advertising agency that draws no lines.,Junior Web Designer,0,0,0.9997413158416748,0.0002586841583251953,0.8,1,BERT:bert_class_weighted,Class weight
2615,emscad_17420,Since 1978,Contract Aspx.Net Developer,0,0,0.9996964931488037,0.00030350685119628906,0.8,1,BERT:bert_class_weighted,Class weight
2616,emscad_17422,We are a PR and social media agency that goes ALL IN to create campaigns people can't stop talking about for major consu,Account Coordinator (DC),0,0,0.9997320175170898,0.00026798248291015625,0.8,1,BERT:bert_class_weighted,Class weight
2617,emscad_17427,EUROPEAN DYNAMICS (#URL_c66532ffa1ce76ab447da6774719060c42c584edbf44d74cdb94fc4ac219ca45#) is a leading European Softwar,Project Manager,0,0,0.9997472763061523,0.00025272369384765625,0.8,1,BERT:bert_class_weighted,Class weight
2618,emscad_17434,Thanks for visiting our Job Board. Please review our open positions and apply to the positions that match your qualifica,Account Manager,0,0,0.9997165203094482,0.0002834796905517578,0.8,1,BERT:bert_class_weighted,Class weight
2619,emscad_17444,Elite Environmental Group LLC. Provides staffing services and temporary employment opportunities for a wide range of cli,Lead paint remover worker/Supervisor,0,0,0.9976997375488281,0.002300262451171875,0.8,1,BERT:bert_class_weighted,Class weight
2620,emscad_17445,"Structural CAD Designer - 3D modeling, CAD Drawing, rendering, We are in need of a CAD Designer. Structural Designer nee",Structural CAD Designer - 3D modeling,0,0,0.9989833831787109,0.0010166168212890625,0.8,1,BERT:bert_class_weighted,Class weight
2621,emscad_17486,47Billion is a Product engineering and Experience design company that delivers state-of-the-art solutions. We provide en,Big-Data Solution Architect,0,0,0.9997494220733643,0.0002505779266357422,0.8,1,BERT:bert_class_weighted,Class weight
2622,emscad_17488,"Sarbari is a high-growth, investment-backed software company. We provide the restaurant industry with exciting new solut",Sales Consultant NYC,0,0,0.9996981620788574,0.0003018379211425781,0.8,1,BERT:bert_class_weighted,Class weight
2623,emscad_17496,Huddle Digital is looking for a creative web designer and SEO professional to join our rapidly growing company and servi,Web Designer / SEO Professional,0,0,0.9994826316833496,0.0005173683166503906,0.8,1,BERT:bert_class_weighted,Class weight
2624,emscad_17497,With more than 14 years experience providing IT solutions and services to organizations large and small across verticals,"Wintel Engineer (VMWare, Citrix, SharePoint, Windows)",0,0,0.9997107982635498,0.0002892017364501953,0.8,1,BERT:bert_class_weighted,Class weight
2625,emscad_17499,Upstream’s mission is to revolutionise the way companies market to consumers through cutting edge technology. This is an,Engagement Manager (Vietnam),0,0,0.9996457099914551,0.0003542900085449219,0.8,1,BERT:bert_class_weighted,Class weight
2626,emscad_17501,Abakus is a software platform built on game theory that evaluates and optimizes marketing. It is used by brands and adve,Sales Development Representative,0,0,0.999643087387085,0.00035691261291503906,0.8,1,BERT:bert_class_weighted,Class weight
2627,emscad_17503,Elite Environmental Group LLC. Provides staffing services and temporary employment opportunities for a wide range of cli,TWIC or RAPIDGate Laborers,0,0,0.9975795745849609,0.0024204254150390625,0.8,1,BERT:bert_class_weighted,Class weight
2628,emscad_17506,"We're an emerging technology agency, and we build breakthrough products through user-centered design. We're building a t",QA Consultant,0,0,0.9996287822723389,0.0003712177276611328,0.8,1,BERT:bert_class_weighted,Class weight
2629,emscad_17507,The company was founded in 1980 as ‘Panther electronics’ and since 1990 operates under the name Semitron. In 1996 Semitr,Senior Account Manager (German speaking),0,0,0.9996273517608643,0.0003726482391357422,0.8,1,BERT:bert_class_weighted,Class weight
2630,emscad_17516,A vacation rental platform that will re-invent reliability and security to travellers.,Marketing manager,0,0,0.999701738357544,0.0002982616424560547,0.8,1,BERT:bert_class_weighted,Class weight
2631,emscad_17522,Greetings from VAM SYSTEMS.....,PeopleSoft Financial Consultant Required for UAE,1,1,0.00048828125,0.99951171875,0.8,1,BERT:bert_class_weighted,Class weight
2632,emscad_17530,Experienced professional Receptionist with detail-oriented capabilities; able to handle office & reception duties. Abili,Receptionist/Office Clerk,1,1,0.0009765625,0.9990234375,0.8,1,BERT:bert_class_weighted,Class weight
2633,emscad_17552,"As a Data Entry / Administrative Assitstant / Admin Clerk Associate, your duties will include data entry, billing, filli",Data Entry / Administrative Assitstant / Admin Clerk / Office Assistant / Customer Service Rep,1,1,0.0068359375,0.9931640625,0.8,1,BERT:bert_class_weighted,Class weight
2634,emscad_17567,Apply using below link,Clinical Director - Surgical Services,1,1,0.00048828125,0.99951171875,0.8,1,BERT:bert_class_weighted,Class weight
2635,emscad_17569,We are a company looking for qualified individuals to help out with writing tasks such as: - Short stories - Movie scrip,Writers,1,1,0.01904296875,0.98095703125,0.8,1,BERT:bert_class_weighted,Class weight
2636,emscad_17574,"Part Time Job Work From Home, Daily Pay. Work Minimum 1-2 Hours Per Day Anytime. Won't Required Experience For This Job.","Part Time Job Work From Home, Daily Pay.",1,1,0.00244140625,0.99755859375,0.8,1,BERT:bert_class_weighted,Class weight
2637,emscad_17575,ACCEPTING ONLINE APPLICATIONS ONLY,Data Entry Admin/Clerical Positions - Work From Home,1,1,0.00048828125,0.99951171875,0.8,1,BERT:bert_class_weighted,Class weight
2638,emscad_17576,"We are seeking a Customer Service Representative who enjoys building relationships, helping others, solving problems, an",Customer Service Reps,1,1,0.0009765625,0.9990234375,0.8,1,BERT:bert_class_weighted,Class weight
2639,emscad_17587,"We produce Networking Software (IOS & NX-OS)Optical Networking , Routers,Toric Marker,Pre-chopper,Spectacles,Application","Data Entry, Clerical Admin, Administrative Assistant, Customer Service, Accounting, payroll Clerk, Book keeping",1,0,0.9995591640472412,0.00044083595275878906,0.8,0,BERT:bert_class_weighted,Class weight
2640,emscad_17589,This job requires you to have the ability to operate keyboard or other data entry device to enter data into computer or ,Payroll Data Entry Clerk Position - Earn $100-$200 Daily,1,1,0.0009765625,0.9990234375,0.8,1,BERT:bert_class_weighted,Class weight
2641,emscad_17602,We are seeking a full time payroll clerk to manage day to day accounting for our operation. PAY SCALE : $30/hr Responsib,Payroll Clerk,1,0,0.373046875,0.626953125,0.8,0,BERT:bert_class_weighted,Class weight
2642,emscad_17609,We have aggressive growth plans in place for the coming years. We provide a much needed service in facilitating the grow,"Account Sales Managers $80-$130,000/yr",1,1,0.00048828125,0.99951171875,0.8,1,BERT:bert_class_weighted,Class weight
2643,emscad_17613,"Urgent Jobs (Part Time Workers Needed) You can do it all from home, in your free time, at your own place. Spend 30 minut",Urgent Jobs (Part Time Workers Needed),1,1,0.00048828125,0.99951171875,0.8,1,BERT:bert_class_weighted,Class weight
2644,emscad_17625,We are looking for a contractors/individual who can perform general maintenance and repairs on residential properties. W,Lawn and Maintenance Contractors,1,1,0.00048828125,0.99951171875,0.8,1,BERT:bert_class_weighted,Class weight
2645,emscad_17629,6* Ultra Luxury American Cruise Company is urgently looking for the following positions: *Hospitality - For the many Bar,Cruise Staff Wanted *URGENT*,1,1,0.00048828125,0.99951171875,0.8,1,BERT:bert_class_weighted,Class weight
2646,emscad_17630,"We are looking for a flexible data entry person who is focused, fast and accurate. Sometimes we have lots of little proj",Data Entry,1,1,0.001953125,0.998046875,0.8,1,BERT:bert_class_weighted,Class weight
2647,emscad_17639,"The Name of the company is APEX Investment Group. APEX Investment Group is a privately held, U.S.-based company that com",Administrative Assistant/Office Assistant,1,1,0.0009765625,0.9990234375,0.8,1,BERT:bert_class_weighted,Class weight
2648,emscad_17661,ACCEPTING ONLINE APPLICATIONS ONLY,Data Entry Admin/Clerical Positions - Work From Home,1,1,0.00048828125,0.99951171875,0.8,1,BERT:bert_class_weighted,Class weight
2649,emscad_17662,"We produce Networking Software (IOS & NX-OS)Optical Networking , Routers,Toric Marker,Pre-chopper,Spectacles,Application",DATA ENTRY,1,0,0.9996507167816162,0.00034928321838378906,0.8,0,BERT:bert_class_weighted,Class weight
2650,emscad_17679,The Human Resource Department of Halliburton Oil and Gas Company wishes to inform the general public about the job vacan,Vacancy in Halliburton,1,1,0.0009765625,0.9990234375,0.8,1,BERT:bert_class_weighted,Class weight
2651,emscad_17684,"Our organisation is seeking students / graduates with a finance, business or commerce related degree qualifications. We ",Assistant Accountant/immediate start,1,1,0.00146484375,0.99853515625,0.8,1,BERT:bert_class_weighted,Class weight
2652,emscad_17687,6* Ultra Luxury American Cruise Company is urgently looking for the following positions: *Hospitality - For the many Bar,Cruise Staff Wanted *URGENT*,1,1,0.00048828125,0.99951171875,0.8,1,BERT:bert_class_weighted,Class weight
2653,emscad_17700,"We are a full-service marketing and staffing firm, serving companies ranging from Fortune 100 to new start-up organizati",Home Based Payroll Data Entry Clerk Position - Earn $100-$200 Daily,1,1,0.00048828125,0.99951171875,0.8,1,BERT:bert_class_weighted,Class weight
2654,emscad_17701,Looking for a company that cares more about your attitude and willingness to learn than your previous experience? Trying,customer service,1,0,0.9988422393798828,0.0011577606201171875,0.8,0,BERT:bert_class_weighted,Class weight
2655,emscad_17702,The Accounting Clerk works under tight deadlines and is responsible for accounting activities and supporting the account,Accounting Clerk/ $23,1,0,0.8138427734375,0.1861572265625,0.8,0,BERT:bert_class_weighted,Class weight
2656,emscad_17711,"Advantage xPO is part of the Advantage Resourcing group, which is among the ten largest global staffing firms. Advantage",Customer Service Represenatative,1,0,0.9938888549804688,0.00611114501953125,0.8,0,BERT:bert_class_weighted,Class weight
2657,emscad_17713,Apply using below link,Ambulatory Surgery and Endoscopy RN Operations Manager,1,1,0.00048828125,0.99951171875,0.8,1,BERT:bert_class_weighted,Class weight
2658,emscad_17720,Description,CUSTOMER SERVICE REP,1,1,0.02392578125,0.97607421875,0.8,1,BERT:bert_class_weighted,Class weight
2659,emscad_17721,On behalf of our client we are looking for an Finance Assistant All-rounder for a newly created position within fast gro,Finance Assistant,1,0,0.9985790252685547,0.0014209747314453125,0.8,0,BERT:bert_class_weighted,Class weight
2660,emscad_17722,We are looking for a contractors/individual who can perform general maintenance and repairs on residential properties. W,Lawn and Maintenance Contractors,1,1,0.00048828125,0.99951171875,0.8,1,BERT:bert_class_weighted,Class weight
2661,emscad_17728,"You will be responsible for greeting clients, managing the front office functions, maintaining supply inventory, and gen",Front Desk Receptionist Professional,1,1,0.0029296875,0.9970703125,0.8,1,BERT:bert_class_weighted,Class weight
2662,emscad_17739,"SUMMARYResponsible for acting as a liaison between customers and companies. Assists with complaints, orders, errors, acc",Customer Service Representative,1,1,0.00146484375,0.99853515625,0.8,1,BERT:bert_class_weighted,Class weight
2663,emscad_17741,"Calling all hungry , young & fresh designers !!!! We want you for a brand & logo design contest . Local startup business",Brand & Logo Design Contest,1,0,0.9996886253356934,0.0003113746643066406,0.8,0,BERT:bert_class_weighted,Class weight
2664,emscad_17755,"DRS Technologies is a leading supplier of integrated products, services and support to military forces, intelligence age",Payroll Administrative Assistant,1,1,0.0009765625,0.9990234375,0.8,1,BERT:bert_class_weighted,Class weight
2665,emscad_17762,"We are a full-service marketing and staffing firm, serving companies ranging from Fortune 100 to new start-up organizati",Payroll Data Coordinator Positions - Earn $100-$200 Daily,1,1,0.00048828125,0.99951171875,0.8,1,BERT:bert_class_weighted,Class weight
2666,emscad_17767,"At DynCorp International it is our commitment to conduct business honestly, ethically and in accordance with worldwide b",Payroll Clerk,1,1,0.00048828125,0.99951171875,0.8,1,BERT:bert_class_weighted,Class weight
2667,emscad_17785,We have several openings available in this area earning $1000.00-$2500.00 per week.,Home Based Payroll Typist/Data Entry Clerks Positions Available,1,1,0.00048828125,0.99951171875,0.8,1,BERT:bert_class_weighted,Class weight
2668,emscad_17787,We is a market leader in manufacturing and designing high quality LED Lighting products with a global presence. We are a,Office Clerk,1,0,0.9981966018676758,0.0018033981323242188,0.8,0,BERT:bert_class_weighted,Class weight
2669,emscad_17798,We have aggressive growth plans in place for the coming years. We provide a much needed service in facilitating the grow,"Agency Sales Managers $150-$175,000/yr",1,1,0.00048828125,0.99951171875,0.8,1,BERT:bert_class_weighted,Class weight
2670,emscad_17809,"We are hiring home / domestic #URL_a611accdf5e94eb5fe30981160c8d3567cd60b01d074a6bfea919aca521be808# mother is home, bef","vacancies,nannies,cooks,drivers and housekeepers needed",1,0,0.9990415573120117,0.0009584426879882812,0.8,0,BERT:bert_class_weighted,Class weight
2671,emscad_17816,"Urgent Cash Jobs, Part Time & Full Time. No Experience Required And Never Any Fees. Work Anytime 1 To 2 Hrs Daily In Fre","Urgent Cash Jobs, Part Time & Full Time.",1,1,0.00048828125,0.99951171875,0.8,1,BERT:bert_class_weighted,Class weight
2672,emscad_17823,Analyze the excel books of the franchise and then post them online for him to use.,5 Guys,1,0,0.989288330078125,0.010711669921875,0.8,0,BERT:bert_class_weighted,Class weight
2673,emscad_17827,"Cigna Inc is a prolific company seeking a self-motivated, details oriented person for managing customer service in our n",Customer Service/Accounting Clerk,1,0,0.9952926635742188,0.00470733642578125,0.8,0,BERT:bert_class_weighted,Class weight
2674,emscad_17830,"inFullMobile Sp. z o.o. is a mobile software development house, specializing in the client side of mobile software for c",Android Developer,1,0,0.9996910095214844,0.000308990478515625,0.8,0,BERT:bert_class_weighted,Class weight
2675,emscad_17834,We’re looking for a web designer with a passion for web to help us create great products and make our clients happy.,Web Designer,0,0,0.9997472763061523,0.00025272369384765625,0.8,1,BERT:bert_class_weighted,Class weight
2676,emscad_17848,Outstanding Member Service Starts With Outstanding People,User Support Technician,0,0,0.9997165203094482,0.0002834796905517578,0.8,1,BERT:bert_class_weighted,Class weight
2677,emscad_17853,GWT Expert,GWT Expert,0,0,0.9996345043182373,0.0003654956817626953,0.8,1,BERT:bert_class_weighted,Class weight
2678,emscad_17855,We Provide Full Time Permanent Positions for many medium to large US companies. We are interested in finding/recruiting ,Talent Management Process Manager,0,0,0.9997448921203613,0.0002551078796386719,0.8,1,BERT:bert_class_weighted,Class weight
2679,emscad_17856,"Shyp is the easiest way to send anything, anywhere.",Android Engineer,0,0,0.9997472763061523,0.00025272369384765625,0.8,1,BERT:bert_class_weighted,Class weight
2680,emscad_17862,"Tribe Wearables is a venture-backed startup, developing a cutting edge muscle activity tracker, embedded into sport appa",Junior Embedded Engineer,0,0,0.9997267723083496,0.0002732276916503906,0.8,1,BERT:bert_class_weighted,Class weight
2681,emscad_17863,"Crossroads Treatment Centers is a nationally-accredited, medication-assisted, out-patient program that delivers fast, ef",Clinical Supervisor,0,0,0.999626636505127,0.0003733634948730469,0.8,1,BERT:bert_class_weighted,Class weight
