2026-07-26 10:08:47 | INFO | Starting BERT class-weighted split-leakage runs: conditions=['A', 'B', 'C'] seeds=[0, 1, 2, 3, 4, 5, 6, 7, 8, 9]
2026-07-26 10:08:47 | INFO | Loading condition A input + assignments
2026-07-26 10:08:53 | INFO | Loading condition B input + assignments
2026-07-26 10:08:57 | INFO | Loading condition C input + assignments
2026-07-26 10:09:02 | INFO | === Train condition A seed 0 ===
2026-07-26 10:09:04 | INFO | ======== Environment ========
2026-07-26 10:09:04 | INFO | Python executable      : E:\ml\venv\Scripts\python.exe
2026-07-26 10:09:04 | INFO | Python version         : 3.13.7 (tags/v3.13.7:bcee1c3, Aug 14 2025, 14:15:11) [MSC v.1944 64 bit (AMD64)]
2026-07-26 10:09:04 | INFO | PyTorch version        : 2.11.0+cu128
2026-07-26 10:09:04 | INFO | Transformers version   : 5.13.1
2026-07-26 10:09:04 | INFO | CUDA available         : True
2026-07-26 10:09:04 | INFO | PyTorch CUDA version   : 12.8
2026-07-26 10:09:04 | INFO | cuDNN version          : 91900
2026-07-26 10:09:04 | INFO | GPU name               : NVIDIA GeForce RTX 3060 Laptop GPU
2026-07-26 10:09:04 | INFO | GPU count              : 1
2026-07-26 10:09:04 | INFO | Current training device: cuda
2026-07-26 10:09:04 | INFO | =============================
2026-07-26 10:09:04 | INFO | Using caller-provided splits: train=12516 validation=2682 test=2682
2026-07-26 10:09:11 | INFO | Token length stats (train sample): {'n_texts_measured': 3000, 'mean': 533.4846666666666, 'median': 484.0, 'p90': 931.0, 'p95': 1080.1499999999992, 'p99': 1434.079999999998, 'pct_over_128': 0.963, 'pct_over_256': 0.831, 'pct_over_512': 0.45766666666666667, 'recommended_max_length': 256, 'recommendation_reason': 'Measured train token lengths: median「484, 83.1% >256, 45.8% >512. Default max_length=256 is chosen for RTX 3060 VRAM headroom with dynamic padding and gradient accumulation; do not jump to 512 without an OOM check. Long ads are truncated ！ this is an explicit compute/quality trade-off.'}
2026-07-26 10:09:11 | INFO | Saved data_quality_report.json
2026-07-26 10:09:11 | INFO | Train-only class weights: [0.52544080604534, 10.326732673267326]
2026-07-26 10:09:14 | INFO | Start fine-tuning: model=bert-base-uncased use_class_weights=True max_length=256 batch=8 accum=2
2026-07-26 10:13:05 | INFO | Epoch 1 | train_loss=0.4447 val_loss=0.3935 fraud_f1=0.7477 fraud_recall=0.6385 pr_auc=0.8558
2026-07-26 10:13:25 | INFO | New best checkpoint saved at epoch 1 (fraud_f1=0.7477)
2026-07-26 10:17:16 | INFO | Epoch 2 | train_loss=0.2105 val_loss=0.2304 fraud_f1=0.8194 fraud_recall=0.7154 pr_auc=0.8922
2026-07-26 10:17:35 | INFO | New best checkpoint saved at epoch 2 (fraud_f1=0.8194)
2026-07-26 10:21:26 | INFO | Epoch 3 | train_loss=0.0995 val_loss=0.2196 fraud_f1=0.8862 fraud_recall=0.8385 pr_auc=0.9291
2026-07-26 10:21:45 | INFO | New best checkpoint saved at epoch 3 (fraud_f1=0.8862)
2026-07-26 10:25:35 | INFO | Epoch 4 | train_loss=0.0368 val_loss=0.2937 fraud_f1=0.8724 fraud_recall=0.8154 pr_auc=0.9114
2026-07-26 10:25:35 | INFO | No improvement. Patience left: 1
2026-07-26 10:29:26 | INFO | Epoch 5 | train_loss=0.0150 val_loss=0.3413 fraud_f1=0.8814 fraud_recall=0.8000 pr_auc=0.9091
2026-07-26 10:29:26 | INFO | No improvement. Patience left: 0
2026-07-26 10:29:26 | INFO | Early stopping at epoch 5
2026-07-26 10:29:26 | INFO | Loading best checkpoint from F:\final-version-1\capstone-project-26t2-9900-h09c-almond\model_weights\bert\split_leakage\condition_a\seed_0\bert_class_weighted\best
2026-07-26 10:29:40 | INFO | Validation threshold selected on validation only: 0.6500 (fraud_f1=0.8934)
2026-07-26 10:29:57 | INFO | Test fraud_f1=0.8770 fraud_recall=0.8231 pr_auc=0.9248
2026-07-26 10:29:57 | INFO | Done. Artifacts under F:\final-version-1\capstone-project-26t2-9900-h09c-almond\model_weights\bert\split_leakage\condition_a\seed_0\bert_class_weighted and F:\final-version-1\capstone-project-26t2-9900-h09c-almond\model_results\bert\split_leakage\condition_a\seed_0
2026-07-26 10:29:57 | INFO | Finished condition=A seed=0 fraud_f1=0.8770 pr_auc=0.9248
2026-07-26 10:29:57 | INFO | === Train condition A seed 1 ===
2026-07-26 10:29:57 | INFO | ======== Environment ========
2026-07-26 10:29:57 | INFO | Python executable      : E:\ml\venv\Scripts\python.exe
2026-07-26 10:29:57 | INFO | Python version         : 3.13.7 (tags/v3.13.7:bcee1c3, Aug 14 2025, 14:15:11) [MSC v.1944 64 bit (AMD64)]
2026-07-26 10:29:57 | INFO | PyTorch version        : 2.11.0+cu128
2026-07-26 10:29:57 | INFO | Transformers version   : 5.13.1
2026-07-26 10:29:57 | INFO | CUDA available         : True
2026-07-26 10:29:57 | INFO | PyTorch CUDA version   : 12.8
2026-07-26 10:29:57 | INFO | cuDNN version          : 91900
2026-07-26 10:29:57 | INFO | GPU name               : NVIDIA GeForce RTX 3060 Laptop GPU
2026-07-26 10:29:57 | INFO | GPU count              : 1
2026-07-26 10:29:57 | INFO | Current training device: cuda
2026-07-26 10:29:57 | INFO | =============================
2026-07-26 10:29:57 | INFO | Using caller-provided splits: train=12516 validation=2682 test=2682
2026-07-26 10:30:02 | INFO | Token length stats (train sample): {'n_texts_measured': 3000, 'mean': 538.846, 'median': 489.0, 'p90': 931.0999999999999, 'p95': 1083.0999999999995, 'p99': 1445.0699999999983, 'pct_over_128': 0.971, 'pct_over_256': 0.8353333333333334, 'pct_over_512': 0.4683333333333333, 'recommended_max_length': 256, 'recommendation_reason': 'Measured train token lengths: median「489, 83.5% >256, 46.8% >512. Default max_length=256 is chosen for RTX 3060 VRAM headroom with dynamic padding and gradient accumulation; do not jump to 512 without an OOM check. Long ads are truncated ！ this is an explicit compute/quality trade-off.'}
2026-07-26 10:30:02 | INFO | Saved data_quality_report.json
2026-07-26 10:30:02 | INFO | Train-only class weights: [0.52544080604534, 10.326732673267326]
2026-07-26 10:30:03 | INFO | Start fine-tuning: model=bert-base-uncased use_class_weights=True max_length=256 batch=8 accum=2
2026-07-26 10:33:55 | INFO | Epoch 1 | train_loss=0.4530 val_loss=0.3111 fraud_f1=0.8142 fraud_recall=0.7077 pr_auc=0.9036
2026-07-26 10:34:14 | INFO | New best checkpoint saved at epoch 1 (fraud_f1=0.8142)
2026-07-26 10:38:05 | INFO | Epoch 2 | train_loss=0.2005 val_loss=0.2056 fraud_f1=0.8971 fraud_recall=0.8385 pr_auc=0.9439
2026-07-26 10:38:25 | INFO | New best checkpoint saved at epoch 2 (fraud_f1=0.8971)
2026-07-26 10:42:15 | INFO | Epoch 3 | train_loss=0.0913 val_loss=0.1323 fraud_f1=0.8989 fraud_recall=0.9231 pr_auc=0.9416
2026-07-26 10:42:35 | INFO | New best checkpoint saved at epoch 3 (fraud_f1=0.8989)
2026-07-26 10:46:25 | INFO | Epoch 4 | train_loss=0.0276 val_loss=0.1344 fraud_f1=0.8643 fraud_recall=0.9308 pr_auc=0.9461
2026-07-26 10:46:25 | INFO | No improvement. Patience left: 1
2026-07-26 10:50:15 | INFO | Epoch 5 | train_loss=0.0173 val_loss=0.1387 fraud_f1=0.9064 fraud_recall=0.9308 pr_auc=0.9574
2026-07-26 10:50:34 | INFO | New best checkpoint saved at epoch 5 (fraud_f1=0.9064)
2026-07-26 10:50:35 | INFO | Loading best checkpoint from F:\final-version-1\capstone-project-26t2-9900-h09c-almond\model_weights\bert\split_leakage\condition_a\seed_1\bert_class_weighted\best
2026-07-26 10:50:48 | INFO | Validation threshold selected on validation only: 0.9500 (fraud_f1=0.9195)
2026-07-26 10:51:03 | INFO | Test fraud_f1=0.8730 fraud_recall=0.8462 pr_auc=0.8991
2026-07-26 10:51:03 | INFO | Done. Artifacts under F:\final-version-1\capstone-project-26t2-9900-h09c-almond\model_weights\bert\split_leakage\condition_a\seed_1\bert_class_weighted and F:\final-version-1\capstone-project-26t2-9900-h09c-almond\model_results\bert\split_leakage\condition_a\seed_1
2026-07-26 10:51:03 | INFO | Finished condition=A seed=1 fraud_f1=0.8730 pr_auc=0.8991
2026-07-26 10:51:03 | INFO | === Train condition A seed 2 ===
2026-07-26 10:51:03 | INFO | ======== Environment ========
2026-07-26 10:51:03 | INFO | Python executable      : E:\ml\venv\Scripts\python.exe
2026-07-26 10:51:03 | INFO | Python version         : 3.13.7 (tags/v3.13.7:bcee1c3, Aug 14 2025, 14:15:11) [MSC v.1944 64 bit (AMD64)]
2026-07-26 10:51:03 | INFO | PyTorch version        : 2.11.0+cu128
2026-07-26 10:51:03 | INFO | Transformers version   : 5.13.1
2026-07-26 10:51:03 | INFO | CUDA available         : True
2026-07-26 10:51:03 | INFO | PyTorch CUDA version   : 12.8
2026-07-26 10:51:03 | INFO | cuDNN version          : 91900
2026-07-26 10:51:03 | INFO | GPU name               : NVIDIA GeForce RTX 3060 Laptop GPU
2026-07-26 10:51:03 | INFO | GPU count              : 1
2026-07-26 10:51:03 | INFO | Current training device: cuda
2026-07-26 10:51:03 | INFO | =============================
2026-07-26 10:51:03 | INFO | Using caller-provided splits: train=12516 validation=2682 test=2682
2026-07-26 10:51:08 | INFO | Token length stats (train sample): {'n_texts_measured': 3000, 'mean': 529.081, 'median': 477.0, 'p90': 922.0, 'p95': 1071.0999999999995, 'p99': 1454.0499999999988, 'pct_over_128': 0.969, 'pct_over_256': 0.832, 'pct_over_512': 0.451, 'recommended_max_length': 256, 'recommendation_reason': 'Measured train token lengths: median「477, 83.2% >256, 45.1% >512. Default max_length=256 is chosen for RTX 3060 VRAM headroom with dynamic padding and gradient accumulation; do not jump to 512 without an OOM check. Long ads are truncated ！ this is an explicit compute/quality trade-off.'}
2026-07-26 10:51:08 | INFO | Saved data_quality_report.json
2026-07-26 10:51:08 | INFO | Train-only class weights: [0.52544080604534, 10.326732673267326]
2026-07-26 10:51:09 | INFO | Start fine-tuning: model=bert-base-uncased use_class_weights=True max_length=256 batch=8 accum=2
2026-07-26 10:55:00 | INFO | Epoch 1 | train_loss=0.4624 val_loss=0.3534 fraud_f1=0.7229 fraud_recall=0.6923 pr_auc=0.8093
2026-07-26 10:55:20 | INFO | New best checkpoint saved at epoch 1 (fraud_f1=0.7229)
2026-07-26 10:59:11 | INFO | Epoch 2 | train_loss=0.2387 val_loss=0.1903 fraud_f1=0.8408 fraud_recall=0.7923 pr_auc=0.8903
2026-07-26 10:59:30 | INFO | New best checkpoint saved at epoch 2 (fraud_f1=0.8408)
2026-07-26 11:03:20 | INFO | Epoch 3 | train_loss=0.1010 val_loss=0.2837 fraud_f1=0.8642 fraud_recall=0.8077 pr_auc=0.8981
2026-07-26 11:03:40 | INFO | New best checkpoint saved at epoch 3 (fraud_f1=0.8642)
2026-07-26 11:07:29 | INFO | Epoch 4 | train_loss=0.0338 val_loss=0.3851 fraud_f1=0.8619 fraud_recall=0.7923 pr_auc=0.8965
2026-07-26 11:07:29 | INFO | No improvement. Patience left: 1
2026-07-26 11:11:17 | INFO | Epoch 5 | train_loss=0.0206 val_loss=0.3670 fraud_f1=0.8595 fraud_recall=0.8000 pr_auc=0.8990
2026-07-26 11:11:17 | INFO | No improvement. Patience left: 0
2026-07-26 11:11:17 | INFO | Early stopping at epoch 5
2026-07-26 11:11:17 | INFO | Loading best checkpoint from F:\final-version-1\capstone-project-26t2-9900-h09c-almond\model_weights\bert\split_leakage\condition_a\seed_2\bert_class_weighted\best
2026-07-26 11:11:31 | INFO | Validation threshold selected on validation only: 0.8000 (fraud_f1=0.8714)
2026-07-26 11:11:46 | INFO | Test fraud_f1=0.8739 fraud_recall=0.8000 pr_auc=0.9195
2026-07-26 11:11:46 | INFO | Done. Artifacts under F:\final-version-1\capstone-project-26t2-9900-h09c-almond\model_weights\bert\split_leakage\condition_a\seed_2\bert_class_weighted and F:\final-version-1\capstone-project-26t2-9900-h09c-almond\model_results\bert\split_leakage\condition_a\seed_2
2026-07-26 11:11:46 | INFO | Finished condition=A seed=2 fraud_f1=0.8739 pr_auc=0.9195
2026-07-26 11:11:46 | INFO | === Train condition A seed 3 ===
2026-07-26 11:11:46 | INFO | ======== Environment ========
2026-07-26 11:11:46 | INFO | Python executable      : E:\ml\venv\Scripts\python.exe
2026-07-26 11:11:46 | INFO | Python version         : 3.13.7 (tags/v3.13.7:bcee1c3, Aug 14 2025, 14:15:11) [MSC v.1944 64 bit (AMD64)]
2026-07-26 11:11:46 | INFO | PyTorch version        : 2.11.0+cu128
2026-07-26 11:11:46 | INFO | Transformers version   : 5.13.1
2026-07-26 11:11:46 | INFO | CUDA available         : True
2026-07-26 11:11:46 | INFO | PyTorch CUDA version   : 12.8
2026-07-26 11:11:46 | INFO | cuDNN version          : 91900
2026-07-26 11:11:46 | INFO | GPU name               : NVIDIA GeForce RTX 3060 Laptop GPU
2026-07-26 11:11:46 | INFO | GPU count              : 1
2026-07-26 11:11:46 | INFO | Current training device: cuda
2026-07-26 11:11:46 | INFO | =============================
2026-07-26 11:11:46 | INFO | Using caller-provided splits: train=12516 validation=2682 test=2682
2026-07-26 11:11:51 | INFO | Token length stats (train sample): {'n_texts_measured': 3000, 'mean': 538.3033333333333, 'median': 501.0, 'p90': 905.1999999999998, 'p95': 1054.0999999999995, 'p99': 1450.039999999999, 'pct_over_128': 0.963, 'pct_over_256': 0.8413333333333334, 'pct_over_512': 0.48233333333333334, 'recommended_max_length': 256, 'recommendation_reason': 'Measured train token lengths: median「501, 84.1% >256, 48.2% >512. Default max_length=256 is chosen for RTX 3060 VRAM headroom with dynamic padding and gradient accumulation; do not jump to 512 without an OOM check. Long ads are truncated ！ this is an explicit compute/quality trade-off.'}
2026-07-26 11:11:51 | INFO | Saved data_quality_report.json
2026-07-26 11:11:51 | INFO | Train-only class weights: [0.52544080604534, 10.326732673267326]
2026-07-26 11:11:52 | INFO | Start fine-tuning: model=bert-base-uncased use_class_weights=True max_length=256 batch=8 accum=2
2026-07-26 11:15:42 | INFO | Epoch 1 | train_loss=0.4383 val_loss=0.3439 fraud_f1=0.7022 fraud_recall=0.6077 pr_auc=0.7645
2026-07-26 11:16:01 | INFO | New best checkpoint saved at epoch 1 (fraud_f1=0.7022)
2026-07-26 11:19:50 | INFO | Epoch 2 | train_loss=0.2208 val_loss=0.1793 fraud_f1=0.7984 fraud_recall=0.7923 pr_auc=0.8521
2026-07-26 11:20:10 | INFO | New best checkpoint saved at epoch 2 (fraud_f1=0.7984)
2026-07-26 11:23:59 | INFO | Epoch 3 | train_loss=0.1008 val_loss=0.2035 fraud_f1=0.8333 fraud_recall=0.8077 pr_auc=0.8775
2026-07-26 11:24:18 | INFO | New best checkpoint saved at epoch 3 (fraud_f1=0.8333)
2026-07-26 11:28:07 | INFO | Epoch 4 | train_loss=0.0247 val_loss=0.3065 fraud_f1=0.8382 fraud_recall=0.7769 pr_auc=0.8767
2026-07-26 11:28:26 | INFO | New best checkpoint saved at epoch 4 (fraud_f1=0.8382)
2026-07-26 11:32:15 | INFO | Epoch 5 | train_loss=0.0090 val_loss=0.3029 fraud_f1=0.8477 fraud_recall=0.7923 pr_auc=0.8733
2026-07-26 11:32:35 | INFO | New best checkpoint saved at epoch 5 (fraud_f1=0.8477)
2026-07-26 11:32:35 | INFO | Loading best checkpoint from F:\final-version-1\capstone-project-26t2-9900-h09c-almond\model_weights\bert\split_leakage\condition_a\seed_3\bert_class_weighted\best
2026-07-26 11:32:48 | INFO | Validation threshold selected on validation only: 0.0500 (fraud_f1=0.8537)
2026-07-26 11:33:04 | INFO | Test fraud_f1=0.8617 fraud_recall=0.8385 pr_auc=0.8947
2026-07-26 11:33:04 | INFO | Done. Artifacts under F:\final-version-1\capstone-project-26t2-9900-h09c-almond\model_weights\bert\split_leakage\condition_a\seed_3\bert_class_weighted and F:\final-version-1\capstone-project-26t2-9900-h09c-almond\model_results\bert\split_leakage\condition_a\seed_3
2026-07-26 11:33:04 | INFO | Finished condition=A seed=3 fraud_f1=0.8617 pr_auc=0.8947
2026-07-26 11:33:04 | INFO | === Train condition A seed 4 ===
2026-07-26 11:33:04 | INFO | ======== Environment ========
2026-07-26 11:33:04 | INFO | Python executable      : E:\ml\venv\Scripts\python.exe
2026-07-26 11:33:04 | INFO | Python version         : 3.13.7 (tags/v3.13.7:bcee1c3, Aug 14 2025, 14:15:11) [MSC v.1944 64 bit (AMD64)]
2026-07-26 11:33:04 | INFO | PyTorch version        : 2.11.0+cu128
2026-07-26 11:33:04 | INFO | Transformers version   : 5.13.1
2026-07-26 11:33:04 | INFO | CUDA available         : True
2026-07-26 11:33:04 | INFO | PyTorch CUDA version   : 12.8
2026-07-26 11:33:04 | INFO | cuDNN version          : 91900
2026-07-26 11:33:04 | INFO | GPU name               : NVIDIA GeForce RTX 3060 Laptop GPU
2026-07-26 11:33:04 | INFO | GPU count              : 1
2026-07-26 11:33:04 | INFO | Current training device: cuda
2026-07-26 11:33:04 | INFO | =============================
2026-07-26 11:33:04 | INFO | Using caller-provided splits: train=12516 validation=2682 test=2682
2026-07-26 11:33:09 | INFO | Token length stats (train sample): {'n_texts_measured': 3000, 'mean': 526.3913333333334, 'median': 475.0, 'p90': 898.0999999999999, 'p95': 1050.199999999999, 'p99': 1437.2199999999948, 'pct_over_128': 0.9656666666666667, 'pct_over_256': 0.8406666666666667, 'pct_over_512': 0.446, 'recommended_max_length': 256, 'recommendation_reason': 'Measured train token lengths: median「475, 84.1% >256, 44.6% >512. Default max_length=256 is chosen for RTX 3060 VRAM headroom with dynamic padding and gradient accumulation; do not jump to 512 without an OOM check. Long ads are truncated ！ this is an explicit compute/quality trade-off.'}
2026-07-26 11:33:09 | INFO | Saved data_quality_report.json
2026-07-26 11:33:09 | INFO | Train-only class weights: [0.52544080604534, 10.326732673267326]
2026-07-26 11:33:10 | INFO | Start fine-tuning: model=bert-base-uncased use_class_weights=True max_length=256 batch=8 accum=2
2026-07-26 11:37:00 | INFO | Epoch 1 | train_loss=0.4788 val_loss=0.2739 fraud_f1=0.7717 fraud_recall=0.7538 pr_auc=0.8423
2026-07-26 11:37:19 | INFO | New best checkpoint saved at epoch 1 (fraud_f1=0.7717)
2026-07-26 11:41:09 | INFO | Epoch 2 | train_loss=0.2066 val_loss=0.2445 fraud_f1=0.8608 fraud_recall=0.7846 pr_auc=0.9179
2026-07-26 11:41:28 | INFO | New best checkpoint saved at epoch 2 (fraud_f1=0.8608)
2026-07-26 11:45:17 | INFO | Epoch 3 | train_loss=0.0891 val_loss=0.2328 fraud_f1=0.8898 fraud_recall=0.8385 pr_auc=0.9192
2026-07-26 11:45:37 | INFO | New best checkpoint saved at epoch 3 (fraud_f1=0.8898)
2026-07-26 11:49:26 | INFO | Epoch 4 | train_loss=0.0302 val_loss=0.2288 fraud_f1=0.8943 fraud_recall=0.8462 pr_auc=0.9177
2026-07-26 11:49:45 | INFO | New best checkpoint saved at epoch 4 (fraud_f1=0.8943)
2026-07-26 11:53:33 | INFO | Epoch 5 | train_loss=0.0061 val_loss=0.2309 fraud_f1=0.8988 fraud_recall=0.8538 pr_auc=0.9112
2026-07-26 11:53:53 | INFO | New best checkpoint saved at epoch 5 (fraud_f1=0.8988)
2026-07-26 11:53:53 | INFO | Loading best checkpoint from F:\final-version-1\capstone-project-26t2-9900-h09c-almond\model_weights\bert\split_leakage\condition_a\seed_4\bert_class_weighted\best
2026-07-26 11:54:06 | INFO | Validation threshold selected on validation only: 0.0500 (fraud_f1=0.9084)
2026-07-26 11:54:22 | INFO | Test fraud_f1=0.8560 fraud_recall=0.8231 pr_auc=0.8919
2026-07-26 11:54:22 | INFO | Done. Artifacts under F:\final-version-1\capstone-project-26t2-9900-h09c-almond\model_weights\bert\split_leakage\condition_a\seed_4\bert_class_weighted and F:\final-version-1\capstone-project-26t2-9900-h09c-almond\model_results\bert\split_leakage\condition_a\seed_4
2026-07-26 11:54:22 | INFO | Finished condition=A seed=4 fraud_f1=0.8560 pr_auc=0.8919
2026-07-26 11:54:22 | INFO | === Train condition A seed 5 ===
2026-07-26 11:54:22 | INFO | ======== Environment ========
2026-07-26 11:54:22 | INFO | Python executable      : E:\ml\venv\Scripts\python.exe
2026-07-26 11:54:22 | INFO | Python version         : 3.13.7 (tags/v3.13.7:bcee1c3, Aug 14 2025, 14:15:11) [MSC v.1944 64 bit (AMD64)]
2026-07-26 11:54:22 | INFO | PyTorch version        : 2.11.0+cu128
2026-07-26 11:54:22 | INFO | Transformers version   : 5.13.1
2026-07-26 11:54:22 | INFO | CUDA available         : True
2026-07-26 11:54:22 | INFO | PyTorch CUDA version   : 12.8
2026-07-26 11:54:22 | INFO | cuDNN version          : 91900
2026-07-26 11:54:22 | INFO | GPU name               : NVIDIA GeForce RTX 3060 Laptop GPU
2026-07-26 11:54:22 | INFO | GPU count              : 1
2026-07-26 11:54:22 | INFO | Current training device: cuda
2026-07-26 11:54:22 | INFO | =============================
2026-07-26 11:54:22 | INFO | Using caller-provided splits: train=12516 validation=2682 test=2682
2026-07-26 11:54:27 | INFO | Token length stats (train sample): {'n_texts_measured': 3000, 'mean': 535.05, 'median': 485.0, 'p90': 911.0999999999999, 'p95': 1073.0499999999997, 'p99': 1454.0599999999986, 'pct_over_128': 0.9683333333333334, 'pct_over_256': 0.8476666666666667, 'pct_over_512': 0.46066666666666667, 'recommended_max_length': 256, 'recommendation_reason': 'Measured train token lengths: median「485, 84.8% >256, 46.1% >512. Default max_length=256 is chosen for RTX 3060 VRAM headroom with dynamic padding and gradient accumulation; do not jump to 512 without an OOM check. Long ads are truncated ！ this is an explicit compute/quality trade-off.'}
2026-07-26 11:54:27 | INFO | Saved data_quality_report.json
2026-07-26 11:54:27 | INFO | Train-only class weights: [0.52544080604534, 10.326732673267326]
2026-07-26 11:54:28 | INFO | Start fine-tuning: model=bert-base-uncased use_class_weights=True max_length=256 batch=8 accum=2
2026-07-26 11:58:18 | INFO | Epoch 1 | train_loss=0.4743 val_loss=0.3639 fraud_f1=0.7194 fraud_recall=0.7692 pr_auc=0.8048
2026-07-26 11:58:37 | INFO | New best checkpoint saved at epoch 1 (fraud_f1=0.7194)
2026-07-26 12:02:27 | INFO | Epoch 2 | train_loss=0.1802 val_loss=0.3491 fraud_f1=0.8333 fraud_recall=0.7692 pr_auc=0.8738
2026-07-26 12:02:46 | INFO | New best checkpoint saved at epoch 2 (fraud_f1=0.8333)
2026-07-26 12:06:35 | INFO | Epoch 3 | train_loss=0.0750 val_loss=0.2893 fraud_f1=0.8413 fraud_recall=0.8154 pr_auc=0.8941
2026-07-26 12:06:55 | INFO | New best checkpoint saved at epoch 3 (fraud_f1=0.8413)
2026-07-26 12:10:44 | INFO | Epoch 4 | train_loss=0.0228 val_loss=0.3744 fraud_f1=0.8548 fraud_recall=0.8154 pr_auc=0.8924
2026-07-26 12:11:03 | INFO | New best checkpoint saved at epoch 4 (fraud_f1=0.8548)
2026-07-26 12:14:52 | INFO | Epoch 5 | train_loss=0.0044 val_loss=0.4325 fraud_f1=0.8477 fraud_recall=0.7923 pr_auc=0.8875
2026-07-26 12:14:52 | INFO | No improvement. Patience left: 1
2026-07-26 12:14:52 | INFO | Loading best checkpoint from F:\final-version-1\capstone-project-26t2-9900-h09c-almond\model_weights\bert\split_leakage\condition_a\seed_5\bert_class_weighted\best
2026-07-26 12:15:06 | INFO | Validation threshold selected on validation only: 0.3000 (fraud_f1=0.8651)
2026-07-26 12:15:21 | INFO | Test fraud_f1=0.8872 fraud_recall=0.8769 pr_auc=0.8675
2026-07-26 12:15:21 | INFO | Done. Artifacts under F:\final-version-1\capstone-project-26t2-9900-h09c-almond\model_weights\bert\split_leakage\condition_a\seed_5\bert_class_weighted and F:\final-version-1\capstone-project-26t2-9900-h09c-almond\model_results\bert\split_leakage\condition_a\seed_5
2026-07-26 12:15:21 | INFO | Finished condition=A seed=5 fraud_f1=0.8872 pr_auc=0.8675
2026-07-26 12:15:21 | INFO | === Train condition A seed 6 ===
2026-07-26 12:15:21 | INFO | ======== Environment ========
2026-07-26 12:15:21 | INFO | Python executable      : E:\ml\venv\Scripts\python.exe
2026-07-26 12:15:21 | INFO | Python version         : 3.13.7 (tags/v3.13.7:bcee1c3, Aug 14 2025, 14:15:11) [MSC v.1944 64 bit (AMD64)]
2026-07-26 12:15:21 | INFO | PyTorch version        : 2.11.0+cu128
2026-07-26 12:15:21 | INFO | Transformers version   : 5.13.1
2026-07-26 12:15:21 | INFO | CUDA available         : True
2026-07-26 12:15:21 | INFO | PyTorch CUDA version   : 12.8
2026-07-26 12:15:21 | INFO | cuDNN version          : 91900
2026-07-26 12:15:21 | INFO | GPU name               : NVIDIA GeForce RTX 3060 Laptop GPU
2026-07-26 12:15:21 | INFO | GPU count              : 1
2026-07-26 12:15:21 | INFO | Current training device: cuda
2026-07-26 12:15:21 | INFO | =============================
2026-07-26 12:15:21 | INFO | Using caller-provided splits: train=12516 validation=2682 test=2682
2026-07-26 12:15:26 | INFO | Token length stats (train sample): {'n_texts_measured': 3000, 'mean': 528.894, 'median': 477.0, 'p90': 916.1999999999998, 'p95': 1064.0, 'p99': 1370.0, 'pct_over_128': 0.966, 'pct_over_256': 0.835, 'pct_over_512': 0.45166666666666666, 'recommended_max_length': 256, 'recommendation_reason': 'Measured train token lengths: median「477, 83.5% >256, 45.2% >512. Default max_length=256 is chosen for RTX 3060 VRAM headroom with dynamic padding and gradient accumulation; do not jump to 512 without an OOM check. Long ads are truncated ！ this is an explicit compute/quality trade-off.'}
2026-07-26 12:15:26 | INFO | Saved data_quality_report.json
2026-07-26 12:15:26 | INFO | Train-only class weights: [0.52544080604534, 10.326732673267326]
2026-07-26 12:15:27 | INFO | Start fine-tuning: model=bert-base-uncased use_class_weights=True max_length=256 batch=8 accum=2
2026-07-26 12:19:18 | INFO | Epoch 1 | train_loss=0.5184 val_loss=0.3848 fraud_f1=0.6566 fraud_recall=0.5000 pr_auc=0.8482
2026-07-26 12:19:37 | INFO | New best checkpoint saved at epoch 1 (fraud_f1=0.6566)
2026-07-26 12:23:27 | INFO | Epoch 2 | train_loss=0.2367 val_loss=0.2336 fraud_f1=0.8340 fraud_recall=0.7538 pr_auc=0.9074
2026-07-26 12:23:46 | INFO | New best checkpoint saved at epoch 2 (fraud_f1=0.8340)
2026-07-26 12:27:35 | INFO | Epoch 3 | train_loss=0.0929 val_loss=0.1271 fraud_f1=0.8636 fraud_recall=0.8769 pr_auc=0.9183
2026-07-26 12:27:55 | INFO | New best checkpoint saved at epoch 3 (fraud_f1=0.8636)
2026-07-26 12:31:43 | INFO | Epoch 4 | train_loss=0.0264 val_loss=0.1968 fraud_f1=0.8504 fraud_recall=0.8308 pr_auc=0.8950
2026-07-26 12:31:43 | INFO | No improvement. Patience left: 1
2026-07-26 12:35:32 | INFO | Epoch 5 | train_loss=0.0110 val_loss=0.2567 fraud_f1=0.8583 fraud_recall=0.8154 pr_auc=0.8994
2026-07-26 12:35:32 | INFO | No improvement. Patience left: 0
2026-07-26 12:35:32 | INFO | Early stopping at epoch 5
2026-07-26 12:35:33 | INFO | Loading best checkpoint from F:\final-version-1\capstone-project-26t2-9900-h09c-almond\model_weights\bert\split_leakage\condition_a\seed_6\bert_class_weighted\best
2026-07-26 12:35:46 | INFO | Validation threshold selected on validation only: 0.6500 (fraud_f1=0.8736)
2026-07-26 12:36:02 | INFO | Test fraud_f1=0.8664 fraud_recall=0.8231 pr_auc=0.8881
2026-07-26 12:36:02 | INFO | Done. Artifacts under F:\final-version-1\capstone-project-26t2-9900-h09c-almond\model_weights\bert\split_leakage\condition_a\seed_6\bert_class_weighted and F:\final-version-1\capstone-project-26t2-9900-h09c-almond\model_results\bert\split_leakage\condition_a\seed_6
2026-07-26 12:36:02 | INFO | Finished condition=A seed=6 fraud_f1=0.8664 pr_auc=0.8881
2026-07-26 12:36:02 | INFO | === Train condition A seed 7 ===
2026-07-26 12:36:02 | INFO | ======== Environment ========
2026-07-26 12:36:02 | INFO | Python executable      : E:\ml\venv\Scripts\python.exe
2026-07-26 12:36:02 | INFO | Python version         : 3.13.7 (tags/v3.13.7:bcee1c3, Aug 14 2025, 14:15:11) [MSC v.1944 64 bit (AMD64)]
2026-07-26 12:36:02 | INFO | PyTorch version        : 2.11.0+cu128
2026-07-26 12:36:02 | INFO | Transformers version   : 5.13.1
2026-07-26 12:36:02 | INFO | CUDA available         : True
2026-07-26 12:36:02 | INFO | PyTorch CUDA version   : 12.8
2026-07-26 12:36:02 | INFO | cuDNN version          : 91900
2026-07-26 12:36:02 | INFO | GPU name               : NVIDIA GeForce RTX 3060 Laptop GPU
2026-07-26 12:36:02 | INFO | GPU count              : 1
2026-07-26 12:36:02 | INFO | Current training device: cuda
2026-07-26 12:36:02 | INFO | =============================
2026-07-26 12:36:02 | INFO | Using caller-provided splits: train=12516 validation=2682 test=2682
2026-07-26 12:36:06 | INFO | Token length stats (train sample): {'n_texts_measured': 3000, 'mean': 534.2083333333334, 'median': 490.0, 'p90': 908.0999999999999, 'p95': 1068.0, 'p99': 1371.1199999999972, 'pct_over_128': 0.9703333333333334, 'pct_over_256': 0.839, 'pct_over_512': 0.4673333333333333, 'recommended_max_length': 256, 'recommendation_reason': 'Measured train token lengths: median「490, 83.9% >256, 46.7% >512. Default max_length=256 is chosen for RTX 3060 VRAM headroom with dynamic padding and gradient accumulation; do not jump to 512 without an OOM check. Long ads are truncated ！ this is an explicit compute/quality trade-off.'}
2026-07-26 12:36:07 | INFO | Saved data_quality_report.json
2026-07-26 12:36:07 | INFO | Train-only class weights: [0.52544080604534, 10.326732673267326]
2026-07-26 12:36:07 | INFO | Start fine-tuning: model=bert-base-uncased use_class_weights=True max_length=256 batch=8 accum=2
2026-07-26 12:39:58 | INFO | Epoch 1 | train_loss=0.4534 val_loss=0.3893 fraud_f1=0.7545 fraud_recall=0.6385 pr_auc=0.8187
2026-07-26 12:40:17 | INFO | New best checkpoint saved at epoch 1 (fraud_f1=0.7545)
2026-07-26 12:44:07 | INFO | Epoch 2 | train_loss=0.1798 val_loss=0.3012 fraud_f1=0.8584 fraud_recall=0.7692 pr_auc=0.8969
2026-07-26 12:44:26 | INFO | New best checkpoint saved at epoch 2 (fraud_f1=0.8584)
2026-07-26 12:48:16 | INFO | Epoch 3 | train_loss=0.0669 val_loss=0.3623 fraud_f1=0.8760 fraud_recall=0.8154 pr_auc=0.8932
2026-07-26 12:48:35 | INFO | New best checkpoint saved at epoch 3 (fraud_f1=0.8760)
2026-07-26 12:52:24 | INFO | Epoch 4 | train_loss=0.0200 val_loss=0.4230 fraud_f1=0.8750 fraud_recall=0.8077 pr_auc=0.8916
2026-07-26 12:52:24 | INFO | No improvement. Patience left: 1
2026-07-26 12:56:12 | INFO | Epoch 5 | train_loss=0.0032 val_loss=0.4218 fraud_f1=0.8770 fraud_recall=0.8231 pr_auc=0.8779
2026-07-26 12:56:32 | INFO | New best checkpoint saved at epoch 5 (fraud_f1=0.8770)
2026-07-26 12:56:32 | INFO | Loading best checkpoint from F:\final-version-1\capstone-project-26t2-9900-h09c-almond\model_weights\bert\split_leakage\condition_a\seed_7\bert_class_weighted\best
2026-07-26 12:56:45 | INFO | Validation threshold selected on validation only: 0.7500 (fraud_f1=0.8807)
2026-07-26 12:57:01 | INFO | Test fraud_f1=0.8390 fraud_recall=0.7615 pr_auc=0.8773
2026-07-26 12:57:01 | INFO | Done. Artifacts under F:\final-version-1\capstone-project-26t2-9900-h09c-almond\model_weights\bert\split_leakage\condition_a\seed_7\bert_class_weighted and F:\final-version-1\capstone-project-26t2-9900-h09c-almond\model_results\bert\split_leakage\condition_a\seed_7
2026-07-26 12:57:01 | INFO | Finished condition=A seed=7 fraud_f1=0.8390 pr_auc=0.8773
2026-07-26 12:57:01 | INFO | === Train condition A seed 8 ===
2026-07-26 12:57:01 | INFO | ======== Environment ========
2026-07-26 12:57:01 | INFO | Python executable      : E:\ml\venv\Scripts\python.exe
2026-07-26 12:57:01 | INFO | Python version         : 3.13.7 (tags/v3.13.7:bcee1c3, Aug 14 2025, 14:15:11) [MSC v.1944 64 bit (AMD64)]
2026-07-26 12:57:01 | INFO | PyTorch version        : 2.11.0+cu128
2026-07-26 12:57:01 | INFO | Transformers version   : 5.13.1
2026-07-26 12:57:01 | INFO | CUDA available         : True
2026-07-26 12:57:01 | INFO | PyTorch CUDA version   : 12.8
2026-07-26 12:57:01 | INFO | cuDNN version          : 91900
2026-07-26 12:57:01 | INFO | GPU name               : NVIDIA GeForce RTX 3060 Laptop GPU
2026-07-26 12:57:01 | INFO | GPU count              : 1
2026-07-26 12:57:01 | INFO | Current training device: cuda
2026-07-26 12:57:01 | INFO | =============================
2026-07-26 12:57:01 | INFO | Using caller-provided splits: train=12516 validation=2682 test=2682
2026-07-26 12:57:06 | INFO | Token length stats (train sample): {'n_texts_measured': 3000, 'mean': 530.2023333333333, 'median': 487.0, 'p90': 895.0, 'p95': 1039.2499999999986, 'p99': 1369.0099999999998, 'pct_over_128': 0.9663333333333334, 'pct_over_256': 0.847, 'pct_over_512': 0.465, 'recommended_max_length': 256, 'recommendation_reason': 'Measured train token lengths: median「487, 84.7% >256, 46.5% >512. Default max_length=256 is chosen for RTX 3060 VRAM headroom with dynamic padding and gradient accumulation; do not jump to 512 without an OOM check. Long ads are truncated ！ this is an explicit compute/quality trade-off.'}
2026-07-26 12:57:06 | INFO | Saved data_quality_report.json
2026-07-26 12:57:06 | INFO | Train-only class weights: [0.52544080604534, 10.326732673267326]
2026-07-26 12:57:07 | INFO | Start fine-tuning: model=bert-base-uncased use_class_weights=True max_length=256 batch=8 accum=2
2026-07-26 13:00:58 | INFO | Epoch 1 | train_loss=0.4856 val_loss=0.2570 fraud_f1=0.7803 fraud_recall=0.7923 pr_auc=0.8533
2026-07-26 13:01:18 | INFO | New best checkpoint saved at epoch 1 (fraud_f1=0.7803)
2026-07-26 13:05:08 | INFO | Epoch 2 | train_loss=0.2044 val_loss=0.2861 fraud_f1=0.8439 fraud_recall=0.7692 pr_auc=0.8891
2026-07-26 13:05:28 | INFO | New best checkpoint saved at epoch 2 (fraud_f1=0.8439)
2026-07-26 13:09:18 | INFO | Epoch 3 | train_loss=0.0784 val_loss=0.4272 fraud_f1=0.8407 fraud_recall=0.7308 pr_auc=0.8829
2026-07-26 13:09:18 | INFO | No improvement. Patience left: 1
2026-07-26 13:13:07 | INFO | Epoch 4 | train_loss=0.0314 val_loss=0.3998 fraud_f1=0.8412 fraud_recall=0.7538 pr_auc=0.8941
2026-07-26 13:13:07 | INFO | No improvement. Patience left: 0
2026-07-26 13:13:07 | INFO | Early stopping at epoch 4
2026-07-26 13:13:07 | INFO | Loading best checkpoint from F:\final-version-1\capstone-project-26t2-9900-h09c-almond\model_weights\bert\split_leakage\condition_a\seed_8\bert_class_weighted\best
2026-07-26 13:13:21 | INFO | Validation threshold selected on validation only: 0.5000 (fraud_f1=0.8439)
2026-07-26 13:13:36 | INFO | Test fraud_f1=0.8607 fraud_recall=0.8077 pr_auc=0.9155
2026-07-26 13:13:36 | INFO | Done. Artifacts under F:\final-version-1\capstone-project-26t2-9900-h09c-almond\model_weights\bert\split_leakage\condition_a\seed_8\bert_class_weighted and F:\final-version-1\capstone-project-26t2-9900-h09c-almond\model_results\bert\split_leakage\condition_a\seed_8
2026-07-26 13:13:36 | INFO | Finished condition=A seed=8 fraud_f1=0.8607 pr_auc=0.9155
2026-07-26 13:13:37 | INFO | === Train condition A seed 9 ===
2026-07-26 13:13:37 | INFO | ======== Environment ========
2026-07-26 13:13:37 | INFO | Python executable      : E:\ml\venv\Scripts\python.exe
2026-07-26 13:13:37 | INFO | Python version         : 3.13.7 (tags/v3.13.7:bcee1c3, Aug 14 2025, 14:15:11) [MSC v.1944 64 bit (AMD64)]
2026-07-26 13:13:37 | INFO | PyTorch version        : 2.11.0+cu128
2026-07-26 13:13:37 | INFO | Transformers version   : 5.13.1
2026-07-26 13:13:37 | INFO | CUDA available         : True
2026-07-26 13:13:37 | INFO | PyTorch CUDA version   : 12.8
2026-07-26 13:13:37 | INFO | cuDNN version          : 91900
2026-07-26 13:13:37 | INFO | GPU name               : NVIDIA GeForce RTX 3060 Laptop GPU
2026-07-26 13:13:37 | INFO | GPU count              : 1
2026-07-26 13:13:37 | INFO | Current training device: cuda
2026-07-26 13:13:37 | INFO | =============================
2026-07-26 13:13:37 | INFO | Using caller-provided splits: train=12516 validation=2682 test=2682
2026-07-26 13:13:41 | INFO | Token length stats (train sample): {'n_texts_measured': 3000, 'mean': 534.213, 'median': 480.0, 'p90': 910.3999999999996, 'p95': 1064.0999999999995, 'p99': 1377.1099999999974, 'pct_over_128': 0.9643333333333334, 'pct_over_256': 0.8313333333333334, 'pct_over_512': 0.4646666666666667, 'recommended_max_length': 256, 'recommendation_reason': 'Measured train token lengths: median「480, 83.1% >256, 46.5% >512. Default max_length=256 is chosen for RTX 3060 VRAM headroom with dynamic padding and gradient accumulation; do not jump to 512 without an OOM check. Long ads are truncated ！ this is an explicit compute/quality trade-off.'}
2026-07-26 13:13:41 | INFO | Saved data_quality_report.json
2026-07-26 13:13:41 | INFO | Train-only class weights: [0.52544080604534, 10.326732673267326]
2026-07-26 13:13:42 | INFO | Start fine-tuning: model=bert-base-uncased use_class_weights=True max_length=256 batch=8 accum=2
2026-07-26 13:17:33 | INFO | Epoch 1 | train_loss=0.4951 val_loss=0.5559 fraud_f1=0.5926 fraud_recall=0.4308 pr_auc=0.7932
2026-07-26 13:17:52 | INFO | New best checkpoint saved at epoch 1 (fraud_f1=0.5926)
2026-07-26 13:21:43 | INFO | Epoch 2 | train_loss=0.2270 val_loss=0.2058 fraud_f1=0.8327 fraud_recall=0.8231 pr_auc=0.8793
2026-07-26 13:22:02 | INFO | New best checkpoint saved at epoch 2 (fraud_f1=0.8327)
2026-07-26 13:25:51 | INFO | Epoch 3 | train_loss=0.0983 val_loss=0.2291 fraud_f1=0.8843 fraud_recall=0.8231 pr_auc=0.9066
2026-07-26 13:26:11 | INFO | New best checkpoint saved at epoch 3 (fraud_f1=0.8843)
2026-07-26 13:30:01 | INFO | Epoch 4 | train_loss=0.0471 val_loss=0.2858 fraud_f1=0.8735 fraud_recall=0.8231 pr_auc=0.8995
2026-07-26 13:30:01 | INFO | No improvement. Patience left: 1
2026-07-26 13:33:50 | INFO | Epoch 5 | train_loss=0.0155 val_loss=0.3321 fraud_f1=0.8664 fraud_recall=0.8231 pr_auc=0.8972
2026-07-26 13:33:50 | INFO | No improvement. Patience left: 0
2026-07-26 13:33:50 | INFO | Early stopping at epoch 5
2026-07-26 13:33:50 | INFO | Loading best checkpoint from F:\final-version-1\capstone-project-26t2-9900-h09c-almond\model_weights\bert\split_leakage\condition_a\seed_9\bert_class_weighted\best
2026-07-26 13:34:04 | INFO | Validation threshold selected on validation only: 0.1500 (fraud_f1=0.8898)
2026-07-26 13:34:19 | INFO | Test fraud_f1=0.9069 fraud_recall=0.8615 pr_auc=0.9373
2026-07-26 13:34:19 | INFO | Done. Artifacts under F:\final-version-1\capstone-project-26t2-9900-h09c-almond\model_weights\bert\split_leakage\condition_a\seed_9\bert_class_weighted and F:\final-version-1\capstone-project-26t2-9900-h09c-almond\model_results\bert\split_leakage\condition_a\seed_9
2026-07-26 13:34:19 | INFO | Finished condition=A seed=9 fraud_f1=0.9069 pr_auc=0.9373
2026-07-26 13:34:19 | INFO | === Train condition B seed 0 ===
2026-07-26 13:34:19 | INFO | ======== Environment ========
2026-07-26 13:34:19 | INFO | Python executable      : E:\ml\venv\Scripts\python.exe
2026-07-26 13:34:19 | INFO | Python version         : 3.13.7 (tags/v3.13.7:bcee1c3, Aug 14 2025, 14:15:11) [MSC v.1944 64 bit (AMD64)]
2026-07-26 13:34:19 | INFO | PyTorch version        : 2.11.0+cu128
2026-07-26 13:34:19 | INFO | Transformers version   : 5.13.1
2026-07-26 13:34:19 | INFO | CUDA available         : True
2026-07-26 13:34:19 | INFO | PyTorch CUDA version   : 12.8
2026-07-26 13:34:19 | INFO | cuDNN version          : 91900
2026-07-26 13:34:19 | INFO | GPU name               : NVIDIA GeForce RTX 3060 Laptop GPU
2026-07-26 13:34:19 | INFO | GPU count              : 1
2026-07-26 13:34:19 | INFO | Current training device: cuda
2026-07-26 13:34:19 | INFO | =============================
2026-07-26 13:34:19 | INFO | Using caller-provided splits: train=11064 validation=2371 test=2372
2026-07-26 13:34:24 | INFO | Token length stats (train sample): {'n_texts_measured': 3000, 'mean': 560.522, 'median': 512.5, 'p90': 939.0999999999999, 'p95': 1102.0999999999995, 'p99': 1494.0499999999988, 'pct_over_128': 0.97, 'pct_over_256': 0.878, 'pct_over_512': 0.5, 'recommended_max_length': 256, 'recommendation_reason': 'Measured train token lengths: median「512, 87.8% >256, 50.0% >512. Default max_length=256 is chosen for RTX 3060 VRAM headroom with dynamic padding and gradient accumulation; do not jump to 512 without an OOM check. Long ads are truncated ！ this is an explicit compute/quality trade-off.'}
2026-07-26 13:34:24 | INFO | Saved data_quality_report.json
2026-07-26 13:34:24 | INFO | Train-only class weights: [0.5235661555934128, 11.108433734939759]
2026-07-26 13:34:25 | INFO | Start fine-tuning: model=bert-base-uncased use_class_weights=True max_length=256 batch=8 accum=2
2026-07-26 13:37:49 | INFO | Epoch 1 | train_loss=0.4942 val_loss=0.4791 fraud_f1=0.6790 fraud_recall=0.5140 pr_auc=0.8413
2026-07-26 13:38:09 | INFO | New best checkpoint saved at epoch 1 (fraud_f1=0.6790)
2026-07-26 13:41:33 | INFO | Epoch 2 | train_loss=0.2573 val_loss=0.2888 fraud_f1=0.8449 fraud_recall=0.7383 pr_auc=0.8955
2026-07-26 13:41:52 | INFO | New best checkpoint saved at epoch 2 (fraud_f1=0.8449)
2026-07-26 13:45:16 | INFO | Epoch 3 | train_loss=0.1125 val_loss=0.3328 fraud_f1=0.8045 fraud_recall=0.6729 pr_auc=0.8918
2026-07-26 13:45:16 | INFO | No improvement. Patience left: 1
2026-07-26 13:48:39 | INFO | Epoch 4 | train_loss=0.0534 val_loss=0.3271 fraud_f1=0.8387 fraud_recall=0.7290 pr_auc=0.9046
2026-07-26 13:48:39 | INFO | No improvement. Patience left: 0
2026-07-26 13:48:39 | INFO | Early stopping at epoch 4
2026-07-26 13:48:39 | INFO | Loading best checkpoint from F:\final-version-1\capstone-project-26t2-9900-h09c-almond\model_weights\bert\split_leakage\condition_b\seed_0\bert_class_weighted\best
2026-07-26 13:48:52 | INFO | Validation threshold selected on validation only: 0.0500 (fraud_f1=0.8660)
2026-07-26 13:49:05 | INFO | Test fraud_f1=0.7979 fraud_recall=0.7196 pr_auc=0.8356
2026-07-26 13:49:05 | INFO | Done. Artifacts under F:\final-version-1\capstone-project-26t2-9900-h09c-almond\model_weights\bert\split_leakage\condition_b\seed_0\bert_class_weighted and F:\final-version-1\capstone-project-26t2-9900-h09c-almond\model_results\bert\split_leakage\condition_b\seed_0
2026-07-26 13:49:05 | INFO | Finished condition=B seed=0 fraud_f1=0.7979 pr_auc=0.8356
2026-07-26 13:49:05 | INFO | === Train condition B seed 1 ===
2026-07-26 13:49:05 | INFO | ======== Environment ========
2026-07-26 13:49:05 | INFO | Python executable      : E:\ml\venv\Scripts\python.exe
2026-07-26 13:49:05 | INFO | Python version         : 3.13.7 (tags/v3.13.7:bcee1c3, Aug 14 2025, 14:15:11) [MSC v.1944 64 bit (AMD64)]
2026-07-26 13:49:05 | INFO | PyTorch version        : 2.11.0+cu128
2026-07-26 13:49:05 | INFO | Transformers version   : 5.13.1
2026-07-26 13:49:05 | INFO | CUDA available         : True
2026-07-26 13:49:05 | INFO | PyTorch CUDA version   : 12.8
2026-07-26 13:49:05 | INFO | cuDNN version          : 91900
2026-07-26 13:49:05 | INFO | GPU name               : NVIDIA GeForce RTX 3060 Laptop GPU
2026-07-26 13:49:05 | INFO | GPU count              : 1
2026-07-26 13:49:05 | INFO | Current training device: cuda
2026-07-26 13:49:05 | INFO | =============================
2026-07-26 13:49:05 | INFO | Using caller-provided splits: train=11064 validation=2371 test=2372
2026-07-26 13:49:10 | INFO | Token length stats (train sample): {'n_texts_measured': 3000, 'mean': 555.6443333333333, 'median': 512.5, 'p90': 937.0999999999999, 'p95': 1085.0999999999995, 'p99': 1509.0299999999993, 'pct_over_128': 0.972, 'pct_over_256': 0.8683333333333333, 'pct_over_512': 0.5, 'recommended_max_length': 256, 'recommendation_reason': 'Measured train token lengths: median「512, 86.8% >256, 50.0% >512. Default max_length=256 is chosen for RTX 3060 VRAM headroom with dynamic padding and gradient accumulation; do not jump to 512 without an OOM check. Long ads are truncated ！ this is an explicit compute/quality trade-off.'}
2026-07-26 13:49:10 | INFO | Saved data_quality_report.json
2026-07-26 13:49:10 | INFO | Train-only class weights: [0.5235661555934128, 11.108433734939759]
2026-07-26 13:49:11 | INFO | Start fine-tuning: model=bert-base-uncased use_class_weights=True max_length=256 batch=8 accum=2
2026-07-26 13:52:35 | INFO | Epoch 1 | train_loss=0.4934 val_loss=0.5346 fraud_f1=0.6358 fraud_recall=0.5140 pr_auc=0.6874
2026-07-26 13:52:54 | INFO | New best checkpoint saved at epoch 1 (fraud_f1=0.6358)
2026-07-26 13:56:18 | INFO | Epoch 2 | train_loss=0.2573 val_loss=0.3372 fraud_f1=0.7921 fraud_recall=0.7477 pr_auc=0.8371
2026-07-26 13:56:37 | INFO | New best checkpoint saved at epoch 2 (fraud_f1=0.7921)
2026-07-26 14:00:01 | INFO | Epoch 3 | train_loss=0.1160 val_loss=0.3479 fraud_f1=0.8223 fraud_recall=0.7570 pr_auc=0.8436
2026-07-26 14:00:21 | INFO | New best checkpoint saved at epoch 3 (fraud_f1=0.8223)
2026-07-26 14:03:44 | INFO | Epoch 4 | train_loss=0.0354 val_loss=0.3382 fraud_f1=0.8300 fraud_recall=0.7757 pr_auc=0.8479
2026-07-26 14:04:04 | INFO | New best checkpoint saved at epoch 4 (fraud_f1=0.8300)
2026-07-26 14:07:27 | INFO | Epoch 5 | train_loss=0.0110 val_loss=0.3658 fraud_f1=0.8358 fraud_recall=0.7850 pr_auc=0.8223
2026-07-26 14:07:46 | INFO | New best checkpoint saved at epoch 5 (fraud_f1=0.8358)
2026-07-26 14:07:47 | INFO | Loading best checkpoint from F:\final-version-1\capstone-project-26t2-9900-h09c-almond\model_weights\bert\split_leakage\condition_b\seed_1\bert_class_weighted\best
2026-07-26 14:07:59 | INFO | Validation threshold selected on validation only: 0.8500 (fraud_f1=0.8400)
2026-07-26 14:08:12 | INFO | Test fraud_f1=0.8085 fraud_recall=0.7103 pr_auc=0.8533
2026-07-26 14:08:12 | INFO | Done. Artifacts under F:\final-version-1\capstone-project-26t2-9900-h09c-almond\model_weights\bert\split_leakage\condition_b\seed_1\bert_class_weighted and F:\final-version-1\capstone-project-26t2-9900-h09c-almond\model_results\bert\split_leakage\condition_b\seed_1
2026-07-26 14:08:12 | INFO | Finished condition=B seed=1 fraud_f1=0.8085 pr_auc=0.8533
2026-07-26 14:08:12 | INFO | === Train condition B seed 2 ===
2026-07-26 14:08:12 | INFO | ======== Environment ========
2026-07-26 14:08:12 | INFO | Python executable      : E:\ml\venv\Scripts\python.exe
2026-07-26 14:08:12 | INFO | Python version         : 3.13.7 (tags/v3.13.7:bcee1c3, Aug 14 2025, 14:15:11) [MSC v.1944 64 bit (AMD64)]
2026-07-26 14:08:12 | INFO | PyTorch version        : 2.11.0+cu128
2026-07-26 14:08:12 | INFO | Transformers version   : 5.13.1
2026-07-26 14:08:12 | INFO | CUDA available         : True
2026-07-26 14:08:12 | INFO | PyTorch CUDA version   : 12.8
2026-07-26 14:08:12 | INFO | cuDNN version          : 91900
2026-07-26 14:08:12 | INFO | GPU name               : NVIDIA GeForce RTX 3060 Laptop GPU
2026-07-26 14:08:12 | INFO | GPU count              : 1
2026-07-26 14:08:12 | INFO | Current training device: cuda
2026-07-26 14:08:12 | INFO | =============================
2026-07-26 14:08:12 | INFO | Using caller-provided splits: train=11064 validation=2371 test=2372
2026-07-26 14:08:17 | INFO | Token length stats (train sample): {'n_texts_measured': 3000, 'mean': 557.253, 'median': 518.0, 'p90': 925.1999999999998, 'p95': 1088.199999999999, 'p99': 1436.0699999999983, 'pct_over_128': 0.9703333333333334, 'pct_over_256': 0.873, 'pct_over_512': 0.5076666666666667, 'recommended_max_length': 256, 'recommendation_reason': 'Measured train token lengths: median「518, 87.3% >256, 50.8% >512. Default max_length=256 is chosen for RTX 3060 VRAM headroom with dynamic padding and gradient accumulation; do not jump to 512 without an OOM check. Long ads are truncated ！ this is an explicit compute/quality trade-off.'}
2026-07-26 14:08:17 | INFO | Saved data_quality_report.json
2026-07-26 14:08:17 | INFO | Train-only class weights: [0.5235661555934128, 11.108433734939759]
2026-07-26 14:08:17 | INFO | Start fine-tuning: model=bert-base-uncased use_class_weights=True max_length=256 batch=8 accum=2
2026-07-26 14:11:42 | INFO | Epoch 1 | train_loss=0.4918 val_loss=0.5081 fraud_f1=0.6705 fraud_recall=0.5514 pr_auc=0.7057
2026-07-26 14:12:01 | INFO | New best checkpoint saved at epoch 1 (fraud_f1=0.6705)
2026-07-26 14:15:24 | INFO | Epoch 2 | train_loss=0.2761 val_loss=0.3514 fraud_f1=0.7979 fraud_recall=0.7196 pr_auc=0.8298
2026-07-26 14:15:44 | INFO | New best checkpoint saved at epoch 2 (fraud_f1=0.7979)
2026-07-26 14:19:08 | INFO | Epoch 3 | train_loss=0.1454 val_loss=0.3099 fraud_f1=0.8200 fraud_recall=0.7664 pr_auc=0.8735
2026-07-26 14:19:27 | INFO | New best checkpoint saved at epoch 3 (fraud_f1=0.8200)
2026-07-26 14:22:50 | INFO | Epoch 4 | train_loss=0.0556 val_loss=0.3754 fraud_f1=0.8300 fraud_recall=0.7757 pr_auc=0.8525
2026-07-26 14:23:09 | INFO | New best checkpoint saved at epoch 4 (fraud_f1=0.8300)
2026-07-26 14:26:33 | INFO | Epoch 5 | train_loss=0.0240 val_loss=0.4184 fraud_f1=0.8290 fraud_recall=0.7477 pr_auc=0.8530
2026-07-26 14:26:33 | INFO | No improvement. Patience left: 1
2026-07-26 14:26:33 | INFO | Loading best checkpoint from F:\final-version-1\capstone-project-26t2-9900-h09c-almond\model_weights\bert\split_leakage\condition_b\seed_2\bert_class_weighted\best
2026-07-26 14:26:45 | INFO | Validation threshold selected on validation only: 0.5500 (fraud_f1=0.8342)
2026-07-26 14:26:59 | INFO | Test fraud_f1=0.9010 fraud_recall=0.8505 pr_auc=0.9248
2026-07-26 14:26:59 | INFO | Done. Artifacts under F:\final-version-1\capstone-project-26t2-9900-h09c-almond\model_weights\bert\split_leakage\condition_b\seed_2\bert_class_weighted and F:\final-version-1\capstone-project-26t2-9900-h09c-almond\model_results\bert\split_leakage\condition_b\seed_2
2026-07-26 14:26:59 | INFO | Finished condition=B seed=2 fraud_f1=0.9010 pr_auc=0.9248
2026-07-26 14:26:59 | INFO | === Train condition B seed 3 ===
2026-07-26 14:26:59 | INFO | ======== Environment ========
2026-07-26 14:26:59 | INFO | Python executable      : E:\ml\venv\Scripts\python.exe
2026-07-26 14:26:59 | INFO | Python version         : 3.13.7 (tags/v3.13.7:bcee1c3, Aug 14 2025, 14:15:11) [MSC v.1944 64 bit (AMD64)]
2026-07-26 14:26:59 | INFO | PyTorch version        : 2.11.0+cu128
2026-07-26 14:26:59 | INFO | Transformers version   : 5.13.1
2026-07-26 14:26:59 | INFO | CUDA available         : True
2026-07-26 14:26:59 | INFO | PyTorch CUDA version   : 12.8
2026-07-26 14:26:59 | INFO | cuDNN version          : 91900
2026-07-26 14:26:59 | INFO | GPU name               : NVIDIA GeForce RTX 3060 Laptop GPU
2026-07-26 14:26:59 | INFO | GPU count              : 1
2026-07-26 14:26:59 | INFO | Current training device: cuda
2026-07-26 14:26:59 | INFO | =============================
2026-07-26 14:26:59 | INFO | Using caller-provided splits: train=11064 validation=2371 test=2372
2026-07-26 14:27:04 | INFO | Token length stats (train sample): {'n_texts_measured': 3000, 'mean': 554.471, 'median': 509.0, 'p90': 931.0, 'p95': 1086.0499999999997, 'p99': 1455.039999999999, 'pct_over_128': 0.9686666666666667, 'pct_over_256': 0.8743333333333333, 'pct_over_512': 0.49633333333333335, 'recommended_max_length': 256, 'recommendation_reason': 'Measured train token lengths: median「509, 87.4% >256, 49.6% >512. Default max_length=256 is chosen for RTX 3060 VRAM headroom with dynamic padding and gradient accumulation; do not jump to 512 without an OOM check. Long ads are truncated ！ this is an explicit compute/quality trade-off.'}
2026-07-26 14:27:04 | INFO | Saved data_quality_report.json
2026-07-26 14:27:04 | INFO | Train-only class weights: [0.5235661555934128, 11.108433734939759]
2026-07-26 14:27:05 | INFO | Start fine-tuning: model=bert-base-uncased use_class_weights=True max_length=256 batch=8 accum=2
2026-07-26 14:30:29 | INFO | Epoch 1 | train_loss=0.5114 val_loss=0.3243 fraud_f1=0.6931 fraud_recall=0.6542 pr_auc=0.7725
2026-07-26 14:30:48 | INFO | New best checkpoint saved at epoch 1 (fraud_f1=0.6931)
2026-07-26 14:34:12 | INFO | Epoch 2 | train_loss=0.2904 val_loss=0.2770 fraud_f1=0.7919 fraud_recall=0.7290 pr_auc=0.8635
2026-07-26 14:34:31 | INFO | New best checkpoint saved at epoch 2 (fraud_f1=0.7919)
2026-07-26 14:37:55 | INFO | Epoch 3 | train_loss=0.1345 val_loss=0.2818 fraud_f1=0.7788 fraud_recall=0.7570 pr_auc=0.8590
2026-07-26 14:37:55 | INFO | No improvement. Patience left: 1
2026-07-26 14:41:18 | INFO | Epoch 4 | train_loss=0.0427 val_loss=0.3113 fraud_f1=0.8152 fraud_recall=0.8037 pr_auc=0.8638
2026-07-26 14:41:37 | INFO | New best checkpoint saved at epoch 4 (fraud_f1=0.8152)
2026-07-26 14:44:59 | INFO | Epoch 5 | train_loss=0.0133 val_loss=0.3453 fraud_f1=0.8213 fraud_recall=0.7944 pr_auc=0.8566
2026-07-26 14:45:19 | INFO | New best checkpoint saved at epoch 5 (fraud_f1=0.8213)
2026-07-26 14:45:19 | INFO | Loading best checkpoint from F:\final-version-1\capstone-project-26t2-9900-h09c-almond\model_weights\bert\split_leakage\condition_b\seed_3\bert_class_weighted\best
2026-07-26 14:45:31 | INFO | Validation threshold selected on validation only: 0.6500 (fraud_f1=0.8252)
2026-07-26 14:45:44 | INFO | Test fraud_f1=0.8932 fraud_recall=0.8598 pr_auc=0.9067
2026-07-26 14:45:44 | INFO | Done. Artifacts under F:\final-version-1\capstone-project-26t2-9900-h09c-almond\model_weights\bert\split_leakage\condition_b\seed_3\bert_class_weighted and F:\final-version-1\capstone-project-26t2-9900-h09c-almond\model_results\bert\split_leakage\condition_b\seed_3
2026-07-26 14:45:44 | INFO | Finished condition=B seed=3 fraud_f1=0.8932 pr_auc=0.9067
2026-07-26 14:45:44 | INFO | === Train condition B seed 4 ===
2026-07-26 14:45:44 | INFO | ======== Environment ========
2026-07-26 14:45:44 | INFO | Python executable      : E:\ml\venv\Scripts\python.exe
2026-07-26 14:45:44 | INFO | Python version         : 3.13.7 (tags/v3.13.7:bcee1c3, Aug 14 2025, 14:15:11) [MSC v.1944 64 bit (AMD64)]
2026-07-26 14:45:44 | INFO | PyTorch version        : 2.11.0+cu128
2026-07-26 14:45:44 | INFO | Transformers version   : 5.13.1
2026-07-26 14:45:44 | INFO | CUDA available         : True
2026-07-26 14:45:44 | INFO | PyTorch CUDA version   : 12.8
2026-07-26 14:45:44 | INFO | cuDNN version          : 91900
2026-07-26 14:45:44 | INFO | GPU name               : NVIDIA GeForce RTX 3060 Laptop GPU
2026-07-26 14:45:44 | INFO | GPU count              : 1
2026-07-26 14:45:44 | INFO | Current training device: cuda
2026-07-26 14:45:44 | INFO | =============================
2026-07-26 14:45:44 | INFO | Using caller-provided splits: train=11064 validation=2371 test=2372
2026-07-26 14:45:49 | INFO | Token length stats (train sample): {'n_texts_measured': 3000, 'mean': 547.0673333333333, 'median': 508.0, 'p90': 909.0, 'p95': 1068.0, 'p99': 1443.0199999999995, 'pct_over_128': 0.9706666666666667, 'pct_over_256': 0.8736666666666667, 'pct_over_512': 0.49466666666666664, 'recommended_max_length': 256, 'recommendation_reason': 'Measured train token lengths: median「508, 87.4% >256, 49.5% >512. Default max_length=256 is chosen for RTX 3060 VRAM headroom with dynamic padding and gradient accumulation; do not jump to 512 without an OOM check. Long ads are truncated ！ this is an explicit compute/quality trade-off.'}
2026-07-26 14:45:49 | INFO | Saved data_quality_report.json
2026-07-26 14:45:49 | INFO | Train-only class weights: [0.5235661555934128, 11.108433734939759]
2026-07-26 14:45:50 | INFO | Start fine-tuning: model=bert-base-uncased use_class_weights=True max_length=256 batch=8 accum=2
2026-07-26 14:49:14 | INFO | Epoch 1 | train_loss=0.5442 val_loss=0.3594 fraud_f1=0.6250 fraud_recall=0.4673 pr_auc=0.7757
2026-07-26 14:49:33 | INFO | New best checkpoint saved at epoch 1 (fraud_f1=0.6250)
2026-07-26 14:52:57 | INFO | Epoch 2 | train_loss=0.2688 val_loss=0.2679 fraud_f1=0.7511 fraud_recall=0.7757 pr_auc=0.8089
2026-07-26 14:53:16 | INFO | New best checkpoint saved at epoch 2 (fraud_f1=0.7511)
2026-07-26 14:56:39 | INFO | Epoch 3 | train_loss=0.1413 val_loss=0.4767 fraud_f1=0.7797 fraud_recall=0.6449 pr_auc=0.8601
2026-07-26 14:56:58 | INFO | New best checkpoint saved at epoch 3 (fraud_f1=0.7797)
2026-07-26 15:00:22 | INFO | Epoch 4 | train_loss=0.0510 val_loss=0.2549 fraud_f1=0.8252 fraud_recall=0.7944 pr_auc=0.8548
2026-07-26 15:00:41 | INFO | New best checkpoint saved at epoch 4 (fraud_f1=0.8252)
2026-07-26 15:04:03 | INFO | Epoch 5 | train_loss=0.0167 val_loss=0.3413 fraud_f1=0.8469 fraud_recall=0.7757 pr_auc=0.8538
2026-07-26 15:04:23 | INFO | New best checkpoint saved at epoch 5 (fraud_f1=0.8469)
2026-07-26 15:04:23 | INFO | Loading best checkpoint from F:\final-version-1\capstone-project-26t2-9900-h09c-almond\model_weights\bert\split_leakage\condition_b\seed_4\bert_class_weighted\best
2026-07-26 15:04:35 | INFO | Validation threshold selected on validation only: 0.5000 (fraud_f1=0.8469)
2026-07-26 15:04:48 | INFO | Test fraud_f1=0.8800 fraud_recall=0.8224 pr_auc=0.9104
2026-07-26 15:04:48 | INFO | Done. Artifacts under F:\final-version-1\capstone-project-26t2-9900-h09c-almond\model_weights\bert\split_leakage\condition_b\seed_4\bert_class_weighted and F:\final-version-1\capstone-project-26t2-9900-h09c-almond\model_results\bert\split_leakage\condition_b\seed_4
2026-07-26 15:04:48 | INFO | Finished condition=B seed=4 fraud_f1=0.8800 pr_auc=0.9104
2026-07-26 15:04:48 | INFO | === Train condition B seed 5 ===
2026-07-26 15:04:49 | INFO | ======== Environment ========
2026-07-26 15:04:49 | INFO | Python executable      : E:\ml\venv\Scripts\python.exe
2026-07-26 15:04:49 | INFO | Python version         : 3.13.7 (tags/v3.13.7:bcee1c3, Aug 14 2025, 14:15:11) [MSC v.1944 64 bit (AMD64)]
2026-07-26 15:04:49 | INFO | PyTorch version        : 2.11.0+cu128
2026-07-26 15:04:49 | INFO | Transformers version   : 5.13.1
2026-07-26 15:04:49 | INFO | CUDA available         : True
2026-07-26 15:04:49 | INFO | PyTorch CUDA version   : 12.8
2026-07-26 15:04:49 | INFO | cuDNN version          : 91900
2026-07-26 15:04:49 | INFO | GPU name               : NVIDIA GeForce RTX 3060 Laptop GPU
2026-07-26 15:04:49 | INFO | GPU count              : 1
2026-07-26 15:04:49 | INFO | Current training device: cuda
2026-07-26 15:04:49 | INFO | =============================
2026-07-26 15:04:49 | INFO | Using caller-provided splits: train=11064 validation=2371 test=2372
2026-07-26 15:04:53 | INFO | Token length stats (train sample): {'n_texts_measured': 3000, 'mean': 548.2096666666666, 'median': 501.0, 'p90': 918.0, 'p95': 1077.0499999999997, 'p99': 1414.0599999999986, 'pct_over_128': 0.9723333333333334, 'pct_over_256': 0.8686666666666667, 'pct_over_512': 0.4846666666666667, 'recommended_max_length': 256, 'recommendation_reason': 'Measured train token lengths: median「501, 86.9% >256, 48.5% >512. Default max_length=256 is chosen for RTX 3060 VRAM headroom with dynamic padding and gradient accumulation; do not jump to 512 without an OOM check. Long ads are truncated ！ this is an explicit compute/quality trade-off.'}
2026-07-26 15:04:53 | INFO | Saved data_quality_report.json
2026-07-26 15:04:53 | INFO | Train-only class weights: [0.5235661555934128, 11.108433734939759]
2026-07-26 15:04:54 | INFO | Start fine-tuning: model=bert-base-uncased use_class_weights=True max_length=256 batch=8 accum=2
2026-07-26 15:08:18 | INFO | Epoch 1 | train_loss=0.5218 val_loss=0.3662 fraud_f1=0.6748 fraud_recall=0.5140 pr_auc=0.7979
2026-07-26 15:08:37 | INFO | New best checkpoint saved at epoch 1 (fraud_f1=0.6748)
2026-07-26 15:12:01 | INFO | Epoch 2 | train_loss=0.2591 val_loss=0.2259 fraud_f1=0.7611 fraud_recall=0.8037 pr_auc=0.8547
2026-07-26 15:12:20 | INFO | New best checkpoint saved at epoch 2 (fraud_f1=0.7611)
2026-07-26 15:15:44 | INFO | Epoch 3 | train_loss=0.1046 val_loss=0.2626 fraud_f1=0.8134 fraud_recall=0.7944 pr_auc=0.8721
2026-07-26 15:16:03 | INFO | New best checkpoint saved at epoch 3 (fraud_f1=0.8134)
2026-07-26 15:19:26 | INFO | Epoch 4 | train_loss=0.0406 val_loss=0.3232 fraud_f1=0.8557 fraud_recall=0.8037 pr_auc=0.8728
2026-07-26 15:19:45 | INFO | New best checkpoint saved at epoch 4 (fraud_f1=0.8557)
2026-07-26 15:23:08 | INFO | Epoch 5 | train_loss=0.0146 val_loss=0.3120 fraud_f1=0.8571 fraud_recall=0.8131 pr_auc=0.8722
2026-07-26 15:23:28 | INFO | New best checkpoint saved at epoch 5 (fraud_f1=0.8571)
2026-07-26 15:23:28 | INFO | Loading best checkpoint from F:\final-version-1\capstone-project-26t2-9900-h09c-almond\model_weights\bert\split_leakage\condition_b\seed_5\bert_class_weighted\best
2026-07-26 15:23:40 | INFO | Validation threshold selected on validation only: 0.1000 (fraud_f1=0.8641)
2026-07-26 15:23:54 | INFO | Test fraud_f1=0.8442 fraud_recall=0.7850 pr_auc=0.8842
2026-07-26 15:23:54 | INFO | Done. Artifacts under F:\final-version-1\capstone-project-26t2-9900-h09c-almond\model_weights\bert\split_leakage\condition_b\seed_5\bert_class_weighted and F:\final-version-1\capstone-project-26t2-9900-h09c-almond\model_results\bert\split_leakage\condition_b\seed_5
2026-07-26 15:23:54 | INFO | Finished condition=B seed=5 fraud_f1=0.8442 pr_auc=0.8842
2026-07-26 15:23:54 | INFO | === Train condition B seed 6 ===
2026-07-26 15:23:54 | INFO | ======== Environment ========
2026-07-26 15:23:54 | INFO | Python executable      : E:\ml\venv\Scripts\python.exe
2026-07-26 15:23:54 | INFO | Python version         : 3.13.7 (tags/v3.13.7:bcee1c3, Aug 14 2025, 14:15:11) [MSC v.1944 64 bit (AMD64)]
2026-07-26 15:23:54 | INFO | PyTorch version        : 2.11.0+cu128
2026-07-26 15:23:54 | INFO | Transformers version   : 5.13.1
2026-07-26 15:23:54 | INFO | CUDA available         : True
2026-07-26 15:23:54 | INFO | PyTorch CUDA version   : 12.8
2026-07-26 15:23:54 | INFO | cuDNN version          : 91900
2026-07-26 15:23:54 | INFO | GPU name               : NVIDIA GeForce RTX 3060 Laptop GPU
2026-07-26 15:23:54 | INFO | GPU count              : 1
2026-07-26 15:23:54 | INFO | Current training device: cuda
2026-07-26 15:23:54 | INFO | =============================
2026-07-26 15:23:54 | INFO | Using caller-provided splits: train=11064 validation=2371 test=2372
2026-07-26 15:23:59 | INFO | Token length stats (train sample): {'n_texts_measured': 3000, 'mean': 554.324, 'median': 509.5, 'p90': 934.1999999999998, 'p95': 1086.0, 'p99': 1441.0, 'pct_over_128': 0.9713333333333334, 'pct_over_256': 0.8716666666666667, 'pct_over_512': 0.49666666666666665, 'recommended_max_length': 256, 'recommendation_reason': 'Measured train token lengths: median「510, 87.2% >256, 49.7% >512. Default max_length=256 is chosen for RTX 3060 VRAM headroom with dynamic padding and gradient accumulation; do not jump to 512 without an OOM check. Long ads are truncated ！ this is an explicit compute/quality trade-off.'}
2026-07-26 15:23:59 | INFO | Saved data_quality_report.json
2026-07-26 15:23:59 | INFO | Train-only class weights: [0.5235661555934128, 11.108433734939759]
2026-07-26 15:24:00 | INFO | Start fine-tuning: model=bert-base-uncased use_class_weights=True max_length=256 batch=8 accum=2
2026-07-26 15:27:25 | INFO | Epoch 1 | train_loss=0.5217 val_loss=0.2450 fraud_f1=0.7282 fraud_recall=0.7009 pr_auc=0.7861
2026-07-26 15:27:43 | INFO | New best checkpoint saved at epoch 1 (fraud_f1=0.7282)
2026-07-26 15:31:06 | INFO | Epoch 2 | train_loss=0.2551 val_loss=0.2857 fraud_f1=0.8394 fraud_recall=0.7570 pr_auc=0.8884
2026-07-26 15:31:25 | INFO | New best checkpoint saved at epoch 2 (fraud_f1=0.8394)
2026-07-26 15:34:48 | INFO | Epoch 3 | train_loss=0.0876 val_loss=0.2391 fraud_f1=0.8599 fraud_recall=0.8318 pr_auc=0.8848
2026-07-26 15:35:07 | INFO | New best checkpoint saved at epoch 3 (fraud_f1=0.8599)
2026-07-26 15:38:30 | INFO | Epoch 4 | train_loss=0.0294 val_loss=0.2389 fraud_f1=0.8900 fraud_recall=0.8318 pr_auc=0.8926
2026-07-26 15:38:49 | INFO | New best checkpoint saved at epoch 4 (fraud_f1=0.8900)
2026-07-26 15:42:12 | INFO | Epoch 5 | train_loss=0.0083 val_loss=0.2512 fraud_f1=0.8867 fraud_recall=0.8411 pr_auc=0.8811
2026-07-26 15:42:12 | INFO | No improvement. Patience left: 1
2026-07-26 15:42:12 | INFO | Loading best checkpoint from F:\final-version-1\capstone-project-26t2-9900-h09c-almond\model_weights\bert\split_leakage\condition_b\seed_6\bert_class_weighted\best
2026-07-26 15:42:25 | INFO | Validation threshold selected on validation only: 0.7000 (fraud_f1=0.8990)
2026-07-26 15:42:38 | INFO | Test fraud_f1=0.8377 fraud_recall=0.7477 pr_auc=0.8536
2026-07-26 15:42:38 | INFO | Done. Artifacts under F:\final-version-1\capstone-project-26t2-9900-h09c-almond\model_weights\bert\split_leakage\condition_b\seed_6\bert_class_weighted and F:\final-version-1\capstone-project-26t2-9900-h09c-almond\model_results\bert\split_leakage\condition_b\seed_6
2026-07-26 15:42:38 | INFO | Finished condition=B seed=6 fraud_f1=0.8377 pr_auc=0.8536
2026-07-26 15:42:38 | INFO | === Train condition B seed 7 ===
2026-07-26 15:42:38 | INFO | ======== Environment ========
2026-07-26 15:42:38 | INFO | Python executable      : E:\ml\venv\Scripts\python.exe
2026-07-26 15:42:38 | INFO | Python version         : 3.13.7 (tags/v3.13.7:bcee1c3, Aug 14 2025, 14:15:11) [MSC v.1944 64 bit (AMD64)]
2026-07-26 15:42:38 | INFO | PyTorch version        : 2.11.0+cu128
2026-07-26 15:42:38 | INFO | Transformers version   : 5.13.1
2026-07-26 15:42:38 | INFO | CUDA available         : True
2026-07-26 15:42:38 | INFO | PyTorch CUDA version   : 12.8
2026-07-26 15:42:38 | INFO | cuDNN version          : 91900
2026-07-26 15:42:38 | INFO | GPU name               : NVIDIA GeForce RTX 3060 Laptop GPU
2026-07-26 15:42:38 | INFO | GPU count              : 1
2026-07-26 15:42:38 | INFO | Current training device: cuda
2026-07-26 15:42:38 | INFO | =============================
2026-07-26 15:42:38 | INFO | Using caller-provided splits: train=11064 validation=2371 test=2372
2026-07-26 15:42:43 | INFO | Token length stats (train sample): {'n_texts_measured': 3000, 'mean': 550.354, 'median': 509.0, 'p90': 912.0, 'p95': 1059.0999999999995, 'p99': 1443.0199999999995, 'pct_over_128': 0.9686666666666667, 'pct_over_256': 0.8663333333333333, 'pct_over_512': 0.49466666666666664, 'recommended_max_length': 256, 'recommendation_reason': 'Measured train token lengths: median「509, 86.6% >256, 49.5% >512. Default max_length=256 is chosen for RTX 3060 VRAM headroom with dynamic padding and gradient accumulation; do not jump to 512 without an OOM check. Long ads are truncated ！ this is an explicit compute/quality trade-off.'}
2026-07-26 15:42:43 | INFO | Saved data_quality_report.json
2026-07-26 15:42:43 | INFO | Train-only class weights: [0.5235661555934128, 11.108433734939759]
2026-07-26 15:42:43 | INFO | Start fine-tuning: model=bert-base-uncased use_class_weights=True max_length=256 batch=8 accum=2
2026-07-26 15:46:07 | INFO | Epoch 1 | train_loss=0.5056 val_loss=0.4815 fraud_f1=0.6629 fraud_recall=0.5514 pr_auc=0.7518
2026-07-26 15:46:27 | INFO | New best checkpoint saved at epoch 1 (fraud_f1=0.6629)
2026-07-26 15:49:50 | INFO | Epoch 2 | train_loss=0.2506 val_loss=0.2090 fraud_f1=0.7653 fraud_recall=0.7009 pr_auc=0.8597
2026-07-26 15:50:09 | INFO | New best checkpoint saved at epoch 2 (fraud_f1=0.7653)
2026-07-26 15:53:33 | INFO | Epoch 3 | train_loss=0.0961 val_loss=0.2836 fraud_f1=0.8134 fraud_recall=0.7944 pr_auc=0.8479
2026-07-26 15:53:52 | INFO | New best checkpoint saved at epoch 3 (fraud_f1=0.8134)
2026-07-26 15:57:15 | INFO | Epoch 4 | train_loss=0.0314 val_loss=0.3795 fraud_f1=0.7980 fraud_recall=0.7383 pr_auc=0.8705
2026-07-26 15:57:15 | INFO | No improvement. Patience left: 1
2026-07-26 16:00:37 | INFO | Epoch 5 | train_loss=0.0127 val_loss=0.3900 fraud_f1=0.8040 fraud_recall=0.7477 pr_auc=0.8643
2026-07-26 16:00:37 | INFO | No improvement. Patience left: 0
2026-07-26 16:00:37 | INFO | Early stopping at epoch 5
2026-07-26 16:00:38 | INFO | Loading best checkpoint from F:\final-version-1\capstone-project-26t2-9900-h09c-almond\model_weights\bert\split_leakage\condition_b\seed_7\bert_class_weighted\best
2026-07-26 16:00:50 | INFO | Validation threshold selected on validation only: 0.8000 (fraud_f1=0.8333)
2026-07-26 16:01:05 | INFO | Test fraud_f1=0.8333 fraud_recall=0.7944 pr_auc=0.8776
2026-07-26 16:01:05 | INFO | Done. Artifacts under F:\final-version-1\capstone-project-26t2-9900-h09c-almond\model_weights\bert\split_leakage\condition_b\seed_7\bert_class_weighted and F:\final-version-1\capstone-project-26t2-9900-h09c-almond\model_results\bert\split_leakage\condition_b\seed_7
2026-07-26 16:01:05 | INFO | Finished condition=B seed=7 fraud_f1=0.8333 pr_auc=0.8776
2026-07-26 16:01:05 | INFO | === Train condition B seed 8 ===
2026-07-26 16:01:05 | INFO | ======== Environment ========
2026-07-26 16:01:05 | INFO | Python executable      : E:\ml\venv\Scripts\python.exe
2026-07-26 16:01:05 | INFO | Python version         : 3.13.7 (tags/v3.13.7:bcee1c3, Aug 14 2025, 14:15:11) [MSC v.1944 64 bit (AMD64)]
2026-07-26 16:01:05 | INFO | PyTorch version        : 2.11.0+cu128
2026-07-26 16:01:05 | INFO | Transformers version   : 5.13.1
2026-07-26 16:01:05 | INFO | CUDA available         : True
2026-07-26 16:01:05 | INFO | PyTorch CUDA version   : 12.8
2026-07-26 16:01:05 | INFO | cuDNN version          : 91900
2026-07-26 16:01:05 | INFO | GPU name               : NVIDIA GeForce RTX 3060 Laptop GPU
2026-07-26 16:01:05 | INFO | GPU count              : 1
2026-07-26 16:01:05 | INFO | Current training device: cuda
2026-07-26 16:01:05 | INFO | =============================
2026-07-26 16:01:05 | INFO | Using caller-provided splits: train=11064 validation=2371 test=2372
2026-07-26 16:01:10 | INFO | Token length stats (train sample): {'n_texts_measured': 3000, 'mean': 559.5246666666667, 'median': 514.0, 'p90': 936.0999999999999, 'p95': 1092.0499999999997, 'p99': 1512.0499999999988, 'pct_over_128': 0.9693333333333334, 'pct_over_256': 0.872, 'pct_over_512': 0.502, 'recommended_max_length': 256, 'recommendation_reason': 'Measured train token lengths: median「514, 87.2% >256, 50.2% >512. Default max_length=256 is chosen for RTX 3060 VRAM headroom with dynamic padding and gradient accumulation; do not jump to 512 without an OOM check. Long ads are truncated ！ this is an explicit compute/quality trade-off.'}
2026-07-26 16:01:10 | INFO | Saved data_quality_report.json
2026-07-26 16:01:10 | INFO | Train-only class weights: [0.5235661555934128, 11.108433734939759]
2026-07-26 16:01:11 | INFO | Start fine-tuning: model=bert-base-uncased use_class_weights=True max_length=256 batch=8 accum=2
2026-07-26 16:04:35 | INFO | Epoch 1 | train_loss=0.4850 val_loss=0.3489 fraud_f1=0.7200 fraud_recall=0.5888 pr_auc=0.8297
2026-07-26 16:04:54 | INFO | New best checkpoint saved at epoch 1 (fraud_f1=0.7200)
2026-07-26 16:08:18 | INFO | Epoch 2 | train_loss=0.2521 val_loss=0.2418 fraud_f1=0.8000 fraud_recall=0.7664 pr_auc=0.8729
2026-07-26 16:08:37 | INFO | New best checkpoint saved at epoch 2 (fraud_f1=0.8000)
2026-07-26 16:12:01 | INFO | Epoch 3 | train_loss=0.1165 val_loss=0.2154 fraud_f1=0.8505 fraud_recall=0.8505 pr_auc=0.9074
2026-07-26 16:12:20 | INFO | New best checkpoint saved at epoch 3 (fraud_f1=0.8505)
2026-07-26 16:15:43 | INFO | Epoch 4 | train_loss=0.0442 val_loss=0.2498 fraud_f1=0.8585 fraud_recall=0.8505 pr_auc=0.9142
2026-07-26 16:16:02 | INFO | New best checkpoint saved at epoch 4 (fraud_f1=0.8585)
2026-07-26 16:19:25 | INFO | Epoch 5 | train_loss=0.0129 val_loss=0.3029 fraud_f1=0.8544 fraud_recall=0.8224 pr_auc=0.9106
2026-07-26 16:19:25 | INFO | No improvement. Patience left: 1
2026-07-26 16:19:25 | INFO | Loading best checkpoint from F:\final-version-1\capstone-project-26t2-9900-h09c-almond\model_weights\bert\split_leakage\condition_b\seed_8\bert_class_weighted\best
2026-07-26 16:19:38 | INFO | Validation threshold selected on validation only: 0.9500 (fraud_f1=0.8641)
2026-07-26 16:19:52 | INFO | Test fraud_f1=0.8585 fraud_recall=0.8224 pr_auc=0.8988
2026-07-26 16:19:52 | INFO | Done. Artifacts under F:\final-version-1\capstone-project-26t2-9900-h09c-almond\model_weights\bert\split_leakage\condition_b\seed_8\bert_class_weighted and F:\final-version-1\capstone-project-26t2-9900-h09c-almond\model_results\bert\split_leakage\condition_b\seed_8
2026-07-26 16:19:53 | INFO | Finished condition=B seed=8 fraud_f1=0.8585 pr_auc=0.8988
2026-07-26 16:19:53 | INFO | === Train condition B seed 9 ===
2026-07-26 16:19:53 | INFO | ======== Environment ========
2026-07-26 16:19:53 | INFO | Python executable      : E:\ml\venv\Scripts\python.exe
2026-07-26 16:19:53 | INFO | Python version         : 3.13.7 (tags/v3.13.7:bcee1c3, Aug 14 2025, 14:15:11) [MSC v.1944 64 bit (AMD64)]
2026-07-26 16:19:53 | INFO | PyTorch version        : 2.11.0+cu128
2026-07-26 16:19:53 | INFO | Transformers version   : 5.13.1
2026-07-26 16:19:53 | INFO | CUDA available         : True
2026-07-26 16:19:53 | INFO | PyTorch CUDA version   : 12.8
2026-07-26 16:19:53 | INFO | cuDNN version          : 91900
2026-07-26 16:19:53 | INFO | GPU name               : NVIDIA GeForce RTX 3060 Laptop GPU
2026-07-26 16:19:53 | INFO | GPU count              : 1
2026-07-26 16:19:53 | INFO | Current training device: cuda
2026-07-26 16:19:53 | INFO | =============================
2026-07-26 16:19:53 | INFO | Using caller-provided splits: train=11064 validation=2371 test=2372
2026-07-26 16:19:57 | INFO | Token length stats (train sample): {'n_texts_measured': 3000, 'mean': 550.381, 'median': 508.0, 'p90': 923.0, 'p95': 1080.1499999999992, 'p99': 1421.2399999999943, 'pct_over_128': 0.9686666666666667, 'pct_over_256': 0.8723333333333333, 'pct_over_512': 0.49433333333333335, 'recommended_max_length': 256, 'recommendation_reason': 'Measured train token lengths: median「508, 87.2% >256, 49.4% >512. Default max_length=256 is chosen for RTX 3060 VRAM headroom with dynamic padding and gradient accumulation; do not jump to 512 without an OOM check. Long ads are truncated ！ this is an explicit compute/quality trade-off.'}
2026-07-26 16:19:57 | INFO | Saved data_quality_report.json
2026-07-26 16:19:57 | INFO | Train-only class weights: [0.5235661555934128, 11.108433734939759]
2026-07-26 16:19:58 | INFO | Start fine-tuning: model=bert-base-uncased use_class_weights=True max_length=256 batch=8 accum=2
2026-07-26 16:23:22 | INFO | Epoch 1 | train_loss=0.5175 val_loss=0.5132 fraud_f1=0.6135 fraud_recall=0.4673 pr_auc=0.7150
2026-07-26 16:23:41 | INFO | New best checkpoint saved at epoch 1 (fraud_f1=0.6135)
2026-07-26 16:27:05 | INFO | Epoch 2 | train_loss=0.2631 val_loss=0.2924 fraud_f1=0.7805 fraud_recall=0.7477 pr_auc=0.7980
2026-07-26 16:27:24 | INFO | New best checkpoint saved at epoch 2 (fraud_f1=0.7805)
2026-07-26 16:30:47 | INFO | Epoch 3 | train_loss=0.1290 val_loss=0.3093 fraud_f1=0.8113 fraud_recall=0.8037 pr_auc=0.8097
2026-07-26 16:31:07 | INFO | New best checkpoint saved at epoch 3 (fraud_f1=0.8113)
2026-07-26 16:34:30 | INFO | Epoch 4 | train_loss=0.0532 val_loss=0.3100 fraud_f1=0.8358 fraud_recall=0.7850 pr_auc=0.8147
2026-07-26 16:34:49 | INFO | New best checkpoint saved at epoch 4 (fraud_f1=0.8358)
2026-07-26 16:38:12 | INFO | Epoch 5 | train_loss=0.0217 val_loss=0.3477 fraud_f1=0.8317 fraud_recall=0.7850 pr_auc=0.7928
2026-07-26 16:38:12 | INFO | No improvement. Patience left: 1
2026-07-26 16:38:12 | INFO | Loading best checkpoint from F:\final-version-1\capstone-project-26t2-9900-h09c-almond\model_weights\bert\split_leakage\condition_b\seed_9\bert_class_weighted\best
2026-07-26 16:38:25 | INFO | Validation threshold selected on validation only: 0.7000 (fraud_f1=0.8442)
2026-07-26 16:38:38 | INFO | Test fraud_f1=0.8159 fraud_recall=0.7664 pr_auc=0.8356
2026-07-26 16:38:38 | INFO | Done. Artifacts under F:\final-version-1\capstone-project-26t2-9900-h09c-almond\model_weights\bert\split_leakage\condition_b\seed_9\bert_class_weighted and F:\final-version-1\capstone-project-26t2-9900-h09c-almond\model_results\bert\split_leakage\condition_b\seed_9
2026-07-26 16:38:38 | INFO | Finished condition=B seed=9 fraud_f1=0.8159 pr_auc=0.8356
2026-07-26 16:38:38 | INFO | === Train condition C seed 0 ===
2026-07-26 16:38:38 | INFO | ======== Environment ========
2026-07-26 16:38:39 | INFO | Python executable      : E:\ml\venv\Scripts\python.exe
2026-07-26 16:38:39 | INFO | Python version         : 3.13.7 (tags/v3.13.7:bcee1c3, Aug 14 2025, 14:15:11) [MSC v.1944 64 bit (AMD64)]
2026-07-26 16:38:39 | INFO | PyTorch version        : 2.11.0+cu128
2026-07-26 16:38:39 | INFO | Transformers version   : 5.13.1
2026-07-26 16:38:39 | INFO | CUDA available         : True
2026-07-26 16:38:39 | INFO | PyTorch CUDA version   : 12.8
2026-07-26 16:38:39 | INFO | cuDNN version          : 91900
2026-07-26 16:38:39 | INFO | GPU name               : NVIDIA GeForce RTX 3060 Laptop GPU
2026-07-26 16:38:39 | INFO | GPU count              : 1
2026-07-26 16:38:39 | INFO | Current training device: cuda
2026-07-26 16:38:39 | INFO | =============================
2026-07-26 16:38:39 | INFO | Using caller-provided splits: train=11065 validation=2371 test=2371
2026-07-26 16:38:43 | INFO | Token length stats (train sample): {'n_texts_measured': 3000, 'mean': 557.862, 'median': 517.0, 'p90': 925.0, 'p95': 1091.0499999999997, 'p99': 1429.0699999999983, 'pct_over_128': 0.969, 'pct_over_256': 0.8663333333333333, 'pct_over_512': 0.5086666666666667, 'recommended_max_length': 256, 'recommendation_reason': 'Measured train token lengths: median「517, 86.6% >256, 50.9% >512. Default max_length=256 is chosen for RTX 3060 VRAM headroom with dynamic padding and gradient accumulation; do not jump to 512 without an OOM check. Long ads are truncated ！ this is an explicit compute/quality trade-off.'}
2026-07-26 16:38:44 | INFO | Saved data_quality_report.json
2026-07-26 16:38:44 | INFO | Train-only class weights: [0.52356392542822, 11.109437751004016]
2026-07-26 16:38:44 | INFO | Start fine-tuning: model=bert-base-uncased use_class_weights=True max_length=256 batch=8 accum=2
2026-07-26 16:42:08 | INFO | Epoch 1 | train_loss=0.5053 val_loss=0.4589 fraud_f1=0.6125 fraud_recall=0.4579 pr_auc=0.7411
2026-07-26 16:42:28 | INFO | New best checkpoint saved at epoch 1 (fraud_f1=0.6125)
2026-07-26 16:45:52 | INFO | Epoch 2 | train_loss=0.2386 val_loss=0.2147 fraud_f1=0.7107 fraud_recall=0.8037 pr_auc=0.8412
2026-07-26 16:46:11 | INFO | New best checkpoint saved at epoch 2 (fraud_f1=0.7107)
2026-07-26 16:49:34 | INFO | Epoch 3 | train_loss=0.1041 val_loss=0.3431 fraud_f1=0.7845 fraud_recall=0.6636 pr_auc=0.8463
2026-07-26 16:49:53 | INFO | New best checkpoint saved at epoch 3 (fraud_f1=0.7845)
2026-07-26 16:53:16 | INFO | Epoch 4 | train_loss=0.0348 val_loss=0.3776 fraud_f1=0.8235 fraud_recall=0.7196 pr_auc=0.8457
2026-07-26 16:53:36 | INFO | New best checkpoint saved at epoch 4 (fraud_f1=0.8235)
2026-07-26 16:56:59 | INFO | Epoch 5 | train_loss=0.0129 val_loss=0.3815 fraud_f1=0.8125 fraud_recall=0.7290 pr_auc=0.8255
2026-07-26 16:56:59 | INFO | No improvement. Patience left: 1
2026-07-26 16:56:59 | INFO | Loading best checkpoint from F:\final-version-1\capstone-project-26t2-9900-h09c-almond\model_weights\bert\split_leakage\condition_c\seed_0\bert_class_weighted\best
2026-07-26 16:57:11 | INFO | Validation threshold selected on validation only: 0.1000 (fraud_f1=0.8377)
2026-07-26 16:57:25 | INFO | Test fraud_f1=0.8293 fraud_recall=0.7944 pr_auc=0.8785
2026-07-26 16:57:25 | INFO | Done. Artifacts under F:\final-version-1\capstone-project-26t2-9900-h09c-almond\model_weights\bert\split_leakage\condition_c\seed_0\bert_class_weighted and F:\final-version-1\capstone-project-26t2-9900-h09c-almond\model_results\bert\split_leakage\condition_c\seed_0
2026-07-26 16:57:25 | INFO | Finished condition=C seed=0 fraud_f1=0.8293 pr_auc=0.8785
2026-07-26 16:57:25 | INFO | === Train condition C seed 1 ===
2026-07-26 16:57:25 | INFO | ======== Environment ========
2026-07-26 16:57:25 | INFO | Python executable      : E:\ml\venv\Scripts\python.exe
2026-07-26 16:57:25 | INFO | Python version         : 3.13.7 (tags/v3.13.7:bcee1c3, Aug 14 2025, 14:15:11) [MSC v.1944 64 bit (AMD64)]
2026-07-26 16:57:25 | INFO | PyTorch version        : 2.11.0+cu128
2026-07-26 16:57:25 | INFO | Transformers version   : 5.13.1
2026-07-26 16:57:25 | INFO | CUDA available         : True
2026-07-26 16:57:25 | INFO | PyTorch CUDA version   : 12.8
2026-07-26 16:57:25 | INFO | cuDNN version          : 91900
2026-07-26 16:57:25 | INFO | GPU name               : NVIDIA GeForce RTX 3060 Laptop GPU
2026-07-26 16:57:25 | INFO | GPU count              : 1
2026-07-26 16:57:25 | INFO | Current training device: cuda
2026-07-26 16:57:25 | INFO | =============================
2026-07-26 16:57:25 | INFO | Using caller-provided splits: train=11065 validation=2371 test=2371
2026-07-26 16:57:30 | INFO | Token length stats (train sample): {'n_texts_measured': 3000, 'mean': 549.1026666666667, 'median': 504.0, 'p90': 920.0, 'p95': 1078.0, 'p99': 1436.0499999999988, 'pct_over_128': 0.9743333333333334, 'pct_over_256': 0.8786666666666667, 'pct_over_512': 0.48966666666666664, 'recommended_max_length': 256, 'recommendation_reason': 'Measured train token lengths: median「504, 87.9% >256, 49.0% >512. Default max_length=256 is chosen for RTX 3060 VRAM headroom with dynamic padding and gradient accumulation; do not jump to 512 without an OOM check. Long ads are truncated ！ this is an explicit compute/quality trade-off.'}
2026-07-26 16:57:30 | INFO | Saved data_quality_report.json
2026-07-26 16:57:30 | INFO | Train-only class weights: [0.52356392542822, 11.109437751004016]
2026-07-26 16:57:31 | INFO | Start fine-tuning: model=bert-base-uncased use_class_weights=True max_length=256 batch=8 accum=2
2026-07-26 17:00:55 | INFO | Epoch 1 | train_loss=0.4942 val_loss=0.2695 fraud_f1=0.6948 fraud_recall=0.6916 pr_auc=0.7873
2026-07-26 17:01:15 | INFO | New best checkpoint saved at epoch 1 (fraud_f1=0.6948)
2026-07-26 17:04:38 | INFO | Epoch 2 | train_loss=0.2342 val_loss=0.2617 fraud_f1=0.7795 fraud_recall=0.7103 pr_auc=0.8351
2026-07-26 17:04:58 | INFO | New best checkpoint saved at epoch 2 (fraud_f1=0.7795)
2026-07-26 17:08:21 | INFO | Epoch 3 | train_loss=0.0990 val_loss=0.2026 fraud_f1=0.7873 fraud_recall=0.8131 pr_auc=0.8580
2026-07-26 17:08:40 | INFO | New best checkpoint saved at epoch 3 (fraud_f1=0.7873)
2026-07-26 17:12:02 | INFO | Epoch 4 | train_loss=0.0421 val_loss=0.3299 fraud_f1=0.7826 fraud_recall=0.6729 pr_auc=0.8806
2026-07-26 17:12:02 | INFO | No improvement. Patience left: 1
2026-07-26 17:15:24 | INFO | Epoch 5 | train_loss=0.0126 val_loss=0.2784 fraud_f1=0.8394 fraud_recall=0.7570 pr_auc=0.8565
2026-07-26 17:15:43 | INFO | New best checkpoint saved at epoch 5 (fraud_f1=0.8394)
2026-07-26 17:15:43 | INFO | Loading best checkpoint from F:\final-version-1\capstone-project-26t2-9900-h09c-almond\model_weights\bert\split_leakage\condition_c\seed_1\bert_class_weighted\best
2026-07-26 17:15:55 | INFO | Validation threshold selected on validation only: 0.0500 (fraud_f1=0.8543)
2026-07-26 17:16:10 | INFO | Test fraud_f1=0.8502 fraud_recall=0.8224 pr_auc=0.8470
2026-07-26 17:16:10 | INFO | Done. Artifacts under F:\final-version-1\capstone-project-26t2-9900-h09c-almond\model_weights\bert\split_leakage\condition_c\seed_1\bert_class_weighted and F:\final-version-1\capstone-project-26t2-9900-h09c-almond\model_results\bert\split_leakage\condition_c\seed_1
2026-07-26 17:16:10 | INFO | Finished condition=C seed=1 fraud_f1=0.8502 pr_auc=0.8470
2026-07-26 17:16:10 | INFO | === Train condition C seed 2 ===
2026-07-26 17:16:10 | INFO | ======== Environment ========
2026-07-26 17:16:10 | INFO | Python executable      : E:\ml\venv\Scripts\python.exe
2026-07-26 17:16:10 | INFO | Python version         : 3.13.7 (tags/v3.13.7:bcee1c3, Aug 14 2025, 14:15:11) [MSC v.1944 64 bit (AMD64)]
2026-07-26 17:16:10 | INFO | PyTorch version        : 2.11.0+cu128
2026-07-26 17:16:10 | INFO | Transformers version   : 5.13.1
2026-07-26 17:16:10 | INFO | CUDA available         : True
2026-07-26 17:16:10 | INFO | PyTorch CUDA version   : 12.8
2026-07-26 17:16:10 | INFO | cuDNN version          : 91900
2026-07-26 17:16:10 | INFO | GPU name               : NVIDIA GeForce RTX 3060 Laptop GPU
2026-07-26 17:16:10 | INFO | GPU count              : 1
2026-07-26 17:16:10 | INFO | Current training device: cuda
2026-07-26 17:16:10 | INFO | =============================
2026-07-26 17:16:10 | INFO | Using caller-provided splits: train=11065 validation=2371 test=2371
2026-07-26 17:16:16 | INFO | Token length stats (train sample): {'n_texts_measured': 3000, 'mean': 544.6193333333333, 'median': 509.0, 'p90': 902.0999999999999, 'p95': 1061.0499999999997, 'p99': 1437.039999999999, 'pct_over_128': 0.966, 'pct_over_256': 0.8586666666666667, 'pct_over_512': 0.49766666666666665, 'recommended_max_length': 256, 'recommendation_reason': 'Measured train token lengths: median「509, 85.9% >256, 49.8% >512. Default max_length=256 is chosen for RTX 3060 VRAM headroom with dynamic padding and gradient accumulation; do not jump to 512 without an OOM check. Long ads are truncated ！ this is an explicit compute/quality trade-off.'}
2026-07-26 17:16:16 | INFO | Saved data_quality_report.json
2026-07-26 17:16:16 | INFO | Train-only class weights: [0.52356392542822, 11.109437751004016]
2026-07-26 17:16:16 | INFO | Start fine-tuning: model=bert-base-uncased use_class_weights=True max_length=256 batch=8 accum=2
2026-07-26 17:19:40 | INFO | Epoch 1 | train_loss=0.4940 val_loss=0.4485 fraud_f1=0.5752 fraud_recall=0.4112 pr_auc=0.7853
2026-07-26 17:19:59 | INFO | New best checkpoint saved at epoch 1 (fraud_f1=0.5752)
2026-07-26 17:23:22 | INFO | Epoch 2 | train_loss=0.2816 val_loss=0.3679 fraud_f1=0.7514 fraud_recall=0.6355 pr_auc=0.8492
2026-07-26 17:23:41 | INFO | New best checkpoint saved at epoch 2 (fraud_f1=0.7514)
2026-07-26 17:27:03 | INFO | Epoch 3 | train_loss=0.1131 val_loss=0.5237 fraud_f1=0.7176 fraud_recall=0.5701 pr_auc=0.8405
2026-07-26 17:27:03 | INFO | No improvement. Patience left: 1
2026-07-26 17:30:25 | INFO | Epoch 4 | train_loss=0.0390 val_loss=0.4440 fraud_f1=0.7556 fraud_recall=0.6355 pr_auc=0.8401
2026-07-26 17:30:45 | INFO | New best checkpoint saved at epoch 4 (fraud_f1=0.7556)
2026-07-26 17:34:07 | INFO | Epoch 5 | train_loss=0.0054 val_loss=0.5765 fraud_f1=0.7528 fraud_recall=0.6262 pr_auc=0.8179
2026-07-26 17:34:07 | INFO | No improvement. Patience left: 1
2026-07-26 17:34:07 | INFO | Loading best checkpoint from F:\final-version-1\capstone-project-26t2-9900-h09c-almond\model_weights\bert\split_leakage\condition_c\seed_2\bert_class_weighted\best
2026-07-26 17:34:19 | INFO | Validation threshold selected on validation only: 0.0500 (fraud_f1=0.7938)
2026-07-26 17:34:33 | INFO | Test fraud_f1=0.7940 fraud_recall=0.7383 pr_auc=0.8381
2026-07-26 17:34:33 | INFO | Done. Artifacts under F:\final-version-1\capstone-project-26t2-9900-h09c-almond\model_weights\bert\split_leakage\condition_c\seed_2\bert_class_weighted and F:\final-version-1\capstone-project-26t2-9900-h09c-almond\model_results\bert\split_leakage\condition_c\seed_2
2026-07-26 17:34:33 | INFO | Finished condition=C seed=2 fraud_f1=0.7940 pr_auc=0.8381
2026-07-26 17:34:33 | INFO | === Train condition C seed 3 ===
2026-07-26 17:34:34 | INFO | ======== Environment ========
2026-07-26 17:34:34 | INFO | Python executable      : E:\ml\venv\Scripts\python.exe
2026-07-26 17:34:34 | INFO | Python version         : 3.13.7 (tags/v3.13.7:bcee1c3, Aug 14 2025, 14:15:11) [MSC v.1944 64 bit (AMD64)]
2026-07-26 17:34:34 | INFO | PyTorch version        : 2.11.0+cu128
2026-07-26 17:34:34 | INFO | Transformers version   : 5.13.1
2026-07-26 17:34:34 | INFO | CUDA available         : True
2026-07-26 17:34:34 | INFO | PyTorch CUDA version   : 12.8
2026-07-26 17:34:34 | INFO | cuDNN version          : 91900
2026-07-26 17:34:34 | INFO | GPU name               : NVIDIA GeForce RTX 3060 Laptop GPU
2026-07-26 17:34:34 | INFO | GPU count              : 1
2026-07-26 17:34:34 | INFO | Current training device: cuda
2026-07-26 17:34:34 | INFO | =============================
2026-07-26 17:34:34 | INFO | Using caller-provided splits: train=11065 validation=2371 test=2371
2026-07-26 17:34:38 | INFO | Token length stats (train sample): {'n_texts_measured': 3000, 'mean': 546.3613333333333, 'median': 508.0, 'p90': 911.0, 'p95': 1056.0499999999997, 'p99': 1410.0999999999976, 'pct_over_128': 0.9713333333333334, 'pct_over_256': 0.8673333333333333, 'pct_over_512': 0.49366666666666664, 'recommended_max_length': 256, 'recommendation_reason': 'Measured train token lengths: median「508, 86.7% >256, 49.4% >512. Default max_length=256 is chosen for RTX 3060 VRAM headroom with dynamic padding and gradient accumulation; do not jump to 512 without an OOM check. Long ads are truncated ！ this is an explicit compute/quality trade-off.'}
2026-07-26 17:34:38 | INFO | Saved data_quality_report.json
2026-07-26 17:34:38 | INFO | Train-only class weights: [0.52356392542822, 11.109437751004016]
2026-07-26 17:34:39 | INFO | Start fine-tuning: model=bert-base-uncased use_class_weights=True max_length=256 batch=8 accum=2
2026-07-26 17:38:02 | INFO | Epoch 1 | train_loss=0.5146 val_loss=0.5005 fraud_f1=0.5205 fraud_recall=0.3551 pr_auc=0.7509
2026-07-26 17:38:21 | INFO | New best checkpoint saved at epoch 1 (fraud_f1=0.5205)
2026-07-26 17:41:44 | INFO | Epoch 2 | train_loss=0.2748 val_loss=0.1567 fraud_f1=0.8095 fraud_recall=0.7944 pr_auc=0.8685
2026-07-26 17:42:04 | INFO | New best checkpoint saved at epoch 2 (fraud_f1=0.8095)
2026-07-26 17:45:27 | INFO | Epoch 3 | train_loss=0.1176 val_loss=0.3998 fraud_f1=0.8000 fraud_recall=0.6916 pr_auc=0.8610
2026-07-26 17:45:27 | INFO | No improvement. Patience left: 1
2026-07-26 17:48:49 | INFO | Epoch 4 | train_loss=0.0381 val_loss=0.3552 fraud_f1=0.8485 fraud_recall=0.7850 pr_auc=0.8786
2026-07-26 17:49:08 | INFO | New best checkpoint saved at epoch 4 (fraud_f1=0.8485)
2026-07-26 17:52:30 | INFO | Epoch 5 | train_loss=0.0124 val_loss=0.3488 fraud_f1=0.8557 fraud_recall=0.8037 pr_auc=0.8577
2026-07-26 17:52:50 | INFO | New best checkpoint saved at epoch 5 (fraud_f1=0.8557)
2026-07-26 17:52:50 | INFO | Loading best checkpoint from F:\final-version-1\capstone-project-26t2-9900-h09c-almond\model_weights\bert\split_leakage\condition_c\seed_3\bert_class_weighted\best
2026-07-26 17:53:02 | INFO | Validation threshold selected on validation only: 0.4000 (fraud_f1=0.8557)
2026-07-26 17:53:16 | INFO | Test fraud_f1=0.8586 fraud_recall=0.7944 pr_auc=0.9019
2026-07-26 17:53:16 | INFO | Done. Artifacts under F:\final-version-1\capstone-project-26t2-9900-h09c-almond\model_weights\bert\split_leakage\condition_c\seed_3\bert_class_weighted and F:\final-version-1\capstone-project-26t2-9900-h09c-almond\model_results\bert\split_leakage\condition_c\seed_3
2026-07-26 17:53:17 | INFO | Finished condition=C seed=3 fraud_f1=0.8586 pr_auc=0.9019
2026-07-26 17:53:17 | INFO | === Train condition C seed 4 ===
2026-07-26 17:53:17 | INFO | ======== Environment ========
2026-07-26 17:53:17 | INFO | Python executable      : E:\ml\venv\Scripts\python.exe
2026-07-26 17:53:17 | INFO | Python version         : 3.13.7 (tags/v3.13.7:bcee1c3, Aug 14 2025, 14:15:11) [MSC v.1944 64 bit (AMD64)]
2026-07-26 17:53:17 | INFO | PyTorch version        : 2.11.0+cu128
2026-07-26 17:53:17 | INFO | Transformers version   : 5.13.1
2026-07-26 17:53:17 | INFO | CUDA available         : True
2026-07-26 17:53:17 | INFO | PyTorch CUDA version   : 12.8
2026-07-26 17:53:17 | INFO | cuDNN version          : 91900
2026-07-26 17:53:17 | INFO | GPU name               : NVIDIA GeForce RTX 3060 Laptop GPU
2026-07-26 17:53:17 | INFO | GPU count              : 1
2026-07-26 17:53:17 | INFO | Current training device: cuda
2026-07-26 17:53:17 | INFO | =============================
2026-07-26 17:53:17 | INFO | Using caller-provided splits: train=11064 validation=2371 test=2372
2026-07-26 17:53:22 | INFO | Token length stats (train sample): {'n_texts_measured': 3000, 'mean': 567.1446666666667, 'median': 514.0, 'p90': 960.0, 'p95': 1121.0499999999997, 'p99': 1611.0899999999979, 'pct_over_128': 0.9706666666666667, 'pct_over_256': 0.8783333333333333, 'pct_over_512': 0.5023333333333333, 'recommended_max_length': 256, 'recommendation_reason': 'Measured train token lengths: median「514, 87.8% >256, 50.2% >512. Default max_length=256 is chosen for RTX 3060 VRAM headroom with dynamic padding and gradient accumulation; do not jump to 512 without an OOM check. Long ads are truncated ！ this is an explicit compute/quality trade-off.'}
2026-07-26 17:53:22 | INFO | Saved data_quality_report.json
2026-07-26 17:53:22 | INFO | Train-only class weights: [0.5235661555934128, 11.108433734939759]
2026-07-26 17:53:22 | INFO | Start fine-tuning: model=bert-base-uncased use_class_weights=True max_length=256 batch=8 accum=2
2026-07-26 17:56:45 | INFO | Epoch 1 | train_loss=0.5148 val_loss=0.4698 fraud_f1=0.7168 fraud_recall=0.5794 pr_auc=0.7689
2026-07-26 17:57:04 | INFO | New best checkpoint saved at epoch 1 (fraud_f1=0.7168)
2026-07-26 18:00:28 | INFO | Epoch 2 | train_loss=0.2395 val_loss=0.3316 fraud_f1=0.7524 fraud_recall=0.7383 pr_auc=0.8139
2026-07-26 18:00:48 | INFO | New best checkpoint saved at epoch 2 (fraud_f1=0.7524)
2026-07-26 18:04:09 | INFO | Epoch 3 | train_loss=0.1063 val_loss=0.2849 fraud_f1=0.7707 fraud_recall=0.7383 pr_auc=0.8334
2026-07-26 18:04:28 | INFO | New best checkpoint saved at epoch 3 (fraud_f1=0.7707)
2026-07-26 18:07:50 | INFO | Epoch 4 | train_loss=0.0406 val_loss=0.3770 fraud_f1=0.7778 fraud_recall=0.7196 pr_auc=0.8379
2026-07-26 18:08:10 | INFO | New best checkpoint saved at epoch 4 (fraud_f1=0.7778)
2026-07-26 18:11:32 | INFO | Epoch 5 | train_loss=0.0119 val_loss=0.4156 fraud_f1=0.7831 fraud_recall=0.6916 pr_auc=0.8456
2026-07-26 18:11:52 | INFO | New best checkpoint saved at epoch 5 (fraud_f1=0.7831)
2026-07-26 18:11:52 | INFO | Loading best checkpoint from F:\final-version-1\capstone-project-26t2-9900-h09c-almond\model_weights\bert\split_leakage\condition_c\seed_4\bert_class_weighted\best
2026-07-26 18:12:04 | INFO | Validation threshold selected on validation only: 0.1500 (fraud_f1=0.7917)
2026-07-26 18:12:20 | INFO | Test fraud_f1=0.8083 fraud_recall=0.7290 pr_auc=0.8390
2026-07-26 18:12:20 | INFO | Done. Artifacts under F:\final-version-1\capstone-project-26t2-9900-h09c-almond\model_weights\bert\split_leakage\condition_c\seed_4\bert_class_weighted and F:\final-version-1\capstone-project-26t2-9900-h09c-almond\model_results\bert\split_leakage\condition_c\seed_4
2026-07-26 18:12:20 | INFO | Finished condition=C seed=4 fraud_f1=0.8083 pr_auc=0.8390
2026-07-26 18:12:20 | INFO | === Train condition C seed 5 ===
2026-07-26 18:12:20 | INFO | ======== Environment ========
2026-07-26 18:12:20 | INFO | Python executable      : E:\ml\venv\Scripts\python.exe
2026-07-26 18:12:20 | INFO | Python version         : 3.13.7 (tags/v3.13.7:bcee1c3, Aug 14 2025, 14:15:11) [MSC v.1944 64 bit (AMD64)]
2026-07-26 18:12:20 | INFO | PyTorch version        : 2.11.0+cu128
2026-07-26 18:12:20 | INFO | Transformers version   : 5.13.1
2026-07-26 18:12:20 | INFO | CUDA available         : True
2026-07-26 18:12:20 | INFO | PyTorch CUDA version   : 12.8
2026-07-26 18:12:20 | INFO | cuDNN version          : 91900
2026-07-26 18:12:20 | INFO | GPU name               : NVIDIA GeForce RTX 3060 Laptop GPU
2026-07-26 18:12:21 | INFO | GPU count              : 1
2026-07-26 18:12:21 | INFO | Current training device: cuda
2026-07-26 18:12:21 | INFO | =============================
2026-07-26 18:12:21 | INFO | Using caller-provided splits: train=11046 validation=2409 test=2352
2026-07-26 18:12:26 | INFO | Token length stats (train sample): {'n_texts_measured': 3000, 'mean': 549.655, 'median': 509.0, 'p90': 907.0999999999999, 'p95': 1070.0499999999997, 'p99': 1476.0299999999993, 'pct_over_128': 0.969, 'pct_over_256': 0.872, 'pct_over_512': 0.49533333333333335, 'recommended_max_length': 256, 'recommendation_reason': 'Measured train token lengths: median「509, 87.2% >256, 49.5% >512. Default max_length=256 is chosen for RTX 3060 VRAM headroom with dynamic padding and gradient accumulation; do not jump to 512 without an OOM check. Long ads are truncated ！ this is an explicit compute/quality trade-off.'}
2026-07-26 18:12:26 | INFO | Saved data_quality_report.json
2026-07-26 18:12:26 | INFO | Train-only class weights: [0.5236063708759955, 11.090361445783133]
2026-07-26 18:12:26 | INFO | Start fine-tuning: model=bert-base-uncased use_class_weights=True max_length=256 batch=8 accum=2
2026-07-26 18:15:50 | INFO | Epoch 1 | train_loss=0.4902 val_loss=0.4738 fraud_f1=0.6335 fraud_recall=0.4766 pr_auc=0.7235
2026-07-26 18:16:10 | INFO | New best checkpoint saved at epoch 1 (fraud_f1=0.6335)
2026-07-26 18:19:33 | INFO | Epoch 2 | train_loss=0.2448 val_loss=0.2650 fraud_f1=0.7614 fraud_recall=0.7009 pr_auc=0.8266
2026-07-26 18:19:52 | INFO | New best checkpoint saved at epoch 2 (fraud_f1=0.7614)
2026-07-26 18:23:20 | INFO | Epoch 3 | train_loss=0.0692 val_loss=0.3014 fraud_f1=0.7437 fraud_recall=0.6916 pr_auc=0.8051
2026-07-26 18:23:20 | INFO | No improvement. Patience left: 1
2026-07-26 18:26:46 | INFO | Epoch 4 | train_loss=0.0238 val_loss=0.3386 fraud_f1=0.7755 fraud_recall=0.7103 pr_auc=0.7965
2026-07-26 18:27:06 | INFO | New best checkpoint saved at epoch 4 (fraud_f1=0.7755)
2026-07-26 18:30:33 | INFO | Epoch 5 | train_loss=0.0084 val_loss=0.3685 fraud_f1=0.7795 fraud_recall=0.7103 pr_auc=0.8058
2026-07-26 18:30:53 | INFO | New best checkpoint saved at epoch 5 (fraud_f1=0.7795)
2026-07-26 18:30:53 | INFO | Loading best checkpoint from F:\final-version-1\capstone-project-26t2-9900-h09c-almond\model_weights\bert\split_leakage\condition_c\seed_5\bert_class_weighted\best
2026-07-26 18:31:06 | INFO | Validation threshold selected on validation only: 0.2500 (fraud_f1=0.7857)
2026-07-26 18:31:21 | INFO | Test fraud_f1=0.8528 fraud_recall=0.7850 pr_auc=0.8613
2026-07-26 18:31:21 | INFO | Done. Artifacts under F:\final-version-1\capstone-project-26t2-9900-h09c-almond\model_weights\bert\split_leakage\condition_c\seed_5\bert_class_weighted and F:\final-version-1\capstone-project-26t2-9900-h09c-almond\model_results\bert\split_leakage\condition_c\seed_5
2026-07-26 18:31:21 | INFO | Finished condition=C seed=5 fraud_f1=0.8528 pr_auc=0.8613
2026-07-26 18:31:21 | INFO | === Train condition C seed 6 ===
2026-07-26 18:31:21 | INFO | ======== Environment ========
2026-07-26 18:31:21 | INFO | Python executable      : E:\ml\venv\Scripts\python.exe
2026-07-26 18:31:21 | INFO | Python version         : 3.13.7 (tags/v3.13.7:bcee1c3, Aug 14 2025, 14:15:11) [MSC v.1944 64 bit (AMD64)]
2026-07-26 18:31:21 | INFO | PyTorch version        : 2.11.0+cu128
2026-07-26 18:31:21 | INFO | Transformers version   : 5.13.1
2026-07-26 18:31:21 | INFO | CUDA available         : True
2026-07-26 18:31:21 | INFO | PyTorch CUDA version   : 12.8
2026-07-26 18:31:21 | INFO | cuDNN version          : 91900
2026-07-26 18:31:21 | INFO | GPU name               : NVIDIA GeForce RTX 3060 Laptop GPU
2026-07-26 18:31:21 | INFO | GPU count              : 1
2026-07-26 18:31:21 | INFO | Current training device: cuda
2026-07-26 18:31:21 | INFO | =============================
2026-07-26 18:31:21 | INFO | Using caller-provided splits: train=11065 validation=2371 test=2371
2026-07-26 18:31:26 | INFO | Token length stats (train sample): {'n_texts_measured': 3000, 'mean': 560.179, 'median': 513.0, 'p90': 933.0999999999999, 'p95': 1103.1499999999992, 'p99': 1490.039999999999, 'pct_over_128': 0.9753333333333334, 'pct_over_256': 0.883, 'pct_over_512': 0.5003333333333333, 'recommended_max_length': 256, 'recommendation_reason': 'Measured train token lengths: median「513, 88.3% >256, 50.0% >512. Default max_length=256 is chosen for RTX 3060 VRAM headroom with dynamic padding and gradient accumulation; do not jump to 512 without an OOM check. Long ads are truncated ！ this is an explicit compute/quality trade-off.'}
2026-07-26 18:31:26 | INFO | Saved data_quality_report.json
2026-07-26 18:31:26 | INFO | Train-only class weights: [0.52356392542822, 11.109437751004016]
2026-07-26 18:31:27 | INFO | Start fine-tuning: model=bert-base-uncased use_class_weights=True max_length=256 batch=8 accum=2
2026-07-26 18:34:55 | INFO | Epoch 1 | train_loss=0.4928 val_loss=0.2990 fraud_f1=0.6695 fraud_recall=0.7290 pr_auc=0.7583
2026-07-26 18:35:15 | INFO | New best checkpoint saved at epoch 1 (fraud_f1=0.6695)
2026-07-26 18:38:42 | INFO | Epoch 2 | train_loss=0.2421 val_loss=0.3717 fraud_f1=0.8020 fraud_recall=0.7383 pr_auc=0.8371
2026-07-26 18:39:02 | INFO | New best checkpoint saved at epoch 2 (fraud_f1=0.8020)
2026-07-26 18:42:28 | INFO | Epoch 3 | train_loss=0.1115 val_loss=0.4250 fraud_f1=0.8020 fraud_recall=0.7383 pr_auc=0.8169
2026-07-26 18:42:28 | INFO | No improvement. Patience left: 1
2026-07-26 18:45:54 | INFO | Epoch 4 | train_loss=0.0357 val_loss=0.4769 fraud_f1=0.8144 fraud_recall=0.7383 pr_auc=0.8178
2026-07-26 18:46:14 | INFO | New best checkpoint saved at epoch 4 (fraud_f1=0.8144)
2026-07-26 18:49:40 | INFO | Epoch 5 | train_loss=0.0191 val_loss=0.5012 fraud_f1=0.8308 fraud_recall=0.7570 pr_auc=0.7954
2026-07-26 18:50:00 | INFO | New best checkpoint saved at epoch 5 (fraud_f1=0.8308)
2026-07-26 18:50:00 | INFO | Loading best checkpoint from F:\final-version-1\capstone-project-26t2-9900-h09c-almond\model_weights\bert\split_leakage\condition_c\seed_6\bert_class_weighted\best
2026-07-26 18:50:13 | INFO | Validation threshold selected on validation only: 0.1500 (fraud_f1=0.8367)
2026-07-26 18:50:29 | INFO | Test fraud_f1=0.7839 fraud_recall=0.7290 pr_auc=0.8029
2026-07-26 18:50:29 | INFO | Done. Artifacts under F:\final-version-1\capstone-project-26t2-9900-h09c-almond\model_weights\bert\split_leakage\condition_c\seed_6\bert_class_weighted and F:\final-version-1\capstone-project-26t2-9900-h09c-almond\model_results\bert\split_leakage\condition_c\seed_6
2026-07-26 18:50:29 | INFO | Finished condition=C seed=6 fraud_f1=0.7839 pr_auc=0.8029
2026-07-26 18:50:29 | INFO | === Train condition C seed 7 ===
2026-07-26 18:50:29 | INFO | ======== Environment ========
2026-07-26 18:50:29 | INFO | Python executable      : E:\ml\venv\Scripts\python.exe
2026-07-26 18:50:29 | INFO | Python version         : 3.13.7 (tags/v3.13.7:bcee1c3, Aug 14 2025, 14:15:11) [MSC v.1944 64 bit (AMD64)]
2026-07-26 18:50:29 | INFO | PyTorch version        : 2.11.0+cu128
2026-07-26 18:50:29 | INFO | Transformers version   : 5.13.1
2026-07-26 18:50:29 | INFO | CUDA available         : True
2026-07-26 18:50:29 | INFO | PyTorch CUDA version   : 12.8
2026-07-26 18:50:29 | INFO | cuDNN version          : 91900
2026-07-26 18:50:29 | INFO | GPU name               : NVIDIA GeForce RTX 3060 Laptop GPU
2026-07-26 18:50:29 | INFO | GPU count              : 1
2026-07-26 18:50:29 | INFO | Current training device: cuda
2026-07-26 18:50:29 | INFO | =============================
2026-07-26 18:50:29 | INFO | Using caller-provided splits: train=11066 validation=2371 test=2370
2026-07-26 18:50:34 | INFO | Token length stats (train sample): {'n_texts_measured': 3000, 'mean': 549.858, 'median': 512.5, 'p90': 916.0, 'p95': 1071.0999999999995, 'p99': 1380.4399999999896, 'pct_over_128': 0.9686666666666667, 'pct_over_256': 0.87, 'pct_over_512': 0.5, 'recommended_max_length': 256, 'recommendation_reason': 'Measured train token lengths: median「512, 87.0% >256, 50.0% >512. Default max_length=256 is chosen for RTX 3060 VRAM headroom with dynamic padding and gradient accumulation; do not jump to 512 without an OOM check. Long ads are truncated ！ this is an explicit compute/quality trade-off.'}
2026-07-26 18:50:34 | INFO | Saved data_quality_report.json
2026-07-26 18:50:34 | INFO | Train-only class weights: [0.5236112425475538, 11.08817635270541]
2026-07-26 18:50:35 | INFO | Start fine-tuning: model=bert-base-uncased use_class_weights=True max_length=256 batch=8 accum=2
2026-07-26 18:54:01 | INFO | Epoch 1 | train_loss=0.4571 val_loss=0.5928 fraud_f1=0.6065 fraud_recall=0.4393 pr_auc=0.7373
2026-07-26 18:54:21 | INFO | New best checkpoint saved at epoch 1 (fraud_f1=0.6065)
2026-07-26 18:57:47 | INFO | Epoch 2 | train_loss=0.2567 val_loss=0.2567 fraud_f1=0.7830 fraud_recall=0.7757 pr_auc=0.8617
2026-07-26 18:58:08 | INFO | New best checkpoint saved at epoch 2 (fraud_f1=0.7830)
2026-07-26 19:01:34 | INFO | Epoch 3 | train_loss=0.0847 val_loss=0.2667 fraud_f1=0.7982 fraud_recall=0.8131 pr_auc=0.8722
2026-07-26 19:01:54 | INFO | New best checkpoint saved at epoch 3 (fraud_f1=0.7982)
2026-07-26 19:05:21 | INFO | Epoch 4 | train_loss=0.0251 val_loss=0.5055 fraud_f1=0.8526 fraud_recall=0.7570 pr_auc=0.8626
2026-07-26 19:05:40 | INFO | New best checkpoint saved at epoch 4 (fraud_f1=0.8526)
2026-07-26 19:09:07 | INFO | Epoch 5 | train_loss=0.0116 val_loss=0.4600 fraud_f1=0.8543 fraud_recall=0.7944 pr_auc=0.8574
2026-07-26 19:09:27 | INFO | New best checkpoint saved at epoch 5 (fraud_f1=0.8543)
2026-07-26 19:09:28 | INFO | Loading best checkpoint from F:\final-version-1\capstone-project-26t2-9900-h09c-almond\model_weights\bert\split_leakage\condition_c\seed_7\bert_class_weighted\best
2026-07-26 19:09:41 | INFO | Validation threshold selected on validation only: 0.3000 (fraud_f1=0.8543)
2026-07-26 19:09:57 | INFO | Test fraud_f1=0.7938 fraud_recall=0.7264 pr_auc=0.8282
2026-07-26 19:09:57 | INFO | Done. Artifacts under F:\final-version-1\capstone-project-26t2-9900-h09c-almond\model_weights\bert\split_leakage\condition_c\seed_7\bert_class_weighted and F:\final-version-1\capstone-project-26t2-9900-h09c-almond\model_results\bert\split_leakage\condition_c\seed_7
2026-07-26 19:09:57 | INFO | Finished condition=C seed=7 fraud_f1=0.7938 pr_auc=0.8282
2026-07-26 19:09:57 | INFO | === Train condition C seed 8 ===
2026-07-26 19:09:57 | INFO | ======== Environment ========
2026-07-26 19:09:57 | INFO | Python executable      : E:\ml\venv\Scripts\python.exe
2026-07-26 19:09:57 | INFO | Python version         : 3.13.7 (tags/v3.13.7:bcee1c3, Aug 14 2025, 14:15:11) [MSC v.1944 64 bit (AMD64)]
2026-07-26 19:09:57 | INFO | PyTorch version        : 2.11.0+cu128
2026-07-26 19:09:57 | INFO | Transformers version   : 5.13.1
2026-07-26 19:09:57 | INFO | CUDA available         : True
2026-07-26 19:09:57 | INFO | PyTorch CUDA version   : 12.8
2026-07-26 19:09:57 | INFO | cuDNN version          : 91900
2026-07-26 19:09:57 | INFO | GPU name               : NVIDIA GeForce RTX 3060 Laptop GPU
2026-07-26 19:09:57 | INFO | GPU count              : 1
2026-07-26 19:09:57 | INFO | Current training device: cuda
2026-07-26 19:09:57 | INFO | =============================
2026-07-26 19:09:57 | INFO | Using caller-provided splits: train=11065 validation=2371 test=2371
2026-07-26 19:10:02 | INFO | Token length stats (train sample): {'n_texts_measured': 3000, 'mean': 570.4046666666667, 'median': 519.0, 'p90': 951.0, 'p95': 1111.0999999999995, 'p99': 1545.0499999999988, 'pct_over_128': 0.974, 'pct_over_256': 0.886, 'pct_over_512': 0.51, 'recommended_max_length': 256, 'recommendation_reason': 'Measured train token lengths: median「519, 88.6% >256, 51.0% >512. Default max_length=256 is chosen for RTX 3060 VRAM headroom with dynamic padding and gradient accumulation; do not jump to 512 without an OOM check. Long ads are truncated ！ this is an explicit compute/quality trade-off.'}
2026-07-26 19:10:02 | INFO | Saved data_quality_report.json
2026-07-26 19:10:02 | INFO | Train-only class weights: [0.52356392542822, 11.109437751004016]
2026-07-26 19:10:03 | INFO | Start fine-tuning: model=bert-base-uncased use_class_weights=True max_length=256 batch=8 accum=2
2026-07-26 19:13:31 | INFO | Epoch 1 | train_loss=0.4841 val_loss=0.2957 fraud_f1=0.5896 fraud_recall=0.6916 pr_auc=0.6509
2026-07-26 19:13:51 | INFO | New best checkpoint saved at epoch 1 (fraud_f1=0.5896)
2026-07-26 19:17:18 | INFO | Epoch 2 | train_loss=0.2710 val_loss=0.2749 fraud_f1=0.7500 fraud_recall=0.6729 pr_auc=0.8000
2026-07-26 19:17:38 | INFO | New best checkpoint saved at epoch 2 (fraud_f1=0.7500)
2026-07-26 19:21:04 | INFO | Epoch 3 | train_loss=0.1033 val_loss=0.3018 fraud_f1=0.8081 fraud_recall=0.7477 pr_auc=0.8470
2026-07-26 19:21:24 | INFO | New best checkpoint saved at epoch 3 (fraud_f1=0.8081)
2026-07-26 19:24:50 | INFO | Epoch 4 | train_loss=0.0228 val_loss=0.3011 fraud_f1=0.7887 fraud_recall=0.7850 pr_auc=0.8261
2026-07-26 19:24:50 | INFO | No improvement. Patience left: 1
2026-07-26 19:28:17 | INFO | Epoch 5 | train_loss=0.0110 val_loss=0.3355 fraud_f1=0.8100 fraud_recall=0.7570 pr_auc=0.8351
2026-07-26 19:28:37 | INFO | New best checkpoint saved at epoch 5 (fraud_f1=0.8100)
2026-07-26 19:28:37 | INFO | Loading best checkpoint from F:\final-version-1\capstone-project-26t2-9900-h09c-almond\model_weights\bert\split_leakage\condition_c\seed_8\bert_class_weighted\best
2026-07-26 19:28:50 | INFO | Validation threshold selected on validation only: 0.3500 (fraud_f1=0.8177)
2026-07-26 19:29:06 | INFO | Test fraud_f1=0.8137 fraud_recall=0.7757 pr_auc=0.8535
2026-07-26 19:29:06 | INFO | Done. Artifacts under F:\final-version-1\capstone-project-26t2-9900-h09c-almond\model_weights\bert\split_leakage\condition_c\seed_8\bert_class_weighted and F:\final-version-1\capstone-project-26t2-9900-h09c-almond\model_results\bert\split_leakage\condition_c\seed_8
2026-07-26 19:29:06 | INFO | Finished condition=C seed=8 fraud_f1=0.8137 pr_auc=0.8535
2026-07-26 19:29:06 | INFO | === Train condition C seed 9 ===
2026-07-26 19:29:06 | INFO | ======== Environment ========
2026-07-26 19:29:06 | INFO | Python executable      : E:\ml\venv\Scripts\python.exe
2026-07-26 19:29:06 | INFO | Python version         : 3.13.7 (tags/v3.13.7:bcee1c3, Aug 14 2025, 14:15:11) [MSC v.1944 64 bit (AMD64)]
2026-07-26 19:29:06 | INFO | PyTorch version        : 2.11.0+cu128
2026-07-26 19:29:06 | INFO | Transformers version   : 5.13.1
2026-07-26 19:29:06 | INFO | CUDA available         : True
2026-07-26 19:29:06 | INFO | PyTorch CUDA version   : 12.8
2026-07-26 19:29:06 | INFO | cuDNN version          : 91900
2026-07-26 19:29:06 | INFO | GPU name               : NVIDIA GeForce RTX 3060 Laptop GPU
2026-07-26 19:29:06 | INFO | GPU count              : 1
2026-07-26 19:29:06 | INFO | Current training device: cuda
2026-07-26 19:29:06 | INFO | =============================
2026-07-26 19:29:06 | INFO | Using caller-provided splits: train=11065 validation=2371 test=2371
2026-07-26 19:29:13 | INFO | Token length stats (train sample): {'n_texts_measured': 3000, 'mean': 550.0493333333334, 'median': 507.0, 'p90': 903.0999999999999, 'p95': 1041.1499999999992, 'p99': 1470.5199999999877, 'pct_over_128': 0.9743333333333334, 'pct_over_256': 0.8816666666666667, 'pct_over_512': 0.49266666666666664, 'recommended_max_length': 256, 'recommendation_reason': 'Measured train token lengths: median「507, 88.2% >256, 49.3% >512. Default max_length=256 is chosen for RTX 3060 VRAM headroom with dynamic padding and gradient accumulation; do not jump to 512 without an OOM check. Long ads are truncated ！ this is an explicit compute/quality trade-off.'}
2026-07-26 19:29:13 | INFO | Saved data_quality_report.json
2026-07-26 19:29:13 | INFO | Train-only class weights: [0.52356392542822, 11.109437751004016]
2026-07-26 19:29:14 | INFO | Start fine-tuning: model=bert-base-uncased use_class_weights=True max_length=256 batch=8 accum=2
2026-07-26 19:32:43 | INFO | Epoch 1 | train_loss=0.5251 val_loss=0.2467 fraud_f1=0.7000 fraud_recall=0.5888 pr_auc=0.7924
2026-07-26 19:33:02 | INFO | New best checkpoint saved at epoch 1 (fraud_f1=0.7000)
2026-07-26 19:36:30 | INFO | Epoch 2 | train_loss=0.2668 val_loss=0.2503 fraud_f1=0.7917 fraud_recall=0.7103 pr_auc=0.8416
2026-07-26 19:36:50 | INFO | New best checkpoint saved at epoch 2 (fraud_f1=0.7917)
2026-07-26 19:40:16 | INFO | Epoch 3 | train_loss=0.1254 val_loss=0.2544 fraud_f1=0.7980 fraud_recall=0.7383 pr_auc=0.8498
2026-07-26 19:40:36 | INFO | New best checkpoint saved at epoch 3 (fraud_f1=0.7980)
2026-07-26 19:44:04 | INFO | Epoch 4 | train_loss=0.0487 val_loss=0.3318 fraud_f1=0.7914 fraud_recall=0.6916 pr_auc=0.8310
2026-07-26 19:44:04 | INFO | No improvement. Patience left: 1
2026-07-26 19:47:30 | INFO | Epoch 5 | train_loss=0.0160 val_loss=0.3136 fraud_f1=0.7876 fraud_recall=0.7103 pr_auc=0.8235
2026-07-26 19:47:30 | INFO | No improvement. Patience left: 0
2026-07-26 19:47:30 | INFO | Early stopping at epoch 5
2026-07-26 19:47:30 | INFO | Loading best checkpoint from F:\final-version-1\capstone-project-26t2-9900-h09c-almond\model_weights\bert\split_leakage\condition_c\seed_9\bert_class_weighted\best
2026-07-26 19:47:43 | INFO | Validation threshold selected on validation only: 0.9500 (fraud_f1=0.8021)
2026-07-26 19:47:59 | INFO | Test fraud_f1=0.7895 fraud_recall=0.7009 pr_auc=0.8565
2026-07-26 19:47:59 | INFO | Done. Artifacts under F:\final-version-1\capstone-project-26t2-9900-h09c-almond\model_weights\bert\split_leakage\condition_c\seed_9\bert_class_weighted and F:\final-version-1\capstone-project-26t2-9900-h09c-almond\model_results\bert\split_leakage\condition_c\seed_9
2026-07-26 19:47:59 | INFO | Finished condition=C seed=9 fraud_f1=0.7895 pr_auc=0.8565
2026-07-26 19:47:59 | INFO | All requested BERT split-leakage runs finished.
2026-07-26 19:47:59 | INFO | Weights: F:\final-version-1\capstone-project-26t2-9900-h09c-almond\model_weights\bert\split_leakage
2026-07-26 19:47:59 | INFO | Results: F:\final-version-1\capstone-project-26t2-9900-h09c-almond\model_results\bert\split_leakage
