sample_index,original_id,company,title,true_label,predicted_label,legitimate_probability,fraud_probability,threshold,correct,model_name,imbalance_strategy
0,emscad_00006,Job Overview,Accounting Clerk,0,0,0.9999307990074158,6.920099258422852e-05,0.3,1,BERT:bert_class_weighted,Class weight
1,emscad_00018,Established on the principles that full time education is not for everyone Spectrum Learning is made up of a team of pas,Southend-on-Sea Traineeships Under NAS 16-18 Year Olds Only,0,0,0.9999661445617676,3.3855438232421875e-05,0.3,1,BERT:bert_class_weighted,Class weight
2,emscad_00029,We Provide Full Time Permanent Positions for many medium to large US companies. We are interested in finding/recruiting ,Talent Management Process Manager,0,0,0.999966025352478,3.3974647521972656e-05,0.3,1,BERT:bert_class_weighted,Class weight
3,emscad_00030,"Novitex Enterprise Solutions, formerly Pitney Bowes Management Services, delivers innovative document and communications",Customer Service Associate,0,0,0.9999666810035706,3.331899642944336e-05,0.3,1,BERT:bert_class_weighted,Class weight
4,emscad_00032,Day to Day-,Software Applications Specialist,0,0,0.9999597668647766,4.023313522338867e-05,0.3,1,BERT:bert_class_weighted,Class weight
5,emscad_00062,"Red Star Yeast Company LLC (RSYC), a leader in the Yeast Manufacturing Industry, is a joint venture between Lesaffre Yea",Bulk Ingredient Unloader,0,0,0.9999608397483826,3.916025161743164e-05,0.3,1,BERT:bert_class_weighted,Class weight
6,emscad_00072,Outstanding Member Service Starts With Outstanding People,Branch Associate,0,0,0.9999576807022095,4.2319297790527344e-05,0.3,1,BERT:bert_class_weighted,Class weight
7,emscad_00079,"Our name is not in this ad to prevent us from showing up in Google indexing under our company name, which would then let",200K + MANAGEMENT POSITION FOR EXPERIENCED MERCHANT CASH ADVANCE REPS,0,0,0.995849609375,0.004150390625,0.3,1,BERT:bert_class_weighted,Class weight
8,emscad_00083,Established on the principles that full time education is not for everyone Spectrum Learning is made up of a team of pas,Edinburgh Fragrance and Beauty Promotional Staff,0,0,0.9999644756317139,3.552436828613281e-05,0.3,1,BERT:bert_class_weighted,Class weight
9,emscad_00085,"Novitex Enterprise Solutions, formerly Pitney Bowes Management Services, delivers innovative document and communications",Customer Service Associate,0,0,0.9999665021896362,3.349781036376953e-05,0.3,1,BERT:bert_class_weighted,Class weight
10,emscad_00089,"Hi, we are dopios",Sales and Partnerships Intern,0,0,0.9999473094940186,5.269050598144531e-05,0.3,1,BERT:bert_class_weighted,Class weight
11,emscad_00095,Established on the principles that full time education is not for everyone Spectrum Learning is made up of a team of pas,WF17 9LU Customer Service Apprenticeship under NAS 16-18 year olds only!,0,0,0.9999661445617676,3.3855438232421875e-05,0.3,1,BERT:bert_class_weighted,Class weight
12,emscad_00099,Staffing & Recruiting done right for the Oil & Energy Industry!,IC&E Technician,1,1,0.0,1.0,0.3,1,BERT:bert_class_weighted,Class weight
13,emscad_00101,"CAD Operator – Transmission Engineering. Under general direction, this candidate will create or modify electrical, civil",CAD Operator,0,0,0.9999121427536011,8.785724639892578e-05,0.3,1,BERT:bert_class_weighted,Class weight
14,emscad_00109,"Skookum Digital Works is looking for a motivated, self-starter to support and facilitate the successful completion of so",Software Project Manager,0,0,0.9999352097511292,6.479024887084961e-05,0.3,1,BERT:bert_class_weighted,Class weight
15,emscad_00117,"Intercom ( #URL_cb674f93cbcd215a3a0a57a8615a565545949eead8adbbc73307c26d6a6af81b# ) is a simple, personal messaging serv",Executive Assistant,0,0,0.9999454617500305,5.453824996948242e-05,0.3,1,BERT:bert_class_weighted,Class weight
16,emscad_00125,"Novitex Enterprise Solutions, formerly Pitney Bowes Management Services, delivers innovative document and communications",Customer Service Associate - Part Time,0,0,0.9999657273292542,3.427267074584961e-05,0.3,1,BERT:bert_class_weighted,Class weight
17,emscad_00127,Who is AbZorba Games?,Game & Feature Specialist,0,0,0.9999594688415527,4.0531158447265625e-05,0.3,1,BERT:bert_class_weighted,Class weight
18,emscad_00132,Established on the principles that full time education is not for everyone Spectrum Learning is made up of a team of pas,Milton Keynes Fragrance and Beauty Promotional Staff,0,0,0.9999658465385437,3.415346145629883e-05,0.3,1,BERT:bert_class_weighted,Class weight
19,emscad_00140,"Novitex Enterprise Solutions, formerly Pitney Bowes Management Services, delivers innovative document and communications",Customer Service Associate,0,0,0.9999665021896362,3.349781036376953e-05,0.3,1,BERT:bert_class_weighted,Class weight
20,emscad_00142,"Novitex Enterprise Solutions, formerly Pitney Bowes Management Services, delivers innovative document and communications",Customer Service Associate,0,0,0.9999663829803467,3.361701965332031e-05,0.3,1,BERT:bert_class_weighted,Class weight
21,emscad_00168,"General Summary: Achieves maximum sales profitability, growth and account penetration within an assigned territory and/o",Entry Level Sales,0,1,0.11669921875,0.88330078125,0.3,0,BERT:bert_class_weighted,Class weight
22,emscad_00178,Crest Financial is one of the leading privately held consumer financing companies in the United States. Crest blends the,Underwriter,0,0,0.9999614953994751,3.8504600524902344e-05,0.3,1,BERT:bert_class_weighted,Class weight
23,emscad_00181,Sales Executive,Sales Executive,1,0,0.9973106384277344,0.002689361572265625,0.3,0,BERT:bert_class_weighted,Class weight
24,emscad_00183,"Valor Services provides Workforce Solutions that meet the needs of companies across the Private Sector, with a special f",Facilities Engineer,0,0,0.9999640583992004,3.594160079956055e-05,0.3,1,BERT:bert_class_weighted,Class weight
25,emscad_00185,Want to build a 21st century financial service?,Growth Wunderkind (paid internship),0,0,0.999960720539093,3.927946090698242e-05,0.3,1,BERT:bert_class_weighted,Class weight
26,emscad_00188,"Building a better scribe company and the world's very best medical scribes. Better, stronger, faster than before",Medical Scribe (Testing),0,0,0.9999566674232483,4.3332576751708984e-05,0.3,1,BERT:bert_class_weighted,Class weight
27,emscad_00194,TrueGreece is a leading luxury travel company with a mission of delivering a GreekIslands experience focused on authenti,Sales and Operations Associate,0,0,0.9999628067016602,3.719329833984375e-05,0.3,1,BERT:bert_class_weighted,Class weight
28,emscad_00199,MarketInvoice is one of the most high-profile London based fin-tech companies. The Company is Europe’s leading P2P invoi,Junior Funding Specialist (Sales),0,0,0.999963641166687,3.635883331298828e-05,0.3,1,BERT:bert_class_weighted,Class weight
29,emscad_00210,"Novitex Enterprise Solutions, formerly Pitney Bowes Management Services, delivers innovative document and communications",Customer Service Associate,0,0,0.9999668002128601,3.319978713989258e-05,0.3,1,BERT:bert_class_weighted,Class weight
30,emscad_00212,Upstream’s mission is to revolutionise the way companies market to consumers through cutting edge technology. This is an,Engagement Executive,0,0,0.9999644756317139,3.552436828613281e-05,0.3,1,BERT:bert_class_weighted,Class weight
31,emscad_00214,"Novitex Enterprise Solutions, formerly Pitney Bowes Management Services, delivers innovative document and communications",Customer Service Associate,0,0,0.9999663829803467,3.361701965332031e-05,0.3,1,BERT:bert_class_weighted,Class weight
32,emscad_00229,Outstanding Member Service Starts With Outstanding People,Branch Associate,0,0,0.9999549388885498,4.506111145019531e-05,0.3,1,BERT:bert_class_weighted,Class weight
33,emscad_00231,"Novitex Enterprise Solutions, formerly Pitney Bowes Management Services, delivers innovative document and communications",Customer Service Associate,0,0,0.9999663829803467,3.361701965332031e-05,0.3,1,BERT:bert_class_weighted,Class weight
34,emscad_00233,Established on the principles that full time education is not for everyone Spectrum Learning is made up of a team of pas,Business Admin Apprenticeship Under NAS 16-18 Year Olds Only,0,0,0.9999646544456482,3.534555435180664e-05,0.3,1,BERT:bert_class_weighted,Class weight
35,emscad_00236,Established on the principles that full time education is not for everyone Spectrum Learning is made up of a team of pas,WF5 9HF Recruitment Apprenticeship Available Under NAS 16-24 year olds only!,0,0,0.9999665021896362,3.349781036376953e-05,0.3,1,BERT:bert_class_weighted,Class weight
36,emscad_00241,"Novitex Enterprise Solutions, formerly Pitney Bowes Management Services, delivers innovative document and communications",Customer Service Associate,0,0,0.9999668002128601,3.319978713989258e-05,0.3,1,BERT:bert_class_weighted,Class weight
37,emscad_00243,#URL_3bd5deb27e3f065dd0b56f7a19abc37844def5d3ee69f357920cb1fe39fa8733# are the market leader in the UK car buying and re,Area Vehicle Purchaser,0,0,0.9999516606330872,4.83393669128418e-05,0.3,1,BERT:bert_class_weighted,Class weight
38,emscad_00246,MarketInvoice is one of the most high-profile London based fin-tech companies. The Company is Europe’s leading P2P invoi,Junior Funding Specialist (Sales),0,0,0.999963641166687,3.635883331298828e-05,0.3,1,BERT:bert_class_weighted,Class weight
39,emscad_00262,As a Data Entry/Customer Service Representative you will be responsible for simultaneously managing inbound and outbound,Data Entry/Customer Service Rep,0,1,0.0,1.0,0.3,0,BERT:bert_class_weighted,Class weight
40,emscad_00265,Title: Senoir Programme Analyst,Senior Programme Analyst,0,0,0.9999174475669861,8.255243301391602e-05,0.3,1,BERT:bert_class_weighted,Class weight
41,emscad_00268,"Novitex Enterprise Solutions, formerly Pitney Bowes Management Services, delivers innovative document and communications",Customer Service Associate,0,0,0.9999665021896362,3.349781036376953e-05,0.3,1,BERT:bert_class_weighted,Class weight
42,emscad_00292,"Shapeways is the leading 3D printing marketplace and community, empowering designers to bring amazing products to life. ",Financial Accountant,0,0,0.9999648928642273,3.510713577270508e-05,0.3,1,BERT:bert_class_weighted,Class weight
43,emscad_00302,RhodeCode provides the leading source code management solution for enterprises. We are powering the world`s largest orga,Employee at RhodeCode (Berlin),0,0,0.9999591708183289,4.082918167114258e-05,0.3,1,BERT:bert_class_weighted,Class weight
44,emscad_00315,Thanks for visiting our Job Board. Please review our open positions and apply to the positions that match your qualifica,International Recruitment Manager,0,0,0.9999563694000244,4.363059997558594e-05,0.3,1,BERT:bert_class_weighted,Class weight
45,emscad_00319,#URL_a507511b34cd03ed64cc7e00a68798e37578ceb5107c9bd6ff2a6b32ed7687da# Pty Ltd is Australia’s fastest growing independen,Implementation Executive - Digital,0,0,0.999965488910675,3.451108932495117e-05,0.3,1,BERT:bert_class_weighted,Class weight
46,emscad_00321,"Depop is an exciting new mobile marketplace where you can sell things by simply taking a picture, as well as follow your",BI / Analytics Lead,0,0,0.9999547600746155,4.5239925384521484e-05,0.3,1,BERT:bert_class_weighted,Class weight
47,emscad_00326,"Gelato Group is a SaaS company. We've developed a global print engine integrated with the print ecosystem’s key players,",Head of Quality Assurance,0,0,0.9999599456787109,4.00543212890625e-05,0.3,1,BERT:bert_class_weighted,Class weight
48,emscad_00336,"Cylance is a global cybersecurity products and service company, specializeing in advanced threat security that detects a",Product Marketing Manager/Director,0,0,0.9999439120292664,5.608797073364258e-05,0.3,1,BERT:bert_class_weighted,Class weight
49,emscad_00342,MERL's internship program gives students excellent opportunities to work in an industrial research lab environment side-,GPS/GNSS signal processing,0,0,0.9999614953994751,3.8504600524902344e-05,0.3,1,BERT:bert_class_weighted,Class weight
50,emscad_00354,"Intercom ( #URL_cb674f93cbcd215a3a0a57a8615a565545949eead8adbbc73307c26d6a6af81b# ) is a simple, personal messaging serv",Software Engineer (2015 Intern),0,0,0.9999475479125977,5.245208740234375e-05,0.3,1,BERT:bert_class_weighted,Class weight
51,emscad_00355,"Sr. PHP developer Experience : 4-10 years Location : New York, NY",Php web developer,0,0,0.9999164938926697,8.350610733032227e-05,0.3,1,BERT:bert_class_weighted,Class weight
52,emscad_00362,The Technical Team and offering at VML London has a very strong heritage dating back to the mid-nineties when the London,Junior System Test Analyst,0,0,0.9999666810035706,3.331899642944336e-05,0.3,1,BERT:bert_class_weighted,Class weight
53,emscad_00368,Established on the principles that full time education is not for everyone Spectrum Learning is made up of a team of pas,Southport Business Admin Apprenticeship Under NAS 16-18 Year Olds Only,0,0,0.9999643564224243,3.5643577575683594e-05,0.3,1,BERT:bert_class_weighted,Class weight
54,emscad_00374,"Reinventing the specialty mortgage servicing process by providing the highest level of customer service to our clients, ",Collector III-Mortgage Servicing,0,0,0.9999642372131348,3.5762786865234375e-05,0.3,1,BERT:bert_class_weighted,Class weight
55,emscad_00377,"The salary is open, DOE. This role manages 4 Data Analysts.",Data Manager--Fixed Income,0,0,0.9964962005615234,0.0035037994384765625,0.3,1,BERT:bert_class_weighted,Class weight
56,emscad_00379,CE Learning Systems is looking for a Web Developer to join our small but dedicated team. This is for an employee positio,Web Developer - PHP,0,0,0.9999469518661499,5.3048133850097656e-05,0.3,1,BERT:bert_class_weighted,Class weight
57,emscad_00381,The Ext JS Developer is a key member of the development team. This person will be responsible for JavaScript-based UI de,Ext JS Developer,0,0,0.9999414682388306,5.8531761169433594e-05,0.3,1,BERT:bert_class_weighted,Class weight
58,emscad_00393,MISSION:,PASSIONATE EXPERIENCED PCP's NEEDED TODAY! WE PAY MORE FOR THE VERY BEST IN THE INDUSTRY!,0,0,0.9999666810035706,3.331899642944336e-05,0.3,1,BERT:bert_class_weighted,Class weight
59,emscad_00402,PathSource is building the first integrated mobile career discovery engine and mobile job board. We take young Americans,PathSource Marketing Associate,0,0,0.9999585151672363,4.1484832763671875e-05,0.3,1,BERT:bert_class_weighted,Class weight
60,emscad_00404,"Free Shop is looking for motivated, professional people to work as Sales Assistants (SA) in Athens.",Sales Assistant,0,0,0.9999592900276184,4.07099723815918e-05,0.3,1,BERT:bert_class_weighted,Class weight
61,emscad_00410,PEI Media ( #URL_4cffe430b8da4c0d7e6074d11e638d28a1e165c8782b891e111fc17606c3d961# ) provides a range of highly respecte,Producer - Specialist Publications,0,0,0.9999538660049438,4.6133995056152344e-05,0.3,1,BERT:bert_class_weighted,Class weight
62,emscad_00412,WHO WE ARE In2media has ever since the early start in 1994 grown into being a full service digital agency. Following the,Art Director,0,0,0.9999650716781616,3.4928321838378906e-05,0.3,1,BERT:bert_class_weighted,Class weight
63,emscad_00417,EUROPEAN DYNAMICS (#URL_c66532ffa1ce76ab447da6774719060c42c584edbf44d74cdb94fc4ac219ca45#) is a leading European Softwar,ODI/ETL Developer,0,0,0.9999599456787109,4.00543212890625e-05,0.3,1,BERT:bert_class_weighted,Class weight
64,emscad_00435,Solutions3 is a woman-owned small business whose focus is IT Service Management using best of breed technology and imple,Sr. ServiceNow Implementers,0,0,0.9999591708183289,4.082918167114258e-05,0.3,1,BERT:bert_class_weighted,Class weight
65,emscad_00447,Crossroads Staffing dedicates a significant amount of time getting to know clients and candidates alike to ensure an exc,Technical Writer,0,0,0.9999608397483826,3.916025161743164e-05,0.3,1,BERT:bert_class_weighted,Class weight
66,emscad_00449,"In 2011, Veeshee launched as an online monogramming boutique. As the Veeshee dream evolved from monogrammed gifts to com",Seamstress,0,0,0.9999622106552124,3.7789344787597656e-05,0.3,1,BERT:bert_class_weighted,Class weight
67,emscad_00450,"L O OP is an award winning interactive agency based in Salzburg with satellite offices in Copenhagen, Berlin, Sydney and",Office Management,0,0,0.9999456405639648,5.435943603515625e-05,0.3,1,BERT:bert_class_weighted,Class weight
68,emscad_00458,"DICE gets fans the best tickets at face value with No Booking Fees. We're based in Shoreditch, London and 100% mobile so",Community and Social Manager,0,0,0.9999610185623169,3.898143768310547e-05,0.3,1,BERT:bert_class_weighted,Class weight
69,emscad_00460,Moosend is expanding its team as we strive to increase our share of the European email marketing market. As a sales mana,Sales Manager - Poland,0,0,0.9999600648880005,3.993511199951172e-05,0.3,1,BERT:bert_class_weighted,Class weight
70,emscad_00480,"Novitex Enterprise Solutions, formerly Pitney Bowes Management Services, delivers innovative document and communications",Customer Service Associate,0,0,0.9999663829803467,3.361701965332031e-05,0.3,1,BERT:bert_class_weighted,Class weight
71,emscad_00486,EROAD was established to modernise New Zealand’s paper-based RUC regime and in 2009 launched the world’s first GPS/cellu,Front End Web Developer,0,0,0.9999575018882751,4.2498111724853516e-05,0.3,1,BERT:bert_class_weighted,Class weight
72,emscad_00492,Ευκαιρίες Εργασίας στο #URL_a38fcd24d7eeecf239b16f8996d1d881661dc0dbf4d447c4df71781d829512c4#,Web U.I./U.X. Designer,0,0,0.9999522566795349,4.774332046508789e-05,0.3,1,BERT:bert_class_weighted,Class weight
73,emscad_00494,"A Newly established company seeks outgoing, friendly people person with a can do attitude for a Admin Assistant/ Recepti",Admin Assistant/ Receptionist,1,1,0.678466796875,0.321533203125,0.3,1,BERT:bert_class_weighted,Class weight
74,emscad_00497,"Novitex Enterprise Solutions, formerly Pitney Bowes Management Services, delivers innovative document and communications",Customer Service Associate,0,0,0.9999663829803467,3.361701965332031e-05,0.3,1,BERT:bert_class_weighted,Class weight
75,emscad_00505,"Depop is an exciting new mobile marketplace where you can sell things by simply taking a picture, as well as follow your",Financial Controller,0,0,0.9999552965164185,4.470348358154297e-05,0.3,1,BERT:bert_class_weighted,Class weight
76,emscad_00507,Hawkeye Recruitment provides cost effective recruitment advertising solutions to help you cast the widest net to find th,Assistant Property Manager,0,0,0.9999610185623169,3.898143768310547e-05,0.3,1,BERT:bert_class_weighted,Class weight
77,emscad_00508,"Novitex Enterprise Solutions, formerly Pitney Bowes Management Services, delivers innovative document and communications",Customer Service Associate - On Call,0,0,0.9999653100967407,3.4689903259277344e-05,0.3,1,BERT:bert_class_weighted,Class weight
78,emscad_00511,"NEW YORK LIFE, 170 years old Fortune 100 Co. with $380 Billion in Assets and $20 Billion in Surplus, is hiring Financial",Financial Advisor,0,0,0.9999505281448364,4.947185516357422e-05,0.3,1,BERT:bert_class_weighted,Class weight
79,emscad_00512,"ABC Supply Co., Inc. is the nation’s largest wholesale distributor of roofing and one of the largest distributors of sid",Inside Sales Professional,0,0,0.9999540448188782,4.595518112182617e-05,0.3,1,BERT:bert_class_weighted,Class weight
80,emscad_00515,Established on the principles that full time education is not for everyone Spectrum Learning is made up of a team of pas,Sheffield Fragrance and Beauty Promotional Staff,0,0,0.9999657273292542,3.427267074584961e-05,0.3,1,BERT:bert_class_weighted,Class weight
81,emscad_00524,WHO WE ARE In2media has ever since the early start in 1994 grown into being a full service digital agency. Following the,Regnskabsassistent,0,0,0.9999642372131348,3.5762786865234375e-05,0.3,1,BERT:bert_class_weighted,Class weight
82,emscad_00528,Smart Search delivers executive search solutions tailored for global organizations committed to the Greater Thailand mar,Senior Client Service Manager,0,0,0.999965488910675,3.451108932495117e-05,0.3,1,BERT:bert_class_weighted,Class weight
83,emscad_00534,About the Company,Partner Manager,0,0,0.9999619126319885,3.808736801147461e-05,0.3,1,BERT:bert_class_weighted,Class weight
84,emscad_00551,A Midwife to Joshu's Mobile Applications with high sense of ownership.,Android Tech Lead,0,0,0.9999366998672485,6.330013275146484e-05,0.3,1,BERT:bert_class_weighted,Class weight
85,emscad_00555,Praxis Life Sciences is a dynamic project management and consultancy practice servicing the life sciences industry. Prax,Manager - Life Sciences Consulting,0,0,0.9999628067016602,3.719329833984375e-05,0.3,1,BERT:bert_class_weighted,Class weight
86,emscad_00566,"Novitex Enterprise Solutions, formerly Pitney Bowes Management Services, delivers innovative document and communications",Customer Service Associate,0,0,0.9999666810035706,3.331899642944336e-05,0.3,1,BERT:bert_class_weighted,Class weight
87,emscad_00571,"At Atlas Lift Tech, safety always comes first! We are a fast growing company with an innovative vision of making Safe Pa",EMTs (Lift Coaches) Marin,0,0,0.9999663829803467,3.361701965332031e-05,0.3,1,BERT:bert_class_weighted,Class weight
88,emscad_00592,"""Our mission to our clients is to preserve their independence, enhance their quality of life, promote health & wellbeing",Client Care Advocate,0,0,0.9999516606330872,4.83393669128418e-05,0.3,1,BERT:bert_class_weighted,Class weight
89,emscad_00602,"Novitex Enterprise Solutions, formerly Pitney Bowes Management Services, delivers innovative document and communications",Customer Service Associate,0,0,0.9999661445617676,3.3855438232421875e-05,0.3,1,BERT:bert_class_weighted,Class weight
90,emscad_00609,We love the convenience of paying with plastic: swiping a debit or credit card is so much faster and more convenient tha,Director of Hardware,0,0,0.9999581575393677,4.184246063232422e-05,0.3,1,BERT:bert_class_weighted,Class weight
91,emscad_00614,"From the lands of Can Do, Roll Our Sleeves Up and Get It Done, we create and solve things previously unimaginable. We’re",Senior Software Engineer - OpenStack,0,0,0.9999580383300781,4.1961669921875e-05,0.3,1,BERT:bert_class_weighted,Class weight
92,emscad_00617,"Novitex Enterprise Solutions, formerly Pitney Bowes Management Services, delivers innovative document and communications",Customer Service Associate,0,0,0.9999665021896362,3.349781036376953e-05,0.3,1,BERT:bert_class_weighted,Class weight
93,emscad_00618,Established on the principles that full time education is not for everyone Spectrum Learning is made up of a team of pas,WF13 Apprentice Operations Assistant Under NAS 16-18 Year Olds Only,0,0,0.9999657273292542,3.427267074584961e-05,0.3,1,BERT:bert_class_weighted,Class weight
94,emscad_00625,"Tidewater Finance Co. was established in 1992 for the initial purpose of purchasing, and servicing retail installment co",Assistant Training and Quality Development Faciliator,0,0,0.9999511241912842,4.887580871582031e-05,0.3,1,BERT:bert_class_weighted,Class weight
95,emscad_00627,E-Hospitality is an IT / Hospitality company focusing on the global meeting industry. With its product Book2Meet (previo,Functional Analyst,0,0,0.9999566674232483,4.3332576751708984e-05,0.3,1,BERT:bert_class_weighted,Class weight
96,emscad_00643,"ustwo offers you the opportunity to be yourself, whilst delivering the best work on the planet for some of the biggest a",iOS Developer,0,0,0.9999456405639648,5.435943603515625e-05,0.3,1,BERT:bert_class_weighted,Class weight
97,emscad_00647,"Uni Baggage is the No.1 Student Shipping company in the UK, we ship for tens of thousands of students each term to over ",Digital Marketing Manager,0,0,0.9999634027481079,3.6597251892089844e-05,0.3,1,BERT:bert_class_weighted,Class weight
98,emscad_00648,"Through the Apache Spark platform, we are working to transform large-scale data analysis.",Developer Community Evangelist,0,0,0.9999513030052185,4.869699478149414e-05,0.3,1,BERT:bert_class_weighted,Class weight
99,emscad_00655,"At Cedexis, we’re passionate about solutions for a faster web and we need people to bring our message to the world.",Platform Software Engineer,0,0,0.9999622106552124,3.7789344787597656e-05,0.3,1,BERT:bert_class_weighted,Class weight
100,emscad_00673,This IT Project Manager is responsible for leading and successfully executing Telecommunications projects as part of the,Project Manager,0,0,0.9999491572380066,5.08427619934082e-05,0.3,1,BERT:bert_class_weighted,Class weight
101,emscad_00675,"Novitex Enterprise Solutions, formerly Pitney Bowes Management Services, delivers innovative document and communications",Customer Service Associate,0,0,0.9999658465385437,3.415346145629883e-05,0.3,1,BERT:bert_class_weighted,Class weight
102,emscad_00677,"Novitex Enterprise Solutions, formerly Pitney Bowes Management Services, delivers innovative document and communications",Product Manager,0,0,0.9999656081199646,3.439188003540039e-05,0.3,1,BERT:bert_class_weighted,Class weight
103,emscad_00678,Role: Service Now developer and administrator,ServiceNow Consultant,0,0,0.9999318718910217,6.812810897827148e-05,0.3,1,BERT:bert_class_weighted,Class weight
104,emscad_00681,Inviting inspirational individuals,Front-end web developer (CSS/HTML),0,0,0.999958336353302,4.166364669799805e-05,0.3,1,BERT:bert_class_weighted,Class weight
105,emscad_00686,"Novitex Enterprise Solutions, formerly Pitney Bowes Management Services, delivers innovative document and communications",Customer Service Associate (On Call),0,0,0.9999657273292542,3.427267074584961e-05,0.3,1,BERT:bert_class_weighted,Class weight
106,emscad_00687,"Welcome tailor made travel services is a travel agency, devoted to provide excellent touristic services. Our experience ",Employee for incoming department,0,0,0.9999483823776245,5.161762237548828e-05,0.3,1,BERT:bert_class_weighted,Class weight
107,emscad_00689,Amplifier Strategies is a social impact agency. We work with strategic philanthropists and visionary implementers who ar,"Consultant, Strategic Services",0,0,0.9999535083770752,4.649162292480469e-05,0.3,1,BERT:bert_class_weighted,Class weight
108,emscad_00701,"Babbel enables anyone to learn languages in an easy and interactive way. The learning system offers 13 languages, from E",Working Student Marketing,0,0,0.9999580383300781,4.1961669921875e-05,0.3,1,BERT:bert_class_weighted,Class weight
109,emscad_00705,We Provide Full Time Permanent Positions for many medium to large US companies. We are interested in finding/recruiting ,Ethylene Instrument Engineer - Plant Instrumentation Maintenance - TX,0,0,0.9999600648880005,3.993511199951172e-05,0.3,1,BERT:bert_class_weighted,Class weight
110,emscad_00718,"Depop is an exciting new mobile marketplace where you can sell things by simply taking a picture, as well as follow your",UX Designer,0,0,0.9999552965164185,4.470348358154297e-05,0.3,1,BERT:bert_class_weighted,Class weight
111,emscad_00720,The Boston Consulting Group ( #URL_45423e1e16703aa4d8ee444d3ad69bb51525f1dad0b3115713cf80dc496299e2# ) has launched a ne,Sr Full Stack Developer,0,0,0.9999570250511169,4.297494888305664e-05,0.3,1,BERT:bert_class_weighted,Class weight
112,emscad_00728,"ABC Supply Co., Inc. is the nation’s largest wholesale distributor of roofing and one of the largest distributors of sid",Outside Sales Professional-Hartland,0,0,0.9999576807022095,4.2319297790527344e-05,0.3,1,BERT:bert_class_weighted,Class weight
113,emscad_00745,Demonstrators that love being in front of an audience and having fun working promotional events needed. All presentation,Event Staff - Live In-Stores Infomercial,0,0,0.9998494386672974,0.00015056133270263672,0.3,1,BERT:bert_class_weighted,Class weight
114,emscad_00749,Established on the principles that full time education is not for everyone Spectrum Learning is made up of a team of pas,Mirfield Warehousing Apprenticeship Under NAS 16-18 Year Olds Only,0,0,0.9999646544456482,3.534555435180664e-05,0.3,1,BERT:bert_class_weighted,Class weight
115,emscad_00755,RhodeCode provides the leading source code management solution for enterprises. We are powering the world`s largest orga,Assistant Technical Product Manager,0,0,0.9999554753303528,4.45246696472168e-05,0.3,1,BERT:bert_class_weighted,Class weight
116,emscad_00757,"Space Ape Games is an Award Winning Mobile/Social Gaming startup founded in 2012. We’re a small, high-performing team wi",Player Insight Analyst,0,0,0.999919056892395,8.094310760498047e-05,0.3,1,BERT:bert_class_weighted,Class weight
117,emscad_00760,Adthena is the UK’s leading competitive intelligence service for Google search advertisers. Adthena is loved by major br,Digital Sales Geek,0,0,0.9999597668647766,4.023313522338867e-05,0.3,1,BERT:bert_class_weighted,Class weight
118,emscad_00777,"Advocate Construction is an up and coming leader in the disaster recovery industry, In early 2012, Advocate was founded ",Construction Management - West/Northwest Chicagoland,0,0,0.9999632239341736,3.6776065826416016e-05,0.3,1,BERT:bert_class_weighted,Class weight
119,emscad_00791,"Seeking a creative, kid friendly person who has experience teaching for a part-time position. Must be dedicated & profes","Dance Instructor-Tumbling, Cheer/Pom",0,0,0.9998897910118103,0.00011020898818969727,0.3,1,BERT:bert_class_weighted,Class weight
120,emscad_00792,"Optimal Business Action was created in 2005 in order to provide high quality, personalized HR services to medium and lar",Ex. House Keeping (Alexandria - Egypt),0,0,0.9999670386314392,3.2961368560791016e-05,0.3,1,BERT:bert_class_weighted,Class weight
121,emscad_00809,Job Overview,Environmental Scientist,0,0,0.9999369978904724,6.300210952758789e-05,0.3,1,BERT:bert_class_weighted,Class weight
122,emscad_00832,“Pride is a personal commitment. It is an attitude which separates excellence from mediocrity.” – Author Unknown,Retail Manager -- Must LOVE Dogs,0,0,0.9999611973762512,3.88026237487793e-05,0.3,1,BERT:bert_class_weighted,Class weight
123,emscad_00834,"Mention changes the way you monitor the web. Create keyword-based alerts on your company name, your brand, and your comp",Backend Developer PHP/Symfony2,0,0,0.9999141693115234,8.58306884765625e-05,0.3,1,BERT:bert_class_weighted,Class weight
124,emscad_00847,"Established in 1999, Prometheus Group is a leading provider of and Health Information Management (HIMS) software solutio",Female - Admin Cum Front Office Executive,0,0,0.9999596476554871,4.035234451293945e-05,0.3,1,BERT:bert_class_weighted,Class weight
125,emscad_00856,About HitFigure:,Automotive Account Manager,0,0,0.999963104724884,3.68952751159668e-05,0.3,1,BERT:bert_class_weighted,Class weight
126,emscad_00863,Leading global retailer/eCommerce client located in downtown San Francisco is seeking a DevOps Engineer – DR Project. Th,"DR, Linux, JBoss, Puppet or Chef -DevOps Engineer - DR Project",0,0,0.9999419450759888,5.805492401123047e-05,0.3,1,BERT:bert_class_weighted,Class weight
127,emscad_00875,"Novitex Enterprise Solutions, formerly Pitney Bowes Management Services, delivers innovative document and communications",Financial Analyst,0,0,0.9999668002128601,3.319978713989258e-05,0.3,1,BERT:bert_class_weighted,Class weight
128,emscad_00883,Normal,Service Champion Full-time and Part-time,0,0,0.99981689453125,0.00018310546875,0.3,1,BERT:bert_class_weighted,Class weight
129,emscad_00900,Our History,Driver - Light Duty (LA/OC),0,0,0.9999604225158691,3.9577484130859375e-05,0.3,1,BERT:bert_class_weighted,Class weight
130,emscad_00907,"Industrial Color Software is a division of Industrial Color Brands, a family of vertically integrated creative productio",Lead UI / UX Designer,0,0,0.999963104724884,3.68952751159668e-05,0.3,1,BERT:bert_class_weighted,Class weight
131,emscad_00908,What do we do?,Lead Software Developer / CTO @ Investly,0,0,0.9999412298202515,5.8770179748535156e-05,0.3,1,BERT:bert_class_weighted,Class weight
132,emscad_00920,"We design, build, sell, and service the most innovative operations management technology in the world.",Senior Project Manager,0,0,0.9999573230743408,4.267692565917969e-05,0.3,1,BERT:bert_class_weighted,Class weight
133,emscad_00923,We Provide Full Time Permanent Positions for many medium to large US companies. We are interested in finding/recruiting ,Sr. Design Engineer Mechanical - 3D CAD,0,0,0.9999610185623169,3.898143768310547e-05,0.3,1,BERT:bert_class_weighted,Class weight
134,emscad_00925,"We’re a user experience design consultancy based in Dublin, Ireland, with an impressive list of international clients. O",Head of UX,0,0,0.9999507069587708,4.929304122924805e-05,0.3,1,BERT:bert_class_weighted,Class weight
135,emscad_00935,Human capital is usually the biggest asset and expense for a company. Making the right hire – the first time – is critic,Talence Group llc Resume Submission,0,0,0.9999266266822815,7.337331771850586e-05,0.3,1,BERT:bert_class_weighted,Class weight
136,emscad_00942,PROSULTING IS PEOPLE The ProSulting difference is easy to see. Our passion for delivering qualified pre-screened personn,Accountant,0,0,0.9999605417251587,3.9458274841308594e-05,0.3,1,BERT:bert_class_weighted,Class weight
137,emscad_00945,Seeking top-notch candidates for a full-time superintendent who will be responsible on building projects in the $1m to $,Senior Superintendent - Commerical/Light Industrial,0,0,0.9999529719352722,4.70280647277832e-05,0.3,1,BERT:bert_class_weighted,Class weight
138,emscad_00958,Cloud9 combines a powerful online code editor with a full Ubuntu workspace in the cloud.,JavaScript / Node.js / DevOps Engineer,0,0,0.9999589920043945,4.100799560546875e-05,0.3,1,BERT:bert_class_weighted,Class weight
139,emscad_00964,"Christopherson Business Travel is the independently owned leader in intelligent business travel management, online trave",Accounts Payable Specialist,0,0,0.9999616146087646,3.838539123535156e-05,0.3,1,BERT:bert_class_weighted,Class weight
140,emscad_00983,"Meet cove, a network of neighborhood productive spaces with a community defining how to be productive together. We are a",Lead Community & Marketing Coordinator,0,0,0.9999554753303528,4.45246696472168e-05,0.3,1,BERT:bert_class_weighted,Class weight
141,emscad_00985,A startup aiming to change the way parents and kids experience urban life,Web Developer,0,0,0.9999419450759888,5.805492401123047e-05,0.3,1,BERT:bert_class_weighted,Class weight
142,emscad_00994,"Argenta Field Solutions values the client, creates income streams for them through our sales mechanism and focuses on qu",Paid Training for Direct Sales Representative with Management Opportunity,0,0,0.999945878982544,5.412101745605469e-05,0.3,1,BERT:bert_class_weighted,Class weight
143,emscad_00999,Full time Bookkeeper for local Southampton energy firm with proven QuickBooks 2013 experience in all aspects of accounti,Bookeeper/Supply Manager,0,0,0.999908983707428,9.101629257202148e-05,0.3,1,BERT:bert_class_weighted,Class weight
144,emscad_01002,Job description:,Ad campaign coordinator,0,0,0.9999613165855408,3.8683414459228516e-05,0.3,1,BERT:bert_class_weighted,Class weight
145,emscad_01003,"Neverbland is a team of designers, developers and doers. Specialists in user experience, interaction design and product ",Digital Designer,0,0,0.9999535083770752,4.649162292480469e-05,0.3,1,BERT:bert_class_weighted,Class weight
146,emscad_01015,Maker’s Row is an online marketplace that connects American manufacturers and product based businesses. Our mission is t,UI/UX Lead Designer,0,0,0.9999516606330872,4.83393669128418e-05,0.3,1,BERT:bert_class_weighted,Class weight
147,emscad_01021,Fabrily makes it easy for campaigners/communities/charities/causes/artists. etc... to raise funds and awareness with cus,Marketing Intern - Paid Position,0,0,0.9999556541442871,4.4345855712890625e-05,0.3,1,BERT:bert_class_weighted,Class weight
148,emscad_01024,Mobi2Go is an integrated online and mobile food ordering platform providing unique customer ordering solutions for the h,I'd love to work at Mobi2Go,0,0,0.9999421834945679,5.7816505432128906e-05,0.3,1,BERT:bert_class_weighted,Class weight
149,emscad_01027,Moosend is expanding its team as we strive to increase our share of the European email marketing market. As a country ma,Country and Sales Manager - Romania,0,0,0.9999616146087646,3.838539123535156e-05,0.3,1,BERT:bert_class_weighted,Class weight
150,emscad_01034,"CLASS 5 VALID LICENCE TO DRIVE MINI VAN FOR OUT OF TOWN PROJECTS IN ALBERTA . ONE TO TWO NIGHTS STAY , HOTEL /FOOD BY CO",DRIVER,0,1,0.00048828125,0.99951171875,0.3,0,BERT:bert_class_weighted,Class weight
151,emscad_01037,We’re looking for a Scrum Master to help us guide the engineering team and the wider company on how to best use Agile/Sc,Scrum Master,0,0,0.9999344348907471,6.556510925292969e-05,0.3,1,BERT:bert_class_weighted,Class weight
152,emscad_01043,"At Holiday Inn Express Sping Mills, Falling Waters, WV we believe you are at your best when you can truly be yourself. A",Hotel Guest Service Agent,0,0,0.9999339580535889,6.604194641113281e-05,0.3,1,BERT:bert_class_weighted,Class weight
153,emscad_01046,"We build software for fashion retailers, to help them make the right commercial decisions about what to sell, and how to",Fashion Analyst Intern,0,0,0.9999398589134216,6.014108657836914e-05,0.3,1,BERT:bert_class_weighted,Class weight
154,emscad_01056,"Novitex Enterprise Solutions, formerly Pitney Bowes Management Services, delivers innovative document and communications",Customer Service Associate,0,0,0.9999661445617676,3.3855438232421875e-05,0.3,1,BERT:bert_class_weighted,Class weight
155,emscad_01063,BlueLine Grid is transforming government communications. At a time when government employees are increasingly being aske,Product Manager,0,0,0.9999628067016602,3.719329833984375e-05,0.3,1,BERT:bert_class_weighted,Class weight
156,emscad_01068,"New PRO Martial Arts franchise opening in Folsom, California seeks a highly motivated membership sales professional as f",Program Director - Help Kids Build Character!,0,0,0.9999581575393677,4.184246063232422e-05,0.3,1,BERT:bert_class_weighted,Class weight
157,emscad_01071,"For over 15 years, CaseNEX has been a leader in the education technology industry and continues to provide flexible and ",Ruby Software Developer,0,0,0.9999516606330872,4.83393669128418e-05,0.3,1,BERT:bert_class_weighted,Class weight
158,emscad_01075,Established on the principles that full time education is not for everyone Spectrum Learning is made up of a team of pas,Cheadle Fragrance and Beauty Promotional Staff,0,0,0.9999635219573975,3.647804260253906e-05,0.3,1,BERT:bert_class_weighted,Class weight
159,emscad_01076,Applied Memetics LLC is a professional services company dedicated to integrating and delivering best practice communicat,"International Broadcaster, Sango Language",0,0,0.9999614953994751,3.8504600524902344e-05,0.3,1,BERT:bert_class_weighted,Class weight
160,emscad_01080,We Provide Full Time Permanent Positions for many medium to large US companies. We are interested in finding/recruiting ,Talent Management Process Manager,0,0,0.999966025352478,3.3974647521972656e-05,0.3,1,BERT:bert_class_weighted,Class weight
161,emscad_01084,Virteva delivers managed IT services and project-based consulting services that optimize our customer’s IT infrastructur,Messaging & Exchange Technician,0,0,0.999963104724884,3.68952751159668e-05,0.3,1,BERT:bert_class_weighted,Class weight
162,emscad_01088,"We’re a group of designers, developers, producers and technical toy makers who work together to make forward thinking pr",Social Media & Digital Marketing Internship,0,0,0.999963104724884,3.68952751159668e-05,0.3,1,BERT:bert_class_weighted,Class weight
163,emscad_01092,Description,Book Keeper,0,0,0.9996633529663086,0.00033664703369140625,0.3,1,BERT:bert_class_weighted,Class weight
164,emscad_01103,EUROPEAN DYNAMICS (#URL_c66532ffa1ce76ab447da6774719060c42c584edbf44d74cdb94fc4ac219ca45#) is a leading European Softwar,HELPDESK/USER SUPPORT EXPERT,0,0,0.9999576807022095,4.2319297790527344e-05,0.3,1,BERT:bert_class_weighted,Class weight
165,emscad_01107,"ReGenesis Counseling & Assessment Center, PLLC is currently seeking a organized, detail-minded and outgoing professional",Director of Business Development/Marketing,0,0,0.9999279975891113,7.200241088867188e-05,0.3,1,BERT:bert_class_weighted,Class weight
166,emscad_01109,"SpotSource Solutions LLC is a Global Human Capital Management Consulting firm headquartered in Miami, Florida. Founded i",Web Developer - Magento,0,0,0.9999635219573975,3.647804260253906e-05,0.3,1,BERT:bert_class_weighted,Class weight
167,emscad_01110,The Boston Consulting Group ( #URL_45423e1e16703aa4d8ee444d3ad69bb51525f1dad0b3115713cf80dc496299e2# ) has launched a ne,Solutions Architect,0,0,0.9999616146087646,3.838539123535156e-05,0.3,1,BERT:bert_class_weighted,Class weight
168,emscad_01116,Wedo is a collection of niched e-commerce stores which aim to be the first destination for online shoppers buying in the,Business Reporting Internship,0,0,0.9999547600746155,4.5239925384521484e-05,0.3,1,BERT:bert_class_weighted,Class weight
169,emscad_01117,Coordinates the Group’s treasury operations and electronic payments in order to play a vital role in improving and maint,ASSISTANT TREASURER,0,0,0.9998403787612915,0.0001596212387084961,0.3,1,BERT:bert_class_weighted,Class weight
170,emscad_01131,"#URL_a397afc00bff956382eec8b3826bbd79bd4cbade11c565390118c0c00292b77e# is a venture funded, successful UK startup buildi",Product Manager at Whisk.com,0,0,0.9999513030052185,4.869699478149414e-05,0.3,1,BERT:bert_class_weighted,Class weight
171,emscad_01132,"Goldstar is the world’s largest online seller of half-price tickets to live theater, concerts, comedy and sports. We exe",Senior Android Developer,0,0,0.9999597668647766,4.023313522338867e-05,0.3,1,BERT:bert_class_weighted,Class weight
172,emscad_01145,Want to build a 21st century financial service?,Developer / Front-end,0,0,0.9999485611915588,5.143880844116211e-05,0.3,1,BERT:bert_class_weighted,Class weight
173,emscad_01154,"Valor Services provides Workforce Solutions that meet the needs of companies across the Private Sector, with a special f",Sub Arc Welder,0,0,0.9999657273292542,3.427267074584961e-05,0.3,1,BERT:bert_class_weighted,Class weight
174,emscad_01157,Our Company has a new position available for an experienced Finance Assistant wishing to join a successful stable organi,Finance Assistant,0,0,0.9999299645423889,7.003545761108398e-05,0.3,1,BERT:bert_class_weighted,Class weight
175,emscad_01162,"Novitex Enterprise Solutions, formerly Pitney Bowes Management Services, delivers innovative document and communications",Customer Service Associate,0,0,0.9999669194221497,3.30805778503418e-05,0.3,1,BERT:bert_class_weighted,Class weight
176,emscad_01169,Eviture is a professional services firm that specialise in leading enterprise agile delivery for complex business and IT,Microsoft .Net and C# back-end developers,0,0,0.9999522566795349,4.774332046508789e-05,0.3,1,BERT:bert_class_weighted,Class weight
177,emscad_01172,"SpotSource Solutions LLC is a Global Human Capital Management Consulting firm headquartered in Miami, Florida. Founded i",Director of Internal Operations - Healthcare,0,0,0.9999638199806213,3.618001937866211e-05,0.3,1,BERT:bert_class_weighted,Class weight
178,emscad_01173,"Since 2001, RL Zapin Associates has been a recognized leader in the placement of mid to senior level Analytics professio",Advanced Marketing Analytics Manager (VP) (Banking),0,0,0.9999203085899353,7.969141006469727e-05,0.3,1,BERT:bert_class_weighted,Class weight
179,emscad_01174,"We are specialized in HR consulting, sourcing PhD, MSc & MEng professionals on permanent and contract level positions ac",Productiemanager Weekend (chocolade- en cacaoproducten),0,0,0.9999646544456482,3.534555435180664e-05,0.3,1,BERT:bert_class_weighted,Class weight
180,emscad_01177,"At Karmarama we have a unique hiring policy: nice, talented and decent people who genuinely want to do what's right for ",Digital Account Manager,0,0,0.9999586939811707,4.13060188293457e-05,0.3,1,BERT:bert_class_weighted,Class weight
181,emscad_01188,Established on the principles that full time education is not for everyone Spectrum Learning is made up of a team of pas,Manchester Doctors Requires Admin Apprenticeship Under NAS 16-18 Year Olds Only,0,0,0.999963641166687,3.635883331298828e-05,0.3,1,BERT:bert_class_weighted,Class weight
182,emscad_01204,"Babbel enables anyone to learn languages in an easy and interactive way. The learning system offers 13 languages, from E",TMP: Head of Platform & Internal Services,0,0,0.9999585151672363,4.1484832763671875e-05,0.3,1,BERT:bert_class_weighted,Class weight
183,emscad_01208,Skyconsult is a global consulting company with highly professional international standards; we focus on leading edge tec,Human Resources Intern,0,0,0.9999635219573975,3.647804260253906e-05,0.3,1,BERT:bert_class_weighted,Class weight
184,emscad_01221,"Novitex Enterprise Solutions, formerly Pitney Bowes Management Services, delivers innovative document and communications",Customer Service Technical Specialist,0,0,0.9999668002128601,3.319978713989258e-05,0.3,1,BERT:bert_class_weighted,Class weight
185,emscad_01225,"Marketing Evolution is a place where innovative marketing minds, advanced data science, and visionary technology meet. W","Director, Client Services",0,0,0.9999592900276184,4.07099723815918e-05,0.3,1,BERT:bert_class_weighted,Class weight
186,emscad_01229,We are looking to grow our fabulous sales team at Regency in order to ensure our customers are well taken care of. We ar,Sales Manager,0,0,0.9999403357505798,5.9664249420166016e-05,0.3,1,BERT:bert_class_weighted,Class weight
187,emscad_01235,Fereikos is currently seeking a motivated Junior Accountant who will be responsible mainly for the commercial part and e,Junior Accountant,0,0,0.9993891716003418,0.0006108283996582031,0.3,1,BERT:bert_class_weighted,Class weight
188,emscad_01241,Hi,Project Manager with Real Estate Exp,0,0,0.9999513030052185,4.869699478149414e-05,0.3,1,BERT:bert_class_weighted,Class weight
189,emscad_01242,"Baesman is a nationally-recognized, single-source provider of direct marketing strategy and solutions, including CRM dat",Account Executive - NY,0,0,0.9999634027481079,3.6597251892089844e-05,0.3,1,BERT:bert_class_weighted,Class weight
190,emscad_01244,"Headquartered in Milan and New York and with 400 million users all around the world, Beintoo is a true engagement platfo",Ux Designer,0,0,0.9999516606330872,4.83393669128418e-05,0.3,1,BERT:bert_class_weighted,Class weight
191,emscad_01266,Upstream’s mission is to revolutionise the way companies market to consumers through cutting edge technology. This is an,Junior Engagement Manager,0,0,0.9999648928642273,3.510713577270508e-05,0.3,1,BERT:bert_class_weighted,Class weight
192,emscad_01269,StartTech Ventures is the investment & incubation arm of the Materializing Innovation Group and has three functions: See,Python Developer at Epignosis,0,0,0.9999513030052185,4.869699478149414e-05,0.3,1,BERT:bert_class_weighted,Class weight
193,emscad_01272,"We’re an exciting software startup based in the heart of Berlin. We create web-based solutions for fleet management, pro",Customer Support Intern,0,0,0.9999366998672485,6.330013275146484e-05,0.3,1,BERT:bert_class_weighted,Class weight
194,emscad_01274,Coffeewards is a cloud loyalty platform which enables businesses to:,Web Application Developer,0,0,0.9999531507492065,4.684925079345703e-05,0.3,1,BERT:bert_class_weighted,Class weight
195,emscad_01283,Yazamo is a rapidly growing digital lifecycle marketing firm focused on developing web marketing strategies for mid size,Marketing Coordinator,0,0,0.9999475479125977,5.245208740234375e-05,0.3,1,BERT:bert_class_weighted,Class weight
196,emscad_01285,Ciao! Welcome to Big Italian Meatball! We are a local Italian quick service restaurant that provides delicious Italian s,Shift Manager,0,0,0.9999576807022095,4.2319297790527344e-05,0.3,1,BERT:bert_class_weighted,Class weight
197,emscad_01290,Our passion for improving quality of life through geography is at the heart of everything we do. Esri’s geographic infor,Junior Account Executive - Washington DC,0,0,0.999965488910675,3.451108932495117e-05,0.3,1,BERT:bert_class_weighted,Class weight
198,emscad_01291,The Beans Group is a media company that exists to empower young people to thrive. We have been on an exponential growth ,Research Assistant,0,0,0.999963104724884,3.68952751159668e-05,0.3,1,BERT:bert_class_weighted,Class weight
199,emscad_01294,EUROPEAN DYNAMICS (#URL_c66532ffa1ce76ab447da6774719060c42c584edbf44d74cdb94fc4ac219ca45#) is a leading European Softwar,.NET Developer,0,0,0.9999549388885498,4.506111145019531e-05,0.3,1,BERT:bert_class_weighted,Class weight
200,emscad_01300,"BIGGER MARKETS is a college marketing agency that combines online and offline resources, including one of the largest on",Marketing Associate,0,0,0.999943733215332,5.626678466796875e-05,0.3,1,BERT:bert_class_weighted,Class weight
201,emscad_01304,Upstream’s mission is to revolutionise the way companies market to consumers through cutting edge technology. This is an,Graduate Trainee @ Upstream,0,0,0.9999650716781616,3.4928321838378906e-05,0.3,1,BERT:bert_class_weighted,Class weight
202,emscad_01307,NFP is a leader in the delivery of benefits solutions for companies of all sizes and in the delivery of life insurance a,Human Resources Director,0,0,0.9999576807022095,4.2319297790527344e-05,0.3,1,BERT:bert_class_weighted,Class weight
203,emscad_01310,Established on the principles that full time education is not for everyone Spectrum Learning is made up of a team of pas,BB11 5TD Business Admin Apprenticeship Under NAS 16-18 Year Olds Only,0,0,0.9999658465385437,3.415346145629883e-05,0.3,1,BERT:bert_class_weighted,Class weight
204,emscad_01314,Interactive Strategies is a boutique digital agency whose strength lies in understanding the complex relationship that e,Front-End Developer (HTML/CSS/JAVAScript Guru),0,0,0.9999531507492065,4.684925079345703e-05,0.3,1,BERT:bert_class_weighted,Class weight
205,emscad_01322,"Intercom ( #URL_cb674f93cbcd215a3a0a57a8615a565545949eead8adbbc73307c26d6a6af81b# ) is a simple, personal messaging serv",Success Engineer (Remote),0,0,0.9999372363090515,6.276369094848633e-05,0.3,1,BERT:bert_class_weighted,Class weight
206,emscad_01325,"Come be a part of one of the fastest growing, well-funded and exciting startups in Silicon Valley. Peel makes the world’",Android Architect,0,0,0.9999549388885498,4.506111145019531e-05,0.3,1,BERT:bert_class_weighted,Class weight
207,emscad_01329,Crest Financial is one of the leading privately held consumer financing companies in the United States. Crest blends the,Customer Support Agent,0,0,0.9999634027481079,3.6597251892089844e-05,0.3,1,BERT:bert_class_weighted,Class weight
208,emscad_01332,"ClarusApex is an international recruiting company with representations in the Netherlands, Austria, Ukraine, Cyprus and ",Engineer - Head of Department Hydrodynamics,0,0,0.9999527931213379,4.7206878662109375e-05,0.3,1,BERT:bert_class_weighted,Class weight
209,emscad_01337,As Vero’s Customer Success Manager you will be dedicated to making the experience of every Vero customer phenomenal .,Customer Success Manager,0,0,0.9999271631240845,7.283687591552734e-05,0.3,1,BERT:bert_class_weighted,Class weight
210,emscad_01345,Hiring made easy for Digital Jobs,Telecom Sales Representative - UK Market,0,0,0.9999634027481079,3.6597251892089844e-05,0.3,1,BERT:bert_class_weighted,Class weight
211,emscad_01346,Pardon Services Canada is a national legal services company established in 1989.We serve as an advocate for Canadians wi,Sales Manager - Legal Services,0,0,0.999960720539093,3.927946090698242e-05,0.3,1,BERT:bert_class_weighted,Class weight
212,emscad_01353,"rabt is your personalized mobile video app that offers the fastest, easiest way to discover and watch videos on your iPh",iOS Developer,0,0,0.9999184608459473,8.153915405273438e-05,0.3,1,BERT:bert_class_weighted,Class weight
213,emscad_01356,Upstream’s mission is to revolutionise the way companies market to consumers through cutting edge technology. This is an,Requirements Analyst,0,0,0.9999644756317139,3.552436828613281e-05,0.3,1,BERT:bert_class_weighted,Class weight
214,emscad_01370,"For more than two decades, the TRAK Companies have been providing temporary and direct-hire professional support staff t",Accounts Payable Specialist,0,0,0.9999599456787109,4.00543212890625e-05,0.3,1,BERT:bert_class_weighted,Class weight
215,emscad_01376,ding* is the world’s largest top-up provider. Created to help people working abroad to support and keep in touch with lo,QA Manager,0,0,0.9999651908874512,3.4809112548828125e-05,0.3,1,BERT:bert_class_weighted,Class weight
216,emscad_01378,"ABC Supply Co., Inc. is the nation’s largest wholesale distributor of roofing and one of the largest distributors of sid",Class A Driver,0,0,0.9999552965164185,4.470348358154297e-05,0.3,1,BERT:bert_class_weighted,Class weight
217,emscad_01386,"Familiar is looking for a Web Developer to join our small team in TriBeCa, NYC. We specialize in work with artists and n",Web Developer,0,0,0.9999381899833679,6.181001663208008e-05,0.3,1,BERT:bert_class_weighted,Class weight
218,emscad_01396,Ripple is the Humans First® IT company. Companies partner with us to take care of thier IT so people can get more work d,Field Technician,0,0,0.9999575018882751,4.2498111724853516e-05,0.3,1,BERT:bert_class_weighted,Class weight
219,emscad_01418,"Replise was started in 2008, just a year after Twitter was launched, by a bunch of serial entrepreneurs who believed the",Marketing Manager (2x),0,0,0.9999619126319885,3.808736801147461e-05,0.3,1,BERT:bert_class_weighted,Class weight
220,emscad_01422,"Tidewater Finance Co. was established in 1992 for the initial purpose of purchasing, and servicing retail installment co",Maintenance Technician,0,0,0.9999527931213379,4.7206878662109375e-05,0.3,1,BERT:bert_class_weighted,Class weight
221,emscad_01425,Upstream’s mission is to revolutionise the way companies market to consumers through cutting edge technology. This is an,Assistant Marketing Manager,0,0,0.9999640583992004,3.594160079956055e-05,0.3,1,BERT:bert_class_weighted,Class weight
222,emscad_01435,Convalescent Aid Society (CAS) is a non-profit organization dedicated to improving the quality of life for residents of ,Warehouse Technician/Driver,0,0,0.9999527931213379,4.7206878662109375e-05,0.3,1,BERT:bert_class_weighted,Class weight
223,emscad_01436,Do you have exceptional experience in building brand new customer relationships and a demonstrable track record in face ,Financial Adviser,0,0,0.9998992681503296,0.00010073184967041016,0.3,1,BERT:bert_class_weighted,Class weight
224,emscad_01471,Searching for the perfect creative agent or mission? Inside Job Agency finds out the details you need to know in order t,Digital Media Supervisor,0,0,0.9999623894691467,3.7610530853271484e-05,0.3,1,BERT:bert_class_weighted,Class weight
225,emscad_01489,"At Hayes-Corp, we create the fun stuff. With a focus on software development for mobile platforms, we are constantly loo",Online Advertising & Data Input Operations Assistant,0,0,0.9999527931213379,4.7206878662109375e-05,0.3,1,BERT:bert_class_weighted,Class weight
226,emscad_01490,"We founded this company on the principle that great employees deserved great workplaces, Wellnext creates technology to ",Business Development Associate,0,0,0.9999614953994751,3.8504600524902344e-05,0.3,1,BERT:bert_class_weighted,Class weight
227,emscad_01502,Amplifier Strategies is a social impact agency. We work with strategic philanthropists and visionary implementers who ar,Graphic / Visual Designer for Social Impact,0,0,0.9999505281448364,4.947185516357422e-05,0.3,1,BERT:bert_class_weighted,Class weight
228,emscad_01520,Compliance Systems Management is in constant communication with some of the largest companies in California that are mak,Site Safety Manager,0,0,0.9998253583908081,0.00017464160919189453,0.3,1,BERT:bert_class_weighted,Class weight
229,emscad_01522,Compliance Systems Management is in constant communication with some of the largest companies in California that are mak,Certified Industrial Hygienist,0,0,0.9999004602432251,9.953975677490234e-05,0.3,1,BERT:bert_class_weighted,Class weight
230,emscad_01536,Responsible to generate new business and Maintain the customer’s profile. Communicate with Collector and management in s,Jr. Account Executive,0,0,0.9998005628585815,0.00019943714141845703,0.3,1,BERT:bert_class_weighted,Class weight
231,emscad_01541,Axonix is a global mobile advertising technology company that's powered by a platform with a 4 year history of leading t,"Head of Demand Sales, EMEA",0,0,0.9999591708183289,4.082918167114258e-05,0.3,1,BERT:bert_class_weighted,Class weight
232,emscad_01547,Human capital is usually the biggest asset and expense for a company. Making the right hire – the first time – is critic,Business Development Director,0,0,0.9999465346336365,5.346536636352539e-05,0.3,1,BERT:bert_class_weighted,Class weight
233,emscad_01556,"Kin is a hosted HR management app used by small companies to manage employee data and files, time-off, and new hire onbo",Inside Sales Representative,0,0,0.9999575018882751,4.2498111724853516e-05,0.3,1,BERT:bert_class_weighted,Class weight
234,emscad_01568,"As a travel consultant you will be responsible for providing information, advice and booking services for people wishing",Travel Consultant Ferries (Temporary - 4 months),0,0,0.999923050403595,7.69495964050293e-05,0.3,1,BERT:bert_class_weighted,Class weight
235,emscad_01585,Domiciliary Care Manager Position,Domiciliary care,0,0,0.9999554753303528,4.45246696472168e-05,0.3,1,BERT:bert_class_weighted,Class weight
236,emscad_01587,United Cerebral Palsy of Oregon & SW Washington (UCP) supports adults with all kinds of developmental disabilities (not ,Community Inclusion Specialist [current UCP employees only!],0,0,0.9999642372131348,3.5762786865234375e-05,0.3,1,BERT:bert_class_weighted,Class weight
237,emscad_01590,"Novitex Enterprise Solutions, formerly Pitney Bowes Management Services, delivers innovative document and communications",Customer Service Associate,0,0,0.9999662637710571,3.3736228942871094e-05,0.3,1,BERT:bert_class_weighted,Class weight
238,emscad_01592,"At Hayes-Corp, we create the fun stuff. With a focus on software development for mobile platforms, we are constantly loo",Junior Contract Specialist - Corporate Finance,0,0,0.9999516606330872,4.83393669128418e-05,0.3,1,BERT:bert_class_weighted,Class weight
239,emscad_01598,"Novitex Enterprise Solutions, formerly Pitney Bowes Management Services, delivers innovative document and communications",Customer Service Associate,0,0,0.9999663829803467,3.361701965332031e-05,0.3,1,BERT:bert_class_weighted,Class weight
240,emscad_01605,"Valor Services provides Workforce Solutions that meet the needs of companies across the Private Sector, with a special f",Field Hand (Oilfield) - Start Next Week!,0,0,0.9999653100967407,3.4689903259277344e-05,0.3,1,BERT:bert_class_weighted,Class weight
241,emscad_01607,"Novitex Enterprise Solutions, formerly Pitney Bowes Management Services, delivers innovative document and communications",Customer Service Associate,0,0,0.9999665021896362,3.349781036376953e-05,0.3,1,BERT:bert_class_weighted,Class weight
242,emscad_01613,WHO WE ARE? MILLER & ASSOCIATES IS AN ENTERPRISE SOFTWARE SOLUTIONS COMPANY.,Vertica DBA,0,0,0.999934732913971,6.526708602905273e-05,0.3,1,BERT:bert_class_weighted,Class weight
243,emscad_01614,We Provide Full Time Permanent Positions for many medium to large US companies. We are interested in finding/recruiting ,Auditor,0,0,0.999963641166687,3.635883331298828e-05,0.3,1,BERT:bert_class_weighted,Class weight
244,emscad_01615,"As the premier design studio in Queens, we craft beautiful work using the latest technology and solve design problems th",Production Manager for Design Studio,0,0,0.9999623894691467,3.7610530853271484e-05,0.3,1,BERT:bert_class_weighted,Class weight
245,emscad_01628,PowerbyProxi and its customers are leading a revolution to deliver unplugged power. We have changed the way electricity ,Production Engineer,0,0,0.9999651908874512,3.4809112548828125e-05,0.3,1,BERT:bert_class_weighted,Class weight
246,emscad_01633,"Social Media has the power to shape, educate and grow amazing organisations across the world. We're on a mission to make",Junior Marketer,0,0,0.9999585151672363,4.1484832763671875e-05,0.3,1,BERT:bert_class_weighted,Class weight
247,emscad_01636,"Devmar International is an outsourcing company based in Paris with a network of more than 2,000 candidates and sales par",Market Researcher,0,0,0.9999566674232483,4.3332576751708984e-05,0.3,1,BERT:bert_class_weighted,Class weight
248,emscad_01641,Jobinbraz is the Bridge between you and Brazil.,Jobs in Brazil,0,0,0.9999428391456604,5.716085433959961e-05,0.3,1,BERT:bert_class_weighted,Class weight
249,emscad_01642,"MSPS is an award-winning Integrated Marketing and Sales Services Agency that consists of talented, fun and creative indi",Promotion Marketing Account Manager,0,0,0.9999628067016602,3.719329833984375e-05,0.3,1,BERT:bert_class_weighted,Class weight
250,emscad_01653,"BIGGER MARKETS is a college marketing agency that combines online and offline resources, including one of the largest on",Account Manager,0,0,0.999946117401123,5.3882598876953125e-05,0.3,1,BERT:bert_class_weighted,Class weight
251,emscad_01656,"Aker Solutions is a global provider of products, systems and services to the oil and gas industry. Our engineering, desi",HSE Manager,1,1,0.0,1.0,0.3,1,BERT:bert_class_weighted,Class weight
252,emscad_01657,"GOLDMARK is seeking an experienced apartment maintenance tech in the Omaha area. Duties include general maintenance, inc",Maintenance Technician/Projects,0,0,0.9999556541442871,4.4345855712890625e-05,0.3,1,BERT:bert_class_weighted,Class weight
253,emscad_01661,"We are seeking for young developable executives with some experience in Buying, Purchasing or Exports, who wish to consi",Retail Buyer,0,0,0.9998840689659119,0.00011593103408813477,0.3,1,BERT:bert_class_weighted,Class weight
254,emscad_01666,Cookisto is a trusted community marketplace connecting talented home cooks with hungry locals. What started as a Master’,UK Marketing Manager,0,0,0.9999592900276184,4.07099723815918e-05,0.3,1,BERT:bert_class_weighted,Class weight
255,emscad_01667,Pinnatta is the world’s first interactive multimedia messaging platform.,iOS Engineer,0,0,0.9999377131462097,6.22868537902832e-05,0.3,1,BERT:bert_class_weighted,Class weight
256,emscad_01668,"Friend MTS is a leading provider of technology to the media and entertainment industry. Specialising in video security, ",Software Release/Deployment Engineer,0,0,0.9999430775642395,5.692243576049805e-05,0.3,1,BERT:bert_class_weighted,Class weight
257,emscad_01670,Job Duties Include: • Deliveries and pick ups as needed (must have reliable transportation) • Scanning Documents • Answe,Office PA/Receptionist,0,1,0.0,1.0,0.3,0,BERT:bert_class_weighted,Class weight
258,emscad_01697,"Freytag & Associates, Inc. is a multi-discipline design firm offering architectural, engineering, interior design, lands",Project Architect,0,0,0.9999643564224243,3.5643577575683594e-05,0.3,1,BERT:bert_class_weighted,Class weight
259,emscad_01701,6* Ultra Luxury American Cruise Company is urgently looking for the following positions: *Hospitality - For the many Bar,Cruise Staff Wanted *URGENT*,1,0,0.9998563528060913,0.0001436471939086914,0.3,0,BERT:bert_class_weighted,Class weight
260,emscad_01702,"Our company is looking for a freelance developer with experience in HTML, CSS, and JavaScript who can create a custom Go",Chrome Extension Developer,0,0,0.9999212622642517,7.873773574829102e-05,0.3,1,BERT:bert_class_weighted,Class weight
261,emscad_01704,"PINT is a leader in the web industry with 20 years of web design, software development and consulting experience. PINT's",Software Engineer | Web Development,0,0,0.9999573230743408,4.267692565917969e-05,0.3,1,BERT:bert_class_weighted,Class weight
262,emscad_01711,We Provide Full Time Permanent Positions for many medium to large US companies. We are interested in finding/recruiting ,Talent Management Process Manager,0,0,0.999966025352478,3.3974647521972656e-05,0.3,1,BERT:bert_class_weighted,Class weight
263,emscad_01717,We are a family run business that has been in operation for nearly 40 years. We value long term relationships and want t,Wanted Sales Management Trainees,0,0,0.9996230602264404,0.0003769397735595703,0.3,1,BERT:bert_class_weighted,Class weight
264,emscad_01718,"Entertainment everywhere. Operating under the StarzPlay brand, Playco Ltd., delivers a premium video-on-demand service. ",Web Product Lead,0,0,0.9999619126319885,3.808736801147461e-05,0.3,1,BERT:bert_class_weighted,Class weight
265,emscad_01729,Priority Care Group are a family run care group with 6 Care Homes in Scotland.,Registered Nurse,0,0,0.999960720539093,3.927946090698242e-05,0.3,1,BERT:bert_class_weighted,Class weight
266,emscad_01736,Massive Media is the social media company behind the successful digital brands #URL_18234f381f5e7b9a9ffdc727cd05c9046edf,Web Designer,0,0,0.9999475479125977,5.245208740234375e-05,0.3,1,BERT:bert_class_weighted,Class weight
267,emscad_01754,"Daily Secret is one of the fastest growing digital media brand for premium audiences around the world, serving 1.8 milli",Marketing Intern,0,0,0.9999619126319885,3.808736801147461e-05,0.3,1,BERT:bert_class_weighted,Class weight
268,emscad_01755,"Second in charge, working directly under the Festival Director. Will help to oversee and coordinate all aspects of the f",Horror Film Festival Assistant Director,0,0,0.9999410510063171,5.894899368286133e-05,0.3,1,BERT:bert_class_weighted,Class weight
269,emscad_01762,Walk right in,Experienced Stylist,0,0,0.999965488910675,3.451108932495117e-05,0.3,1,BERT:bert_class_weighted,Class weight
270,emscad_01764,The Selectus Group is a customer focused organisation committed to providing high quality services to employees througho,"Regional Manager, NSW",0,0,0.9999570250511169,4.297494888305664e-05,0.3,1,BERT:bert_class_weighted,Class weight
271,emscad_01772,Inviting inspirational individuals,Front-end web developer (CSS/HTML),0,0,0.9999592900276184,4.07099723815918e-05,0.3,1,BERT:bert_class_weighted,Class weight
272,emscad_01774,We're a data and design focused startup based in New York City with a passionate and forward-thinking team. We enable pe,Business Development Manager,0,0,0.9999503493309021,4.965066909790039e-05,0.3,1,BERT:bert_class_weighted,Class weight
273,emscad_01775,Applied Memetics LLC is a professional services company dedicated to integrating and delivering best practice communicat,Chyron Operator,0,0,0.9999597668647766,4.023313522338867e-05,0.3,1,BERT:bert_class_weighted,Class weight
274,emscad_01776,"DICE gets fans the best tickets at face value with No Booking Fees. We're based in Shoreditch, London and 100% mobile so",Growth/Acquisition Manager,0,0,0.9999602437019348,3.975629806518555e-05,0.3,1,BERT:bert_class_weighted,Class weight
275,emscad_01778,Established on the principles that full time education is not for everyone Spectrum Learning is made up of a team of pas,Burnley Apprentice Sales Admin Support Under NAS 16-18 Year Olds Only,0,0,0.999963641166687,3.635883331298828e-05,0.3,1,BERT:bert_class_weighted,Class weight
276,emscad_01781,"We are an international, venture backed team making it easy for millions of students worldwide to find and book their ac",Head of Marketing,0,0,0.9999635219573975,3.647804260253906e-05,0.3,1,BERT:bert_class_weighted,Class weight
277,emscad_01790,Applied Memetics LLC is a professional services company dedicated to integrating and delivering best practice communicat,Audio Technician,0,0,0.9999602437019348,3.975629806518555e-05,0.3,1,BERT:bert_class_weighted,Class weight
278,emscad_01795,"Welcome to interface rehab interface rehab provides comprehensive rehabilitation (Physical, Occupational & Speech Therap",Director of Rehab,0,0,0.9999597668647766,4.023313522338867e-05,0.3,1,BERT:bert_class_weighted,Class weight
279,emscad_01797,Wikispaces is looking for an operations manager to help our team be productive and happy. This position is available ful,Operations Manager,0,0,0.9999628067016602,3.719329833984375e-05,0.3,1,BERT:bert_class_weighted,Class weight
280,emscad_01809,Q2Hire has been delivering concrete results for more than 10 years. And this successful history has a formula: Your goal,Systems deployment Engineer,0,0,0.9999540448188782,4.595518112182617e-05,0.3,1,BERT:bert_class_weighted,Class weight
281,emscad_01816,"Argenta Field Solutions values the client, creates income streams for them through our sales mechanism and focuses on qu",Paid Training for Direct Sales Representative with Management Opportunity,0,0,0.9999434947967529,5.650520324707031e-05,0.3,1,BERT:bert_class_weighted,Class weight
282,emscad_01824,•Prepares source data for computer entry by compiling and sorting information; establishing entry priorities. •Processes,Data Entry,0,0,0.9997668266296387,0.00023317337036132812,0.3,1,BERT:bert_class_weighted,Class weight
283,emscad_01827,EXPERT HUMAN CAPITAL SOLUTIONS DELIVERED BY INDUSTRY LEADING PROFESSIONALS.,Senior Consultant - Professional Services Team,0,0,0.9999535083770752,4.649162292480469e-05,0.3,1,BERT:bert_class_weighted,Class weight
284,emscad_01836,#URL_c379aa631173ed5b7c345ab3f500a9a053e509138ca70e52c1088e5a784dc8d7# is a modern online travel agency that was founded,WSC Supervisor,0,0,0.9999560117721558,4.398822784423828e-05,0.3,1,BERT:bert_class_weighted,Class weight
285,emscad_01838,Position Title: System Analyst/ Programmer Sector: Pharmaceutical Company type: Large Pharmaceutical Company Location: L,System Analyst/ Programmer,0,0,0.9998717308044434,0.00012826919555664062,0.3,1,BERT:bert_class_weighted,Class weight
286,emscad_01850,Our company is building the next generation of video-on-demand (VOD) in Europe and we are currently looking for the next,Business Analyst,0,0,0.9999591708183289,4.082918167114258e-05,0.3,1,BERT:bert_class_weighted,Class weight
287,emscad_01858,"Aker Solutions is a global provider of products, systems and services to the oil and gas industry. Our engineering, desi",Mechanical Technician,1,1,0.0,1.0,0.3,1,BERT:bert_class_weighted,Class weight
288,emscad_01859,Quiénes Somos,MCAD Engineer,0,0,0.9998563528060913,0.0001436471939086914,0.3,1,BERT:bert_class_weighted,Class weight
289,emscad_01860,"Aker Solutions is a global provider of products, systems and services to the oil and gas industry. Our engineering, desi",Head of machining department,1,1,0.0,1.0,0.3,1,BERT:bert_class_weighted,Class weight
290,emscad_01875,"Come be a part of one of the fastest growing, well-funded and exciting startups in Silicon Valley. Peel makes the world’",Senior Software Engineer (iOS),0,0,0.9999540448188782,4.595518112182617e-05,0.3,1,BERT:bert_class_weighted,Class weight
291,emscad_01878,"Novitex Enterprise Solutions, formerly Pitney Bowes Management Services, delivers innovative document and communications",Customer Service Associate,0,0,0.9999665021896362,3.349781036376953e-05,0.3,1,BERT:bert_class_weighted,Class weight
292,emscad_01892,"#URL_c5475b3f37ab72cf1cadd5c953756be9ed062b6900e2d21f57e5ac413c73c32c#, a pioneering and dynamic company in the internet",Sales Representative,0,0,0.9999573230743408,4.267692565917969e-05,0.3,1,BERT:bert_class_weighted,Class weight
293,emscad_01897,Money is a person-to-person money transfer app designed to simplify how people send money home to their friends and fami,iOS Developer,0,0,0.9999093413352966,9.065866470336914e-05,0.3,1,BERT:bert_class_weighted,Class weight
294,emscad_01898,#URL_c379aa631173ed5b7c345ab3f500a9a053e509138ca70e52c1088e5a784dc8d7# is a modern online travel agency that was founded,Data Scientist Manager,0,0,0.9999491572380066,5.08427619934082e-05,0.3,1,BERT:bert_class_weighted,Class weight
295,emscad_01905,We’re not doctors. We are geeks who understand doctors.,Kit Kat Architect (Android),0,0,0.9999354481697083,6.455183029174805e-05,0.3,1,BERT:bert_class_weighted,Class weight
296,emscad_01907,"Novitex Enterprise Solutions, formerly Pitney Bowes Management Services, delivers innovative document and communications",Customer Service Team Lead,0,0,0.9999666810035706,3.331899642944336e-05,0.3,1,BERT:bert_class_weighted,Class weight
297,emscad_01910,Come on in.,Supply Chain Analyst,0,0,0.9999499320983887,5.0067901611328125e-05,0.3,1,BERT:bert_class_weighted,Class weight
298,emscad_01911,Salary ranges to $70-$73K,"RN Clinical Informatics (near Casper, WY)",0,0,0.9999471306800842,5.2869319915771484e-05,0.3,1,BERT:bert_class_weighted,Class weight
299,emscad_01914,"Roland & Associates is a Corporate Recruitment Organization providing solutions to Global MNCs in US, Middle East & Asia",Lead LAMP Developer,0,0,0.9999491572380066,5.08427619934082e-05,0.3,1,BERT:bert_class_weighted,Class weight
300,emscad_01926,"Shyp is the easiest way to send anything, anywhere.",Part Time Delivery Driver - Oakland CA,0,0,0.9999646544456482,3.534555435180664e-05,0.3,1,BERT:bert_class_weighted,Class weight
301,emscad_01927,About the Company,Imaging Engineer,0,0,0.9999604225158691,3.9577484130859375e-05,0.3,1,BERT:bert_class_weighted,Class weight
302,emscad_01928,Upstream’s mission is to revolutionise the way companies market to consumers through cutting edge technology. This is an,Senior Service Delivery Engineer,0,0,0.9999643564224243,3.5643577575683594e-05,0.3,1,BERT:bert_class_weighted,Class weight
303,emscad_01943,"Novitex Enterprise Solutions, formerly Pitney Bowes Management Services, delivers innovative document and communications",Customer Service Associate,0,0,0.9999666810035706,3.331899642944336e-05,0.3,1,BERT:bert_class_weighted,Class weight
304,emscad_01947,The Beans Group is a media company that exists to empower young people to thrive. We have been on an exponential growth ,Social Media Manager,0,0,0.9999629259109497,3.707408905029297e-05,0.3,1,BERT:bert_class_weighted,Class weight
305,emscad_01959,"Founded in 1997, The Missing Link is a premium provider of information technology solutions across applications, infrast",Senior Systems Engineer,0,0,0.9999629259109497,3.707408905029297e-05,0.3,1,BERT:bert_class_weighted,Class weight
306,emscad_01964,WHO WE ARE? MILLER & ASSOCIATES IS AN ENTERPRISE SOFTWARE SOLUTIONS COMPANY.,"API Architect, Customer Experience Platform",0,0,0.9999393820762634,6.0617923736572266e-05,0.3,1,BERT:bert_class_weighted,Class weight
307,emscad_01971,Bluebridge was created by a team of people who are passionate about organizations and the ways that effective technology,Product Manager,0,0,0.9999591708183289,4.082918167114258e-05,0.3,1,BERT:bert_class_weighted,Class weight
308,emscad_01973,ding* is the world’s largest top-up provider. Created to help people working abroad to support and keep in touch with lo,Operations Engineer (Network),0,0,0.9999653100967407,3.4689903259277344e-05,0.3,1,BERT:bert_class_weighted,Class weight
309,emscad_01985,"Supply chain management company with emphasis placed in Rehabilitation Therapy, Health IT, and Information Security",Physical Therapist,0,0,0.999960720539093,3.927946090698242e-05,0.3,1,BERT:bert_class_weighted,Class weight
310,emscad_01986,Since 1973: Working together to make our community healthy,Community Development Worker (Strathcona Heights),0,0,0.9999629259109497,3.707408905029297e-05,0.3,1,BERT:bert_class_weighted,Class weight
311,emscad_02017,Our Client is currently looking for a number of experienced assembly/production operatives to join their team.,Production Operative,0,0,0.9999093413352966,9.065866470336914e-05,0.3,1,BERT:bert_class_weighted,Class weight
312,emscad_02018,"EME International is a global leader in enterprise mobility solutions, partnering with thousands of device makers and co",R&D Team Lead,0,0,0.9999505281448364,4.947185516357422e-05,0.3,1,BERT:bert_class_weighted,Class weight
313,emscad_02024,A dedicated QPIFY Team is currently looking for a Content Contributor. The successful candidate will be responsible for ,Content Contributor,0,0,0.9999540448188782,4.595518112182617e-05,0.3,1,BERT:bert_class_weighted,Class weight
314,emscad_02025,"As a Trim/Form Carpenter you will construct, erect, install, and repair structures and fixtures of wood, plywood, metal ",TRIM/FORM CARPENTER POSITION AVAILABLE ASAP!! (MIAMI ),0,0,0.9999471306800842,5.2869319915771484e-05,0.3,1,BERT:bert_class_weighted,Class weight
315,emscad_02026,I need skilled Unity3D Game Designers/Developers to come and work in Manchester (City Centre). I am starting a small ind,Game Developer Unity3D Manchester (collaboration),0,0,0.9999313354492188,6.866455078125e-05,0.3,1,BERT:bert_class_weighted,Class weight
316,emscad_02029,"A new start-up marketing company is looking for money hungry, target driven individuals looking for a new challenge.",Money Hungry Sales Professionals (B2B) Needed,0,0,0.999934732913971,6.526708602905273e-05,0.3,1,BERT:bert_class_weighted,Class weight
317,emscad_02036,We are a digital marketing agency with an emphasis upon quality development that is developed and sold in a consultative,RTB Sales Consultant,0,0,0.9999585151672363,4.1484832763671875e-05,0.3,1,BERT:bert_class_weighted,Class weight
318,emscad_02050,"DealDash Oyj’s fun & exciting shopping platform, described as the fair & honest alternative to traditional penny auction",Assistant Controller,0,0,0.9999605417251587,3.9458274841308594e-05,0.3,1,BERT:bert_class_weighted,Class weight
319,emscad_02051,"Novitex Enterprise Solutions, formerly Pitney Bowes Management Services, delivers innovative document and communications",Customer Service Associate,0,0,0.9999668002128601,3.319978713989258e-05,0.3,1,BERT:bert_class_weighted,Class weight
320,emscad_02063,NFP is a leader in the delivery of benefits solutions for companies of all sizes and in the delivery of life insurance a,Director of Operations,0,0,0.9999575018882751,4.2498111724853516e-05,0.3,1,BERT:bert_class_weighted,Class weight
321,emscad_02064,This role represents an important position within the Company. The ideal candidate will be a well rounded internet marke,Internet Marketing Specialist,0,0,0.9999604225158691,3.9577484130859375e-05,0.3,1,BERT:bert_class_weighted,Class weight
322,emscad_02070,"Welcome to interface rehab interface rehab provides comprehensive rehabilitation (Physical, Occupational & Speech Therap",Director of Rehab,0,0,0.9999604225158691,3.9577484130859375e-05,0.3,1,BERT:bert_class_weighted,Class weight
323,emscad_02078,"Aker Solutions is a global provider of products, systems and services to the oil and gas industry. Our engineering, desi",Piping Material Engineer,1,1,0.0,1.0,0.3,1,BERT:bert_class_weighted,Class weight
324,emscad_02081,We are a visual technology startup pioneering powerful immersive experiences for next generation wearable displays. Cond,Senior Computer Vision Engineer,0,0,0.999929666519165,7.033348083496094e-05,0.3,1,BERT:bert_class_weighted,Class weight
325,emscad_02082,If working in a cubical seems like your idea of hell then joining our awesome startup team might be the opportunity you’,Sales Team Leader,0,0,0.9999588131904602,4.118680953979492e-05,0.3,1,BERT:bert_class_weighted,Class weight
326,emscad_02093,"Novitex Enterprise Solutions, formerly Pitney Bowes Management Services, delivers innovative document and communications",Customer Service Associate - Part Time,0,0,0.9999661445617676,3.3855438232421875e-05,0.3,1,BERT:bert_class_weighted,Class weight
327,emscad_02096,Ameritech Media wants to give industry thought-leaders the marketing communications they need to stay out in front. We’r,Account Executive,0,0,0.9999666810035706,3.331899642944336e-05,0.3,1,BERT:bert_class_weighted,Class weight
328,emscad_02101,CALL CENTER AGENTS,CALL CENTER AGENTS,0,0,0.9999575018882751,4.2498111724853516e-05,0.3,1,BERT:bert_class_weighted,Class weight
329,emscad_02106,"Roland & Associates is a Corporate Recruitment Organization providing solutions to Global MNCs in US, Middle East & Asia",Analog / Mixed Signal Testing Experts - Salary 40 Lakhs+,0,0,0.9999588131904602,4.118680953979492e-05,0.3,1,BERT:bert_class_weighted,Class weight
330,emscad_02112,CloudWalk Inc. is hiring one embedded C developer/engineer. Join a growing company currently in one of the biggest busin,Ruby and C Developer,0,0,0.9999594688415527,4.0531158447265625e-05,0.3,1,BERT:bert_class_weighted,Class weight
331,emscad_02118,ding* is the world’s largest top-up provider. Created to help people working abroad to support and keep in touch with lo,PPC Specialist,0,0,0.9999658465385437,3.415346145629883e-05,0.3,1,BERT:bert_class_weighted,Class weight
332,emscad_02121,"Valor Services provides Workforce Solutions that meet the needs of companies across the Private Sector, with a special f",Drilling and Completion Foreman,0,0,0.999963641166687,3.635883331298828e-05,0.3,1,BERT:bert_class_weighted,Class weight
333,emscad_02123,"Novitex Enterprise Solutions, formerly Pitney Bowes Management Services, delivers innovative document and communications",Customer Service Associate - On Call,0,0,0.9999656081199646,3.439188003540039e-05,0.3,1,BERT:bert_class_weighted,Class weight
334,emscad_02127,Job Overview,Human Resource (HR) Risk Management Specialist,0,0,0.9999551177024841,4.488229751586914e-05,0.3,1,BERT:bert_class_weighted,Class weight
335,emscad_02128,Pioneering advanced analytics vendor RapidMiner is redefining how business analysts use Big Data to predict the future. ,Software Developer (Java),0,0,0.9999439120292664,5.608797073364258e-05,0.3,1,BERT:bert_class_weighted,Class weight
336,emscad_02130,Volunteers of America is a faith-based human services organization. We are dedicated to helping individuals and families,Case Manager,0,0,0.999956488609314,4.3511390686035156e-05,0.3,1,BERT:bert_class_weighted,Class weight
337,emscad_02135,Zylun is expanding the recruiting landscape for companies worldwide. We help businesses better compete and increase prof,PPC Specialist,0,0,0.9999581575393677,4.184246063232422e-05,0.3,1,BERT:bert_class_weighted,Class weight
338,emscad_02136,"Precision Technologies (PTC) is a leading IT staffing and Solutions Company located in New Jersey, USA. Leveraging on ye",Entry Level PL/SQL Developer,0,0,0.9999551177024841,4.488229751586914e-05,0.3,1,BERT:bert_class_weighted,Class weight
339,emscad_02144,CallCentre People Recruitment is recognised as being specialists within the CallCentre industry.,Clinic Receptionist/Administrator,0,0,0.9999629259109497,3.707408905029297e-05,0.3,1,BERT:bert_class_weighted,Class weight
340,emscad_02147,Zylun is expanding the recruiting landscape for companies worldwide. We help businesses better compete and increase prof,PHP w/ Laravel Developers,0,0,0.9999403357505798,5.9664249420166016e-05,0.3,1,BERT:bert_class_weighted,Class weight
341,emscad_02149,"Minimedia is a new media company based in Athens, Greece. It",Junior Web Content Producer,0,0,0.9999520778656006,4.792213439941406e-05,0.3,1,BERT:bert_class_weighted,Class weight
342,emscad_02153,"Roland & Associates is a Corporate Recruitment Organization providing solutions to Global MNCs in US, Middle East & Asia",Sr.Java Developer jobs in Maryland,0,0,0.9999610185623169,3.898143768310547e-05,0.3,1,BERT:bert_class_weighted,Class weight
343,emscad_02154,Since 1978,Interactive Developer,0,0,0.9999524354934692,4.756450653076172e-05,0.3,1,BERT:bert_class_weighted,Class weight
344,emscad_02174,Roka Security is a boutique security firm that specializes in full-scale network protection and defending against advanc,Freeswitch Engineer,0,0,0.9999545812606812,4.5418739318847656e-05,0.3,1,BERT:bert_class_weighted,Class weight
345,emscad_02178,"Olabord is an experience centric, location based, mobile app. It's a mobile meeting point for people sharing the same re",iOS Mobile Developer,0,0,0.9998766183853149,0.0001233816146850586,0.3,1,BERT:bert_class_weighted,Class weight
346,emscad_02180,"Digital Ad Sales Account Executive Experience : 2 - 7 years Location : Los Angeles, CA",Digital Ad Sales Account Executive,0,0,0.9999581575393677,4.184246063232422e-05,0.3,1,BERT:bert_class_weighted,Class weight
347,emscad_02182,"Novitex Enterprise Solutions, formerly Pitney Bowes Management Services, delivers innovative document and communications",Customer Service Associate,0,0,0.9999665021896362,3.349781036376953e-05,0.3,1,BERT:bert_class_weighted,Class weight
348,emscad_02185,"I am looking for goal oriented, business savvy professionals that want to join one of the biggest names in skin care, th",Independent Consultant,0,0,0.9999536871910095,4.6312808990478516e-05,0.3,1,BERT:bert_class_weighted,Class weight
349,emscad_02198,Library Director,Library Director,0,0,0.9998219013214111,0.0001780986785888672,0.3,1,BERT:bert_class_weighted,Class weight
350,emscad_02204,Description,Accountant - Leading Private Equity Firm,0,0,0.9998452663421631,0.00015473365783691406,0.3,1,BERT:bert_class_weighted,Class weight
351,emscad_02235,Want to build a 21st century financial service?,Customer Support Associate,0,0,0.9999538660049438,4.6133995056152344e-05,0.3,1,BERT:bert_class_weighted,Class weight
352,emscad_02239,HealthCare California is a locally-owned and operated home health agency providing a variety of home health and medical ,Account Executive,0,0,0.9999657273292542,3.427267074584961e-05,0.3,1,BERT:bert_class_weighted,Class weight
353,emscad_02244,MediaMonks is the biggest creative digital production company on the planet . We specialize in working for and with adve,SR. INTERACTIVE ANIMATOR,0,0,0.9999625086784363,3.74913215637207e-05,0.3,1,BERT:bert_class_weighted,Class weight
354,emscad_02245,"SpotSource Solutions LLC is a Global Human Capital Management Consulting firm headquartered in Miami, Florida. Founded i",Account Manager,0,0,0.9999639391899109,3.606081008911133e-05,0.3,1,BERT:bert_class_weighted,Class weight
355,emscad_02249,Why work with tapely,Ruby on Rails Application Engineer,0,0,0.9999271631240845,7.283687591552734e-05,0.3,1,BERT:bert_class_weighted,Class weight
356,emscad_02250,The AdPilot is a startup working on the automation of Google AdWords for eshops. We believe that online advertising is t,Senior Software Developer,0,0,0.9999035000801086,9.649991989135742e-05,0.3,1,BERT:bert_class_weighted,Class weight
357,emscad_02252,We Provide Full Time Permanent Positions for many medium to large US companies. We are interested in finding/recruiting ,Electrical Maintenance Technician,0,0,0.9999600648880005,3.993511199951172e-05,0.3,1,BERT:bert_class_weighted,Class weight
358,emscad_02258,The Gaylord Texan Located in Grapevine Texas seeks a HVAC Technician to join our team.,HVAC Technician,0,0,0.9999257326126099,7.426738739013672e-05,0.3,1,BERT:bert_class_weighted,Class weight
359,emscad_02277,"For more than two decades, the TRAK Companies have been providing temporary and direct-hire professional support staff t",Tax Assembler,0,0,0.9999608397483826,3.916025161743164e-05,0.3,1,BERT:bert_class_weighted,Class weight
360,emscad_02278,"You will be responsible for directing the outlets, catering, stewarding and banqueting operations of the hotel to make s",Food and Beverage Director,1,1,0.005859375,0.994140625,0.3,1,BERT:bert_class_weighted,Class weight
361,emscad_02291,"We combine advanced machine learning and state-of-the-art software solutions, and apply them largest volumes of biomedic",Machine Learning Scientist,0,0,0.9999372363090515,6.276369094848633e-05,0.3,1,BERT:bert_class_weighted,Class weight
362,emscad_02292,"We design, make and sell furniture, with a simple mission of getting beautifully crafted furniture from the workshop flo",Swoon Star,0,0,0.999960720539093,3.927946090698242e-05,0.3,1,BERT:bert_class_weighted,Class weight
363,emscad_02298,ClarusApex is a global recruiting and migration specialist sourcing top candidates at all levels and industries from 46 ,Maintenance Technician - Bowling club,0,0,0.9999628067016602,3.719329833984375e-05,0.3,1,BERT:bert_class_weighted,Class weight
364,emscad_02303,"Valor Services provides Workforce Solutions that meet the needs of companies across the Private Sector, with a special f",Senior Oil & Gas Recruiter (Midstream/Upstream),0,0,0.9999668002128601,3.319978713989258e-05,0.3,1,BERT:bert_class_weighted,Class weight
365,emscad_02305,One of my clients is looking for a Project Manager/ Business Analyst to lead the organization's Enterprise Case Manageme,Project Manager / Business Analyst,0,0,0.9999161958694458,8.380413055419922e-05,0.3,1,BERT:bert_class_weighted,Class weight
366,emscad_02306,"Sawyer Studios is a full service marketing and advertising agency providing media, digital and creative services to the ",Social Media Strategist,0,0,0.9999640583992004,3.594160079956055e-05,0.3,1,BERT:bert_class_weighted,Class weight
367,emscad_02314,We are looking for a Quality Assurance Engineer to develop and execute exploratory tests as well as automated tests in o,QA Engineer,0,0,0.9999321103096008,6.788969039916992e-05,0.3,1,BERT:bert_class_weighted,Class weight
368,emscad_02316,Defines site objectives by analyzing user requirements; envisioning system features and functionality.,Java Engineer,0,0,0.9998936057090759,0.00010639429092407227,0.3,1,BERT:bert_class_weighted,Class weight
369,emscad_02319,We are Osper. We transform the lives of young people. We teach them to manage money responsibly.,Head of Product,0,0,0.9988527297973633,0.0011472702026367188,0.3,1,BERT:bert_class_weighted,Class weight
370,emscad_02324,"Located in the heart of the Green Mountains, our welcoming, mountaintop campus is home to more than 1,900 students. We o","Administrative Assistant, Business and Economics",0,0,0.9999174475669861,8.255243301391602e-05,0.3,1,BERT:bert_class_weighted,Class weight
371,emscad_02325,"#URL_a397afc00bff956382eec8b3826bbd79bd4cbade11c565390118c0c00292b77e# is a venture funded, successful UK startup buildi",Marketing and Communications Manager,0,0,0.999950110912323,4.988908767700195e-05,0.3,1,BERT:bert_class_weighted,Class weight
372,emscad_02326,Great Customer Service from Start to Finish,Intermediate Accountant,0,0,0.9999513030052185,4.869699478149414e-05,0.3,1,BERT:bert_class_weighted,Class weight
373,emscad_02329,We are looking for an experienced front end developer with ExpressionEngine experience to help out on our small team bas,ExpressionEngine Developer,0,0,0.9999362230300903,6.377696990966797e-05,0.3,1,BERT:bert_class_weighted,Class weight
374,emscad_02341,"OgilvyOne worldwide, Athens was established in 1987. The company provides Digital, CRM and Promotional services to Greek",Digital Account Executive,0,0,0.9999626278877258,3.737211227416992e-05,0.3,1,BERT:bert_class_weighted,Class weight
375,emscad_02388,Multi-Tiered Animal Rescue & Education Solution dedicated to saving as many animals as possible!,Event Planner,0,0,0.9999511241912842,4.887580871582031e-05,0.3,1,BERT:bert_class_weighted,Class weight
376,emscad_02395,"For more than two decades, the TRAK Companies have been providing temporary and direct-hire professional support staff t",Personal Assistant,0,0,0.9999602437019348,3.975629806518555e-05,0.3,1,BERT:bert_class_weighted,Class weight
377,emscad_02400,Role: Linux System Admin,Linux System Admin || Uniondale NY or Herndon VA || 4+ Months ||,0,0,0.9998889565467834,0.00011104345321655273,0.3,1,BERT:bert_class_weighted,Class weight
378,emscad_02403,"Cision gives marketing and communications professionals the tools they need to identify, understand and engage with the ",Business Development PR SaaS,0,0,0.9999599456787109,4.00543212890625e-05,0.3,1,BERT:bert_class_weighted,Class weight
379,emscad_02407,Applied Memetics LLC is a professional services company dedicated to integrating and delivering best practice communicat,"The Media and Archive Research Assistant, Broadcast Operations Division",0,0,0.999965488910675,3.451108932495117e-05,0.3,1,BERT:bert_class_weighted,Class weight
380,emscad_02413,SDI Marketing started in 1988 as a small marketing agency with one simple philosophy: make our client's business our bus,Mystery Shopper,0,0,0.9999563694000244,4.363059997558594e-05,0.3,1,BERT:bert_class_weighted,Class weight
381,emscad_02414,"Stokes Automotive Group-Beaufort is a family owned and operated dealer group in Beaufort, SC. Stokes is the leader in th",RECEPTIONIST,0,0,0.9999596476554871,4.035234451293945e-05,0.3,1,BERT:bert_class_weighted,Class weight
382,emscad_02425,SDI Marketing started in 1988 as a small marketing agency with one simple philosophy: make our client's business our bus,Mystery Shopper - Idaho,0,0,0.9999573230743408,4.267692565917969e-05,0.3,1,BERT:bert_class_weighted,Class weight
383,emscad_02437,We pay competitive salaries and we offer meaningful stock equity in a promising venture. Your well-being is an important,SENIOR SOFTWARE ENGINEER,0,0,0.9999465346336365,5.346536636352539e-05,0.3,1,BERT:bert_class_weighted,Class weight
384,emscad_02443,Recruitment of Brand Ambassadors for various clients (reputable MNCs) for different activities,Student MATADORS for Bulls Eye Communications,0,0,0.9999405741691589,5.942583084106445e-05,0.3,1,BERT:bert_class_weighted,Class weight
385,emscad_02455,Maker’s Row is an online marketplace that connects American manufacturers and product based businesses. Our mission is t,Community Management Intern,0,0,0.9999507069587708,4.929304122924805e-05,0.3,1,BERT:bert_class_weighted,Class weight
386,emscad_02457,Pardon Services Canada is a national legal services company established in 1989.We serve as an advocate for Canadians wi,Sales Manager,0,0,0.9999558329582214,4.416704177856445e-05,0.3,1,BERT:bert_class_weighted,Class weight
387,emscad_02471,We’re looking for a web designer with a passion for web to help us create great products and make our clients happy.,Web Designer,0,0,0.9999400973320007,5.990266799926758e-05,0.3,1,BERT:bert_class_weighted,Class weight
388,emscad_02472,Hello Job Seeker!,Software Sales Representative,0,0,0.9999503493309021,4.965066909790039e-05,0.3,1,BERT:bert_class_weighted,Class weight
389,emscad_02480,Outstanding Member Service Starts With Outstanding People,Payroll Specialist/HR Generalist,0,0,0.9999622106552124,3.7789344787597656e-05,0.3,1,BERT:bert_class_weighted,Class weight
390,emscad_02492,"Shyp is the easiest way to send anything, anywhere.",General Manager - Miami,0,0,0.9999635219573975,3.647804260253906e-05,0.3,1,BERT:bert_class_weighted,Class weight
391,emscad_02494,"Resource Guru is the leading provider of cloud-based team scheduling software. It’s the fast, simple way to schedule peo",Customer Success Guru,0,0,0.9999619126319885,3.808736801147461e-05,0.3,1,BERT:bert_class_weighted,Class weight
392,emscad_02501,"Founded in 2010 by a team from Google’s London and New York offices, Qubit work with some of the biggest names in Online",Corporate Account Executive,0,0,0.9999638199806213,3.618001937866211e-05,0.3,1,BERT:bert_class_weighted,Class weight
393,emscad_02508,"Warehouse managers and Shift managers required in a busy distribution centre in Shire Park, Worcester.",warehouse first line manager/ Shift Manager,0,0,0.9999527931213379,4.7206878662109375e-05,0.3,1,BERT:bert_class_weighted,Class weight
394,emscad_02525,"Back office medical assistant for a busy PM&R practice in the east valley. We are looking for warm, friendly people that",Medical Assistant,0,0,0.9998494386672974,0.00015056133270263672,0.3,1,BERT:bert_class_weighted,Class weight
395,emscad_02533,Kettle is an independent digital agency based in New York City and the Bay Area. We’re committed to making digital do mo,"OF | UI DESIGNER, MOBILE APP",0,0,0.9999485611915588,5.143880844116211e-05,0.3,1,BERT:bert_class_weighted,Class weight
396,emscad_02539,"Based in Houston, Texas, Palladium Consulting is a boutique software consulting firm with 12 years’ experience building ",High Performance Data Access Framework Engineer,0,0,0.999958336353302,4.166364669799805e-05,0.3,1,BERT:bert_class_weighted,Class weight
397,emscad_02571,Can data be a thing of beauty? We think so.,Data Solutions Developer (Node.JS),0,0,0.9999578595161438,4.214048385620117e-05,0.3,1,BERT:bert_class_weighted,Class weight
398,emscad_02575,"Neverbland is a team of designers, developers and doers. Specialists in user experience, interaction design and product ",Producer,0,0,0.9999518394470215,4.8160552978515625e-05,0.3,1,BERT:bert_class_weighted,Class weight
399,emscad_02576,Contentful ( #URL_0252efddcbc4b8f51969fca7b054595976ea4678fd880b3653151e618d447b33# ) is an API-first content management,UI / Interaction Designer,0,0,0.9999456405639648,5.435943603515625e-05,0.3,1,BERT:bert_class_weighted,Class weight
400,emscad_02579,Account Payable Clerk,Account Payable Clerk,0,0,0.9999452233314514,5.4776668548583984e-05,0.3,1,BERT:bert_class_weighted,Class weight
401,emscad_02585,Maker’s Row is an online marketplace that connects American manufacturers and product based businesses. Our mission is t,Research Intern,0,0,0.9999533295631409,4.667043685913086e-05,0.3,1,BERT:bert_class_weighted,Class weight
402,emscad_02605,"At Total Eclipse we create fun, original, and addictive games that are easy to learn yet hard to master. We have a stron",Marketing Consultant,0,0,0.9999529719352722,4.70280647277832e-05,0.3,1,BERT:bert_class_weighted,Class weight
403,emscad_02607,Pingdom ett företag som grundades 2007 av Sam Nurmi som även är bolagets ägare. Idag används Pingdoms tjänster av hundra,"FrontEnd-utvecklare, Stockholm",0,0,0.9998956918716431,0.0001043081283569336,0.3,1,BERT:bert_class_weighted,Class weight
404,emscad_02610,"Novitex Enterprise Solutions, formerly Pitney Bowes Management Services, delivers innovative document and communications",Customer Service Associate - On Call,0,0,0.9999651908874512,3.4809112548828125e-05,0.3,1,BERT:bert_class_weighted,Class weight
405,emscad_02612,"Certoid is an identity, impersonation and reputation network. The area: Software Engineering Our engineers develop the n",Back End Software Engineer,0,0,0.9999594688415527,4.0531158447265625e-05,0.3,1,BERT:bert_class_weighted,Class weight
406,emscad_02615,"Electus believes in long-term relationships with our candidates. We provide a combination of recruiting expertise, data,",Director of Enrollment,0,0,0.9999591708183289,4.082918167114258e-05,0.3,1,BERT:bert_class_weighted,Class weight
407,emscad_02626,"Social Media has the power to shape, educate and grow amazing organisations across the world. We're on a mission to make",Digital Marketing,0,0,0.9999581575393677,4.184246063232422e-05,0.3,1,BERT:bert_class_weighted,Class weight
408,emscad_02627,Upstream’s mission is to revolutionise the way companies market to consumers through cutting edge technology. This is an,Campaign Manager,0,0,0.9999634027481079,3.6597251892089844e-05,0.3,1,BERT:bert_class_weighted,Class weight
409,emscad_02632,"True Shabu is a new restaurant in Anaheim Hills, California offering fresh and delicious ""shabu-shabu"" hot pot cuisine w",Dishwasher,0,0,0.9999589920043945,4.100799560546875e-05,0.3,1,BERT:bert_class_weighted,Class weight
410,emscad_02635,"Freelance photographer wanted for an onsite facility shoot at senior living facilities in Scottsdale, AZ, Salt Lake city",Freelance Photographer,0,0,0.9998931884765625,0.0001068115234375,0.3,1,BERT:bert_class_weighted,Class weight
411,emscad_02643,Job Description-,Key Account Manager,0,0,0.9999524354934692,4.756450653076172e-05,0.3,1,BERT:bert_class_weighted,Class weight
412,emscad_02653,Gary Cartwright established Cartwright Property Management in 2007 to help manage the HOAs that were created when his de,Administrative Assistant,1,1,0.00048828125,0.99951171875,0.3,1,BERT:bert_class_weighted,Class weight
413,emscad_02665,Upstream’s mission is to revolutionise the way companies market to consumers through cutting edge technology. This is an,Engagement Manager (Nigeria),0,0,0.9999622106552124,3.7789344787597656e-05,0.3,1,BERT:bert_class_weighted,Class weight
414,emscad_02675,Q2Hire has been delivering concrete results for more than 10 years. And this successful history has a formula: Your goal,Enterprise DW Architect,0,0,0.9999605417251587,3.9458274841308594e-05,0.3,1,BERT:bert_class_weighted,Class weight
415,emscad_02676,"Quality accommodations, exceptional service, memorable destinations, Beck Company Hotels has been committed to excellenc",Hotel Front Desk Clerk,0,0,0.9998931884765625,0.0001068115234375,0.3,1,BERT:bert_class_weighted,Class weight
416,emscad_02691,We Provide Full Time Permanent Positions for many medium to large US companies. We are interested in finding/recruiting ,Sr. Design Engineer Mechanical - 3D CAD,0,0,0.9999640583992004,3.594160079956055e-05,0.3,1,BERT:bert_class_weighted,Class weight
417,emscad_02694,EUROPEAN DYNAMICS (#URL_c66532ffa1ce76ab447da6774719060c42c584edbf44d74cdb94fc4ac219ca45#) is a leading European Softwar,Senior Java Developer,0,0,0.9999507069587708,4.929304122924805e-05,0.3,1,BERT:bert_class_weighted,Class weight
418,emscad_02698,"Valor Services provides Workforce Solutions that meet the needs of companies across the Private Sector, with a special f",Innovative Structural Engineer,0,0,0.999966025352478,3.3974647521972656e-05,0.3,1,BERT:bert_class_weighted,Class weight
419,emscad_02716,"We’ve built revolutionary technology that is changing the way people get around cities. Using Via, a luxury ride booked ",Office Manager,0,0,0.9999529719352722,4.70280647277832e-05,0.3,1,BERT:bert_class_weighted,Class weight
420,emscad_02717,"Daily Secret is one of the fastest growing digital media brand for premium audiences around the world, serving 1.8 milli",Director of Product & Technology,0,0,0.9999576807022095,4.2319297790527344e-05,0.3,1,BERT:bert_class_weighted,Class weight
421,emscad_02719,"Hospitality is a team sport. We want you on our team. Since 1973, Frog Commissary has been setting the standard for awar",EXECUTIVE CHEF,0,0,0.9999589920043945,4.100799560546875e-05,0.3,1,BERT:bert_class_weighted,Class weight
422,emscad_02725,"At Hayes-Corp, we create the fun stuff. With a focus on software development for mobile platforms, we are constantly loo",Marketing Specialist,0,0,0.9999594688415527,4.0531158447265625e-05,0.3,1,BERT:bert_class_weighted,Class weight
423,emscad_02726,Established on the principles that full time education is not for everyone Spectrum Learning is made up of a team of pas,Crawley Fragrance/Beauty Promotional Staff Needed,0,0,0.9999642372131348,3.5762786865234375e-05,0.3,1,BERT:bert_class_weighted,Class weight
424,emscad_02731,"Crossroads Treatment Centers is a nationally-accredited, medication-assisted, out-patient program that delivers fast, ef",Substance Abuse Counselor (Greensboro Center),0,0,0.9999656081199646,3.439188003540039e-05,0.3,1,BERT:bert_class_weighted,Class weight
425,emscad_02732,"Tidewater Finance Co. was established in 1992 for the initial purpose of purchasing, and servicing retail installment co",Recovery Assistant Manager,0,0,0.9999545812606812,4.5418739318847656e-05,0.3,1,BERT:bert_class_weighted,Class weight
426,emscad_02736,"Founded in 2010 by a team from Google’s London and New York offices, Qubit work with some of the biggest names in Online",Product Marketing Manager,0,0,0.9999635219573975,3.647804260253906e-05,0.3,1,BERT:bert_class_weighted,Class weight
427,emscad_02737,Wello is expanding our network of health & fitness professionals following our acquisition by Weight Watchers in April. ,Independent Contractor Fitness Professional,0,0,0.9999650716781616,3.4928321838378906e-05,0.3,1,BERT:bert_class_weighted,Class weight
428,emscad_02742,Roka Security is a boutique security firm that specializes in full-scale network protection and defending against advanc,Sales / Business Development Director,0,0,0.9999597668647766,4.023313522338867e-05,0.3,1,BERT:bert_class_weighted,Class weight
429,emscad_02744,"TNT Consulting PC operates in Greece from August 2013 promoting the idea of ​​saving and the rational use of energy, spe",Sales Rep. / Lighting Engineer,0,0,0.9999556541442871,4.4345855712890625e-05,0.3,1,BERT:bert_class_weighted,Class weight
430,emscad_02749,"Social Media has the power to shape, educate and grow amazing organisations across the world. We're on a mission to make",LEAD DESIGNER @Driftrock,0,0,0.9999581575393677,4.184246063232422e-05,0.3,1,BERT:bert_class_weighted,Class weight
431,emscad_02751,"AZCO INC. is an employee-owned, full service industrial constructor and pipe and metal fabricator, capable of self-perfo",Administrative Assistant,1,0,0.9953804016113281,0.004619598388671875,0.3,0,BERT:bert_class_weighted,Class weight
432,emscad_02764,"We're artists, thinkers, and doers in an open, collaborative, and challenging environment. We love to work our hearts ou",QA Tester,0,0,0.9999441504478455,5.5849552154541016e-05,0.3,1,BERT:bert_class_weighted,Class weight
433,emscad_02771,"PINT is a leader in the web industry with 20 years of web design, software development and consulting experience. PINT's",Junior Webmaster - Part-Time,0,0,0.9999580383300781,4.1961669921875e-05,0.3,1,BERT:bert_class_weighted,Class weight
434,emscad_02772,"Roland & Associates is a Corporate Recruitment Organization providing solutions to Global MNCs in US, Middle East & Asia",Financial Planning & Control Leader Jobs in China,0,0,0.9999591708183289,4.082918167114258e-05,0.3,1,BERT:bert_class_weighted,Class weight
435,emscad_02779,Chief Executive Officer needed for general acute care hospital in Southern West Virginia location. Candidates must have ,"Chief Executive Officer, CEO, hospital",0,0,0.9999432563781738,5.6743621826171875e-05,0.3,1,BERT:bert_class_weighted,Class weight
436,emscad_02785,Position Title: Electrical Supervisor Sector: Pharmaceutical Company type: Large Pharmaceutical Company Location: Lahore,Electrical Supervisor,0,0,0.99988853931427,0.00011146068572998047,0.3,1,BERT:bert_class_weighted,Class weight
437,emscad_02787,Want to build a 21st century financial service?,Customer Support Associate,0,0,0.9999526143074036,4.738569259643555e-05,0.3,1,BERT:bert_class_weighted,Class weight
438,emscad_02789,Ideal CRM is a sales consulting firm focused on Customer Relationship Management. We specialize in building and implemen,Administrative Assistant,0,0,0.9999508857727051,4.9114227294921875e-05,0.3,1,BERT:bert_class_weighted,Class weight
439,emscad_02799,Applied Memetics LLC is a professional services company dedicated to integrating and delivering best practice communicat,Radio Program Host,0,0,0.999961793422699,3.820657730102539e-05,0.3,1,BERT:bert_class_weighted,Class weight
440,emscad_02800,Applied Memetics LLC is a professional services company dedicated to integrating and delivering best practice communicat,"International Broadcaster, Dari and Pashto Languages",0,0,0.9999642372131348,3.5762786865234375e-05,0.3,1,BERT:bert_class_weighted,Class weight
441,emscad_02825,"Replise was started in 2008, just a year after Twitter was launched, by a bunch of serial entrepreneurs who believed the",Marketing Manager (2X),0,0,0.9999619126319885,3.808736801147461e-05,0.3,1,BERT:bert_class_weighted,Class weight
442,emscad_02829,Upstream’s mission is to revolutionise the way companies market to consumers through cutting edge technology. This is an,Campaign Manager,0,0,0.9999634027481079,3.6597251892089844e-05,0.3,1,BERT:bert_class_weighted,Class weight
443,emscad_02845,"Here at Mansfield Property Maintenance we are experienced in providing reactive day to day building maintenance, planned",Maintenance Engineer,0,0,0.9999588131904602,4.118680953979492e-05,0.3,1,BERT:bert_class_weighted,Class weight
444,emscad_02846,Embarke is increasing email opens and clicks for marketers by 5-20%...automatically. We do this by performing behavior a,Business Development Strategist,0,0,0.9999572038650513,4.279613494873047e-05,0.3,1,BERT:bert_class_weighted,Class weight
445,emscad_02849,Pardon Services Canada is a national legal services company established in 1989.We serve as an advocate for Canadians wi,Inside Sales Representative,0,0,0.999966025352478,3.3974647521972656e-05,0.3,1,BERT:bert_class_weighted,Class weight
446,emscad_02856,Applied Memetics LLC is a professional services company dedicated to integrating and delivering best practice communicat,"Senior Graphic Artist, English Service",0,0,0.999963641166687,3.635883331298828e-05,0.3,1,BERT:bert_class_weighted,Class weight
447,emscad_02859,"Novitex Enterprise Solutions, formerly Pitney Bowes Management Services, delivers innovative document and communications",Customer Service Associate,0,0,0.9999663829803467,3.361701965332031e-05,0.3,1,BERT:bert_class_weighted,Class weight
448,emscad_02866,"Tidewater Finance Co. was established in 1992 for the initial purpose of purchasing, and servicing retail installment co",Collection Representatives,0,0,0.9999572038650513,4.279613494873047e-05,0.3,1,BERT:bert_class_weighted,Class weight
449,emscad_02879,"Novitex Enterprise Solutions, formerly Pitney Bowes Management Services, delivers innovative document and communications",Customer Service Associate,0,0,0.9999668002128601,3.319978713989258e-05,0.3,1,BERT:bert_class_weighted,Class weight
450,emscad_02886,Rich Media Support Specialist is responsible for analyzing and resolving multiple technical issues of internet advertisi,Rich Media Support Specialist,0,0,0.9999620914459229,3.790855407714844e-05,0.3,1,BERT:bert_class_weighted,Class weight
451,emscad_02895,Applied Memetics LLC is a professional services company dedicated to integrating and delivering best practice communicat,"Broadcast Production Workflow Trainer, Broadcast Operations Division",0,0,0.9999658465385437,3.415346145629883e-05,0.3,1,BERT:bert_class_weighted,Class weight
452,emscad_02898,"Since 2005, American Secured Benefits, a leading financial planning and insurance brokerage company, has helped thousand",Support Team Member,1,0,0.9999585151672363,4.1484832763671875e-05,0.3,0,BERT:bert_class_weighted,Class weight
453,emscad_02911,"Technologically advanced general-acute-care hospital in attractive, affordable and family-oriented Florida community.","Chief Operating Officer (near Jacksonville, FL) Hospital Exp.Required",0,0,0.9999328851699829,6.711483001708984e-05,0.3,1,BERT:bert_class_weighted,Class weight
454,emscad_02920,"We’ve built revolutionary technology that is changing the way people get around cities. Using Via, a luxury ride booked ",Junior QA/Software Engineer,0,0,0.9999514818191528,4.851818084716797e-05,0.3,1,BERT:bert_class_weighted,Class weight
455,emscad_02924,Applied Memetics LLC is a professional services company dedicated to integrating and delivering best practice communicat,"International Broadcaster, Learning English Service",0,0,0.9999638199806213,3.618001937866211e-05,0.3,1,BERT:bert_class_weighted,Class weight
456,emscad_02930,"Joy Aether is a leading provider of mobile business solutions, based on iPhone, Android, iPad, and other platforms. We f",Senior Software Developer(Java),0,0,0.9999536871910095,4.6312808990478516e-05,0.3,1,BERT:bert_class_weighted,Class weight
457,emscad_02943,"O|Miga is a different type of business services firm. Founded by x-Big 4 partners, O|Miga offers accounting, payroll, hu",Contract Sales Representative,0,0,0.9999594688415527,4.0531158447265625e-05,0.3,1,BERT:bert_class_weighted,Class weight
458,emscad_02946,RealScout is SalesForce + Zillow for the $50B residential real estate sales industry. The platform allows Realtors® to c,Lead Architect,0,0,0.9999653100967407,3.4689903259277344e-05,0.3,1,BERT:bert_class_weighted,Class weight
459,emscad_02950,"ABC Supply Co., Inc. is the nation’s largest wholesale distributor of roofing and one of the largest distributors of sid",Inside Sales Professional,0,0,0.999956488609314,4.3511390686035156e-05,0.3,1,BERT:bert_class_weighted,Class weight
460,emscad_02952,"We’ve built revolutionary technology that is changing the way people get around cities. Using Via, a luxury ride booked ",Recruiting Manager,0,0,0.9999514818191528,4.851818084716797e-05,0.3,1,BERT:bert_class_weighted,Class weight
461,emscad_02968,"Welcome to Groove, one of the fastest-growing and high-energy dance production companies in the nation! At Groove, we st",Photographer,0,0,0.9999647736549377,3.522634506225586e-05,0.3,1,BERT:bert_class_weighted,Class weight
462,emscad_02979,"Babbel enables anyone to learn languages in an easy and interactive way. The learning system offers 13 languages, from E",UX Researcher,0,0,0.9999581575393677,4.184246063232422e-05,0.3,1,BERT:bert_class_weighted,Class weight
463,emscad_02987,"Minimedia is a new media company based in Athens, Greece. It",Senior Web Producer,0,0,0.999950110912323,4.988908767700195e-05,0.3,1,BERT:bert_class_weighted,Class weight
464,emscad_02991,The story of the Great Chicago Fire of 1871 isn’t really about the fire. It’s about what happened next: A remarkable mom,iOS Developer - 640 Labs,0,0,0.9999423623085022,5.7637691497802734e-05,0.3,1,BERT:bert_class_weighted,Class weight
465,emscad_03005,We Provide Full Time Permanent Positions for many medium to large US companies. We are interested in finding/recruiting ,Regional Sales Manager,0,0,0.9999643564224243,3.5643577575683594e-05,0.3,1,BERT:bert_class_weighted,Class weight
466,emscad_03014,"Hi,",Sr. Java Developer,0,0,0.9999288320541382,7.11679458618164e-05,0.3,1,BERT:bert_class_weighted,Class weight
467,emscad_03022,"We are currently recruiting for a QA Inspector/Manager for our contract in the Shetlands, this would be on a contractual",QA Inspector / Manager,0,0,0.9999379515647888,6.204843521118164e-05,0.3,1,BERT:bert_class_weighted,Class weight
468,emscad_03027,"Due to my clients continued and successful growth, we’re looking for a candidate who can help develop our pest control b",Sales Executive (Pest Control),0,0,0.9999389052391052,6.109476089477539e-05,0.3,1,BERT:bert_class_weighted,Class weight
469,emscad_03030,"Akraya, Inc. is a multiple award-winning, fast growing provider of Staffing and Consulting services with a focus on IT, ",Hadoop Systems Engineer,0,0,0.9999585151672363,4.1484832763671875e-05,0.3,1,BERT:bert_class_weighted,Class weight
470,emscad_03035,The Amani Institute is about developing whole individuals who have the knowledge and practical skills required to solve ,Certificate in Social Innovation Management,0,0,0.9999592900276184,4.07099723815918e-05,0.3,1,BERT:bert_class_weighted,Class weight
471,emscad_03037,"Logika is a 4th party logistics services company, surpassing the firm’s context and aiming to offer innovative solutions",Supply Chain Consultant,0,0,0.9999616146087646,3.838539123535156e-05,0.3,1,BERT:bert_class_weighted,Class weight
472,emscad_03052,#URL_74b75fb23d13838a3ff8f0791ac10c0214373b0e1c19fba51b645299f1a93e4f#-#URL_ea402424f393dce30b3d3bde1a0e6ba5dbf6b8238cb1,Online Tutor,0,0,0.9999294281005859,7.05718994140625e-05,0.3,1,BERT:bert_class_weighted,Class weight
473,emscad_03054,"As augmented reality jobs go, one at Blippar is hard to beat. We are a rapidly expanding creative startup at the forefro",Senior Designer,0,0,0.9999644756317139,3.552436828613281e-05,0.3,1,BERT:bert_class_weighted,Class weight
474,emscad_03069,"We’ve built revolutionary technology that is changing the way people get around cities. Using Via, a luxury ride booked ",Operations Generalist,0,0,0.9999538660049438,4.6133995056152344e-05,0.3,1,BERT:bert_class_weighted,Class weight
475,emscad_03070,Adthena is the UK’s leading competitive intelligence service for Google search advertisers. Adthena is loved by major br,Business development Representative,0,0,0.9999650716781616,3.4928321838378906e-05,0.3,1,BERT:bert_class_weighted,Class weight
476,emscad_03090,A well-known law firm has a long term contract job opportunity in their Orange County office for an Intellectual Propert,Intellectual Property Litigation Secretary Job in Orange County,0,0,0.9999497532844543,5.02467155456543e-05,0.3,1,BERT:bert_class_weighted,Class weight
477,emscad_03091,A company has a job opportunity in their Orange County office for a Legal Administrative Assistant. The ideal candidate ,Legal Administrative Assistant Job in Orange County,0,0,0.9998081922531128,0.00019180774688720703,0.3,1,BERT:bert_class_weighted,Class weight
478,emscad_03093,"Novitex Enterprise Solutions, formerly Pitney Bowes Management Services, delivers innovative document and communications",Customer Service Associate,0,0,0.9999665021896362,3.349781036376953e-05,0.3,1,BERT:bert_class_weighted,Class weight
479,emscad_03094,"VeriPic is a leading supplier of enterprise photo and evidence management software to Law Enforcement Agencies, Military",Senior Software Engineer - Enterprise Software,0,0,0.9999600648880005,3.993511199951172e-05,0.3,1,BERT:bert_class_weighted,Class weight
480,emscad_03096,Applied Memetics LLC is a professional services company dedicated to integrating and delivering best practice communicat,"International Broadcaster, Music (in English) Programming",0,0,0.9999634027481079,3.6597251892089844e-05,0.3,1,BERT:bert_class_weighted,Class weight
481,emscad_03107,Applied Memetics LLC is a professional services company dedicated to integrating and delivering best practice communicat,"Producer, Zimbabwe",0,0,0.9999620914459229,3.790855407714844e-05,0.3,1,BERT:bert_class_weighted,Class weight
482,emscad_03117,CallCentre People Recruitment is recognised as being specialists within the CallCentre industry.,Office Administration Assistant,0,0,0.9999647736549377,3.522634506225586e-05,0.3,1,BERT:bert_class_weighted,Class weight
483,emscad_03119,Applied Memetics LLC is a professional services company dedicated to integrating and delivering best practice communicat,"International Broadcaster, Burmese Service",0,0,0.9999619126319885,3.808736801147461e-05,0.3,1,BERT:bert_class_weighted,Class weight
484,emscad_03121,"Novitex Enterprise Solutions, formerly Pitney Bowes Management Services, delivers innovative document and communications",Customer Service Associate,0,0,0.9999662637710571,3.3736228942871094e-05,0.3,1,BERT:bert_class_weighted,Class weight
485,emscad_03128,We Provide Full Time Permanent Positions for many medium to large US companies. We are interested in finding/recruiting ,Sr. Design Engineer Mechanical - 3D CAD,0,0,0.9999640583992004,3.594160079956055e-05,0.3,1,BERT:bert_class_weighted,Class weight
486,emscad_03136,"HireHopes is the premier professional services consulting firm that specializes in strategic job search, career adviseme",Sales Account Executive,0,0,0.9999619126319885,3.808736801147461e-05,0.3,1,BERT:bert_class_weighted,Class weight
487,emscad_03144,"If you’re looking to start a career at a fast-paced, innovative company with tons of opportunity, then look no further t",Sales and Marketing Analyst Intern,0,0,0.9999639391899109,3.606081008911133e-05,0.3,1,BERT:bert_class_weighted,Class weight
488,emscad_03145,Upstream’s mission is to revolutionise the way companies market to consumers through cutting edge technology. This is an,Engagement Director (Zambia),0,0,0.9999643564224243,3.5643577575683594e-05,0.3,1,BERT:bert_class_weighted,Class weight
489,emscad_03146,Frontend development has changed a lot in the last few years: we've gone from the start of the web standards movement an,Front End Developer / User Interface Engineer (Expression Engine + Wordpress),0,0,0.9999580383300781,4.1961669921875e-05,0.3,1,BERT:bert_class_weighted,Class weight
490,emscad_03155,"90 Seconds, the worlds Cloud Video Production Service.",Senior Sales Executive,0,0,0.9999632239341736,3.6776065826416016e-05,0.3,1,BERT:bert_class_weighted,Class weight
491,emscad_03159,Applied Memetics LLC is a professional services company dedicated to integrating and delivering best practice communicat,"Production Assistant, Russian Language",0,0,0.9999620914459229,3.790855407714844e-05,0.3,1,BERT:bert_class_weighted,Class weight
492,emscad_03162,Pardon Services Canada is a national legal services company established in 1989.We serve as an advocate for Canadians wi,Client Care Specialist - Criminal Justice,0,0,0.9999638199806213,3.618001937866211e-05,0.3,1,BERT:bert_class_weighted,Class weight
493,emscad_03167,Are you finding it harder to work for a boss? Have you always wanted a better work / life balance? Do you want to receiv,Earn Money Working From Home,1,1,0.00048828125,0.99951171875,0.3,1,BERT:bert_class_weighted,Class weight
494,emscad_03171,At Command we care enough to consistently place the right candidates in the right jobs. We have more than 50 locally-man,Customer Service Representative,0,0,0.9999542236328125,4.57763671875e-05,0.3,1,BERT:bert_class_weighted,Class weight
495,emscad_03172,Applied Memetics LLC is a professional services company dedicated to integrating and delivering best practice communicat,Videographer/Editor,0,0,0.9999625086784363,3.74913215637207e-05,0.3,1,BERT:bert_class_weighted,Class weight
496,emscad_03174,We are looking for passionate individuals who will partner with us and ensure the long-term success of our business and ,Self Employed - Work from Home,0,0,0.9999471306800842,5.2869319915771484e-05,0.3,1,BERT:bert_class_weighted,Class weight
497,emscad_03181,Upstream’s mission is to revolutionise the way companies market to consumers through cutting edge technology. This is an,Head of Treasury,0,0,0.9999656081199646,3.439188003540039e-05,0.3,1,BERT:bert_class_weighted,Class weight
498,emscad_03198,Pack Events is looking for a passionate (primarily digital) Marketing lead with the talent to understand our target cust,Marketing Lead,0,0,0.9999586939811707,4.13060188293457e-05,0.3,1,BERT:bert_class_weighted,Class weight
499,emscad_03201,"GraduationSource helps education based organizations plan and execute commencement ceremonies. We design products, servi",Sales Associate,0,0,0.9999650716781616,3.4928321838378906e-05,0.3,1,BERT:bert_class_weighted,Class weight
500,emscad_03208,PowerbyProxi and its customers are leading a revolution to deliver unplugged power. We have changed the way electricity ,Production Planner,0,0,0.999966025352478,3.3974647521972656e-05,0.3,1,BERT:bert_class_weighted,Class weight
501,emscad_03212,Attendant care agency looking to hire caregivers and CNA'S for immediate position. MUST be able to lift up to 70 lbs. Du,Caregivers and CNA's needed ASAP,0,0,0.9999581575393677,4.184246063232422e-05,0.3,1,BERT:bert_class_weighted,Class weight
502,emscad_03214,Working as a strategist focused on the digital world is a relatively new occupation. You probably didn’t go to school fo,Strategy Team,0,0,0.9999556541442871,4.4345855712890625e-05,0.3,1,BERT:bert_class_weighted,Class weight
503,emscad_03217,RHB Recruitment Ltd is a business process outsourcing company with its state-of-the-art delivery center (existing capaci,Functional analyst CCAR,0,0,0.9999632239341736,3.6776065826416016e-05,0.3,1,BERT:bert_class_weighted,Class weight
504,emscad_03223,Senior PHP Developer,Senior PHP developer,0,0,0.9999581575393677,4.184246063232422e-05,0.3,1,BERT:bert_class_weighted,Class weight
505,emscad_03228,We're a Pune based company which specializes in creating apps that you will fall in love with.,Android Developer,0,0,0.999934196472168,6.580352783203125e-05,0.3,1,BERT:bert_class_weighted,Class weight
506,emscad_03243,Bradley Contracting Group Corporation offers a wide range of B2B services through a plethora of different small business,Class A - CDL Driver - Doubles Endorsed,1,1,0.0009765625,0.9990234375,0.3,1,BERT:bert_class_weighted,Class weight
507,emscad_03246,We are looking for Entry Level Business Analysts/Quality Analysts/Financial Analyst,Hiring for Business Analyst,0,1,0.0009765625,0.9990234375,0.3,0,BERT:bert_class_weighted,Class weight
508,emscad_03253,Athens Technology Center SA is looking for candidates for the position of Flash Developer.,Flash Developer,0,0,0.9999344348907471,6.556510925292969e-05,0.3,1,BERT:bert_class_weighted,Class weight
509,emscad_03260,Home Improvement Contractor seeking ambitious individuals.,Carpenter,0,0,0.9999542236328125,4.57763671875e-05,0.3,1,BERT:bert_class_weighted,Class weight
510,emscad_03264,RHB Recruitment Ltd is a business process outsourcing company with its state-of-the-art delivery center (existing capaci,Oracle Techno-Functional (70% Functional and 30% Technical),0,0,0.999963104724884,3.68952751159668e-05,0.3,1,BERT:bert_class_weighted,Class weight
511,emscad_03268,"Depop is an exciting new mobile marketplace where you can sell things by simply taking a picture, as well as follow your",Head of People,0,0,0.9999545812606812,4.5418739318847656e-05,0.3,1,BERT:bert_class_weighted,Class weight
512,emscad_03286,Axonix is a global mobile advertising technology company that's powered by a platform with a 4 year history of leading t,"Head of Supply Sales, EMEA",0,0,0.9999591708183289,4.082918167114258e-05,0.3,1,BERT:bert_class_weighted,Class weight
513,emscad_03297,Come on in.,Lead Mechanical Engineer,0,0,0.9999291300773621,7.086992263793945e-05,0.3,1,BERT:bert_class_weighted,Class weight
514,emscad_03298,"Located in the heart of the Green Mountains, our welcoming, mountaintop campus is home to more than 1,900 students. We o",Teacher Education Licensing Office Coordinator,0,0,0.9999505281448364,4.947185516357422e-05,0.3,1,BERT:bert_class_weighted,Class weight
515,emscad_03301,Massive Media is the social media company behind the successful digital brands #URL_18234f381f5e7b9a9ffdc727cd05c9046edf,Product Manager,0,0,0.9999568462371826,4.315376281738281e-05,0.3,1,BERT:bert_class_weighted,Class weight
516,emscad_03314,"For over 20 years NAC Marketing Company, LLC d/b/a New Vitality has helped people be healthy and live better by marketin","Sales Specialist, Inbound Calls",0,0,0.9999632239341736,3.6776065826416016e-05,0.3,1,BERT:bert_class_weighted,Class weight
517,emscad_03317,Ahoy there adventurer! Join us aboard the good ship Locish as we bravely steer our beloved vessel across the ocean of am,Social Media Manager (Lieutenant),0,0,0.9999171495437622,8.285045623779297e-05,0.3,1,BERT:bert_class_weighted,Class weight
518,emscad_03321,"You will be responsible for directing the outlets, catering, stewarding and banqueting operations of the hotel to make s",Food and Beverage Director,1,1,0.005859375,0.994140625,0.3,1,BERT:bert_class_weighted,Class weight
519,emscad_03329,The smarter way to invest,Operations Analyst,0,0,0.9999605417251587,3.9458274841308594e-05,0.3,1,BERT:bert_class_weighted,Class weight
520,emscad_03333,"Welcome to interface rehab interface rehab provides comprehensive rehabilitation (Physical, Occupational & Speech Therap",Occupational Therapy Assistant,0,0,0.9999581575393677,4.184246063232422e-05,0.3,1,BERT:bert_class_weighted,Class weight
521,emscad_03334,Wecando is a young company founded this year by veterans of Milk & Vice. Our goal is to develop bleeding-edge technology,Javascript Developer with Ad Tech Background,0,0,0.9998980760574341,0.00010192394256591797,0.3,1,BERT:bert_class_weighted,Class weight
522,emscad_03345,Medopad is the leading enterprise mobile health solution that delivers patient information and clinical applications str,SDK Engineer,0,0,0.999958336353302,4.166364669799805e-05,0.3,1,BERT:bert_class_weighted,Class weight
523,emscad_03349,Our Mission,Web Designer,0,0,0.9999568462371826,4.315376281738281e-05,0.3,1,BERT:bert_class_weighted,Class weight
524,emscad_03350,Upstream’s mission is to revolutionise the way companies market to consumers through cutting edge technology. This is an,Requirements Analyst,0,0,0.9999644756317139,3.552436828613281e-05,0.3,1,BERT:bert_class_weighted,Class weight
525,emscad_03352,"Daily Secret is one of the fastest growing digital media brand for premium audiences around the world, serving 1.8 milli",MBA Intern (Business Development),0,0,0.999958336353302,4.166364669799805e-05,0.3,1,BERT:bert_class_weighted,Class weight
526,emscad_03366,Maker’s Row is an online marketplace that connects American manufacturers and product based businesses. Our mission is t,Sales Coordinator,0,0,0.9999545812606812,4.5418739318847656e-05,0.3,1,BERT:bert_class_weighted,Class weight
527,emscad_03374,Fundation is a technology-empowered direct lender that delivers small balance commercial loans nationwide. The firm prov,Head of Inside Sales & Customer Engagement - High Growth Specialty Finance Company,0,0,0.9999651908874512,3.4809112548828125e-05,0.3,1,BERT:bert_class_weighted,Class weight
528,emscad_03380,Maker’s Row is an online marketplace that connects American manufacturers and product based businesses. Our mission is t,Community Success Strategist,0,0,0.9999560117721558,4.398822784423828e-05,0.3,1,BERT:bert_class_weighted,Class weight
529,emscad_03398,"Precision Technologies (PTC) is a leading IT staffing and Solutions Company located in New Jersey, USA. Leveraging on ye",Entry Level Software Developers- Java and .NET,0,0,0.99994957447052,5.042552947998047e-05,0.3,1,BERT:bert_class_weighted,Class weight
530,emscad_03414,We Provide Full Time Permanent Positions for many medium to large US companies. We are interested in finding/recruiting ,Electrical Maintenance Technician,0,0,0.999961793422699,3.820657730102539e-05,0.3,1,BERT:bert_class_weighted,Class weight
531,emscad_03422,HireEasy Pro provides specialised project recruitment services focused on Digital Jobs,Project Manager,0,0,0.9999644756317139,3.552436828613281e-05,0.3,1,BERT:bert_class_weighted,Class weight
532,emscad_03432,The Technical Team and offering at VML London has a very strong heritage dating back to the mid-nineties when the London,Graduate Software Developer,0,0,0.999966025352478,3.3974647521972656e-05,0.3,1,BERT:bert_class_weighted,Class weight
533,emscad_03433,Job Purpose :,Senior Director of Advertising Sales,0,0,0.9999552965164185,4.470348358154297e-05,0.3,1,BERT:bert_class_weighted,Class weight
534,emscad_03440,***PLEASE READ ENTIRE JOB DESCRIPTION AND SEE COMPENSATION BEFORE REPLYING TO THIS JOB POSTING.,Seeking Hospitality Security Professionals for Upscale Midtown Hotels,0,0,0.999940812587738,5.918741226196289e-05,0.3,1,BERT:bert_class_weighted,Class weight
535,emscad_03441,If working in a cubical seems like your idea of hell then joining our awesome startup team might be the opportunity you’,Customer Champion,0,0,0.9999644756317139,3.552436828613281e-05,0.3,1,BERT:bert_class_weighted,Class weight
536,emscad_03450,"We are seeking a bright Individual to join our team as an Account Executive. You will need to be a strong team player, w",Account Executive,0,0,0.9999516606330872,4.83393669128418e-05,0.3,1,BERT:bert_class_weighted,Class weight
537,emscad_03462,"Founded in the mid 2000′s, our services include building and management of systems that provide the overall web infrastr",Marketing & Admin Assistant,0,0,0.9999642372131348,3.5762786865234375e-05,0.3,1,BERT:bert_class_weighted,Class weight
538,emscad_03468,"Hi ,",Manager/Sr.Manager,0,0,0.99994957447052,5.042552947998047e-05,0.3,1,BERT:bert_class_weighted,Class weight
539,emscad_03479,"Vend is looking for some awesome new talent to come join us. You'll be working in an awesome team doing awesome things, ",VP of Channel & Business Development - Europe,0,0,0.9999596476554871,4.035234451293945e-05,0.3,1,BERT:bert_class_weighted,Class weight
540,emscad_03480,"MAC Property Management is dedicated to providing an exemplary living experience, the highest possible quality of servic",HVAC Technician,0,0,0.9999531507492065,4.684925079345703e-05,0.3,1,BERT:bert_class_weighted,Class weight
541,emscad_03492,Tile is one of the most successful crowd-funded campaigns in history and is building the world’s largest lost and found.,Marketing Manager,0,0,0.9999635219573975,3.647804260253906e-05,0.3,1,BERT:bert_class_weighted,Class weight
542,emscad_03495,ehumanlife is a medical platform for live online consultations through HD video calls. You can call a doctor now from th,Unity Developer,0,0,0.9999197125434875,8.028745651245117e-05,0.3,1,BERT:bert_class_weighted,Class weight
543,emscad_03516,"At Hayes-Corp, we create the fun stuff. With a focus on software development for mobile platforms, we are constantly loo",Production Manager,0,0,0.9999561905860901,4.380941390991211e-05,0.3,1,BERT:bert_class_weighted,Class weight
544,emscad_03518,"NY Marketing Firm is family-owned and operated right here in New York, NY. Other companies may offer similar services, b",Customer Service Representative - Entry-Level Management,0,0,0.9999585151672363,4.1484832763671875e-05,0.3,1,BERT:bert_class_weighted,Class weight
545,emscad_03530,Ahoy there adventurer! Join us aboard the good ship Locish as we bravely steer our beloved vessel across the ocean of am,Marketing PR (Boatswain),0,0,0.9999359846115112,6.401538848876953e-05,0.3,1,BERT:bert_class_weighted,Class weight
546,emscad_03547,We Build Great Companies,Financial Manager,0,0,0.9999439120292664,5.608797073364258e-05,0.3,1,BERT:bert_class_weighted,Class weight
547,emscad_03560,"The Central California SPCA (CCSPCA), established in 1946 and located in Fresno County, California, is a 501(c)(3) non-p",Maintenance Assistant,0,0,0.9999540448188782,4.595518112182617e-05,0.3,1,BERT:bert_class_weighted,Class weight
548,emscad_03566,"Η DataConsulting , εταιρεία πληροφορικής με ειδίκευση στις Τεχνολογίες Διαδικτύου και στην παροχή Επιχειρησιακού Λογισμι",Web Designer,0,0,0.9999456405639648,5.435943603515625e-05,0.3,1,BERT:bert_class_weighted,Class weight
549,emscad_03573,We are a leading medical specialty products supplier to Long-Term Care facilities throughout the country. Throughout the,Billing Representative | Healthcare,0,0,0.999945878982544,5.412101745605469e-05,0.3,1,BERT:bert_class_weighted,Class weight
550,emscad_03577,Applied Memetics LLC is a professional services company dedicated to integrating and delivering best practice communicat,"Webmaster, Mandarin Service",0,0,0.9999602437019348,3.975629806518555e-05,0.3,1,BERT:bert_class_weighted,Class weight
551,emscad_03587,InVision is a venture-backed startup working to create the world's best design communication and collaboration platform.,Lead Inside Sales Associate (Telecommute / Remote),0,0,0.9999538660049438,4.6133995056152344e-05,0.3,1,BERT:bert_class_weighted,Class weight
552,emscad_03591,We Provide Full Time Permanent Positions for many medium to large US companies. We are interested in finding/recruiting ,Quality Manager,0,0,0.9999616146087646,3.838539123535156e-05,0.3,1,BERT:bert_class_weighted,Class weight
553,emscad_03592,"Novitex Enterprise Solutions, formerly Pitney Bowes Management Services, delivers innovative document and communications",Customer Service Associate,0,0,0.9999663829803467,3.361701965332031e-05,0.3,1,BERT:bert_class_weighted,Class weight
554,emscad_03593,Welcome to our Careers section. Please review the positions we are currently hiring for and apply to the ones that inter,Senior Android Engineer,0,0,0.9999535083770752,4.649162292480469e-05,0.3,1,BERT:bert_class_weighted,Class weight
555,emscad_03598,"ValleySoft is a fast growing global IT Services & Solutions company based in Silicon Valley, USA . At ValleySoft, we str",WebSphere Portal & J2EE Developer,0,0,0.9999538660049438,4.6133995056152344e-05,0.3,1,BERT:bert_class_weighted,Class weight
556,emscad_03599,Looking for an experienced hair dresser as soon as possible.,Hair dresser,0,0,0.9998326301574707,0.00016736984252929688,0.3,1,BERT:bert_class_weighted,Class weight
557,emscad_03604,Applied Memetics LLC is a professional services company dedicated to integrating and delivering best practice communicat,"Graphic Artist, Tibetan Service",0,0,0.9999596476554871,4.035234451293945e-05,0.3,1,BERT:bert_class_weighted,Class weight
558,emscad_03643,"Daily Secret is one of the fastest growing digital media brand for premium audiences around the world, serving 1.8 milli",Intern (Marketing Analytics),0,0,0.9999589920043945,4.100799560546875e-05,0.3,1,BERT:bert_class_weighted,Class weight
559,emscad_03658,I am hiring for many positions as mentioned below:,"Simatic IT MES (Detroit, MI) - Teamcenter Consultant (Houston, TX) - PDMLink (Cincinnati, OH)",0,0,0.9999563694000244,4.363059997558594e-05,0.3,1,BERT:bert_class_weighted,Class weight
560,emscad_03663,"The Mavericks7 LLC office manager is responsible for all operations such as finance, legal, tax, IT, human resources man",COO - Office Manager,0,0,0.9999454617500305,5.453824996948242e-05,0.3,1,BERT:bert_class_weighted,Class weight
561,emscad_03665,"Daily Secret is one of the fastest growing digital media brand for premium audiences around the world, serving 1.8 milli",Channel Sales Manager,0,0,0.9999596476554871,4.035234451293945e-05,0.3,1,BERT:bert_class_weighted,Class weight
562,emscad_03667,"This is an extremely interesting position for a Solution Architect for Storage and Archiving, Compute and CDN !!! Are yo","Solution Architect - Storage and Archiving, Compute and CDN",0,0,0.9999508857727051,4.9114227294921875e-05,0.3,1,BERT:bert_class_weighted,Class weight
563,emscad_03670,Young & Shand is a full service digital agency that loves a challenge.,Account Executive,0,0,0.9999632239341736,3.6776065826416016e-05,0.3,1,BERT:bert_class_weighted,Class weight
564,emscad_03678,"We combine advanced machine learning and state-of-the-art software solutions, and apply them largest volumes of biomedic",Strong Infrastructure (web-service and API) Programmer,0,0,0.9999307990074158,6.920099258422852e-05,0.3,1,BERT:bert_class_weighted,Class weight
565,emscad_03679,"""Our mission to our clients is to preserve their independence, enhance their quality of life, promote health & wellbeing",Caregiver Paw Paw/Lawrence,0,0,0.9999634027481079,3.6597251892089844e-05,0.3,1,BERT:bert_class_weighted,Class weight
566,emscad_03693,"We believe we can bring the world’s families closer together by providing a private, simple place to share photos and me",Full-stack web developer,0,0,0.9999381899833679,6.181001663208008e-05,0.3,1,BERT:bert_class_weighted,Class weight
567,emscad_03712,Title: Service Desk Resource,software development life cycle,1,0,0.9999307990074158,6.920099258422852e-05,0.3,0,BERT:bert_class_weighted,Class weight
568,emscad_03723,#URL_c379aa631173ed5b7c345ab3f500a9a053e509138ca70e52c1088e5a784dc8d7# is a modern online travel agency that was founded,Russian Speaking Customer Support Representative,0,0,0.999956488609314,4.3511390686035156e-05,0.3,1,BERT:bert_class_weighted,Class weight
569,emscad_03728,"Our client is a rapidly growing independent wireless and mobile telecommunications company, whose primary focus is to de",Next Generation OSS Technical Expert,0,0,0.9999075531959534,9.244680404663086e-05,0.3,1,BERT:bert_class_weighted,Class weight
570,emscad_03730,Mission Statement:,Real Estate Agents,0,0,0.9999599456787109,4.00543212890625e-05,0.3,1,BERT:bert_class_weighted,Class weight
571,emscad_03738,Berry Clever is a social powered review site with a difference. Instead of sifting through lots of boring online reviews,Content Creator (for a mum / pet owner at home),0,0,0.999950110912323,4.988908767700195e-05,0.3,1,BERT:bert_class_weighted,Class weight
572,emscad_03744,One of the companies that I consult for is looking for a service technician to install/repair vacuum stuffers to US comp,Service Technician,0,0,0.9998470544815063,0.00015294551849365234,0.3,1,BERT:bert_class_weighted,Class weight
573,emscad_03753,"Novitex Enterprise Solutions, formerly Pitney Bowes Management Services, delivers innovative document and communications",Customer Service Associate,0,0,0.9999665021896362,3.349781036376953e-05,0.3,1,BERT:bert_class_weighted,Class weight
574,emscad_03755,"ABC Supply Co., Inc. is the nation’s largest wholesale distributor of roofing and one of the largest distributors of sid",Inside Sales Professional,0,0,0.9999558329582214,4.416704177856445e-05,0.3,1,BERT:bert_class_weighted,Class weight
575,emscad_03761,Visual BI is one of the leading and fastest growing firms focusing exclusively on BI & Analytics. Our offerings cover en,UI Developer ( Javascript / HTML5 / CSS3 ),0,0,0.9999613165855408,3.8683414459228516e-05,0.3,1,BERT:bert_class_weighted,Class weight
576,emscad_03781,We are a small company with a stellar reputation that has been growing in leaps and bounds and are once again looking to,Solution Architect,0,0,0.9999556541442871,4.4345855712890625e-05,0.3,1,BERT:bert_class_weighted,Class weight
577,emscad_03799,"EME International is a global leader in enterprise mobility solutions, partnering with thousands of device makers and co","QC Engineer ""Sr. & Jr""",0,0,0.9999588131904602,4.118680953979492e-05,0.3,1,BERT:bert_class_weighted,Class weight
578,emscad_03801,"twago is a successful, international active IT-Start-Up on its way to become an established online company. We change th",Frontend Engineer,0,0,0.9999518394470215,4.8160552978515625e-05,0.3,1,BERT:bert_class_weighted,Class weight
579,emscad_03804,"As a leading provider of mobile services to the enterprise, GLOBO is pioneering a new era in mobilizing business. Its re",Android Developer,0,0,0.9999331831932068,6.681680679321289e-05,0.3,1,BERT:bert_class_weighted,Class weight
580,emscad_03805,"Novitex Enterprise Solutions, formerly Pitney Bowes Management Services, delivers innovative document and communications",Customer Service Associate,0,0,0.9999665021896362,3.349781036376953e-05,0.3,1,BERT:bert_class_weighted,Class weight
581,emscad_03814,We are the creators of Scypho - a revolutionary new product that provides perfect indoor climate when you are home and s,The Untraditional Community Manager,0,0,0.9999379515647888,6.204843521118164e-05,0.3,1,BERT:bert_class_weighted,Class weight
582,emscad_03826,Applied Memetics LLC is a professional services company dedicated to integrating and delivering best practice communicat,"Social Media Strategist, Thai Service",0,0,0.9999629259109497,3.707408905029297e-05,0.3,1,BERT:bert_class_weighted,Class weight
583,emscad_03833,About HitFigure:,Management Trainee,0,0,0.9999556541442871,4.4345855712890625e-05,0.3,1,BERT:bert_class_weighted,Class weight
584,emscad_03841,"Fasmatech is a high technology start-up, focused on research & development of mass spectrometric and ion mobility instru",Electronics Engineer,0,0,0.9999547600746155,4.5239925384521484e-05,0.3,1,BERT:bert_class_weighted,Class weight
585,emscad_03847,"Novitex Enterprise Solutions, formerly Pitney Bowes Management Services, delivers innovative document and communications",Customer Service Associate,0,0,0.9999662637710571,3.3736228942871094e-05,0.3,1,BERT:bert_class_weighted,Class weight
586,emscad_03857,"Pricing Recruiters is the leading global resource for the procurement, vetting and placement of qualified, pricing and p",Dell - Pricing Sr. Advisor,0,0,0.9999639391899109,3.606081008911133e-05,0.3,1,BERT:bert_class_weighted,Class weight
587,emscad_03858,incrediblue is busting the myth that boating is only for the rich and famous by enabling any traveller to book an amazin,Key Account Manager - Croatia,0,0,0.9999623894691467,3.7610530853271484e-05,0.3,1,BERT:bert_class_weighted,Class weight
588,emscad_03865,"Roland & Associates is a Corporate Recruitment Organization providing solutions to Global MNCs in US, Middle East & Asia",Lead Quality Assuarance,0,0,0.9999531507492065,4.684925079345703e-05,0.3,1,BERT:bert_class_weighted,Class weight
589,emscad_03872,Established on the principles that full time education is not for everyone Spectrum Learning is made up of a team of pas,PR8 Apprentice Administrator Under NAS 16-18 Year Olds Only,0,0,0.999966025352478,3.3974647521972656e-05,0.3,1,BERT:bert_class_weighted,Class weight
590,emscad_03873,What is Curate?,PHP Developer (Contract),0,0,0.9999271631240845,7.283687591552734e-05,0.3,1,BERT:bert_class_weighted,Class weight
591,emscad_03877,"Sales manager is overall and final responsible for creation and implementation of sustainable sales strategy, both for s",Sales Manager (2 positions),0,0,0.9999608397483826,3.916025161743164e-05,0.3,1,BERT:bert_class_weighted,Class weight
592,emscad_03887,If working in a cubical seems like your idea of hell then joining our awesome startup team might be the opportunity you’,Director / Head of Operations,0,0,0.9999628067016602,3.719329833984375e-05,0.3,1,BERT:bert_class_weighted,Class weight
593,emscad_03893,"Welcome to interface rehab interface rehab provides comprehensive rehabilitation (Physical, Occupational & Speech Therap",Director of Rehab,0,0,0.9999576807022095,4.2319297790527344e-05,0.3,1,BERT:bert_class_weighted,Class weight
594,emscad_03896,"As augmented reality jobs go, one at Blippar is hard to beat. We are a rapidly expanding creative startup at the forefro",Management Accountant (Newly Qualified),0,0,0.9999629259109497,3.707408905029297e-05,0.3,1,BERT:bert_class_weighted,Class weight
595,emscad_03897,Cashie Commerce is the fastest way to create and run a successful online store. Our goal is to help small businesses lau,Web Developer,0,0,0.9999566674232483,4.3332576751708984e-05,0.3,1,BERT:bert_class_weighted,Class weight
596,emscad_03927,"Pricing Recruiters is the leading global resource for the procurement, vetting and placement of qualified, pricing and p","State Street - GS Pricing Specialist, Associate 1 (2:30pm - 6:30pm)",0,0,0.9999662637710571,3.3736228942871094e-05,0.3,1,BERT:bert_class_weighted,Class weight
597,emscad_03932,NOW: Pensions is a UK based multi-employer trust serving thousands of employers and hundreds of thousands of employees f,Appointment Setter,0,0,0.9999625086784363,3.74913215637207e-05,0.3,1,BERT:bert_class_weighted,Class weight
598,emscad_03949,"import•io was founded in 2012 by David White (CEO), Andrew Fogg (CDO) and Matt Painter (CTO) with a unique vision: to ma",UI/UX Designer,0,0,0.999963104724884,3.68952751159668e-05,0.3,1,BERT:bert_class_weighted,Class weight
599,emscad_03954,MarketInvoice is one of the most high-profile London based fin-tech companies. The Company is Europe’s leading P2P invoi,Portfolio Manager,0,0,0.9999616146087646,3.838539123535156e-05,0.3,1,BERT:bert_class_weighted,Class weight
600,emscad_03965,The Pearson Foundation is the recruitment company that prides itself on providing employers with the best young talent i,Property Sales Negotiator,0,0,0.9999578595161438,4.214048385620117e-05,0.3,1,BERT:bert_class_weighted,Class weight
601,emscad_03966,Why CSD?,New York Communication Assistant,0,0,0.9999596476554871,4.035234451293945e-05,0.3,1,BERT:bert_class_weighted,Class weight
602,emscad_03982,Applied Memetics LLC is a professional services company dedicated to integrating and delivering best practice communicat,Internet Graphic Designer,0,0,0.999961793422699,3.820657730102539e-05,0.3,1,BERT:bert_class_weighted,Class weight
603,emscad_03993,"We are specialized in HR consulting, sourcing PhD, MSc & MEng professionals on permanent and contract level positions ac",R&D Technology Manager Bearings,0,0,0.9999605417251587,3.9458274841308594e-05,0.3,1,BERT:bert_class_weighted,Class weight
604,emscad_04001,hello world,Web Engineer,0,0,0.9999556541442871,4.4345855712890625e-05,0.3,1,BERT:bert_class_weighted,Class weight
605,emscad_04008,Job Description,5 Test and Maintenance Engineers,0,0,0.9996280670166016,0.0003719329833984375,0.3,1,BERT:bert_class_weighted,Class weight
606,emscad_04023,"Valor Services provides Workforce Solutions that meet the needs of companies across the Private Sector, with a special f",Mechanic - Trucks/Heavy Equipment,0,0,0.9999646544456482,3.534555435180664e-05,0.3,1,BERT:bert_class_weighted,Class weight
607,emscad_04028,"S5 is the first range of certified organic cosmeceuticals, designed for skin concerns like blemishes, sensitivity, dryne",Senior Luxury Beauty Salesperson,0,0,0.9999561905860901,4.380941390991211e-05,0.3,1,BERT:bert_class_weighted,Class weight
608,emscad_04032,"United Labor Group, LLC is the premier industrial staffing company. ULG works closely with clients to provide the best p",Stick & MIG Structural Welders,0,0,0.9999544024467468,4.559755325317383e-05,0.3,1,BERT:bert_class_weighted,Class weight
609,emscad_04035,"Babbel enables anyone to learn languages in an easy and interactive way. The learning system offers 13 languages, from E",Freelance Translators (m/f) from Danish and German into English,0,0,0.9999578595161438,4.214048385620117e-05,0.3,1,BERT:bert_class_weighted,Class weight
610,emscad_04044,"SpotSource Solutions LLC is a Global Human Capital Management Consulting firm headquartered in Miami, Florida. Founded i",Administrative Assistant,0,0,0.9999628067016602,3.719329833984375e-05,0.3,1,BERT:bert_class_weighted,Class weight
611,emscad_04050,Applied Memetics LLC is a professional services company dedicated to integrating and delivering best practice communicat,"Production Assistant, Persian Language",0,0,0.9999622106552124,3.7789344787597656e-05,0.3,1,BERT:bert_class_weighted,Class weight
612,emscad_04051,Cookisto is a trusted community marketplace connecting talented home cooks with hungry locals. What started as a Master’,Front-End Developer,0,0,0.9999529719352722,4.70280647277832e-05,0.3,1,BERT:bert_class_weighted,Class weight
613,emscad_04052,Our Company,Traffic Manager Web/Mobile,0,0,0.9999614953994751,3.8504600524902344e-05,0.3,1,BERT:bert_class_weighted,Class weight
614,emscad_04063,"AREA 17 is an interactive agency. We take an interdisciplinary approach — blending the practices of design, technology a",Interactive Designer,0,0,0.9999339580535889,6.604194641113281e-05,0.3,1,BERT:bert_class_weighted,Class weight
615,emscad_04069,"We design, deploy, and maintain advanced technologies that enable our customers to achieve operational excellence at sub",Security Engineer,0,0,0.9999589920043945,4.100799560546875e-05,0.3,1,BERT:bert_class_weighted,Class weight
616,emscad_04073,EcomNets is an outsourcing provider of managed computing and co-location infrastructure for IT applications. By outsourc,Wanted: High-Performance Marketing Manager,0,0,0.9999589920043945,4.100799560546875e-05,0.3,1,BERT:bert_class_weighted,Class weight
617,emscad_04074,Senior Nannies Home Care Services was founded nearly a decade ago by Claudia Wechter with the goal of providing the best,Certified Nursing Assistant,0,0,0.9999642372131348,3.5762786865234375e-05,0.3,1,BERT:bert_class_weighted,Class weight
618,emscad_04081,About You...,ITSM Sales,0,0,0.9999274611473083,7.253885269165039e-05,0.3,1,BERT:bert_class_weighted,Class weight
619,emscad_04085,Job Description :,Director Surveillance & Investigation Epidemiology Resource Center,0,0,0.999879002571106,0.00012099742889404297,0.3,1,BERT:bert_class_weighted,Class weight
620,emscad_04088,This is an ideal position for a student who is looking for a flexible part time position and who is looking to gain some,Admin Assistant,0,1,0.0,1.0,0.3,0,BERT:bert_class_weighted,Class weight
621,emscad_04092,We Provide Full Time Permanent Positions for many medium to large US companies. We are interested in finding/recruiting ,Automotive Controls Engineer,0,0,0.9999623894691467,3.7610530853271484e-05,0.3,1,BERT:bert_class_weighted,Class weight
622,emscad_04095,"NuORDER is the fast-growing, venture-backed startup changing the way a $130 billion industry does business. An enterpris",Sales Development Rep (Consumer Electronics),0,0,0.9999639391899109,3.606081008911133e-05,0.3,1,BERT:bert_class_weighted,Class weight
623,emscad_04105,BILINGUAL JAPANESE PLANNING AND GENERAL AFFAIRS SUPERVISOR,BILINGUAL JAPANESE PLANNING AND GENERAL AFFAIRS SUPERVISOR,0,0,0.999938428401947,6.157159805297852e-05,0.3,1,BERT:bert_class_weighted,Class weight
624,emscad_04116,United Cerebral Palsy of Oregon & SW Washington (UCP) supports adults with all kinds of developmental disabilities (not ,Full-Time Caregiver for an Active Young Man,0,0,0.9999585151672363,4.1484832763671875e-05,0.3,1,BERT:bert_class_weighted,Class weight
625,emscad_04127,"AREA 17 is an interactive agency. We take an interdisciplinary approach — blending the practices of design, technology a",Senior Ruby on Rails Developer,0,0,0.9999245405197144,7.545948028564453e-05,0.3,1,BERT:bert_class_weighted,Class weight
626,emscad_04128,Workable is a venture-backed startup making cloud-based recruitment software for fast-growing companies around the world,Business Development Manager,0,0,0.9999302625656128,6.973743438720703e-05,0.3,1,BERT:bert_class_weighted,Class weight
627,emscad_04130,We’re always looking for highly motivated “founder-types” to join us as we grow. Here’s what you need to know.,Executive Assistant,0,0,0.9999443888664246,5.561113357543945e-05,0.3,1,BERT:bert_class_weighted,Class weight
628,emscad_04131,Roland & Associates is a Corporate Recruitment Organization providing solutions to Global MNC’s for the past 12 years.,Principal Product Applications Engineer ( FCoE ),0,0,0.9999513030052185,4.869699478149414e-05,0.3,1,BERT:bert_class_weighted,Class weight
629,emscad_04152,"Do you want to work in an innovative environment, surrounded by some of the most successful up and coming entrepreneurs ",Sales Executive,0,0,0.9999594688415527,4.0531158447265625e-05,0.3,1,BERT:bert_class_weighted,Class weight
630,emscad_04153,Everyday Green works with clients to build better performing buildings. Everyday Green works primarily with residential ,Sustainable Building Associate,0,0,0.9999616146087646,3.838539123535156e-05,0.3,1,BERT:bert_class_weighted,Class weight
631,emscad_04158,Can data be a thing of beauty? We think so.,Sales Associate,0,0,0.9999586939811707,4.13060188293457e-05,0.3,1,BERT:bert_class_weighted,Class weight
632,emscad_04167,"Novitex Enterprise Solutions, formerly Pitney Bowes Management Services, delivers innovative document and communications",Customer Service Associate - On Call,0,0,0.9999650716781616,3.4928321838378906e-05,0.3,1,BERT:bert_class_weighted,Class weight
633,emscad_04182,Applied Memetics LLC is a professional services company dedicated to integrating and delivering best practice communicat,"TV Video Editor I, Tibetan Service",0,0,0.9999626278877258,3.737211227416992e-05,0.3,1,BERT:bert_class_weighted,Class weight
634,emscad_04187,"Declara is focused on bringing data to life. Our technology platform uses machine learning, search, algorithms and recom",Product Implementation Manager,0,0,0.9999558329582214,4.416704177856445e-05,0.3,1,BERT:bert_class_weighted,Class weight
635,emscad_04189,"Whisbi’s technology and team of Video Agents help companies increase their Internet sales, with clients enjoying as much",Inside Sales Manager - Brazil Market,0,0,0.9999653100967407,3.4689903259277344e-05,0.3,1,BERT:bert_class_weighted,Class weight
636,emscad_04209,Applied Memetics LLC is a professional services company dedicated to integrating and delivering best practice communicat,"Producer, Persian Language",0,0,0.9999611973762512,3.88026237487793e-05,0.3,1,BERT:bert_class_weighted,Class weight
637,emscad_04218,Ciao! Welcome to Big Italian Meatball! We are a local Italian quick service restaurant that provides delicious Italian s,Restaurant General Manager,0,0,0.999947726726532,5.227327346801758e-05,0.3,1,BERT:bert_class_weighted,Class weight
638,emscad_04225,Ciao! Welcome to Big Italian Meatball! We are a local Italian quick service restaurant that provides delicious Italian s,Restaurant Assistant Manager,0,0,0.9999538660049438,4.6133995056152344e-05,0.3,1,BERT:bert_class_weighted,Class weight
639,emscad_04231,Ciao! Welcome to Big Italian Meatball! We are a local Italian quick service restaurant that provides delicious Italian s,Operations Associate (PT),0,0,0.9999563694000244,4.363059997558594e-05,0.3,1,BERT:bert_class_weighted,Class weight
640,emscad_04234,"Babbel enables anyone to learn languages in an easy and interactive way. The learning system offers 13 languages, from E",Marketing Manager SEM France,0,0,0.999960720539093,3.927946090698242e-05,0.3,1,BERT:bert_class_weighted,Class weight
641,emscad_04266,"Commerce Guys is the software company behind Drupal Commerce, the eCommerce solution that capitalizes on the virtues and",Drupal Developer,0,0,0.9999148845672607,8.511543273925781e-05,0.3,1,BERT:bert_class_weighted,Class weight
642,emscad_04272,StartupTAP is not a conventional recruiting agency. We're true Talent Acquisition Partners.,"Sr. Manager, Global Solutions Architects",0,0,0.9999529719352722,4.70280647277832e-05,0.3,1,BERT:bert_class_weighted,Class weight
643,emscad_04275,"ClarusApex is an international recruiting company with representations in the Netherlands, Austria, Ukraine, Cyprus and ",Front Desk Agent in Arumaila boutique-hotel,0,0,0.9999572038650513,4.279613494873047e-05,0.3,1,BERT:bert_class_weighted,Class weight
644,emscad_04277,Premise is building a novel information-gathering network on a global scale. The network harnesses the explosion in mobi,Software Engineer - Backend,0,0,0.9999194145202637,8.058547973632812e-05,0.3,1,BERT:bert_class_weighted,Class weight
645,emscad_04278,Applied Memetics LLC is a professional services company dedicated to integrating and delivering best practice communicat,"Graphic Artist, East Asia Pacific Division Office",0,0,0.9999647736549377,3.522634506225586e-05,0.3,1,BERT:bert_class_weighted,Class weight
646,emscad_04283,"TapHunter ( #URL_95b1bf876c79465b7a563292438e8293a651920b605b528509c8d4c14bfc174e# ) provides bars, restaurants, bottle ",TapHunter Intern Leadership Program,0,0,0.9999625086784363,3.74913215637207e-05,0.3,1,BERT:bert_class_weighted,Class weight
647,emscad_04291,Applied Memetics LLC is a professional services company dedicated to integrating and delivering best practice communicat,"International Broadcaster, English to South Sudan Programming",0,0,0.9999644756317139,3.552436828613281e-05,0.3,1,BERT:bert_class_weighted,Class weight
648,emscad_04294,"Casafina is a new shopping destination for your home. Each day new sales go live at 7am and last for 72 hours, featuring",Junior Buyer,0,0,0.9999568462371826,4.315376281738281e-05,0.3,1,BERT:bert_class_weighted,Class weight
649,emscad_04307,"Aquira help businesses sell more. Lots more. We do this through a range of tailored direct marketing services, high qual",Sales Advisor (Energy),0,0,0.9999592900276184,4.07099723815918e-05,0.3,1,BERT:bert_class_weighted,Class weight
650,emscad_04308,Envision Consulting conducts retained searches for nonprofit clients seeking to expand and enhance their mission through,Executive Director,0,0,0.9999670386314392,3.2961368560791016e-05,0.3,1,BERT:bert_class_weighted,Class weight
651,emscad_04315,"We are Netguru and we love to develop web application based on Ruby On Rails framework. We value quality, transparent co",Programista Flash / FLEX,0,0,0.9999381899833679,6.181001663208008e-05,0.3,1,BERT:bert_class_weighted,Class weight
652,emscad_04318,RHB Recruitment Ltd is a business process outsourcing company with its state-of-the-art delivery center (existing capaci,LEAD - Oracle (Hyperion) Essbase - (5-8 YEARS),0,0,0.999965488910675,3.451108932495117e-05,0.3,1,BERT:bert_class_weighted,Class weight
653,emscad_04320,Established on the principles that full time education is not for everyone Spectrum Learning is made up of a team of pas,SE1 3ER Recruitment Apprenticeship government funding for 16-18 year olds only,0,0,0.9999650716781616,3.4928321838378906e-05,0.3,1,BERT:bert_class_weighted,Class weight
654,emscad_04348,Job Overview,Lead Environmental Inspector,0,0,0.9999524354934692,4.756450653076172e-05,0.3,1,BERT:bert_class_weighted,Class weight
655,emscad_04351,Corporate overview,Assembly & Test Engineer,1,1,0.0,1.0,0.3,1,BERT:bert_class_weighted,Class weight
656,emscad_04353,Corporate overview,Project QA Engineer,1,1,0.0,1.0,0.3,1,BERT:bert_class_weighted,Class weight
657,emscad_04365,"PINT is a leader in the web industry with 20 years of web design, software development and consulting experience. PINT's",Junior Systems Administrator,0,0,0.9999585151672363,4.1484832763671875e-05,0.3,1,BERT:bert_class_weighted,Class weight
658,emscad_04366,Applied Memetics LLC is a professional services company dedicated to integrating and delivering best practice communicat,"Video Journalist, Persian Language",0,0,0.9999623894691467,3.7610530853271484e-05,0.3,1,BERT:bert_class_weighted,Class weight
659,emscad_04369,**Acelloria Company is hiring**,Proactive sales agents,0,0,0.9999520778656006,4.792213439941406e-05,0.3,1,BERT:bert_class_weighted,Class weight
660,emscad_04372,Here at The Currency Cloud we believe moving money around the world should be easy. But for many consumers and small bus,Quality Assurance Engineer,0,0,0.9999570250511169,4.297494888305664e-05,0.3,1,BERT:bert_class_weighted,Class weight
661,emscad_04375,Mailjet is a market leading Email Service Provider with over 25 000 clients and rapidly expanding across Europe and abro,Channel Sales (NY or Paris),0,0,0.9999610185623169,3.898143768310547e-05,0.3,1,BERT:bert_class_weighted,Class weight
662,emscad_04389,"Meet cove, a network of neighborhood productive spaces with a community defining how to be productive together. We are a",City Manager,0,0,0.9999520778656006,4.792213439941406e-05,0.3,1,BERT:bert_class_weighted,Class weight
663,emscad_04404,About Us:,Account Executive,0,0,0.9999600648880005,3.993511199951172e-05,0.3,1,BERT:bert_class_weighted,Class weight
664,emscad_04406,Agensi Pekerjaan Gen Y HR Sdn. Bhd. is revolutionising the recruitment agency business by making work-life-REWARDS-balan,Recruitment Consultant - CONSTRUCTION,0,0,0.9999161958694458,8.380413055419922e-05,0.3,1,BERT:bert_class_weighted,Class weight
665,emscad_04410,i28 Technologies has demonstrated expertise in areas strategic to different business in varying verticals. I28 Technolog,Desktop / Windows 7 Engineer,0,0,0.9999575018882751,4.2498111724853516e-05,0.3,1,BERT:bert_class_weighted,Class weight
666,emscad_04411,"Outstanding position available for an Attorney Search Director in the Atlanta market. This position is with a national, ",Attorney Search Director,0,0,0.9999417066574097,5.829334259033203e-05,0.3,1,BERT:bert_class_weighted,Class weight
667,emscad_04418,RESPONSIBILITIES,Personal Assistant,0,1,0.0009765625,0.9990234375,0.3,0,BERT:bert_class_weighted,Class weight
668,emscad_04423,"Solid company with great management team, potential for growth!",Systems Administrator,0,0,0.9999471306800842,5.2869319915771484e-05,0.3,1,BERT:bert_class_weighted,Class weight
669,emscad_04440,Job Overview,Accounts Payable Clerk,0,0,0.9999215602874756,7.843971252441406e-05,0.3,1,BERT:bert_class_weighted,Class weight
670,emscad_04441,"With an exceptional record of over 50% growth in each of the last 5 years, we’ve become the UK’s largest online retailer",Business Analyst - Systems,0,0,0.9999639391899109,3.606081008911133e-05,0.3,1,BERT:bert_class_weighted,Class weight
671,emscad_04443,"Floored is a New York City–based company that creates interactive 3d graphics for commercial, residential, industrial, &",UI/UX Developer,0,0,0.9999334216117859,6.657838821411133e-05,0.3,1,BERT:bert_class_weighted,Class weight
672,emscad_04448,"Vend is looking for some awesome new talent to come join us. You'll be working in an awesome team doing awesome things, ",I want to be a Postgrad Intern at Vend!,0,0,0.9999594688415527,4.0531158447265625e-05,0.3,1,BERT:bert_class_weighted,Class weight
673,emscad_04453,Why CSD?,New York Communication Assistant,0,0,0.9999596476554871,4.035234451293945e-05,0.3,1,BERT:bert_class_weighted,Class weight
674,emscad_04473,Applied Memetics LLC is a professional services company dedicated to integrating and delivering best practice communicat,"Program Host, Pashto Language",0,0,0.9999628067016602,3.719329833984375e-05,0.3,1,BERT:bert_class_weighted,Class weight
675,emscad_04474,"Novitex Enterprise Solutions, formerly Pitney Bowes Management Services, delivers innovative document and communications",Customer Service Associate,0,0,0.9999668002128601,3.319978713989258e-05,0.3,1,BERT:bert_class_weighted,Class weight
676,emscad_04478,Our company is building the next generation of video-on-demand (VOD) in Europe and we are currently looking for the next,Business Analyst,0,0,0.999961793422699,3.820657730102539e-05,0.3,1,BERT:bert_class_weighted,Class weight
677,emscad_04480,"As augmented reality jobs go, one at Blippar is hard to beat. We are a rapidly expanding creative startup at the forefro",Senior Designer,0,0,0.9999644756317139,3.552436828613281e-05,0.3,1,BERT:bert_class_weighted,Class weight
678,emscad_04490,hello world,DevOps Engineer,0,0,0.9999634027481079,3.6597251892089844e-05,0.3,1,BERT:bert_class_weighted,Class weight
679,emscad_04498,"We're an online/mobile based ticketing company looking for some enthusiastic, music loving interns to join our Affiliate",Affiliate Marketing Intern,0,0,0.9999508857727051,4.9114227294921875e-05,0.3,1,BERT:bert_class_weighted,Class weight
680,emscad_04499,Upstream’s mission is to revolutionise the way companies market to consumers through cutting edge technology. This is an,Campaign Manager,0,0,0.9999634027481079,3.6597251892089844e-05,0.3,1,BERT:bert_class_weighted,Class weight
681,emscad_04505,Upstream’s mission is to revolutionise the way companies market to consumers through cutting edge technology. This is an,Junior IT Helpdesk Administrator,0,0,0.999963641166687,3.635883331298828e-05,0.3,1,BERT:bert_class_weighted,Class weight
682,emscad_04508,Why CSD?,New York Spanish Bilingual Communication Assistant,0,0,0.999960720539093,3.927946090698242e-05,0.3,1,BERT:bert_class_weighted,Class weight
683,emscad_04512,"One Zero Capital is an investment holding company focused on the convergence of technology, consumer finance, and credit",Product Manager,0,0,0.9999527931213379,4.7206878662109375e-05,0.3,1,BERT:bert_class_weighted,Class weight
684,emscad_04528,We are a property preservation (construction) company that is seeking self-motivated individuals who have excellent writ,Full-time Updater (Office) Positions Available,0,0,0.9998956918716431,0.0001043081283569336,0.3,1,BERT:bert_class_weighted,Class weight
685,emscad_04529,ABOUT VERTO Verto Partners is a premier corporate performance acceleration firm that works with middle market companies ,Human Resources and Safety Manager,0,0,0.9999614953994751,3.8504600524902344e-05,0.3,1,BERT:bert_class_weighted,Class weight
686,emscad_04532,"At Cedexis, we’re passionate about solutions for a faster web and we need people to bring our message to the world.",Sr. Designer,0,0,0.9999629259109497,3.707408905029297e-05,0.3,1,BERT:bert_class_weighted,Class weight
687,emscad_04534,"Do you want to help people be more successful at work? Then consider Jhana, a feisty little startup that pursues this go",Contract Recruiter,0,0,0.999943733215332,5.626678466796875e-05,0.3,1,BERT:bert_class_weighted,Class weight
688,emscad_04556,"Write Enterprise is an educational services company, dedicated to providing solutions to students within the UK and Inte",Recruiter - Writer Relations,0,0,0.9999473094940186,5.269050598144531e-05,0.3,1,BERT:bert_class_weighted,Class weight
689,emscad_04557,"We required freelancers, students to work in Web Related Field with passion and interest.","freelancers, students required in Web Related Field",0,0,0.9999426007270813,5.739927291870117e-05,0.3,1,BERT:bert_class_weighted,Class weight
690,emscad_04564,Applied Memetics LLC is a professional services company dedicated to integrating and delivering best practice communicat,"Video Journalist, Russian Language",0,0,0.9999620914459229,3.790855407714844e-05,0.3,1,BERT:bert_class_weighted,Class weight
691,emscad_04580,"Ginkgotree is changing the way course materials are designed and delivered. We’re ending the reign of overpriced, cookie",Administrative Assistant,0,0,0.9999549388885498,4.506111145019531e-05,0.3,1,BERT:bert_class_weighted,Class weight
692,emscad_04581,"Inception Recruitment is an independent recruitment agency, run by a team of dedicated experienced recruiters.",RGN/RMN's,0,0,0.9999632239341736,3.6776065826416016e-05,0.3,1,BERT:bert_class_weighted,Class weight
693,emscad_04598,Applied Memetics LLC is a professional services company dedicated to integrating and delivering best practice communicat,"Producer, Bosnian Language",0,0,0.9999623894691467,3.7610530853271484e-05,0.3,1,BERT:bert_class_weighted,Class weight
694,emscad_04608,"The Accion story began more than 100 years ago in the Austin,Tx with one family owned establishment. Today, Accion has g",CALL CENTER REP,1,1,0.00048828125,0.99951171875,0.3,1,BERT:bert_class_weighted,Class weight
695,emscad_04611,"It's fun to work in a company where people truly believe in what they're doing. At Workday, we're committed to bringing ",Product Manager,0,0,0.9999545812606812,4.5418739318847656e-05,0.3,1,BERT:bert_class_weighted,Class weight
696,emscad_04621,What we’re looking for:,Senior API/Services Engineer,0,0,0.9999481439590454,5.1856040954589844e-05,0.3,1,BERT:bert_class_weighted,Class weight
697,emscad_04623,We Provide Full Time Permanent Positions for many medium to large US companies. We are interested in finding/recruiting ,Regional Sales Manager,0,0,0.9999622106552124,3.7789344787597656e-05,0.3,1,BERT:bert_class_weighted,Class weight
698,emscad_04624,"Infolob Solutions is a leader in Managed IT services, Enterprise Application Software, IT staffing and Consulting and Ap",Hadoop consultant,0,0,0.9999491572380066,5.08427619934082e-05,0.3,1,BERT:bert_class_weighted,Class weight
699,emscad_04635,Applied Memetics LLC is a professional services company dedicated to integrating and delivering best practice communicat,"Producer, Tibetan Service",0,0,0.9999599456787109,4.00543212890625e-05,0.3,1,BERT:bert_class_weighted,Class weight
700,emscad_04642,we require a full time live in cook for our busy #URL_dfd4941b450927ee779946f6ff451bae982e7e1b29f29b8b79958941e1ef9a1f# ,cook,0,0,0.8753662109375,0.1246337890625,0.3,1,BERT:bert_class_weighted,Class weight
701,emscad_04647,AdExtent is proud to provide cutting edge ReTargeting solution to advertisers and agencies. Our team is a made up of a g,Backend Software Engineer,0,0,0.9999563694000244,4.363059997558594e-05,0.3,1,BERT:bert_class_weighted,Class weight
702,emscad_04658,501 c (3) Organization,Executive Director,0,0,0.9999389052391052,6.109476089477539e-05,0.3,1,BERT:bert_class_weighted,Class weight
703,emscad_04666,"At Cedexis, we’re passionate about solutions for a faster web and we need people to bring our message to the world.",Accounting Manager,0,0,0.9999635219573975,3.647804260253906e-05,0.3,1,BERT:bert_class_weighted,Class weight
704,emscad_04672,Position Title: Assistant Manager Corporate Finance & Planning Company Sector: IPP Company Type: IPP (Independent Power ,Assistant Manager Corporate Finance & Planning,0,0,0.9995875358581543,0.0004124641418457031,0.3,1,BERT:bert_class_weighted,Class weight
705,emscad_04677,Job Overview,Administrative Assistant,0,0,0.9999212622642517,7.873773574829102e-05,0.3,1,BERT:bert_class_weighted,Class weight
706,emscad_04682,PEI Media ( #URL_4cffe430b8da4c0d7e6074d11e638d28a1e165c8782b891e111fc17606c3d961# ) provides a range of highly respecte,FINANCIAL RESEARCHER - GRADUATE OPPORTUNITY,0,0,0.9999616146087646,3.838539123535156e-05,0.3,1,BERT:bert_class_weighted,Class weight
707,emscad_04694,Pack Events is an innovative company that is bridging the gap between the real world and the virtual world. Pack Events ,Technology Sales to the Shopping/Retail Industry,0,0,0.9999462962150574,5.370378494262695e-05,0.3,1,BERT:bert_class_weighted,Class weight
708,emscad_04714,Pardon Services Canada is a national legal services company established in 1989.We serve as an advocate for Canadians wi,Business Development Specialist,0,0,0.999963641166687,3.635883331298828e-05,0.3,1,BERT:bert_class_weighted,Class weight
709,emscad_04723,"As augmented reality jobs go, one at Blippar is hard to beat. We are a rapidly expanding creative startup at the forefro",International Delivery Manager,0,0,0.9999626278877258,3.737211227416992e-05,0.3,1,BERT:bert_class_weighted,Class weight
710,emscad_04726,"Founded in 2003, by Yale University graduate Chris Sandeman and Edinburgh College of Art graduate Peregrin Hodgkinson, S",Meeting Point Manager - International Tourism Company in Manhattan,0,0,0.9999651908874512,3.4809112548828125e-05,0.3,1,BERT:bert_class_weighted,Class weight
711,emscad_04735,"Luxury British cocoa grower and chocolatier, Hotel Chocolat, was founded in 2004 to make exciting chocolate with three g",Quality Assurance Manager,0,0,0.9999450445175171,5.4955482482910156e-05,0.3,1,BERT:bert_class_weighted,Class weight
712,emscad_04736,Adthena is the UK’s leading competitive intelligence service for Google search advertisers. Adthena is loved by major br,Big Data Technologies - Snr Dev,0,0,0.9999648928642273,3.510713577270508e-05,0.3,1,BERT:bert_class_weighted,Class weight
713,emscad_04750,"As the industry’s largest supply contracting company, Novation serves the purchasing needs of more than 65,000 VHA, UHC ",Call Center Representative I,1,1,0.0,1.0,0.3,1,BERT:bert_class_weighted,Class weight
714,emscad_04779,Drinking Water/Wastewater Operator (Part-Time),Drinking Water/Wastewater Operator,0,0,0.9999549388885498,4.506111145019531e-05,0.3,1,BERT:bert_class_weighted,Class weight
715,emscad_04780,Aspex Recruitment,Car Sales Representative,0,0,0.9999632239341736,3.6776065826416016e-05,0.3,1,BERT:bert_class_weighted,Class weight
716,emscad_04781,"Working on helping company's clients better assess and improve their operations, grow their revenue and manage risks to ",Data Analyst,0,0,0.9999187588691711,8.124113082885742e-05,0.3,1,BERT:bert_class_weighted,Class weight
717,emscad_04786,Applied Memetics LLC is a professional services company dedicated to integrating and delivering best practice communicat,"International Broadcaster, Uzbek Language",0,0,0.9999647736549377,3.522634506225586e-05,0.3,1,BERT:bert_class_weighted,Class weight
718,emscad_04799,Magnani Caruso Dutton is a digital customer experience agency. We help organizations get ahead in competitive markets by,Web Developer,0,0,0.999950110912323,4.988908767700195e-05,0.3,1,BERT:bert_class_weighted,Class weight
719,emscad_04805,We are looking for workers with the suitble responsibilities. Assist with preparation of the budget Implement financial ,Administration,1,1,0.00048828125,0.99951171875,0.3,1,BERT:bert_class_weighted,Class weight
720,emscad_04818,Powerful Business Intelligence and Simple Inventory Management for mobile points of sale.,Sales Representative,0,0,0.9999614953994751,3.8504600524902344e-05,0.3,1,BERT:bert_class_weighted,Class weight
721,emscad_04820,Home Care - Private Nurse - Home Health Nurses We are continuously seeking resumes from skilled Registered Nurses with h,Female HAAD passer Nurse,0,0,0.9999529719352722,4.70280647277832e-05,0.3,1,BERT:bert_class_weighted,Class weight
722,emscad_04821,Roland & Associates is a Corporate Recruitment Organization providing solutions to Global MNC’s for the past 12 years.,Senior IT Security Lead (SIEM / IDS),0,0,0.9999551177024841,4.488229751586914e-05,0.3,1,BERT:bert_class_weighted,Class weight
723,emscad_04842,"Responsible for organizational functions and general meeting support - including arranging, follow up calls, maintaining",Project Coordinator for Operations,0,0,0.9998923540115356,0.00010764598846435547,0.3,1,BERT:bert_class_weighted,Class weight
724,emscad_04843,Cogo Labs is the technology-driven incubator of some of the Boston area's fastest-growing web companies. Our proprietary,Quantitative Data Analyst,0,0,0.9999552965164185,4.470348358154297e-05,0.3,1,BERT:bert_class_weighted,Class weight
725,emscad_04858,To manage all aspects of the Business Unit to ensure the effective and safe organisation of work processes whilst delive,Business Manager,0,0,0.9991989135742188,0.00080108642578125,0.3,1,BERT:bert_class_weighted,Class weight
726,emscad_04859,Established on the principles that full time education is not for everyone Spectrum Learning is made up of a team of pas,PR8 Apprentice Administrator Under NAS 16-18 Year Olds Only,0,0,0.999966025352478,3.3974647521972656e-05,0.3,1,BERT:bert_class_weighted,Class weight
727,emscad_04862,We are a digital marketing agency with an emphasis upon quality development that is developed and sold in a consultative,Sales Agents $400/wk Plus Commission,0,0,0.9999570250511169,4.297494888305664e-05,0.3,1,BERT:bert_class_weighted,Class weight
728,emscad_04881,"Novitex Enterprise Solutions, formerly Pitney Bowes Management Services, delivers innovative document and communications",Customer Service Associate,0,0,0.9999663829803467,3.361701965332031e-05,0.3,1,BERT:bert_class_weighted,Class weight
729,emscad_04886,The UK’s leading provider of non-permanent staffing solutions is seeking a Senior Account Manager / Account Director to ,Senior account manager/director,0,0,0.9999145269393921,8.547306060791016e-05,0.3,1,BERT:bert_class_weighted,Class weight
730,emscad_04887,Eviture is a professional services firm that specialise in leading enterprise agile delivery for complex business and IT,IT Test Manager,0,0,0.9999596476554871,4.035234451293945e-05,0.3,1,BERT:bert_class_weighted,Class weight
731,emscad_04895,"Intercom ( #URL_cb674f93cbcd215a3a0a57a8615a565545949eead8adbbc73307c26d6a6af81b# ) is a simple, personal messaging serv",Head of Product Marketing,0,0,0.9999493360519409,5.066394805908203e-05,0.3,1,BERT:bert_class_weighted,Class weight
732,emscad_04901,NFP is a leader in the delivery of benefits solutions for companies of all sizes and in the delivery of life insurance a,Sr. Account Executive,0,0,0.9999507069587708,4.929304122924805e-05,0.3,1,BERT:bert_class_weighted,Class weight
733,emscad_04910,Established on the principles that full time education is not for everyone Spectrum Learning is made up of a team of pas,WF17 Admin Support Apprenticeship Under NAS 16-24 Year Olds Only,0,0,0.9999638199806213,3.618001937866211e-05,0.3,1,BERT:bert_class_weighted,Class weight
734,emscad_04918,"ince 2005, M-BIZ Global’s innovative business model has proven to be profitable and has led to new and exciting possibil",Group Accountant (Head of Accounting),0,0,0.9999589920043945,4.100799560546875e-05,0.3,1,BERT:bert_class_weighted,Class weight
735,emscad_04932,NoSleepForSheep is a Nashville-based creative agency that is passionate about crafting meaningful digital media experien,WordPress Front End Developer,0,0,0.9999331831932068,6.681680679321289e-05,0.3,1,BERT:bert_class_weighted,Class weight
736,emscad_04939,R Baker (Electrical) Ltd,Marketing and Sales Assistant,0,0,0.99990314245224,9.685754776000977e-05,0.3,1,BERT:bert_class_weighted,Class weight
737,emscad_04942,"We build software for fashion retailers, to help them make the right commercial decisions about what to sell, and how to",Fashion & Retail Market Analyst,0,0,0.9999511241912842,4.887580871582031e-05,0.3,1,BERT:bert_class_weighted,Class weight
738,emscad_04949,SilverStripe CMS & Framework is an open source platform of web development tools. The platform is curated by SilverStrip,Business Development Director,0,0,0.9999596476554871,4.035234451293945e-05,0.3,1,BERT:bert_class_weighted,Class weight
739,emscad_04955,The best word to describe PCP’s culture is PRIDE. Pride in our company. Pride in our job. And pride in our relationships,File Clerk,0,0,0.999950110912323,4.988908767700195e-05,0.3,1,BERT:bert_class_weighted,Class weight
740,emscad_04968,"Anthony Warren is a Marketing and Advertising consultant. After completing one enlistment as a U.S. Marine at Quantico, ",Military Benefits Advocate,1,1,0.00048828125,0.99951171875,0.3,1,BERT:bert_class_weighted,Class weight
741,emscad_04969,"Edwards Personnel are property recruitment specialists recruiting all positions within estate agency, lettings, property",Senior Block Manager,0,0,0.9999600648880005,3.993511199951172e-05,0.3,1,BERT:bert_class_weighted,Class weight
742,emscad_04977,ABOUT THE COMPANY: RANKER ( #URL_156a0398411125d5168b6d7d01ef5c9fcb1f06073a28e30b13b0e07ad0829f25# ),Sr Java/Web Developer,0,0,0.9999514818191528,4.851818084716797e-05,0.3,1,BERT:bert_class_weighted,Class weight
743,emscad_04987,Capoo provide talent consultancy for fast growth digital & tech companies. We are passionate about changing the way in w,iOS Developer,0,0,0.9999439120292664,5.608797073364258e-05,0.3,1,BERT:bert_class_weighted,Class weight
744,emscad_04989,Amplifier Strategies is a social impact agency. We work with strategic philanthropists and visionary implementers who ar,Agency Manager,0,0,0.9999604225158691,3.9577484130859375e-05,0.3,1,BERT:bert_class_weighted,Class weight
745,emscad_04994,Want to build a 21st century financial service?,In-house Recruiter,0,0,0.99994957447052,5.042552947998047e-05,0.3,1,BERT:bert_class_weighted,Class weight
746,emscad_05004,***** Please only apply if you have experience within the Consumer Packaged Goods (CPG) industry *****,"Controller (Equity, Startup w/ substantial growth)",0,0,0.999945878982544,5.412101745605469e-05,0.3,1,BERT:bert_class_weighted,Class weight
747,emscad_05006,"Blloon is an exciting new freemium ebook subscription service. Currently in private beta in the UK, launching soon in th","UX Designer (iOS, web)",0,0,0.9999414682388306,5.8531761169433594e-05,0.3,1,BERT:bert_class_weighted,Class weight
748,emscad_05009,NFP is a leader in the delivery of benefits solutions for companies of all sizes and in the delivery of life insurance a,Public Relations Coordinator,0,0,0.9999600648880005,3.993511199951172e-05,0.3,1,BERT:bert_class_weighted,Class weight
749,emscad_05010,"Novitex Enterprise Solutions, formerly Pitney Bowes Management Services, delivers innovative document and communications",Customer Service Associate - On Call,0,0,0.9999646544456482,3.534555435180664e-05,0.3,1,BERT:bert_class_weighted,Class weight
750,emscad_05019,"""Our mission to our clients is to preserve their independence, enhance their quality of life, promote health & wellbeing",Caregiver/HHA/CNA- Covert/South Haven,0,0,0.9999662637710571,3.3736228942871094e-05,0.3,1,BERT:bert_class_weighted,Class weight
751,emscad_05028,If working in a cubical seems like your idea of hell then joining our awesome startup team might be the opportunity you’,VP of Customer Success,0,0,0.9999545812606812,4.5418739318847656e-05,0.3,1,BERT:bert_class_weighted,Class weight
752,emscad_05031,"At Holiday Inn Express Sping Mills, Falling Waters, WV we believe you are at your best when you can truly be yourself. A",Hotel Guest Service Agent,0,0,0.9999366998672485,6.330013275146484e-05,0.3,1,BERT:bert_class_weighted,Class weight
753,emscad_05046,"If you aspire to become an entrepreneur or/and be successful in new business ventures, you need to be part of a business",Core member of a fast growing hospitality startup,0,0,0.9999544024467468,4.559755325317383e-05,0.3,1,BERT:bert_class_weighted,Class weight
754,emscad_05058,Massive Media is the social media company behind the successful digital brands #URL_18234f381f5e7b9a9ffdc727cd05c9046edf,Polyvalente medewerkster interne ondersteuning,0,0,0.9999563694000244,4.363059997558594e-05,0.3,1,BERT:bert_class_weighted,Class weight
755,emscad_05066,"Novitex Enterprise Solutions, formerly Pitney Bowes Management Services, delivers innovative document and communications",Customer Service Associate,0,0,0.9999662637710571,3.3736228942871094e-05,0.3,1,BERT:bert_class_weighted,Class weight
756,emscad_05068,Applied Memetics LLC is a professional services company dedicated to integrating and delivering best practice communicat,TV Makeup Artist,0,0,0.9999639391899109,3.606081008911133e-05,0.3,1,BERT:bert_class_weighted,Class weight
757,emscad_05069,"Crossroads Treatment Centers is a nationally-accredited, medication-assisted, out-patient program that delivers fast, ef",PRN LPN (Asheville & Weaverville Centers),0,0,0.9999648928642273,3.510713577270508e-05,0.3,1,BERT:bert_class_weighted,Class weight
758,emscad_05076,"A Business Analyst (BA) is someone who analyzes the organization and design of businesses, government departments, and n",Business Analyst/Quality Assurance Analyst,0,0,0.9998906850814819,0.0001093149185180664,0.3,1,BERT:bert_class_weighted,Class weight
759,emscad_05088,Come on in.,Device Quality Engineering Lead,0,0,0.9999398589134216,6.014108657836914e-05,0.3,1,BERT:bert_class_weighted,Class weight
760,emscad_05094,We take the hassle out of finding and booking a cleaner. We are currently in the UK but we have big plans and we want an,Cleaner Recruitment Analyst/Associate,0,0,0.9999588131904602,4.118680953979492e-05,0.3,1,BERT:bert_class_weighted,Class weight
761,emscad_05098,Job Overview,Billing Specialist,0,0,0.9999516606330872,4.83393669128418e-05,0.3,1,BERT:bert_class_weighted,Class weight
762,emscad_05112,"QB Medical Inc. is a medical supply distributor located in Chula Vista, CA. Founded in 2005, we now services over 100 go",Sourcing Specialist,0,0,0.9999597668647766,4.023313522338867e-05,0.3,1,BERT:bert_class_weighted,Class weight
763,emscad_05117,Job Title :- Business Analyst (Application Development Processes),Business Analyst (Application Development Processes),0,0,0.9997236728668213,0.00027632713317871094,0.3,1,BERT:bert_class_weighted,Class weight
764,emscad_05128,"Novitex Enterprise Solutions, formerly Pitney Bowes Management Services, delivers innovative document and communications",Customer Service Associate,0,0,0.9999662637710571,3.3736228942871094e-05,0.3,1,BERT:bert_class_weighted,Class weight
765,emscad_05157,Gust is a global platform for the sourcing and management of early-stage investments. Gust enables skilled entrepreneurs,Senior Visual Designer,0,0,0.9999628067016602,3.719329833984375e-05,0.3,1,BERT:bert_class_weighted,Class weight
766,emscad_05159,"Novitex Enterprise Solutions, formerly Pitney Bowes Management Services, delivers innovative document and communications",Customer Service Associate,0,0,0.999966025352478,3.3974647521972656e-05,0.3,1,BERT:bert_class_weighted,Class weight
767,emscad_05199,Gorilla Logic provides custom application development services on the ground and in the cloud to many of the world's lea,Senior Network Architect-North Denver,0,0,0.9999616146087646,3.838539123535156e-05,0.3,1,BERT:bert_class_weighted,Class weight
768,emscad_05201,"AREA 17 is an interactive agency. We take an interdisciplinary approach — blending the practices of design, technology a",Back-end Developer,0,0,0.9999339580535889,6.604194641113281e-05,0.3,1,BERT:bert_class_weighted,Class weight
769,emscad_05205,"Novitex Enterprise Solutions, formerly Pitney Bowes Management Services, delivers innovative document and communications",Reprographics Specialist,0,0,0.9999657273292542,3.427267074584961e-05,0.3,1,BERT:bert_class_weighted,Class weight
770,emscad_05218,We are looking for an intermediate level web developer with a thirst for professional and personal growth that needs to ,Web Developer,0,0,0.9999352097511292,6.479024887084961e-05,0.3,1,BERT:bert_class_weighted,Class weight
771,emscad_05227,"Valor Services provides Workforce Solutions that meet the needs of companies across the Private Sector, with a special f",HR Assistant,0,0,0.999965488910675,3.451108932495117e-05,0.3,1,BERT:bert_class_weighted,Class weight
772,emscad_05228,"Namely is the leading end-to-end HR and payroll platform for growing companies. Offerings include human payroll, benefit",Data Analyst,0,0,0.9999516606330872,4.83393669128418e-05,0.3,1,BERT:bert_class_weighted,Class weight
773,emscad_05229,The Datacenter Manager team at Intel is looking for a talented UI designer/developer to help build our recently-announce,UI Designer at Intel,0,0,0.9999545812606812,4.5418739318847656e-05,0.3,1,BERT:bert_class_weighted,Class weight
774,emscad_05237,"SocialWellth is a Las Vegas, Nevada based social engagement company focusing on leveraging consumer profile data, locali",Product Marketing Director mHealth,0,0,0.9999594688415527,4.0531158447265625e-05,0.3,1,BERT:bert_class_weighted,Class weight
775,emscad_05241,Mission Statement:,Real Estate Agents,0,0,0.9999599456787109,4.00543212890625e-05,0.3,1,BERT:bert_class_weighted,Class weight
776,emscad_05249,"SpotSource Solutions LLC is a Global Human Capital Management Consulting firm headquartered in Miami, Florida. Founded i",Sales Leader - Healthcare Veterans,0,0,0.9999620914459229,3.790855407714844e-05,0.3,1,BERT:bert_class_weighted,Class weight
777,emscad_05252,About ISON Psychometrica,Business development-Career Counseling,0,0,0.9999622106552124,3.7789344787597656e-05,0.3,1,BERT:bert_class_weighted,Class weight
778,emscad_05257,"VouchedFor is a highly disruptive start up in the Financial Advice market. Created in 2011, we are an innovative start-u",Member Coach,0,0,0.9999591708183289,4.082918167114258e-05,0.3,1,BERT:bert_class_weighted,Class weight
779,emscad_05261,We are looking to hire a C++ Graphics Programmer,C++ GRAPHICS PROGRAMMER,0,0,0.9997686147689819,0.0002313852310180664,0.3,1,BERT:bert_class_weighted,Class weight
780,emscad_05285,"Social Media has the power to shape, educate and grow amazing organisations across the world. We're on a mission to make",Senior Developer,0,0,0.9999614953994751,3.8504600524902344e-05,0.3,1,BERT:bert_class_weighted,Class weight
781,emscad_05290,"NY Marketing Firm is family-owned and operated right here in New York, NY. Other companies may offer similar services, b",Management - Entry-Level,0,0,0.9999608397483826,3.916025161743164e-05,0.3,1,BERT:bert_class_weighted,Class weight
782,emscad_05295,On behalf of our client we are looking for a CRM Manager to join one of the major brands in the gaming industry.,CRM Manager,0,0,0.9999381899833679,6.181001663208008e-05,0.3,1,BERT:bert_class_weighted,Class weight
783,emscad_05299,"Inctor Consulting is world wide known for advising, and giving answers to some of the most difficult hurdles but providi",Customer Assistant,1,1,0.00048828125,0.99951171875,0.3,1,BERT:bert_class_weighted,Class weight
784,emscad_05334,"90 Seconds, the worlds Cloud Video Production Service.",Digital Marketing Consultant,0,0,0.9999591708183289,4.082918167114258e-05,0.3,1,BERT:bert_class_weighted,Class weight
785,emscad_05338,hello world,Technical Writer,0,0,0.9999588131904602,4.118680953979492e-05,0.3,1,BERT:bert_class_weighted,Class weight
786,emscad_05340,Responsibilities:,FX Institutional Sales / Business Development (Global),0,0,0.9999499320983887,5.0067901611328125e-05,0.3,1,BERT:bert_class_weighted,Class weight
787,emscad_05349,"Social Media has the power to shape, educate and grow amazing organisations across the world. We're on a mission to make",Senior / Lead Designer,0,0,0.9999608397483826,3.916025161743164e-05,0.3,1,BERT:bert_class_weighted,Class weight
788,emscad_05361,Job Description,SENIOR RETENTION ANALYST,0,0,0.9999374747276306,6.252527236938477e-05,0.3,1,BERT:bert_class_weighted,Class weight
789,emscad_05364,"WRAYS PHARMACY INC. a/k/a ""Wrays Pharmacy"" is a young New York based Corporation/Company established in the year 2013 an",General Manager,0,0,0.9999592900276184,4.07099723815918e-05,0.3,1,BERT:bert_class_weighted,Class weight
790,emscad_05369,Why CSD?,New York Spanish Bilingual Communication Assistant,0,0,0.999960720539093,3.927946090698242e-05,0.3,1,BERT:bert_class_weighted,Class weight
791,emscad_05370,Balanced Labs exists to provide accountants and small businesses everywhere with a better life through intelligent and e,Designer: Contractor,0,0,0.9999439120292664,5.608797073364258e-05,0.3,1,BERT:bert_class_weighted,Class weight
792,emscad_05373,Advancr gets app developers/publishers paid quicker for revenues earned on the world's leading App Stores.,Lead Developer,0,0,0.9999561905860901,4.380941390991211e-05,0.3,1,BERT:bert_class_weighted,Class weight
793,emscad_05375,NaviDeck is a software development company with a pioneering approach to automotive infotainment. We believe in creating,Senior iOS Ninja,0,0,0.9999245405197144,7.545948028564453e-05,0.3,1,BERT:bert_class_weighted,Class weight
794,emscad_05381,"Allies In Caring, Inc . is a multicultural non-profit organization dedicated to helping underserved individuals who have",Behavioral Assistant,0,0,0.9999497532844543,5.02467155456543e-05,0.3,1,BERT:bert_class_weighted,Class weight
795,emscad_05385,Fundation is a technology-empowered direct lender that delivers small balance commercial loans nationwide. The firm prov,"Analyst, Partnership Development & Client Fulfillment",0,0,0.9999578595161438,4.214048385620117e-05,0.3,1,BERT:bert_class_weighted,Class weight
796,emscad_05388,"This initiative is being led by a very talented, energetic and inspirational group of young Greek leaders called “Global",Internship (Supply Chain),0,0,0.9999597668647766,4.023313522338867e-05,0.3,1,BERT:bert_class_weighted,Class weight
797,emscad_05402,"Proenza Schouler is looking for a motivated, energetic Sales Associate to work in our Madison Avenue retail location. Th",Sales Associate,0,0,0.999956488609314,4.3511390686035156e-05,0.3,1,BERT:bert_class_weighted,Class weight
798,emscad_05408,"Based in Hoxton, London, Forward Partners are a “startup catalyst”, combining investment with practical hands-on experti",Front-End Developer,0,0,0.9999600648880005,3.993511199951172e-05,0.3,1,BERT:bert_class_weighted,Class weight
799,emscad_05414,We seek to hire a full time Administrative assistant for our new office to Assists management staff by performing admini,Administrative Assistant,1,1,0.00048828125,0.99951171875,0.3,1,BERT:bert_class_weighted,Class weight
800,emscad_05419,SALES ASSOCIATES - CHANGE YOUR LIFE,sales Associate,1,0,0.9999299645423889,7.003545761108398e-05,0.3,0,BERT:bert_class_weighted,Class weight
801,emscad_05421,Upstream’s mission is to revolutionise the way companies market to consumers through cutting edge technology. This is an,Senior Service Delivery Engineer,0,0,0.9999643564224243,3.5643577575683594e-05,0.3,1,BERT:bert_class_weighted,Class weight
802,emscad_05452,"Arise Virtual Solutions is a business process outsourcing company that uniquely blends crowdsourcing innovation, virtual",Adminstrative/Data Entry,1,0,0.9999485611915588,5.143880844116211e-05,0.3,0,BERT:bert_class_weighted,Class weight
803,emscad_05470,At Command we care enough to consistently place the right candidates in the right jobs. We have more than 50 locally-man,Receptionist Office Assistant,0,0,0.9999518394470215,4.8160552978515625e-05,0.3,1,BERT:bert_class_weighted,Class weight
804,emscad_05487,At Command we care enough to consistently place the right candidates in the right jobs. We have more than 50 locally-man,Customer Service Rep,0,0,0.9995026588439941,0.0004973411560058594,0.3,1,BERT:bert_class_weighted,Class weight
805,emscad_05489,At Command we care enough to consistently place the right candidates in the right jobs. We have more than 50 locally-man,Receptionist Office Assistant,0,0,0.9999505281448364,4.947185516357422e-05,0.3,1,BERT:bert_class_weighted,Class weight
806,emscad_05497,We Provide Full Time Permanent Positions for many medium to large US companies. We are interested in finding/recruiting ,Quality Manager,0,0,0.9999614953994751,3.8504600524902344e-05,0.3,1,BERT:bert_class_weighted,Class weight
807,emscad_05526,Tel Tech Networks is a Voice/Data/Video/Security systems contractor operating primarily in the Southwestern United State,Cable Tech,0,0,0.9999469518661499,5.3048133850097656e-05,0.3,1,BERT:bert_class_weighted,Class weight
808,emscad_05531,Money is a person-to-person money transfer app designed to simplify how people send money home to their friends and fami,Director of Engineering,0,0,0.9999398589134216,6.014108657836914e-05,0.3,1,BERT:bert_class_weighted,Class weight
809,emscad_05535,We’ve been helping New Zealanders find the right financial solutions to suit their lives since 1861. We first opened bac,Recruitment Consultant - 3 month contract,0,0,0.999961793422699,3.820657730102539e-05,0.3,1,BERT:bert_class_weighted,Class weight
810,emscad_05542,StayClassy is a fast-growing San Diego-based startup that develops an online fundraising product used by thousands of No,Office Manager,0,0,0.999944806098938,5.519390106201172e-05,0.3,1,BERT:bert_class_weighted,Class weight
811,emscad_05545,Gust is a global platform for the sourcing and management of early-stage investments. Gust enables skilled entrepreneurs,Senior UX Designer,0,0,0.9999616146087646,3.838539123535156e-05,0.3,1,BERT:bert_class_weighted,Class weight
812,emscad_05548,Engineering Manager Job Description BrightRoll is looking for an engineering manager in San Francisco to lead a quickly ,Engineering Manager,0,0,0.9999489784240723,5.1021575927734375e-05,0.3,1,BERT:bert_class_weighted,Class weight
813,emscad_05549,"As augmented reality jobs go, one at Blippar is hard to beat. We are a rapidly expanding creative startup at the forefro",Publisher Partnerships Manager,0,0,0.9999632239341736,3.6776065826416016e-05,0.3,1,BERT:bert_class_weighted,Class weight
814,emscad_05553,The position is a result of the expansion of the HNW business of the firm on an international basis within its well esta,Client Relationship Manager/Wealth Advisory,0,0,0.9999315738677979,6.842613220214844e-05,0.3,1,BERT:bert_class_weighted,Class weight
815,emscad_05566,"#URL_8bb2a62d4201fc6db7aa2e899be6fa67fa839542cb193f8f292e9e0cb55d3f19#, a new online portal for financial news & informa",Financial News Editor,0,0,0.999925434589386,7.456541061401367e-05,0.3,1,BERT:bert_class_weighted,Class weight
816,emscad_05569,"Novitex Enterprise Solutions, formerly Pitney Bowes Management Services, delivers innovative document and communications",Customer Service Associate,0,0,0.9999665021896362,3.349781036376953e-05,0.3,1,BERT:bert_class_weighted,Class weight
817,emscad_05572,Netigate is a leading European provider of cloud based services for online surveys that are primarily used for voice of ,Sales Manager Netigate Oslo,0,0,0.9999545812606812,4.5418739318847656e-05,0.3,1,BERT:bert_class_weighted,Class weight
818,emscad_05573,"The Grand Royale Hotel London urgently needs the services of devoted and hardworking workers, who are ready to work afte",Vacancies at Grand Royale Hotel,1,0,0.9964199066162109,0.0035800933837890625,0.3,0,BERT:bert_class_weighted,Class weight
819,emscad_05575,We Provide Full Time Permanent Positions for many medium to large US companies. We are interested in finding/recruiting ,Account Director -- Business Development,0,0,0.999961793422699,3.820657730102539e-05,0.3,1,BERT:bert_class_weighted,Class weight
820,emscad_05583,Greetings from VAM SYSTEMS.....,Dotnet Developer Required for Qatar,1,1,0.00048828125,0.99951171875,0.3,1,BERT:bert_class_weighted,Class weight
821,emscad_05593,The smarter way to invest,Marketing Campaign Manager,0,0,0.9999575018882751,4.2498111724853516e-05,0.3,1,BERT:bert_class_weighted,Class weight
822,emscad_05598,"The Central California SPCA (CCSPCA), established in 1946 and located in Fresno County, California, is a 501(c)(3) non-p",Veterinary Assistant/RVT,0,0,0.9999547600746155,4.5239925384521484e-05,0.3,1,BERT:bert_class_weighted,Class weight
823,emscad_05602,"Located in the heart of downtown Kansas City, we’re redefining the future of fan engagement and innovative business solu",Client Services Manager,0,0,0.9999600648880005,3.993511199951172e-05,0.3,1,BERT:bert_class_weighted,Class weight
824,emscad_05621,RhodeCode provides the leading source code management solution for enterprises. We are powering the world`s largest orga,Director of Finance & Operations,0,0,0.9999589920043945,4.100799560546875e-05,0.3,1,BERT:bert_class_weighted,Class weight
825,emscad_05624,"Hi, we are dopios",Marketing Assistant - Internship,0,0,0.9999307990074158,6.920099258422852e-05,0.3,1,BERT:bert_class_weighted,Class weight
826,emscad_05636,We are looking for a student or graduate in Computer Science or Information Systems with availability of 40 hours per we,Web Developer,0,0,0.9999324083328247,6.759166717529297e-05,0.3,1,BERT:bert_class_weighted,Class weight
827,emscad_05639,"Brand Apps is a exciting, young company that creates mobile apps to help small businesses promote themselves. We are pas",Operations Manager,0,0,0.9999554753303528,4.45246696472168e-05,0.3,1,BERT:bert_class_weighted,Class weight
828,emscad_05650,SDhomes4rent is looking for energetic individual to manage our increasing portfolio of customers throughout Southern Cal,Property Managers,0,0,0.9999622106552124,3.7789344787597656e-05,0.3,1,BERT:bert_class_weighted,Class weight
829,emscad_05661,We are looking for a skilled HR manager to oversee all aspects of Human Resources practices and processes. You will supp,HR Manager,0,0,0.999933660030365,6.633996963500977e-05,0.3,1,BERT:bert_class_weighted,Class weight
830,emscad_05665,"Stokes Automotive Group-Beaufort is a family owned and operated dealer group in Beaufort, SC. Stokes is the leader in th",Office Manager,0,0,0.9999619126319885,3.808736801147461e-05,0.3,1,BERT:bert_class_weighted,Class weight
831,emscad_05668,"Lost My Name combines the power of storytelling with the possibilities of technology to make magical, personalised books",Designer - R&D Team,0,0,0.999963641166687,3.635883331298828e-05,0.3,1,BERT:bert_class_weighted,Class weight
832,emscad_05675,Want to build a 21st century financial service?,Communications Assistant,0,0,0.9999542236328125,4.57763671875e-05,0.3,1,BERT:bert_class_weighted,Class weight
833,emscad_05677,Digital Brand Architects is a transformative boutique agency that expertly navigates the digital landscape through a two,Content Director,0,0,0.9999586939811707,4.13060188293457e-05,0.3,1,BERT:bert_class_weighted,Class weight
834,emscad_05685,"Gelato Group is a SaaS company. We've developed a global print engine integrated with the print ecosystem’s key players,",Chief Technical Officer,0,0,0.9999594688415527,4.0531158447265625e-05,0.3,1,BERT:bert_class_weighted,Class weight
835,emscad_05721,"We have the demand. We are looking for people that are quick learners, and are very efficient, to handle the demand. We ",Part Time Opportunity for Professionals,1,1,0.0,1.0,0.3,1,BERT:bert_class_weighted,Class weight
836,emscad_05722,"We started making apps the day App Store opened. Initially, we developed iOS apps for other companies, but in 2011 we st",Junior Developer,0,0,0.9999398589134216,6.014108657836914e-05,0.3,1,BERT:bert_class_weighted,Class weight
837,emscad_05743,"Novitex Enterprise Solutions, formerly Pitney Bowes Management Services, delivers innovative document and communications",Customer Service Representative,0,0,0.9999653100967407,3.4689903259277344e-05,0.3,1,BERT:bert_class_weighted,Class weight
838,emscad_05744,"The Central California SPCA (CCSPCA), established in 1946 and located in Fresno County, California, is a 501(c)(3) non-p",License Enforcement Officer,0,0,0.9999538660049438,4.6133995056152344e-05,0.3,1,BERT:bert_class_weighted,Class weight
839,emscad_05754,"AGOGO creates a personalized audio channel by bringing together your favorite programming -- news, entertainment, sports",UI/UX Designer,0,0,0.9999518394470215,4.8160552978515625e-05,0.3,1,BERT:bert_class_weighted,Class weight
840,emscad_05758,"AGOGO creates a personalized audio channel by bringing together your favorite programming -- news, entertainment, sports",Python Backend Developer,0,0,0.9999479651451111,5.2034854888916016e-05,0.3,1,BERT:bert_class_weighted,Class weight
841,emscad_05765,"Planning Center Online has been making revolutionary applications for churches since 2006. Our premier product, Planning",Jr. Android Developer,0,0,0.9999503493309021,4.965066909790039e-05,0.3,1,BERT:bert_class_weighted,Class weight
842,emscad_05766,Upstream’s mission is to revolutionise the way companies market to consumers through cutting edge technology. This is an,Pre-Sales Executive,0,0,0.9999643564224243,3.5643577575683594e-05,0.3,1,BERT:bert_class_weighted,Class weight
843,emscad_05767,We Provide Full Time Permanent Positions for many medium to large US companies. We are interested in finding/recruiting ,Auditor,0,0,0.9999602437019348,3.975629806518555e-05,0.3,1,BERT:bert_class_weighted,Class weight
844,emscad_05775,MarketInvoice is one of the most high-profile London based fin-tech companies. The Company is Europe’s leading P2P invoi,Data Engineer - Risk,0,0,0.9999575018882751,4.2498111724853516e-05,0.3,1,BERT:bert_class_weighted,Class weight
845,emscad_05776,"Not a ninja, rockstar, or guru? Perfect. Weaver's hiring!",Web Application Engineer,0,0,0.9999538660049438,4.6133995056152344e-05,0.3,1,BERT:bert_class_weighted,Class weight
846,emscad_05789,"Vend is looking for some awesome new talent to come join us. You'll be working in an awesome team doing awesome things, ",Senior PHP Developer,0,0,0.9999520778656006,4.792213439941406e-05,0.3,1,BERT:bert_class_weighted,Class weight
847,emscad_05791,Positionly Inc. is a company that provides the highest quality SEO software for 2000+ companies worldwide. Our product o,Junior SEO Specialist,0,0,0.9999305009841919,6.949901580810547e-05,0.3,1,BERT:bert_class_weighted,Class weight
848,emscad_05795,Why CSD?,Texas Communication Assistant,0,0,0.9999611973762512,3.88026237487793e-05,0.3,1,BERT:bert_class_weighted,Class weight
849,emscad_05798,We have summer position in our Graphic Design/Prepress department. Join our team of professionals and work in our printi,Graphic Design/Prepress,0,0,0.9999499320983887,5.0067901611328125e-05,0.3,1,BERT:bert_class_weighted,Class weight
850,emscad_05811,Plans & implements the performance improvement program to meet the needs of the hospital.,"Quality Improvement/Risk Management Executive (Near Santa Monica, CA)",0,0,0.9998902678489685,0.00010973215103149414,0.3,1,BERT:bert_class_weighted,Class weight
851,emscad_05812,StartupTAP is not a conventional recruiting agency. We're true Talent Acquisition Partners.,Account Manager,0,0,0.9999544024467468,4.559755325317383e-05,0.3,1,BERT:bert_class_weighted,Class weight
852,emscad_05825,Pandoo TEK’s mission is to turn innovative ideas into solutions by developing the technologies to support them. Pandoo T,Video Commercials Producer,0,0,0.9999566674232483,4.3332576751708984e-05,0.3,1,BERT:bert_class_weighted,Class weight
853,emscad_05827,"You will be a member of a small, high performing sales team responsible for meeting our revenue and mission goals. We wa",SALES ASSOCIATE,0,0,0.9999545812606812,4.5418739318847656e-05,0.3,1,BERT:bert_class_weighted,Class weight
854,emscad_05828,"HSAGlobal specialises in solutions enabling connected care, to reduce the impact of the heaviest users on the healthcare",SQL Database Specialist,0,0,0.9999674558639526,3.254413604736328e-05,0.3,1,BERT:bert_class_weighted,Class weight
855,emscad_05832,"Softomotive Ltd is a Software Development company located in Athens, Greece. We specialize in Process Automation softwar",Customer Support Representative for Software Development Company,0,0,0.999943733215332,5.626678466796875e-05,0.3,1,BERT:bert_class_weighted,Class weight
856,emscad_05833,Peer-to-Peer and designers fashion rental marketplace that allows women to never wear the same thing twice by renting cl,CFO co-founder,0,0,0.9999445676803589,5.543231964111328e-05,0.3,1,BERT:bert_class_weighted,Class weight
857,emscad_05837,"Founded by top technical experts, Arithmica is a Software Development and Services company focussed on delivering the hi",Java Architect,0,0,0.9999248385429382,7.516145706176758e-05,0.3,1,BERT:bert_class_weighted,Class weight
858,emscad_05841,We are hiring a real estate project manager with experience in residential mutlifamily units. The role of the Real Estat,Real Estate Project Manager,0,0,0.9999479651451111,5.2034854888916016e-05,0.3,1,BERT:bert_class_weighted,Class weight
859,emscad_05859,One of the growth successful interactive accountable digital networks broadcasting DOOH interactive entertainment is see,Media Sales Manager - In New Media Advertising (DOOH),0,0,0.9999640583992004,3.594160079956055e-05,0.3,1,BERT:bert_class_weighted,Class weight
860,emscad_05866,Ballet Teacher required for Herts area at a well known established dance school: Tracey Walker School of Dancing Ltd,Ballet Teacher,0,0,0.9999578595161438,4.214048385620117e-05,0.3,1,BERT:bert_class_weighted,Class weight
861,emscad_05892,"Novitex Enterprise Solutions, formerly Pitney Bowes Management Services, delivers innovative document and communications",Customer Service Associate,0,0,0.9999662637710571,3.3736228942871094e-05,0.3,1,BERT:bert_class_weighted,Class weight
862,emscad_05898,Paymentwall Inc is the leading digital payments platform helping sites sell digital content in any country.,"BUSINESS DEVELOPMENT ASSOCIATE, SCANDINAVIA",0,0,0.9999639391899109,3.606081008911133e-05,0.3,1,BERT:bert_class_weighted,Class weight
863,emscad_05905,"Olabord is an experience centric, location based, mobile app. It's a mobile meeting point for people sharing the same re",Android Developer,0,0,0.9998854398727417,0.00011456012725830078,0.3,1,BERT:bert_class_weighted,Class weight
864,emscad_05920,"Commerzbank’s presence in the UK dates back to 1873, originating from a stake in London & Hanseatic Bank. Commerzbank op",Equity Derivatives / Junior Sales position,0,0,0.9999212622642517,7.873773574829102e-05,0.3,1,BERT:bert_class_weighted,Class weight
865,emscad_05921,"import•io was founded in 2012 by David White (CEO), Andrew Fogg (CDO) and Matt Painter (CTO) with a unique vision: to ma",User Support Analyst,0,0,0.9999623894691467,3.7610530853271484e-05,0.3,1,BERT:bert_class_weighted,Class weight
866,emscad_05925,We build technology teams and communities.,Developer Evangelist,0,0,0.9999629259109497,3.707408905029297e-05,0.3,1,BERT:bert_class_weighted,Class weight
867,emscad_05931,"Mini Raxevsky S.A. is a leading International clothing company specializing in Infant, Christening, Baby and Childrens c",Fashion E-shop Administrator,0,0,0.9999542236328125,4.57763671875e-05,0.3,1,BERT:bert_class_weighted,Class weight
868,emscad_05932,We are seeking for an experienced web developer with the ability to execute pixel perfect website builds based on high-q,Freelance Web Developer,0,0,0.9999221563339233,7.784366607666016e-05,0.3,1,BERT:bert_class_weighted,Class weight
869,emscad_05935,"Founded by serial entrepreneur Clive Jackson and launched in 2011, Victor is one of the world’s most trusted names in pr",Business Development Executive - Moscow,0,0,0.9999653100967407,3.4689903259277344e-05,0.3,1,BERT:bert_class_weighted,Class weight
870,emscad_05937,Agency currently a Weekend respite position. Position is approx 6pm Friday to 6pm Sunday.,Weekend respite Caregiver/CNA/Direct care worker,0,0,0.9999566674232483,4.3332576751708984e-05,0.3,1,BERT:bert_class_weighted,Class weight
871,emscad_05939,·Overall 6-8 years work experience in BizTalk Server administration. ·Specifically 3 to 5 years work experience in BizTa,BizTalk Administrator,0,0,0.9999221563339233,7.784366607666016e-05,0.3,1,BERT:bert_class_weighted,Class weight
872,emscad_05945,We Provide Full Time Permanent Positions for many medium to large US companies. We are interested in finding/recruiting ,Director of Program Management - Six Sigma Lean - PA,0,0,0.9999644756317139,3.552436828613281e-05,0.3,1,BERT:bert_class_weighted,Class weight
873,emscad_05953,hello world,Senior Big Data Consultant,0,0,0.9999560117721558,4.398822784423828e-05,0.3,1,BERT:bert_class_weighted,Class weight
874,emscad_05957,We Build Great Companies,Product Manager,0,0,0.9999439120292664,5.608797073364258e-05,0.3,1,BERT:bert_class_weighted,Class weight
875,emscad_05965,The primary purpose of the job is to design and develop asynchronous elearning (CBT) courses for the Operations staff. T,Training Assistant,0,0,0.9999412298202515,5.8770179748535156e-05,0.3,1,BERT:bert_class_weighted,Class weight
876,emscad_05981,FirstBeatMedia is a fast growing online media company.,iOS Developer Training,0,0,0.9999310374259949,6.896257400512695e-05,0.3,1,BERT:bert_class_weighted,Class weight
877,emscad_05982,"Electus believes in long-term relationships with our candidates. We provide a combination of recruiting expertise, data,",Sr. Android Software Engineer,0,0,0.9999563694000244,4.363059997558594e-05,0.3,1,BERT:bert_class_weighted,Class weight
878,emscad_05993,Visual BI is one of the leading and fastest growing firms focusing exclusively on BI & Analytics. Our offerings cover en,BI Practice Manager,0,0,0.9999610185623169,3.898143768310547e-05,0.3,1,BERT:bert_class_weighted,Class weight
879,emscad_05997,"Job Overview Apex is an environmental consulting firm that offers stable leadership and growth, views employees as valua",Drinking Water/Wastewater Operator,0,0,0.9999514818191528,4.851818084716797e-05,0.3,1,BERT:bert_class_weighted,Class weight
880,emscad_06021,"Liberated Networks - ""The Likeable Software Company""",Developer,0,0,0.9999489784240723,5.1021575927734375e-05,0.3,1,BERT:bert_class_weighted,Class weight
881,emscad_06025,We are seeking a highly skilled generalist programmer to work on current and future next gen titles. As a core member of,Senior Programmer,0,0,0.999947726726532,5.227327346801758e-05,0.3,1,BERT:bert_class_weighted,Class weight
882,emscad_06029,Frustrated with the status quo?,Office Administrator and Personal Assistant,0,0,0.9999650716781616,3.4928321838378906e-05,0.3,1,BERT:bert_class_weighted,Class weight
883,emscad_06031,"East End Food Co-op is Pittsburgh’s only member-owned natural and organic food market, serving the community since 1980.",Stocker,0,0,0.9999642372131348,3.5762786865234375e-05,0.3,1,BERT:bert_class_weighted,Class weight
884,emscad_06055,"At FutureLearn, we want to inspire learning for life. We offer a diverse selection of free, high quality online courses ",Operations Support Lead,0,0,0.9999602437019348,3.975629806518555e-05,0.3,1,BERT:bert_class_weighted,Class weight
885,emscad_06057,This job requires you to have the ability to operate keyboard or other data entry device to enter data into computer or ,Payroll Data Entry Clerk Position - Earn $100-$200 Daily,1,1,0.0,1.0,0.3,1,BERT:bert_class_weighted,Class weight
886,emscad_06066,The Advanced Interactive Media Group LLC - or short: AIM Grou - is a global consulting company specializing in classifie,Freelance writer/analyst for Russia,0,0,0.9999665021896362,3.349781036376953e-05,0.3,1,BERT:bert_class_weighted,Class weight
887,emscad_06081,Ava's Farm (at #URL_31a9446ce13682d0eb50436dd4cbd5f4c138a260e5979f9c71a29ddc643615f8# ) is an online marketplace where y,Social Media Specialist,0,0,0.9999672770500183,3.272294998168945e-05,0.3,1,BERT:bert_class_weighted,Class weight
888,emscad_06092,Why CSD?,CTAP Supervisor,0,0,0.999956488609314,4.3511390686035156e-05,0.3,1,BERT:bert_class_weighted,Class weight
889,emscad_06098,We Provide Full Time Permanent Positions for many medium to large US companies. We are interested in finding/recruiting ,Sales Manager,0,0,0.9999628067016602,3.719329833984375e-05,0.3,1,BERT:bert_class_weighted,Class weight
890,emscad_06099,Account Manager Job opportunity in New York - USA,Account Manager,0,0,0.9999203085899353,7.969141006469727e-05,0.3,1,BERT:bert_class_weighted,Class weight
891,emscad_06105,"ALBA Graduate Business School at The American College of Greece (founded in 1992) is a non-governmental, non-for-profit ",SharePoint Developer / System Administrator,0,0,0.9999611973762512,3.88026237487793e-05,0.3,1,BERT:bert_class_weighted,Class weight
892,emscad_06107,"HireHopes is the premier professional services consulting firm that specializes in strategic job search, career adviseme",Sales Business Development Executive,0,0,0.999965488910675,3.451108932495117e-05,0.3,1,BERT:bert_class_weighted,Class weight
893,emscad_06109,Position: Technical Architect – Lombardi,Lombardi Technical Architect,0,0,0.9997876882553101,0.0002123117446899414,0.3,1,BERT:bert_class_weighted,Class weight
894,emscad_06114,Skyconsult is a global consulting company with highly professional international standards; we focus on leading edge tec,Project Manager,0,0,0.9999619126319885,3.808736801147461e-05,0.3,1,BERT:bert_class_weighted,Class weight
895,emscad_06124,Upstream’s mission is to revolutionise the way companies market to consumers through cutting edge technology. This is an,DevOps/Software Engineer,0,0,0.9999558329582214,4.416704177856445e-05,0.3,1,BERT:bert_class_weighted,Class weight
896,emscad_06130,Solar electricity is the way of the future! We are focused on bringing solar to homeowners in a simple solution with no ,Paint & Stucco Specialist,0,0,0.999963641166687,3.635883331298828e-05,0.3,1,BERT:bert_class_weighted,Class weight
897,emscad_06138,"Founded in 2010 by a team from Google’s London and New York offices, Qubit work with some of the biggest names in Online",Lead Data Scientist,0,0,0.9999622106552124,3.7789344787597656e-05,0.3,1,BERT:bert_class_weighted,Class weight
898,emscad_06146,2178,Manufacturing Engineer Molding 2178,1,1,0.0,1.0,0.3,1,BERT:bert_class_weighted,Class weight
899,emscad_06151,Convalescent Aid Society (CAS) is a non-profit organization dedicated to improving the quality of life for residents of ,Customer Service Personnel,0,0,0.9999485611915588,5.143880844116211e-05,0.3,1,BERT:bert_class_weighted,Class weight
900,emscad_06155,"Netrobe is a leading fashion social network and wardrobe management tool, loved by passionate users worldwide .",Software engineer (Python),0,0,0.9999563694000244,4.363059997558594e-05,0.3,1,BERT:bert_class_weighted,Class weight
901,emscad_06156,"At Hayes-Corp, we create the fun stuff. With a focus on software development for mobile platforms, we are constantly loo",Executive Assistant,0,0,0.9999610185623169,3.898143768310547e-05,0.3,1,BERT:bert_class_weighted,Class weight
902,emscad_06157,Inviting inspirational individuals,Web Developer (ASP.net/SQL/jQuery),0,0,0.9999560117721558,4.398822784423828e-05,0.3,1,BERT:bert_class_weighted,Class weight
903,emscad_06170,Company Website: #URL_b0bc289d014ce1647b7dbe8ffe0e121d1f3ded55cbf9e3c20987b3cf1f8d3b5d#,Director of First Impressions,0,0,0.999965488910675,3.451108932495117e-05,0.3,1,BERT:bert_class_weighted,Class weight
904,emscad_06175,Contentful ( #URL_0252efddcbc4b8f51969fca7b054595976ea4678fd880b3653151e618d447b33# ) is an API-first content management,Backend JavaScript developer,0,0,0.9999181032180786,8.189678192138672e-05,0.3,1,BERT:bert_class_weighted,Class weight
905,emscad_06181,"Since 2001, RL Zapin Associates has been a recognized leader in the placement of mid to senior level Analytics professio","Manager, Customer Analytics",0,0,0.999904990196228,9.500980377197266e-05,0.3,1,BERT:bert_class_weighted,Class weight
906,emscad_06191,"Electus believes in long-term relationships with our candidates. We provide a combination of recruiting expertise, data,",Student Financial Specialist,0,0,0.9999596476554871,4.035234451293945e-05,0.3,1,BERT:bert_class_weighted,Class weight
907,emscad_06204,We are a visual technology startup pioneering powerful immersive experiences for next generation wearable displays. Cond,Lead Hardware Engineer,0,0,0.9999227523803711,7.724761962890625e-05,0.3,1,BERT:bert_class_weighted,Class weight
908,emscad_06205,"Highlight is a fun, simple way to learn more about the people around you.",Lead Designer,0,0,0.9999503493309021,4.965066909790039e-05,0.3,1,BERT:bert_class_weighted,Class weight
909,emscad_06206,Apply using below link,Information Systems Support Specialist,1,1,0.0,1.0,0.3,1,BERT:bert_class_weighted,Class weight
910,emscad_06224,"Argenta Field Solutions values the client, creates income streams for them through our sales mechanism and focuses on qu",Paid Training for Direct Sales Representative with Management Opportunity,0,0,0.999944806098938,5.519390106201172e-05,0.3,1,BERT:bert_class_weighted,Class weight
911,emscad_06236,"Novitex Enterprise Solutions, formerly Pitney Bowes Management Services, delivers innovative document and communications",Customer Service Associate,0,0,0.9999666810035706,3.331899642944336e-05,0.3,1,BERT:bert_class_weighted,Class weight
912,emscad_06242,"We are looking to hire 2 full-time rockstar mailers. Individuals must be detailed oriented with a strong work ethic, wit",Rockstar Mailer agent,0,0,0.9999372363090515,6.276369094848633e-05,0.3,1,BERT:bert_class_weighted,Class weight
913,emscad_06245,We pay competitive salaries and we offer meaningful stock equity in a promising venture. Your well-being is an important,SENIOR SOFTWARE ENGINEER-SERVER TECH,0,0,0.9999643564224243,3.5643577575683594e-05,0.3,1,BERT:bert_class_weighted,Class weight
914,emscad_06287,EUROPEAN DYNAMICS (#URL_c66532ffa1ce76ab447da6774719060c42c584edbf44d74cdb94fc4ac219ca45#) is a leading European Softwar,Senior .NET Analyst/Developer,0,0,0.9999594688415527,4.0531158447265625e-05,0.3,1,BERT:bert_class_weighted,Class weight
915,emscad_06302,Corporate overview,HSE Manager,1,1,0.0,1.0,0.3,1,BERT:bert_class_weighted,Class weight
916,emscad_06306,"Spartan Race, is an international obstacle racing organization. Our courses are uniquely designed to test participants’ ",Marketing and Business Intelligence Analyst,0,0,0.9999475479125977,5.245208740234375e-05,0.3,1,BERT:bert_class_weighted,Class weight
917,emscad_06309,"Tidewater Finance Co. was established in 1992 for the initial purpose of purchasing, and servicing retail installment co",Internal Marketing Representative,0,0,0.9999545812606812,4.5418739318847656e-05,0.3,1,BERT:bert_class_weighted,Class weight
918,emscad_06321,The Store Manager is responsible for managing a store.,Store Manager,0,0,0.9998476505279541,0.00015234947204589844,0.3,1,BERT:bert_class_weighted,Class weight
919,emscad_06323,Visual BI is one of the leading and fastest growing firms focusing exclusively on BI & Analytics. Our offerings cover en,"Technical Lead - Java Scripts, HTML5,CSS",0,0,0.9999628067016602,3.719329833984375e-05,0.3,1,BERT:bert_class_weighted,Class weight
920,emscad_06331,Cortilia (#URL_1582bc9035a9bc01e48e67e866e119a60916585a3f5b1b5777780bdb5046b41f#) is an online agricultural market conne,Marketing eCommerce Stage / Internship,0,0,0.9999588131904602,4.118680953979492e-05,0.3,1,BERT:bert_class_weighted,Class weight
921,emscad_06334,Making Mobile Device Management Clear is Clearmark Technologies mission. Our team is made up of bright people who thrive,Sales Professional- Mid Market,1,1,0.0,1.0,0.3,1,BERT:bert_class_weighted,Class weight
922,emscad_06335,"At Total Eclipse we create fun, original, and addictive games that are easy to learn yet hard to master. We have a stron",Marketing Intern for Games,0,0,0.9999473094940186,5.269050598144531e-05,0.3,1,BERT:bert_class_weighted,Class weight
923,emscad_06340,"FTC Global is an International Business Group and Venture Incubator with presence across Asia, Europe and Americas (#URL",Financial Controllers,0,0,0.9999585151672363,4.1484832763671875e-05,0.3,1,BERT:bert_class_weighted,Class weight
924,emscad_06347,Xplenty is all about making complex stuff look easy and enabling sophisticated Big Data technologies to the masses. Work,Marketing Research Project,0,0,0.9999503493309021,4.965066909790039e-05,0.3,1,BERT:bert_class_weighted,Class weight
925,emscad_06364,"Location: Plano, TX",Integration Engineer with HL7 & EMR.,1,0,0.990753173828125,0.009246826171875,0.3,0,BERT:bert_class_weighted,Class weight
926,emscad_06369,ActionIQ is a stealth startup building the next generation of data-driven business applications. It is based in New York,"Member of Technical Staff, Frontend",0,0,0.9999299645423889,7.003545761108398e-05,0.3,1,BERT:bert_class_weighted,Class weight
927,emscad_06371,Our History,Shipper (Anaheim),0,0,0.9999628067016602,3.719329833984375e-05,0.3,1,BERT:bert_class_weighted,Class weight
928,emscad_06380,RHB Recruitment Ltd is a business process outsourcing company with its state-of-the-art delivery center (existing capaci,Managing Consultant - Energy - Upstream - null,0,0,0.9999642372131348,3.5762786865234375e-05,0.3,1,BERT:bert_class_weighted,Class weight
929,emscad_06383,RHB Recruitment Ltd is a business process outsourcing company with its state-of-the-art delivery center (existing capaci,SAS Admin,0,0,0.9999623894691467,3.7610530853271484e-05,0.3,1,BERT:bert_class_weighted,Class weight
930,emscad_06387,Job Description and Profile An experienced Oil and Gas Operations manager with 20+ yrs industry experience is needed to ,Oil and Gas Operations Manager,1,1,0.0009765625,0.9990234375,0.3,1,BERT:bert_class_weighted,Class weight
931,emscad_06416,An elementary school teacher provides instruction at the Kindergarten-6th grade level. The teacher uses various teaching,Elementary School Teacher,0,0,0.999945878982544,5.412101745605469e-05,0.3,1,BERT:bert_class_weighted,Class weight
932,emscad_06428,i28 Technologies has demonstrated expertise in areas strategic to different business in varying verticals. I28 Technolog,PeopleSoft FSCM Functional Consultant,0,0,0.9999580383300781,4.1961669921875e-05,0.3,1,BERT:bert_class_weighted,Class weight
933,emscad_06429,"Intercom ( #URL_cb674f93cbcd215a3a0a57a8615a565545949eead8adbbc73307c26d6a6af81b# ) is a simple, personal messaging serv",Financial Analyst,0,0,0.9999475479125977,5.245208740234375e-05,0.3,1,BERT:bert_class_weighted,Class weight
934,emscad_06440,EUROPEAN DYNAMICS (#URL_c66532ffa1ce76ab447da6774719060c42c584edbf44d74cdb94fc4ac219ca45#) is a leading European Softwar,Front-End Developer,0,0,0.9999585151672363,4.1484832763671875e-05,0.3,1,BERT:bert_class_weighted,Class weight
935,emscad_06443,Position: Senior Software Engineer,Senior Software Engineer,0,0,0.9999344348907471,6.556510925292969e-05,0.3,1,BERT:bert_class_weighted,Class weight
936,emscad_06496,WHY WORK AT IMAGINET,Senior .NET Developer,0,0,0.9999589920043945,4.100799560546875e-05,0.3,1,BERT:bert_class_weighted,Class weight
937,emscad_06502,"Valor Services provides Workforce Solutions that meet the needs of companies across the Private Sector, with a special f",Oil and Gas Field Recruiter,0,0,0.999965488910675,3.451108932495117e-05,0.3,1,BERT:bert_class_weighted,Class weight
938,emscad_06509,Human capital is usually the biggest asset and expense for a company. Making the right hire – the first time – is critic,Director of Communications,0,0,0.9999483823776245,5.161762237548828e-05,0.3,1,BERT:bert_class_weighted,Class weight
939,emscad_06515,StayClassy is a fast-growing San Diego-based startup that develops an online fundraising product used by thousands of No,UX & Interface Designer,0,0,0.9999391436576843,6.085634231567383e-05,0.3,1,BERT:bert_class_weighted,Class weight
940,emscad_06516,"Carlyle Financial is a mortgage bank based in Beverly Hills, CA offering a full range of home loan products. We concentr",Salesforce Developer | Administrator for Rapidly Growing Start-Up,0,0,0.9999616146087646,3.838539123535156e-05,0.3,1,BERT:bert_class_weighted,Class weight
941,emscad_06520,Upstream’s mission is to revolutionise the way companies market to consumers through cutting edge technology. This is an,Senior DevOps Engineer,0,0,0.9999650716781616,3.4928321838378906e-05,0.3,1,BERT:bert_class_weighted,Class weight
942,emscad_06526,Oakland County law firm seeks a Real Estate Attorney. The ideal candidate will have at least seven years of experience h,Real Estate Attorney,0,0,0.9999174475669861,8.255243301391602e-05,0.3,1,BERT:bert_class_weighted,Class weight
943,emscad_06529,"The Accion story began more than 100 years ago in the Austin,Tx with one family owned establishment. Today, Accion has g",CALL CENTER REP,1,1,0.00048828125,0.99951171875,0.3,1,BERT:bert_class_weighted,Class weight
944,emscad_06536,"Founded by top technical experts, Arithmica is a Software Development and Services company focussed on delivering the hi",ETL Data Analyst,0,0,0.9999443888664246,5.561113357543945e-05,0.3,1,BERT:bert_class_weighted,Class weight
945,emscad_06545,Exciting opportunity for experienced practice manager to join our fast growing behavioral health & wellness practice! Ou,Practice Manager,0,0,0.9999549388885498,4.506111145019531e-05,0.3,1,BERT:bert_class_weighted,Class weight
946,emscad_06554,"Voyageur is one of Ontario's leading transportation companies, serving Southwestern and Central Ontario for over 34 year",Non-Urgent Patient Transfer Attendant - Owensound/Wingham,0,0,0.9999628067016602,3.719329833984375e-05,0.3,1,BERT:bert_class_weighted,Class weight
947,emscad_06560,We are a long term well established Optometric practice that is looking for a proactive strong sales expert for a busy o,Optical / Sales,1,1,0.00048828125,0.99951171875,0.3,1,BERT:bert_class_weighted,Class weight
948,emscad_06562,Cupertino CA,Solution architect - Cupertino CA,0,0,0.9999291300773621,7.086992263793945e-05,0.3,1,BERT:bert_class_weighted,Class weight
949,emscad_06572,"Since 2002 Guru have helped companies hire more effectively. Using up to the minute talent attraction techniques, a wide",Account Manager - (Recruitment Advertising),0,0,0.9999656081199646,3.439188003540039e-05,0.3,1,BERT:bert_class_weighted,Class weight
950,emscad_06593,"i PERMIT E RATERS is expanding its role in the construction field. Before, we were solely a permit service that expedite",HERS RATER (Duct Testing),0,0,0.9999566674232483,4.3332576751708984e-05,0.3,1,BERT:bert_class_weighted,Class weight
951,emscad_06597,Why CSD?,Staff Interpreter,0,0,0.9999629259109497,3.707408905029297e-05,0.3,1,BERT:bert_class_weighted,Class weight
952,emscad_06615,"VeriPic is a leading supplier of enterprise photo and evidence management software to Law Enforcement Agencies, Military",Part-Time Receptionist,0,0,0.999940812587738,5.918741226196289e-05,0.3,1,BERT:bert_class_weighted,Class weight
953,emscad_06637,The Albany Charter School Network is a family of charter schools in the City of Albany that works to prepare children fo,Secondary Chemistry Teacher,0,0,0.9999635219573975,3.647804260253906e-05,0.3,1,BERT:bert_class_weighted,Class weight
954,emscad_06638,"AREA 17 is an interactive agency. We take an interdisciplinary approach — blending the practices of design, technology a",Office Manager,0,0,0.999934732913971,6.526708602905273e-05,0.3,1,BERT:bert_class_weighted,Class weight
955,emscad_06651,"""Our mission to our clients is to preserve their independence, enhance their quality of life, promote health & wellbeing",Caregiver Van Buren County,0,0,0.9999653100967407,3.4689903259277344e-05,0.3,1,BERT:bert_class_weighted,Class weight
956,emscad_06657,We're a data and design focused startup based in New York City with a passionate and forward-thinking team. We enable pe,Backend Engineer,0,0,0.9999493360519409,5.066394805908203e-05,0.3,1,BERT:bert_class_weighted,Class weight
957,emscad_06668,"Supply chain management company with emphasis placed in Rehabilitation Therapy, Health IT, and Information Security",Physical Therapist Outpatient,0,0,0.9999608397483826,3.916025161743164e-05,0.3,1,BERT:bert_class_weighted,Class weight
958,emscad_06686,Job Responsibilities;,CIVIL PROJECT ENGINEER,1,1,0.0,1.0,0.3,1,BERT:bert_class_weighted,Class weight
959,emscad_06709,"AREA 17 is an interactive agency. We take an interdisciplinary approach — blending the practices of design, technology a",Administrative Assistant,0,0,0.9999389052391052,6.109476089477539e-05,0.3,1,BERT:bert_class_weighted,Class weight
960,emscad_06718,"SocialWellth is a Las Vegas, Nevada based social engagement company focusing on leveraging consumer profile data, locali",Operations Lead,0,0,0.9999552965164185,4.470348358154297e-05,0.3,1,BERT:bert_class_weighted,Class weight
961,emscad_06719,"SocialWellth is a Las Vegas, Nevada based social engagement company focusing on leveraging consumer profile data, locali",Head of Product Management,0,0,0.9999596476554871,4.035234451293945e-05,0.3,1,BERT:bert_class_weighted,Class weight
962,emscad_06721,Mission Statement:,Real Estate Agents,0,0,0.9999599456787109,4.00543212890625e-05,0.3,1,BERT:bert_class_weighted,Class weight
963,emscad_06734,"NY Marketing Firm is family-owned and operated right here in New York, NY. Other companies may offer similar services, b",Customer Service Representative - Entry-Level Management,0,0,0.9999585151672363,4.1484832763671875e-05,0.3,1,BERT:bert_class_weighted,Class weight
964,emscad_06737,"NY Marketing Firm is family-owned and operated right here in New York, NY. Other companies may offer similar services, b",Management - Entry-Level,0,0,0.9999608397483826,3.916025161743164e-05,0.3,1,BERT:bert_class_weighted,Class weight
965,emscad_06742,"Since 2005, Allied Secured Benefits, a leading financial planning and insurance brokerage company, has helped thousands ",Customer Service Representative,0,0,0.9999644756317139,3.552436828613281e-05,0.3,1,BERT:bert_class_weighted,Class weight
966,emscad_06755,"NEURS LLC is a business start-up consulting firm that provides our members with advisory, educational, and financial res",Advertising and Promotion Assistant,0,0,0.9999558329582214,4.416704177856445e-05,0.3,1,BERT:bert_class_weighted,Class weight
967,emscad_06766,Cloudreach are the only top tier partner of choice for both Amazon Web Services and Google based in Europe - two giants ,Sales Development Representative - Germany,0,0,0.9999604225158691,3.9577484130859375e-05,0.3,1,BERT:bert_class_weighted,Class weight
968,emscad_06769,Cloudreach are the only top tier partner of choice for both Amazon Web Services and Google based in Europe - two giants ,Account Manager - Germany,0,0,0.9999605417251587,3.9458274841308594e-05,0.3,1,BERT:bert_class_weighted,Class weight
969,emscad_06770,Our History,Inside Sales Representative (Santa Fe Springs),0,0,0.9999622106552124,3.7789344787597656e-05,0.3,1,BERT:bert_class_weighted,Class weight
970,emscad_06779,"Vend is looking for some awesome new talent to come join us. You'll be working in an awesome team doing awesome things, ",BI / Data Analyst,0,0,0.9999578595161438,4.214048385620117e-05,0.3,1,BERT:bert_class_weighted,Class weight
971,emscad_06781,"Collabera is a fast growing, end-to-end information technology services and solutions provider working with leading Glob",Application Developer C#.NET,0,0,0.9999626278877258,3.737211227416992e-05,0.3,1,BERT:bert_class_weighted,Class weight
972,emscad_06786,"Through the Apache Spark platform, we are working to transform large-scale data analysis.",Data Solutions Engineer,0,0,0.9999572038650513,4.279613494873047e-05,0.3,1,BERT:bert_class_weighted,Class weight
973,emscad_06804,"We are devoted to helping people learn, think, and create better.",PHP Developer,0,0,0.9999354481697083,6.455183029174805e-05,0.3,1,BERT:bert_class_weighted,Class weight
974,emscad_06806,"Babbel enables anyone to learn languages in an easy and interactive way. The learning system offers 13 languages, from E",TV Manager USA,0,0,0.9999604225158691,3.9577484130859375e-05,0.3,1,BERT:bert_class_weighted,Class weight
975,emscad_06811,"We're an emerging technology agency, and we build breakthrough products through user-centered design. We're building a t",Misc Referrals,0,0,0.9999288320541382,7.11679458618164e-05,0.3,1,BERT:bert_class_weighted,Class weight
976,emscad_06813,Who is AbZorba Games?,Mobile Acquisition Manager,0,0,0.9999605417251587,3.9458274841308594e-05,0.3,1,BERT:bert_class_weighted,Class weight
977,emscad_06815,"mGage brings 15+ years of global mobile marketing and mCRM experience to the industry across the U.S., U.K. and India. W",Senior Java Engineer,0,0,0.9999611973762512,3.88026237487793e-05,0.3,1,BERT:bert_class_weighted,Class weight
978,emscad_06822,The Pinkston Group works with a select group of clients to create and execute media strategies that meet their public re,Staff Writer,0,0,0.9999638199806213,3.618001937866211e-05,0.3,1,BERT:bert_class_weighted,Class weight
979,emscad_06834,"Joist is a platform for trades contractors that allows them to estimate, invoice, accept payments, & much more!",Junior QA Engineer,0,0,0.9999596476554871,4.035234451293945e-05,0.3,1,BERT:bert_class_weighted,Class weight
980,emscad_06835,"Cardisoft , an innovative and rapidly expanding business software enterprise, is in the pleasant position to announce th",Senior Web Developer,0,0,0.9999551177024841,4.488229751586914e-05,0.3,1,BERT:bert_class_weighted,Class weight
981,emscad_06836,Our client is looking for a full time Sr UI Developer to join their growing team. They are looking for someone who can p,Senior UI Developer,0,0,0.9999604225158691,3.9577484130859375e-05,0.3,1,BERT:bert_class_weighted,Class weight
982,emscad_06840,"Intercom ( #URL_cb674f93cbcd215a3a0a57a8615a565545949eead8adbbc73307c26d6a6af81b# ) is a simple, personal messaging serv",Systems Engineer (Infrastructure),0,0,0.9999414682388306,5.8531761169433594e-05,0.3,1,BERT:bert_class_weighted,Class weight
983,emscad_06851,ding* is the world’s largest top-up provider. Created to help people working abroad to support and keep in touch with lo,Accounts Payable Assistant,0,0,0.9999643564224243,3.5643577575683594e-05,0.3,1,BERT:bert_class_weighted,Class weight
984,emscad_06861,"Collabera is a fast growing, end-to-end information technology services and solutions provider working with leading Glob",Business Objects-BI ETL Tools,0,0,0.9999597668647766,4.023313522338867e-05,0.3,1,BERT:bert_class_weighted,Class weight
985,emscad_06868,We are currently seeking driven and energetic Business Managers to join our growing business and be instrumental in the ,Business Development Manager,0,0,0.9999299645423889,7.003545761108398e-05,0.3,1,BERT:bert_class_weighted,Class weight
986,emscad_06870,My client is currently seeking an experienced Estimator with previous experience within groundwork/civils to join their ,Civil Estimator,0,0,0.9999454617500305,5.453824996948242e-05,0.3,1,BERT:bert_class_weighted,Class weight
987,emscad_06875,"Our client, a Company specialized in the Development and Production of High Value Electronic Devices is looking for an E",Embedded Software Developer,0,0,0.9999372363090515,6.276369094848633e-05,0.3,1,BERT:bert_class_weighted,Class weight
988,emscad_06885,Lafayette Habilitation Center creates a unique balance between creating a caring home environment and providing professi,FT - Cook/Dietary Prepper,0,0,0.9999608397483826,3.916025161743164e-05,0.3,1,BERT:bert_class_weighted,Class weight
989,emscad_06924,"Founded by serial entrepreneur Clive Jackson and launched in 2011, Victor is one of the world’s most trusted names in pr",PR/Marketing Executive Russia& CIS,0,0,0.9999670386314392,3.2961368560791016e-05,0.3,1,BERT:bert_class_weighted,Class weight
990,emscad_06926,"Anthony Warren is a Marketing and Advertising consultant. After completing one enlistment as a U.S. Marine at Quantico, ",Military Outreach Consultant (Telecommute),1,1,0.0009765625,0.9990234375,0.3,1,BERT:bert_class_weighted,Class weight
991,emscad_06932,"We are looking for a Java Developer with experience in building high-performing, scalable, enterprise-grade applications",Java developer,0,0,0.9998794794082642,0.00012052059173583984,0.3,1,BERT:bert_class_weighted,Class weight
992,emscad_06944,"For 32 years APR Consulting, Inc. (APR) has been providing professional talent acquisition and contingent workforce solu",Call Center Logistics Professional,0,0,0.999920666217804,7.933378219604492e-05,0.3,1,BERT:bert_class_weighted,Class weight
993,emscad_06960,"Collabera is a fast growing, end-to-end information technology services and solutions provider working with leading Glob",Oracle Financials,0,0,0.9999588131904602,4.118680953979492e-05,0.3,1,BERT:bert_class_weighted,Class weight
994,emscad_06963,"Merchenta’s behavioural advertising platform is used in over 40 countries, by major brands including Microsoft, ASOS, Ma","Senior Java Developers (Java, Scala, Hadoop, Couchbase, mysql)",0,0,0.9999531507492065,4.684925079345703e-05,0.3,1,BERT:bert_class_weighted,Class weight
995,emscad_06977,Avocarrot is a native mobile ad network with offices in Silicon Valley and Athens. We are building the next generation o,Full Stack Software Engineer,0,0,0.9999396204948425,6.03795051574707e-05,0.3,1,BERT:bert_class_weighted,Class weight
996,emscad_06979,We help teachers get safe & secure jobs abroad :),Teaching English,0,0,0.9999602437019348,3.975629806518555e-05,0.3,1,BERT:bert_class_weighted,Class weight
997,emscad_07006,Forward3D is the largest independent digital marketing agency in Britain. We run cutting edge digital marketing campaign,Trainee German Content Analyst,0,0,0.999966025352478,3.3974647521972656e-05,0.3,1,BERT:bert_class_weighted,Class weight
998,emscad_07007,Inviting inspirational individuals,Partnerships and Business Development Manager,0,0,0.9999628067016602,3.719329833984375e-05,0.3,1,BERT:bert_class_weighted,Class weight
999,emscad_07011,"TapHunter ( #URL_95b1bf876c79465b7a563292438e8293a651920b605b528509c8d4c14bfc174e# ) provides bars, restaurants, bottle ",TapHunter Intern Leadership Program,0,0,0.9999625086784363,3.74913215637207e-05,0.3,1,BERT:bert_class_weighted,Class weight
1000,emscad_07026,At Roll the Clip we reinvent photo sharing.,Senior iOS Developer,0,0,0.9999462962150574,5.370378494262695e-05,0.3,1,BERT:bert_class_weighted,Class weight
1001,emscad_07027,"DICE gets fans the best tickets at face value with No Booking Fees. We're based in Shoreditch, London and 100% mobile so",Venue Representative,0,0,0.9999592900276184,4.07099723815918e-05,0.3,1,BERT:bert_class_weighted,Class weight
1002,emscad_07035,"Founded by top technical experts, Arithmica is a Software Development and Services company focussed on delivering the hi",Mainframe Developer,0,0,0.999934196472168,6.580352783203125e-05,0.3,1,BERT:bert_class_weighted,Class weight
1003,emscad_07045,Cosmetics company distributing innovative top-of-the-line cosmetic brands since 2006 about to launch an eshop for beauty,eCommerce Marketing Specialist,0,0,0.9999573230743408,4.267692565917969e-05,0.3,1,BERT:bert_class_weighted,Class weight
1004,emscad_07047,This is a temporary position which reports directly to the Instrument Manufacturing Manager (3-4 months),Manufacturing Assembler,0,0,0.9998889565467834,0.00011104345321655273,0.3,1,BERT:bert_class_weighted,Class weight
1005,emscad_07090,Middle East Recruitment is a specialized recruitment and consulting agency. Established since 1997 founded by profession,Material Engineers Specialists,0,0,0.9999589920043945,4.100799560546875e-05,0.3,1,BERT:bert_class_weighted,Class weight
1006,emscad_07094,"Declara is focused on bringing data to life. Our technology platform uses machine learning, search, algorithms and recom",Front-End Developer,0,0,0.9999551177024841,4.488229751586914e-05,0.3,1,BERT:bert_class_weighted,Class weight
1007,emscad_07115,Dynamic position for Nurse leader OR Manager who has both clinical and Purchasing experience.,"OR/Materials Manager (Hospital Near Casper, WY)",0,0,0.9999434947967529,5.650520324707031e-05,0.3,1,BERT:bert_class_weighted,Class weight
1008,emscad_07116,"Hungry Boiler is a well established, fast paced, unique restaurant marketing service looking to bring on-board mobile wa",Restaurant Delivery Drivers,0,0,0.9999538660049438,4.6133995056152344e-05,0.3,1,BERT:bert_class_weighted,Class weight
1009,emscad_07117,"Looking to hire 3-4 Class A truck drivers, must have a minimum 2 years experience.",CLASS A TRUCK DRIVERS,0,0,0.9997143745422363,0.0002856254577636719,0.3,1,BERT:bert_class_weighted,Class weight
1010,emscad_07120,"Tidewater Finance Co. was established in 1992 for the initial purpose of purchasing, and servicing retail installment co",Internal Marketing Representative,0,0,0.9999545812606812,4.5418739318847656e-05,0.3,1,BERT:bert_class_weighted,Class weight
1011,emscad_07129,"Merchenta’s behavioural advertising platform is used in over 40 countries, by major brands including Microsoft, ASOS, Ma","Data Scientist (Big Data, Machine Learning)",0,0,0.9999581575393677,4.184246063232422e-05,0.3,1,BERT:bert_class_weighted,Class weight
1012,emscad_07134,We are a digital marketing agency with an emphasis upon quality development that is developed and sold in a consultative,Sales Agents $400/wk Plus Commission,0,0,0.9999558329582214,4.416704177856445e-05,0.3,1,BERT:bert_class_weighted,Class weight
1013,emscad_07137,Ideal CRM is a sales consulting firm focused on Customer Relationship Management. We specialize in building and implemen,Appointment Setter,0,0,0.9999518394470215,4.8160552978515625e-05,0.3,1,BERT:bert_class_weighted,Class weight
1014,emscad_07144,"Description Set standards, define processes and provide guidance and for all health and safety matters. Assure complianc",Health and Safety Manager,1,0,0.9952926635742188,0.00470733642578125,0.3,0,BERT:bert_class_weighted,Class weight
1015,emscad_07153,"Offerial is a hospitality technology startup helping hotels improve sales, marketing, customer satisfaction and loyalty ",Data Scientist,0,0,0.9999414682388306,5.8531761169433594e-05,0.3,1,BERT:bert_class_weighted,Class weight
1016,emscad_07156,Ameritech Media wants to give industry thought-leaders the marketing communications they need to stay out in front. We’r,Project Manager,0,0,0.9999644756317139,3.552436828613281e-05,0.3,1,BERT:bert_class_weighted,Class weight
1017,emscad_07170,Established on the principles that full time education is not for everyone Spectrum Learning is made up of a team of pas,PL15 9LR Recruitment Apprenticeship Under NAS 16-18 Year Olds Only,0,0,0.9999656081199646,3.439188003540039e-05,0.3,1,BERT:bert_class_weighted,Class weight
1018,emscad_07173,NOW: Pensions is a UK based multi-employer trust serving thousands of employers and hundreds of thousands of employees f,PA/Office Manager,0,0,0.9999640583992004,3.594160079956055e-05,0.3,1,BERT:bert_class_weighted,Class weight
1019,emscad_07182,Outstanding Member Service Starts With Outstanding People,Indirect Lending Underwriter,0,0,0.9999648928642273,3.510713577270508e-05,0.3,1,BERT:bert_class_weighted,Class weight
1020,emscad_07190,EUROPEAN DYNAMICS (#URL_c66532ffa1ce76ab447da6774719060c42c584edbf44d74cdb94fc4ac219ca45#) is a leading European Softwar,FUNCTIONAL ANALYST,0,0,0.9999591708183289,4.082918167114258e-05,0.3,1,BERT:bert_class_weighted,Class weight
1021,emscad_07193,"Novitex Enterprise Solutions, formerly Pitney Bowes Management Services, delivers innovative document and communications",Customer Service Associate,0,0,0.9999661445617676,3.3855438232421875e-05,0.3,1,BERT:bert_class_weighted,Class weight
1022,emscad_07214,We are a family run business that has been in operation for nearly 40 years. We value long term relationships and want t,Internet Sales Director,0,0,0.9999499320983887,5.0067901611328125e-05,0.3,1,BERT:bert_class_weighted,Class weight
1023,emscad_07219,"#Think Big. Stay Small In 2010 a Small group of open minded, free spirited advertising, marketing and design professiona",Junior Digital Account Manager,0,0,0.9999602437019348,3.975629806518555e-05,0.3,1,BERT:bert_class_weighted,Class weight
1024,emscad_07230,"Industrial Color Software is a division of Industrial Color Brands, a family of vertically integrated creative productio",QA Manager,0,0,0.9999626278877258,3.737211227416992e-05,0.3,1,BERT:bert_class_weighted,Class weight
1025,emscad_07232,"Proficio Mortgage is a rapidly growing mortgage lender that cares about both our clients, and our team members. Proficio",Mortgage Loan Processor,0,0,0.9999616146087646,3.838539123535156e-05,0.3,1,BERT:bert_class_weighted,Class weight
1026,emscad_07233,Priority Care Group are a family run care group with 6 Care Homes in Scotland.,Activities Co-Ordinator,0,0,0.9999566674232483,4.3332576751708984e-05,0.3,1,BERT:bert_class_weighted,Class weight
1027,emscad_07244,Sage Data Security provides information security services to regional banks and credit unions along with hospitals and h,Information Security Programmer - nDiscovery Team,0,0,0.9999672770500183,3.272294998168945e-05,0.3,1,BERT:bert_class_weighted,Class weight
1028,emscad_07259,We are a digital marketing agency with an emphasis upon quality development that is developed and sold in a consultative,Telemarketers Needed,0,0,0.9999439120292664,5.608797073364258e-05,0.3,1,BERT:bert_class_weighted,Class weight
1029,emscad_07262,"Expera is looking for Infrastructure Consultants that have proven consulting experience, strong customer focus, exceptio",Expera Infrastructure Consultant,0,0,0.9999554753303528,4.45246696472168e-05,0.3,1,BERT:bert_class_weighted,Class weight
1030,emscad_07266,Upstream’s mission is to revolutionise the way companies market to consumers through cutting edge technology. This is an,Digital Marketing Specialist,0,0,0.9999629259109497,3.707408905029297e-05,0.3,1,BERT:bert_class_weighted,Class weight
1031,emscad_07272,Airenvy’s mission is to provide lucrative yet hassle free full service short term property management all around the wor,Guest Services - Team Lead,0,0,0.9999619126319885,3.808736801147461e-05,0.3,1,BERT:bert_class_weighted,Class weight
1032,emscad_07273,Hellas Direct is a new insurance company founded in 2011 with the view of changing the way car insurance companies servi,Amazon Web Services (AWS) Administrator,0,0,0.9999560117721558,4.398822784423828e-05,0.3,1,BERT:bert_class_weighted,Class weight
1033,emscad_07277,LifeStreet is hiring,Online and Mobile Marketing Specialist,0,0,0.9999497532844543,5.02467155456543e-05,0.3,1,BERT:bert_class_weighted,Class weight
1034,emscad_07285,Maker’s Row is an online marketplace that connects American manufacturers and product based businesses. Our mission is t,Videographer/ Photographer Intern,0,0,0.9999551177024841,4.488229751586914e-05,0.3,1,BERT:bert_class_weighted,Class weight
1035,emscad_07294,If working in a cubical seems like your idea of hell then joining our awesome startup team might be the opportunity you’,GENERAL MANAGER - TEAM LEAD,0,0,0.9999580383300781,4.1961669921875e-05,0.3,1,BERT:bert_class_weighted,Class weight
1036,emscad_07309,deVere Group is the one of the largest and most successful independent international advisory firms. Established in 2002,Financial Advisor,0,0,0.9999520778656006,4.792213439941406e-05,0.3,1,BERT:bert_class_weighted,Class weight
1037,emscad_07310,"Bonsey Jaden is a new partnership between award-winning Singapore agency Bonsey Design, and Sydney-based creatives The J",SENIOR DIGITAL COPYWRITER,0,0,0.999963641166687,3.635883331298828e-05,0.3,1,BERT:bert_class_weighted,Class weight
1038,emscad_07325,Established on the principles that full time education is not for everyone Spectrum Learning is made up of a team of pas,Leicester Fragrance and Beauty Promotional Staff,0,0,0.999965488910675,3.451108932495117e-05,0.3,1,BERT:bert_class_weighted,Class weight
1039,emscad_07341,Medopad is the leading enterprise mobile health solution that delivers patient information and clinical applications str,People Operations / Open Positions,0,0,0.9999591708183289,4.082918167114258e-05,0.3,1,BERT:bert_class_weighted,Class weight
1040,emscad_07343,"Novitex Enterprise Solutions, formerly Pitney Bowes Management Services, delivers innovative document and communications",Customer Service Associate,0,0,0.9999662637710571,3.3736228942871094e-05,0.3,1,BERT:bert_class_weighted,Class weight
1041,emscad_07351,"This is an opportunity to work with a number of interesting early to mid-stage startups, primarily in the SaaS space. Th",Growth Hacking / Ad Campaigns Internship,0,0,0.99994957447052,5.042552947998047e-05,0.3,1,BERT:bert_class_weighted,Class weight
1042,emscad_07354,"Welcome to one of the toughest and most fulfilling ways to help people, including yourself. We offer the latest tools, m",Data Entry,1,1,0.00048828125,0.99951171875,0.3,1,BERT:bert_class_weighted,Class weight
1043,emscad_07371,"RideAmigos needs a great Front-End Developer to work with us on our ""cloud-based"" software as a service offering. We are",Front-End Developer,1,0,0.999934732913971,6.526708602905273e-05,0.3,0,BERT:bert_class_weighted,Class weight
1044,emscad_07378,"General Summary: Achieves maximum sales profitability, growth and account penetration within an assigned territory and/o",Entry Level Sales,0,1,0.11669921875,0.88330078125,0.3,0,BERT:bert_class_weighted,Class weight
1045,emscad_07382,Middle East Recruitment is a specialized recruitment and consulting agency. Established since 1997 founded by profession,Construction Safety Advisor,0,0,0.9999600648880005,3.993511199951172e-05,0.3,1,BERT:bert_class_weighted,Class weight
1046,emscad_07393,ding* is the world’s largest top-up provider. Created to help people working abroad to support and keep in touch with lo,Kick-Ass Web Developer,0,0,0.9999620914459229,3.790855407714844e-05,0.3,1,BERT:bert_class_weighted,Class weight
1047,emscad_07405,"As augmented reality jobs go, one at Blippar is hard to beat. We are a rapidly expanding creative startup at the forefro",Trainee Management Accountant,0,0,0.999963104724884,3.68952751159668e-05,0.3,1,BERT:bert_class_weighted,Class weight
1048,emscad_07408,Massive Media is the social media company behind the successful digital brands #URL_18234f381f5e7b9a9ffdc727cd05c9046edf,Personal Assistant to the CEO,0,0,0.9999594688415527,4.0531158447265625e-05,0.3,1,BERT:bert_class_weighted,Class weight
1049,emscad_07414,"24MEDIA is Greece's leading and fastest-growing digital publishing group, managing over 20 premium brands that connect a",Social Media Editor,0,0,0.9999625086784363,3.74913215637207e-05,0.3,1,BERT:bert_class_weighted,Class weight
1050,emscad_07425,Corporate overview,Mechanical Technician,1,1,0.0,1.0,0.3,1,BERT:bert_class_weighted,Class weight
1051,emscad_07427,"SpotSource Solutions LLC is a Global Human Capital Management Consulting firm headquartered in Miami, Florida. Founded i",Pay Per Click Specialist,0,0,0.9999658465385437,3.415346145629883e-05,0.3,1,BERT:bert_class_weighted,Class weight
1052,emscad_07434,"Seeking part-time janitors to clean commercial office buildings in Sacramento, Roseville, Rancho Cordova, Citrus Heights",Janitors (Sacramento Region),0,0,0.999897301197052,0.00010269880294799805,0.3,1,BERT:bert_class_weighted,Class weight
1053,emscad_07443,We're pretty sure we have the best technology jobs in the South West. We are working at the leading edge of cloud-hosted,Software Developer (Java or PHP),0,0,0.9999520778656006,4.792213439941406e-05,0.3,1,BERT:bert_class_weighted,Class weight
1054,emscad_07452,"For over 15 years, CaseNEX has been a leader in the education technology industry and continues to provide flexible and ",C# Software Engineer,0,0,0.9999642372131348,3.5762786865234375e-05,0.3,1,BERT:bert_class_weighted,Class weight
1055,emscad_07455,London's Going Out App! Explovia simply and brilliantly combines Group Chat with Event Booking.,Quality Assurance Engineer,0,0,0.9999622106552124,3.7789344787597656e-05,0.3,1,BERT:bert_class_weighted,Class weight
1056,emscad_07463,Our company is kept confidential due to the large number of responses we receive.,Architectural Designer,0,0,0.9999491572380066,5.08427619934082e-05,0.3,1,BERT:bert_class_weighted,Class weight
1057,emscad_07483,Apply using below link,Licensed Practical Nurse,1,1,0.00048828125,0.99951171875,0.3,1,BERT:bert_class_weighted,Class weight
1058,emscad_07484,Our Mission,ASP.NET MVC Developer,0,0,0.9999575018882751,4.2498111724853516e-05,0.3,1,BERT:bert_class_weighted,Class weight
1059,emscad_07494,"SpotSource Solutions LLC is a Global Human Capital Management Consulting firm headquartered in Miami, Florida. Founded i",Sales Support,0,0,0.9999632239341736,3.6776065826416016e-05,0.3,1,BERT:bert_class_weighted,Class weight
1060,emscad_07495,"Delishery helps restaurants and other takeaway outlets improve their online ordering experience by creating a beautiful,",All Round Rockstar Intern,0,0,0.9999644756317139,3.552436828613281e-05,0.3,1,BERT:bert_class_weighted,Class weight
1061,emscad_07504,"Recruitment to Recruitment specialists, covering the UK.",Recruitment Consultant,0,0,0.9999522566795349,4.774332046508789e-05,0.3,1,BERT:bert_class_weighted,Class weight
1062,emscad_07512,"The RealReal is changing the way people buy and sell luxury items. The leader in luxury resale, the company is a full se",Photo Retoucher,0,0,0.999961793422699,3.820657730102539e-05,0.3,1,BERT:bert_class_weighted,Class weight
1063,emscad_07517,"Babbel enables anyone to learn languages in an easy and interactive way. The learning system offers 13 languages, from E",Head of Product,0,0,0.9999576807022095,4.2319297790527344e-05,0.3,1,BERT:bert_class_weighted,Class weight
1064,emscad_07518,Roland & Associates is a Corporate Recruitment Organization providing solutions to Global MNC’s for the past 12 years.,Senior Application Engineer ( MACsec/FCoE ),0,0,0.9999489784240723,5.1021575927734375e-05,0.3,1,BERT:bert_class_weighted,Class weight
1065,emscad_07537,"For more than two decades, the TRAK Companies have been providing temporary and direct-hire professional support staff t",Executive Assistant,0,0,0.9999589920043945,4.100799560546875e-05,0.3,1,BERT:bert_class_weighted,Class weight
1066,emscad_07548,Middle East Recruitment is a specialized recruitment and consulting agency. Established since 1997 founded by profession,Material Engineers Specialists,0,0,0.9999585151672363,4.1484832763671875e-05,0.3,1,BERT:bert_class_weighted,Class weight
1067,emscad_07550,MediaMonks is the biggest creative digital production company on the planet . We specialize in working for and with adve,FINANCIAL CONTROLLER,0,0,0.9999650716781616,3.4928321838378906e-05,0.3,1,BERT:bert_class_weighted,Class weight
1068,emscad_07563,Why CSD?,Texas Communication Assistant,0,0,0.9999611973762512,3.88026237487793e-05,0.3,1,BERT:bert_class_weighted,Class weight
1069,emscad_07566,"Novitex Enterprise Solutions, formerly Pitney Bowes Management Services, delivers innovative document and communications",Customer Service Team Lead,0,0,0.9999650716781616,3.4928321838378906e-05,0.3,1,BERT:bert_class_weighted,Class weight
1070,emscad_07569,Kettle is an independent digital agency based in New York City and the Bay Area. We’re committed to making digital do mo,NY | BACK-END DEVELOPER @TP,0,0,0.9999266266822815,7.337331771850586e-05,0.3,1,BERT:bert_class_weighted,Class weight
1071,emscad_07570,Middle East Recruitment is a specialized recruitment and consulting agency. Established since 1997 founded by profession,Construction Safety Advisor,0,0,0.9999597668647766,4.023313522338867e-05,0.3,1,BERT:bert_class_weighted,Class weight
1072,emscad_07577,SOLID is one of the leading advertising agencies in Greece.,Digital Account Supervisor,0,0,0.999958336353302,4.166364669799805e-05,0.3,1,BERT:bert_class_weighted,Class weight
1073,emscad_07584,"Novitex Enterprise Solutions, formerly Pitney Bowes Management Services, delivers innovative document and communications",Customer Service Associate,0,0,0.9999663829803467,3.361701965332031e-05,0.3,1,BERT:bert_class_weighted,Class weight
1074,emscad_07586,Webjar was founded in 2012 by people with high experience in new technologies. Our goal from day one was to provide inte,Front-End Developer,0,0,0.9999531507492065,4.684925079345703e-05,0.3,1,BERT:bert_class_weighted,Class weight
1075,emscad_07587,"GP Strategies Limited, a subsidiary of GP Strategies Corporation (NYSE:GPX) is a global performance improvement company ",Marketing Executive,0,0,0.9999635219573975,3.647804260253906e-05,0.3,1,BERT:bert_class_weighted,Class weight
1076,emscad_07593,"StudyHall creates opportunities for college, university students, and recent graduates, to work with the best companies ",Business Developer for Startup Company | StudyHall.com,0,0,0.9999613165855408,3.8683414459228516e-05,0.3,1,BERT:bert_class_weighted,Class weight
1077,emscad_07602,RealScout is SalesForce + Zillow for the $50B residential real estate sales industry. The platform allows Realtors® to c,Sr Software Engineer,0,0,0.9999613165855408,3.8683414459228516e-05,0.3,1,BERT:bert_class_weighted,Class weight
1078,emscad_07607,WHAT WE DO,Software Developers,0,0,0.9999588131904602,4.118680953979492e-05,0.3,1,BERT:bert_class_weighted,Class weight
1079,emscad_07614,"Novitex Enterprise Solutions, formerly Pitney Bowes Management Services, delivers innovative document and communications",Customer Service Technical Specialist,0,0,0.9999666810035706,3.331899642944336e-05,0.3,1,BERT:bert_class_weighted,Class weight
1080,emscad_07616,Applied Memetics LLC is a professional services company dedicated to integrating and delivering best practice communicat,"TV Video Editor I, East Asia Pacific Division Office",0,0,0.9999672770500183,3.272294998168945e-05,0.3,1,BERT:bert_class_weighted,Class weight
1081,emscad_07618,"For more than two decades, the TRAK Companies have been providing temporary and direct-hire professional support staff t",Receptionist,0,0,0.9999576807022095,4.2319297790527344e-05,0.3,1,BERT:bert_class_weighted,Class weight
1082,emscad_07628,Our Company,Payroll Accountant,0,0,0.9999568462371826,4.315376281738281e-05,0.3,1,BERT:bert_class_weighted,Class weight
1083,emscad_07631,#URL_c62a2ab07696ef256df27efb8fcdcc9eddd1556c5072fa0c44b7a186d785a7fa# is an easy-to-understand guide for teaching begin,WordPress/PHP Engineer,0,0,0.9999507069587708,4.929304122924805e-05,0.3,1,BERT:bert_class_weighted,Class weight
1084,emscad_07651,"Novitex Enterprise Solutions, formerly Pitney Bowes Management Services, delivers innovative document and communications",Customer Service Associate,0,0,0.9999665021896362,3.349781036376953e-05,0.3,1,BERT:bert_class_weighted,Class weight
1085,emscad_07655,We are seeking individuals to be connected with companies who are hiring employees directly to work from their homes. Yo,Admin Clerk Remote Position,1,1,0.0,1.0,0.3,1,BERT:bert_class_weighted,Class weight
1086,emscad_07657,We are seeking individuals to be connected with companies who are hiring employees directly to work from their homes. Yo,Remote Admin Clerk,1,1,0.0,1.0,0.3,1,BERT:bert_class_weighted,Class weight
1087,emscad_07660,We are seeking individuals to be connected with companies who are hiring employees directly to work from their homes. Yo,Entry Level Office Receptionist,1,1,0.0,1.0,0.3,1,BERT:bert_class_weighted,Class weight
1088,emscad_07661,We are seeking individuals to be connected with companies who are hiring employees directly to work from their homes. Yo,Full/PartTime Data Entry Work,1,1,0.0,1.0,0.3,1,BERT:bert_class_weighted,Class weight
1089,emscad_07662,We are seeking individuals to be connected with companies who are hiring employees directly to work from their homes. Yo,Office Data Processing Assistant,1,1,0.0,1.0,0.3,1,BERT:bert_class_weighted,Class weight
1090,emscad_07663,We are seeking individuals to be connected with companies who are hiring employees directly to work from their homes. Yo,Data Entry Office Support,1,1,0.0,1.0,0.3,1,BERT:bert_class_weighted,Class weight
1091,emscad_07672,Flite delivers ad innovation at scale to the world's top publishers and brands. Marketers use the self-service Flite Pla,Vice President of Sales,0,0,0.9999619126319885,3.808736801147461e-05,0.3,1,BERT:bert_class_weighted,Class weight
1092,emscad_07675,"Does the possibility of working for a nationally ranked accounting firm appeal to you? Our client, a recognized tax and ",Contract Office Assistant Needed!,0,0,0.9996614456176758,0.00033855438232421875,0.3,1,BERT:bert_class_weighted,Class weight
1093,emscad_07694,NFP is a leader in the delivery of benefits solutions for companies of all sizes and in the delivery of life insurance a,Benefit Analyst,0,0,0.9999544024467468,4.559755325317383e-05,0.3,1,BERT:bert_class_weighted,Class weight
1094,emscad_07703,Overview,Software Business Analyst,0,0,0.9999277591705322,7.224082946777344e-05,0.3,1,BERT:bert_class_weighted,Class weight
1095,emscad_07704,JOB DESCRIPTION SUMMER INTERNSHIP PROGRAM,SUMMER INTERNSHIP PROGRAM,0,0,0.9999366998672485,6.330013275146484e-05,0.3,1,BERT:bert_class_weighted,Class weight
1096,emscad_07708,"As augmented reality jobs go, one at Blippar is hard to beat. We are a rapidly expanding creative startup at the forefro",Blipp Dev (3D),0,0,0.9999605417251587,3.9458274841308594e-05,0.3,1,BERT:bert_class_weighted,Class weight
1097,emscad_07710,We are an Auto Dealership Group located in Wyoming and Nebraska representing 11 different automotive brands. We are prog,Volkswagen Dealership Service Manager,0,0,0.9999434947967529,5.650520324707031e-05,0.3,1,BERT:bert_class_weighted,Class weight
1098,emscad_07711,"Allies In Caring, Inc . is a multicultural non-profit organization dedicated to helping underserved individuals who have",MASTER LEVELTHERAPIST,0,0,0.9999503493309021,4.965066909790039e-05,0.3,1,BERT:bert_class_weighted,Class weight
1099,emscad_07717,About HitFigure:,Customer Service Representative,0,0,0.9999596476554871,4.035234451293945e-05,0.3,1,BERT:bert_class_weighted,Class weight
1100,emscad_07728,"Novitex Enterprise Solutions, formerly Pitney Bowes Management Services, delivers innovative document and communications",Customer Service Associate,0,0,0.9999662637710571,3.3736228942871094e-05,0.3,1,BERT:bert_class_weighted,Class weight
1101,emscad_07733,"AGOGO creates a personalized audio channel by bringing together your favorite programming -- news, entertainment, sports",QA Intern,0,0,0.9999578595161438,4.214048385620117e-05,0.3,1,BERT:bert_class_weighted,Class weight
1102,emscad_07737,"Since 2001, RL Zapin Associates has been a recognized leader in the placement of mid to senior level Analytics professio","Sr Director, Customer Analytics & Business Intelligence",0,0,0.9998902678489685,0.00010973215103149414,0.3,1,BERT:bert_class_weighted,Class weight
1103,emscad_07743,Our passion for improving quality of life through geography is at the heart of everything we do. Esri’s geographic infor,Senior Compliance Specialist,0,0,0.9999620914459229,3.790855407714844e-05,0.3,1,BERT:bert_class_weighted,Class weight
1104,emscad_07747,"Valor Services provides Workforce Solutions that meet the needs of companies across the Private Sector, with a special f",Lead Technician (Desktop Support),0,0,0.9999653100967407,3.4689903259277344e-05,0.3,1,BERT:bert_class_weighted,Class weight
1105,emscad_07774,Outstanding Member Service Starts With Outstanding People,Consumer Lending Sales Specialist,0,0,0.9999638199806213,3.618001937866211e-05,0.3,1,BERT:bert_class_weighted,Class weight
1106,emscad_07778,Applied Memetics LLC is a professional services company dedicated to integrating and delivering best practice communicat,"Video Journalist, Burmese Service",0,0,0.9999610185623169,3.898143768310547e-05,0.3,1,BERT:bert_class_weighted,Class weight
1107,emscad_07779,Ready to let your star shine? Discover the career you’ve been dreaming about at AvaStars where...,Rising Star (3rd Key Holder) - Oakbrook Center,0,0,0.9999568462371826,4.315376281738281e-05,0.3,1,BERT:bert_class_weighted,Class weight
1108,emscad_07796,We take the hassle out of finding and booking a cleaner. We are currently in the UK but we have big plans and we want an,Customer service associate,0,0,0.9999549388885498,4.506111145019531e-05,0.3,1,BERT:bert_class_weighted,Class weight
1109,emscad_07806,Technology is the key to our product. Our team is small and highly skilled. Software Engineers work together with design,Ruby on Rails Expert - Disrupt the financial industry with Numbrs,0,0,0.9999396204948425,6.03795051574707e-05,0.3,1,BERT:bert_class_weighted,Class weight
1110,emscad_07807,"Cardiologist, Interventional Fellow, MD needed to join top notch group practice in South Texas, Gulf of Mexico area of T","Cardiologist, Interventional Fellow, MD, Group Practice",0,0,0.999907910823822,9.208917617797852e-05,0.3,1,BERT:bert_class_weighted,Class weight
1111,emscad_07808,The Beans Group is a media company that exists to empower young people to thrive. We have been on an exponential growth ,Client Services Executive,0,0,0.9999629259109497,3.707408905029297e-05,0.3,1,BERT:bert_class_weighted,Class weight
1112,emscad_07820,"An agency that places native English speakers across Thailand to teach English, Maths, Science and Computer Studies to T",Part Time Substitute Teachers,0,0,0.9999514818191528,4.851818084716797e-05,0.3,1,BERT:bert_class_weighted,Class weight
1113,emscad_07824,Established on the principles that full time education is not for everyone Spectrum Learning is made up of a team of pas,LS20 8LZ Customer Service Apprenticeship under NAS 16-18 year olds only,0,0,0.999965488910675,3.451108932495117e-05,0.3,1,BERT:bert_class_weighted,Class weight
1114,emscad_07832,"Cigniti Inc. is a 15 year old Irving, TX based professional services and staffing company which helped companies like Tr",Solution Architect-Ground Operation,0,0,0.999961793422699,3.820657730102539e-05,0.3,1,BERT:bert_class_weighted,Class weight
1115,emscad_07833,"Novitex Enterprise Solutions, formerly Pitney Bowes Management Services, delivers innovative document and communications",Customer Service Associate,0,0,0.9999674558639526,3.254413604736328e-05,0.3,1,BERT:bert_class_weighted,Class weight
1116,emscad_07841,"We are an international, venture backed team making it easy for millions of students worldwide to find and book their ac",Sales Manager,0,0,0.9999610185623169,3.898143768310547e-05,0.3,1,BERT:bert_class_weighted,Class weight
1117,emscad_07855,#URL_c379aa631173ed5b7c345ab3f500a9a053e509138ca70e52c1088e5a784dc8d7# is a modern online travel agency that was founded,Online Marketing Specialist,0,0,0.9999489784240723,5.1021575927734375e-05,0.3,1,BERT:bert_class_weighted,Class weight
1118,emscad_07857,"Providing luxurious menswear such as suits, shirts, neckwear and accessories for the tailored gentleman.",Sale Representatives,0,0,0.9999374747276306,6.252527236938477e-05,0.3,1,BERT:bert_class_weighted,Class weight
1119,emscad_07860,Job Description :,Hiring Technical Support Engg,0,0,0.9990816116333008,0.0009183883666992188,0.3,1,BERT:bert_class_weighted,Class weight
1120,emscad_07866,"Planning Center Online has been making revolutionary applications for churches since 2006. Our premier product, Planning",Senior Ruby Developer,0,0,0.9999591708183289,4.082918167114258e-05,0.3,1,BERT:bert_class_weighted,Class weight
1121,emscad_07868,"We are a fashion tech design house. We design cool earbuds, headphones, cell phone cases, and other cool room accessorie",Summer Intern at an Awesome Fashion Tech Design House,0,0,0.9999578595161438,4.214048385620117e-05,0.3,1,BERT:bert_class_weighted,Class weight
1122,emscad_07870,"SpotSource Solutions LLC is a Global Human Capital Management Consulting firm headquartered in Miami, Florida. Founded i",Marketing Account Manager,0,0,0.9999648928642273,3.510713577270508e-05,0.3,1,BERT:bert_class_weighted,Class weight
1123,emscad_07871,Applied Memetics LLC is a professional services company dedicated to integrating and delivering best practice communicat,"International Broadcaster, Albanian Language",0,0,0.9999634027481079,3.6597251892089844e-05,0.3,1,BERT:bert_class_weighted,Class weight
1124,emscad_07887,"Declara is focused on bringing data to life. Our technology platform uses machine learning, search, algorithms and recom",Client Services Account Manager,0,0,0.9999620914459229,3.790855407714844e-05,0.3,1,BERT:bert_class_weighted,Class weight
1125,emscad_07893,"We are a leading Electrical Contractor and IBEW signatory, and take pride in the skill level and productivity of our wor",Operations Manager,0,0,0.9999434947967529,5.650520324707031e-05,0.3,1,BERT:bert_class_weighted,Class weight
1126,emscad_07904,"Hi,",UNIX Admin with Solaris 10,0,0,0.9999178051948547,8.219480514526367e-05,0.3,1,BERT:bert_class_weighted,Class weight
1127,emscad_07922,LetterStream is an innovative printing and mailing company leveraging automation to assist our customers in accomplishin,Part-time Administrative Help,0,0,0.9999611973762512,3.88026237487793e-05,0.3,1,BERT:bert_class_weighted,Class weight
1128,emscad_07930,About the Company,JavaScript Engineer,0,0,0.9999536871910095,4.6312808990478516e-05,0.3,1,BERT:bert_class_weighted,Class weight
1129,emscad_07938,"ABC Supply Co., Inc. is the nation’s largest wholesale distributor of roofing and one of the largest distributors of sid",CDL Driver-Addison,0,0,0.9999613165855408,3.8683414459228516e-05,0.3,1,BERT:bert_class_weighted,Class weight
1130,emscad_07952,"Come be a part of one of the fastest growing, well-funded and exciting startups in Silicon Valley. Peel makes the world’",Project Coordinator - OEM Projects,0,0,0.9999568462371826,4.315376281738281e-05,0.3,1,BERT:bert_class_weighted,Class weight
1131,emscad_07985,"90 Seconds, the worlds Cloud Video Production Service.",Customer Service / Support,0,0,0.9999639391899109,3.606081008911133e-05,0.3,1,BERT:bert_class_weighted,Class weight
1132,emscad_07990,We’re always looking for highly motivated “founder-types” to join us as we grow. Here’s what you need to know.,Quality Assurance Engineer,0,0,0.9999432563781738,5.6743621826171875e-05,0.3,1,BERT:bert_class_weighted,Class weight
1133,emscad_07998,Launched by a team of international enterprise search experts our client provides clients with a solution for aggregatio,Junior Account Manager,0,0,0.999963104724884,3.68952751159668e-05,0.3,1,BERT:bert_class_weighted,Class weight
1134,emscad_08014,"Cigniti Inc. is a 15 year old Irving, TX based professional services and staffing company which helped companies like Tr",Sr. System Engineer/Storage Engineer,0,0,0.9999591708183289,4.082918167114258e-05,0.3,1,BERT:bert_class_weighted,Class weight
1135,emscad_08016,Why CSD?,Staff Interpreter,0,0,0.9999622106552124,3.7789344787597656e-05,0.3,1,BERT:bert_class_weighted,Class weight
1136,emscad_08017,"Novitex Enterprise Solutions, formerly Pitney Bowes Management Services, delivers innovative document and communications",Customer Service Associate,0,0,0.9999657273292542,3.427267074584961e-05,0.3,1,BERT:bert_class_weighted,Class weight
1137,emscad_08042,Fictiv is hiring a positive and energetic office manager to join our team. The office manager will be responsible for bu,Office Manager,0,0,0.9999542236328125,4.57763671875e-05,0.3,1,BERT:bert_class_weighted,Class weight
1138,emscad_08066,"SummaView is een jong bedrijf uit Amersfoort die mensen, kennis en software levert ophet snijvlak van controlling en Bus",OUD: Stage Marketing 1.,0,0,0.9999592900276184,4.07099723815918e-05,0.3,1,BERT:bert_class_weighted,Class weight
1139,emscad_08070,"Novitex Enterprise Solutions, formerly Pitney Bowes Management Services, delivers innovative document and communications",Customer Service Associate - On Call,0,0,0.9999653100967407,3.4689903259277344e-05,0.3,1,BERT:bert_class_weighted,Class weight
1140,emscad_08075,The Above The Line Specialist will be the key person handing the ATL activations related both to Corporate and Brand-foc,Above the Line Specialist,0,0,0.9999508857727051,4.9114227294921875e-05,0.3,1,BERT:bert_class_weighted,Class weight
1141,emscad_08076,Outstanding Member Service Starts With Outstanding People,Open positions,0,0,0.9999570250511169,4.297494888305664e-05,0.3,1,BERT:bert_class_weighted,Class weight
1142,emscad_08081,Innovative streetwear and clothes you can play with. Soon in a crowdfunding platform near you.,Apparel / Streetwear Designer,0,0,0.9999483823776245,5.161762237548828e-05,0.3,1,BERT:bert_class_weighted,Class weight
1143,emscad_08094,"Novitex Enterprise Solutions, formerly Pitney Bowes Management Services, delivers innovative document and communications",Customer Service Associate,0,0,0.9999663829803467,3.361701965332031e-05,0.3,1,BERT:bert_class_weighted,Class weight
1144,emscad_08095,ding* is the world’s largest top-up provider. Created to help people working abroad to support and keep in touch with lo,Senior Network Engineer,0,0,0.9999665021896362,3.349781036376953e-05,0.3,1,BERT:bert_class_weighted,Class weight
1145,emscad_08107,"Typeform is a tech start-up which is transforming data collection into a flexible, intuitive and incredibly engaging use",Frontend Engineer,0,0,0.999934196472168,6.580352783203125e-05,0.3,1,BERT:bert_class_weighted,Class weight
1146,emscad_08121,Visual BI is one of the leading and fastest growing firms focusing exclusively on BI & Analytics. Our offerings cover en,SAP BOBJ Lead / Architect,0,0,0.9999588131904602,4.118680953979492e-05,0.3,1,BERT:bert_class_weighted,Class weight
1147,emscad_08126,"Infolob Solutions is a leader in Managed IT services, Enterprise Application Software, IT staffing and Consulting and Ap",Need a Documentum developer,0,0,0.9999535083770752,4.649162292480469e-05,0.3,1,BERT:bert_class_weighted,Class weight
1148,emscad_08162,Our History,Driver - Medium Duty (Kent),0,0,0.9999626278877258,3.737211227416992e-05,0.3,1,BERT:bert_class_weighted,Class weight
1149,emscad_08171,"Working in over 60 countries and 30 languages, Autotorq is one of the world’s leading digital automotive agencies.",Web Application Developer,0,0,0.9999576807022095,4.2319297790527344e-05,0.3,1,BERT:bert_class_weighted,Class weight
1150,emscad_08181,"With over 30 years of experience in the industry, Mercer Foods has been providing superior quality freeze dried foods an",Maintenance Supervisor,0,0,0.9999608397483826,3.916025161743164e-05,0.3,1,BERT:bert_class_weighted,Class weight
1151,emscad_08191,Transifex is a SaaS continuous localization platform powering the process of launching products into multiple languages ,iOS Mobile Engineer,0,0,0.9999454617500305,5.453824996948242e-05,0.3,1,BERT:bert_class_weighted,Class weight
1152,emscad_08207,Massive Media is the social media company behind the successful digital brands #URL_18234f381f5e7b9a9ffdc727cd05c9046edf,Loyalty Marketing Manager - Netlog,0,0,0.9999594688415527,4.0531158447265625e-05,0.3,1,BERT:bert_class_weighted,Class weight
1153,emscad_08209,Take Out Brands is a food franchise business with a #URL_4524df5c91ce800c4ba16ef1406d622db7d51d37105a7fcee27521e61854615,Graduate Marketing Executive,0,0,0.9999600648880005,3.993511199951172e-05,0.3,1,BERT:bert_class_weighted,Class weight
1154,emscad_08224,America's Favorite online retailer of fine home furnishings and other accessories. We combine the best selection of prod,eCommerce Specialist / Database Management for Home Decor Company,0,0,0.9999547600746155,4.5239925384521484e-05,0.3,1,BERT:bert_class_weighted,Class weight
1155,emscad_08228,Fundation is a technology-empowered direct lender that delivers small balance commercial loans nationwide. The firm prov,"Analyst - Credit, Marketing & Customer Analytics - High Growth Specialty Finance Company",0,0,0.9999638199806213,3.618001937866211e-05,0.3,1,BERT:bert_class_weighted,Class weight
1156,emscad_08268,"Newmedica is a dynamic, innovative UK healthcare company that works in partnership with the NHS to deliver specialist cl","Clinic Assistant, North West London",0,0,0.9999626278877258,3.737211227416992e-05,0.3,1,BERT:bert_class_weighted,Class weight
1157,emscad_08269,Reporting to the CRM & BI Director. The head of Market Research will be responsible for the day-to-day management of mul,Head of Market Research,0,0,0.9997062683105469,0.000293731689453125,0.3,1,BERT:bert_class_weighted,Class weight
1158,emscad_08271,Processes accounting transactions both per IFRS and local GAAP,ACCOUNTANT,0,0,0.9999483823776245,5.161762237548828e-05,0.3,1,BERT:bert_class_weighted,Class weight
1159,emscad_08273,"SpotSource Solutions LLC is a Global Human Capital Management Consulting firm headquartered in Miami, Florida. Founded i",Corporate Account Manager,0,0,0.9999651908874512,3.4809112548828125e-05,0.3,1,BERT:bert_class_weighted,Class weight
1160,emscad_08280,Pioneering advanced analytics vendor RapidMiner is redefining how business analysts use Big Data to predict the future. ,WordPress Developer,0,0,0.9999549388885498,4.506111145019531e-05,0.3,1,BERT:bert_class_weighted,Class weight
1161,emscad_08287,"Mashape is the largest, most trafficked API marketplace/hub in the world.",Growth Engineer,0,0,0.9999400973320007,5.990266799926758e-05,0.3,1,BERT:bert_class_weighted,Class weight
1162,emscad_08317,Rithmio is an Illinois-headquartered startup founded in 2013 that enables gesture recognition-based products.,iOS Developer,0,0,0.9999475479125977,5.245208740234375e-05,0.3,1,BERT:bert_class_weighted,Class weight
1163,emscad_08335,Inviting inspirational individuals,Head of Growth,0,0,0.9999626278877258,3.737211227416992e-05,0.3,1,BERT:bert_class_weighted,Class weight
1164,emscad_08341,"Talent Inc., is redefining how job seekers brand themselves to employers. As the largest resume writing service in the c",Resume Writers Wanted!,0,0,0.9999619126319885,3.808736801147461e-05,0.3,1,BERT:bert_class_weighted,Class weight
1165,emscad_08352,"HireHopes is the premier professional services consulting firm that specializes in strategic job search, career adviseme",Outside Sales District Manager or Account Executives and Major Account Manager,0,0,0.9999642372131348,3.5762786865234375e-05,0.3,1,BERT:bert_class_weighted,Class weight
1166,emscad_08353,"WellAware is an oil field communications and software-as-a-service (SaaS) company based in San Antonio, TX that provides",Systems Engineer,0,0,0.9999507069587708,4.929304122924805e-05,0.3,1,BERT:bert_class_weighted,Class weight
1167,emscad_08360,Zylun’s mission is to help small and medium size enterprises take advantage of a highly skilled global workforce in a si,LINUX SYSTEM ADMINISTRATOR,0,0,0.9999602437019348,3.975629806518555e-05,0.3,1,BERT:bert_class_weighted,Class weight
1168,emscad_08379,CallCentre People Recruitment is recognised as being specialists within the CallCentre industry.,Customer Service Administrator - Electrical Wholesaler,0,0,0.9999639391899109,3.606081008911133e-05,0.3,1,BERT:bert_class_weighted,Class weight
1169,emscad_08380,We Provide Full Time Permanent Positions for many medium to large US companies. We are interested in finding/recruiting ,Manufacturing Engineer - Aerospace Manufacturing Exp - CA,0,0,0.9999610185623169,3.898143768310547e-05,0.3,1,BERT:bert_class_weighted,Class weight
1170,emscad_08385,Want to build a 21st century financial service?,Customer Support Associate,0,0,0.9999531507492065,4.684925079345703e-05,0.3,1,BERT:bert_class_weighted,Class weight
1171,emscad_08393,The Boston Consulting Group ( #URL_45423e1e16703aa4d8ee444d3ad69bb51525f1dad0b3115713cf80dc496299e2# ) has launched a ne,Visual Designer,0,0,0.9999599456787109,4.00543212890625e-05,0.3,1,BERT:bert_class_weighted,Class weight
1172,emscad_08400,PowerbyProxi and its customers are leading a revolution to deliver unplugged power. We have changed the way electricity ,Systems Engineer - Wireless Power,0,0,0.999961793422699,3.820657730102539e-05,0.3,1,BERT:bert_class_weighted,Class weight
1173,emscad_08425,"Stokes Automotive Group-Beaufort is a family owned and operated dealer group in Beaufort, SC. Stokes is the leader in th",Technicians,0,0,0.9999589920043945,4.100799560546875e-05,0.3,1,BERT:bert_class_weighted,Class weight
1174,emscad_08451,"Vend is looking for some awesome new talent to come join us. You'll be working in an awesome team doing awesome things, ",People & Culture Manager,0,0,0.9999576807022095,4.2319297790527344e-05,0.3,1,BERT:bert_class_weighted,Class weight
1175,emscad_08466,"Founded by top technical experts, Arithmica is a Software Development and Services company focussed on delivering the hi",Oracle Procurement / Contract Implementation Consultant,0,0,0.9999441504478455,5.5849552154541016e-05,0.3,1,BERT:bert_class_weighted,Class weight
1176,emscad_08476,Established on the principles that full time education is not for everyone Spectrum Learning is made up of a team of pas,Wakefield Apprentice Accounts Assistant Under NAS 16-18 Year Olds Only,0,0,0.9999662637710571,3.3736228942871094e-05,0.3,1,BERT:bert_class_weighted,Class weight
1177,emscad_08479,Human capital is usually the biggest asset and expense for a company. Making the right hire – the first time – is critic,Medical Director,0,0,0.9999499320983887,5.0067901611328125e-05,0.3,1,BERT:bert_class_weighted,Class weight
1178,emscad_08485,"Due to expansion of our business to the Portuguese-speaking market, Web Service uCoz is now hiring online marketing prof",Digital Marketing Manager,0,0,0.9999529719352722,4.70280647277832e-05,0.3,1,BERT:bert_class_weighted,Class weight
1179,emscad_08488,"Founded in 2010 by a team from Google’s London and New York offices, Qubit work with some of the biggest names in Online",Product Marketing Manager,0,0,0.9999635219573975,3.647804260253906e-05,0.3,1,BERT:bert_class_weighted,Class weight
1180,emscad_08489,Jaco Oil and Refined Resources have partnered up in an effort to streamline the hiring process and provide a more effici,UTC Lead Testing Technician,1,1,0.0,1.0,0.3,1,BERT:bert_class_weighted,Class weight
1181,emscad_08494,PROSULTING IS PEOPLE The ProSulting difference is easy to see. Our passion for delivering qualified pre-screened personn,Controller,0,0,0.9999632239341736,3.6776065826416016e-05,0.3,1,BERT:bert_class_weighted,Class weight
1182,emscad_08502,We Provide Full Time Permanent Positions for many medium to large US companies. We are interested in finding/recruiting ,Quality Manager,0,0,0.9999614953994751,3.8504600524902344e-05,0.3,1,BERT:bert_class_weighted,Class weight
1183,emscad_08530,We Provide Full Time Permanent Positions for many medium to large US companies. We are interested in finding/recruiting ,Senior Manufacturing Engineer - AutoCAD Autodesk - PA,0,0,0.999963104724884,3.68952751159668e-05,0.3,1,BERT:bert_class_weighted,Class weight
1184,emscad_08543,"H1 Studio is a web and mobile design, branding, and development studio in Brooklyn. H1 Studios has worked with a number ",Front-End Developer,0,0,0.9999556541442871,4.4345855712890625e-05,0.3,1,BERT:bert_class_weighted,Class weight
1185,emscad_08544,"Headquartered in Milan and New York and with 400 million users all around the world, Beintoo is a true engagement platfo",The Beintoo Academy - 10 Internships for entrepreneurial students or recent graduates,0,0,0.9999497532844543,5.02467155456543e-05,0.3,1,BERT:bert_class_weighted,Class weight
1186,emscad_08554,This position is responsible for initiating and completing complex aspects of project financial management and cost cont,Project Controls Specialist,0,0,0.9999540448188782,4.595518112182617e-05,0.3,1,BERT:bert_class_weighted,Class weight
1187,emscad_08568,"Novitex Enterprise Solutions, formerly Pitney Bowes Management Services, delivers innovative document and communications",Customer Service Associate,0,0,0.9999666810035706,3.331899642944336e-05,0.3,1,BERT:bert_class_weighted,Class weight
1188,emscad_08569,"Pricing Recruiters is the leading global resource for the procurement, vetting and placement of qualified, pricing and p",J.P. Morgan - CIB Tehcnology - Credit Analytics Risk and Pricing Developer- Associate,0,0,0.999963641166687,3.635883331298828e-05,0.3,1,BERT:bert_class_weighted,Class weight
1189,emscad_08570,"We're an emerging technology agency, and we build breakthrough products through user-centered design. We're building a t",Keep in touch,0,0,0.9998840689659119,0.00011593103408813477,0.3,1,BERT:bert_class_weighted,Class weight
1190,emscad_08572,Layar is a young and ambitious company located in the heart of Amsterdam. As the global leader in mobile augmented reali,Back-End Python Developer,0,0,0.999925434589386,7.456541061401367e-05,0.3,1,BERT:bert_class_weighted,Class weight
1191,emscad_08578,"Pricing Recruiters is the leading global resource for the procurement, vetting and placement of qualified, pricing and p",US Foods. - Sr Pricing Analyst,0,0,0.9999622106552124,3.7789344787597656e-05,0.3,1,BERT:bert_class_weighted,Class weight
1192,emscad_08585,"Novitex Enterprise Solutions, formerly Pitney Bowes Management Services, delivers innovative document and communications",Customer Service Associate,0,0,0.9999665021896362,3.349781036376953e-05,0.3,1,BERT:bert_class_weighted,Class weight
1193,emscad_08586,Find more jos at #URL_1efb08d6a6da1c56afb2d0c686e1ed0dc14d0fbcb22482369e8a69999aa0d278#,ER Trauma RN,1,1,0.0,1.0,0.3,1,BERT:bert_class_weighted,Class weight
1194,emscad_08596,Apply using below link,Clinical Director,1,1,0.0,1.0,0.3,1,BERT:bert_class_weighted,Class weight
1195,emscad_08601,"Keen360 helps organizations to design strategies, develop operational efficiencies, and deliver innovative solutions to ",Pharmaceutical Sales Operations Data Analyst - Contractor,0,0,0.9999638199806213,3.618001937866211e-05,0.3,1,BERT:bert_class_weighted,Class weight
1196,emscad_08602,Apply using below link,RN PACU,1,1,0.0,1.0,0.3,1,BERT:bert_class_weighted,Class weight
1197,emscad_08605,"Novitex Enterprise Solutions, formerly Pitney Bowes Management Services, delivers innovative document and communications",Associate Receptionist,0,0,0.9999672770500183,3.272294998168945e-05,0.3,1,BERT:bert_class_weighted,Class weight
1198,emscad_08609,Adthena is the UK’s leading competitive intelligence service for Google search advertisers. Adthena is loved by major br,Finance Director (Part Time),0,0,0.9999644756317139,3.552436828613281e-05,0.3,1,BERT:bert_class_weighted,Class weight
1199,emscad_08617,The Boston Consulting Group ( #URL_45423e1e16703aa4d8ee444d3ad69bb51525f1dad0b3115713cf80dc496299e2# ) has launched a ne,Visual Designer,0,0,0.9999599456787109,4.00543212890625e-05,0.3,1,BERT:bert_class_weighted,Class weight
1200,emscad_08618,"Friend MTS is a leading provider of technology to the media and entertainment industry. Specialising in video security, ",Software Engineer - Content Recognition,0,0,0.9999544024467468,4.559755325317383e-05,0.3,1,BERT:bert_class_weighted,Class weight
1201,emscad_08622,"Come be a part of one of the fastest growing, well-funded and exciting startups in Silicon Valley. Peel makes the world’",Remote Control Solutions Architect,0,0,0.9999594688415527,4.0531158447265625e-05,0.3,1,BERT:bert_class_weighted,Class weight
1202,emscad_08643,"Novitex Enterprise Solutions, formerly Pitney Bowes Management Services, delivers innovative document and communications",Courier,0,0,0.9999661445617676,3.3855438232421875e-05,0.3,1,BERT:bert_class_weighted,Class weight
1203,emscad_08646,"Pollfish is a technology company that aims to change the landscape of market research. Accessing more than 14,000,000 co",Engineer at Pollfish,0,0,0.9999379515647888,6.204843521118164e-05,0.3,1,BERT:bert_class_weighted,Class weight
1204,emscad_08647,"Novitex Enterprise Solutions, formerly Pitney Bowes Management Services, delivers innovative document and communications",Customer Service Associate - On Call,0,0,0.9999656081199646,3.439188003540039e-05,0.3,1,BERT:bert_class_weighted,Class weight
1205,emscad_08663,Drupal Developer Job opportunity in Washington DC - USA,Drupal Developer,0,0,0.9999203085899353,7.969141006469727e-05,0.3,1,BERT:bert_class_weighted,Class weight
1206,emscad_08666,Want to build a 21st century financial service?,Product Manager,0,0,0.9999581575393677,4.184246063232422e-05,0.3,1,BERT:bert_class_weighted,Class weight
1207,emscad_08675,***Please do NOT apply for this position if you do not live in Arizona. Thank you.***,Live-in Caregiver with time off,0,0,0.9999334216117859,6.657838821411133e-05,0.3,1,BERT:bert_class_weighted,Class weight
1208,emscad_08677,Triangle Workforce is a unique and refreshing workforce provider who bypasses the traditional antiquated methods of recr,Production Trading Floor Support,0,0,0.9999560117721558,4.398822784423828e-05,0.3,1,BERT:bert_class_weighted,Class weight
1209,emscad_08682,The Beans Group is a media company that exists to empower young people to thrive. We have been on an exponential growth ,Marketing Assistant: Email,0,0,0.9999623894691467,3.7610530853271484e-05,0.3,1,BERT:bert_class_weighted,Class weight
1210,emscad_08697,"Here is the requirement mentioned below. Please respond with Resume, and Phone number Reply me ASAP...",IOS Lead Developer at MA,0,0,0.9999000430107117,9.995698928833008e-05,0.3,1,BERT:bert_class_weighted,Class weight
1211,emscad_08719,MediaMonks is the biggest creative digital production company on the planet . We specialize in working for and with adve,OPEN APPLICATIONS - BUSINESS/ACCOUNT/PRODUCERS,0,0,0.9999634027481079,3.6597251892089844e-05,0.3,1,BERT:bert_class_weighted,Class weight
1212,emscad_08724,PROSULTING IS PEOPLE The ProSulting difference is easy to see. Our passion for delivering qualified pre-screened personn,Controller,0,0,0.9999632239341736,3.6776065826416016e-05,0.3,1,BERT:bert_class_weighted,Class weight
1213,emscad_08736,"Cohaesus is a trusted partner to the world's greatest advertising, marketing, communications and creative agencies. By b",Senior User Experience designer,0,0,0.9999632239341736,3.6776065826416016e-05,0.3,1,BERT:bert_class_weighted,Class weight
1214,emscad_08741,"Novitex Enterprise Solutions, formerly Pitney Bowes Management Services, delivers innovative document and communications",Customer Service Associate,0,0,0.9999663829803467,3.361701965332031e-05,0.3,1,BERT:bert_class_weighted,Class weight
1215,emscad_08747,"Electus believes in long-term relationships with our candidates. We provide a combination of recruiting expertise, data,",Senior Finance Leader,0,0,0.9999610185623169,3.898143768310547e-05,0.3,1,BERT:bert_class_weighted,Class weight
1216,emscad_08754,"Fast-growing business looking for part-time delivery drivers for route areas such as Fort Lauderdale, Hollywood, Aventur",Delivery Drivers Needed IMMEDIATELY - High-end Food,0,0,0.9999535083770752,4.649162292480469e-05,0.3,1,BERT:bert_class_weighted,Class weight
1217,emscad_08760,Massive Media is the social media company behind the successful digital brands #URL_18234f381f5e7b9a9ffdc727cd05c9046edf,Web Designer - Netlog,0,0,0.9999505281448364,4.947185516357422e-05,0.3,1,BERT:bert_class_weighted,Class weight
1218,emscad_08766,"Valor Services provides Workforce Solutions that meet the needs of companies across the Private Sector, with a special f",Purchasing Specialist,0,0,0.999966025352478,3.3974647521972656e-05,0.3,1,BERT:bert_class_weighted,Class weight
1219,emscad_08783,"At McLane Intel, we believe that everyone should love where they work! We understand that our ongoing success is attribu",Network Engineer,0,0,0.999950110912323,4.988908767700195e-05,0.3,1,BERT:bert_class_weighted,Class weight
1220,emscad_08786,Massive Media is the social media company behind the successful digital brands #URL_18234f381f5e7b9a9ffdc727cd05c9046edf,Business Developer - Netlog Arabic site,0,0,0.9999578595161438,4.214048385620117e-05,0.3,1,BERT:bert_class_weighted,Class weight
1221,emscad_08788,Shape the Future.,Management Associate,0,0,0.9999556541442871,4.4345855712890625e-05,0.3,1,BERT:bert_class_weighted,Class weight
1222,emscad_08802,"A lovely School set in a village location on the outskirts of Bristol are currently seeking an experienced Year 1, Key S",Qualified Year 1 Teacher,0,0,0.9999441504478455,5.5849552154541016e-05,0.3,1,BERT:bert_class_weighted,Class weight
1223,emscad_08803,"We're an emerging technology agency, and we build breakthrough products through user-centered design. We're building a t",Group Creative Director,0,0,0.9999586939811707,4.13060188293457e-05,0.3,1,BERT:bert_class_weighted,Class weight
1224,emscad_08804,The Senior Art Director is responsible for conceptual development and the execution of creative deliverables. These resp,Senior Art Director,0,0,0.9999372363090515,6.276369094848633e-05,0.3,1,BERT:bert_class_weighted,Class weight
1225,emscad_08812,Federal has been in business for over 100 years and is an original Charter Agent for Allied Van Lines . We believe our d,Van Foreman / Driver - Class A,0,0,0.9999616146087646,3.838539123535156e-05,0.3,1,BERT:bert_class_weighted,Class weight
1226,emscad_08815,LifeStreet Media is hiring Help us transform display advertising,Product Marketing Director/Sr. Director,0,0,0.9999481439590454,5.1856040954589844e-05,0.3,1,BERT:bert_class_weighted,Class weight
1227,emscad_08825,Positionly Inc. is a company that provides the highest quality SEO software for 2000+ companies worldwide. Our product o,Ruby on Rails Engineer,0,0,0.9999215602874756,7.843971252441406e-05,0.3,1,BERT:bert_class_weighted,Class weight
1228,emscad_08827,"Engagor is a venture backed startup founded in 2011, with offices in San Francisco and Belgium, Europe. Engagor is real-",Data Scientist,0,0,0.99993497133255,6.502866744995117e-05,0.3,1,BERT:bert_class_weighted,Class weight
1229,emscad_08834,"L O OP is an award winning interactive agency based in Salzburg with satellite offices in Copenhagen, Berlin, Sydney and",Dev Internship Salzburg,0,0,0.9999527931213379,4.7206878662109375e-05,0.3,1,BERT:bert_class_weighted,Class weight
1230,emscad_08838,"It's a powerful feeling, to belong. It's finishing each other's thoughts. Laughing at the same jokes. It's that moment y",Server - Gaylord Texan Resort Pool $$$,0,0,0.9999575018882751,4.2498111724853516e-05,0.3,1,BERT:bert_class_weighted,Class weight
1231,emscad_08842,JOB OVERVIEW,PUBLIC RELATIONS MANAGER,0,0,0.9934234619140625,0.0065765380859375,0.3,1,BERT:bert_class_weighted,Class weight
1232,emscad_08845,"WhatArmy is looking for a Web Designer with excellent technical skills, a keen eye for detail, and a desire to grow. You",Web Designer,0,0,0.9999533295631409,4.667043685913086e-05,0.3,1,BERT:bert_class_weighted,Class weight
1233,emscad_08846,"At Hayes-Corp, we create the fun stuff. With a focus on software development for mobile platforms, we are constantly loo","Administrative Assistant (Digital, Tech, Ops)",0,0,0.9999556541442871,4.4345855712890625e-05,0.3,1,BERT:bert_class_weighted,Class weight
1234,emscad_08854,"SpotSource Solutions LLC is a Global Human Capital Management Consulting firm headquartered in Miami, Florida. Founded i",Sales Leader - Healthcare Veterans,0,0,0.9999620914459229,3.790855407714844e-05,0.3,1,BERT:bert_class_weighted,Class weight
1235,emscad_08855,JustUnfollow powers Twitter and Instagram connections. Network better and reach the right people on these social platfor,Backend Developer,0,0,0.9999414682388306,5.8531761169433594e-05,0.3,1,BERT:bert_class_weighted,Class weight
1236,emscad_08869,"The ideal candidate will have prior manufacturing experience, preferably in the chemical industry.",Production Operator,0,0,0.9998961091041565,0.00010389089584350586,0.3,1,BERT:bert_class_weighted,Class weight
1237,emscad_08884,Established on the principles that full time education is not for everyone Spectrum Learning is made up of a team of pas,M1 Apprentice Office Administrator Under NAS 16-18 Year Olds Only,0,0,0.999966025352478,3.3974647521972656e-05,0.3,1,BERT:bert_class_weighted,Class weight
1238,emscad_08892,Axonix is a global mobile advertising technology company that's powered by a platform with a 4 year history of leading t,Gap Year Java Software Developer,0,0,0.9999412298202515,5.8770179748535156e-05,0.3,1,BERT:bert_class_weighted,Class weight
1239,emscad_08905,Mission Statement,Weekend Intake Coordinator,0,0,0.9999613165855408,3.8683414459228516e-05,0.3,1,BERT:bert_class_weighted,Class weight
1240,emscad_08908,The best word to describe PCP’s culture is PRIDE. Pride in our company. Pride in our job. And pride in our relationships,Office Manager,0,0,0.9999531507492065,4.684925079345703e-05,0.3,1,BERT:bert_class_weighted,Class weight
1241,emscad_08932,About the Company We are ticketscript - the European market leaders in digital self-ticketing. Whether it’s massive danc,Product Owner,0,0,0.9999585151672363,4.1484832763671875e-05,0.3,1,BERT:bert_class_weighted,Class weight
1242,emscad_08938,"ParishSOFT LLC (formerly Parish Systems, Inc.) was founded in 1998 by Fr. David Rosenberg, a technologist, catechist, mu",Web Developer,0,0,0.9999531507492065,4.684925079345703e-05,0.3,1,BERT:bert_class_weighted,Class weight
1243,emscad_08953,Monitors the economic aspect of the Group’s new projects,FINANCIAL BUSINESS COORDINATOR,0,0,0.9999507069587708,4.929304122924805e-05,0.3,1,BERT:bert_class_weighted,Class weight
1244,emscad_08964,"Valor Services provides Workforce Solutions that meet the needs of companies across the Private Sector, with a special f",Senior Desktop Engineer,0,0,0.9999653100967407,3.4689903259277344e-05,0.3,1,BERT:bert_class_weighted,Class weight
1245,emscad_08974,"Pricing Recruiters is the leading global resource for the procurement, vetting and placement of qualified, pricing and p",US Foods- Sr Pricing Analyst,0,0,0.999961793422699,3.820657730102539e-05,0.3,1,BERT:bert_class_weighted,Class weight
1246,emscad_08978,"HealthLink provides a computer communications system that links the information technology systems of more than 10,000 m",Technical Support Specialist,0,0,0.9999465346336365,5.346536636352539e-05,0.3,1,BERT:bert_class_weighted,Class weight
1247,emscad_08984,"Novitex Enterprise Solutions, formerly Pitney Bowes Management Services, delivers innovative document and communications",Customer Service Associate,0,0,0.9999665021896362,3.349781036376953e-05,0.3,1,BERT:bert_class_weighted,Class weight
1248,emscad_08989,"Novitex Enterprise Solutions, formerly Pitney Bowes Management Services, delivers innovative document and communications",Customer Service Associate,0,0,0.9999650716781616,3.4928321838378906e-05,0.3,1,BERT:bert_class_weighted,Class weight
1249,emscad_08999,"Lost My Name combines the power of storytelling with the possibilities of technology to make magical, personalised books",Data analyst intership (paid),0,0,0.9999608397483826,3.916025161743164e-05,0.3,1,BERT:bert_class_weighted,Class weight
1250,emscad_09001,NFP is a leader in the delivery of benefits solutions for companies of all sizes and in the delivery of life insurance a,Account Executive - NYC,0,0,0.999963104724884,3.68952751159668e-05,0.3,1,BERT:bert_class_weighted,Class weight
1251,emscad_09002,"We’re looking for outstanding engineers to join our team! If you have a passion for gameplay, physics, networking, tools",Senior Software Engineer,0,0,0.9999279975891113,7.200241088867188e-05,0.3,1,BERT:bert_class_weighted,Class weight
1252,emscad_09007,This position will be working on a new software release.,Java Developer,0,0,0.9999362230300903,6.377696990966797e-05,0.3,1,BERT:bert_class_weighted,Class weight
1253,emscad_09016,PROSULTING IS PEOPLE The ProSulting difference is easy to see. Our passion for delivering qualified pre-screened personn,Controller,0,0,0.9999632239341736,3.6776065826416016e-05,0.3,1,BERT:bert_class_weighted,Class weight
1254,emscad_09018,"Novitex Enterprise Solutions, formerly Pitney Bowes Management Services, delivers innovative document and communications",Customer Service Associate,0,0,0.9999661445617676,3.3855438232421875e-05,0.3,1,BERT:bert_class_weighted,Class weight
1255,emscad_09020,Title : Business Process Engineering,Business Process Engineering,0,0,0.9994559288024902,0.0005440711975097656,0.3,1,BERT:bert_class_weighted,Class weight
1256,emscad_09043,"QB Medical Inc. is a medical supply distributor located in Chula Vista, CA. Founded in 2005, we now services over 100 go",Sourcing Specialist,0,0,0.9999594688415527,4.0531158447265625e-05,0.3,1,BERT:bert_class_weighted,Class weight
1257,emscad_09061,We provide recruiting services for a select group of companies which do good and make money. We help place people that a,"Executive Assistant, Acumen Fund",0,0,0.9999354481697083,6.455183029174805e-05,0.3,1,BERT:bert_class_weighted,Class weight
1258,emscad_09064,"Valor Services provides Workforce Solutions that meet the needs of companies across the Private Sector, with a special f",Sales Account Manager - Oil and Gas,0,0,0.9999657273292542,3.427267074584961e-05,0.3,1,BERT:bert_class_weighted,Class weight
1259,emscad_09076,"Novitex Enterprise Solutions, formerly Pitney Bowes Management Services, delivers innovative document and communications",Customer Service Associate - On Call,0,0,0.9999650716781616,3.4928321838378906e-05,0.3,1,BERT:bert_class_weighted,Class weight
1260,emscad_09079,Lakshya Digital is one of the largest Game Development and Interactive Entertainment companies in South Asia. We work ac,Senior Project Manager,0,0,0.9999414682388306,5.8531761169433594e-05,0.3,1,BERT:bert_class_weighted,Class weight
1261,emscad_09082,Established on the principles that full time education is not for everyone Spectrum Learning is made up of a team of pas,Portsmouth Fragrance and Beauty Promotional Staff,0,0,0.999965488910675,3.451108932495117e-05,0.3,1,BERT:bert_class_weighted,Class weight
1262,emscad_09093,Why CSD?,Staff Interpreter,0,0,0.9999610185623169,3.898143768310547e-05,0.3,1,BERT:bert_class_weighted,Class weight
1263,emscad_09100,Can data be a thing of beauty? We think so.,"QA Automation Engineer (Portland, OR)",0,0,0.999958336353302,4.166364669799805e-05,0.3,1,BERT:bert_class_weighted,Class weight
1264,emscad_09106,"We design, deploy, and maintain advanced technologies that enable our customers to achieve operational excellence at sub",Security Administrator,0,0,0.9999599456787109,4.00543212890625e-05,0.3,1,BERT:bert_class_weighted,Class weight
1265,emscad_09108,"This initiative is being led by a very talented, energetic and inspirational group of young Greek leaders called “Global",Internship (Sales),0,0,0.9999594688415527,4.0531158447265625e-05,0.3,1,BERT:bert_class_weighted,Class weight
1266,emscad_09112,Climate Corporation and Aptitude Staffing Solutions have partnered up in an effort to streamline the hiring process and ,Director of Engineering | Applications,1,1,0.00048828125,0.99951171875,0.3,1,BERT:bert_class_weighted,Class weight
1267,emscad_09124,Established on the principles that full time education is not for everyone Spectrum Learning is made up of a team of pas,S20 1AH Warehouse apprenticeship available Under NAS 16-18 year olds only,0,0,0.999965488910675,3.451108932495117e-05,0.3,1,BERT:bert_class_weighted,Class weight
1268,emscad_09137,"At LendInvest fundamentally changing the way people think about their savings, investments and how you get a mortgage. W",Freelance // Content Specialist,0,0,0.9999662637710571,3.3736228942871094e-05,0.3,1,BERT:bert_class_weighted,Class weight
1269,emscad_09142,Upstream’s mission is to revolutionise the way companies market to consumers through cutting edge technology. This is an,Engagement Manager(Cameroon),0,0,0.9999640583992004,3.594160079956055e-05,0.3,1,BERT:bert_class_weighted,Class weight
1270,emscad_09145,Hellas Direct is a new insurance company founded in 2011 with the view of changing the way car insurance companies servi,Technical Product Development Manager (Web),0,0,0.9999591708183289,4.082918167114258e-05,0.3,1,BERT:bert_class_weighted,Class weight
1271,emscad_09150,Positionly sp. z o.o. is a company that provides the highest quality SEO software for 2000+ companies worldwide. Our pro,Account Executive (Spanish Speaking),0,0,0.9999465346336365,5.346536636352539e-05,0.3,1,BERT:bert_class_weighted,Class weight
1272,emscad_09151,"As augmented reality jobs go, one at Blippar is hard to beat. We are a rapidly expanding creative startup at the forefro",Agency Account Manager,0,0,0.9999622106552124,3.7789344787597656e-05,0.3,1,BERT:bert_class_weighted,Class weight
1273,emscad_09157,"Babbel enables anyone to learn languages in an easy and interactive way. The learning system offers 13 languages, from E",Personal Assistant to the CEO (m/f),0,0,0.9999573230743408,4.267692565917969e-05,0.3,1,BERT:bert_class_weighted,Class weight
1274,emscad_09161,"At MAM, we are passionate about changing the culture of the mental health industry. We seek to de-fragment care, utilize",Intake Therapist,0,0,0.9999549388885498,4.506111145019531e-05,0.3,1,BERT:bert_class_weighted,Class weight
1275,emscad_09170,Massive Media is the social media company behind the successful digital brands #URL_18234f381f5e7b9a9ffdc727cd05c9046edf,Product Manager - Netlog,0,0,0.9999456405639648,5.435943603515625e-05,0.3,1,BERT:bert_class_weighted,Class weight
1276,emscad_09171,"Neusoft America is a division of Neusoft, the largest IT Solutions & Services provider in China with a US presence that ",Android Framework Software Engineer,0,0,0.999956488609314,4.3511390686035156e-05,0.3,1,BERT:bert_class_weighted,Class weight
1277,emscad_09178,"Vend is looking for some awesome new talent to come join us. You'll be working in an awesome team doing awesome things, ",Product Marketing Manager,0,0,0.9999568462371826,4.315376281738281e-05,0.3,1,BERT:bert_class_weighted,Class weight
1278,emscad_09180,"#URL_31fdc354999cbb96507ebbe4e9c4aa7eed5edd0dd1c0816b36e0f4c681f01fac# is a marketplace for Bitcoin, everyone’s favourit",DevOps Engineer/Server specialist,0,0,0.9999462962150574,5.370378494262695e-05,0.3,1,BERT:bert_class_weighted,Class weight
1279,emscad_09204,"Levo League is a thriving community of young professionals, role models, and innovative companies taking Gen Y by storm.",Full Stack Developer,0,0,0.999958336353302,4.166364669799805e-05,0.3,1,BERT:bert_class_weighted,Class weight
1280,emscad_09207,"Novitex Enterprise Solutions, formerly Pitney Bowes Management Services, delivers innovative document and communications",Customer Service Associate,0,0,0.9999665021896362,3.349781036376953e-05,0.3,1,BERT:bert_class_weighted,Class weight
1281,emscad_09210,Do you go big or small.....? Yes!,Southern Europe Junior Management Programme Marketing,0,0,0.9999434947967529,5.650520324707031e-05,0.3,1,BERT:bert_class_weighted,Class weight
1282,emscad_09211,MaxPlayTM is a cross-platform digital publishing company focused on revolutionizing the games as a service market. You p,Technical Project Manager,0,0,0.9999184608459473,8.153915405273438e-05,0.3,1,BERT:bert_class_weighted,Class weight
1283,emscad_09213,Why CSD?,UX Designer,0,0,0.9999561905860901,4.380941390991211e-05,0.3,1,BERT:bert_class_weighted,Class weight
1284,emscad_09219,"Depop is an exciting new mobile marketplace where you can sell things by simply taking a picture, as well as follow your",VP Marketing & Growth,0,0,0.999946117401123,5.3882598876953125e-05,0.3,1,BERT:bert_class_weighted,Class weight
1285,emscad_09220,Roomcase is an entirely Greek company focused on presenting online availability of small lodgings in Greece... in real-t,Junior Web Developer,0,0,0.9999271631240845,7.283687591552734e-05,0.3,1,BERT:bert_class_weighted,Class weight
1286,emscad_09225,Playfair Capital is an early stage technology investment fund based in London.,Social Media & Community Management Rockstar Intern,0,0,0.9999518394470215,4.8160552978515625e-05,0.3,1,BERT:bert_class_weighted,Class weight
1287,emscad_09242,The mission of Learning Enterprises is to expand people’s horizons through conversation-based English language classes t,Learning Enterprises Volunteer [2015],0,0,0.999960720539093,3.927946090698242e-05,0.3,1,BERT:bert_class_weighted,Class weight
1288,emscad_09249,BCV is the premier full-service social media provider in the hospitality industry. Our social media experts have develop,Junior Copywriter,0,0,0.9999668002128601,3.319978713989258e-05,0.3,1,BERT:bert_class_weighted,Class weight
1289,emscad_09255,The only thing we love more than our data is our team.,Business Analyst,0,0,0.9999321103096008,6.788969039916992e-05,0.3,1,BERT:bert_class_weighted,Class weight
1290,emscad_09280,"Novitex Enterprise Solutions, formerly Pitney Bowes Management Services, delivers innovative document and communications",Customer Service Associate,0,0,0.9999662637710571,3.3736228942871094e-05,0.3,1,BERT:bert_class_weighted,Class weight
1291,emscad_09290,"Babbel enables anyone to learn languages in an easy and interactive way. The learning system offers 13 languages, from E",Graphic Designer,0,0,0.9999518394470215,4.8160552978515625e-05,0.3,1,BERT:bert_class_weighted,Class weight
1292,emscad_09291,Koemei is changing the world of learning for enterprises and education institutions with a game changing way to use vide,"Director eLearning, Enterprise",0,0,0.9999516606330872,4.83393669128418e-05,0.3,1,BERT:bert_class_weighted,Class weight
1293,emscad_09293,"Founded in 1974 in Canada, and in 1985 in the U.S. as a specialty engineering and contracting company, Landmark works th",Systems Administrator,0,0,0.9999576807022095,4.2319297790527344e-05,0.3,1,BERT:bert_class_weighted,Class weight
1294,emscad_09300,"We design, make and sell furniture, with a simple mission of getting beautifully crafted furniture from the workshop flo",Interior Stylist/ Producer,0,0,0.999961793422699,3.820657730102539e-05,0.3,1,BERT:bert_class_weighted,Class weight
1295,emscad_09307,"With offices across UK, mainland Europe, Australia, New Zealand, and the United States, Squiz helps clients across the g",Head of Client Services (Group Account Director),0,0,0.9999648928642273,3.510713577270508e-05,0.3,1,BERT:bert_class_weighted,Class weight
1296,emscad_09309,Established on the principles that full time education is not for everyone Spectrum Learning is made up of a team of pas,Oxford Customer Service Apprenticeship Under NAS 16-18 Year Olds Only,0,0,0.9999647736549377,3.522634506225586e-05,0.3,1,BERT:bert_class_weighted,Class weight
1297,emscad_09312,"Located in the heart of downtown Kansas City, we’re redefining the future of fan engagement and innovative business solu",Engineering Lead,0,0,0.9999604225158691,3.9577484130859375e-05,0.3,1,BERT:bert_class_weighted,Class weight
1298,emscad_09322,"AVEX Funding is a mortgage bank and direct lender based in Silicon Valley, California with three generations of experien",Senior Loan Originator,0,0,0.9999610185623169,3.898143768310547e-05,0.3,1,BERT:bert_class_weighted,Class weight
1299,emscad_09332,"Ryanair is Europe’s favourite low fares airline, operating more than 1,600 daily flights (over 500,000 per year) from 69",Ancillary Revenue Executive,0,0,0.9999485611915588,5.143880844116211e-05,0.3,1,BERT:bert_class_weighted,Class weight
1300,emscad_09336,We are a family run business that has been in operation for nearly 40 years. We value long term relationships and want t,Internet Coordinator,0,0,0.999956488609314,4.3511390686035156e-05,0.3,1,BERT:bert_class_weighted,Class weight
1301,emscad_09349,Established on the principles that full time education is not for everyone Spectrum Learning is made up of a team of pas,HP3 4QR Customer Service Apprenticeship government funding for 16-18 year olds only,0,0,0.9999648928642273,3.510713577270508e-05,0.3,1,BERT:bert_class_weighted,Class weight
1302,emscad_09354,TESM comprises a team of Service Management and Automation practitioners with extensive industry experience working in l,Associate support developer - ServiceNow,0,0,0.9999647736549377,3.522634506225586e-05,0.3,1,BERT:bert_class_weighted,Class weight
1303,emscad_09359,Leapfrog Services provides managed IT services for businesses and nonprofits worldwide. Founded in 1998 with the philoso,Desktop Technician (Imaging),0,0,0.9999616146087646,3.838539123535156e-05,0.3,1,BERT:bert_class_weighted,Class weight
1304,emscad_09391,"Babbel enables anyone to learn languages in an easy and interactive way. The learning system offers 13 languages, from E",Freelance Editors (m/f) for Russian Courses for German Speakers,0,0,0.9999554753303528,4.45246696472168e-05,0.3,1,BERT:bert_class_weighted,Class weight
1305,emscad_09397,Meet our team on the About page,Software Engineer,0,0,0.9999396204948425,6.03795051574707e-05,0.3,1,BERT:bert_class_weighted,Class weight
1306,emscad_09411,"ClarusApex is an international recruiting company with representations in the Netherlands, Austria, Ukraine, Cyprus and ",Pharmacist frome Europe ($2200),0,0,0.9999561905860901,4.380941390991211e-05,0.3,1,BERT:bert_class_weighted,Class weight
1307,emscad_09419,"Novitex Enterprise Solutions, formerly Pitney Bowes Management Services, delivers innovative document and communications",Customer Service Associate,0,0,0.9999661445617676,3.3855438232421875e-05,0.3,1,BERT:bert_class_weighted,Class weight
1308,emscad_09436,"Novitex Enterprise Solutions, formerly Pitney Bowes Management Services, delivers innovative document and communications",Customer Service Associate,0,0,0.9999666810035706,3.331899642944336e-05,0.3,1,BERT:bert_class_weighted,Class weight
1309,emscad_09446,"Social Care Alba is the highest graded Care at Home Company in the country. We hold awards in Investors in People, Healt",Care Assistant (Personal Assistant),0,0,0.999963641166687,3.635883331298828e-05,0.3,1,BERT:bert_class_weighted,Class weight
1310,emscad_09453,"Novitex Enterprise Solutions, formerly Pitney Bowes Management Services, delivers innovative document and communications",Customer Service Associate,0,0,0.9999668002128601,3.319978713989258e-05,0.3,1,BERT:bert_class_weighted,Class weight
1311,emscad_09462,grandPad is the safest and simplest tablet computer that effortlessly connects seniors to those they love,Android Mobile Software Engineer,0,0,0.999934732913971,6.526708602905273e-05,0.3,1,BERT:bert_class_weighted,Class weight
1312,emscad_09468,The Beans Group is a media company that exists to empower young people to thrive. We have been on an exponential growth ,Front End Developer,0,0,0.9999619126319885,3.808736801147461e-05,0.3,1,BERT:bert_class_weighted,Class weight
1313,emscad_09474,Adthena is the UK’s leading competitive intelligence service for Google search advertisers. Adthena is loved by major br,Junior/Graduate Software Engineers,0,0,0.9999619126319885,3.808736801147461e-05,0.3,1,BERT:bert_class_weighted,Class weight
1314,emscad_09478,"Boxbee is the Storage Valet Service. We are a startup and also a real, revenue generating business. We help people manag",VP of Engineering,0,0,0.9999592900276184,4.07099723815918e-05,0.3,1,BERT:bert_class_weighted,Class weight
1315,emscad_09480,"ABC Supply Co., Inc. is the nation’s largest wholesale distributor of roofing and one of the largest distributors of sid",Outside Sales Professional-St. Paul,0,0,0.9999588131904602,4.118680953979492e-05,0.3,1,BERT:bert_class_weighted,Class weight
1316,emscad_09510,WHO WE ARE? MILLER & ASSOCIATES IS AN ENTERPRISE SOFTWARE SOLUTIONS COMPANY.,Advanced Analytics Architect,0,0,0.9999467134475708,5.328655242919922e-05,0.3,1,BERT:bert_class_weighted,Class weight
1317,emscad_09513,At Evergive our mission is to make a positive social impact while simultaneously addressing the needs of a multi-billion,iOS Engineer,0,0,0.9999479651451111,5.2034854888916016e-05,0.3,1,BERT:bert_class_weighted,Class weight
1318,emscad_09522,"Bandsintown is a digital media company powered by music. With over 14 million registered concert-goers, a global audienc",Data Engineer,0,0,0.9999277591705322,7.224082946777344e-05,0.3,1,BERT:bert_class_weighted,Class weight
1319,emscad_09528,Our History,Inside Sales Representative (Phoenix),0,0,0.999960720539093,3.927946090698242e-05,0.3,1,BERT:bert_class_weighted,Class weight
1320,emscad_09534,"Crossroads Treatment Centers is a nationally-accredited, medication-assisted, out-patient program that delivers fast, ef",Substance Abuse Counselor (Greensboro Center),0,0,0.9999656081199646,3.439188003540039e-05,0.3,1,BERT:bert_class_weighted,Class weight
1321,emscad_09545,"Dering Hall, #URL_5f3201a601e42a814d6d0724e0b94a4cf371abcd4b89ec239e909fe96a4b8521#, is to the online marketplace that f",Associate Manager of Community,0,0,0.9999613165855408,3.8683414459228516e-05,0.3,1,BERT:bert_class_weighted,Class weight
1322,emscad_09549,"Neusoft America is a division of Neusoft, the largest IT Solutions & Services provider in China with a US presence that ",Multimedia Software Test Engineer,0,0,0.9999629259109497,3.707408905029297e-05,0.3,1,BERT:bert_class_weighted,Class weight
1323,emscad_09550,"Riskalyze is revolutionizing the way people invest, by aligning the world’s investments with investor risk tolerance. Na",Outbound Team (Sales Development),0,0,0.9999581575393677,4.184246063232422e-05,0.3,1,BERT:bert_class_weighted,Class weight
1324,emscad_09598,NOW: Pensions is a UK based multi-employer trust serving thousands of employers and hundreds of thousands of employees f,6 x Pension Transition Relationship Advisor (6 months fixed term),0,0,0.9999628067016602,3.719329833984375e-05,0.3,1,BERT:bert_class_weighted,Class weight
1325,emscad_09611,The successful candidate will be responsible for managing a small portfolio of paid search marketing campaigns. These ma,Search Account Manager,0,0,0.9999203085899353,7.969141006469727e-05,0.3,1,BERT:bert_class_weighted,Class weight
1326,emscad_09614,"Novitex Enterprise Solutions, formerly Pitney Bowes Management Services, delivers innovative document and communications",Customer Service Associate,0,0,0.9999665021896362,3.349781036376953e-05,0.3,1,BERT:bert_class_weighted,Class weight
1327,emscad_09617,We are looking for a Senior Engineer to help us transition software from an internal ETL tool into SSIS. The candidate w,Software Engineer - SSIS/SQL/ETL,0,0,0.9999305009841919,6.949901580810547e-05,0.3,1,BERT:bert_class_weighted,Class weight
1328,emscad_09618,"WDM Group is an innovative, forward thinking digital company aimed at bringing business executives up-to-date with the l","Editor, Digital Business Publication & Website",0,0,0.9999599456787109,4.00543212890625e-05,0.3,1,BERT:bert_class_weighted,Class weight
1329,emscad_09640,We provide recruiting services for a select group of companies which do good and make money. We help place people that a,"Account Executive, Conscious Box",0,0,0.9999611973762512,3.88026237487793e-05,0.3,1,BERT:bert_class_weighted,Class weight
1330,emscad_09659,We’re always looking for highly motivated “founder-types” to join us as we grow. Here’s what you need to know.,Controller,0,0,0.9999434947967529,5.650520324707031e-05,0.3,1,BERT:bert_class_weighted,Class weight
1331,emscad_09682,NOW: Pensions is a UK based multi-employer trust serving thousands of employers and hundreds of thousands of employees f,Operations Manager,0,0,0.9999640583992004,3.594160079956055e-05,0.3,1,BERT:bert_class_weighted,Class weight
1332,emscad_09711,What are you going to do?,.NET Developer,0,0,0.9999288320541382,7.11679458618164e-05,0.3,1,BERT:bert_class_weighted,Class weight
1333,emscad_09712,"Babbel enables anyone to learn languages in an easy and interactive way. The learning system offers 13 languages, from E",Backend Engineer (Payment),0,0,0.9999561905860901,4.380941390991211e-05,0.3,1,BERT:bert_class_weighted,Class weight
1334,emscad_09760,"The RealReal is changing the way people buy and sell luxury items. The leader in luxury resale, the company is a full se",Senior iOS Mobile Engineer,0,0,0.9999576807022095,4.2319297790527344e-05,0.3,1,BERT:bert_class_weighted,Class weight
1335,emscad_09779,Our mission is to bring the world's best-loved local restaurants into everyone's home or office - fast.,Account Manager,0,0,0.9999588131904602,4.118680953979492e-05,0.3,1,BERT:bert_class_weighted,Class weight
1336,emscad_09789,"GPL Technologies is a solutions provider focused on the design, implementation, and support of high-performance informat",Account Manager - Los Angeles,0,0,0.9999566674232483,4.3332576751708984e-05,0.3,1,BERT:bert_class_weighted,Class weight
1337,emscad_09797,We are a PR and social media agency that goes ALL IN to create campaigns people can't stop talking about for major consu,Operations Manager,0,0,0.9999428391456604,5.716085433959961e-05,0.3,1,BERT:bert_class_weighted,Class weight
1338,emscad_09808,NOW: Pensions is a UK based multi-employer trust serving thousands of employers and hundreds of thousands of employees f,Legal Counsel,0,0,0.9999634027481079,3.6597251892089844e-05,0.3,1,BERT:bert_class_weighted,Class weight
1339,emscad_09814,We take the hassle out of finding and booking a cleaner. We are currently in the UK but we have big plans and we want an,Customer Service Associate,0,0,0.9999538660049438,4.6133995056152344e-05,0.3,1,BERT:bert_class_weighted,Class weight
1340,emscad_09821,"Newmedica is a dynamic, innovative UK healthcare company that works in partnership with the NHS to deliver specialist cl",Clinic Administrator (An initial 3 months FTC),0,0,0.9999646544456482,3.534555435180664e-05,0.3,1,BERT:bert_class_weighted,Class weight
1341,emscad_09836,VisaHQ hires a diverse and internationally minded staff of professional and reliable employees who are dedicated to brea,Outside Sales Executive,0,0,0.9999605417251587,3.9458274841308594e-05,0.3,1,BERT:bert_class_weighted,Class weight
1342,emscad_09840,Job brief,iOS Developer,0,0,0.9999339580535889,6.604194641113281e-05,0.3,1,BERT:bert_class_weighted,Class weight
1343,emscad_09843,#URL_ddb080358fa5eecf5a67c649cfb4ffc343c484389f1bbaf2a1cb071e3f2b6e7e# and Aptitude Staffing Solutions have partnered up,"Client Services Manager NY, NY 1",1,1,0.00048828125,0.99951171875,0.3,1,BERT:bert_class_weighted,Class weight
1344,emscad_09848,#URL_ddb080358fa5eecf5a67c649cfb4ffc343c484389f1bbaf2a1cb071e3f2b6e7e# and Aptitude Staffing Solutions have partnered up,Software Engineer | Forecasting & Optimization,1,1,0.00048828125,0.99951171875,0.3,1,BERT:bert_class_weighted,Class weight
1345,emscad_09855,"Valor Services provides Workforce Solutions that meet the needs of companies across the Private Sector, with a special f",Sr. Reservoir Engineer,0,0,0.9999644756317139,3.552436828613281e-05,0.3,1,BERT:bert_class_weighted,Class weight
1346,emscad_09862,"Places Senior Technology and Data professionals nationwide with a focus on Software Engineering, Big Data, Analytics, Bu",Vice President - Customer Experience (provides relocation assistance),0,0,0.999961793422699,3.820657730102539e-05,0.3,1,BERT:bert_class_weighted,Class weight
1347,emscad_09877,MediaMonks is the biggest creative digital production company on the planet . We specialize in working for and with adve,INTERNSHIP: BUSINESS & PRODUCER,0,0,0.999963641166687,3.635883331298828e-05,0.3,1,BERT:bert_class_weighted,Class weight
1348,emscad_09878,We take the hassle out of finding and booking a cleaner. We are currently in the UK but we have big plans and we want an,Customer Service Associate,0,0,0.9999538660049438,4.6133995056152344e-05,0.3,1,BERT:bert_class_weighted,Class weight
1349,emscad_09881,Shirley Parsons LLC is a specialist recruitment consultancy working within the Environmental and Health & Safety markets,EHS Compliance Manager,0,0,0.9999628067016602,3.719329833984375e-05,0.3,1,BERT:bert_class_weighted,Class weight
1350,emscad_09882,Outstanding Member Service Starts With Outstanding People,Branch Associate,0,0,0.9999585151672363,4.1484832763671875e-05,0.3,1,BERT:bert_class_weighted,Class weight
1351,emscad_09884,"ABC Supply Co., Inc. is the nation’s largest wholesale distributor of roofing and one of the largest distributors of sid",Branch Manager In Training - South Central,0,0,0.9999619126319885,3.808736801147461e-05,0.3,1,BERT:bert_class_weighted,Class weight
1352,emscad_09896,"Tidewater Finance Co. was established in 1992 for the initial purpose of purchasing, and servicing retail installment co",Internal Marketing Representative,0,0,0.9999545812606812,4.5418739318847656e-05,0.3,1,BERT:bert_class_weighted,Class weight
1353,emscad_09924,About the Company We are ticketscript - the European market leaders in digital self-ticketing. Whether it’s massive danc,Business Intelligence Analyst,0,0,0.9999619126319885,3.808736801147461e-05,0.3,1,BERT:bert_class_weighted,Class weight
1354,emscad_09925,"Vend is looking for some awesome new talent to come join us. You'll be working in an awesome team doing awesome things, ",Systems Engineer,0,0,0.9999514818191528,4.851818084716797e-05,0.3,1,BERT:bert_class_weighted,Class weight
1355,emscad_09944,"Welcome to interface rehab interface rehab provides comprehensive rehabilitation (Physical, Occupational & Speech Therap",Director Of Rehab,0,0,0.9999602437019348,3.975629806518555e-05,0.3,1,BERT:bert_class_weighted,Class weight
1356,emscad_09954,MediaMonks is the biggest creative digital production company on the planet . We specialize in working for and with adve,Front-End Developer,0,0,0.9999629259109497,3.707408905029297e-05,0.3,1,BERT:bert_class_weighted,Class weight
1357,emscad_09971,47Billion is a Product engineering and Experience design company that delivers state-of-the-art solutions. We provide en,Visual UI Designer,0,0,0.9999419450759888,5.805492401123047e-05,0.3,1,BERT:bert_class_weighted,Class weight
1358,emscad_09977,Motwin Platform is the leading device-oriented data orchestration layer enabling mission-critical developers to quickly ,Technical Project Manager,0,0,0.9999540448188782,4.595518112182617e-05,0.3,1,BERT:bert_class_weighted,Class weight
1359,emscad_09988,United Cerebral Palsy of Oregon & SW Washington (UCP) supports adults with all kinds of developmental disabilities (not ,Employment Specialist,0,0,0.9999589920043945,4.100799560546875e-05,0.3,1,BERT:bert_class_weighted,Class weight
1360,emscad_09993,"For over 20 years NAC Marketing Company, LLC d/b/a New Vitality has helped people be healthy and live better by marketin",Inbound Sales Representatives,0,0,0.9999638199806213,3.618001937866211e-05,0.3,1,BERT:bert_class_weighted,Class weight
1361,emscad_10006,"Argenta Field Solutions values the client, creates income streams for them through our sales mechanism and focuses on qu",Sales Rep for DirecTV - Management Training,0,0,0.9999516606330872,4.83393669128418e-05,0.3,1,BERT:bert_class_weighted,Class weight
1362,emscad_10008,MediaMonks is the biggest creative digital production company on the planet . We specialize in working for and with adve,Front-End Developer,0,0,0.9999629259109497,3.707408905029297e-05,0.3,1,BERT:bert_class_weighted,Class weight
1363,emscad_10009,"Argenta Field Solutions values the client, creates income streams for them through our sales mechanism and focuses on qu",Sales Rep for DirecTV - Management Training,0,0,0.9999536871910095,4.6312808990478516e-05,0.3,1,BERT:bert_class_weighted,Class weight
1364,emscad_10011,MRSI is a nonprofit organization established in 1977 by a group of parents and professionals as a local alternative to t,DSP-Adult Day Services- Part-time,0,0,0.9999599456787109,4.00543212890625e-05,0.3,1,BERT:bert_class_weighted,Class weight
1365,emscad_10015,Our History,Driver - Light Duty (Kent),0,0,0.9999610185623169,3.898143768310547e-05,0.3,1,BERT:bert_class_weighted,Class weight
1366,emscad_10032,"Infolob Solutions is a leader in Managed IT services, Enterprise Application Software, IT staffing and Consulting and Ap",Sr. Security Test Analyst,0,0,0.9999589920043945,4.100799560546875e-05,0.3,1,BERT:bert_class_weighted,Class weight
1367,emscad_10033,We’re always looking for highly motivated “founder-types” to join us as we grow. Here’s what you need to know.,Ruby Engineer,0,0,0.9999414682388306,5.8531761169433594e-05,0.3,1,BERT:bert_class_weighted,Class weight
1368,emscad_10035,Outstanding Member Service Starts With Outstanding People,Home Equity Underwriter,0,0,0.9999629259109497,3.707408905029297e-05,0.3,1,BERT:bert_class_weighted,Class weight
1369,emscad_10039,"Justipher Inc. is a company with two franchise concepts, FASTSIGNS® Oakland and Plato's Closet® Pleasanton (independentl",Pre-press Graphic Designer,0,0,0.9999560117721558,4.398822784423828e-05,0.3,1,BERT:bert_class_weighted,Class weight
1370,emscad_10052,"Infolob Solutions is a leader in Managed IT services, Enterprise Application Software, IT staffing and Consulting and Ap",Need 2 Oracle Apps DBA with Goldengate,0,0,0.9999524354934692,4.756450653076172e-05,0.3,1,BERT:bert_class_weighted,Class weight
1371,emscad_10058,MediaMonks is the biggest creative digital production company on the planet . We specialize in working for and with adve,Hosting Engineer,0,0,0.9999644756317139,3.552436828613281e-05,0.3,1,BERT:bert_class_weighted,Class weight
1372,emscad_10066,Our History,Driver - Light Duty (Santa Fe Springs),0,0,0.9999629259109497,3.707408905029297e-05,0.3,1,BERT:bert_class_weighted,Class weight
1373,emscad_10083,All American classics is a leading fundraising as a service (FaaS) company that helps nonprofit leaders raise money thro,Demand Generation Specialist,0,0,0.9999643564224243,3.5643577575683594e-05,0.3,1,BERT:bert_class_weighted,Class weight
1374,emscad_10086,"PINT is a leader in the web industry with 20 years of web design, software development and consulting experience. PINT's",Web | Software Account Executive,0,0,0.9999599456787109,4.00543212890625e-05,0.3,1,BERT:bert_class_weighted,Class weight
1375,emscad_10089,"Novitex Enterprise Solutions, formerly Pitney Bowes Management Services, delivers innovative document and communications",Service Delivery Manager 1,0,0,0.9999670386314392,3.2961368560791016e-05,0.3,1,BERT:bert_class_weighted,Class weight
1376,emscad_10092,MISSION:,PASSIONATE EXPERIENCED PCP's NEEDED TODAY! WE PAY MORE FOR THE VERY BEST IN THE INDUSTRY!,0,0,0.9999661445617676,3.3855438232421875e-05,0.3,1,BERT:bert_class_weighted,Class weight
1377,emscad_10093,Elite Environmental Group LLC. Provides staffing services and temporary employment opportunities for a wide range of cli,Asbestos Foreman,0,0,0.9999497532844543,5.02467155456543e-05,0.3,1,BERT:bert_class_weighted,Class weight
1378,emscad_10115,"Novitex Enterprise Solutions, formerly Pitney Bowes Management Services, delivers innovative document and communications",Customer Service Associate,0,0,0.9999665021896362,3.349781036376953e-05,0.3,1,BERT:bert_class_weighted,Class weight
1379,emscad_10118,hello world,Senior Developer for Hotel Cloud Software,0,0,0.9999613165855408,3.8683414459228516e-05,0.3,1,BERT:bert_class_weighted,Class weight
1380,emscad_10127,"We're an emerging technology agency, and we build breakthrough products through user-centered design. We're building a t",Senior Iteration Manager,0,0,0.9999619126319885,3.808736801147461e-05,0.3,1,BERT:bert_class_weighted,Class weight
1381,emscad_10132,"Christopherson Business Travel is the independently owned leader in intelligent business travel management, online trave",Group Assistant,0,0,0.9999632239341736,3.6776065826416016e-05,0.3,1,BERT:bert_class_weighted,Class weight
1382,emscad_10138,The job profile would include the following responsibilities:,Information Security Trainer,0,0,0.9999545812606812,4.5418739318847656e-05,0.3,1,BERT:bert_class_weighted,Class weight
1383,emscad_10148,"Novitex Enterprise Solutions, formerly Pitney Bowes Management Services, delivers innovative document and communications",Customer Service Associate,0,0,0.9999666810035706,3.331899642944336e-05,0.3,1,BERT:bert_class_weighted,Class weight
1384,emscad_10161,"Novitex Enterprise Solutions, formerly Pitney Bowes Management Services, delivers innovative document and communications",Customer Service Associate- Part Time,0,0,0.9999650716781616,3.4928321838378906e-05,0.3,1,BERT:bert_class_weighted,Class weight
1385,emscad_10204,Vayu builds affordable unmanned aerial vehicles (UAVs) for healthcare supply chain management and post-disaster aid deli,Marketing Intern,0,0,0.9999638199806213,3.618001937866211e-05,0.3,1,BERT:bert_class_weighted,Class weight
1386,emscad_10207,We’re always looking for highly motivated “founder-types” to join us as we grow. Here’s what you need to know.,Front End Developer,0,0,0.9999469518661499,5.3048133850097656e-05,0.3,1,BERT:bert_class_weighted,Class weight
1387,emscad_10211,"Based in Hoxton, London, Forward Partners are a “startup catalyst”, combining investment with practical hands-on experti",Investment Associate,0,0,0.9999644756317139,3.552436828613281e-05,0.3,1,BERT:bert_class_weighted,Class weight
1388,emscad_10223,X-Team is a global network of the world's most trusted developers. We believe in building a future where every extraordi,Drupal developer for The Oscars,0,0,0.9998989105224609,0.0001010894775390625,0.3,1,BERT:bert_class_weighted,Class weight
1389,emscad_10225,"Novitex Enterprise Solutions, formerly Pitney Bowes Management Services, delivers innovative document and communications",Customer Service Associate,0,0,0.9999669194221497,3.30805778503418e-05,0.3,1,BERT:bert_class_weighted,Class weight
1390,emscad_10226,We Provide Full Time Permanent Positions for many medium to large US companies. We are interested in finding/recruiting ,Electrical Maintenance Technician,0,0,0.9999605417251587,3.9458274841308594e-05,0.3,1,BERT:bert_class_weighted,Class weight
1391,emscad_10229,"Novitex Enterprise Solutions, formerly Pitney Bowes Management Services, delivers innovative document and communications",Customer Service Associate - On Call,0,0,0.9999651908874512,3.4809112548828125e-05,0.3,1,BERT:bert_class_weighted,Class weight
1392,emscad_10233,Take Out Brands is a food franchise business with a #URL_4524df5c91ce800c4ba16ef1406d622db7d51d37105a7fcee27521e61854615,Part-time In-Store Assistants (Papa John's Pizza),0,0,0.9999597668647766,4.023313522338867e-05,0.3,1,BERT:bert_class_weighted,Class weight
1393,emscad_10242,"Novitex Enterprise Solutions, formerly Pitney Bowes Management Services, delivers innovative document and communications",Quality Control Inspector,0,0,0.9999672770500183,3.272294998168945e-05,0.3,1,BERT:bert_class_weighted,Class weight
1394,emscad_10246,"Novitex Enterprise Solutions, formerly Pitney Bowes Management Services, delivers innovative document and communications",Records Service Associate,0,0,0.9999658465385437,3.415346145629883e-05,0.3,1,BERT:bert_class_weighted,Class weight
1395,emscad_10254,"Novitex Enterprise Solutions, formerly Pitney Bowes Management Services, delivers innovative document and communications",Director of Compensation and Benefits,0,0,0.9999650716781616,3.4928321838378906e-05,0.3,1,BERT:bert_class_weighted,Class weight
1396,emscad_10258,"As a Database Analyst you’ll leverage our customer and prospect databases to drive revenue, gain new customers, and disc",Database Analyst,0,0,0.9999554753303528,4.45246696472168e-05,0.3,1,BERT:bert_class_weighted,Class weight
1397,emscad_10259,"Novitex Enterprise Solutions, formerly Pitney Bowes Management Services, delivers innovative document and communications",Customer Service Associate - Part Time,0,0,0.9999656081199646,3.439188003540039e-05,0.3,1,BERT:bert_class_weighted,Class weight
1398,emscad_10261,"Novitex Enterprise Solutions, formerly Pitney Bowes Management Services, delivers innovative document and communications",Reprographics/Mailroom Team Lead,0,0,0.9999668002128601,3.319978713989258e-05,0.3,1,BERT:bert_class_weighted,Class weight
1399,emscad_10282,Tutor Doctor Carrollton consists of passionate tutors that would like to make a difference in children's education. We m,English Tutor,0,0,0.9999585151672363,4.1484832763671875e-05,0.3,1,BERT:bert_class_weighted,Class weight
1400,emscad_10284,Parrot Analytics is a technology company that is working with TV content sellers and buyers to help them make more data-,UX/UI Designer,0,0,0.999929666519165,7.033348083496094e-05,0.3,1,BERT:bert_class_weighted,Class weight
1401,emscad_10285,"Crossroads Treatment Centers is a nationally-accredited, medication-assisted, out-patient program that delivers fast, ef",Substance Abuse Counselor (Greensboro Center),0,0,0.9999656081199646,3.439188003540039e-05,0.3,1,BERT:bert_class_weighted,Class weight
1402,emscad_10298,AdExtent is proud to provide cutting edge ReTargeting solution to advertisers and agencies. Our team is a made up of a g,Technical Account Manager,0,0,0.9999586939811707,4.13060188293457e-05,0.3,1,BERT:bert_class_weighted,Class weight
1403,emscad_10301,Avocarrot is a native mobile ad network with offices in Silicon Valley and Athens. We are building the next generation o,Full Stack Software Engineer,0,0,0.9999396204948425,6.03795051574707e-05,0.3,1,BERT:bert_class_weighted,Class weight
1404,emscad_10303,Smart Search delivers executive search solutions tailored for global organizations committed to the Greater Thailand mar,Template (DO NOT DELETE),0,0,0.9999619126319885,3.808736801147461e-05,0.3,1,BERT:bert_class_weighted,Class weight
1405,emscad_10309,"Novitex Enterprise Solutions, formerly Pitney Bowes Management Services, delivers innovative document and communications",Customer Service Associate,0,0,0.999966025352478,3.3974647521972656e-05,0.3,1,BERT:bert_class_weighted,Class weight
1406,emscad_10310,"Novitex Enterprise Solutions, formerly Pitney Bowes Management Services, delivers innovative document and communications",Customer Service Associate,0,0,0.9999669194221497,3.30805778503418e-05,0.3,1,BERT:bert_class_weighted,Class weight
1407,emscad_10314,"Novitex Enterprise Solutions, formerly Pitney Bowes Management Services, delivers innovative document and communications",Customer Service Associate,0,0,0.999966025352478,3.3974647521972656e-05,0.3,1,BERT:bert_class_weighted,Class weight
1408,emscad_10330,"Novitex Enterprise Solutions, formerly Pitney Bowes Management Services, delivers innovative document and communications",Customer Service Associate,0,0,0.9999656081199646,3.439188003540039e-05,0.3,1,BERT:bert_class_weighted,Class weight
1409,emscad_10346,"Novitex Enterprise Solutions, formerly Pitney Bowes Management Services, delivers innovative document and communications",Customer Service Associate,0,0,0.9999663829803467,3.361701965332031e-05,0.3,1,BERT:bert_class_weighted,Class weight
1410,emscad_10348,"Founded in 2010 by a team from Google’s London and New York offices, Qubit work with some of the biggest names in Online",Product Marketing Manager,0,0,0.9999635219573975,3.647804260253906e-05,0.3,1,BERT:bert_class_weighted,Class weight
1411,emscad_10350,"Founded by serial entrepreneur Clive Jackson and launched in 2011, Victor is one of the world’s most trusted names in pr",Business Analyst (Permanent-Manager level),0,0,0.999966025352478,3.3974647521972656e-05,0.3,1,BERT:bert_class_weighted,Class weight
1412,emscad_10357,"Novitex Enterprise Solutions, formerly Pitney Bowes Management Services, delivers innovative document and communications",Customer Service Associate,0,0,0.9999666810035706,3.331899642944336e-05,0.3,1,BERT:bert_class_weighted,Class weight
1413,emscad_10359,"Novitex Enterprise Solutions, formerly Pitney Bowes Management Services, delivers innovative document and communications",Records Clerk,0,0,0.9999653100967407,3.4689903259277344e-05,0.3,1,BERT:bert_class_weighted,Class weight
1414,emscad_10361,"Novitex Enterprise Solutions, formerly Pitney Bowes Management Services, delivers innovative document and communications",Customer Service Associate,0,0,0.9999662637710571,3.3736228942871094e-05,0.3,1,BERT:bert_class_weighted,Class weight
1415,emscad_10376,InVision is a venture-backed startup working to create the world's best design communication and collaboration platform.,Customer Advocate - US (remote/telecommute),0,0,0.9999518394470215,4.8160552978515625e-05,0.3,1,BERT:bert_class_weighted,Class weight
1416,emscad_10400,"Built from the ground up to help customers improve clinical, financial and human outcomes, Wellcentive’s population heal",Regional Sales Director - West Region,0,0,0.9999575018882751,4.2498111724853516e-05,0.3,1,BERT:bert_class_weighted,Class weight
1417,emscad_10405,"Vend is looking for some awesome new talent to come join us. You'll be working in an awesome team doing awesome things, ",Director of Sales - EMEA - m/f,0,0,0.9999581575393677,4.184246063232422e-05,0.3,1,BERT:bert_class_weighted,Class weight
1418,emscad_10415,Work with Team Ookla,Product Master,0,0,0.9999581575393677,4.184246063232422e-05,0.3,1,BERT:bert_class_weighted,Class weight
1419,emscad_10418,United Cerebral Palsy of Oregon & SW Washington (UCP) supports adults with all kinds of developmental disabilities (not ,Assistant Team Leader (Developmental Disabilities),0,0,0.9999604225158691,3.9577484130859375e-05,0.3,1,BERT:bert_class_weighted,Class weight
1420,emscad_10448,Avocarrot is a native mobile ad network with offices in Silicon Valley and Athens. We are building the next generation o,Growth Marketing Expert,0,0,0.9999531507492065,4.684925079345703e-05,0.3,1,BERT:bert_class_weighted,Class weight
1421,emscad_10465,"Wiredrive is a fast growing, privately-owned SaaS company with headquarters in Marina del Rey and offices in New York Ci",Sr Software Engineer (Python/Django),0,0,0.9999538660049438,4.6133995056152344e-05,0.3,1,BERT:bert_class_weighted,Class weight
1422,emscad_10469,We Provide Full Time Permanent Positions for many medium to large US companies. We are interested in finding/recruiting ,Production Supervisor - Production Supervisory Exp - IL,0,0,0.9999616146087646,3.838539123535156e-05,0.3,1,BERT:bert_class_weighted,Class weight
1423,emscad_10470,Kettle is an independent digital agency based in New York City and the Bay Area. We’re committed to making digital do mo,Art Director (SF),0,0,0.999950110912323,4.988908767700195e-05,0.3,1,BERT:bert_class_weighted,Class weight
1424,emscad_10472,Use your OD experience to design and deliver high-impact organisational culture change,OD Consultant,0,0,0.9999629259109497,3.707408905029297e-05,0.3,1,BERT:bert_class_weighted,Class weight
1425,emscad_10473,BADR is an established company that is striding in to the world of big-data with formal expertise and the right technolo,Junior Data Engineer,0,0,0.999956488609314,4.3511390686035156e-05,0.3,1,BERT:bert_class_weighted,Class weight
1426,emscad_10479,"Shyp is the easiest way to send anything, anywhere.",Part Time Delivery Driver - NYC,0,0,0.999966025352478,3.3974647521972656e-05,0.3,1,BERT:bert_class_weighted,Class weight
1427,emscad_10480,Outstanding Member Service Starts With Outstanding People,Branch Associate,0,0,0.9999554753303528,4.45246696472168e-05,0.3,1,BERT:bert_class_weighted,Class weight
1428,emscad_10482,We’re always looking for highly motivated “founder-types” to join us as we grow. Here’s what you need to know.,Marketing Associate,0,0,0.9999426007270813,5.739927291870117e-05,0.3,1,BERT:bert_class_weighted,Class weight
1429,emscad_10485,ConsumerTrack is a technology-centric internet marketing company built on a culture of excellence. We are the preferred ,Lead QA Engineer,0,0,0.9999489784240723,5.1021575927734375e-05,0.3,1,BERT:bert_class_weighted,Class weight
1430,emscad_10493,"Founded in 1974 in Canada, and in 1985 in the U.S. as a specialty engineering and contracting company, Landmark works th",Accounts Payable Associate,0,0,0.9999093413352966,9.065866470336914e-05,0.3,1,BERT:bert_class_weighted,Class weight
1431,emscad_10497,"R.H. ÁGIL es una empresa dedicada a ofrecer servicios de Recursos Humanos, especializada en las áreas de Asesoría, Admin",Ejecutivos de Ventas (vendedor de calle),0,0,0.9998980760574341,0.00010192394256591797,0.3,1,BERT:bert_class_weighted,Class weight
1432,emscad_10514,"AREA 17 is an interactive agency. We take an interdisciplinary approach — blending the practices of design, technology a",UX / Information Architect,0,0,0.9999414682388306,5.8531761169433594e-05,0.3,1,BERT:bert_class_weighted,Class weight
1433,emscad_10527,We are a family run business that has been in operation for nearly 40 years. We value long term relationships and want t,Automotive Accounting Office,0,0,0.9999527931213379,4.7206878662109375e-05,0.3,1,BERT:bert_class_weighted,Class weight
1434,emscad_10552,MarketInvoice is one of the most high-profile London based fin-tech companies. The Company is Europe’s leading P2P invoi,Business Development Manager,0,0,0.9999596476554871,4.035234451293945e-05,0.3,1,BERT:bert_class_weighted,Class weight
1435,emscad_10554,"Space Ape Games is an Award Winning Mobile/Social Gaming startup founded in 2012. We’re a small, high-performing team wi",3D Artist (Character),0,0,0.9999174475669861,8.255243301391602e-05,0.3,1,BERT:bert_class_weighted,Class weight
1436,emscad_10560,"PetroCargo LLC, is a specialist in Fuels Asset Management Services. Our core business is the management and coordination",Cargo Representative / Loss Control (Petroleum),0,0,0.9999465346336365,5.346536636352539e-05,0.3,1,BERT:bert_class_weighted,Class weight
1437,emscad_10563,"Network Locum is a disruptive healthtech startup, which has grown tremendously quickly and has venture funding. We are a",Senior Developer,0,0,0.9999354481697083,6.455183029174805e-05,0.3,1,BERT:bert_class_weighted,Class weight
1438,emscad_10565,"A Resource Hub for Top Recruiters, Client Companies & Career Opportunities",Director of Engineering | HMA Security Products,1,0,0.9999456405639648,5.435943603515625e-05,0.3,0,BERT:bert_class_weighted,Class weight
1439,emscad_10571,"Hey, hope you are doing great.",Java Developer with Node.JS,0,0,0.9999403357505798,5.9664249420166016e-05,0.3,1,BERT:bert_class_weighted,Class weight
1440,emscad_10572,PowToon (#URL_84da40102d63eebf414f1476e73cf04c518288708e1f2fe344ec3f0417a067aa#) is a brand new presentation software th,R&D Manager,0,0,0.9999393820762634,6.0617923736572266e-05,0.3,1,BERT:bert_class_weighted,Class weight
1441,emscad_10587,Airenvy’s mission is to provide lucrative yet hassle free full service short term property management all around the wor,Contact Center Manager,0,0,0.9999626278877258,3.737211227416992e-05,0.3,1,BERT:bert_class_weighted,Class weight
1442,emscad_10591,"Some fresh concepts, visuals and clever things",English teacher,0,0,0.9999445676803589,5.543231964111328e-05,0.3,1,BERT:bert_class_weighted,Class weight
1443,emscad_10613,"Adform is a premier partner for media agencies, trading desks, advertisers and publishers, offering the world’s only pro",S3I Candidates,0,0,0.9999647736549377,3.522634506225586e-05,0.3,1,BERT:bert_class_weighted,Class weight
1444,emscad_10624,"At McLane Intel, we believe that everyone should love where they work! We understand that our ongoing success is attribu",Systems Engineers Tiers I-III,0,0,0.999946117401123,5.3882598876953125e-05,0.3,1,BERT:bert_class_weighted,Class weight
1445,emscad_10633,"Shyp is the easiest way to send anything, anywhere.","Marketing Manager, NYC",0,0,0.9999632239341736,3.6776065826416016e-05,0.3,1,BERT:bert_class_weighted,Class weight
1446,emscad_10641,"Dairy, food and beverage processors work within one of the most complex, competitive and precision-driven industries. Th",Project Manager,0,0,0.9999594688415527,4.0531158447265625e-05,0.3,1,BERT:bert_class_weighted,Class weight
1447,emscad_10643,The most affordable and effective way to learn a new language! Virtual Lingos teaches 1 on 1 customized language lessons,Language Specialist,0,0,0.9999585151672363,4.1484832763671875e-05,0.3,1,BERT:bert_class_weighted,Class weight
1448,emscad_10656,The most affordable and effective way to learn a new language! Virtual Lingos teaches 1 on 1 customized language lessons,WordPress Master (Programmer),0,0,0.9999570250511169,4.297494888305664e-05,0.3,1,BERT:bert_class_weighted,Class weight
1449,emscad_10658,"Space Ape Games is an Award Winning Mobile/Social Gaming startup founded in 2012. We’re a small, high-performing team wi",UI/UX Designer,0,0,0.999920666217804,7.933378219604492e-05,0.3,1,BERT:bert_class_weighted,Class weight
1450,emscad_10689,"Baremetrics ( #URL_818d0992c7cb169e16509ce673146ace42b9d6b31c698ec7fc0a0ecb023c668c# ) is zero-setup, one-click SaaS ana",Software Engineer,0,0,0.9999568462371826,4.315376281738281e-05,0.3,1,BERT:bert_class_weighted,Class weight
1451,emscad_10691,"We’re looking for a Senior Business Analyst expert with a passion for data and problem solving, to build and lead GetTax",BI Analyst - GetTaxi,0,0,0.9999445676803589,5.543231964111328e-05,0.3,1,BERT:bert_class_weighted,Class weight
1452,emscad_10692,"Immediate Appliance Service, Inc., one of the leading appliance repair companies serving New Jersey, is seeking an exper",Appliance Repair Technician,0,0,0.9999445676803589,5.543231964111328e-05,0.3,1,BERT:bert_class_weighted,Class weight
1453,emscad_10708,Rarely Impossible exists due to a passion for working with amazing clients and aiding them to bring their ideas to life.,Javascript Frontend Developer,0,0,0.9999481439590454,5.1856040954589844e-05,0.3,1,BERT:bert_class_weighted,Class weight
1454,emscad_10713,"As a growing and successful startup, Conversocial is a great place to work for ambitious individuals.","Director, EMEA Marketing",0,0,0.9999611973762512,3.88026237487793e-05,0.3,1,BERT:bert_class_weighted,Class weight
1455,emscad_10715,"Novitex Enterprise Solutions, formerly Pitney Bowes Management Services, delivers innovative document and communications",Customer Service Associate,0,0,0.999966025352478,3.3974647521972656e-05,0.3,1,BERT:bert_class_weighted,Class weight
1456,emscad_10724,About the Company We are ticketscript - the European market leaders in digital self-ticketing. Whether it’s massive danc,Office Manager,0,0,0.9999575018882751,4.2498111724853516e-05,0.3,1,BERT:bert_class_weighted,Class weight
1457,emscad_10726,"With offices across UK, mainland Europe, Australia, New Zealand, and the United States, Squiz helps clients across the g",Sales Executive,0,0,0.9999629259109497,3.707408905029297e-05,0.3,1,BERT:bert_class_weighted,Class weight
1458,emscad_10730,"We're an emerging technology agency, and we build breakthrough products through user-centered design. We're building a t",Senior Front-End Engineer,0,0,0.999946117401123,5.3882598876953125e-05,0.3,1,BERT:bert_class_weighted,Class weight
1459,emscad_10735,"Novitex Enterprise Solutions, formerly Pitney Bowes Management Services, delivers innovative document and communications",Customer Service Associate,0,0,0.9999663829803467,3.361701965332031e-05,0.3,1,BERT:bert_class_weighted,Class weight
1460,emscad_10736,The story of the Great Chicago Fire of 1871 isn’t really about the fire. It’s about what happened next: A remarkable mom,.NET Developer - NexLP,0,0,0.9999513030052185,4.869699478149414e-05,0.3,1,BERT:bert_class_weighted,Class weight
1461,emscad_10737,Envision Consulting conducts retained searches for nonprofit clients seeking to expand and enhance their mission through,PT Environmental Educator,0,0,0.9999670386314392,3.2961368560791016e-05,0.3,1,BERT:bert_class_weighted,Class weight
1462,emscad_10738,"CASH In Hand Job (Part-Time Staff Needed) You can do it all from home, in your free time, at your own place. Spend 30 mi",CASH In Hand Job (Part-Time Staff Needed),1,1,0.00048828125,0.99951171875,0.3,1,BERT:bert_class_weighted,Class weight
1463,emscad_10739,We’re looking for a kickass JavaScript developer to help build our front-end. We want you to to create an interface that,Front End JS Developer,0,0,0.9999271631240845,7.283687591552734e-05,0.3,1,BERT:bert_class_weighted,Class weight
1464,emscad_10754,"Vend is looking for some awesome new talent to come join us. You'll be working in an awesome team doing awesome things, ",Senior Marketing Manager,0,0,0.9999592900276184,4.07099723815918e-05,0.3,1,BERT:bert_class_weighted,Class weight
1465,emscad_10755,ServiceTitan is the world's leading CRM software for home services businesses. It powers the world's best service compan,Marketing Communications Coordinator,0,0,0.9999572038650513,4.279613494873047e-05,0.3,1,BERT:bert_class_weighted,Class weight
1466,emscad_10758,"Novitex Enterprise Solutions, formerly Pitney Bowes Management Services, delivers innovative document and communications",Customer Service Associate,0,0,0.9999666810035706,3.331899642944336e-05,0.3,1,BERT:bert_class_weighted,Class weight
1467,emscad_10766,"Novitex Enterprise Solutions, formerly Pitney Bowes Management Services, delivers innovative document and communications",Customer Service Associate,0,0,0.9999662637710571,3.3736228942871094e-05,0.3,1,BERT:bert_class_weighted,Class weight
1468,emscad_10775,Established on the principles that full time education is not for everyone Spectrum Learning is made up of a team of pas,HD6 4AB Recruitment Apprenticeship Under NAS 16-18 Year Olds Only,0,0,0.9999648928642273,3.510713577270508e-05,0.3,1,BERT:bert_class_weighted,Class weight
1469,emscad_10780,"Novitex Enterprise Solutions, formerly Pitney Bowes Management Services, delivers innovative document and communications",Customer Service Associate,0,0,0.9999665021896362,3.349781036376953e-05,0.3,1,BERT:bert_class_weighted,Class weight
1470,emscad_10787,We Strive For Excellence,Looking For Interesting Work? Come Work With Excellent People,0,0,0.9999008178710938,9.918212890625e-05,0.3,1,BERT:bert_class_weighted,Class weight
1471,emscad_10800,"Novitex Enterprise Solutions, formerly Pitney Bowes Management Services, delivers innovative document and communications",Customer Service Associate,0,0,0.999966025352478,3.3974647521972656e-05,0.3,1,BERT:bert_class_weighted,Class weight
1472,emscad_10801,"Position type: Permanent Working Hours: Full-Time Location: Farringdon, London Opening Date for application: 2nd Decembe",Head Of Supply,0,0,0.999961793422699,3.820657730102539e-05,0.3,1,BERT:bert_class_weighted,Class weight
1473,emscad_10802,"Farmigo is a mission-driven startup with a simple, ambitious goal: we want to make local, sustainably produced food more",NYC Field Organizer,0,0,0.9999552965164185,4.470348358154297e-05,0.3,1,BERT:bert_class_weighted,Class weight
1474,emscad_10803,"Novitex Enterprise Solutions, formerly Pitney Bowes Management Services, delivers innovative document and communications",Production Logistician / Liason,0,0,0.999966025352478,3.3974647521972656e-05,0.3,1,BERT:bert_class_weighted,Class weight
1475,emscad_10804,"Novitex Enterprise Solutions, formerly Pitney Bowes Management Services, delivers innovative document and communications",Customer Service Associate,0,0,0.9999666810035706,3.331899642944336e-05,0.3,1,BERT:bert_class_weighted,Class weight
1476,emscad_10810,"Novitex Enterprise Solutions, formerly Pitney Bowes Management Services, delivers innovative document and communications",Customer Service Associate,0,0,0.9999665021896362,3.349781036376953e-05,0.3,1,BERT:bert_class_weighted,Class weight
1477,emscad_10822,MarketInvoice is one of the most high-profile London based fin-tech companies. The Company is Europe’s leading P2P invoi,Data Engineer - Risk,0,0,0.9999575018882751,4.2498111724853516e-05,0.3,1,BERT:bert_class_weighted,Class weight
1478,emscad_10823,Massive Media is the social media company behind the successful digital brands #URL_18234f381f5e7b9a9ffdc727cd05c9046edf,Junior Marketing Manager - Twoo,0,0,0.999956488609314,4.3511390686035156e-05,0.3,1,BERT:bert_class_weighted,Class weight
1479,emscad_10826,Who are We?,Sales Professional,0,0,0.9999622106552124,3.7789344787597656e-05,0.3,1,BERT:bert_class_weighted,Class weight
1480,emscad_10827,StayClassy is a fast-growing San Diego-based startup that develops an online fundraising product used by thousands of No,Account Strategist (Non-Profit Experience Needed),0,0,0.999943733215332,5.626678466796875e-05,0.3,1,BERT:bert_class_weighted,Class weight
1481,emscad_10849,"Founded in 2010 by a team from Google’s London and New York offices, Qubit work with some of the biggest names in Online",Senior Client Services Engineer,0,0,0.9999650716781616,3.4928321838378906e-05,0.3,1,BERT:bert_class_weighted,Class weight
1482,emscad_10858,"Novitex Enterprise Solutions, formerly Pitney Bowes Management Services, delivers innovative document and communications",Customer Service Associate,0,0,0.9999665021896362,3.349781036376953e-05,0.3,1,BERT:bert_class_weighted,Class weight
1483,emscad_10863,"Novitex Enterprise Solutions, formerly Pitney Bowes Management Services, delivers innovative document and communications",Customer Service Associate,0,0,0.9999665021896362,3.349781036376953e-05,0.3,1,BERT:bert_class_weighted,Class weight
1484,emscad_10870,Massive Media is the social media company behind the successful digital brands #URL_18234f381f5e7b9a9ffdc727cd05c9046edf,Financial Analyst,0,0,0.9999544024467468,4.559755325317383e-05,0.3,1,BERT:bert_class_weighted,Class weight
1485,emscad_10871,"With over 1,300 investment professionals located throughout the United States and Canada, Marcus & Millichap (NYSE: MMI)",Database Researcher,0,0,0.9998190402984619,0.00018095970153808594,0.3,1,BERT:bert_class_weighted,Class weight
1486,emscad_10878,"Aker Solutions is a global provider of products, systems and services to the oil and gas industry. Our engineering, desi",Assembly & Test Engineer,1,1,0.0,1.0,0.3,1,BERT:bert_class_weighted,Class weight
1487,emscad_10880,We Provide Full Time Permanent Positions for many medium to large US companies. We are interested in finding/recruiting ,Electrical Maintenance Technician,0,0,0.9999610185623169,3.898143768310547e-05,0.3,1,BERT:bert_class_weighted,Class weight
1488,emscad_10899,Established on the principles that full time education is not for everyone Spectrum Learning is made up of a team of pas,SN3 Logistics Apprentice/Warehousing Apprenticeship Under NAS 16-18 Year Olds Only,0,0,0.9999662637710571,3.3736228942871094e-05,0.3,1,BERT:bert_class_weighted,Class weight
1489,emscad_10900,We take the hassle out of finding and booking a cleaner. We are currently in the UK but we have big plans and we want an,Cleaner Recruitment Associate,0,0,0.9999594688415527,4.0531158447265625e-05,0.3,1,BERT:bert_class_weighted,Class weight
1490,emscad_10905,"Novitex Enterprise Solutions, formerly Pitney Bowes Management Services, delivers innovative document and communications",Customer Service Associate,0,0,0.9999663829803467,3.361701965332031e-05,0.3,1,BERT:bert_class_weighted,Class weight
1491,emscad_10912,"Delivering superior customer services for over 10 years, IBEX Global is a business process outsourcer offering an integr",Inbound Sales Representatives,0,0,0.9999629259109497,3.707408905029297e-05,0.3,1,BERT:bert_class_weighted,Class weight
1492,emscad_10914,"Friend MTS is a leading provider of technology to the media and entertainment industry. Specialising in video security, ",Junior Online Security Analyst,0,0,0.9999632239341736,3.6776065826416016e-05,0.3,1,BERT:bert_class_weighted,Class weight
1493,emscad_10931,"Novitex Enterprise Solutions, formerly Pitney Bowes Management Services, delivers innovative document and communications",Client Account Manager,0,0,0.9999656081199646,3.439188003540039e-05,0.3,1,BERT:bert_class_weighted,Class weight
1494,emscad_10934,"SpotSource Solutions LLC is a Global Human Capital Management Consulting firm headquartered in Miami, Florida. Founded i",Creative Director - Web Designer,0,0,0.999963104724884,3.68952751159668e-05,0.3,1,BERT:bert_class_weighted,Class weight
1495,emscad_10938,"Straight Edge Technology is a team comprised of quality individuals with the skills, knowledge, education and experience","Technology Sales Representative, IT Services Company",0,0,0.9999570250511169,4.297494888305664e-05,0.3,1,BERT:bert_class_weighted,Class weight
1496,emscad_10942,Creators of innovative software products for financial industry. We believe that simplicity and great user experience ca,Senior Producer,0,0,0.9999585151672363,4.1484832763671875e-05,0.3,1,BERT:bert_class_weighted,Class weight
1497,emscad_10943,Can data be a thing of beauty? We think so.,Interested in Joining the Seabourne Team,0,0,0.9999605417251587,3.9458274841308594e-05,0.3,1,BERT:bert_class_weighted,Class weight
1498,emscad_10947,"Novitex Enterprise Solutions, formerly Pitney Bowes Management Services, delivers innovative document and communications",Customer Service Associate,0,0,0.9999657273292542,3.427267074584961e-05,0.3,1,BERT:bert_class_weighted,Class weight
1499,emscad_10950,"Novitex Enterprise Solutions, formerly Pitney Bowes Management Services, delivers innovative document and communications",Customer Service Associate,0,0,0.9999665021896362,3.349781036376953e-05,0.3,1,BERT:bert_class_weighted,Class weight
1500,emscad_10954,Aptitude Staffing Solutions has redesigned the recruiting wheel. Our innovative new platform cuts the recruiting time in,Recruitment & Talent Acquisition Professional,1,1,0.0,1.0,0.3,1,BERT:bert_class_weighted,Class weight
1501,emscad_10960,"Novitex Enterprise Solutions, formerly Pitney Bowes Management Services, delivers innovative document and communications",Customer Service Associate,0,0,0.9999662637710571,3.3736228942871094e-05,0.3,1,BERT:bert_class_weighted,Class weight
1502,emscad_10969,"Novitex Enterprise Solutions, formerly Pitney Bowes Management Services, delivers innovative document and communications",Customer Service Associate,0,0,0.999966025352478,3.3974647521972656e-05,0.3,1,BERT:bert_class_weighted,Class weight
1503,emscad_10981,Established on the principles that full time education is not for everyone Spectrum Learning is made up of a team of pas,Luton DGV Apprenticeship available under NAS 18 year olds only!,0,0,0.9999666810035706,3.331899642944336e-05,0.3,1,BERT:bert_class_weighted,Class weight
1504,emscad_10982,Established on the principles that full time education is not for everyone Spectrum Learning is made up of a team of pas,Hemel Heampstead Business Admin Apprenticeship Under NAS 16-18 Year Olds Only,0,0,0.9999651908874512,3.4809112548828125e-05,0.3,1,BERT:bert_class_weighted,Class weight
1505,emscad_10988,"Novitex Enterprise Solutions, formerly Pitney Bowes Management Services, delivers innovative document and communications",Proposal Writer,0,0,0.9999665021896362,3.349781036376953e-05,0.3,1,BERT:bert_class_weighted,Class weight
1506,emscad_10992,"Sarbari is a high-growth, investment-backed software company. We provide the restaurant industry with exciting new solut",Sales Consultant Philly,0,0,0.9999491572380066,5.08427619934082e-05,0.3,1,BERT:bert_class_weighted,Class weight
1507,emscad_10993,Established on the principles that full time education is not for everyone Spectrum Learning is made up of a team of pas,Birmingham Recruitment Apprenticeship Under NAS 16-18 Year Olds Only,0,0,0.9999658465385437,3.415346145629883e-05,0.3,1,BERT:bert_class_weighted,Class weight
1508,emscad_10994,"Novitex Enterprise Solutions, formerly Pitney Bowes Management Services, delivers innovative document and communications",Customer Service Associate,0,0,0.9999665021896362,3.349781036376953e-05,0.3,1,BERT:bert_class_weighted,Class weight
1509,emscad_11006,"Located in the heart of downtown Kansas City, we’re redefining the future of fan engagement and innovative business solu",Cloud Systems Engineer,0,0,0.9999604225158691,3.9577484130859375e-05,0.3,1,BERT:bert_class_weighted,Class weight
1510,emscad_11011,"Novitex Enterprise Solutions, formerly Pitney Bowes Management Services, delivers innovative document and communications",Customer Service Associate,0,0,0.9999668002128601,3.319978713989258e-05,0.3,1,BERT:bert_class_weighted,Class weight
1511,emscad_11012,Workable is a venture-backed startup making cloud-based recruitment software for fast-growing companies around the world,Office Manager,0,0,0.9999131560325623,8.684396743774414e-05,0.3,1,BERT:bert_class_weighted,Class weight
1512,emscad_11013,"Founded in 2010 by a team from Google’s London and New York offices, Qubit work with some of the biggest names in Online",Finance Assistant,0,0,0.9999623894691467,3.7610530853271484e-05,0.3,1,BERT:bert_class_weighted,Class weight
1513,emscad_11015,"Novitex Enterprise Solutions, formerly Pitney Bowes Management Services, delivers innovative document and communications",Customer Service Associate,0,0,0.9999669194221497,3.30805778503418e-05,0.3,1,BERT:bert_class_weighted,Class weight
1514,emscad_11017,Berry Clever is a social powered review site with a difference. Instead of sifting through lots of boring online reviews,Senior Web Developer at dotcom start-up,0,0,0.9999454617500305,5.453824996948242e-05,0.3,1,BERT:bert_class_weighted,Class weight
1515,emscad_11033,"Novitex Enterprise Solutions, formerly Pitney Bowes Management Services, delivers innovative document and communications",Customer Service Associate,0,0,0.9999662637710571,3.3736228942871094e-05,0.3,1,BERT:bert_class_weighted,Class weight
1516,emscad_11037,"Novitex Enterprise Solutions, formerly Pitney Bowes Management Services, delivers innovative document and communications",Customer Service Associate,0,0,0.9999668002128601,3.319978713989258e-05,0.3,1,BERT:bert_class_weighted,Class weight
1517,emscad_11042,"Novitex Enterprise Solutions, formerly Pitney Bowes Management Services, delivers innovative document and communications",Customer Service Associate,0,0,0.9999662637710571,3.3736228942871094e-05,0.3,1,BERT:bert_class_weighted,Class weight
1518,emscad_11046,"Novitex Enterprise Solutions, formerly Pitney Bowes Management Services, delivers innovative document and communications",Customer Service Records Associate - Part Time,0,0,0.9999656081199646,3.439188003540039e-05,0.3,1,BERT:bert_class_weighted,Class weight
1519,emscad_11065,"Boxbee is the Storage Valet Service. We are a startup and also a real, revenue generating business. We help people manag",Delivery Driver,0,0,0.9999575018882751,4.2498111724853516e-05,0.3,1,BERT:bert_class_weighted,Class weight
1520,emscad_11068,"Ryanair is Europe’s favourite low fares airline, operating more than 1,600 daily flights (over 500,000 per year) from 69",Android Engineer,0,0,0.9999597668647766,4.023313522338867e-05,0.3,1,BERT:bert_class_weighted,Class weight
1521,emscad_11072,"Novitex Enterprise Solutions, formerly Pitney Bowes Management Services, delivers innovative document and communications",Customer Service Associate - Part Time,0,0,0.9999661445617676,3.3855438232421875e-05,0.3,1,BERT:bert_class_weighted,Class weight
1522,emscad_11079,"Novitex Enterprise Solutions, formerly Pitney Bowes Management Services, delivers innovative document and communications",Customer Service Associate,0,0,0.9999665021896362,3.349781036376953e-05,0.3,1,BERT:bert_class_weighted,Class weight
1523,emscad_11082,Our History,Shipper (Phoenix),0,0,0.9999623894691467,3.7610530853271484e-05,0.3,1,BERT:bert_class_weighted,Class weight
1524,emscad_11086,"Novitex Enterprise Solutions, formerly Pitney Bowes Management Services, delivers innovative document and communications",Customer Service Associate,0,0,0.9999666810035706,3.331899642944336e-05,0.3,1,BERT:bert_class_weighted,Class weight
1525,emscad_11087,Established on the principles that full time education is not for everyone Spectrum Learning is made up of a team of pas,B70 9QW Recruitment Apprentice available under NAS 16-18 year olds,0,0,0.999966025352478,3.3974647521972656e-05,0.3,1,BERT:bert_class_weighted,Class weight
1526,emscad_11088,Kettle is an independent digital agency based in New York City and the Bay Area. We’re committed to making digital do mo,NY | UX POOL,0,0,0.9999212622642517,7.873773574829102e-05,0.3,1,BERT:bert_class_weighted,Class weight
1527,emscad_11094,"Novitex Enterprise Solutions, formerly Pitney Bowes Management Services, delivers innovative document and communications",Reprographics Specialist,0,0,0.9999656081199646,3.439188003540039e-05,0.3,1,BERT:bert_class_weighted,Class weight
1528,emscad_11099,"Novitex Enterprise Solutions, formerly Pitney Bowes Management Services, delivers innovative document and communications",Customer Service Technical Specialist,0,0,0.9999666810035706,3.331899642944336e-05,0.3,1,BERT:bert_class_weighted,Class weight
1529,emscad_11100,ConsumerTrack is a technology-centric internet marketing company built on a culture of excellence. We are the preferred ,Sr. Database Administrator,0,0,0.9999551177024841,4.488229751586914e-05,0.3,1,BERT:bert_class_weighted,Class weight
1530,emscad_11101,"Novitex Enterprise Solutions, formerly Pitney Bowes Management Services, delivers innovative document and communications",Accounting Assistant,0,0,0.9999643564224243,3.5643577575683594e-05,0.3,1,BERT:bert_class_weighted,Class weight
1531,emscad_11106,"Novitex Enterprise Solutions, formerly Pitney Bowes Management Services, delivers innovative document and communications",Customer Service Associate,0,0,0.9999662637710571,3.3736228942871094e-05,0.3,1,BERT:bert_class_weighted,Class weight
1532,emscad_11137,"Novitex Enterprise Solutions, formerly Pitney Bowes Management Services, delivers innovative document and communications",Customer Service Associate TPO Services,0,0,0.9999647736549377,3.522634506225586e-05,0.3,1,BERT:bert_class_weighted,Class weight
1533,emscad_11145,"Novitex Enterprise Solutions, formerly Pitney Bowes Management Services, delivers innovative document and communications",Customer Service Associate - On Call,0,0,0.9999658465385437,3.415346145629883e-05,0.3,1,BERT:bert_class_weighted,Class weight
1534,emscad_11148,"Founded in 2010 by a team from Google’s London and New York offices, Qubit work with some of the biggest names in Online",Associate Strategist,0,0,0.999963104724884,3.68952751159668e-05,0.3,1,BERT:bert_class_weighted,Class weight
1535,emscad_11152,"ELECTRICIANS. & EXPERIENCED HELPERS (Residential & Commercial) Florida Drivers License required, Drug Free Workplace",ELECTRICIANS. & EXPERIENCED HELPERS (Residential & Commercial),0,0,0.999950110912323,4.988908767700195e-05,0.3,1,BERT:bert_class_weighted,Class weight
1536,emscad_11158,Fashion Metric is looking for a Computer Vision expert who also enjoys machine learning and pushing the limits of what i,Senior Computer Vision/Machine Learning Programmer,0,0,0.9999575018882751,4.2498111724853516e-05,0.3,1,BERT:bert_class_weighted,Class weight
1537,emscad_11160,"Novitex Enterprise Solutions, formerly Pitney Bowes Management Services, delivers innovative document and communications",Customer Service Associate - Part Time,0,0,0.9999656081199646,3.439188003540039e-05,0.3,1,BERT:bert_class_weighted,Class weight
1538,emscad_11200,This position is responsible for supporting the development of the training programs throughout the Customer Operations ,Training Developer,0,0,0.9999020099639893,9.799003601074219e-05,0.3,1,BERT:bert_class_weighted,Class weight
1539,emscad_11205,You’ll be primarily responsible for building integrations with other systems. This means using lots of APIs to pull data,Senior Python Dev,0,0,0.9999538660049438,4.6133995056152344e-05,0.3,1,BERT:bert_class_weighted,Class weight
1540,emscad_11213,"Flexibility is key at bwired! Each role in the bwired structure is able to, and will need to as required, perform other ",We need a Front-End Technician,0,0,0.9999535083770752,4.649162292480469e-05,0.3,1,BERT:bert_class_weighted,Class weight
1541,emscad_11215,"Westview Financial Services, located in Virginia Beach, VA has a full-time position available for a District Manager Ass",District Manager Assistant,0,0,0.9999423623085022,5.7637691497802734e-05,0.3,1,BERT:bert_class_weighted,Class weight
1542,emscad_11223,StayClassy is a fast-growing San Diego-based startup that develops an online fundraising product used by thousands of No,"Senior Account Executive, Non-Profits",0,0,0.999956488609314,4.3511390686035156e-05,0.3,1,BERT:bert_class_weighted,Class weight
1543,emscad_11225,"We're an emerging technology agency, and we build breakthrough products through user-centered design. We're building a t",Production Artist,0,0,0.9999417066574097,5.829334259033203e-05,0.3,1,BERT:bert_class_weighted,Class weight
1544,emscad_11239,"As augmented reality jobs go, one at Blippar is hard to beat. We are a rapidly expanding creative startup at the forefro",Blipp Architect (Full Stack Developer),0,0,0.9999570250511169,4.297494888305664e-05,0.3,1,BERT:bert_class_weighted,Class weight
1545,emscad_11241,Outstanding Member Service Starts With Outstanding People,Senior Mortgage Underwriter,0,0,0.9999613165855408,3.8683414459228516e-05,0.3,1,BERT:bert_class_weighted,Class weight
1546,emscad_11243,"NuORDER is the fast-growing, venture-backed startup changing the way a $130 billion industry does business. An enterpris",Sales Development Rep (Home/Beauty),0,0,0.999963104724884,3.68952751159668e-05,0.3,1,BERT:bert_class_weighted,Class weight
1547,emscad_11249,"TOPOSOPHY is an integrated destination management & marketing agency. We provide tourism organizations, associations and",Senior Research Analyst (Tourism & Travel),0,0,0.9999646544456482,3.534555435180664e-05,0.3,1,BERT:bert_class_weighted,Class weight
1548,emscad_11250,"Position: Engagement Manager, Analytics Location: US-based; location TBD",Engagement Manager,0,0,0.999925434589386,7.456541061401367e-05,0.3,1,BERT:bert_class_weighted,Class weight
1549,emscad_11261,EROAD was established to modernise New Zealand’s paper-based RUC regime and in 2009 launched the world’s first GPS/cellu,Analytics Engineer,0,0,0.9999632239341736,3.6776065826416016e-05,0.3,1,BERT:bert_class_weighted,Class weight
1550,emscad_11273,ConsumerTrack is a technology-centric internet marketing company built on a culture of excellence. We are the preferred ,Campaign Manager,0,0,0.9999554753303528,4.45246696472168e-05,0.3,1,BERT:bert_class_weighted,Class weight
1551,emscad_11275,Established on the principles that full time education is not for everyone Spectrum Learning is made up of a team of pas,M1 5AN Business Admin Apprenticeship available under NAS 16-18 year olds only,0,0,0.999965488910675,3.451108932495117e-05,0.3,1,BERT:bert_class_weighted,Class weight
1552,emscad_11290,SHC/The Arc of Medina County is a great place to start or continue your career. Whether you’re interested in direct care,Program Assistant QIDP Assistant Day Program,0,0,0.9999614953994751,3.8504600524902344e-05,0.3,1,BERT:bert_class_weighted,Class weight
1553,emscad_11300,Mutatio delivers Business Intelligence and Customer Relationship Management solutions for government. Everyone here is r,Data Analyst/Data Quality Specialist,0,0,0.9999629259109497,3.707408905029297e-05,0.3,1,BERT:bert_class_weighted,Class weight
1554,emscad_11312,Phoenix Home Care came to be as a result of our commitment to improve the quality of life for those we serve. Each of ou,Licensed Practical Nurse (LPN)- Private Duty,0,0,0.9999656081199646,3.439188003540039e-05,0.3,1,BERT:bert_class_weighted,Class weight
1555,emscad_11313,"C2C is a forward-thinking software development company with its headquarters in Punta Gorda, Florida. We use the latest ",Front-End Developer (JS/CSS/HTML),0,0,0.9999410510063171,5.894899368286133e-05,0.3,1,BERT:bert_class_weighted,Class weight
1556,emscad_11334,"Babbel enables anyone to learn languages in an easy and interactive way. The learning system offers 13 languages, from E",Working Student - Marketing Tech Assistent,0,0,0.9999591708183289,4.082918167114258e-05,0.3,1,BERT:bert_class_weighted,Class weight
1557,emscad_11336,United Cerebral Palsy of Oregon & SW Washington (UCP) supports adults with all kinds of developmental disabilities (not ,"Support Specialist (Caregiver), Weekdays",0,0,0.9999640583992004,3.594160079956055e-05,0.3,1,BERT:bert_class_weighted,Class weight
1558,emscad_11340,We’re always looking for highly motivated “founder-types” to join us as we grow. Here’s what you need to know.,"Regional Vice President Sales, West",0,0,0.9999558329582214,4.416704177856445e-05,0.3,1,BERT:bert_class_weighted,Class weight
1559,emscad_11352,We Provide Full Time Permanent Positions for many medium to large US companies. We are interested in finding/recruiting ,Sr. Design Engineer Mechanical - 3D CAD,0,0,0.9999610185623169,3.898143768310547e-05,0.3,1,BERT:bert_class_weighted,Class weight
1560,emscad_11356,We Provide Full Time Permanent Positions for many medium to large US companies. We are interested in finding/recruiting ,Product Engineer,0,0,0.9999594688415527,4.0531158447265625e-05,0.3,1,BERT:bert_class_weighted,Class weight
1561,emscad_11365,We Provide Full Time Permanent Positions for many medium to large US companies. We are interested in finding/recruiting ,Auditor,0,0,0.9999635219573975,3.647804260253906e-05,0.3,1,BERT:bert_class_weighted,Class weight
1562,emscad_11374,"Founded in 2009 by early LinkedIn employees, PeopleLinx gamifies employee engagement for LinkedIn, Twitter and other soc",Social Business Strategist,0,0,0.9999616146087646,3.838539123535156e-05,0.3,1,BERT:bert_class_weighted,Class weight
1563,emscad_11395,"NY Marketing Firm is family-owned and operated right here in New York, NY. Other companies may offer similar services, b",Customer Service Representative - Entry-Level Management,0,0,0.9999585151672363,4.1484832763671875e-05,0.3,1,BERT:bert_class_weighted,Class weight
1564,emscad_11415,INK is the agency of choice for brands big and small in the B2B and B2C tech and clean energy sectors. We take a boutiqu,Assistant Account Executive,0,0,0.9999656081199646,3.439188003540039e-05,0.3,1,BERT:bert_class_weighted,Class weight
1565,emscad_11419,"SummaView is een jong bedrijf uit Amersfoort die mensen, kennis en software levert ophet snijvlak van controlling en Bus",OUD: Business Controller 4.,0,0,0.9999529719352722,4.70280647277832e-05,0.3,1,BERT:bert_class_weighted,Class weight
1566,emscad_11429,"This position is for the shop fabrication of countertops. This includes cutting, shaping and profiling of countertops us",Stone Finisher / Polisher,0,0,0.9999093413352966,9.065866470336914e-05,0.3,1,BERT:bert_class_weighted,Class weight
1567,emscad_11430,The best word to describe PCP’s culture is PRIDE. Pride in our company. Pride in our job. And pride in our relationships,File Clerk,0,0,0.9999505281448364,4.947185516357422e-05,0.3,1,BERT:bert_class_weighted,Class weight
1568,emscad_11437,#URL_5846ceaa15e5560fa9ba4a0b1c508abb345d6dca9d4821ccf98ac7fba43b9d27# to najbardziej rozwinięta platforma handlu intern,"SQL, PL/SQL Developer",0,0,0.9999426007270813,5.739927291870117e-05,0.3,1,BERT:bert_class_weighted,Class weight
1569,emscad_11442,"Founded in 2010 by a team from Google’s London and New York offices, Qubit work with some of the biggest names in Online",Data Scientist,0,0,0.9999628067016602,3.719329833984375e-05,0.3,1,BERT:bert_class_weighted,Class weight
1570,emscad_11443,Our History,Driver - Heavy Duty (Hayward),0,0,0.9999626278877258,3.737211227416992e-05,0.3,1,BERT:bert_class_weighted,Class weight
1571,emscad_11445,"L O OP is an award winning interactive agency based in Salzburg with satellite offices in Copenhagen, Berlin, Sydney and",MOBILE / IOS DEVELOPER,0,0,0.9999391436576843,6.085634231567383e-05,0.3,1,BERT:bert_class_weighted,Class weight
1572,emscad_11446,"Amplexor is a leading provider in the field of content management solutions: digital experience management, document cen",Java Web Developer,0,0,0.999947726726532,5.227327346801758e-05,0.3,1,BERT:bert_class_weighted,Class weight
1573,emscad_11447,Mailjet is a market leading Email Service Provider with over 25 000 clients and rapidly expanding across Europe and abro,Account Executive,0,0,0.9999605417251587,3.9458274841308594e-05,0.3,1,BERT:bert_class_weighted,Class weight
1574,emscad_11453,"Valor Services provides Workforce Solutions that meet the needs of companies across the Private Sector, with a special f",SDS Author - Technical Writer - Data Sheet,0,0,0.9999662637710571,3.3736228942871094e-05,0.3,1,BERT:bert_class_weighted,Class weight
1575,emscad_11454,"Squiz is one of the world's leading web solutions companies. We design, build and manage engaging websites and online ap",Writers,0,0,0.9999592900276184,4.07099723815918e-05,0.3,1,BERT:bert_class_weighted,Class weight
1576,emscad_11462,Openlane is a fully-funded education services company that creates and delivers continuing education courses for enthusi,Senior Instructional Designer,0,0,0.999961793422699,3.820657730102539e-05,0.3,1,BERT:bert_class_weighted,Class weight
1577,emscad_11464,"SummaView is een jong bedrijf uit Amersfoort die mensen, kennis en software levert ophet snijvlak van controlling en Bus",OUD: SummaView zoekt een Business Controller 8,0,0,0.9999558329582214,4.416704177856445e-05,0.3,1,BERT:bert_class_weighted,Class weight
1578,emscad_11469,Synapse Games is exploding onto the mobile gaming market after over five years experience making social games. We are a ,3D Artist,0,0,0.9999432563781738,5.6743621826171875e-05,0.3,1,BERT:bert_class_weighted,Class weight
1579,emscad_11473,"Founded in 1974 in Canada, and in 1985 in the U.S. as a specialty engineering and contracting company, Landmark works th",Developer,0,0,0.9999524354934692,4.756450653076172e-05,0.3,1,BERT:bert_class_weighted,Class weight
1580,emscad_11477,"EME International is a global leader in enterprise mobility solutions, partnering with thousands of device makers and co",CRM Consultant,0,0,0.9999576807022095,4.2319297790527344e-05,0.3,1,BERT:bert_class_weighted,Class weight
1581,emscad_11484,"#URL_25e85371e7108e279a4b25d6e965889a44917879b7b587c905714ef30f933cb8# is a young, growing e-commerce company with our e",Athens Marketing Position,0,0,0.9999594688415527,4.0531158447265625e-05,0.3,1,BERT:bert_class_weighted,Class weight
1582,emscad_11485,Airenvy’s mission is to provide lucrative yet hassle free full service short term property management all around the wor,Digital Operations Internship,0,0,0.9999642372131348,3.5762786865234375e-05,0.3,1,BERT:bert_class_weighted,Class weight
1583,emscad_11492,"Babbel enables anyone to learn languages in an easy and interactive way. The learning system offers 13 languages, from E",Content Marketing Manager German,0,0,0.9999570250511169,4.297494888305664e-05,0.3,1,BERT:bert_class_weighted,Class weight
1584,emscad_11496,Duties,Freelance Academic Writer (Work From Home),0,0,0.9999467134475708,5.328655242919922e-05,0.3,1,BERT:bert_class_weighted,Class weight
1585,emscad_11498,RESPONSIBILITIES:,GIS Technician,0,0,0.9999581575393677,4.184246063232422e-05,0.3,1,BERT:bert_class_weighted,Class weight
1586,emscad_11519,"Ixonos is a global design + technology consultancy based out of Finland; With design studios in London, Helsinki, Košice",UX Designer - Web,0,0,0.9999527931213379,4.7206878662109375e-05,0.3,1,BERT:bert_class_weighted,Class weight
1587,emscad_11536,H WEDIA είναι μια ταχύτατα αναπτυσσόμενη ελληνική digital εταιρεία που δραστηριοποιείται από το 2009 στο χώρο των ψηφιακ,Web Designer,0,0,0.9999554753303528,4.45246696472168e-05,0.3,1,BERT:bert_class_weighted,Class weight
1588,emscad_11539,Aptitude Staffing Solutions has redesigned the recruiting wheel. Our innovative new platform cuts the recruiting time in,Research Engineer Data Science,1,1,0.0,1.0,0.3,1,BERT:bert_class_weighted,Class weight
1589,emscad_11541,Contentful ( #URL_0252efddcbc4b8f51969fca7b054595976ea4678fd880b3653151e618d447b33# ) is an API-first content management,Product Marketing Manager,0,0,0.9999421834945679,5.7816505432128906e-05,0.3,1,BERT:bert_class_weighted,Class weight
1590,emscad_11551,Aptitude Staffing Solutions has redesigned the recruiting wheel. Our innovative new platform cuts the recruiting time in,SEO Analysis,1,1,0.0,1.0,0.3,1,BERT:bert_class_weighted,Class weight
1591,emscad_11558,"The Edge is a multicultural ministry committed to reaching the urban/ hip-hop culture in mind, body and spirit. The Edge",Youth & Young Adult Pastor,0,0,0.9999580383300781,4.1961669921875e-05,0.3,1,BERT:bert_class_weighted,Class weight
1592,emscad_11566,Bright Edge and Aptitude Staffing Solutions have partnered up in an effort to streamline the hiring process and provide ,Information Security Manager,1,1,0.00048828125,0.99951171875,0.3,1,BERT:bert_class_weighted,Class weight
1593,emscad_11568,Established on the principles that full time education is not for everyone Spectrum Learning is made up of a team of pas,We are recruiting fragrance and beauty promotional staff in Manchester,0,0,0.9999616146087646,3.838539123535156e-05,0.3,1,BERT:bert_class_weighted,Class weight
1594,emscad_11569,InVision is a venture-backed startup working to create the world's best design communication and collaboration platform.,Vice President of Engineering (remote/telecommute),0,0,0.9999524354934692,4.756450653076172e-05,0.3,1,BERT:bert_class_weighted,Class weight
1595,emscad_11579,Want to build a 21st century financial service?,Community Ambassador Italian-speaking (Remote),0,0,0.9999647736549377,3.522634506225586e-05,0.3,1,BERT:bert_class_weighted,Class weight
1596,emscad_11582,"Shapeways is the leading 3D printing marketplace and community, empowering designers to bring amazing products to life. ",Financial Accountant,0,0,0.9999648928642273,3.510713577270508e-05,0.3,1,BERT:bert_class_weighted,Class weight
1597,emscad_11591,Our mission is to bring the world's best-loved local restaurants into everyone's home or office - fast.,Operations Manager,0,0,0.9999586939811707,4.13060188293457e-05,0.3,1,BERT:bert_class_weighted,Class weight
1598,emscad_11593,"Even though we’ve been industry leaders for years, we’ve never lost sight of our primary goal: to serve and protect our ","Life Insurance Agent - Portland, OR",0,0,0.999958336353302,4.166364669799805e-05,0.3,1,BERT:bert_class_weighted,Class weight
1599,emscad_11630,NL Group supplies specialist healthcare recruitment and staffing solutions to the NHS and private healthcare providers i,Accounts & Payroll Officer,0,0,0.9999662637710571,3.3736228942871094e-05,0.3,1,BERT:bert_class_weighted,Class weight
1600,emscad_11647,The Selectus Group is a customer focused organisation committed to providing high quality services to employees througho,IT Operations Team Leader,0,0,0.9999629259109497,3.707408905029297e-05,0.3,1,BERT:bert_class_weighted,Class weight
1601,emscad_11655,"We provide a fresh perspective to HR and career solutions. Building on solid expertise, international experience, and a ",Web Developer,0,0,0.9999632239341736,3.6776065826416016e-05,0.3,1,BERT:bert_class_weighted,Class weight
1602,emscad_11664,"Babbel enables anyone to learn languages in an easy and interactive way. The learning system offers 13 languages, from E",Team Coordinator Quality Assurance (m/f),0,0,0.9999533295631409,4.667043685913086e-05,0.3,1,BERT:bert_class_weighted,Class weight
1603,emscad_11666,AREX is a highly ambitious financial technology start-up in the alternative financial services space that aims to change,Senior Financial Engineer,0,0,0.9999551177024841,4.488229751586914e-05,0.3,1,BERT:bert_class_weighted,Class weight
1604,emscad_11676,If working in a cubical seems like your idea of hell then joining our awesome startup team might be the opportunity you’,Director of Growth / Product Marketing,0,0,0.9999592900276184,4.07099723815918e-05,0.3,1,BERT:bert_class_weighted,Class weight
1605,emscad_11684,"#URL_25e85371e7108e279a4b25d6e965889a44917879b7b587c905714ef30f933cb8# is a young, growing e-commerce company with our e",Product Buyer,0,0,0.9999556541442871,4.4345855712890625e-05,0.3,1,BERT:bert_class_weighted,Class weight
1606,emscad_11687,Forward3D is the largest independent digital marketing agency in Britain. We run cutting edge digital marketing campaign,Trainee PPC Analyst,0,0,0.9999665021896362,3.349781036376953e-05,0.3,1,BERT:bert_class_weighted,Class weight
1607,emscad_11715,Outstanding Member Service Starts With Outstanding People,Loan Officer / Account Executive,0,0,0.999961793422699,3.820657730102539e-05,0.3,1,BERT:bert_class_weighted,Class weight
1608,emscad_11731,We’re not doctors. We are geeks who understand doctors.,Android Developer (Kit Kat Kruncher),0,0,0.9999354481697083,6.455183029174805e-05,0.3,1,BERT:bert_class_weighted,Class weight
1609,emscad_11734,VENTURE Credit Union Cooperative Society Limited is a member-owned credit union based in Trinidad and Tobago. We are com,ICT Technician,0,0,0.9999538660049438,4.6133995056152344e-05,0.3,1,BERT:bert_class_weighted,Class weight
1610,emscad_11736,VENTURE Credit Union Cooperative Society Limited is a member-owned credit union based in Trinidad and Tobago. We are com,Member Service Representative,0,0,0.9999450445175171,5.4955482482910156e-05,0.3,1,BERT:bert_class_weighted,Class weight
1611,emscad_11745,"At Atlas Lift Tech, safety always comes first! We are a fast growing company with an innovative vision of making Safe Pa",CFO/Controller,0,0,0.9999647736549377,3.522634506225586e-05,0.3,1,BERT:bert_class_weighted,Class weight
1612,emscad_11755,Staffing & Recruiting done right for the Oil & Energy Industry!,UST Testing Technician,1,1,0.0,1.0,0.3,1,BERT:bert_class_weighted,Class weight
1613,emscad_11756,Staffing & Recruiting done right for the Oil & Energy Industry!,Plant Operator,1,1,0.0,1.0,0.3,1,BERT:bert_class_weighted,Class weight
1614,emscad_11758,Staffing & Recruiting done right for the Oil & Energy Industry!,UTC Lead Testing Technician,1,1,0.0,1.0,0.3,1,BERT:bert_class_weighted,Class weight
1615,emscad_11770,Aptitude Staffing Solutions has redesigned the recruiting wheel. Our innovative new platform cuts the recruiting time in,Product Development Engineer PLC,1,1,0.0,1.0,0.3,1,BERT:bert_class_weighted,Class weight
1616,emscad_11773,Who is AbZorba Games?,Mobile Games Developers: Android & iOS,0,0,0.9999552965164185,4.470348358154297e-05,0.3,1,BERT:bert_class_weighted,Class weight
1617,emscad_11779,InVision is a venture-backed startup working to create the world's best design communication and collaboration platform.,Content Marketing Writer / Editor (remote/telecommute),0,0,0.9999527931213379,4.7206878662109375e-05,0.3,1,BERT:bert_class_weighted,Class weight
1618,emscad_11787,"#URL_c59e83e0460115b6817e5222a26b0e0f821ffad0ef2167b473cb66e5e7192142# is the creator of the first ""Everywhere"" social n",Front-end developer,0,0,0.9999556541442871,4.4345855712890625e-05,0.3,1,BERT:bert_class_weighted,Class weight
1619,emscad_11792,"Reinventing the specialty mortgage servicing process by providing the highest level of customer service to our clients, ",Litigation Specialist,0,0,0.9999573230743408,4.267692565917969e-05,0.3,1,BERT:bert_class_weighted,Class weight
1620,emscad_11800,MarkaVIP is the leading online fashion destination in the Middle East and North Africa. We build and curate amazing prod,Community Manager - Social Media Executive,0,0,0.9999592900276184,4.07099723815918e-05,0.3,1,BERT:bert_class_weighted,Class weight
1621,emscad_11803,“Pride is a personal commitment. It is an attitude which separates excellence from mediocrity.” – Author Unknown,Assistant Retail Manager -- Must LOVE Dogs,0,0,0.9999619126319885,3.808736801147461e-05,0.3,1,BERT:bert_class_weighted,Class weight
1622,emscad_11807,MISSION:,EXPERIENCED CAREGIVERS NEEDED TODAY!THE BEST PAY & AWESOME BENEFITS!!,0,0,0.9999658465385437,3.415346145629883e-05,0.3,1,BERT:bert_class_weighted,Class weight
1623,emscad_11809,"Overview We’re on a mission to identify a hands-on IT security professional to design web app vulnerability assessments,",Information Security Analyst,0,0,0.9999516606330872,4.83393669128418e-05,0.3,1,BERT:bert_class_weighted,Class weight
1624,emscad_11811,We Provide Full Time Permanent Positions for many medium to large US companies. We are interested in finding/recruiting ,"Mechanical Design Engineer - CAD CAE 3D - Baltimore, MD",0,0,0.9999616146087646,3.838539123535156e-05,0.3,1,BERT:bert_class_weighted,Class weight
1625,emscad_11823,BADR is an established company that is striding in to the world of big-data with formal expertise and the right technolo,Senior Data Engineer,0,0,0.9999580383300781,4.1961669921875e-05,0.3,1,BERT:bert_class_weighted,Class weight
1626,emscad_11826,Our History,Inside Sales Representative (San Diego),0,0,0.9999625086784363,3.74913215637207e-05,0.3,1,BERT:bert_class_weighted,Class weight
1627,emscad_11831,Interactive Strategies is a boutique digital agency whose strength lies in understanding the complex relationship that e,Senior Content Strategist & Copywriter,0,0,0.9999642372131348,3.5762786865234375e-05,0.3,1,BERT:bert_class_weighted,Class weight
1628,emscad_11833,"DICE gets fans the best tickets at face value with No Booking Fees. We're based in Shoreditch, London and 100% mobile so",Street Team,0,0,0.9999591708183289,4.082918167114258e-05,0.3,1,BERT:bert_class_weighted,Class weight
1629,emscad_11843,SnapStream is powerful television search technology used by organizations that want to put their finger on the pulse of ,Customer Success Specialist,0,0,0.9999604225158691,3.9577484130859375e-05,0.3,1,BERT:bert_class_weighted,Class weight
1630,emscad_11845,"Based in the South of England, Sentios Technology provides managed kiosk solutions and service delivery for end users an",Software Developer,0,0,0.9999620914459229,3.790855407714844e-05,0.3,1,BERT:bert_class_weighted,Class weight
1631,emscad_11859,Our team is carefully balanced with the best specialists in the healthcare market and experts in web development and use,PHP Developer (PHP Ninja!),0,0,0.9999419450759888,5.805492401123047e-05,0.3,1,BERT:bert_class_weighted,Class weight
1632,emscad_11863,We’re always looking for highly motivated “founder-types” to join us as we grow. Here’s what you need to know.,Quality Assurance Engineer,0,0,0.9999432563781738,5.6743621826171875e-05,0.3,1,BERT:bert_class_weighted,Class weight
1633,emscad_11871,"Founded in 2010 by a team from Google’s London and New York offices, Qubit work with some of the biggest names in Online",Associate Strategist,0,0,0.9999622106552124,3.7789344787597656e-05,0.3,1,BERT:bert_class_weighted,Class weight
1634,emscad_11872,Zimplistic is product design and R&D company pioneering new ways to leverage robotic technology to improve our daily liv,Senior Electronics Hardware Engineer,0,0,0.9999605417251587,3.9458274841308594e-05,0.3,1,BERT:bert_class_weighted,Class weight
1635,emscad_11874,"Populist Cleaning Co. is an independently owned, full-service commercial cleaning company. Populist has been providing j",Part Time Cleaner- Chelsea/Dexter,0,0,0.9999578595161438,4.214048385620117e-05,0.3,1,BERT:bert_class_weighted,Class weight
1636,emscad_11878,"At iMATCHATIVE, we believe in the power of science and technology to inspire creative solutions and to transform busines",Data Engineer,0,0,0.9999599456787109,4.00543212890625e-05,0.3,1,BERT:bert_class_weighted,Class weight
1637,emscad_11882,Priority Care Group are a family run care group with 6 Care Homes in Scotland.,Registered Nurse,0,0,0.999963104724884,3.68952751159668e-05,0.3,1,BERT:bert_class_weighted,Class weight
1638,emscad_11890,Workable is a venture-backed startup making cloud-based recruitment software for fast-growing companies around the world,Developer (Front-end team),0,0,0.9998944401741028,0.0001055598258972168,0.3,1,BERT:bert_class_weighted,Class weight
1639,emscad_11921,The OneReach team is comprised of a diverse group of wonderful people from all walks of life. We’re currently hiring for,.NET Developer,0,0,0.9999481439590454,5.1856040954589844e-05,0.3,1,BERT:bert_class_weighted,Class weight
1640,emscad_11926,i-Recruit LLC is one of the leading full service recruitment solutions company. We offer a wide range of recruitment sol,Sr. Network Engineer,0,0,0.9999635219573975,3.647804260253906e-05,0.3,1,BERT:bert_class_weighted,Class weight
1641,emscad_11930,"Babbel enables anyone to learn languages in an easy and interactive way. The learning system offers 13 languages, from E",Head of CRM,0,0,0.9999581575393677,4.184246063232422e-05,0.3,1,BERT:bert_class_weighted,Class weight
1642,emscad_11939,"Valor Services provides Workforce Solutions that meet the needs of companies across the Private Sector, with a special f",DOT Manager,0,0,0.9999662637710571,3.3736228942871094e-05,0.3,1,BERT:bert_class_weighted,Class weight
1643,emscad_11954,We believe cities are complicated. And your mobile device should save you from the everyday challenges of living in them,Infrastructure/ Data Engineer,0,0,0.9999511241912842,4.887580871582031e-05,0.3,1,BERT:bert_class_weighted,Class weight
1644,emscad_11962,"Maxnet offers Staff Augmentation Solutions for Big Data Analytics in Retail, Healthcare and Regulatory & Compliance.",BA Recon GL,0,0,0.9999575018882751,4.2498111724853516e-05,0.3,1,BERT:bert_class_weighted,Class weight
1645,emscad_11974,We are an innovative personnel-sourcing firm with solid team strength in recruiting candidates for various domains in th,"ASP.net Developer Job opportunity at United States,New Jersey",0,0,0.9999639391899109,3.606081008911133e-05,0.3,1,BERT:bert_class_weighted,Class weight
1646,emscad_11978,We are an innovative personnel-sourcing firm with solid team strength in recruiting candidates for various domains in th,"Senior Counsel Job opportunity at California,Santa Rosa",0,0,0.9999638199806213,3.618001937866211e-05,0.3,1,BERT:bert_class_weighted,Class weight
1647,emscad_11981,"Vend is looking for some awesome new talent to come join us. You'll be working in an awesome team doing awesome things, ",Systems Engineer,0,0,0.9999514818191528,4.851818084716797e-05,0.3,1,BERT:bert_class_weighted,Class weight
1648,emscad_11983,Established on the principles that full time education is not for everyone Spectrum Learning is made up of a team of pas,Leicester Fragrance and Beauty Promotional Staff,0,0,0.999965488910675,3.451108932495117e-05,0.3,1,BERT:bert_class_weighted,Class weight
1649,emscad_11985,EROAD was established to modernise New Zealand’s paper-based RUC regime and in 2009 launched the world’s first GPS/cellu,Customer Order Specialist,0,0,0.9999648928642273,3.510713577270508e-05,0.3,1,BERT:bert_class_weighted,Class weight
1650,emscad_11995,"Straight Edge Technology is a team comprised of quality individuals with the skills, knowledge, education and experience",Office Administrator / Service Coordinator,0,0,0.9999616146087646,3.838539123535156e-05,0.3,1,BERT:bert_class_weighted,Class weight
1651,emscad_11997,VisaHQ hires a diverse and internationally minded staff of professional and reliable employees who are dedicated to brea,Passport and Visa Specialist,0,0,0.9999578595161438,4.214048385620117e-05,0.3,1,BERT:bert_class_weighted,Class weight
1652,emscad_12008,MISSION:,EXPERIENCED CAREGIVERS NEEDED TODAY!THE BEST PAY & AWESOME BENEFITS!!,0,0,0.9999658465385437,3.415346145629883e-05,0.3,1,BERT:bert_class_weighted,Class weight
1653,emscad_12060,Job Description,Junior Developer,0,0,0.9999594688415527,4.0531158447265625e-05,0.3,1,BERT:bert_class_weighted,Class weight
1654,emscad_12061,"Keycafe is the leading key exchange solution for Airbnb hosts, property managers and real estate agents. We have over 10",Community Manager,0,0,0.999963641166687,3.635883331298828e-05,0.3,1,BERT:bert_class_weighted,Class weight
1655,emscad_12064,"WebLinc is the e-commerce platform and services provider for the fastest growing online retailers. WebLinc’s modern, agi",Ruby On Rails Developer,0,0,0.9999580383300781,4.1961669921875e-05,0.3,1,BERT:bert_class_weighted,Class weight
1656,emscad_12068,Zylun’s mission is to help small and medium size enterprises take advantage of a highly skilled global workforce in a si,ANDROID DEVELOPER,0,0,0.999956488609314,4.3511390686035156e-05,0.3,1,BERT:bert_class_weighted,Class weight
1657,emscad_12089,"Namely is the leading end-to-end HR and payroll platform for growing companies. Offerings include human payroll, benefit",Sales Operations Analyst,0,0,0.9999538660049438,4.6133995056152344e-05,0.3,1,BERT:bert_class_weighted,Class weight
1658,emscad_12090,"Founded in 2010 by a team from Google’s London and New York offices, Qubit work with some of the biggest names in Online",Product Marketing Manager,0,0,0.9999635219573975,3.647804260253906e-05,0.3,1,BERT:bert_class_weighted,Class weight
1659,emscad_12091,"Social Care Alba is the highest graded Care at Home Company in the country. We hold awards in Investors in People, Healt",Support Worker (Care),0,0,0.9999632239341736,3.6776065826416016e-05,0.3,1,BERT:bert_class_weighted,Class weight
1660,emscad_12123,Alert Logic offers Security-as-a-Service in the cloud — a platform of fully managed products and services to keep your d,Partner Platform Manager (Microsoft Azure),0,0,0.9999634027481079,3.6597251892089844e-05,0.3,1,BERT:bert_class_weighted,Class weight
1661,emscad_12124,We Provide Full Time Permanent Positions for many medium to large US companies. We are interested in finding/recruiting ,Electrical Maintenance Technician,0,0,0.9999600648880005,3.993511199951172e-05,0.3,1,BERT:bert_class_weighted,Class weight
1662,emscad_12127,Our passion for improving quality of life through geography is at the heart of everything we do. Esri’s geographic infor,"Account Executive - Houston, TX",0,0,0.9999662637710571,3.3736228942871094e-05,0.3,1,BERT:bert_class_weighted,Class weight
1663,emscad_12141,Mission Statement,Physical Occupational Therapists,0,0,0.9999622106552124,3.7789344787597656e-05,0.3,1,BERT:bert_class_weighted,Class weight
1664,emscad_12144,MISSION:,EXPERIENCED CAREGIVERS NEEDED TODAY!THE BEST PAY & AWESOME BENEFITS!!,0,0,0.9999656081199646,3.439188003540039e-05,0.3,1,BERT:bert_class_weighted,Class weight
1665,emscad_12148,"The RealReal is changing the way people buy and sell luxury items. The leader in luxury resale, the company is a full se",Associate Luxury Manager,0,0,0.9999591708183289,4.082918167114258e-05,0.3,1,BERT:bert_class_weighted,Class weight
1666,emscad_12157,"Social Care Alba is the highest graded Care at Home Company in the country. We hold awards in Investors in People, Healt",Personal Assistant (Support Worker),0,0,0.9999634027481079,3.6597251892089844e-05,0.3,1,BERT:bert_class_weighted,Class weight
1667,emscad_12158,We Provide Full Time Permanent Positions for many medium to large US companies. We are interested in finding/recruiting ,Network Administrator-Terminal Services,0,0,0.9999643564224243,3.5643577575683594e-05,0.3,1,BERT:bert_class_weighted,Class weight
1668,emscad_12170,The best word to describe PCP’s culture is PRIDE. Pride in our company. Pride in our job. And pride in our relationships,File Clerk,0,0,0.9999505281448364,4.947185516357422e-05,0.3,1,BERT:bert_class_weighted,Class weight
1669,emscad_12172,"ABC Supply Co., Inc. is the nation’s largest wholesale distributor of roofing and one of the largest distributors of sid",Inside Sales Professional-Flint,0,0,0.9999608397483826,3.916025161743164e-05,0.3,1,BERT:bert_class_weighted,Class weight
1670,emscad_12181,"Marketing Mob specializes in placing interim, project-based and contract-to-hire marketing consultants in small business","Marketing Consultants, Contractors and Freelancers Needed",0,0,0.9999578595161438,4.214048385620117e-05,0.3,1,BERT:bert_class_weighted,Class weight
1671,emscad_12189,Established on the principles that full time education is not for everyone Spectrum Learning is made up of a team of pas,Department store hostesses,0,0,0.999963641166687,3.635883331298828e-05,0.3,1,BERT:bert_class_weighted,Class weight
1672,emscad_12201,Our History,Driver - Light Duty (Hayward),0,0,0.9999620914459229,3.790855407714844e-05,0.3,1,BERT:bert_class_weighted,Class weight
1673,emscad_12202,"We’re on the hunt for talented, energetic individuals who’re looking to gain experience, and pick some new tricks from a",Operations Internship,0,0,0.9998854398727417,0.00011456012725830078,0.3,1,BERT:bert_class_weighted,Class weight
1674,emscad_12213,"The focus of this position is on-time delivery of accurate CNC programs, via CAD/CAM, to the production department while",Production Coordinator / Purchasing,0,0,0.9999362230300903,6.377696990966797e-05,0.3,1,BERT:bert_class_weighted,Class weight
1675,emscad_12217,"Social Care Alba is the highest graded Care at Home Company in the country. We hold awards in Investors in People, Healt",Personal Care Assistant,0,0,0.9999632239341736,3.6776065826416016e-05,0.3,1,BERT:bert_class_weighted,Class weight
1676,emscad_12219,Established on the principles that full time education is not for everyone Spectrum Learning is made up of a team of pas,Fragrance and Beauty Sales/Promotional Staff needed,0,0,0.9999629259109497,3.707408905029297e-05,0.3,1,BERT:bert_class_weighted,Class weight
1677,emscad_12224,Ready to let your star shine? Discover the career you’ve been dreaming about at AvaStars where...,Rising Star (3rd Key Holder) - Kenwood Towne Centre,0,0,0.9999576807022095,4.2319297790527344e-05,0.3,1,BERT:bert_class_weighted,Class weight
1678,emscad_12227,Zylun’s mission is to help small and medium size enterprises take advantage of a highly skilled global workforce in a si,PHP DEVELOPER WITH WORDPRESS,0,0,0.9999597668647766,4.023313522338867e-05,0.3,1,BERT:bert_class_weighted,Class weight
1679,emscad_12231,H WEDIA είναι μια ταχύτατα αναπτυσσόμενη ελληνική digital εταιρεία που δραστηριοποιείται από το 2009 στο χώρο των ψηφιακ,Systems Administrator,0,0,0.9999580383300781,4.1961669921875e-05,0.3,1,BERT:bert_class_weighted,Class weight
1680,emscad_12234,"The RealReal is changing the way people buy and sell luxury items. The leader in luxury resale, the company is a full se",Wardrobe Assistant,0,0,0.9999626278877258,3.737211227416992e-05,0.3,1,BERT:bert_class_weighted,Class weight
1681,emscad_12246,About ECHOING GREEN :,"Senior Associate, Black Male Achievement Fellowship",0,0,0.9999578595161438,4.214048385620117e-05,0.3,1,BERT:bert_class_weighted,Class weight
1682,emscad_12268,About ECHOING GREEN :,Director of Strategic Communications,0,0,0.9999597668647766,4.023313522338867e-05,0.3,1,BERT:bert_class_weighted,Class weight
1683,emscad_12278,Flite delivers ad innovation at scale to the world's top publishers and brands. Marketers use the self-service Flite Pla,Marketing Communications Manager,0,0,0.9999642372131348,3.5762786865234375e-05,0.3,1,BERT:bert_class_weighted,Class weight
1684,emscad_12279,"Our job is to make what you do, what you say and how you say it live up to consumers expectations.","UI / UX designer, sr",0,0,0.9999551177024841,4.488229751586914e-05,0.3,1,BERT:bert_class_weighted,Class weight
1685,emscad_12281,"With offices in San Francisco, Orlando and New York, Vantage PR is an award-winning public relations and social media ag",PR Assistant @ Tech PR Agency,0,0,0.9999644756317139,3.552436828613281e-05,0.3,1,BERT:bert_class_weighted,Class weight
1686,emscad_12293,"Meet cove, a network of neighborhood productive spaces with a community defining how to be productive together. We are a","Onsite Host (Washington, DC)",0,0,0.9999563694000244,4.363059997558594e-05,0.3,1,BERT:bert_class_weighted,Class weight
1687,emscad_12302,"Piece & Co. sources custom, artisan-made products and accessories for some of the world's top fashion and retail brands.",Sales Director,0,0,0.9999626278877258,3.737211227416992e-05,0.3,1,BERT:bert_class_weighted,Class weight
1688,emscad_12306,"At Hayes-Corp, we create the fun stuff. With a focus on software development for mobile platforms, we are constantly loo","Executive Assistant (Tech, Internet, Global, Mobile, Growth)",0,0,0.9999620914459229,3.790855407714844e-05,0.3,1,BERT:bert_class_weighted,Class weight
1689,emscad_12309,"Job Overview Apex is an environmental consulting firm that offers stable leadership and growth, views employees as valua",Drinking Water/Wastewater Operator,0,0,0.9999514818191528,4.851818084716797e-05,0.3,1,BERT:bert_class_weighted,Class weight
1690,emscad_12323,We Provide Full Time Permanent Positions for many medium to large US companies. We are interested in finding/recruiting ,Engineering Manager - Project Engineering Exp - TX,0,0,0.999963641166687,3.635883331298828e-05,0.3,1,BERT:bert_class_weighted,Class weight
1691,emscad_12333,Tutor Doctor Carrollton consists of passionate tutors that would like to make a difference in children's education. We m,Math Tutor,0,0,0.9999613165855408,3.8683414459228516e-05,0.3,1,BERT:bert_class_weighted,Class weight
1692,emscad_12336,"Typeform is a tech start-up which is transforming data collection into a flexible, intuitive and incredibly engaging use",Developer - Front end and Back end,0,0,0.9999391436576843,6.085634231567383e-05,0.3,1,BERT:bert_class_weighted,Class weight
1693,emscad_12341,"We are The Clever Consultancy Ltd. We recruit in to the fields of Digital, Marketing & PR and we work across Surrey, Ham",Email Marketing Executive,0,0,0.9999592900276184,4.07099723815918e-05,0.3,1,BERT:bert_class_weighted,Class weight
1694,emscad_12343,We Build Great Companies,Operations Officer,0,0,0.9999469518661499,5.3048133850097656e-05,0.3,1,BERT:bert_class_weighted,Class weight
1695,emscad_12346,"Flight pricing is highly complex and opaque, so travelers often don't have the information they need to get the best dea",Software Engineer,0,0,0.999961793422699,3.820657730102539e-05,0.3,1,BERT:bert_class_weighted,Class weight
1696,emscad_12366,"If you are someone who loves to learn new things; design, develop and implement stunning web-based solutions; we need yo",PHP Developer,0,0,0.9999234080314636,7.659196853637695e-05,0.3,1,BERT:bert_class_weighted,Class weight
1697,emscad_12378,Need profile with good financial exp,SQL Server Developer,0,0,0.9997220039367676,0.0002779960632324219,0.3,1,BERT:bert_class_weighted,Class weight
1698,emscad_12379,Established on the principles that full time education is not for everyone Spectrum Learning is made up of a team of pas,Elland Administrator Apprenticeship Under NAS 16-18 Year Olds Only,0,0,0.9999644756317139,3.552436828613281e-05,0.3,1,BERT:bert_class_weighted,Class weight
1699,emscad_12392,"Born out of the leanest of lean methodology, ParcelBright has grown exponentially in a really short space of time. We ar",Senior Software Engineer,0,0,0.9999578595161438,4.214048385620117e-05,0.3,1,BERT:bert_class_weighted,Class weight
1700,emscad_12427,"We're an emerging technology agency, and we build breakthrough products through user-centered design. We're building a t","Director, iOS",0,0,0.9999511241912842,4.887580871582031e-05,0.3,1,BERT:bert_class_weighted,Class weight
1701,emscad_12434,Making Mobile Device Management Clear is Clearmark Technologies mission. Our team is made up of bright people who thrive,Sales Professional- SMB,1,1,0.0,1.0,0.3,1,BERT:bert_class_weighted,Class weight
1702,emscad_12442,"Founded in 2010 by a team from Google’s London and New York offices, Qubit work with some of the biggest names in Online",Graduate Client Engineer 2015,0,0,0.9999634027481079,3.6597251892089844e-05,0.3,1,BERT:bert_class_weighted,Class weight
1703,emscad_12449,Visual BI is one of the leading and fastest growing firms focusing exclusively on BI & Analytics. Our offerings cover en,BI Technology Intern,0,0,0.9999597668647766,4.023313522338867e-05,0.3,1,BERT:bert_class_weighted,Class weight
1704,emscad_12461,We’re always looking for highly motivated “founder-types” to join us as we grow. Here’s what you need to know.,Data Engineer,0,0,0.9999430775642395,5.692243576049805e-05,0.3,1,BERT:bert_class_weighted,Class weight
1705,emscad_12472,"352 Inc. is a full-service digital agency creating websites, software and marketing campaigns. We partner with great cli",Quality Assurance Analyst,0,0,0.999945878982544,5.412101745605469e-05,0.3,1,BERT:bert_class_weighted,Class weight
1706,emscad_12494,#URL_c914851eb385d8c6471d602008fc4e84780de02287ca6ee67080b5f24864592f# is a developers tools provider based in LasVegas ,UI/UX Designer,0,0,0.9999274611473083,7.253885269165039e-05,0.3,1,BERT:bert_class_weighted,Class weight
1707,emscad_12496,POSist is a completely cloud based POS for Restaurant industry.. It helps a standalone food outlet to a large food chain,Senior Area Sales Manager - Mumbai,0,0,0.9999568462371826,4.315376281738281e-05,0.3,1,BERT:bert_class_weighted,Class weight
1708,emscad_12503,VisaHQ hires a diverse and internationally minded staff of professional and reliable employees who are dedicated to brea,Passport and Visa Specialist,0,0,0.9999578595161438,4.214048385620117e-05,0.3,1,BERT:bert_class_weighted,Class weight
1709,emscad_12508,Hawkeye Recruitment provides cost effective recruitment advertising solutions to help you cast the widest net to find th,Truck Driver - CDL Truck Driver - Truck Driving Jobs,0,0,0.9999614953994751,3.8504600524902344e-05,0.3,1,BERT:bert_class_weighted,Class weight
1710,emscad_12516,#URL_c914851eb385d8c6471d602008fc4e84780de02287ca6ee67080b5f24864592f# is a developers tools provider based in LasVegas ,UI/UX Designer,0,0,0.9999274611473083,7.253885269165039e-05,0.3,1,BERT:bert_class_weighted,Class weight
1711,emscad_12518,"Providing reliable library automation solutions since 1985, Surpass Software is today used world-wide. School media cent",Software Support Representative,0,0,0.999963104724884,3.68952751159668e-05,0.3,1,BERT:bert_class_weighted,Class weight
1712,emscad_12530,Hawkeye Recruitment provides cost effective recruitment advertising solutions to help you cast the widest net to find th,Affordable Housing Site Manager,0,0,0.9999620914459229,3.790855407714844e-05,0.3,1,BERT:bert_class_weighted,Class weight
1713,emscad_12534,#URL_c379aa631173ed5b7c345ab3f500a9a053e509138ca70e52c1088e5a784dc8d7# is a modern online travel agency that was founded,IT Trainee,0,0,0.9999597668647766,4.023313522338867e-05,0.3,1,BERT:bert_class_weighted,Class weight
1714,emscad_12544,"At Atlas Lift Tech, safety always comes first! We are a fast growing company with an innovative vision of making Safe Pa",Regional Sales Representative,0,0,0.9999644756317139,3.552436828613281e-05,0.3,1,BERT:bert_class_weighted,Class weight
1715,emscad_12550,Hawkeye Recruitment provides cost effective recruitment advertising solutions to help you cast the widest net to find th,PROGRAMMER ANALYST: C#,0,0,0.9999610185623169,3.898143768310547e-05,0.3,1,BERT:bert_class_weighted,Class weight
1716,emscad_12560,"Social Care Alba is the highest graded Care at Home Company in the country. We hold awards in Investors in People, Healt",Personal Assistant (Carer),0,0,0.9999635219573975,3.647804260253906e-05,0.3,1,BERT:bert_class_weighted,Class weight
1717,emscad_12586,About the Company,Mobile UI Designer,0,0,0.9999594688415527,4.0531158447265625e-05,0.3,1,BERT:bert_class_weighted,Class weight
1718,emscad_12590,"From the lands of Can Do, Roll Our Sleeves Up and Get It Done, we create and solve things previously unimaginable. We’re",Solutions Consultants,0,0,0.9999588131904602,4.118680953979492e-05,0.3,1,BERT:bert_class_weighted,Class weight
1719,emscad_12598,"We’ve built revolutionary technology that is changing the way people get around cities. Using Via, a luxury ride booked ",MBA Intern,0,0,0.9999591708183289,4.082918167114258e-05,0.3,1,BERT:bert_class_weighted,Class weight
1720,emscad_12600,"At Total Eclipse we create fun, original, and addictive games that are easy to learn yet hard to master. We have a stron",Illustrator for Games,0,0,0.99994957447052,5.042552947998047e-05,0.3,1,BERT:bert_class_weighted,Class weight
1721,emscad_12610,The OneReach team is comprised of a diverse group of wonderful people from all walks of life. We’re currently hiring for,Application Developer | JavaScript/HTML/Node.JS,0,0,0.9999529719352722,4.70280647277832e-05,0.3,1,BERT:bert_class_weighted,Class weight
1722,emscad_12618,InVision is a venture-backed startup working to create the world's best design communication and collaboration platform.,Marketing & Growth Lead (telecommute),0,0,0.9999465346336365,5.346536636352539e-05,0.3,1,BERT:bert_class_weighted,Class weight
1723,emscad_12620,CareerStarter is a new recruitment process outsourcing company helping great companies find top talent. Check out our la,"Major Account Executive- Philadelphia, PA.",0,0,0.9999585151672363,4.1484832763671875e-05,0.3,1,BERT:bert_class_weighted,Class weight
1724,emscad_12640,The Boston Consulting Group ( #URL_45423e1e16703aa4d8ee444d3ad69bb51525f1dad0b3115713cf80dc496299e2# ) has launched a ne,Human Centered Industrial Designer,0,0,0.999958336353302,4.166364669799805e-05,0.3,1,BERT:bert_class_weighted,Class weight
1725,emscad_12645,The Albany Charter School Network is a family of charter schools in the City of Albany that works to prepare children fo,8th Grade Science Teacher,0,0,0.999961793422699,3.820657730102539e-05,0.3,1,BERT:bert_class_weighted,Class weight
1726,emscad_12648,"Responsibilities would include, but are not limited to the following: Work closely with the various civil engineering, e",Entry Level Drafting Position,0,1,0.01025390625,0.98974609375,0.3,0,BERT:bert_class_weighted,Class weight
1727,emscad_12649,"We are looking for a full-time software engineer to join a high frequency algorithmic trading team based in Athens, work",Software Engineer - Algorithmic Trading,0,0,0.9999339580535889,6.604194641113281e-05,0.3,1,BERT:bert_class_weighted,Class weight
1728,emscad_12657,"Focus Lab, LLC is a boutique brand and interactive design company headquartered in the heart of Savannah, Ga. Our client",UI Designer,0,0,0.9999499320983887,5.0067901611328125e-05,0.3,1,BERT:bert_class_weighted,Class weight
1729,emscad_12666,"Namely is the leading end-to-end HR and payroll platform for growing companies. Offerings include human payroll, benefit",Senior Visual Designer,0,0,0.9999563694000244,4.363059997558594e-05,0.3,1,BERT:bert_class_weighted,Class weight
1730,emscad_12678,Outstanding Member Service Starts With Outstanding People,User Support Technician,0,0,0.9999536871910095,4.6312808990478516e-05,0.3,1,BERT:bert_class_weighted,Class weight
1731,emscad_12684,"Social Care Alba is the highest graded Care at Home Company in the country. We hold awards in Investors in People, Healt",Personal Care Assistant,0,0,0.9999634027481079,3.6597251892089844e-05,0.3,1,BERT:bert_class_weighted,Class weight
1732,emscad_12704,"Ryanair is Europe’s favourite low fares airline, operating more than 1,600 daily flights (over 500,000 per year) from 69",Charge Back Administrator,0,0,0.9999524354934692,4.756450653076172e-05,0.3,1,BERT:bert_class_weighted,Class weight
1733,emscad_12707,"Focus Lab, LLC is a boutique brand and interactive design company headquartered in the heart of Savannah, Ga. Our client",UI Designer,0,0,0.9999497532844543,5.02467155456543e-05,0.3,1,BERT:bert_class_weighted,Class weight
1734,emscad_12731,"What we are looking for: A tenacious, friendly sales representative who has great communication skills and is comfortabl",Office Assistant,0,0,0.9998427629470825,0.00015723705291748047,0.3,1,BERT:bert_class_weighted,Class weight
1735,emscad_12738,Two Bulls is a boutique software development firm. We work with a select group of major clients and leading startups to ,Graduate Developer,0,0,0.999934732913971,6.526708602905273e-05,0.3,1,BERT:bert_class_weighted,Class weight
1736,emscad_12745,"Squiz is one of the world's leading web solutions companies. We design, build and manage engaging websites and online ap",Business Manager,0,0,0.9999599456787109,4.00543212890625e-05,0.3,1,BERT:bert_class_weighted,Class weight
1737,emscad_12749,Established on the principles that full time education is not for everyone Spectrum Learning is made up of a team of pas,Southend-on-Sea Traineeships Under NAS 16-18 Year Olds Only,0,0,0.9999658465385437,3.415346145629883e-05,0.3,1,BERT:bert_class_weighted,Class weight
1738,emscad_12751,"Advocate Construction is an up and coming leader in the disaster recovery industry, In early 2012, Advocate was founded ",Entry Level Sales and Marketing Rep - St. Louis Area,0,0,0.9999623894691467,3.7610530853271484e-05,0.3,1,BERT:bert_class_weighted,Class weight
1739,emscad_12765,"Babbel enables anyone to learn languages in an easy and interactive way. The learning system offers 13 languages, from E",Senior Backend Engineer (Feature Development),0,0,0.9999589920043945,4.100799560546875e-05,0.3,1,BERT:bert_class_weighted,Class weight
1740,emscad_12768,Established on the principles that full time education is not for everyone Spectrum Learning is made up of a team of pas,Altens Aberdeen Driving Goods Vehicle Apprenticeship Under NAS 18 Year Olds Only,0,0,0.9999635219573975,3.647804260253906e-05,0.3,1,BERT:bert_class_weighted,Class weight
1741,emscad_12771,Quiénes Somos,Embedded Software Engineer,0,0,0.9998607635498047,0.0001392364501953125,0.3,1,BERT:bert_class_weighted,Class weight
1742,emscad_12772,CGSoft provides innovative software products and requisite high-standard services which cover the whole spectrum of “e-b,Junior Consultant,0,0,0.9999561905860901,4.380941390991211e-05,0.3,1,BERT:bert_class_weighted,Class weight
1743,emscad_12779,We are a digital marketing agency with an emphasis upon quality development that is developed and sold in a consultative,Sales Agents $400/wk Plus Commission,0,0,0.9999570250511169,4.297494888305664e-05,0.3,1,BERT:bert_class_weighted,Class weight
1744,emscad_12784,Take Out Brands is a food franchise business with a #URL_4524df5c91ce800c4ba16ef1406d622db7d51d37105a7fcee27521e61854615,Part-time In-Store Assistants (Papa John's Pizza),0,0,0.9999597668647766,4.023313522338867e-05,0.3,1,BERT:bert_class_weighted,Class weight
1745,emscad_12785,"We need someone urgently experienced with Continuous deployment automation in AWS using Chef, Jenkins etc. ideal,candida",Devops/Cloud/Aws Engineer,0,0,0.9999423623085022,5.7637691497802734e-05,0.3,1,BERT:bert_class_weighted,Class weight
1746,emscad_12795,The Boston Consulting Group ( #URL_45423e1e16703aa4d8ee444d3ad69bb51525f1dad0b3115713cf80dc496299e2# ) has launched a ne,Solutions Architect,0,0,0.9999616146087646,3.838539123535156e-05,0.3,1,BERT:bert_class_weighted,Class weight
1747,emscad_12813,Community Action Partnership of Ramsey & Washington Counties (Community Action) was established in 1964 as a program of ,Legislative Liaison,0,0,0.9999561905860901,4.380941390991211e-05,0.3,1,BERT:bert_class_weighted,Class weight
1748,emscad_12816,"Aker Solutions is a global provider of products, systems and services to the oil and gas industry. Our engineering, desi",Project QA Engineer,1,1,0.0,1.0,0.3,1,BERT:bert_class_weighted,Class weight
1749,emscad_12817,Our History,Driver - Light Duty (Phoenix),0,0,0.9999638199806213,3.618001937866211e-05,0.3,1,BERT:bert_class_weighted,Class weight
1750,emscad_12822,"Founded in 2010 by a team from Google’s London and New York offices, Qubit work with some of the biggest names in Online",UX Architect & Designer,0,0,0.9999642372131348,3.5762786865234375e-05,0.3,1,BERT:bert_class_weighted,Class weight
1751,emscad_12839,Outstanding Member Service Starts With Outstanding People,Branch Associate,0,0,0.9999549388885498,4.506111145019531e-05,0.3,1,BERT:bert_class_weighted,Class weight
1752,emscad_12856,Position Title: Systems Engineer V,Oracle Siebel CRM Consultant,0,0,0.999919056892395,8.094310760498047e-05,0.3,1,BERT:bert_class_weighted,Class weight
1753,emscad_12859,"We are an international, venture backed team making it easy for millions of students worldwide to find and book their ac",Junior Accounts Assistant,0,0,0.9999623894691467,3.7610530853271484e-05,0.3,1,BERT:bert_class_weighted,Class weight
1754,emscad_12860,We Provide Full Time Permanent Positions for many medium to large US companies. We are interested in finding/recruiting ,Manager-Plastics Mfg Engineering - Full Time Permanent Job,0,0,0.9999623894691467,3.7610530853271484e-05,0.3,1,BERT:bert_class_weighted,Class weight
1755,emscad_12869,Established on the principles that full time education is not for everyone Spectrum Learning is made up of a team of pas,Beauty & Fragrance consultants,0,0,0.9999650716781616,3.4928321838378906e-05,0.3,1,BERT:bert_class_weighted,Class weight
1756,emscad_12872,"Meet cove, a network of neighborhood productive spaces with a community defining how to be productive together. We are a",City Marketing Manager,0,0,0.9999572038650513,4.279613494873047e-05,0.3,1,BERT:bert_class_weighted,Class weight
1757,emscad_12884,"Crossroads Treatment Centers is a nationally-accredited, medication-assisted, out-patient program that delivers fast, ef",Licensed Practical Nurse - Part-time & PRN (Asheville Center),0,0,0.9999640583992004,3.594160079956055e-05,0.3,1,BERT:bert_class_weighted,Class weight
1758,emscad_12887,Established on the principles that full time education is not for everyone Spectrum Learning is made up of a team of pas,Birmingham Admin Assistant Apprenticeship Under NAS 16-18 Year Olds Only,0,0,0.9999651908874512,3.4809112548828125e-05,0.3,1,BERT:bert_class_weighted,Class weight
1759,emscad_12890,Seeking full and part-time day janitors and supervisors to clean commercial office buildings in San Francisco. Duties in,Janitors (San Francisco),0,0,0.9999023675918579,9.763240814208984e-05,0.3,1,BERT:bert_class_weighted,Class weight
1760,emscad_12895,"WDM Group is an innovative, forward thinking digital company aimed at bringing business executives up-to-date with the l",Editorial Director,0,0,0.9999623894691467,3.7610530853271484e-05,0.3,1,BERT:bert_class_weighted,Class weight
1761,emscad_12900,We need brilliant people who love using cutting edge technologies to create engaging mobile applications on Android and ,Xamarin Developer,0,0,0.9999215602874756,7.843971252441406e-05,0.3,1,BERT:bert_class_weighted,Class weight
1762,emscad_12905,"Location: Harrisburg, PA",Need Filenet consultants,0,0,0.9998440742492676,0.00015592575073242188,0.3,1,BERT:bert_class_weighted,Class weight
1763,emscad_12909,"Glossifly is Hiring! Glossifly is looking for Exceptionally Qualified Makeup Artists, Hair Stylists, Estheticians, and M","Make $32/hr to $88/hr All Professional Makeup Artists, Hair Stylists, Estheticians, and Massage Therapists",0,0,0.9999619126319885,3.808736801147461e-05,0.3,1,BERT:bert_class_weighted,Class weight
1764,emscad_12919,"#URL_25e85371e7108e279a4b25d6e965889a44917879b7b587c905714ef30f933cb8# is a young, growing e-commerce company with our e",Service Team Leader,0,0,0.9999533295631409,4.667043685913086e-05,0.3,1,BERT:bert_class_weighted,Class weight
1765,emscad_12921,"For over 20 years NAC Marketing Company, LLC d/b/a New Vitality has helped people be healthy and live better by marketin",Senior Financial Analyst,0,0,0.999960720539093,3.927946090698242e-05,0.3,1,BERT:bert_class_weighted,Class weight
1766,emscad_12923,Our History,Driver - Medium Duty (San Diego),0,0,0.9999644756317139,3.552436828613281e-05,0.3,1,BERT:bert_class_weighted,Class weight
1767,emscad_12925,"This position will support the Clients attorneys and a paralegal in the Office of General Counsel, Legal Department loca",Legal Administrative Assistant,0,0,0.9999237060546875,7.62939453125e-05,0.3,1,BERT:bert_class_weighted,Class weight
1768,emscad_12934,"Newmedica is a dynamic, innovative UK healthcare company that works in partnership with the NHS to deliver specialist cl","Clinic Assistant, Swindon & Tetbury",0,0,0.9999608397483826,3.916025161743164e-05,0.3,1,BERT:bert_class_weighted,Class weight
1769,emscad_12935,"34 OFFICES in 21 COUNTRIES , and 27 YEARS’ EXPERIENCE",Business Process Analyst,0,0,0.9999533295631409,4.667043685913086e-05,0.3,1,BERT:bert_class_weighted,Class weight
1770,emscad_12937,Moxie Labs is a venture-backed startup making cloud-based recruitment software for fast-growing companies around the wor,Java developer,0,0,0.9999064803123474,9.351968765258789e-05,0.3,1,BERT:bert_class_weighted,Class weight
1771,emscad_12939,The Technical Team and offering at VML London has a very strong heritage dating back to the mid-nineties when the London,Account Manager - Luxury Car Brand,0,0,0.9999663829803467,3.361701965332031e-05,0.3,1,BERT:bert_class_weighted,Class weight
1772,emscad_12940,Our passion for improving quality of life through geography is at the heart of everything we do. Esri’s geographic infor,Application Developer - Salesforce,0,0,0.999960720539093,3.927946090698242e-05,0.3,1,BERT:bert_class_weighted,Class weight
1773,emscad_12956,Fabrily makes it easy for campaigners/communities/charities/causes/artists. etc... to raise funds and awareness with cus,Customer Support Intern - German and other languages,0,0,0.999956488609314,4.3511390686035156e-05,0.3,1,BERT:bert_class_weighted,Class weight
1774,emscad_12963,The OneReach team is comprised of a diverse group of wonderful people from all walks of life. We’re currently hiring for,Visual Design Intern,0,0,0.9999600648880005,3.993511199951172e-05,0.3,1,BERT:bert_class_weighted,Class weight
1775,emscad_12968,"WDM Group is an innovative, forward thinking digital company aimed at bringing business executives up-to-date with the l",Bilingual Sales Professional - Spanish/English,0,0,0.9999576807022095,4.2319297790527344e-05,0.3,1,BERT:bert_class_weighted,Class weight
1776,emscad_12974,Casper is a sleep startup that re-imagines the experience of purchasing a mattress. We launched in April 2014 with an ou,Director of Finance,0,0,0.9999538660049438,4.6133995056152344e-05,0.3,1,BERT:bert_class_weighted,Class weight
1777,emscad_12982,"Front End Developers needed for an awesome, Series A funded, FinTech Startup in London, #URL_5e795cd0cd3fd2672ff08e938e1",Front End Developer,0,0,0.9999505281448364,4.947185516357422e-05,0.3,1,BERT:bert_class_weighted,Class weight
1778,emscad_12994,"Businessfriend, a growing social media company based in San Diego, is seeking a Head of Engineering to help take the new",Head of Engineering - Social Media Start-Up!,0,0,0.99994957447052,5.042552947998047e-05,0.3,1,BERT:bert_class_weighted,Class weight
1779,emscad_12995,Transifex is a SaaS continuous localization platform powering the process of launching products into multiple languages ,Backend Engineer/DevOps,0,0,0.9999441504478455,5.5849552154541016e-05,0.3,1,BERT:bert_class_weighted,Class weight
1780,emscad_12997,"Job Description: This position performs phlebotomy services, specimen collection/handling, has knowledge of department p",Specimen Preparation/Collection Tech,0,0,0.9999544024467468,4.559755325317383e-05,0.3,1,BERT:bert_class_weighted,Class weight
1781,emscad_13004,Priority Care Group are a family run care group with 6 Care Homes in Scotland.,Care Assistant,0,0,0.999963104724884,3.68952751159668e-05,0.3,1,BERT:bert_class_weighted,Class weight
1782,emscad_13012,Outstanding Member Service Starts With Outstanding People,Branch Associate,0,0,0.9999549388885498,4.506111145019531e-05,0.3,1,BERT:bert_class_weighted,Class weight
1783,emscad_13016,"SummaView is een jong bedrijf uit Amersfoort die mensen, kennis en software levert ophet snijvlak van controlling en Bus",OUD 11: SummaView zoekt een Business Controller,0,0,0.9999551177024841,4.488229751586914e-05,0.3,1,BERT:bert_class_weighted,Class weight
1784,emscad_13018,"ACS Co. is a software application development company, devoted to the production of high quality, bleeding edge, multili",Senior QC Specialist,0,0,0.9999354481697083,6.455183029174805e-05,0.3,1,BERT:bert_class_weighted,Class weight
1785,emscad_13020,"NLCollect is a full-service platform for sports clubs and other organizations handling invoicing, billing, reminding and",Backend Software Engineer,0,0,0.9999479651451111,5.2034854888916016e-05,0.3,1,BERT:bert_class_weighted,Class weight
1786,emscad_13025,Position: SI-Software Developer / Salesforce developer with strong Apex,SI-Software Developer,0,0,0.9999487400054932,5.125999450683594e-05,0.3,1,BERT:bert_class_weighted,Class weight
1787,emscad_13068,The Selectus Group is a customer focused organisation committed to providing high quality services to employees througho,Leasing Consultant,0,0,0.999958336353302,4.166364669799805e-05,0.3,1,BERT:bert_class_weighted,Class weight
1788,emscad_13078,At Shyp we're using technology to change the way everyone sends things around the world. Our platform is fantastically u,Senior Backend API/ Web Services Engineer,0,0,0.9999503493309021,4.965066909790039e-05,0.3,1,BERT:bert_class_weighted,Class weight
1789,emscad_13094,Bluebridge was created by a team of people who are passionate about organizations and the ways that effective technology,Mobile Technology Content Writer - Freelance,0,0,0.9999572038650513,4.279613494873047e-05,0.3,1,BERT:bert_class_weighted,Class weight
1790,emscad_13099,"To play a key role leading the development team of a fast growing early stage business, delivering world class user expe",Head Developer,0,0,0.9999578595161438,4.214048385620117e-05,0.3,1,BERT:bert_class_weighted,Class weight
1791,emscad_13100,"Cylance is a global cybersecurity products and service company, specializeing in advanced threat security that detects a",Product Support Engineer,0,0,0.9999307990074158,6.920099258422852e-05,0.3,1,BERT:bert_class_weighted,Class weight
1792,emscad_13105,"Electus believes in long-term relationships with our candidates. We provide a combination of recruiting expertise, data,",Senior PHP Developer,0,0,0.9999551177024841,4.488229751586914e-05,0.3,1,BERT:bert_class_weighted,Class weight
1793,emscad_13117,HGS is a world leader in Customer Relationship and Business Process Management. With a global footprint and an experienc,Operations Manager,0,0,0.999963641166687,3.635883331298828e-05,0.3,1,BERT:bert_class_weighted,Class weight
1794,emscad_13118,Who are We?,.NET Developer,0,0,0.9999549388885498,4.506111145019531e-05,0.3,1,BERT:bert_class_weighted,Class weight
1795,emscad_13119,"ClarusApex is an international recruiting company with representations in the Netherlands, Austria, Ukraine, Cyprus and ",Psychiatric Nurse from Europe (Relocation to England),0,0,0.9999538660049438,4.6133995056152344e-05,0.3,1,BERT:bert_class_weighted,Class weight
1796,emscad_13127,carwow is a comparison site that takes the uncertainty and hassle out of buying a new car. We’re passionate about gettin,Biddable Media Manager,0,0,0.9999507069587708,4.929304122924805e-05,0.3,1,BERT:bert_class_weighted,Class weight
1797,emscad_13134,We Provide Full Time Permanent Positions for many medium to large US companies. We are interested in finding/recruiting ,Sales Manager,0,0,0.999961793422699,3.820657730102539e-05,0.3,1,BERT:bert_class_weighted,Class weight
1798,emscad_13138,Skills and Requirements: Functional/Industry Knowledge:,Software Testing Analyst,0,0,0.9998623132705688,0.00013768672943115234,0.3,1,BERT:bert_class_weighted,Class weight
1799,emscad_13140,We Provide Full Time Permanent Positions for many medium to large US companies. We are interested in finding/recruiting ,Automotive Controls Engineer,0,0,0.9999613165855408,3.8683414459228516e-05,0.3,1,BERT:bert_class_weighted,Class weight
1800,emscad_13151,"Advertising Campaign Coordinator is responsible for coordinating multiple internet advertising campaigns , using our pla",Ad Campaign Coordinator (Italian),0,0,0.999965488910675,3.451108932495117e-05,0.3,1,BERT:bert_class_weighted,Class weight
1801,emscad_13161,Digital Brand Architects is a transformative boutique agency that expertly navigates the digital landscape through a two,Assistant Account Executive,0,0,0.9999597668647766,4.023313522338867e-05,0.3,1,BERT:bert_class_weighted,Class weight
1802,emscad_13172,Qualified Staffing Services That Meet Your Technical Needs,Material Handler,0,0,0.9999640583992004,3.594160079956055e-05,0.3,1,BERT:bert_class_weighted,Class weight
1803,emscad_13175,Every day we challenge ourselves to improve our clients' business through finding better ways to create software. Our te,Project Consultant,0,0,0.9999505281448364,4.947185516357422e-05,0.3,1,BERT:bert_class_weighted,Class weight
1804,emscad_13178,#URL_8417994cbfc9bdd39291d438b83cd3b9c29ee4b0cb862c1ad78b868218fa89a7# offers a platform that makes it easy for anyone t,Backend Engineer,0,0,0.999947726726532,5.227327346801758e-05,0.3,1,BERT:bert_class_weighted,Class weight
1805,emscad_13189,"Propoint provides custom, visual solutions that help our corporate clients engage their audience, win big, and set them ",Digital Strategist,0,0,0.9999646544456482,3.534555435180664e-05,0.3,1,BERT:bert_class_weighted,Class weight
1806,emscad_13191,Established on the principles that full time education is not for everyone Spectrum Learning is made up of a team of pas,Liverpool Fragrance/Beauty Promotional staff,0,0,0.999965488910675,3.451108932495117e-05,0.3,1,BERT:bert_class_weighted,Class weight
1807,emscad_13206,Established on the principles that full time education is not for everyone Spectrum Learning is made up of a team of pas,Middlesex DGV Apprenticeship available for 18 year olds only,0,0,0.9999648928642273,3.510713577270508e-05,0.3,1,BERT:bert_class_weighted,Class weight
1808,emscad_13214,#URL_74b75fb23d13838a3ff8f0791ac10c0214373b0e1c19fba51b645299f1a93e4f#-#URL_ea402424f393dce30b3d3bde1a0e6ba5dbf6b8238cb1,Online Tutor,0,0,0.9999294281005859,7.05718994140625e-05,0.3,1,BERT:bert_class_weighted,Class weight
1809,emscad_13235,MediaMonks is the biggest creative digital production company on the planet . We specialize in working for and with adve,Back-End Developer,0,0,0.9999623894691467,3.7610530853271484e-05,0.3,1,BERT:bert_class_weighted,Class weight
1810,emscad_13248,"Welcome to interface rehab interface rehab provides comprehensive rehabilitation (Physical, Occupational & Speech Therap",Occupational Therapy Assistant,0,0,0.9999578595161438,4.214048385620117e-05,0.3,1,BERT:bert_class_weighted,Class weight
1811,emscad_13250,Maker’s Row is an online marketplace that connects American manufacturers and product based businesses. Our mission is t,Marketing Manager,0,0,0.9999522566795349,4.774332046508789e-05,0.3,1,BERT:bert_class_weighted,Class weight
1812,emscad_13267,SilverStripe CMS & Framework is an open source platform of web development tools. The platform is curated by SilverStrip,Junior Support Developer,0,0,0.9999566674232483,4.3332576751708984e-05,0.3,1,BERT:bert_class_weighted,Class weight
1813,emscad_13280,"УУРРАА - технологическая компания, работающая в сфере B2B в России.",Web-analyst,0,0,0.9999503493309021,4.965066909790039e-05,0.3,1,BERT:bert_class_weighted,Class weight
1814,emscad_13282,NFP is a leader in the delivery of benefits solutions for companies of all sizes and in the delivery of life insurance a,Account Executive,0,0,0.9999526143074036,4.738569259643555e-05,0.3,1,BERT:bert_class_weighted,Class weight
1815,emscad_13285,InVision is a venture-backed startup working to create the world's best design communication and collaboration platform.,Marketing Analytics Manager (remote/telecommute),0,0,0.9999473094940186,5.269050598144531e-05,0.3,1,BERT:bert_class_weighted,Class weight
1816,emscad_13303,"An agency that places native English speakers across Thailand to teach English, Maths, Science and Computer Studies to T",Teaching positions across Thailand,0,0,0.9999604225158691,3.9577484130859375e-05,0.3,1,BERT:bert_class_weighted,Class weight
1817,emscad_13313,If working in a cubical seems like your idea of hell then joining our awesome startup team might be the opportunity you’,Marketing & Communications Intern,0,0,0.9999610185623169,3.898143768310547e-05,0.3,1,BERT:bert_class_weighted,Class weight
1818,emscad_13314,We Provide Full Time Permanent Positions for many medium to large US companies. We are interested in finding/recruiting ,Electrical Maintenance Technician,0,0,0.9999610185623169,3.898143768310547e-05,0.3,1,BERT:bert_class_weighted,Class weight
1819,emscad_13344,Ameritech Media wants to give industry thought-leaders the marketing communications they need to stay out in front. We’r,Online Marketing Director,0,0,0.9999639391899109,3.606081008911133e-05,0.3,1,BERT:bert_class_weighted,Class weight
1820,emscad_13351,Expanding Makeup Artistry Company is seeking artistic and creative individuals with a passion for beauty and hair design,Hair Stylist,0,0,0.9999585151672363,4.1484832763671875e-05,0.3,1,BERT:bert_class_weighted,Class weight
1821,emscad_13359,"From the lands of Can Do, Roll Our Sleeves Up and Get It Done, we create and solve things previously unimaginable. We’re",Senior Sales Executive - West,0,0,0.9999648928642273,3.510713577270508e-05,0.3,1,BERT:bert_class_weighted,Class weight
1822,emscad_13365,The Albany Charter School Network is a family of charter schools in the City of Albany that works to prepare children fo,Middle School English Language Arts Teacher,0,0,0.9999625086784363,3.74913215637207e-05,0.3,1,BERT:bert_class_weighted,Class weight
1823,emscad_13367,As a General Secretary you will be responsible for providing administrative support to ensure efficient operation of the,General Secretary,0,0,0.9949493408203125,0.0050506591796875,0.3,1,BERT:bert_class_weighted,Class weight
1824,emscad_13371,Account Manager,Account Manager,0,0,0.9999561905860901,4.380941390991211e-05,0.3,1,BERT:bert_class_weighted,Class weight
1825,emscad_13374,"ACS Co. is a software application development company, devoted to the production of high quality, bleeding edge, multili",HR Specialist,0,0,0.9999344348907471,6.556510925292969e-05,0.3,1,BERT:bert_class_weighted,Class weight
1826,emscad_13400,"Babbel enables anyone to learn languages in an easy and interactive way. The learning system offers 13 languages, from E",Senior Web Engineer (Business Process System),0,0,0.9999591708183289,4.082918167114258e-05,0.3,1,BERT:bert_class_weighted,Class weight
1827,emscad_13405,"Recombine provides clinical genetic testing. CarrierMap, the first product created at Recombine, is the most comprehensi",Market Analyst,0,0,0.9999600648880005,3.993511199951172e-05,0.3,1,BERT:bert_class_weighted,Class weight
1828,emscad_13424,Established on the principles that full time education is not for everyone Spectrum Learning is made up of a team of pas,Telesales Executives,0,0,0.9999657273292542,3.427267074584961e-05,0.3,1,BERT:bert_class_weighted,Class weight
1829,emscad_13435,MaxPlayTM is a cross-platform digital publishing company focused on revolutionizing the games as a service market. You p,Core Systems Engineer,0,0,0.999919056892395,8.094310760498047e-05,0.3,1,BERT:bert_class_weighted,Class weight
1830,emscad_13441,"The RealReal is changing the way people buy and sell luxury items. The leader in luxury resale, the company is a full se",Style Art Director,0,0,0.999961793422699,3.820657730102539e-05,0.3,1,BERT:bert_class_weighted,Class weight
1831,emscad_13446,HGS is a world leader in Customer Relationship and Business Process Management. With a global footprint and an experienc,Dutch/French/English Tri lingual Advisor,0,0,0.9999644756317139,3.552436828613281e-05,0.3,1,BERT:bert_class_weighted,Class weight
1832,emscad_13453,"Critical Nurse Staffing, Inc. is enrolled with the U.S Department of Labor to provide nursing care to the former defense","Home Health CNA- Yakima, WA",0,0,0.999960720539093,3.927946090698242e-05,0.3,1,BERT:bert_class_weighted,Class weight
1833,emscad_13456,Who are We?,Contracts Associate,0,0,0.9999613165855408,3.8683414459228516e-05,0.3,1,BERT:bert_class_weighted,Class weight
1834,emscad_13468,Outstanding Member Service Starts With Outstanding People,Branch Associate,0,0,0.9999549388885498,4.506111145019531e-05,0.3,1,BERT:bert_class_weighted,Class weight
1835,emscad_13469,About the Company We are ticketscript - the European market leaders in digital self-ticketing. Whether it’s massive danc,Social Media Content Manager,0,0,0.9999592900276184,4.07099723815918e-05,0.3,1,BERT:bert_class_weighted,Class weight
1836,emscad_13496,"At Atlas Lift Tech, safety always comes first! We are a fast growing company with an innovative vision of making Safe Pa",EMTs (Lift Coaches) Orange County,0,0,0.9999661445617676,3.3855438232421875e-05,0.3,1,BERT:bert_class_weighted,Class weight
1837,emscad_13497,Our mission is to bring the world's best-loved local restaurants into everyone's home or office - fast.,Account Manager,0,0,0.9999588131904602,4.118680953979492e-05,0.3,1,BERT:bert_class_weighted,Class weight
1838,emscad_13500,"Cylance is a global cybersecurity products and service company, specializeing in advanced threat security that detects a",Product Support Engineer,0,0,0.9999307990074158,6.920099258422852e-05,0.3,1,BERT:bert_class_weighted,Class weight
1839,emscad_13509,Established on the principles that full time education is not for everyone Spectrum Learning is made up of a team of pas,West Yorkshire Telesales Executives,0,0,0.9999657273292542,3.427267074584961e-05,0.3,1,BERT:bert_class_weighted,Class weight
1840,emscad_13525,"Wiredrive is a fast growing, privately-owned SaaS company with headquarters in Marina del Rey and offices in New York Ci",Software Development Engineer in Test (SDET),0,0,0.9999575018882751,4.2498111724853516e-05,0.3,1,BERT:bert_class_weighted,Class weight
1841,emscad_13526,Hawkeye Recruitment provides cost effective recruitment advertising solutions to help you cast the widest net to find th,Human Resource Generalist,0,0,0.9999600648880005,3.993511199951172e-05,0.3,1,BERT:bert_class_weighted,Class weight
1842,emscad_13529,MISSION:,HIGHLY SKILLED CAREGIVERS IN DEMENTIA NEEDED TODAY! BEST PAY & AWESOME BENEFITS!!!,0,0,0.9999663829803467,3.361701965332031e-05,0.3,1,BERT:bert_class_weighted,Class weight
1843,emscad_13534,"Babbel enables anyone to learn languages in an easy and interactive way. The learning system offers 13 languages, from E",TV Marketing Manager,0,0,0.9999600648880005,3.993511199951172e-05,0.3,1,BERT:bert_class_weighted,Class weight
1844,emscad_13536,"We build software for fashion retailers, to help them make the right commercial decisions about what to sell, and how to",Product Specialist / Market Development,0,0,0.9999369978904724,6.300210952758789e-05,0.3,1,BERT:bert_class_weighted,Class weight
1845,emscad_13546,"Voyageur is one of Ontario's leading transportation companies, serving Southwestern and Central Ontario for over 34 year",Schools/Charters Dispatcher,0,0,0.9999611973762512,3.88026237487793e-05,0.3,1,BERT:bert_class_weighted,Class weight
1846,emscad_13556,"Critical Nurse Staffing, Inc. is enrolled with the U.S Department of Labor to provide nursing care to the former defense","HR Recruiter--Grand Junction, CO",0,0,0.9999640583992004,3.594160079956055e-05,0.3,1,BERT:bert_class_weighted,Class weight
1847,emscad_13560,About the Company,Recruiting Manager,0,0,0.9999608397483826,3.916025161743164e-05,0.3,1,BERT:bert_class_weighted,Class weight
1848,emscad_13562,Home Source is a startup based in southern New Jersey. We design and build software for large ticket retailers. We have ,IOS/Android Developer,0,0,0.9999008178710938,9.918212890625e-05,0.3,1,BERT:bert_class_weighted,Class weight
1849,emscad_13573,Our History,Shipper (LA/OC),0,0,0.9999611973762512,3.88026237487793e-05,0.3,1,BERT:bert_class_weighted,Class weight
1850,emscad_13575,Description,C# / SQL and BI Developer (all levels),0,0,0.9999237060546875,7.62939453125e-05,0.3,1,BERT:bert_class_weighted,Class weight
1851,emscad_13579,"Being into the IT domain for over 4 years, Walkover specializes in web based application development and mobile applicat",Technical Support Executive,0,0,0.9999516606330872,4.83393669128418e-05,0.3,1,BERT:bert_class_weighted,Class weight
1852,emscad_13626,"Optimal Business Action was created in 2005 in order to provide high quality, personalized HR services to medium and lar",Record to Report - GL Accountant,0,0,0.9999663829803467,3.361701965332031e-05,0.3,1,BERT:bert_class_weighted,Class weight
1853,emscad_13638,"Uncle Maddio’s is a fast-casual pizza joint opening in South Austin at 5601 Brodie Ln, Sunset Valley, Texas. We’re looki",Hiring Servers!,0,0,0.9999487400054932,5.125999450683594e-05,0.3,1,BERT:bert_class_weighted,Class weight
1854,emscad_13641,We Provide Full Time Permanent Positions for many medium to large US companies. We are interested in finding/recruiting ,Electrical Maintenance Technician,0,0,0.999961793422699,3.820657730102539e-05,0.3,1,BERT:bert_class_weighted,Class weight
1855,emscad_13647,"From the lands of Can Do, Roll Our Sleeves Up and Get It Done, we create and solve things previously unimaginable. We’re",Product Marketing Rep,0,0,0.9999526143074036,4.738569259643555e-05,0.3,1,BERT:bert_class_weighted,Class weight
1856,emscad_13675,7Indigo New Media is an advertising agency specialized in digital marketing. We are young professionals who love excelle,Copywriter,0,0,0.9999547600746155,4.5239925384521484e-05,0.3,1,BERT:bert_class_weighted,Class weight
1857,emscad_13680,We Provide Full Time Permanent Positions for many medium to large US companies. We are interested in finding/recruiting ,Sales Manager,0,0,0.9999625086784363,3.74913215637207e-05,0.3,1,BERT:bert_class_weighted,Class weight
1858,emscad_13697,LetterStream is an innovative printing and mailing company leveraging automation to assist our customers in accomplishin,Part-time Warehouse Help - AM hours,0,0,0.999965488910675,3.451108932495117e-05,0.3,1,BERT:bert_class_weighted,Class weight
1859,emscad_13735,We Provide Full Time Permanent Positions for many medium to large US companies. We are interested in finding/recruiting ,Manufacturing Engineer - Aerospace Manufacturing Exp - CA,0,0,0.9999605417251587,3.9458274841308594e-05,0.3,1,BERT:bert_class_weighted,Class weight
1860,emscad_13746,"Squiz is one of the world's leading web solutions companies. We design, build and manage engaging websites and online ap",Technical Implementer,0,0,0.9999578595161438,4.214048385620117e-05,0.3,1,BERT:bert_class_weighted,Class weight
1861,emscad_13764,Our History,"Machine Operator (Kent, WA)",0,0,0.9999558329582214,4.416704177856445e-05,0.3,1,BERT:bert_class_weighted,Class weight
1862,emscad_13782,"Critical Nurse Staffing, Inc. is enrolled with the U.S Department of Labor to provide nursing care to the former defense","Home Health RN--Groveland, ID",0,0,0.9999622106552124,3.7789344787597656e-05,0.3,1,BERT:bert_class_weighted,Class weight
1863,emscad_13789,Thanks for visiting our Job Board. Please review our open positions and apply to the positions that match your qualifica,Senior Software Engineer - C/C++,0,0,0.9999570250511169,4.297494888305664e-05,0.3,1,BERT:bert_class_weighted,Class weight
1864,emscad_13792,There are three shifts available: 7a-4p; 8a-5p;10a-7p. When responding to this opportunity please designate which shift ,Software Support Analyst,0,0,0.9999354481697083,6.455183029174805e-05,0.3,1,BERT:bert_class_weighted,Class weight
1865,emscad_13798,We Provide Full Time Permanent Positions for many medium to large US companies. We are interested in finding/recruiting ,Peoplesoft Financials Analyst,0,0,0.9999642372131348,3.5762786865234375e-05,0.3,1,BERT:bert_class_weighted,Class weight
1866,emscad_13804,Established on the principles that full time education is not for everyone Spectrum Learning is made up of a team of pas,Chelmsford Driving Goods Vehicle Apprenticeship Under NAS 16-18 Year Olds Only,0,0,0.9999651908874512,3.4809112548828125e-05,0.3,1,BERT:bert_class_weighted,Class weight
1867,emscad_13806,Established on the principles that full time education is not for everyone Spectrum Learning is made up of a team of pas,Milton Keynes Fragrance and Beauty Promotional Staff,0,0,0.9999658465385437,3.415346145629883e-05,0.3,1,BERT:bert_class_weighted,Class weight
1868,emscad_13809,Unify — formerly known as Siemens Enterprise Communications — is a premier communications software and services firms. O,Visual Designer,0,0,0.9999610185623169,3.898143768310547e-05,0.3,1,BERT:bert_class_weighted,Class weight
1869,emscad_13814,BDI is a University spin-off based in London - focusing on transforming research and technological inventions into novel,Wireless Networks / Embedded Sensors / Software Engineer (IoT),0,0,0.9999467134475708,5.328655242919922e-05,0.3,1,BERT:bert_class_weighted,Class weight
1870,emscad_13821,"Ryanair is Europe’s favourite low fares airline, operating more than 1,600 daily flights (over 500,000 per year) from 69",Site Analytics Manager,0,0,0.9999529719352722,4.70280647277832e-05,0.3,1,BERT:bert_class_weighted,Class weight
1871,emscad_13824,"Based in San Francisco with a development office in Budapest, Hungary, Secret Sauce Partners enables the world's largest",Rails Developer,0,0,0.9999592900276184,4.07099723815918e-05,0.3,1,BERT:bert_class_weighted,Class weight
1872,emscad_13839,"Urban Robotics Inc. provides cutting edge software and hardware solutions for Intelligence, Surveillance and Reconnaissa",Quality Assurance Monk,0,0,0.9999576807022095,4.2319297790527344e-05,0.3,1,BERT:bert_class_weighted,Class weight
1873,emscad_13843,"With offices across UK, mainland Europe, Australia, New Zealand, and the United States, Squiz helps clients across the g",Commercial Lawyer,0,0,0.9999644756317139,3.552436828613281e-05,0.3,1,BERT:bert_class_weighted,Class weight
1874,emscad_13844,Community Action Partnership of Ramsey & Washington Counties (Community Action) was established in 1964 as a program of ,Service Learning Position,0,0,0.9999611973762512,3.88026237487793e-05,0.3,1,BERT:bert_class_weighted,Class weight
1875,emscad_13858,"Entertainment everywhere. Operating under the StarzPlay brand, Playco Ltd., delivers a premium video-on-demand service. ",Player & DRM Developer,0,0,0.999960720539093,3.927946090698242e-05,0.3,1,BERT:bert_class_weighted,Class weight
1876,emscad_13864,Ready to let your star shine? Discover the career you’ve been dreaming about at AvaStars where...,Superstar (Store Manager) - St. Louis Galleria,0,0,0.9999573230743408,4.267692565917969e-05,0.3,1,BERT:bert_class_weighted,Class weight
1877,emscad_13887,"The RealReal is changing the way people buy and sell luxury items. The leader in luxury resale, the company is a full se",Creative Photographer,0,0,0.9999634027481079,3.6597251892089844e-05,0.3,1,BERT:bert_class_weighted,Class weight
1878,emscad_13901,Young & Shand is a full service digital agency that loves a challenge.,Campaign Manager,0,0,0.9999628067016602,3.719329833984375e-05,0.3,1,BERT:bert_class_weighted,Class weight
1879,emscad_13906,Moosend is expanding its team as we strive to increase our share of the European email marketing market. As a sales mana,Sales Manager - Romania,0,0,0.9999600648880005,3.993511199951172e-05,0.3,1,BERT:bert_class_weighted,Class weight
1880,emscad_13911,Job Title: Data Architect,Data Architect,0,0,0.99988853931427,0.00011146068572998047,0.3,1,BERT:bert_class_weighted,Class weight
1881,emscad_13923,We Provide Full Time Permanent Positions for many medium to large US companies. We are interested in finding/recruiting ,"Engineering Manager - Project Engineering Exp - Houston, TX",0,0,0.9999629259109497,3.707408905029297e-05,0.3,1,BERT:bert_class_weighted,Class weight
1882,emscad_13928,#URL_c914851eb385d8c6471d602008fc4e84780de02287ca6ee67080b5f24864592f# is a service for thousands of hi-tech companies.,Bookkeeper,0,0,0.9999452233314514,5.4776668548583984e-05,0.3,1,BERT:bert_class_weighted,Class weight
1883,emscad_13929,"We have created the world’s leading lean customer experience platform – its not just us that think that, Gartner does to",Senior Project Manager,0,0,0.9999588131904602,4.118680953979492e-05,0.3,1,BERT:bert_class_weighted,Class weight
1884,emscad_13937,"Through the Apache Spark platform, we are working to transform large-scale data analysis.",DevOps Engineer,0,0,0.999944806098938,5.519390106201172e-05,0.3,1,BERT:bert_class_weighted,Class weight
1885,emscad_13947,"Shyp is the easiest way to send anything, anywhere.",Shipping & Packing Technician - SF,0,0,0.9999635219573975,3.647804260253906e-05,0.3,1,BERT:bert_class_weighted,Class weight
1886,emscad_13965,"Nubank is an early stage, technology-driven financial services startup funded by Sequoia Capital and Kaszek Ventures. We",iOS Developer,0,0,0.9999158382415771,8.416175842285156e-05,0.3,1,BERT:bert_class_weighted,Class weight
1887,emscad_13966,"Focus Lab, LLC is a boutique brand and interactive design company headquartered in the heart of Savannah, Ga. Our client",Team Assistant,0,0,0.9999531507492065,4.684925079345703e-05,0.3,1,BERT:bert_class_weighted,Class weight
1888,emscad_13968,"HSAGlobal specialises in solutions enabling connected care, to reduce the impact of the heaviest users on the healthcare",Senior JavaScript and C# Developer,0,0,0.9999658465385437,3.415346145629883e-05,0.3,1,BERT:bert_class_weighted,Class weight
1889,emscad_13970,"Daily Secret is one of the fastest growing digital media brand for premium audiences around the world, serving 1.8 milli",Ruby on Rails Developer - Backend,0,0,0.9999556541442871,4.4345855712890625e-05,0.3,1,BERT:bert_class_weighted,Class weight
1890,emscad_13995,"Digital Ad Sales Account Executive Experience : 2 - 7 years Location : New York, NY",Digital Ad Sales Account Executive,0,0,0.999958336353302,4.166364669799805e-05,0.3,1,BERT:bert_class_weighted,Class weight
1891,emscad_13996,Looking for a part time swimming instructor to teach children in our 2 1/2- 3 1/2 foot pool.,Swim Instructor,0,0,0.999920666217804,7.933378219604492e-05,0.3,1,BERT:bert_class_weighted,Class weight
1892,emscad_14001,Staffing & Recruiting done right for the Oil & Energy Industry!,Process Engineer Mechanical,1,1,0.0,1.0,0.3,1,BERT:bert_class_weighted,Class weight
1893,emscad_14008,Upstream’s mission is to revolutionise the way companies market to consumers through cutting edge technology. This is an,Pre-Sales Executive,0,0,0.9999643564224243,3.5643577575683594e-05,0.3,1,BERT:bert_class_weighted,Class weight
1894,emscad_14013,Transifex is a SaaS continuous localization platform powering the process of launching products into multiple languages ,Software Engineer - Office of the CTO,0,0,0.9999575018882751,4.2498111724853516e-05,0.3,1,BERT:bert_class_weighted,Class weight
1895,emscad_14027,Product Manager with strong technical background and proven success in leading engineering teams in software product dev,Graphic Designer,0,0,0.9997658729553223,0.00023412704467773438,0.3,1,BERT:bert_class_weighted,Class weight
1896,emscad_14038,We are looking for a writer that wishes to boost his career and become independent.,Writer,0,0,0.9999462962150574,5.370378494262695e-05,0.3,1,BERT:bert_class_weighted,Class weight
1897,emscad_14042,The Database Administrator is responsible for ensuring that flexible data stores and a shared data environment exist and,Database Administrator,0,0,0.999882698059082,0.00011730194091796875,0.3,1,BERT:bert_class_weighted,Class weight
1898,emscad_14051,"Replise was started in 2008, just a year after Twitter was launched, by a bunch of serial entrepreneurs who believed the",General Manager (New York Metro / San Francisco Bay Area / Greater Los Angeles Area),0,0,0.9999634027481079,3.6597251892089844e-05,0.3,1,BERT:bert_class_weighted,Class weight
1899,emscad_14052,Job Title: CA Clarity Technical Consultant,CA Clarity Technical Consultant,0,0,0.9998522996902466,0.00014770030975341797,0.3,1,BERT:bert_class_weighted,Class weight
1900,emscad_14055,"Founded by serial entrepreneur Clive Jackson and launched in 2011, Victor is one of the world’s most trusted names in pr",Sales Executive -German Speaking,0,0,0.999966025352478,3.3974647521972656e-05,0.3,1,BERT:bert_class_weighted,Class weight
1901,emscad_14056,"We are a creative agency for the here, now and next. Our job is to get brands into people’s heads and lives, and stay th",Digital Designer with UX/Mobile Experience,0,0,0.9999544024467468,4.559755325317383e-05,0.3,1,BERT:bert_class_weighted,Class weight
1902,emscad_14057,"Immediate Appliance Service, Inc., one of the leading appliance repair companies serving New Jersey, is seeking an exper",Appliance Repair Technician,0,0,0.9999396204948425,6.03795051574707e-05,0.3,1,BERT:bert_class_weighted,Class weight
1903,emscad_14059,Honda of Superstition Springs,Car Sales Representitive,0,0,0.9999357461929321,6.42538070678711e-05,0.3,1,BERT:bert_class_weighted,Class weight
1904,emscad_14063,Want to build a 21st century financial service?,Customer Support Associate,0,0,0.9999526143074036,4.738569259643555e-05,0.3,1,BERT:bert_class_weighted,Class weight
1905,emscad_14067,Startup Recroot matches talent with with early-mid stage startups!,Senior C# Developer,0,0,0.9999551177024841,4.488229751586914e-05,0.3,1,BERT:bert_class_weighted,Class weight
1906,emscad_14076,Lessard Design is an international architecture and planning firm committed to creating environments that inspire connec,Mid-Level Designer,0,0,0.9999566674232483,4.3332576751708984e-05,0.3,1,BERT:bert_class_weighted,Class weight
1907,emscad_14077,"Seedcamp is Europe's leading micro-seed investment fund and mentoring program. Since launching in 2007, our family now i",Seedcamp Winter Intern,0,0,0.9999596476554871,4.035234451293945e-05,0.3,1,BERT:bert_class_weighted,Class weight
1908,emscad_14094,We are a small team working to engineer the perfect the giving experience. Our product is in a multi-billion dollar mark,"Account Growth Manager, Religious Organizations",0,0,0.9999462962150574,5.370378494262695e-05,0.3,1,BERT:bert_class_weighted,Class weight
1909,emscad_14100,"We are a successful and growing Tucson-based manufacturing company seeking a dynamic, experienced professional to help c",Graphic Designer,0,0,0.9999580383300781,4.1961669921875e-05,0.3,1,BERT:bert_class_weighted,Class weight
1910,emscad_14105,"Valor Services provides Workforce Solutions that meet the needs of companies across the Private Sector, with a special f",DOT Supervisor,0,0,0.9999650716781616,3.4928321838378906e-05,0.3,1,BERT:bert_class_weighted,Class weight
1911,emscad_14116,Objective,Intern,0,0,0.9999288320541382,7.11679458618164e-05,0.3,1,BERT:bert_class_weighted,Class weight
1912,emscad_14130,Greek Villas is a startup running out of Sydney. It will sell Luxury Villas in Greece to clients in Austral-Asia.,css specialist,0,0,0.999908983707428,9.101629257202148e-05,0.3,1,BERT:bert_class_weighted,Class weight
1913,emscad_14131,"R.H. ÁGIL es una empresa dedicada a ofrecer servicios de Recursos Humanos, especializada en las áreas de Asesoría, Admin",Ejecutivo de Cuentas/Ejecutivos Comercial,0,0,0.9999313354492188,6.866455078125e-05,0.3,1,BERT:bert_class_weighted,Class weight
1914,emscad_14135,Contentful (#URL_5a4bd8f0d0a31444fff32fb5f446f4885baffd12760eedd6337b59c44a8cb9dc#) is an API-first content management p,Business Development Intern,0,0,0.999946117401123,5.3882598876953125e-05,0.3,1,BERT:bert_class_weighted,Class weight
1915,emscad_14154,American Kidz Academy ® is the expert in elite urban education and child care . We offer the best solution for families ,Preschool Teacher,0,0,0.9999663829803467,3.361701965332031e-05,0.3,1,BERT:bert_class_weighted,Class weight
1916,emscad_14163,Established on the principles that full time education is not for everyone Spectrum Learning is made up of a team of pas,Bradford Office Assistant Apprenticeship Under NAS 16-18 Year Olds Only,0,0,0.9999651908874512,3.4809112548828125e-05,0.3,1,BERT:bert_class_weighted,Class weight
1917,emscad_14164,Listing Info:,Vessel Coordinator,1,0,0.9914703369140625,0.0085296630859375,0.3,0,BERT:bert_class_weighted,Class weight
1918,emscad_14172,“Pride is a personal commitment. It is an attitude which separates excellence from mediocrity. ” – Author Unknown,P/T Retail Staff Member -- Must LOVE Dogs,0,0,0.9999635219573975,3.647804260253906e-05,0.3,1,BERT:bert_class_weighted,Class weight
1919,emscad_14183,Hawkeye Recruitment provides cost effective recruitment advertising solutions to help you cast the widest net to find th,Maintenance Technician,0,0,0.9999594688415527,4.0531158447265625e-05,0.3,1,BERT:bert_class_weighted,Class weight
1920,emscad_14186,“Pride is a personal commitment. It is an attitude which separates excellence from mediocrity. ” – Author Unknown,Salon Operations Manager (of Grooming Salon),0,0,0.9999643564224243,3.5643577575683594e-05,0.3,1,BERT:bert_class_weighted,Class weight
1921,emscad_14190,We are looking for an experienced data analyst to join our Data Team to help improve and scale up our data driven decisi,Data Analyst (Marketing),0,0,0.9999469518661499,5.3048133850097656e-05,0.3,1,BERT:bert_class_weighted,Class weight
1922,emscad_14191,"Novitex Enterprise Solutions, formerly Pitney Bowes Management Services, delivers innovative document and communications",Customer Service Associate,0,0,0.9999661445617676,3.3855438232421875e-05,0.3,1,BERT:bert_class_weighted,Class weight
1923,emscad_14194,Transifex is a SaaS continuous localization platform powering the process of launching products into multiple languages ,"Office Manager, Europe",0,0,0.9999614953994751,3.8504600524902344e-05,0.3,1,BERT:bert_class_weighted,Class weight
1924,emscad_14201,"Description Under indirect supervision, operates in an in- or out-patient setting an electrocardiograph in order to reco",Cardiovascular Technologist,0,0,0.9999443888664246,5.561113357543945e-05,0.3,1,BERT:bert_class_weighted,Class weight
1925,emscad_14220,nakedhearts is an ambitious and well-funded start up. We are building a global online social network to connect users wi,Senior Front End Engineer,0,0,0.9999396204948425,6.03795051574707e-05,0.3,1,BERT:bert_class_weighted,Class weight
1926,emscad_14222,Aptitude Staffing Solutions has redesigned the recruiting wheel. Our innovative new platform cuts the recruiting time in,Design Generalist,1,1,0.0,1.0,0.3,1,BERT:bert_class_weighted,Class weight
1927,emscad_14224,"Computer St. Louis is an IT solution provider (MSP) that has a wide range of products and services, scaling from the sma",Help Desk Technician/Engineer Tiers I-II $35K-$45K DOE,0,0,0.9999643564224243,3.5643577575683594e-05,0.3,1,BERT:bert_class_weighted,Class weight
1928,emscad_14227,"Hiring ""IBM Forms"" Developers at Hyderabad/Pune/Remote locations between 4-8 years experience, if interested please shar",IBM FORMS Senior Developer,0,0,0.9999082684516907,9.173154830932617e-05,0.3,1,BERT:bert_class_weighted,Class weight
1929,emscad_14229,We are an innovative personnel-sourcing firm with solid team strength in recruiting candidates for various domains in th,"SQL Server DBA Job opportunity at Barrington, IL",0,0,0.999963641166687,3.635883331298828e-05,0.3,1,BERT:bert_class_weighted,Class weight
1930,emscad_14236,“We believe it’s all about the experience” – Healthy Spot Core Value #2,Marketing and Special Events Manager,0,0,0.9999638199806213,3.618001937866211e-05,0.3,1,BERT:bert_class_weighted,Class weight
1931,emscad_14242,Want to build a 21st century financial service?,CUSTOMER SUPPORT ASSOCIATE - ENGLISH.,0,0,0.9999613165855408,3.8683414459228516e-05,0.3,1,BERT:bert_class_weighted,Class weight
1932,emscad_14245,"Our client based in Liverpool, UK is looking to hire a UX Designer to join their team. You'll be working alongside both ",UX Designer - UK,0,0,0.9999552965164185,4.470348358154297e-05,0.3,1,BERT:bert_class_weighted,Class weight
1933,emscad_14246,"Engagor is a venture backed startup founded in 2011, with offices in San Francisco and Belgium, Europe. Engagor is real-",Account Executive,0,0,0.9999432563781738,5.6743621826171875e-05,0.3,1,BERT:bert_class_weighted,Class weight
1934,emscad_14250,Position: SAP ABAP Developer,SAP ABAP Developer,0,0,0.9999000430107117,9.995698928833008e-05,0.3,1,BERT:bert_class_weighted,Class weight
1935,emscad_14257,"Openfund is a seed investment fund, working with technology companies that deliver innovative software products.",Marketing,0,0,0.9999576807022095,4.2319297790527344e-05,0.3,1,BERT:bert_class_weighted,Class weight
1936,emscad_14277,Are you looking for a career that will challenge you and allow you to make an impact every day? Are you excited by the o,Key Account Manager Switzerland,0,0,0.9998867511749268,0.00011324882507324219,0.3,1,BERT:bert_class_weighted,Class weight
1937,emscad_14292,"We build software for fashion retailers, to help them make the right commercial decisions about what to sell, and how to",Sales Manager,0,0,0.9999443888664246,5.561113357543945e-05,0.3,1,BERT:bert_class_weighted,Class weight
1938,emscad_14298,Outstanding Member Service Starts With Outstanding People,Operations Support Representative,0,0,0.9999563694000244,4.363059997558594e-05,0.3,1,BERT:bert_class_weighted,Class weight
1939,emscad_14302,Filament Labs is building Patient IOTM — a care plan platform.,Sr. Software Engineer at Growing Healthcare IT Startup,0,0,0.9999434947967529,5.650520324707031e-05,0.3,1,BERT:bert_class_weighted,Class weight
1940,emscad_14310,Imagine your voice mails arriving in your inbox - isn't that easier?,Telephone Sales STAR!!!,0,0,0.9999242424964905,7.575750350952148e-05,0.3,1,BERT:bert_class_weighted,Class weight
1941,emscad_14311,"MedTalent is a modern staffing company that specializes in the placement of physicians, nurses and healthcare profession",ER Physician (Full-Time and Part-Time),0,0,0.9999620914459229,3.790855407714844e-05,0.3,1,BERT:bert_class_weighted,Class weight
1942,emscad_14319,"Cloud 66 helps Devs and Ops deploy their applications on any public cloud. With Cloud 66, developers can deploy their we",Developer Advocate,0,0,0.9999462962150574,5.370378494262695e-05,0.3,1,BERT:bert_class_weighted,Class weight
1943,emscad_14334,"We're an emerging technology agency, and we build breakthrough products through user-centered design. We're building a t",Support Specialist,0,0,0.9999586939811707,4.13060188293457e-05,0.3,1,BERT:bert_class_weighted,Class weight
1944,emscad_14340,10 Minutes With is an educational website designed to help students and graduates understand the true nature of differen,Front End Developer,0,0,0.9999274611473083,7.253885269165039e-05,0.3,1,BERT:bert_class_weighted,Class weight
1945,emscad_14359,"To successfully deliver commercial strategy, the right people with the right capability are mandatory. Sagacity Search p",Administration Support & PA to GM,0,0,0.9999642372131348,3.5762786865234375e-05,0.3,1,BERT:bert_class_weighted,Class weight
1946,emscad_14368,"With over 30 years of experience in the industry, Mercer Foods has been providing superior quality freeze dried foods an",EDI Customer Service Represenative,0,0,0.9999622106552124,3.7789344787597656e-05,0.3,1,BERT:bert_class_weighted,Class weight
1947,emscad_14369,"Plans, analyzes and implements instant Scratch ticket game projects to produce a 12-month product and marketing plan",Instant Lotteries Marketing Specialist,0,0,0.9999481439590454,5.1856040954589844e-05,0.3,1,BERT:bert_class_weighted,Class weight
1948,emscad_14378,Visual BI is one of the leading and fastest growing firms focusing exclusively on BI & Analytics. Our offerings cover en,SAP BPC Technical Lead,0,0,0.9999588131904602,4.118680953979492e-05,0.3,1,BERT:bert_class_weighted,Class weight
1949,emscad_14380,United Cerebral Palsy of Oregon & SW Washington (UCP) supports adults with all kinds of developmental disabilities (not ,"Support Specialist, Weekdays",0,0,0.9999592900276184,4.07099723815918e-05,0.3,1,BERT:bert_class_weighted,Class weight
1950,emscad_14390,Lafayette Habilitation Center creates a unique balance between creating a caring home environment and providing professi,PT - NOC LPN,0,0,0.9999533295631409,4.667043685913086e-05,0.3,1,BERT:bert_class_weighted,Class weight
1951,emscad_14400,"Growing event production company providing staging, scenic, and drapery primarily in the state of Florida. We have a sec",Installer Needed - Las Vegas,0,0,0.9999588131904602,4.118680953979492e-05,0.3,1,BERT:bert_class_weighted,Class weight
1952,emscad_14407,The Technical Team and offering at VML London has a very strong heritage dating back to the mid-nineties when the London,Service Delivery Manager,0,0,0.9999657273292542,3.427267074584961e-05,0.3,1,BERT:bert_class_weighted,Class weight
1953,emscad_14408,ComboApp is a full cycle communications and marketing solutions provider for a global mobile marketplace.,PR Manager,0,0,0.9999599456787109,4.00543212890625e-05,0.3,1,BERT:bert_class_weighted,Class weight
1954,emscad_14415,"Populist Cleaning Co. is an independently owned, full-service commercial cleaning company. Populist has been providing j",Part Time Cleaner- Chelsea/Dexter,0,0,0.9999578595161438,4.214048385620117e-05,0.3,1,BERT:bert_class_weighted,Class weight
1955,emscad_14425,G3 Communications is a fast-growing B2B content agency that specializes in custom content creation and demand generation,Graphic Designer,0,0,0.9999529719352722,4.70280647277832e-05,0.3,1,BERT:bert_class_weighted,Class weight
1956,emscad_14438,Contentful ( #URL_0252efddcbc4b8f51969fca7b054595976ea4678fd880b3653151e618d447b33# ) is an API-first content management,I want to work at Contentful,0,0,0.9999439120292664,5.608797073364258e-05,0.3,1,BERT:bert_class_weighted,Class weight
1957,emscad_14439,"We're artists, thinkers, and doers in an open, collaborative, and challenging environment. We love to work our hearts ou",Business Systems Analyst,0,0,0.9999563694000244,4.363059997558594e-05,0.3,1,BERT:bert_class_weighted,Class weight
1958,emscad_14443,"Based in Tokyo, we are an international team of engineers and consultants who are dedicated to pushing the boundaries of",Project Manager,0,0,0.9999600648880005,3.993511199951172e-05,0.3,1,BERT:bert_class_weighted,Class weight
1959,emscad_14445,"Optimy is a fast-growing company that develops and sells a unique solution (as a SaaS web- application) for sponsorship,",Trainee PHP Developer,0,0,0.9999391436576843,6.085634231567383e-05,0.3,1,BERT:bert_class_weighted,Class weight
1960,emscad_14447,"Founded in 2010 by a team from Google’s London and New York offices, Qubit work with some of the biggest names in Online",Senior Big Data Engineer,0,0,0.9999653100967407,3.4689903259277344e-05,0.3,1,BERT:bert_class_weighted,Class weight
1961,emscad_14448,"We are a startup digital agency that is “helping companies make money online” by specializing in AdWords, Analytics and ",Frontend Web Developer,0,0,0.999929666519165,7.033348083496094e-05,0.3,1,BERT:bert_class_weighted,Class weight
1962,emscad_14449,Mailjet is a market leading Email Service Provider with over 25 000 clients and rapidly expanding across Europe and abro,Technical Pre-Sales Specialist,0,0,0.9999578595161438,4.214048385620117e-05,0.3,1,BERT:bert_class_weighted,Class weight
1963,emscad_14453,"#URL_a397afc00bff956382eec8b3826bbd79bd4cbade11c565390118c0c00292b77e# is a venture funded, successful UK startup buildi",Graphic Design Intern,0,0,0.9999527931213379,4.7206878662109375e-05,0.3,1,BERT:bert_class_weighted,Class weight
1964,emscad_14477,Ensight is an international energy design and implementation practice specialising in sophisticated whole-of-business en,HR Generalist,0,0,0.999963104724884,3.68952751159668e-05,0.3,1,BERT:bert_class_weighted,Class weight
1965,emscad_14483,airfy prägt sicheres und einfach zu bedienendes Kunden WLAN für Unternehmen. Werde Teil eines stetig wachsenden Unterneh,Web Developer Backend (m/f),0,0,0.9999485611915588,5.143880844116211e-05,0.3,1,BERT:bert_class_weighted,Class weight
1966,emscad_14491,"Daily Secret is one of the fastest growing digital media brand for premium audiences around the world, serving 1.8 milli",Freelance Writer - Paris,0,0,0.9999625086784363,3.74913215637207e-05,0.3,1,BERT:bert_class_weighted,Class weight
1967,emscad_14495,"Traffic Safety Systems, Innovation & Partnership",Network Engineer II,0,0,0.999965488910675,3.451108932495117e-05,0.3,1,BERT:bert_class_weighted,Class weight
1968,emscad_14506,"SpotSource Solutions LLC is a Global Human Capital Management Consulting firm headquartered in Miami, Florida. Founded i",Machinist/ Fabricator,0,0,0.9999639391899109,3.606081008911133e-05,0.3,1,BERT:bert_class_weighted,Class weight
1969,emscad_14516,MediaMonks is the biggest creative digital production company on the planet . We specialize in working for and with adve,Intern Business/Producer team,0,0,0.9999640583992004,3.594160079956055e-05,0.3,1,BERT:bert_class_weighted,Class weight
1970,emscad_14524,The front door to most businesses is online. Connectivity allows business owners know every first impression. We are pas,Lead Analyst,0,0,0.999958336353302,4.166364669799805e-05,0.3,1,BERT:bert_class_weighted,Class weight
1971,emscad_14527,MERL's internship program gives students excellent opportunities to work in an industrial research lab environment side-,Wireless communications networking,0,0,0.9999628067016602,3.719329833984375e-05,0.3,1,BERT:bert_class_weighted,Class weight
1972,emscad_14531,"Our company is a preferred adviser and recruiter for many iconic global businesses, from our offices in the UK, New York",Office Administrator,0,0,0.9999487400054932,5.125999450683594e-05,0.3,1,BERT:bert_class_weighted,Class weight
1973,emscad_14537,Crypteia Networks delivers a patent-pending technology that identifies zero-day threats on their infancy along with misc,Security Content Researcher,0,0,0.9999625086784363,3.74913215637207e-05,0.3,1,BERT:bert_class_weighted,Class weight
1974,emscad_14539,"inAccess’ InSolar is an integrated, vendor independent solution for the centralized management of geographically distrib",Systems Engineer,0,0,0.9999623894691467,3.7610530853271484e-05,0.3,1,BERT:bert_class_weighted,Class weight
1975,emscad_14549,Position: Java Developer,Java Developer,0,0,0.9999554753303528,4.45246696472168e-05,0.3,1,BERT:bert_class_weighted,Class weight
1976,emscad_14556,EUROPEAN DYNAMICS (#URL_c66532ffa1ce76ab447da6774719060c42c584edbf44d74cdb94fc4ac219ca45#) is a leading European Softwar,"Java/J2EE Developer (Weblogic, Web Services) fluent in French",0,0,0.9999489784240723,5.1021575927734375e-05,0.3,1,BERT:bert_class_weighted,Class weight
1977,emscad_14567,"We experiment with new digital products, retail experiences and business models at M&S.com",UX Designer,0,0,0.9999527931213379,4.7206878662109375e-05,0.3,1,BERT:bert_class_weighted,Class weight
1978,emscad_14572,WHAT WE DO,Junior IT Support Engineer,0,0,0.9999599456787109,4.00543212890625e-05,0.3,1,BERT:bert_class_weighted,Class weight
1979,emscad_14575,"The RealReal is changing the way people buy and sell luxury items. The leader in luxury resale, the company is a full se",Product Copywriter,0,0,0.9999629259109497,3.707408905029297e-05,0.3,1,BERT:bert_class_weighted,Class weight
1980,emscad_14590,"We're Food52, and we've created a groundbreaking and award-winning cooking site. We support, connect, and celebrate home",Senior Graphic Designer,0,0,0.9999658465385437,3.415346145629883e-05,0.3,1,BERT:bert_class_weighted,Class weight
1981,emscad_14596,MERL's internship program gives students excellent opportunities to work in an industrial research lab environment side-,Advanced error correction coding,0,0,0.9999596476554871,4.035234451293945e-05,0.3,1,BERT:bert_class_weighted,Class weight
1982,emscad_14612,Want to be part of a NZ success story that’s going places?,Senior Java Developer,0,0,0.9999611973762512,3.88026237487793e-05,0.3,1,BERT:bert_class_weighted,Class weight
1983,emscad_14618,"Babbel enables anyone to learn languages in an easy and interactive way. The learning system offers 13 languages, from E",Freelance Authors and Editors (m/f) for Norwegian Courses,0,0,0.999958336353302,4.166364669799805e-05,0.3,1,BERT:bert_class_weighted,Class weight
1984,emscad_14620,"Our Client, an established company offering solutions related to web content management, enterprise content management, ",Lead Java and Intershop Developer,0,0,0.9999538660049438,4.6133995056152344e-05,0.3,1,BERT:bert_class_weighted,Class weight
1985,emscad_14625,Mission Statement,Physical Therapist,0,0,0.999961793422699,3.820657730102539e-05,0.3,1,BERT:bert_class_weighted,Class weight
1986,emscad_14640,We Provide Full Time Permanent Positions for many medium to large US companies. We are interested in finding/recruiting ,Sales Manager,0,0,0.9999623894691467,3.7610530853271484e-05,0.3,1,BERT:bert_class_weighted,Class weight
1987,emscad_14641,Making music is easier now than ever.,Marketing and Administrative Assistant,0,0,0.9999493360519409,5.066394805908203e-05,0.3,1,BERT:bert_class_weighted,Class weight
1988,emscad_14644,"ClarusApex is an international recruiting company with representations in the Netherlands, Austria, Ukraine, Cyprus and ",Psychiatric Nurse from Europe (Relocation to England),0,0,0.9999538660049438,4.6133995056152344e-05,0.3,1,BERT:bert_class_weighted,Class weight
1989,emscad_14656,"Receives, assembles and installs office furniture and other related products at customers’ site per furniture plans and ",Furniture Installer $14/Hour,0,0,0.9999359846115112,6.401538848876953e-05,0.3,1,BERT:bert_class_weighted,Class weight
1990,emscad_14664,"HRdownloads was founded in 2008, and since that time has evolved to become the leader in delivering strategic Human Reso",Inside Sales Representative,0,0,0.9999638199806213,3.618001937866211e-05,0.3,1,BERT:bert_class_weighted,Class weight
1991,emscad_14672,"As an engineer focused on Platform9 infrastructure, you'll be critical to our development and release velocity. You'll h",DevOps Engg.,0,0,0.9999531507492065,4.684925079345703e-05,0.3,1,BERT:bert_class_weighted,Class weight
1992,emscad_14677,Since 1978,Brand Manager,0,0,0.999958336353302,4.166364669799805e-05,0.3,1,BERT:bert_class_weighted,Class weight
1993,emscad_14696,Bluebridge was created by a team of people who are passionate about organizations and the ways that effective technology,Sales & Marketing Operations,0,0,0.9999592900276184,4.07099723815918e-05,0.3,1,BERT:bert_class_weighted,Class weight
1994,emscad_14697,We Provide Full Time Permanent Positions for many medium to large US companies. We are interested in finding/recruiting ,"Sr. Android Software Engineer - Agile SCRUM ARM - Fairfax, VA",0,0,0.9999620914459229,3.790855407714844e-05,0.3,1,BERT:bert_class_weighted,Class weight
1995,emscad_14717,"Valor Services provides Workforce Solutions that meet the needs of companies across the Private Sector, with a special f",Sr. Reservoir Engineer,0,0,0.9999644756317139,3.552436828613281e-05,0.3,1,BERT:bert_class_weighted,Class weight
1996,emscad_14720,OUR EMPLOYEES DRIVE OUR BUSINESS,Agent-Inbound Customer Service,0,0,0.9999535083770752,4.649162292480469e-05,0.3,1,BERT:bert_class_weighted,Class weight
1997,emscad_14721,"Even though we’ve been industry leaders for years, we’ve never lost sight of our primary goal: to serve and protect our ","Life Insurance Agent - Tampa, FL",0,0,0.9999462962150574,5.370378494262695e-05,0.3,1,BERT:bert_class_weighted,Class weight
1998,emscad_14728,We Provide Full Time Permanent Positions for many medium to large US companies. We are interested in finding/recruiting ,Quality Manager,0,0,0.9999614953994751,3.8504600524902344e-05,0.3,1,BERT:bert_class_weighted,Class weight
1999,emscad_14731,EROAD was established to modernise New Zealand’s paper-based RUC regime and in 2009 launched the world’s first GPS/cellu,Sales Executive,0,0,0.9999639391899109,3.606081008911133e-05,0.3,1,BERT:bert_class_weighted,Class weight
2000,emscad_14736,ding* is the world’s largest top-up provider. Created to help people working abroad to support and keep in touch with lo,UX/UI Designer,0,0,0.9999653100967407,3.4689903259277344e-05,0.3,1,BERT:bert_class_weighted,Class weight
2001,emscad_14761,Contentful ( #URL_0252efddcbc4b8f51969fca7b054595976ea4678fd880b3653151e618d447b33# ) is an API-first content management,Support Engineer,0,0,0.9999305009841919,6.949901580810547e-05,0.3,1,BERT:bert_class_weighted,Class weight
2002,emscad_14762,"Optimal Business Action was created in 2005 in order to provide high quality, personalized HR services to medium and lar",English University Lecturers- Oman,0,0,0.9999668002128601,3.319978713989258e-05,0.3,1,BERT:bert_class_weighted,Class weight
2003,emscad_14771,"ABC Supply Co., Inc. is the nation’s largest wholesale distributor of roofing and one of the largest distributors of sid",Outside Sales Professional-Kenosha,0,0,0.9999563694000244,4.363059997558594e-05,0.3,1,BERT:bert_class_weighted,Class weight
2004,emscad_14776,We just built the factory of our dreams.,Process Engineer,0,0,0.9999354481697083,6.455183029174805e-05,0.3,1,BERT:bert_class_weighted,Class weight
2005,emscad_14792,"Traffic Safety Systems, Innovation & Partnership",Senior Software Developer,0,0,0.9999665021896362,3.349781036376953e-05,0.3,1,BERT:bert_class_weighted,Class weight
2006,emscad_14810,United Cerebral Palsy of Oregon & SW Washington (UCP) supports adults with all kinds of developmental disabilities (not ,"Support Specialist, Weekdays",0,0,0.9999592900276184,4.07099723815918e-05,0.3,1,BERT:bert_class_weighted,Class weight
2007,emscad_14811,Flite delivers ad innovation at scale to the world's top publishers and brands. Marketers use the self-service Flite Pla,Chief Financial Officer,0,0,0.999965488910675,3.451108932495117e-05,0.3,1,BERT:bert_class_weighted,Class weight
2008,emscad_14812,"Union is a digital marketing agency founded in 2002 and headquartered in Charlotte, NC. Considered a digital marketing l",Backend Developer (PHP),0,0,0.9999491572380066,5.08427619934082e-05,0.3,1,BERT:bert_class_weighted,Class weight
2009,emscad_14816,"Social Asylum is a new startup located in San Diego, we creating a platform for application development that can be repl",Web App Developer,0,0,0.9998992681503296,0.00010073184967041016,0.3,1,BERT:bert_class_weighted,Class weight
2010,emscad_14822,Frustrated with the status quo?,Senior Software Engineer,0,0,0.9999644756317139,3.552436828613281e-05,0.3,1,BERT:bert_class_weighted,Class weight
2011,emscad_14823,Mutatio delivers Business Intelligence and Customer Relationship Management solutions for government. Everyone here is r,ETL Developer,0,0,0.999960720539093,3.927946090698242e-05,0.3,1,BERT:bert_class_weighted,Class weight
2012,emscad_14824,We Provide Full Time Permanent Positions for many medium to large US companies. We are interested in finding/recruiting ,Buyer,0,0,0.9999620914459229,3.790855407714844e-05,0.3,1,BERT:bert_class_weighted,Class weight
2013,emscad_14834,Our client is seeking a Support Technician to join our Client Services team. This role offers the chance to work in a co,Support Technician,0,0,0.9999527931213379,4.7206878662109375e-05,0.3,1,BERT:bert_class_weighted,Class weight
2014,emscad_14835,"We believe clients need a business partner who gets their business, gets the uniqueness of their culture and gets their ",Front End Developer,0,0,0.9999527931213379,4.7206878662109375e-05,0.3,1,BERT:bert_class_weighted,Class weight
2015,emscad_14852,The OneReach team is comprised of a diverse group of wonderful people from all walks of life. We’re currently hiring for,Customer Success Agent (Technical Product Support),0,0,0.9999591708183289,4.082918167114258e-05,0.3,1,BERT:bert_class_weighted,Class weight
2016,emscad_14866,Rarely Impossible exists due to a passion for working with amazing clients and aiding them to bring their ideas to life.,senior c# developer,0,0,0.9999597668647766,4.023313522338867e-05,0.3,1,BERT:bert_class_weighted,Class weight
2017,emscad_14876,hello world,Software Engineer Backend,0,0,0.999945878982544,5.412101745605469e-05,0.3,1,BERT:bert_class_weighted,Class weight
2018,emscad_14891,We Provide Full Time Permanent Positions for many medium to large US companies. We are interested in finding/recruiting ,"Senior Auditor Supervisor - Cincinnati, OH",0,0,0.9999648928642273,3.510713577270508e-05,0.3,1,BERT:bert_class_weighted,Class weight
2019,emscad_14904,"Optimal Business Action was created in 2005 in order to provide high quality, personalized HR services to medium and lar",Applications' Systems Engineer,0,0,0.9999647736549377,3.522634506225586e-05,0.3,1,BERT:bert_class_weighted,Class weight
2020,emscad_14907,"WebLinc is the e-commerce platform and services provider for the fastest growing online retailers. WebLinc’s modern, agi",Senior Web Developer,0,0,0.9999620914459229,3.790855407714844e-05,0.3,1,BERT:bert_class_weighted,Class weight
2021,emscad_14908,"AREA 17 is an interactive agency. We take an interdisciplinary approach — blending the practices of design, technology a",Interactive Designer,0,0,0.9999339580535889,6.604194641113281e-05,0.3,1,BERT:bert_class_weighted,Class weight
2022,emscad_14916,United Med Force was created due to the high demand for elite sales professionals in the healthcare industry. United Med,Pharmaceutical / Compound Sales Representative- California,0,0,0.9999642372131348,3.5762786865234375e-05,0.3,1,BERT:bert_class_weighted,Class weight
2023,emscad_14919,ConsumerTrack is a technology-centric internet marketing company built on a culture of excellence. We are the preferred ,Media Director,0,0,0.9999535083770752,4.649162292480469e-05,0.3,1,BERT:bert_class_weighted,Class weight
2024,emscad_14932,"Vend is looking for some awesome new talent to come join us. You'll be working in an awesome team doing awesome things, ",Customer Support Star,0,0,0.9999516606330872,4.83393669128418e-05,0.3,1,BERT:bert_class_weighted,Class weight
2025,emscad_14933,"PINT is a leader in the web industry with 20 years of web design, software development and consulting experience. PINT's","Web Developer, HTML | CSS | JavaScript",0,0,0.9999604225158691,3.9577484130859375e-05,0.3,1,BERT:bert_class_weighted,Class weight
2026,emscad_14947,incrediblue is busting the myth that boating is only for the rich and famous by enabling any traveller to book an amazin,Interested to join our team?,0,0,0.9999604225158691,3.9577484130859375e-05,0.3,1,BERT:bert_class_weighted,Class weight
2027,emscad_14959,Workable is a venture-backed startup making cloud-based recruitment software for fast-growing companies around the world,Customer Success Manager,0,0,0.9999277591705322,7.224082946777344e-05,0.3,1,BERT:bert_class_weighted,Class weight
2028,emscad_14985,Why CSD?,National Programs Development Specialist,0,0,0.9999602437019348,3.975629806518555e-05,0.3,1,BERT:bert_class_weighted,Class weight
2029,emscad_14994,"Christopherson Business Travel is the independently owned leader in intelligent business travel management, online trave",Technology Support,0,0,0.9999629259109497,3.707408905029297e-05,0.3,1,BERT:bert_class_weighted,Class weight
2030,emscad_14998,"Voyageur is one of Ontario's leading transportation companies, serving Southwestern and Central Ontario for over 34 year","School Bus Monitor - Kitchener-Waterloo, Wellington County",0,0,0.9999622106552124,3.7789344787597656e-05,0.3,1,BERT:bert_class_weighted,Class weight
2031,emscad_15002,Visual BI is one of the leading and fastest growing firms focusing exclusively on BI & Analytics. Our offerings cover en,SAP HANA Modeler,0,0,0.9999589920043945,4.100799560546875e-05,0.3,1,BERT:bert_class_weighted,Class weight
2032,emscad_15008,"Meet cove, a network of neighborhood productive spaces with a community defining how to be productive together. We are a",Lead Web Developer (full stack),0,0,0.9999450445175171,5.4955482482910156e-05,0.3,1,BERT:bert_class_weighted,Class weight
2033,emscad_15017,"Babbel enables anyone to learn languages in an easy and interactive way. The learning system offers 13 languages, from E",Senior Recruiter,0,0,0.9999605417251587,3.9458274841308594e-05,0.3,1,BERT:bert_class_weighted,Class weight
2034,emscad_15028,"Declara is focused on bringing data to life. Our technology platform uses machine learning, search, algorithms and recom",Product Manager (Mobile),0,0,0.9999588131904602,4.118680953979492e-05,0.3,1,BERT:bert_class_weighted,Class weight
2035,emscad_15038,"Clinical Psychotherapist (LCSW, LMFT, LPC, PsyD) ReGenesis Counseling & Assessment Center, PLLC – Arlington, TX Exciting",Clinical Psychotherapist,0,0,0.9999529719352722,4.70280647277832e-05,0.3,1,BERT:bert_class_weighted,Class weight
2036,emscad_15039,A Quick Summary:,Chief Marketing Officer (CMO),0,0,0.9996213912963867,0.00037860870361328125,0.3,1,BERT:bert_class_weighted,Class weight
2037,emscad_15056,"We are experts in enterprise systems management for the desktop, mobility, datacentre + cloud. We are a young and dynami",Future - Tech Specialist - Microsoft Infrastructure,0,0,0.9999591708183289,4.082918167114258e-05,0.3,1,BERT:bert_class_weighted,Class weight
2038,emscad_15108,Description The successful candidate will be responsible for quoting & routing partial truckload and truckload size ship,Inventory Mgmt Analyst,0,0,0.966400146484375,0.033599853515625,0.3,1,BERT:bert_class_weighted,Class weight
2039,emscad_15112,We Provide Full Time Permanent Positions for many medium to large US companies. We are interested in finding/recruiting ,Automotive Controls Engineer,0,0,0.9999625086784363,3.74913215637207e-05,0.3,1,BERT:bert_class_weighted,Class weight
2040,emscad_15127,Workable is a venture-backed startup making cloud-based recruitment software for fast-growing companies around the world,Office Manager,0,0,0.9999141693115234,8.58306884765625e-05,0.3,1,BERT:bert_class_weighted,Class weight
2041,emscad_15129,Wedo is a collection of niched e-commerce stores which aim to be the first destination for online shoppers buying in the,Financial Accountant / Finance Manager (contract to permanent),0,0,0.9999578595161438,4.214048385620117e-05,0.3,1,BERT:bert_class_weighted,Class weight
2042,emscad_15133,MaxPlayTM is a cross-platform digital publishing company focused on revolutionizing the games as a service market. You p,QA Tester,0,0,0.9999174475669861,8.255243301391602e-05,0.3,1,BERT:bert_class_weighted,Class weight
2043,emscad_15140,"As augmented reality jobs go, one at Blippar is hard to beat. We are a rapidly expanding creative startup at the forefro",Creative Lead,0,0,0.9999620914459229,3.790855407714844e-05,0.3,1,BERT:bert_class_weighted,Class weight
2044,emscad_15149,Bowery is an easier way to set up your development environment.,Community Manager & Customer Support,0,0,0.9999398589134216,6.014108657836914e-05,0.3,1,BERT:bert_class_weighted,Class weight
2045,emscad_15164,BIG EVENT IN CHESTER! NOVEMBER 10TH AND 13TH!,Event Servers Needed - Hiring ASAP!,0,0,0.9999318718910217,6.812810897827148e-05,0.3,1,BERT:bert_class_weighted,Class weight
2046,emscad_15167,"ustwo offers you the opportunity to be yourself, whilst delivering the best work on the planet for some of the biggest a",Agile/Team Coach,0,0,0.9999625086784363,3.74913215637207e-05,0.3,1,BERT:bert_class_weighted,Class weight
2047,emscad_15168,"Namely is the leading end-to-end HR and payroll platform for growing companies. Offerings include human payroll, benefit","Product Manager, HRIS & Analytics",0,0,0.999963641166687,3.635883331298828e-05,0.3,1,BERT:bert_class_weighted,Class weight
2048,emscad_15182,Job Profile Title: Travel Sales Executive,Travel sales executive,0,0,0.9999462962150574,5.370378494262695e-05,0.3,1,BERT:bert_class_weighted,Class weight
2049,emscad_15187,"ABC Supply Co., Inc. is the nation’s largest wholesale distributor of roofing and one of the largest distributors of sid",CDL Driver-Cicero,0,0,0.9999594688415527,4.0531158447265625e-05,0.3,1,BERT:bert_class_weighted,Class weight
2050,emscad_15196,"Even though we’ve been industry leaders for years, we’ve never lost sight of our primary goal: to serve and protect our ","Life Insurance Agent - Orange County, CA",0,0,0.9999497532844543,5.02467155456543e-05,0.3,1,BERT:bert_class_weighted,Class weight
2051,emscad_15212,If working in a cubical seems like your idea of hell then joining our awesome startup team might be the opportunity you’,Head of Product Design,0,0,0.9999620914459229,3.790855407714844e-05,0.3,1,BERT:bert_class_weighted,Class weight
2052,emscad_15213,"Recombine provides clinical genetic testing. CarrierMap, the first product created at Recombine, is the most comprehensi",Software Engineer,0,0,0.9999576807022095,4.2319297790527344e-05,0.3,1,BERT:bert_class_weighted,Class weight
2053,emscad_15242,"Founded in 2010 by a team from Google’s London and New York offices, Qubit work with some of the biggest names in Online",Executive Strategist,0,0,0.9999639391899109,3.606081008911133e-05,0.3,1,BERT:bert_class_weighted,Class weight
2054,emscad_15252,Printfresh is a leading fashion textile design studio. We are a growing company with an enthusiastic group of people pas,Print Designer,0,0,0.9999605417251587,3.9458274841308594e-05,0.3,1,BERT:bert_class_weighted,Class weight
2055,emscad_15257,Axonix is a global mobile advertising technology company that's powered by a platform with a 4 year history of leading t,Java Software Developer,0,0,0.9999412298202515,5.8770179748535156e-05,0.3,1,BERT:bert_class_weighted,Class weight
2056,emscad_15264,Kettle is an independent digital agency based in New York City and the Bay Area. We’re committed to making digital do mo,STRATEGIST,0,0,0.9999499320983887,5.0067901611328125e-05,0.3,1,BERT:bert_class_weighted,Class weight
2057,emscad_15266,"Lost My Name combines the power of storytelling with the possibilities of technology to make magical, personalised books",Front End Developer / Creative Technologist - R&D Team,0,0,0.999960720539093,3.927946090698242e-05,0.3,1,BERT:bert_class_weighted,Class weight
2058,emscad_15270,SQLearn has an extensive experience and expertise in the elearning field. Dominates the Greek elearning market and has c,Elearning Sales/Business Development,0,0,0.9999465346336365,5.346536636352539e-05,0.3,1,BERT:bert_class_weighted,Class weight
2059,emscad_15280,Qualified Staffing Services That Meet Your Technical Needs,Machine Operator,0,0,0.9999602437019348,3.975629806518555e-05,0.3,1,BERT:bert_class_weighted,Class weight
2060,emscad_15281,We need awesome people!,Senior interaction Designer,0,0,0.9999634027481079,3.6597251892089844e-05,0.3,1,BERT:bert_class_weighted,Class weight
2061,emscad_15290,We Provide Full Time Permanent Positions for many medium to large US companies. We are interested in finding/recruiting ,JAVA Developer,0,0,0.9999616146087646,3.838539123535156e-05,0.3,1,BERT:bert_class_weighted,Class weight
2062,emscad_15312,"Based in Hoxton, London, Forward Partners are a “startup catalyst”, combining investment with practical hands-on experti",Growth Hacker at SPOKE,0,0,0.9999561905860901,4.380941390991211e-05,0.3,1,BERT:bert_class_weighted,Class weight
2063,emscad_15340,"From the lands of Can Do, Roll Our Sleeves Up and Get It Done, we create and solve things previously unimaginable. We’re",Office Assistant + Receptionist,0,0,0.9999605417251587,3.9458274841308594e-05,0.3,1,BERT:bert_class_weighted,Class weight
2064,emscad_15359,RTB Account Manager CEE (based in Warsaw),RTB Account Manager CEE,0,0,0.9999622106552124,3.7789344787597656e-05,0.3,1,BERT:bert_class_weighted,Class weight
2065,emscad_15369,Role: System Admin (Solaris 9/10),System Admin (Solaris 9/10) || Uniondale NY or Herndon VA || 4+ Months ||,0,1,0.00146484375,0.99853515625,0.3,0,BERT:bert_class_weighted,Class weight
2066,emscad_15373,"#URL_a397afc00bff956382eec8b3826bbd79bd4cbade11c565390118c0c00292b77e# is a venture funded, successful UK startup buildi",Senior JavaScript incl. AngularJS,0,0,0.9999430775642395,5.692243576049805e-05,0.3,1,BERT:bert_class_weighted,Class weight
2067,emscad_15379,Who is Ramberg Associates?,Various GP locums make some $$ while you holiday !,0,0,0.9999613165855408,3.8683414459228516e-05,0.3,1,BERT:bert_class_weighted,Class weight
2068,emscad_15396,"As augmented reality jobs go, one at Blippar is hard to beat. We are a rapidly expanding creative startup at the forefro",Blipp Architect (Full Stack Developer),0,0,0.9999570250511169,4.297494888305664e-05,0.3,1,BERT:bert_class_weighted,Class weight
2069,emscad_15398,Workable is a venture-backed startup making cloud-based recruitment software for fast-growing companies around the world,Customer Success Manager,0,0,0.9999277591705322,7.224082946777344e-05,0.3,1,BERT:bert_class_weighted,Class weight
2070,emscad_15405,Son of a Tailor makes exclusive tailored T-shirts. They are the first in the world to build an online T-shirt tailoring ,Head of Tailoring,0,0,0.9999580383300781,4.1961669921875e-05,0.3,1,BERT:bert_class_weighted,Class weight
2071,emscad_15407,Software engineer (backend),Software Engineer Backend (New College Grad),0,0,0.9999545812606812,4.5418739318847656e-05,0.3,1,BERT:bert_class_weighted,Class weight
2072,emscad_15412,ActionIQ is a stealth startup building the next generation of data-driven business applications. It is based in New York,"Member of Technical Staff, Frontend UI",0,0,0.999934732913971,6.526708602905273e-05,0.3,1,BERT:bert_class_weighted,Class weight
2073,emscad_15436,"Recombine provides clinical genetic testing. CarrierMap, the first product created at Recombine, is the most comprehensi",Associate Bioinformaticist,0,0,0.9999605417251587,3.9458274841308594e-05,0.3,1,BERT:bert_class_weighted,Class weight
2074,emscad_15450,Why CSD?,Marketing Support Manager,0,0,0.9999608397483826,3.916025161743164e-05,0.3,1,BERT:bert_class_weighted,Class weight
2075,emscad_15456,"L O OP is an award winning interactive agency based in Salzburg with satellite offices in Copenhagen, Berlin, Sydney and",Digital Project Manager,0,0,0.9999511241912842,4.887580871582031e-05,0.3,1,BERT:bert_class_weighted,Class weight
2076,emscad_15463,We take the hassle out of finding and booking a cleaner. We are currently in the UK but we have big plans and we want an,Partnership Manager,0,0,0.9999540448188782,4.595518112182617e-05,0.3,1,BERT:bert_class_weighted,Class weight
2077,emscad_15464,Shape the Future.,Illustrator / Graphic Designer,0,0,0.999958336353302,4.166364669799805e-05,0.3,1,BERT:bert_class_weighted,Class weight
2078,emscad_15465,Back to #URL_e25642d9604fc2ff4afed5946b41108218e2ede0a176a370805839fc7cfbc868#,Director of Operations / Project Manager (Worldwide),0,0,0.9999145269393921,8.547306060791016e-05,0.3,1,BERT:bert_class_weighted,Class weight
2079,emscad_15469,Job Description,Seamstress,0,0,0.9998931884765625,0.0001068115234375,0.3,1,BERT:bert_class_weighted,Class weight
2080,emscad_15481,Inc42 is a technology focused media portal with extensive focus on innovation and creating value. In the past 6 months I,Content Writer/Journalist,0,0,0.9999473094940186,5.269050598144531e-05,0.3,1,BERT:bert_class_weighted,Class weight
2081,emscad_15483,"Seeking PART-TIME day and night janitors to clean commercial office buildings in Sacramento, Roseville, Rancho Cordova, ",Janitors (Sacramento Region),0,0,0.9998961091041565,0.00010389089584350586,0.3,1,BERT:bert_class_weighted,Class weight
2082,emscad_15486,Outstanding Member Service Starts With Outstanding People,Branch Business Associate,0,0,0.9999542236328125,4.57763671875e-05,0.3,1,BERT:bert_class_weighted,Class weight
2083,emscad_15487,"OgilvyOne worldwide, Athens was established in 1987. The company provides Digital, CRM and Promotional services to Greek",Digital Copywriter,0,0,0.9999635219573975,3.647804260253906e-05,0.3,1,BERT:bert_class_weighted,Class weight
2084,emscad_15488,We Provide Full Time Permanent Positions for many medium to large US companies. We are interested in finding/recruiting ,"Jr Application Developer - Madison, WI",0,0,0.9999613165855408,3.8683414459228516e-05,0.3,1,BERT:bert_class_weighted,Class weight
2085,emscad_15489,NL Group supplies specialist healthcare recruitment and staffing solutions to the NHS and private healthcare providers i,Accounts & Payroll Officer,0,0,0.9999670386314392,3.2961368560791016e-05,0.3,1,BERT:bert_class_weighted,Class weight
2086,emscad_15497,MERL's internship program gives students excellent opportunities to work in an industrial research lab environment side-,Robust speech recognition and understanding,0,0,0.9999592900276184,4.07099723815918e-05,0.3,1,BERT:bert_class_weighted,Class weight
2087,emscad_15500,"Sendence provides next generation data technology to the financial services industry (broker-dealers, hedge funds and ot",Big Data Engineer,0,0,0.9999628067016602,3.719329833984375e-05,0.3,1,BERT:bert_class_weighted,Class weight
2088,emscad_15530,hello world,Product Manager,0,0,0.9999513030052185,4.869699478149414e-05,0.3,1,BERT:bert_class_weighted,Class weight
2089,emscad_15540,We Provide Full Time Permanent Positions for many medium to large US companies. We are interested in finding/recruiting ,"Master Scheduler/ Materials Manager Job In cincinnati, OH",0,0,0.9999616146087646,3.838539123535156e-05,0.3,1,BERT:bert_class_weighted,Class weight
2090,emscad_15542,MISSION:,EXPERIENCED CAREGIVERS NEEDED TODAY!THE BEST PAY & AWESOME BENEFITS!!,0,0,0.9999656081199646,3.439188003540039e-05,0.3,1,BERT:bert_class_weighted,Class weight
2091,emscad_15548,"One Design Company is a digital design, strategy and development agency. We’ve called Chicago our home for nearly a deca",Senior Web Developer,0,0,0.9999389052391052,6.109476089477539e-05,0.3,1,BERT:bert_class_weighted,Class weight
2092,emscad_15557,"Valor Services provides Workforce Solutions that meet the needs of companies across the Private Sector, with a special f",Facilities Engineer,0,0,0.9999651908874512,3.4809112548828125e-05,0.3,1,BERT:bert_class_weighted,Class weight
2093,emscad_15563,We Provide Full Time Permanent Positions for many medium to large US companies. We are interested in finding/recruiting ,Compliance LeaC - HACCP Food Manufacturing Exp - IL,0,0,0.999961793422699,3.820657730102539e-05,0.3,1,BERT:bert_class_weighted,Class weight
2094,emscad_15571,"Namely is the leading end-to-end HR and payroll platform for growing companies. Offerings include human payroll, benefit",Senior Web Developer,0,0,0.9999650716781616,3.4928321838378906e-05,0.3,1,BERT:bert_class_weighted,Class weight
2095,emscad_15572,United Cerebral Palsy of Oregon & SW Washington (UCP) supports adults with all kinds of developmental disabilities (not ,Employment Specialist,0,0,0.9999596476554871,4.035234451293945e-05,0.3,1,BERT:bert_class_weighted,Class weight
2096,emscad_15573,We Provide Full Time Permanent Positions for many medium to large US companies. We are interested in finding/recruiting ,Chief Sales Officer - Investment Accounting SAAS - PA,0,0,0.9999616146087646,3.838539123535156e-05,0.3,1,BERT:bert_class_weighted,Class weight
2097,emscad_15576,Forward3D is the largest independent digital marketing agency in Britain. We run cutting edge digital marketing campaign,Korean Senior PPC Analyst,0,0,0.9999669194221497,3.30805778503418e-05,0.3,1,BERT:bert_class_weighted,Class weight
2098,emscad_15594,"We're an emerging technology agency, and we build breakthrough products through user-centered design. We're building a t","Engineering Manager, Android",0,0,0.9999576807022095,4.2319297790527344e-05,0.3,1,BERT:bert_class_weighted,Class weight
2099,emscad_15607,We Provide Full Time Permanent Positions for many medium to large US companies. We are interested in finding/recruiting ,"Reverse Engineer - TCP UNIX C++ Perl Python YARD - Dallas, TX",0,0,0.999963104724884,3.68952751159668e-05,0.3,1,BERT:bert_class_weighted,Class weight
2100,emscad_15614,Company Website: #URL_b0bc289d014ce1647b7dbe8ffe0e121d1f3ded55cbf9e3c20987b3cf1f8d3b5d#,Business Developer,0,0,0.999963104724884,3.68952751159668e-05,0.3,1,BERT:bert_class_weighted,Class weight
2101,emscad_15617,"Welcome to interface rehab interface rehab provides comprehensive rehabilitation (Physical, Occupational & Speech Therap",Occupational Therapy Assistant,0,0,0.999958336353302,4.166364669799805e-05,0.3,1,BERT:bert_class_weighted,Class weight
2102,emscad_15627,"Responsible for day to day operations and for maintenance, repair and upkeep services in a portfolio of residential apar",Maintenance Technician,0,0,0.9999282956123352,7.170438766479492e-05,0.3,1,BERT:bert_class_weighted,Class weight
2103,emscad_15631,Zylun’s mission is to help small and medium size enterprises take advantage of a highly skilled global workforce in a si,STEEL DETAILER,0,0,0.9999640583992004,3.594160079956055e-05,0.3,1,BERT:bert_class_weighted,Class weight
2104,emscad_15634,We Provide Full Time Permanent Positions for many medium to large US companies. We are interested in finding/recruiting ,Buyer,0,0,0.9999620914459229,3.790855407714844e-05,0.3,1,BERT:bert_class_weighted,Class weight
2105,emscad_15637,"Namely is the leading end-to-end HR and payroll platform for growing companies. Offerings include human payroll, benefit",Office Operations Manager,0,0,0.9999644756317139,3.552436828613281e-05,0.3,1,BERT:bert_class_weighted,Class weight
2106,emscad_15639,"Reinventing the specialty mortgage servicing process by providing the highest level of customer service to our clients, ",Bankruptcy Specialist-Mortgage Industry,0,0,0.9999635219573975,3.647804260253906e-05,0.3,1,BERT:bert_class_weighted,Class weight
2107,emscad_15642,We Provide Full Time Permanent Positions for many medium to large US companies. We are interested in finding/recruiting ,Electrical Maintenance Technician,0,0,0.9999600648880005,3.993511199951172e-05,0.3,1,BERT:bert_class_weighted,Class weight
2108,emscad_15649,"Valor Services provides Workforce Solutions that meet the needs of companies across the Private Sector, with a special f",Purchasing Specialist,0,0,0.9999674558639526,3.254413604736328e-05,0.3,1,BERT:bert_class_weighted,Class weight
2109,emscad_15656,The Beans Group is a media company that exists to empower young people to thrive. We have been on an exponential growth ,Front End Developer,0,0,0.9999619126319885,3.808736801147461e-05,0.3,1,BERT:bert_class_weighted,Class weight
2110,emscad_15663,"Sparkol is a growing software company based outside of Bristol, UK.",UI Designer,0,0,0.9999575018882751,4.2498111724853516e-05,0.3,1,BERT:bert_class_weighted,Class weight
2111,emscad_15666,Hawkeye Recruitment provides cost effective recruitment advertising solutions to help you cast the widest net to find th,Logistics Coordinator,0,0,0.9999640583992004,3.594160079956055e-05,0.3,1,BERT:bert_class_weighted,Class weight
2112,emscad_15673,"With an exceptional record of over 50% growth in each of the last 5 years, we’ve become the UK’s largest online retailer",Junior Data Analyst,0,0,0.9999663829803467,3.361701965332031e-05,0.3,1,BERT:bert_class_weighted,Class weight
2113,emscad_15684,"ustwo offers you the opportunity to be yourself, whilst delivering the best work on the planet for some of the biggest a",Android Developer,0,0,0.9999443888664246,5.561113357543945e-05,0.3,1,BERT:bert_class_weighted,Class weight
2114,emscad_15685,"Red Star Yeast Company LLC (RSYC), a leader in the Yeast Manufacturing Industry, is a joint venture between Lesaffre Yea",Maintenance Planner,0,0,0.9999588131904602,4.118680953979492e-05,0.3,1,BERT:bert_class_weighted,Class weight
2115,emscad_15686,Balanced Labs exists to provide accountants and small businesses everywhere with a better life through intelligent and e,Data Scientist,0,0,0.9999600648880005,3.993511199951172e-05,0.3,1,BERT:bert_class_weighted,Class weight
2116,emscad_15690,We Provide Full Time Permanent Positions for many medium to large US companies. We are interested in finding/recruiting ,Process Control Engineer - DCS PLC Allen Bradley - WV,0,0,0.9999625086784363,3.74913215637207e-05,0.3,1,BERT:bert_class_weighted,Class weight
2117,emscad_15693,BCV is the premier full-service social media provider in the hospitality industry. Our social media experts have develop,Nighttime Community Manager,0,0,0.9999651908874512,3.4809112548828125e-05,0.3,1,BERT:bert_class_weighted,Class weight
2118,emscad_15697,"Vend is looking for some awesome new talent to come join us. You'll be working in an awesome team doing awesome things, ",Director of Learning,0,0,0.9999573230743408,4.267692565917969e-05,0.3,1,BERT:bert_class_weighted,Class weight
2119,emscad_15711,"EatAds is a global platform business, like #URL_21e7f703da8e28a4edd962a114e1af7ba244609a9ccd3760ae493e9f447c25fe# or #UR","Software Engineer (Delhi role, Singapore company)",0,0,0.9999467134475708,5.328655242919922e-05,0.3,1,BERT:bert_class_weighted,Class weight
2120,emscad_15713,VisaHQ hires a diverse and internationally minded staff of professional and reliable employees who are dedicated to brea,Passport and Visa Specialist,0,0,0.9999594688415527,4.0531158447265625e-05,0.3,1,BERT:bert_class_weighted,Class weight
2121,emscad_15717,Our Company,Back Office PHP Developer,0,0,0.9999511241912842,4.887580871582031e-05,0.3,1,BERT:bert_class_weighted,Class weight
2122,emscad_15721,Reevoo is a pioneering Ratings and Reviews provider. We are the independent reviews service people trust. And Our Engine,Senior Ruby Developer,0,0,0.9999508857727051,4.9114227294921875e-05,0.3,1,BERT:bert_class_weighted,Class weight
2123,emscad_15723,We are a leading medical specialty products supplier to Long-Term Care facilities throughout the country. Throughout the,Account Representative | Healthcare,0,0,0.9999423623085022,5.7637691497802734e-05,0.3,1,BERT:bert_class_weighted,Class weight
2124,emscad_15732,"Babbel enables anyone to learn languages in an easy and interactive way. The learning system offers 13 languages, from E",DevOps Engineer,0,0,0.9999552965164185,4.470348358154297e-05,0.3,1,BERT:bert_class_weighted,Class weight
2125,emscad_15738,"Flight pricing is highly complex and opaque, so travelers often don't have the information they need to get the best dea",Marketing Analyst / Digital Media Strategist,0,0,0.9999642372131348,3.5762786865234375e-05,0.3,1,BERT:bert_class_weighted,Class weight
2126,emscad_15746,Nectar Creative Communications is a Queensland based specialist events and communication agency that believes in the str,Event Coordinator,0,0,0.999965488910675,3.451108932495117e-05,0.3,1,BERT:bert_class_weighted,Class weight
2127,emscad_15763,"Founded in 2010 by a team from Google’s London and New York offices, Qubit work with some of the biggest names in Online",Director of Partnerships,0,0,0.9999638199806213,3.618001937866211e-05,0.3,1,BERT:bert_class_weighted,Class weight
2128,emscad_15764,Thanks for visiting our Job Board. Please review our open positions and apply to the positions that match your qualifica,Training Manager,0,0,0.999950110912323,4.988908767700195e-05,0.3,1,BERT:bert_class_weighted,Class weight
2129,emscad_15776,We take the hassle out of finding and booking a cleaner. We are currently in the UK but we have big plans and we want an,Customer Service Associate,0,0,0.9999535083770752,4.649162292480469e-05,0.3,1,BERT:bert_class_weighted,Class weight
2130,emscad_15781,"Shapeways is the leading 3D printing marketplace and community, empowering designers to bring amazing products to life. ",Principal Database Engineer,0,0,0.9999661445617676,3.3855438232421875e-05,0.3,1,BERT:bert_class_weighted,Class weight
2131,emscad_15789,Phoenix Home Care came to be as a result of our commitment to improve the quality of life for those we serve. Each of ou,Licensed Practical Nurse (LPN)- Private Duty,0,0,0.9999656081199646,3.439188003540039e-05,0.3,1,BERT:bert_class_weighted,Class weight
2132,emscad_15797,Can data be a thing of beauty? We think so.,Junior Web Application Developer (Node.JS),0,0,0.9999556541442871,4.4345855712890625e-05,0.3,1,BERT:bert_class_weighted,Class weight
2133,emscad_15800,United Med Force was created due to the high demand for elite sales professionals in the healthcare industry. United Med,Pharmaceutical / Compound Sales Representative- Massachusetts,0,0,0.9999642372131348,3.5762786865234375e-05,0.3,1,BERT:bert_class_weighted,Class weight
2134,emscad_15807,Medium-sized metal fabricating/job shop is in need of another mechanical engineer or designer. We are a sheet metal job ,Mechanical Drafter / Designer,0,0,0.9999554753303528,4.45246696472168e-05,0.3,1,BERT:bert_class_weighted,Class weight
2135,emscad_15812,"Based in San Francisco with a development office in Budapest, Hungary, Secret Sauce Partners enables the world's largest",Senior Product Manager,0,0,0.9999638199806213,3.618001937866211e-05,0.3,1,BERT:bert_class_weighted,Class weight
2136,emscad_15815,You Control the Rankings,SEO Expert - Design Processes and Create Content,0,0,0.9999499320983887,5.0067901611328125e-05,0.3,1,BERT:bert_class_weighted,Class weight
2137,emscad_15819,"Critical Nurse Staffing, Inc. is enrolled with the U.S Department of Labor to provide nursing care to the former defense","Home Health RN - Hondo, NM",0,0,0.9999616146087646,3.838539123535156e-05,0.3,1,BERT:bert_class_weighted,Class weight
2138,emscad_15824,"StudyHall creates opportunities for college, university students, and recent graduates, to work with the best companies ",Writer and Content Producer for Early-Stage Startup | StudyHall.com,0,0,0.9999638199806213,3.618001937866211e-05,0.3,1,BERT:bert_class_weighted,Class weight
2139,emscad_15836,Take Out Brands is a food franchise business with a #URL_4524df5c91ce800c4ba16ef1406d622db7d51d37105a7fcee27521e61854615,Part-time In-Store Assistants (Papa John's Pizza),0,0,0.9999597668647766,4.023313522338867e-05,0.3,1,BERT:bert_class_weighted,Class weight
2140,emscad_15842,LKM Search Solutions is an Executive Search Firm that cares about your future. We work hard to find the position that is,Corporate Finance Associate Attorney,0,0,0.9999533295631409,4.667043685913086e-05,0.3,1,BERT:bert_class_weighted,Class weight
2141,emscad_15844,"Project Manager will function as the overall lead to ensure project activities are performed safely, on schedule and wit",Project Manager,0,0,0.9996867179870605,0.0003132820129394531,0.3,1,BERT:bert_class_weighted,Class weight
2142,emscad_15851,"Fusemachines combines the power of Data Science, Artificial Intelligence and Natural Language Processing to build unique",Chief Marketing Officer,0,0,0.9999647736549377,3.522634506225586e-05,0.3,1,BERT:bert_class_weighted,Class weight
2143,emscad_15876,"Indianapolis eye doctors since 1940 and now with eye doctors across the state at our 19 locations, Dr. Tavel Family Eye ",Receptionist,0,0,0.9999544024467468,4.559755325317383e-05,0.3,1,BERT:bert_class_weighted,Class weight
2144,emscad_15883,"Vend is looking for some awesome new talent to come join us. You'll be working in an awesome team doing awesome things, ",Tax Accountant,0,0,0.9999561905860901,4.380941390991211e-05,0.3,1,BERT:bert_class_weighted,Class weight
2145,emscad_15897,IDEAL Group is a holding company focusing in three major activities; distribution of Advanced Consumer Products and Whit,Digital Marketing Executive,0,0,0.9999491572380066,5.08427619934082e-05,0.3,1,BERT:bert_class_weighted,Class weight
2146,emscad_15905,Maguru helps small businesses get more customers though efficient and fair priced managed online marketing.,Web Designer,0,0,0.9999563694000244,4.363059997558594e-05,0.3,1,BERT:bert_class_weighted,Class weight
2147,emscad_15906,Outstanding Member Service Starts With Outstanding People,Branch Associate,0,0,0.9999549388885498,4.506111145019531e-05,0.3,1,BERT:bert_class_weighted,Class weight
2148,emscad_15909,The best word to describe PCP’s culture is PRIDE. Pride in our company. Pride in our job. And pride in our relationships,Scanning Clerk,0,0,0.999950110912323,4.988908767700195e-05,0.3,1,BERT:bert_class_weighted,Class weight
2149,emscad_15925,"Handi Ramp, founded in 1958, is the oldest manufacturer of metal ramps in the United #URL_88003d34655ed7f8d4d1e5bacc716f",Customer Service Representative and Shipping Coordinator,0,0,0.9999620914459229,3.790855407714844e-05,0.3,1,BERT:bert_class_weighted,Class weight
2150,emscad_15927,"Overview Our client is the leading prepaid content provider and distribution network in the world, with a globalreach th",Project Manager,0,0,0.9999520778656006,4.792213439941406e-05,0.3,1,BERT:bert_class_weighted,Class weight
2151,emscad_15940,Are you passionate about project management and transforming data into insights? Are you excited about working in a dyna,Research and Consulting Project Manager,0,0,0.9990148544311523,0.0009851455688476562,0.3,1,BERT:bert_class_weighted,Class weight
2152,emscad_15960,Enter sales orders into system,Order Admin/ $15hr,0,1,0.0009765625,0.9990234375,0.3,0,BERT:bert_class_weighted,Class weight
2153,emscad_15967,"MedTalent is a modern staffing company that specializes in the placement of physicians, nurses and healthcare profession",Facility Leader,0,0,0.9999628067016602,3.719329833984375e-05,0.3,1,BERT:bert_class_weighted,Class weight
2154,emscad_15973,"Founded in 2010 by a team from Google’s London and New York offices, Qubit work with some of the biggest names in Online",Executive Strategist,0,0,0.9999629259109497,3.707408905029297e-05,0.3,1,BERT:bert_class_weighted,Class weight
2155,emscad_15982,LKM Search Solutions is an Executive Search Firm that cares about your future. We work hard to find the position that is,Corporate M&A Associates,0,0,0.9999513030052185,4.869699478149414e-05,0.3,1,BERT:bert_class_weighted,Class weight
2156,emscad_15990,We Provide Full Time Permanent Positions for many medium to large US companies. We are interested in finding/recruiting ,"Field Sales Representative - Sales - Newnan, GA",0,0,0.9999632239341736,3.6776065826416016e-05,0.3,1,BERT:bert_class_weighted,Class weight
2157,emscad_15994,Espressoft Systems Sdn Bhd is a Malaysia-based agile software development company focused on providing innovative techno,Mobile Application Software Engineer (Android),0,0,0.999944806098938,5.519390106201172e-05,0.3,1,BERT:bert_class_weighted,Class weight
2158,emscad_15999,We Provide Full Time Permanent Positions for many medium to large US companies. We are interested in finding/recruiting ,Specialty Monomers Account Manager - Polymer Chemistry Exp - NJ,0,0,0.9999616146087646,3.838539123535156e-05,0.3,1,BERT:bert_class_weighted,Class weight
2159,emscad_16000,If working in a cubical seems like your idea of hell then joining our awesome startup team might be the opportunity you’,Technical Support Team Leader,0,0,0.9999573230743408,4.267692565917969e-05,0.3,1,BERT:bert_class_weighted,Class weight
2160,emscad_16001,"Babbel enables anyone to learn languages in an easy and interactive way. The learning system offers 13 languages, from E",Student Assistant User Research,0,0,0.9999581575393677,4.184246063232422e-05,0.3,1,BERT:bert_class_weighted,Class weight
2161,emscad_16003,"We build software for fashion retailers, to help them make the right commercial decisions about what to sell, and how to",Strategic Account Director - New York,0,0,0.9999483823776245,5.161762237548828e-05,0.3,1,BERT:bert_class_weighted,Class weight
2162,emscad_16010,"Founded in 2009 by early LinkedIn employees, PeopleLinx gamifies employee engagement for LinkedIn, Twitter and other soc",Business Development Representative,0,0,0.9999639391899109,3.606081008911133e-05,0.3,1,BERT:bert_class_weighted,Class weight
2163,emscad_16011,Lifehack is widely recognized as one of the premier productivity and lifestyle content sites on the web. With over 10 mi,Online Advertising Manager,0,0,0.9999497532844543,5.02467155456543e-05,0.3,1,BERT:bert_class_weighted,Class weight
2164,emscad_16015,"Even though we’ve been industry leaders for years, we’ve never lost sight of our primary goal: to serve and protect our ",Life Insurance Agent - South Florida,0,0,0.9999558329582214,4.416704177856445e-05,0.3,1,BERT:bert_class_weighted,Class weight
2165,emscad_16021,"#URL_eda2500ddcedb60957fcd7f5b164e092966f8c4e8fb89ce70a16bea1545a297d# , a growing social media company, is seeking an e",Social Media/Marketing Manager,0,0,0.9999403357505798,5.9664249420166016e-05,0.3,1,BERT:bert_class_weighted,Class weight
2166,emscad_16024,"Critical Nurse Staffing, Inc. is enrolled with the U.S Department of Labor to provide nursing care to the former defense","Home Health CNA - Scenic, AZ",0,0,0.9999628067016602,3.719329833984375e-05,0.3,1,BERT:bert_class_weighted,Class weight
2167,emscad_16026,We Provide Full Time Permanent Positions for many medium to large US companies. We are interested in finding/recruiting ,Process Control Engineer - TX,0,0,0.9999611973762512,3.88026237487793e-05,0.3,1,BERT:bert_class_weighted,Class weight
2168,emscad_16027,"Are you looking for a career opportunity with a lucrative earning potential, an outstanding benefit package and the chan",Insurance Agent - Life,0,0,0.9999419450759888,5.805492401123047e-05,0.3,1,BERT:bert_class_weighted,Class weight
2169,emscad_16034,"Critical Nurse Staffing, Inc. is enrolled with the U.S Department of Labor to provide nursing care to the former defense","Home Health RN - Alamo, NV",0,0,0.999961793422699,3.820657730102539e-05,0.3,1,BERT:bert_class_weighted,Class weight
2170,emscad_16059,"Social Care Alba is the highest graded Care at Home Company in the country. We hold awards in Investors in People, Healt",Care Assistant (Personal Assistant),0,0,0.9999638199806213,3.618001937866211e-05,0.3,1,BERT:bert_class_weighted,Class weight
2171,emscad_16082,Gust is a global platform for the sourcing and management of early-stage investments. Gust enables skilled entrepreneurs,Software Developer,0,0,0.9999473094940186,5.269050598144531e-05,0.3,1,BERT:bert_class_weighted,Class weight
2172,emscad_16103,About the Company We are ticketscript - the European market leaders in digital self-ticketing. Whether it’s massive danc,JavaScript Guru,0,0,0.9999499320983887,5.0067901611328125e-05,0.3,1,BERT:bert_class_weighted,Class weight
2173,emscad_16112,NOW: Pensions is a UK based multi-employer trust serving thousands of employers and hundreds of thousands of employees f,IT Support Analyst,0,0,0.999963104724884,3.68952751159668e-05,0.3,1,BERT:bert_class_weighted,Class weight
2174,emscad_16114,PowerbyProxi and its customers are leading a revolution to deliver unplugged power. We have changed the way electricity ,Engineer - Embedded Design (US),0,0,0.9999663829803467,3.361701965332031e-05,0.3,1,BERT:bert_class_weighted,Class weight
2175,emscad_16119,MarketInvoice is one of the most high-profile London based fin-tech companies. The Company is Europe’s leading P2P invoi,Office Manager,0,0,0.9999604225158691,3.9577484130859375e-05,0.3,1,BERT:bert_class_weighted,Class weight
2176,emscad_16130,"Valor Services provides Workforce Solutions that meet the needs of companies across the Private Sector, with a special f",Resevoir Engineer,0,0,0.9999648928642273,3.510713577270508e-05,0.3,1,BERT:bert_class_weighted,Class weight
2177,emscad_16140,The front door to most businesses is online. Connectivity allows business owners know every first impression. We are pas,Content Marketing Manager,0,0,0.9999566674232483,4.3332576751708984e-05,0.3,1,BERT:bert_class_weighted,Class weight
2178,emscad_16141,"Retailers around the world are constantly working to keep customers coming into their stores. It’s not a new challenge, ",Intermediate .NET Developer,0,0,0.9999568462371826,4.315376281738281e-05,0.3,1,BERT:bert_class_weighted,Class weight
2179,emscad_16142,ding* is the world’s largest top-up provider. Created to help people working abroad to support and keep in touch with lo,QA Engineer,0,0,0.9999639391899109,3.606081008911133e-05,0.3,1,BERT:bert_class_weighted,Class weight
2180,emscad_16147,"With offices across UK, mainland Europe, Australia, New Zealand, and the United States, Squiz helps clients across the g",Junior Project Manager,0,0,0.9999588131904602,4.118680953979492e-05,0.3,1,BERT:bert_class_weighted,Class weight
2181,emscad_16151,"Valor Services provides Workforce Solutions that meet the needs of companies across the Private Sector, with a special f",Field Sales Representative,0,0,0.9999662637710571,3.3736228942871094e-05,0.3,1,BERT:bert_class_weighted,Class weight
2182,emscad_16153,"WebLinc is the e-commerce platform and services provider for the fastest growing online retailers. WebLinc’s modern, agi",Sr. Linux System Administrator,0,0,0.9999588131904602,4.118680953979492e-05,0.3,1,BERT:bert_class_weighted,Class weight
2183,emscad_16154,We Provide Full Time Permanent Positions for many medium to large US companies. We are interested in finding/recruiting ,Talent Management Process Manager,0,0,0.999966025352478,3.3974647521972656e-05,0.3,1,BERT:bert_class_weighted,Class weight
2184,emscad_16162,InVision is a venture-backed startup working to create the world's best design communication and collaboration platform.,Senior Quality Assurance Engineer (remote/telecommute),0,0,0.9999499320983887,5.0067901611328125e-05,0.3,1,BERT:bert_class_weighted,Class weight
2185,emscad_16174,"Engagor is a venture backed startup founded in 2011, with offices in San Francisco and Belgium, Europe. Engagor is real-",VP Sales,0,0,0.999940812587738,5.918741226196289e-05,0.3,1,BERT:bert_class_weighted,Class weight
2186,emscad_16180,"Felsburg Holt & Ullevig is a consulting firm specializing in transportation and environmental planning, traffic engineer",Information Systems Manager,0,0,0.9999644756317139,3.552436828613281e-05,0.3,1,BERT:bert_class_weighted,Class weight
2187,emscad_16192,"Founded in 2010 by a team from Google’s London and New York offices, Qubit work with some of the biggest names in Online",Middleweight Web Designer,0,0,0.9999596476554871,4.035234451293945e-05,0.3,1,BERT:bert_class_weighted,Class weight
2188,emscad_16196,The Business Analyst is responsible for the daily processing and oversight of key compliance and regulatory functions wi,Business Analyst,0,0,0.9999362230300903,6.377696990966797e-05,0.3,1,BERT:bert_class_weighted,Class weight
2189,emscad_16220,At the core of IT’s challenges is a perennial cycle where the majority of budgets are consumed maintaining existing syst,Human Resources Assistant,0,0,0.9999556541442871,4.4345855712890625e-05,0.3,1,BERT:bert_class_weighted,Class weight
2190,emscad_16223,"Babbel enables anyone to learn languages in an easy and interactive way. The learning system offers 13 languages, from E",Frontend Software Engineer,0,0,0.9999527931213379,4.7206878662109375e-05,0.3,1,BERT:bert_class_weighted,Class weight
2191,emscad_16229,"Vend is looking for some awesome new talent to come join us. You'll be working in an awesome team doing awesome things, ",Product Marketing Specialist,0,0,0.9999566674232483,4.3332576751708984e-05,0.3,1,BERT:bert_class_weighted,Class weight
2192,emscad_16240,"About clearAvenue, LLC",ETL Informatica Developer,0,0,0.9999643564224243,3.5643577575683594e-05,0.3,1,BERT:bert_class_weighted,Class weight
2193,emscad_16246,Avelgood Apps is creating cutting-edge audio and image recognition technologies that help people identify and engage wit,Software Engineer - Audio Recognition,0,0,0.9999549388885498,4.506111145019531e-05,0.3,1,BERT:bert_class_weighted,Class weight
2194,emscad_16248,"We're an emerging technology agency, and we build breakthrough products through user-centered design. We're building a t","Technical Lead, QA",0,0,0.999956488609314,4.3511390686035156e-05,0.3,1,BERT:bert_class_weighted,Class weight
2195,emscad_16255,"DICE gets fans the best tickets at face value with No Booking Fees. We're based in Shoreditch, London and 100% mobile so",Senior Backend Developer,0,0,0.9999588131904602,4.118680953979492e-05,0.3,1,BERT:bert_class_weighted,Class weight
2196,emscad_16256,Thanks for visiting our Job Board. Please review our open positions and apply to the positions that match your qualifica,Technical Director - Telecom,0,0,0.9999554753303528,4.45246696472168e-05,0.3,1,BERT:bert_class_weighted,Class weight
2197,emscad_16260,ABOUT US: Our brand Welt Sparen is the leading online marketplace for fixed term deposits in Germany. Our partner banks ,Web Developer (m/f),0,0,0.9999499320983887,5.0067901611328125e-05,0.3,1,BERT:bert_class_weighted,Class weight
2198,emscad_16264,This is a start-up NGO. So you need to love both start-ups and NGOs.,Part-time right-hand (start-up NGO),0,0,0.9999594688415527,4.0531158447265625e-05,0.3,1,BERT:bert_class_weighted,Class weight
2199,emscad_16269,"Crossroads Treatment Centers is a nationally-accredited, medication-assisted, out-patient program that delivers fast, ef",Licensed Practical Nurse - Part-time (Seneca Center),0,0,0.999965488910675,3.451108932495117e-05,0.3,1,BERT:bert_class_weighted,Class weight
2200,emscad_16281,We Provide Full Time Permanent Positions for many medium to large US companies. We are interested in finding/recruiting ,Regional Sales Manager,0,0,0.9999644756317139,3.552436828613281e-05,0.3,1,BERT:bert_class_weighted,Class weight
2201,emscad_16285,"JOB SUMMARY This position is responsible for assisting the physician in patient treatment issues, providing direct patie",Patient Service Coordinator,0,0,0.9998822808265686,0.00011771917343139648,0.3,1,BERT:bert_class_weighted,Class weight
2202,emscad_16295,PGI is a fast growing organic herb/spice/botanicals importing and production company that utilizes extensive food safety,"Order Processing Coordinator @ PGI, a Food Production Company",0,0,0.9999462962150574,5.370378494262695e-05,0.3,1,BERT:bert_class_weighted,Class weight
2203,emscad_16300,Shape the Future.,Librarian / Administrative Associate,0,0,0.9999563694000244,4.363059997558594e-05,0.3,1,BERT:bert_class_weighted,Class weight
2204,emscad_16306,AREX is a highly ambitious financial technology start-up in the alternative financial services space that aims to change,VP of Marketing,0,0,0.9999561905860901,4.380941390991211e-05,0.3,1,BERT:bert_class_weighted,Class weight
2205,emscad_16317,"Pacific54 is a boutique online marketing and branding agency. We are a passionate, talented group of creatives who live ","Inbound ""White Hat"" SEO Specialist",0,0,0.9999611973762512,3.88026237487793e-05,0.3,1,BERT:bert_class_weighted,Class weight
2206,emscad_16350,"Shyp is the easiest way to send anything, anywhere.",Delivery Driver - NYC,0,0,0.9999651908874512,3.4809112548828125e-05,0.3,1,BERT:bert_class_weighted,Class weight
2207,emscad_16359,"As augmented reality jobs go, one at Blippar is hard to beat. We are a rapidly expanding creative startup at the forefro",Windows Application Developer (Mobile and Desktop),0,0,0.9999604225158691,3.9577484130859375e-05,0.3,1,BERT:bert_class_weighted,Class weight
2208,emscad_16373,Who are We?,Sales Professional,0,0,0.999961793422699,3.820657730102539e-05,0.3,1,BERT:bert_class_weighted,Class weight
2209,emscad_16376,StayClassy is a fast-growing San Diego-based startup that develops an online fundraising product used by thousands of No,"Senior Account Executive, Cloud Solutions",0,0,0.9999578595161438,4.214048385620117e-05,0.3,1,BERT:bert_class_weighted,Class weight
2210,emscad_16377,Making music is easier now than ever.,QA Tester,0,0,0.9999499320983887,5.0067901611328125e-05,0.3,1,BERT:bert_class_weighted,Class weight
2211,emscad_16381,"Based in the heart of the City, this exceptional opportunity as Head of Product in a fast-growing tech start-up is a cha",Head of Product,0,0,0.9999638199806213,3.618001937866211e-05,0.3,1,BERT:bert_class_weighted,Class weight
2212,emscad_16387,"The RealReal is changing the way people buy and sell luxury items. The leader in luxury resale, the company is a full se",Style Art Director,0,0,0.999961793422699,3.820657730102539e-05,0.3,1,BERT:bert_class_weighted,Class weight
2213,emscad_16398,Airenvy’s mission is to provide lucrative yet hassle free full service short term property management all around the wor,Business Analyst Intern,0,0,0.9999635219573975,3.647804260253906e-05,0.3,1,BERT:bert_class_weighted,Class weight
2214,emscad_16411,We are the creators of Scypho - a revolutionary new product that provides perfect indoor climate when you are home and s,Backend Engineer,0,0,0.9999377131462097,6.22868537902832e-05,0.3,1,BERT:bert_class_weighted,Class weight
2215,emscad_16413,The Selectus Group is a customer focused organisation committed to providing high quality services to employees througho,Customer Service Consultant,0,0,0.9999600648880005,3.993511199951172e-05,0.3,1,BERT:bert_class_weighted,Class weight
2216,emscad_16423,"We’ve built revolutionary technology that is changing the way people get around cities. Using Via, a luxury ride booked ",Associate,0,0,0.9999514818191528,4.851818084716797e-05,0.3,1,BERT:bert_class_weighted,Class weight
2217,emscad_16432,Horizon SA International Transports #URL_7a9fe10eed79ca4a149e108a4b0e1b90d5bee5403582761cdcd5ac5f6f4c56b8#-#URL_e01ba421,Sales Representative,0,0,0.9999585151672363,4.1484832763671875e-05,0.3,1,BERT:bert_class_weighted,Class weight
2218,emscad_16435,Every day we challenge ourselves to improve our clients' business through finding better ways to create software. Our te,Front-End Developer,0,0,0.9999533295631409,4.667043685913086e-05,0.3,1,BERT:bert_class_weighted,Class weight
2219,emscad_16442,Printfresh is a leading fashion textile design studio. We are a growing company with an enthusiastic group of people pas,Print Designer or Junior Print Designer,0,0,0.9999611973762512,3.88026237487793e-05,0.3,1,BERT:bert_class_weighted,Class weight
2220,emscad_16448,SalesDouble is a small but well established and fast growing national firm specializing in sales and marketing solutions,Marketing Assistant / Digital Content Creator,0,0,0.9999554753303528,4.45246696472168e-05,0.3,1,BERT:bert_class_weighted,Class weight
2221,emscad_16467,"Red Star Yeast Company LLC (RSYC), a leader in the Yeast Manufacturing Industry, is a joint venture between Lesaffre Yea",Automation Process Control Technician,0,0,0.9999625086784363,3.74913215637207e-05,0.3,1,BERT:bert_class_weighted,Class weight
2222,emscad_16478,MERL's internship program gives students excellent opportunities to work in an industrial research lab environment side-,Intelligent Data Analysis,0,0,0.9999613165855408,3.8683414459228516e-05,0.3,1,BERT:bert_class_weighted,Class weight
2223,emscad_16517,#URL_e7c9057d5e6f097876436d175031e95669ede4ebaab52b6be0957c837bc98343#,Title Insurance- VP of Operations & Sales- Chicago Loop,0,0,0.9999475479125977,5.245208740234375e-05,0.3,1,BERT:bert_class_weighted,Class weight
2224,emscad_16518,"Join the most exciting startup in Stockholm, building something real - something that helps people all over the world gr",Engineer in Stockholm,0,0,0.9999489784240723,5.1021575927734375e-05,0.3,1,BERT:bert_class_weighted,Class weight
2225,emscad_16536,"LEI Home Enhancements, is an Ohio based company that has been installing windows, siding, doors and decks in homes throu",Home Improvement Marketing,0,0,0.9999605417251587,3.9458274841308594e-05,0.3,1,BERT:bert_class_weighted,Class weight
2226,emscad_16537,#URL_e7c9057d5e6f097876436d175031e95669ede4ebaab52b6be0957c837bc98343#,"Escrow Officers & Title Insurance Sales - Austin, Texas",0,0,0.9999483823776245,5.161762237548828e-05,0.3,1,BERT:bert_class_weighted,Class weight
2227,emscad_16539,#URL_e7c9057d5e6f097876436d175031e95669ede4ebaab52b6be0957c837bc98343#,Residential Escrow Officers & Title Insurance Sales - Houston Area,0,0,0.9999544024467468,4.559755325317383e-05,0.3,1,BERT:bert_class_weighted,Class weight
2228,emscad_16553,Nursing & Therapy Positions-Home Care,Nursing & Therapy Positions- Home Care,1,0,0.9999589920043945,4.100799560546875e-05,0.3,0,BERT:bert_class_weighted,Class weight
2229,emscad_16556,We seek talented individuals to join our great team and be part of our success in the digital world!,Account Manager,0,0,0.9999516606330872,4.83393669128418e-05,0.3,1,BERT:bert_class_weighted,Class weight
2230,emscad_16568,Passion for God.,Sewing Mechanic,0,0,0.9999560117721558,4.398822784423828e-05,0.3,1,BERT:bert_class_weighted,Class weight
2231,emscad_16576,Do you want to be part of a services company with both a proven record of success and planned growth? TriNet is a leadin,Release Engineer,0,0,0.999963641166687,3.635883331298828e-05,0.3,1,BERT:bert_class_weighted,Class weight
2232,emscad_16584,"With over 200 employees, Bartow Ford continues to excel in Sales and Service. In this challenging economy, Bartow Ford i",Outside sales representative,0,0,0.9998989105224609,0.0001010894775390625,0.3,1,BERT:bert_class_weighted,Class weight
2233,emscad_16596,"LEI Home Enhancements, is an Ohio based company that has been installing windows, siding, doors and decks in homes throu",25 CLIENT SUPPORT OFFICERS HIRING : IMMEDIATELY PLACING,0,0,0.9999611973762512,3.88026237487793e-05,0.3,1,BERT:bert_class_weighted,Class weight
2234,emscad_16616,"LEI Home Enhancements, is an Ohio based company that has been installing windows, siding, doors and decks in homes throu",Hiring 8-10 Reps by Monday- Customer Service/Sales,0,0,0.9999614953994751,3.8504600524902344e-05,0.3,1,BERT:bert_class_weighted,Class weight
2235,emscad_16619,"LEI Home Enhancements, is an Ohio based company that has been installing windows, siding, doors and decks in homes throu",Appointment Setter,0,0,0.9999623894691467,3.7610530853271484e-05,0.3,1,BERT:bert_class_weighted,Class weight
2236,emscad_16620,"LEI Home Enhancements, is an Ohio based company that has been installing windows, siding, doors and decks in homes throu",Hiring 8-10 Reps by Monday- Customer Service/Sales,0,0,0.9999614953994751,3.8504600524902344e-05,0.3,1,BERT:bert_class_weighted,Class weight
2237,emscad_16642,RapidValue is a leading provider of mobility solutions to enterprises worldwide. Armed with a team of 150+ experts in mo,Technical Architect,0,0,0.9999658465385437,3.415346145629883e-05,0.3,1,BERT:bert_class_weighted,Class weight
2238,emscad_16645,"PeerPoint Solutions provides temporary, temp-to-perm, and permanent IT staffing solutions with one mission, to provide t",Company Promotion / Technical Recruiter / Part Time,0,0,0.9999656081199646,3.439188003540039e-05,0.3,1,BERT:bert_class_weighted,Class weight
2239,emscad_16657,"Network Closing Services has been serving Lenders, Real Estate Consumers, and Professionals since 1999. We provide court",Title Sales Representative,0,0,0.999963641166687,3.635883331298828e-05,0.3,1,BERT:bert_class_weighted,Class weight
2240,emscad_16666,"The Learning Lab develops and runs premier educational programs in English, Mathematics and Science at the pre-primary, ",Specialist Curriculum Associate,0,0,0.9999638199806213,3.618001937866211e-05,0.3,1,BERT:bert_class_weighted,Class weight
2241,emscad_16674,"Network Closing Services has been serving Lenders, Real Estate Consumers, and Professionals since 1999. We provide court",Title Sales Representative,0,0,0.999963641166687,3.635883331298828e-05,0.3,1,BERT:bert_class_weighted,Class weight
2242,emscad_16685,"VAM SYSTEMS is a Business Consulting, IT Solutions and Services company with operations in UAE, Qatar, Bahrain, USA, Aus",Immediate Opening : Dotnet Developer,0,0,0.9999572038650513,4.279613494873047e-05,0.3,1,BERT:bert_class_weighted,Class weight
2243,emscad_16695,"Rose is a recruiter with TRAK Services in Washington, DC, an agency with 30 years of experience recruiting and placing c",Senior Financial Analyst,0,0,0.9999614953994751,3.8504600524902344e-05,0.3,1,BERT:bert_class_weighted,Class weight
2244,emscad_16696,"Network Closing Services has been serving Lenders, Real Estate Consumers, and Professionals since 1999. We provide court",Title Sales Representative,0,0,0.999963641166687,3.635883331298828e-05,0.3,1,BERT:bert_class_weighted,Class weight
2245,emscad_16702,"A Creative agency for Web Design & Development, Software Development and Mobile Application Development. We offering a v",Creative Website Bakers,0,0,0.9999527931213379,4.7206878662109375e-05,0.3,1,BERT:bert_class_weighted,Class weight
2246,emscad_16717,Do you want to write mission critical code that enables thousands of people to launch businesses and help reshape the fa,Full Stack Ruby Engineer,0,0,0.9999497532844543,5.02467155456543e-05,0.3,1,BERT:bert_class_weighted,Class weight
2247,emscad_16718,"A Creative agency for Web Design & Development, Software Development and Mobile Application Development. We offering a v",Project Manager,0,0,0.9999465346336365,5.346536636352539e-05,0.3,1,BERT:bert_class_weighted,Class weight
2248,emscad_16725,"Network Closing Services has been serving Lenders, Real Estate Consumers, and Professionals since 1999. We provide court",Title Sales Representative,0,0,0.999963641166687,3.635883331298828e-05,0.3,1,BERT:bert_class_weighted,Class weight
2249,emscad_16733,Runscope is building tools for developers working on API-driven mobile and web applications. We have a clear vision for ,Marketing Designer,0,0,0.999945878982544,5.412101745605469e-05,0.3,1,BERT:bert_class_weighted,Class weight
2250,emscad_16746,We are looking for a TALENTED individual to join a dynamic and fast growing Keller Williams office in the White Plains a,Director of Agent Services,0,0,0.9999266266822815,7.337331771850586e-05,0.3,1,BERT:bert_class_weighted,Class weight
2251,emscad_16753,"LEI Home Enhancements, is an Ohio based company that has been installing windows, siding, doors and decks in homes throu",Customer Service Reps Needed For Expansion,0,0,0.9999566674232483,4.3332576751708984e-05,0.3,1,BERT:bert_class_weighted,Class weight
2252,emscad_16761,"LEI Home Enhancements, is an Ohio based company that has been installing windows, siding, doors and decks in homes throu",Customer Service Reps Needed For Expansion,0,0,0.9999566674232483,4.3332576751708984e-05,0.3,1,BERT:bert_class_weighted,Class weight
2253,emscad_16766,"Hy-Safe Technology provides Turnkey fall protection solutions through innovative design, total dedication to customer se",Accounting Clerk,0,0,0.9998253583908081,0.00017464160919189453,0.3,1,BERT:bert_class_weighted,Class weight
2254,emscad_16767,We consider ourselves the ultimate solution for real estate data and analytics. There's a huge demand for streamlined an,Software Engineer,0,0,0.9999465346336365,5.346536636352539e-05,0.3,1,BERT:bert_class_weighted,Class weight
2255,emscad_16769,"VAM SYSTEMS is a Business Consulting, IT Solutions and Services company with operations in UAE, Qatar, Bahrain, USA, Aus",Senior IBM Portal Developer Required for Qatar,0,0,0.9999456405639648,5.435943603515625e-05,0.3,1,BERT:bert_class_weighted,Class weight
2256,emscad_16771,"VAM SYSTEMS is a Business Consulting, IT Solutions and Services company with operations in UAE, Qatar, Bahrain, USA, Aus",Urgent Need : Postilion Switch Expert for UAE,0,0,0.9999400973320007,5.990266799926758e-05,0.3,1,BERT:bert_class_weighted,Class weight
2257,emscad_16784,"VAM SYSTEMS is a Business Consulting, IT Solutions and Services company with operations in UAE, Qatar, Bahrain, USA, Aus",Urgent Requirement :iOS Developer for Qatar,0,0,0.9999417066574097,5.829334259033203e-05,0.3,1,BERT:bert_class_weighted,Class weight
2258,emscad_16791,We at TechIndyeah are a fun filled startup. We celebrate our work and we enjoy it at the fullest. While maintaining work,Content Writer,0,0,0.9999465346336365,5.346536636352539e-05,0.3,1,BERT:bert_class_weighted,Class weight
2259,emscad_16794,Take Charge of Your Career and Apply Now!,Java Developer,0,0,0.9999194145202637,8.058547973632812e-05,0.3,1,BERT:bert_class_weighted,Class weight
2260,emscad_16811,Inside Telesales Specialist Now Hiring Inside Telesales Specialist for one of our client in Washington . Job Role : Insi,Inside Telesales Specialist,0,0,0.9999563694000244,4.363059997558594e-05,0.3,1,BERT:bert_class_weighted,Class weight
2261,emscad_16814,"Software Engineer-Java/EDI Now Hiring Software Engineer-Java/EDI for one of our client in Tampa, FL Job Role: Software E",Software Engineer - Java/EDI Developer,0,0,0.9999386668205261,6.133317947387695e-05,0.3,1,BERT:bert_class_weighted,Class weight
2262,emscad_16818,"Ruby on Rails Web Engineer (RoR) Now Hiring Ruby on Rails Web Engineer for one of our client in Long Beach, CA Job Role ",RoR Programmer,0,0,0.9999443888664246,5.561113357543945e-05,0.3,1,BERT:bert_class_weighted,Class weight
2263,emscad_16835,"LEI Home Enhancements, is an Ohio based company that has been installing windows, siding, doors and decks in homes throu",Customer Service Reps Needed For Expansion,0,0,0.9999568462371826,4.315376281738281e-05,0.3,1,BERT:bert_class_weighted,Class weight
2264,emscad_16851,"United Lawnscape, Inc. sets the standard in the green industry. Our commitment and passion for the outdoor environments ",Lawn Crew Member,0,0,0.9999669194221497,3.30805778503418e-05,0.3,1,BERT:bert_class_weighted,Class weight
2265,emscad_16855,"LEI Home Enhancements, is an Ohio based company that has been installing windows, siding, doors and decks in homes throu",Customer Relations - PT - No Call Center,0,0,0.9999626278877258,3.737211227416992e-05,0.3,1,BERT:bert_class_weighted,Class weight
2266,emscad_16858,"1 in 6 children has developmental delay, and 1 in 68 has autism. For the millions of parents this affects, the most impo",Social Media & Community Manager,0,0,0.9999628067016602,3.719329833984375e-05,0.3,1,BERT:bert_class_weighted,Class weight
2267,emscad_16862,"Maynard Consulting Company has more than 20 years experience in the biotechnology, pharmaceutical, medical device, chemi",Quality Engineer,1,1,0.00048828125,0.99951171875,0.3,1,BERT:bert_class_weighted,Class weight
2268,emscad_16870,"Advaion is an independent and innovative consulting firm that was founded by former ""Big 4"" personnel with global expert","Manager- SOX, Internal Audit",0,0,0.9999535083770752,4.649162292480469e-05,0.3,1,BERT:bert_class_weighted,Class weight
2269,emscad_16883,"AbellTech was recently started in early 2013 and is growing rapidly. Located on the East Coast of the United States, our",Wordpress & Squarespace Developer,0,0,0.9999549388885498,4.506111145019531e-05,0.3,1,BERT:bert_class_weighted,Class weight
2270,emscad_16886,Debtor Daddy is the leading Debtor Tracking Add-on in the Xero Marketplace globally. We're constantly hearing stories fr,Customer Success Manager,0,0,0.9999372363090515,6.276369094848633e-05,0.3,1,BERT:bert_class_weighted,Class weight
2271,emscad_16918,"LEI Home Enhancements, is an Ohio based company that has been installing windows, siding, doors and decks in homes throu",Customer Relations - Full Time - No Call Center ($20 an hour plus commissions),0,0,0.9999596476554871,4.035234451293945e-05,0.3,1,BERT:bert_class_weighted,Class weight
2272,emscad_16968,"The Learning Lab develops and runs premier educational programs in English, Mathematics and Science at the pre-primary, ",Specialist Curriculum Associate,0,0,0.9999626278877258,3.737211227416992e-05,0.3,1,BERT:bert_class_weighted,Class weight
2273,emscad_16973,We bring you strong solutions!,Commercial Electricians Needed,0,0,0.9999471306800842,5.2869319915771484e-05,0.3,1,BERT:bert_class_weighted,Class weight
2274,emscad_16994,Do you want to be part of a services company with both a proven record of success and planned growth? TriNet is a leadin,Test Engineer,0,0,0.9999623894691467,3.7610530853271484e-05,0.3,1,BERT:bert_class_weighted,Class weight
2275,emscad_16997,"Software Engineer-Java/EDI Now Hiring Software Engineer-Java/EDI for one of our client in Tampa, FL Job Role: Software E",Java/EDI Developer,0,0,0.9999412298202515,5.8770179748535156e-05,0.3,1,BERT:bert_class_weighted,Class weight
2276,emscad_17014,"Network Closing Services has been serving Lenders, Real Estate Consumers, and Professionals since 1999. We provide court",Escrow Officer / Closer,0,0,0.9999647736549377,3.522634506225586e-05,0.3,1,BERT:bert_class_weighted,Class weight
2277,emscad_17019,"Network Closing Services has been serving Lenders, Real Estate Consumers, and Professionals since 1999. We provide court",Title Closer / Title Agent,0,0,0.999963641166687,3.635883331298828e-05,0.3,1,BERT:bert_class_weighted,Class weight
2278,emscad_17024,"e-Solutions Inc. is a talent-driven consulting company providing individual consultants, project teams, and strategic ou",Job opening for SFDC Consultant,0,0,0.9999581575393677,4.184246063232422e-05,0.3,1,BERT:bert_class_weighted,Class weight
2279,emscad_17030,Our Mission,Senior Software Engineer --- Web Application UI,0,0,0.999958336353302,4.166364669799805e-05,0.3,1,BERT:bert_class_weighted,Class weight
2280,emscad_17031,"Network Closing Services has been serving Lenders, Real Estate Consumers, and Professionals since 1999. We provide court",Escrow Officer / Closer,0,0,0.9999647736549377,3.522634506225586e-05,0.3,1,BERT:bert_class_weighted,Class weight
2281,emscad_17033,"e-Solutions Inc. is a talent-driven consulting company providing individual consultants, project teams, and strategic ou",Embedded Developer/Lead,0,0,0.9999558329582214,4.416704177856445e-05,0.3,1,BERT:bert_class_weighted,Class weight
2282,emscad_17038,"An extremely focused and passionate individual, you will be responsible for supporting the existing infrastructure as we",JR DEVELOPER - web development,0,0,0.9999586939811707,4.13060188293457e-05,0.3,1,BERT:bert_class_weighted,Class weight
2283,emscad_17049,This text will appear on your public careers page. Tip: Give a short description (a few pars) of your company and why it,SaaS Inside Sales Manager,0,0,0.9999274611473083,7.253885269165039e-05,0.3,1,BERT:bert_class_weighted,Class weight
2284,emscad_17052,"Consulting | London, United Kingdom",Google Apps Consultant - UK,0,0,0.9999628067016602,3.719329833984375e-05,0.3,1,BERT:bert_class_weighted,Class weight
2285,emscad_17056,Runscope is building tools for developers working on API-driven mobile and web applications. We have a clear vision for ,Senior Software Engineer,0,0,0.9999552965164185,4.470348358154297e-05,0.3,1,BERT:bert_class_weighted,Class weight
2286,emscad_17066,MERL's internship program gives students excellent opportunities to work in an industrial research lab environment side-,Internship: Multispectral Image Coding,0,0,0.9999610185623169,3.898143768310547e-05,0.3,1,BERT:bert_class_weighted,Class weight
2287,emscad_17072,"Network Closing Services has been serving Lenders, Real Estate Consumers, and Professionals since 1999. We provide court",Title Closer / Title Agent,0,0,0.999963641166687,3.635883331298828e-05,0.3,1,BERT:bert_class_weighted,Class weight
2288,emscad_17089,A Career [Here],Full Stack Ruby Engineer,0,0,0.9999520778656006,4.792213439941406e-05,0.3,1,BERT:bert_class_weighted,Class weight
2289,emscad_17093,SilverStripe CMS & Framework is an open source platform of web development tools. The platform is curated by SilverStrip,JS Developer - Platform (w/in 6 months),0,0,0.9999540448188782,4.595518112182617e-05,0.3,1,BERT:bert_class_weighted,Class weight
2290,emscad_17108,"PINT is a leader in the web industry with 20 years of web design, software development and consulting experience. PINT's",Marketing Associate,0,0,0.9999591708183289,4.082918167114258e-05,0.3,1,BERT:bert_class_weighted,Class weight
2291,emscad_17109,"For 40 Years, Central Office Systems has been a part of the local business community. We have always had an unwavering c",Logistics Coordinator & Client Service,0,0,0.9999623894691467,3.7610530853271484e-05,0.3,1,BERT:bert_class_weighted,Class weight
2292,emscad_17113,Blue Dot HR works with some of the best small businesses in New Zealand.,Sales Support (Entry Level),0,0,0.9999602437019348,3.975629806518555e-05,0.3,1,BERT:bert_class_weighted,Class weight
2293,emscad_17117,VisaHQ hires a diverse and internationally minded staff of professional and reliable employees who are dedicated to brea,Outside Sales Executive,0,0,0.9999604225158691,3.9577484130859375e-05,0.3,1,BERT:bert_class_weighted,Class weight
2294,emscad_17122,Our Mission,Embedded Consultant --- C++ Developer,0,0,0.9999549388885498,4.506111145019531e-05,0.3,1,BERT:bert_class_weighted,Class weight
2295,emscad_17132,"Babbel enables anyone to learn languages in an easy and interactive way. The learning system offers 13 languages, from E",Head of SEM,0,0,0.9999572038650513,4.279613494873047e-05,0.3,1,BERT:bert_class_weighted,Class weight
2296,emscad_17136,"Joist is a platform for trades contractors that allows them to estimate, invoice, accept payments, & much more!",Sales Leader,0,0,0.9999596476554871,4.035234451293945e-05,0.3,1,BERT:bert_class_weighted,Class weight
2297,emscad_17138,"Novitex Enterprise Solutions, formerly Pitney Bowes Management Services, delivers innovative document and communications",Customer Service Associate,0,0,0.9999661445617676,3.3855438232421875e-05,0.3,1,BERT:bert_class_weighted,Class weight
2298,emscad_17140,"import•io was founded in 2012 by David White (CEO), Andrew Fogg (CDO) and Matt Painter (CTO) with a unique vision: to ma",Senior Developer,0,0,0.9999611973762512,3.88026237487793e-05,0.3,1,BERT:bert_class_weighted,Class weight
2299,emscad_17150,"From the lands of Can Do, Roll Our Sleeves Up and Get It Done, we create and solve things previously unimaginable. We’re",Technical Solutions Engineer,0,0,0.9999554753303528,4.45246696472168e-05,0.3,1,BERT:bert_class_weighted,Class weight
2300,emscad_17156,Η πρώτη στεγασμένη αγορά παραγωγών με παντοπωλείο και e-shop! Σας περιμένουμε στο φυσικό μας κατάστημα 23ο χλμ. Αθηνών-Λ,Supply Chain Manager,0,0,0.9999544024467468,4.559755325317383e-05,0.3,1,BERT:bert_class_weighted,Class weight
2301,emscad_17182,SportPointMe is a new start up that was born during the StartUpWeekend in Athens in 2013. We got positive comments and f,Mobile CTO/Co-founder (Android),0,0,0.9999410510063171,5.894899368286133e-05,0.3,1,BERT:bert_class_weighted,Class weight
2302,emscad_17186,Outstanding Member Service Starts With Outstanding People,Branch Associate,0,0,0.9999576807022095,4.2319297790527344e-05,0.3,1,BERT:bert_class_weighted,Class weight
2303,emscad_17196,"SpotSource Solutions LLC is a Global Human Capital Management Consulting firm headquartered in Miami, Florida. Founded i",Administrative Assistant,0,0,0.9999628067016602,3.719329833984375e-05,0.3,1,BERT:bert_class_weighted,Class weight
2304,emscad_17199,"Argenta Field Solutions values the client, creates income streams for them through our sales mechanism and focuses on qu",Paid Training for Direct Sales Representative with Management Opportunity,0,0,0.9999452233314514,5.4776668548583984e-05,0.3,1,BERT:bert_class_weighted,Class weight
2305,emscad_17205,"Intercom ( #URL_cb674f93cbcd215a3a0a57a8615a565545949eead8adbbc73307c26d6a6af81b# ) is a simple, personal messaging serv",Graduate Software Engineer,0,0,0.9999432563781738,5.6743621826171875e-05,0.3,1,BERT:bert_class_weighted,Class weight
2306,emscad_17212,"From the lands of Can Do, Roll Our Sleeves Up and Get It Done, we create and solve things previously unimaginable. We’re",UX Designer + Architect,0,0,0.9999547600746155,4.5239925384521484e-05,0.3,1,BERT:bert_class_weighted,Class weight
2307,emscad_17229,Our passion for improving quality of life through geography is at the heart of everything we do. Esri’s geographic infor,Human Resources Business Partner,0,0,0.9999594688415527,4.0531158447265625e-05,0.3,1,BERT:bert_class_weighted,Class weight
2308,emscad_17242,This position is part of the Protection & Controls Engineering Unit and will assist with the development of electrical d,Engineering Technician,0,0,0.9999248385429382,7.516145706176758e-05,0.3,1,BERT:bert_class_weighted,Class weight
2309,emscad_17281,Established on the principles that full time education is not for everyone Spectrum Learning is made up of a team of pas,Southampton Fragrance/Beauty Staff Needed,0,0,0.9999651908874512,3.4809112548828125e-05,0.3,1,BERT:bert_class_weighted,Class weight
2310,emscad_17283,Bletchley is a design-focused engineering-led company building software for the web and mobile. We're a dozen person tea,QA Engineer (Contract),0,0,0.9999194145202637,8.058547973632812e-05,0.3,1,BERT:bert_class_weighted,Class weight
2311,emscad_17285,"SocialChorus® powers tens of thousands of brand advocates – employees, consumers and bloggers - to experience, create an",Senior Full-stack Developer (Pair program in Ruby & JavaScript),0,0,0.9999646544456482,3.534555435180664e-05,0.3,1,BERT:bert_class_weighted,Class weight
2312,emscad_17286,"NY Marketing Firm is family-owned and operated right here in New York, NY. Other companies may offer similar services, b",Management - Entry-Level,0,0,0.9999608397483826,3.916025161743164e-05,0.3,1,BERT:bert_class_weighted,Class weight
2313,emscad_17294,"Intercom ( #URL_cb674f93cbcd215a3a0a57a8615a565545949eead8adbbc73307c26d6a6af81b# ) is a simple, personal messaging serv",Talent Manager,0,0,0.9999462962150574,5.370378494262695e-05,0.3,1,BERT:bert_class_weighted,Class weight
2314,emscad_17312,Responsible for all bookkeeping functions for a 501(c)(3) non-profit Health & Human Services Agency caring for families ,Bookkeeper/Office Manager,0,0,0.9999471306800842,5.2869319915771484e-05,0.3,1,BERT:bert_class_weighted,Class weight
2315,emscad_17324,"Come be a part of one of the fastest growing, well-funded and exciting startups in Silicon Valley. Peel makes the world’",Administrative Assistant / Office Manager,0,0,0.9999558329582214,4.416704177856445e-05,0.3,1,BERT:bert_class_weighted,Class weight
2316,emscad_17345,Contentful is a content management system (CMS) that allows for platform-agnostic publishing on any kind of device. Unli,Copywriter,0,0,0.9999479651451111,5.2034854888916016e-05,0.3,1,BERT:bert_class_weighted,Class weight
2317,emscad_17350,"Valor Services provides Workforce Solutions that meet the needs of companies across the Private Sector, with a special f",Controller,0,0,0.9999661445617676,3.3855438232421875e-05,0.3,1,BERT:bert_class_weighted,Class weight
2318,emscad_17352,"Smilers Selection has been INTRODUCING TALENT TO OPPORTUNITY since 1979. We are a team of four consultants, three placin",Divisional Finance Director EE,0,0,0.999963641166687,3.635883331298828e-05,0.3,1,BERT:bert_class_weighted,Class weight
2319,emscad_17353,"Depop is an exciting new mobile marketplace where you can sell things by simply taking a picture, as well as follow your",Head of Operations,0,0,0.99994957447052,5.042552947998047e-05,0.3,1,BERT:bert_class_weighted,Class weight
2320,emscad_17354,"We're changing how the world creates and publishes content. Even crazier, we're doing it from North Dakota. It's going t",Mobile Engineer,0,0,0.9999417066574097,5.829334259033203e-05,0.3,1,BERT:bert_class_weighted,Class weight
2321,emscad_17355,We live in an increasingly social and visual world. Text posts are being replaced by photos and videos which dominate th,Inside Sales Account Executive,0,0,0.9999632239341736,3.6776065826416016e-05,0.3,1,BERT:bert_class_weighted,Class weight
2322,emscad_17356,University Beyond: Connecting Students With Potential Employers,Marketing Intern,0,0,0.999965488910675,3.451108932495117e-05,0.3,1,BERT:bert_class_weighted,Class weight
2323,emscad_17359,Established on the principles that full time education is not for everyone Spectrum Learning is made up of a team of pas,Old Trafford Warehousing Apprenticeship Under NAS 16-18 year olds only,0,0,0.9999650716781616,3.4928321838378906e-05,0.3,1,BERT:bert_class_weighted,Class weight
2324,emscad_17367,"Novitex Enterprise Solutions, formerly Pitney Bowes Management Services, delivers innovative document and communications",Human Resources Consultant,0,0,0.9999663829803467,3.361701965332031e-05,0.3,1,BERT:bert_class_weighted,Class weight
2325,emscad_17376,"At Hayes-Corp, we create the fun stuff. With a focus on software development for mobile platforms, we are constantly loo",IT Administrator,0,0,0.9999610185623169,3.898143768310547e-05,0.3,1,BERT:bert_class_weighted,Class weight
2326,emscad_17379,Ruby Red is a British brand which uses the science of nature and the vital nutrients in plant ingredients combined with ,Sales Advisor - Beauty,0,0,0.9999549388885498,4.506111145019531e-05,0.3,1,BERT:bert_class_weighted,Class weight
2327,emscad_17399,Cookisto is a trusted community marketplace connecting talented home cooks with hungry locals. What started as a Master’,PHP Software Engineer,0,0,0.9999251365661621,7.486343383789062e-05,0.3,1,BERT:bert_class_weighted,Class weight
2328,emscad_17412,"As one of the nation’s leading compounding pharmacies, we offer patients and healthcare providers access to experts in p",Pharmaceutical Sales (West End/Baptist Hospital Area),0,0,0.9999657273292542,3.427267074584961e-05,0.3,1,BERT:bert_class_weighted,Class weight
2329,emscad_17438,We are on a mission: Making cities smarter.,UI Design Intern,0,0,0.9999513030052185,4.869699478149414e-05,0.3,1,BERT:bert_class_weighted,Class weight
2330,emscad_17443,"At Appear Here we believe it’s not about ideas, it’s about making ideas happen.",Senior Software Engineer,0,0,0.9999493360519409,5.066394805908203e-05,0.3,1,BERT:bert_class_weighted,Class weight
2331,emscad_17468,HealthCare California is a locally-owned and operated home health agency providing a variety of home health and medical ,Human Resources Coordinator,0,0,0.999963104724884,3.68952751159668e-05,0.3,1,BERT:bert_class_weighted,Class weight
2332,emscad_17476,"Enozom is a leading software development company, offering custom software development, software products, offshore soft",Software Engineer - ASP.NET,0,0,0.9999203085899353,7.969141006469727e-05,0.3,1,BERT:bert_class_weighted,Class weight
2333,emscad_17483,"Tidewater Finance Co. was established in 1992 for the initial purpose of purchasing, and servicing retail installment co",Marketing/Sales Representative,0,0,0.9999542236328125,4.57763671875e-05,0.3,1,BERT:bert_class_weighted,Class weight
2334,emscad_17504,"Maxnet offers Staff Augmentation Solutions for Big Data Analytics in Retail, Healthcare and Regulatory & Compliance.",SQL Developer,0,0,0.9999572038650513,4.279613494873047e-05,0.3,1,BERT:bert_class_weighted,Class weight
2335,emscad_17524,"Personable, friendly, dependable, articulate individual with knowledge of Office Suite, ability to multi-task and deal w",Receptionist/Secretary,1,1,0.0,1.0,0.3,1,BERT:bert_class_weighted,Class weight
2336,emscad_17530,Experienced professional Receptionist with detail-oriented capabilities; able to handle office & reception duties. Abili,Receptionist/Office Clerk,1,1,0.0,1.0,0.3,1,BERT:bert_class_weighted,Class weight
2337,emscad_17531,Looking for work?,Casual job/Immediate start,1,0,0.9997241497039795,0.0002758502960205078,0.3,0,BERT:bert_class_weighted,Class weight
2338,emscad_17535,We need a Photoshop master - AE adventage...,Photoshop master,1,0,0.9992313385009766,0.0007686614990234375,0.3,0,BERT:bert_class_weighted,Class weight
2339,emscad_17543,Job Vacancies @ Hyatt Hotels London - Apply before deadline!!!! Hyatt Hotels London - The Churchill 30 Portman Square Lo,Vacancies @ Hyatt Hotel - Apply now before deadline!,1,1,0.03369140625,0.96630859375,0.3,1,BERT:bert_class_weighted,Class weight
2340,emscad_17554,"We are looking for a team oriented person who loves to multitask, with outstanding communication and customer service. C",FRONT OFFICE MANAGER,1,0,0.9946365356445312,0.00536346435546875,0.3,0,BERT:bert_class_weighted,Class weight
2341,emscad_17558,"Technician Instrument & Controls Location Deweyville, TX Category: Maintenance Type: Full Time Hourly # Openings: 1",Technician Instrument & Controls,1,0,0.9998919367790222,0.0001080632209777832,0.3,0,BERT:bert_class_weighted,Class weight
2342,emscad_17559,We are seeking individuals to be connected with companies who are hiring employees directly to work from their homes. Yo,Virtual Administrative Clerk,1,1,0.0,1.0,0.3,1,BERT:bert_class_weighted,Class weight
2343,emscad_17565,"Daily Money Team is the industry leader for the innovation of money making systems, providing reliable work for those wh",Daily Money Team Representative,1,0,0.9991459846496582,0.0008540153503417969,0.3,0,BERT:bert_class_weighted,Class weight
2344,emscad_17584,We're looking for self-motivated individuals who are interested in working from home by performing online data entry wor,Online Typist From Home,1,1,0.0,1.0,0.3,1,BERT:bert_class_weighted,Class weight
2345,emscad_17585,"CASH Pay Jobs (Part Time Staff Wanted) You can do it all from home, in your free time, at your own place. Spend 30 minut",CASH Pay Jobs (Part Time Staff Wanted),1,1,0.00048828125,0.99951171875,0.3,1,BERT:bert_class_weighted,Class weight
2346,emscad_17600,"We are looking for a team oriented person who loves to multitask, with outstanding communication and customer service. C",FRONT OFFICE MANAGER,1,0,0.9924087524414062,0.00759124755859375,0.3,0,BERT:bert_class_weighted,Class weight
2347,emscad_17612,"inFullMobile sp. z o.o. is a mobile software development house, specializing in the client side of mobile software for c",ObjC Developer,1,0,0.999657392501831,0.0003426074981689453,0.3,0,BERT:bert_class_weighted,Class weight
2348,emscad_17616,"Maverick FX, established in 1997, is an award-winning trading firm that focuses that focuses primarily on trading short ",Accounting Clerk($20/hr),1,0,0.9999527931213379,4.7206878662109375e-05,0.3,0,BERT:bert_class_weighted,Class weight
2349,emscad_17643,Greetings from VAM SYSTEMS.....,Immediate Opening : Linux Administrator for Bahrain,1,1,0.00048828125,0.99951171875,0.3,1,BERT:bert_class_weighted,Class weight
2350,emscad_17652,"We have the demand. We are looking for people that are quick learners, and are very efficient, to handle the demand. We ",Part time Agents wanted,1,1,0.0,1.0,0.3,1,BERT:bert_class_weighted,Class weight
2351,emscad_17654,"RideAmigos is hiring a senior level JavaScript developer to work with us on our ""cloud-based"" software as a service offe",Senior JavaScript Developer,1,0,0.9999299645423889,7.003545761108398e-05,0.3,0,BERT:bert_class_weighted,Class weight
2352,emscad_17655,"Long term, well established optometric practice is seeking a full-time Optical Sales for our Rosemount, Minnesota locati",Optical Sales,1,1,0.00146484375,0.99853515625,0.3,1,BERT:bert_class_weighted,Class weight
2353,emscad_17658,"Immediate opening for an accounts payable clerk, Data Entry Primary responsibilities include clearing purchase orders, i",Data Entry/ Administrative Assistant,1,1,0.0,1.0,0.3,1,BERT:bert_class_weighted,Class weight
2354,emscad_17690,ADMINITRATIVE ASSISTANT,Administrative Assistant - $19.35 Per Hr,1,1,0.0,1.0,0.3,1,BERT:bert_class_weighted,Class weight
2355,emscad_17708,2176,EDI Coordinator 2176,1,1,0.0,1.0,0.3,1,BERT:bert_class_weighted,Class weight
2356,emscad_17723,We are Looking for a person with strong writing skills and demonstrable experience building Microsoft Excel spreadsheets,administrative assistance,1,0,0.9979972839355469,0.002002716064453125,0.3,0,BERT:bert_class_weighted,Class weight
2357,emscad_17729,"Fast paced company in need of both Full-Part time, Executive Assistant. Must be computer literate, highly organized, abl",Executive Assistant,1,0,0.9998889565467834,0.00011104345321655273,0.3,0,BERT:bert_class_weighted,Class weight
2358,emscad_17741,"Calling all hungry , young & fresh designers !!!! We want you for a brand & logo design contest . Local startup business",Brand & Logo Design Contest,1,0,0.9999592900276184,4.07099723815918e-05,0.3,0,BERT:bert_class_weighted,Class weight
2359,emscad_17742,We Are Looking for Interns for Project Development. You Will be responsible for gathering and arranging projects for the,Intern Project Developer,1,0,0.9999082684516907,9.173154830932617e-05,0.3,0,BERT:bert_class_weighted,Class weight
2360,emscad_17748,A Los Angeles based Real Estate firm is in need of an Office Assistant for an immediate opening.,Office Assistant,1,0,0.9999257326126099,7.426738739013672e-05,0.3,0,BERT:bert_class_weighted,Class weight
2361,emscad_17758,is seeking to hire a full time Data Entry/Clerical/Receptionist. This position is responsible for general clerical dutie,RECEPTIONIST / DATA ENTRY / OFFICE CLERK,1,1,0.0,1.0,0.3,1,BERT:bert_class_weighted,Class weight
2362,emscad_17765,"Experienced, reliable team members are needed for our Data Entry Clerk / Administrative Assistant needed! We are current","Admin Clerk,Office Assistant,Customer",1,1,0.0,1.0,0.3,1,BERT:bert_class_weighted,Class weight
2363,emscad_17773,"International media company looking for motivated, self-directed sales professionals who want to take control of their c",Sales professionals,1,0,0.9999200105667114,7.998943328857422e-05,0.3,0,BERT:bert_class_weighted,Class weight
2364,emscad_17777,"Founded in 1993, our group has, in a few short years, earned an excellent reputation for performance & consistent, repea",Administrative Assistant,1,1,0.0,1.0,0.3,1,BERT:bert_class_weighted,Class weight
2365,emscad_17837,Phoenix Home Care came to be as a result of our commitment to improve the quality of life for those we serve. Each of ou,Licensed Practical Nurse (LPN)- Private Duty,0,0,0.9999656081199646,3.439188003540039e-05,0.3,1,BERT:bert_class_weighted,Class weight
2366,emscad_17839,The story of the Great Chicago Fire of 1871 isn’t really about the fire. It’s about what happened next: A remarkable mom,Senior Sales Executive - Simple Relevance,0,0,0.9999581575393677,4.184246063232422e-05,0.3,1,BERT:bert_class_weighted,Class weight
2367,emscad_17864,"We design, build, sell, and service the most innovative operations management technology in the world.",Implementation Support Specialist,0,0,0.9999568462371826,4.315376281738281e-05,0.3,1,BERT:bert_class_weighted,Class weight
2368,emscad_17865,MERL's internship program gives students excellent opportunities to work in an industrial research lab environment side-,Next Generation Depth Sensing,0,0,0.9999629259109497,3.707408905029297e-05,0.3,1,BERT:bert_class_weighted,Class weight
2369,emscad_17870,Job Title: Sr Technical Lead,Sr Technical Lead LIMS,0,0,0.9813995361328125,0.0186004638671875,0.3,1,BERT:bert_class_weighted,Class weight
