sample_index,original_id,company,title,true_label,predicted_label,legitimate_probability,fraud_probability,threshold,correct,model_name,imbalance_strategy
0,emscad_00021,IntelliBright was created to leverage enterprise level online business practices to generate exclusive leads on behalf o,Marketing Assistant,0,0,0.999940812587738,5.918741226196289e-05,0.1,1,BERT:bert_class_weighted,Class weight
1,emscad_00024,"WDM Group is an innovative, forward thinking digital company aimed at bringing business executives up-to-date with the l","Vice President, Sales and Sponsorship (Businessfriend.com)",0,0,0.9999082684516907,9.173154830932617e-05,0.1,1,BERT:bert_class_weighted,Class weight
2,emscad_00030,"Novitex Enterprise Solutions, formerly Pitney Bowes Management Services, delivers innovative document and communications",Customer Service Associate,0,0,0.999944806098938,5.519390106201172e-05,0.1,1,BERT:bert_class_weighted,Class weight
3,emscad_00036,We help teachers get safe & secure jobs abroad :),English Teacher Abroad,0,0,0.9998906850814819,0.0001093149185180664,0.1,1,BERT:bert_class_weighted,Class weight
4,emscad_00042,We help teachers get safe & secure jobs abroad :),English Teacher Abroad,0,0,0.999897301197052,0.00010269880294799805,0.1,1,BERT:bert_class_weighted,Class weight
5,emscad_00043,"Entry level Software Developer Location : Atlanta, Georgia Experience : 1-2 years",Jr. Developer,0,0,0.9998923540115356,0.00010764598846435547,0.1,1,BERT:bert_class_weighted,Class weight
6,emscad_00047,History & Background,Entry Level,0,0,0.9907150268554688,0.00928497314453125,0.1,1,BERT:bert_class_weighted,Class weight
7,emscad_00057,"ABC Supply Co., Inc. is the nation’s largest wholesale distributor of roofing and one of the largest distributors of sid",Outside Sales Professional-Oronoco,0,0,0.999897301197052,0.00010269880294799805,0.1,1,BERT:bert_class_weighted,Class weight
8,emscad_00060,"From the lands of Can Do, Roll Our Sleeves Up and Get It Done, we create and solve things previously unimaginable. We’re",Product Visual Designer,0,0,0.9999274611473083,7.253885269165039e-05,0.1,1,BERT:bert_class_weighted,Class weight
9,emscad_00072,Outstanding Member Service Starts With Outstanding People,Branch Associate,0,0,0.9998595714569092,0.0001404285430908203,0.1,1,BERT:bert_class_weighted,Class weight
10,emscad_00085,"Novitex Enterprise Solutions, formerly Pitney Bowes Management Services, delivers innovative document and communications",Customer Service Associate,0,0,0.999945878982544,5.412101745605469e-05,0.1,1,BERT:bert_class_weighted,Class weight
11,emscad_00101,"CAD Operator – Transmission Engineering. Under general direction, this candidate will create or modify electrical, civil",CAD Operator,0,0,0.9998066425323486,0.0001933574676513672,0.1,1,BERT:bert_class_weighted,Class weight
12,emscad_00114,Simworx is acknowledged as one of the world’s leaders in the supply of 4D Effects Cinemas and Motion Simulation Attracti,Operations Manager,0,0,0.9999405741691589,5.942583084106445e-05,0.1,1,BERT:bert_class_weighted,Class weight
13,emscad_00118,"Kappa Search, Inc. is one of the leading sourcing and placement firms in the nation. Located in downtown Chicago, KSI fo",Materials Manager,0,0,0.9998766183853149,0.0001233816146850586,0.1,1,BERT:bert_class_weighted,Class weight
14,emscad_00125,"Novitex Enterprise Solutions, formerly Pitney Bowes Management Services, delivers innovative document and communications",Customer Service Associate - Part Time,0,0,0.9999491572380066,5.08427619934082e-05,0.1,1,BERT:bert_class_weighted,Class weight
15,emscad_00128,United Med Force was created due to the high demand for elite sales professionals in the healthcare industry. United Med,Pharmaceutical / Compound Sales Representative- Georgia,0,0,0.9999443888664246,5.561113357543945e-05,0.1,1,BERT:bert_class_weighted,Class weight
16,emscad_00135,MarketInvoice is one of the most high-profile London based fin-tech companies. The Company is Europe’s leading P2P invoi,Senior Business Development Manager,0,0,0.9999414682388306,5.8531761169433594e-05,0.1,1,BERT:bert_class_weighted,Class weight
17,emscad_00137,"Novitex Enterprise Solutions, formerly Pitney Bowes Management Services, delivers innovative document and communications",Customer Service Associate,0,0,0.9999473094940186,5.269050598144531e-05,0.1,1,BERT:bert_class_weighted,Class weight
18,emscad_00139,"Novitex Enterprise Solutions, formerly Pitney Bowes Management Services, delivers innovative document and communications",Customer Service Technical Specialist- Reprographics Specialist,0,0,0.9999288320541382,7.11679458618164e-05,0.1,1,BERT:bert_class_weighted,Class weight
19,emscad_00140,"Novitex Enterprise Solutions, formerly Pitney Bowes Management Services, delivers innovative document and communications",Customer Service Associate,0,0,0.9999426007270813,5.739927291870117e-05,0.1,1,BERT:bert_class_weighted,Class weight
20,emscad_00142,"Novitex Enterprise Solutions, formerly Pitney Bowes Management Services, delivers innovative document and communications",Customer Service Associate,0,0,0.9999454617500305,5.453824996948242e-05,0.1,1,BERT:bert_class_weighted,Class weight
21,emscad_00145,The group has raised a fund for the purchase of homes in the Southeast. The student on this project will help them build,Forward Cap.,1,0,0.9973831176757812,0.00261688232421875,0.1,0,BERT:bert_class_weighted,Class weight
22,emscad_00149,StartTech Ventures is the investment & incubation arm of the Materializing Innovation Group and has three functions: See,UI/UX developer at StartTech Ventures,0,0,0.9999503493309021,4.965066909790039e-05,0.1,1,BERT:bert_class_weighted,Class weight
23,emscad_00153,"Dering Hall, #URL_5f3201a601e42a814d6d0724e0b94a4cf371abcd4b89ec239e909fe96a4b8521#, is to the online marketplace that f",Digital Sales Manager - High End Decor,0,0,0.999897301197052,0.00010269880294799805,0.1,1,BERT:bert_class_weighted,Class weight
24,emscad_00160,Elite Environmental Group LLC. Provides staffing services and temporary employment opportunities for a wide range of cli,General Laborers,0,0,0.9998452663421631,0.00015473365783691406,0.1,1,BERT:bert_class_weighted,Class weight
25,emscad_00178,Crest Financial is one of the leading privately held consumer financing companies in the United States. Crest blends the,Underwriter,0,0,0.9999352097511292,6.479024887084961e-05,0.1,1,BERT:bert_class_weighted,Class weight
26,emscad_00180,Playfair Capital is an early stage technology investment fund based in London.,Internal Recruiter,0,0,0.9999400973320007,5.990266799926758e-05,0.1,1,BERT:bert_class_weighted,Class weight
27,emscad_00181,Sales Executive,Sales Executive,1,1,0.443359375,0.556640625,0.1,1,BERT:bert_class_weighted,Class weight
28,emscad_00184,Salary,"Manager of Patient Care-Women/Families/Baby (Near Oshkosh, WI)",0,0,0.9998073577880859,0.0001926422119140625,0.1,1,BERT:bert_class_weighted,Class weight
29,emscad_00188,"Building a better scribe company and the world's very best medical scribes. Better, stronger, faster than before",Medical Scribe (Testing),0,0,0.9993844032287598,0.0006155967712402344,0.1,1,BERT:bert_class_weighted,Class weight
30,emscad_00193,COMPANY OVERVIEW:,"Manager, Network Engineering",0,0,0.9998494386672974,0.00015056133270263672,0.1,1,BERT:bert_class_weighted,Class weight
31,emscad_00208,"Novitex Enterprise Solutions, formerly Pitney Bowes Management Services, delivers innovative document and communications",Data Entry Clerk II,0,0,0.9999479651451111,5.2034854888916016e-05,0.1,1,BERT:bert_class_weighted,Class weight
32,emscad_00210,"Novitex Enterprise Solutions, formerly Pitney Bowes Management Services, delivers innovative document and communications",Customer Service Associate,0,0,0.9999441504478455,5.5849552154541016e-05,0.1,1,BERT:bert_class_weighted,Class weight
33,emscad_00214,"Novitex Enterprise Solutions, formerly Pitney Bowes Management Services, delivers innovative document and communications",Customer Service Associate,0,0,0.9999462962150574,5.370378494262695e-05,0.1,1,BERT:bert_class_weighted,Class weight
34,emscad_00229,Outstanding Member Service Starts With Outstanding People,Branch Associate,0,0,0.9998458623886108,0.00015413761138916016,0.1,1,BERT:bert_class_weighted,Class weight
35,emscad_00230,"Job Title: IT Technician / Desktop / Clinical Support Tier 1/2 Location: Franklin, TN 37067 Full Time Position - 40 hour",Service Desk (Help Desk/ Desktop Support) Tier 1/2 - Healthcare IT,0,0,0.999907910823822,9.208917617797852e-05,0.1,1,BERT:bert_class_weighted,Class weight
36,emscad_00231,"Novitex Enterprise Solutions, formerly Pitney Bowes Management Services, delivers innovative document and communications",Customer Service Associate,0,0,0.9999465346336365,5.346536636352539e-05,0.1,1,BERT:bert_class_weighted,Class weight
37,emscad_00234,Stack Exchange is a fast-growing network of over 100 question and answer sites on diverse topics from computer programmi,Web Support Specialist,0,0,0.9999366998672485,6.330013275146484e-05,0.1,1,BERT:bert_class_weighted,Class weight
38,emscad_00241,"Novitex Enterprise Solutions, formerly Pitney Bowes Management Services, delivers innovative document and communications",Customer Service Associate,0,0,0.9999497532844543,5.02467155456543e-05,0.1,1,BERT:bert_class_weighted,Class weight
39,emscad_00252,EUROPEAN DYNAMICS (#URL_c66532ffa1ce76ab447da6774719060c42c584edbf44d74cdb94fc4ac219ca45#) is a leading European Softwar,Senior Product Manager,0,0,0.9999251365661621,7.486343383789062e-05,0.1,1,BERT:bert_class_weighted,Class weight
40,emscad_00260,"Skookum is growing in Charlotte, NC and in Denver, CO! As a Product Strategist you will lead a sharp and aggressive cros",Product Strategist,0,0,0.9999507069587708,4.929304122924805e-05,0.1,1,BERT:bert_class_weighted,Class weight
41,emscad_00265,Title: Senoir Programme Analyst,Senior Programme Analyst,0,0,0.9995522499084473,0.0004477500915527344,0.1,1,BERT:bert_class_weighted,Class weight
42,emscad_00268,"Novitex Enterprise Solutions, formerly Pitney Bowes Management Services, delivers innovative document and communications",Customer Service Associate,0,0,0.9999426007270813,5.739927291870117e-05,0.1,1,BERT:bert_class_weighted,Class weight
43,emscad_00290,"StudyHall creates opportunities for college, university students, and recent graduates, to work with the best companies ","Intern with Google, Microsoft, Facebook and more! at Studyhall.com",0,0,0.9999181032180786,8.189678192138672e-05,0.1,1,BERT:bert_class_weighted,Class weight
44,emscad_00303,"TAA (Talent Advertising Agency) Creative Group is a fast-paced, talent development and recruiting firm. We place highly ",RNs Needed ASAP - ER & ICU - APPLY NOW!!,0,0,0.999943733215332,5.626678466796875e-05,0.1,1,BERT:bert_class_weighted,Class weight
45,emscad_00337,"Optimy is a fast-growing company that develops and sells a unique solution (as a SaaS web- application) for sponsorship,",Sales Trainee,0,0,0.9999471306800842,5.2869319915771484e-05,0.1,1,BERT:bert_class_weighted,Class weight
46,emscad_00343,Working at FBN,Farmer Experience Manager,0,0,0.9998831748962402,0.00011682510375976562,0.1,1,BERT:bert_class_weighted,Class weight
47,emscad_00351,"The MarketMaker4 leadership team has extensive experience in e-procurement, online auctions, market intelligence, strate",Global Sourcing Buyer,0,0,0.9999386668205261,6.133317947387695e-05,0.1,1,BERT:bert_class_weighted,Class weight
48,emscad_00362,The Technical Team and offering at VML London has a very strong heritage dating back to the mid-nineties when the London,Junior System Test Analyst,0,0,0.9999184608459473,8.153915405273438e-05,0.1,1,BERT:bert_class_weighted,Class weight
49,emscad_00370,"Riverside is an internationally recognized engineering, science, and information technology company with more than 25 ye",Project Coordinator,0,0,0.9999125003814697,8.749961853027344e-05,0.1,1,BERT:bert_class_weighted,Class weight
50,emscad_00379,CE Learning Systems is looking for a Web Developer to join our small but dedicated team. This is for an employee positio,Web Developer - PHP,0,0,0.9999450445175171,5.4955482482910156e-05,0.1,1,BERT:bert_class_weighted,Class weight
51,emscad_00394,"Novitex Enterprise Solutions, formerly Pitney Bowes Management Services, delivers innovative document and communications",Receptionist - Part Time,0,0,0.9999481439590454,5.1856040954589844e-05,0.1,1,BERT:bert_class_weighted,Class weight
52,emscad_00397,SERVER ADMINISTRATOR,IT System Engineer,0,0,0.9998629093170166,0.00013709068298339844,0.1,1,BERT:bert_class_weighted,Class weight
53,emscad_00402,PathSource is building the first integrated mobile career discovery engine and mobile job board. We take young Americans,PathSource Marketing Associate,0,0,0.9999359846115112,6.401538848876953e-05,0.1,1,BERT:bert_class_weighted,Class weight
54,emscad_00415,"Novitex Enterprise Solutions, formerly Pitney Bowes Management Services, delivers innovative document and communications",Print Production Associate - On Call,0,0,0.9999462962150574,5.370378494262695e-05,0.1,1,BERT:bert_class_weighted,Class weight
55,emscad_00427,"ValleySoft is a fast growing global IT Services & Solutions company based in Silicon Valley, USA . At ValleySoft, we str",HFM Techno Functional Lead,0,0,0.999940812587738,5.918741226196289e-05,0.1,1,BERT:bert_class_weighted,Class weight
56,emscad_00434,Consultants must be local to CT,Scrum Master/Project Management,0,0,0.9997868537902832,0.00021314620971679688,0.1,1,BERT:bert_class_weighted,Class weight
57,emscad_00449,"In 2011, Veeshee launched as an online monogramming boutique. As the Veeshee dream evolved from monogrammed gifts to com",Seamstress,0,0,0.9999389052391052,6.109476089477539e-05,0.1,1,BERT:bert_class_weighted,Class weight
58,emscad_00452,Crest Financial is one of the leading privately held consumer financing companies in the United States. Crest blends the,Software Developer,0,0,0.9999443888664246,5.561113357543945e-05,0.1,1,BERT:bert_class_weighted,Class weight
59,emscad_00461,The Albany Charter School Network is a family of charter schools in the City of Albany that works to prepare children fo,Middle School Spanish Teacher,0,0,0.9999386668205261,6.133317947387695e-05,0.1,1,BERT:bert_class_weighted,Class weight
60,emscad_00480,"Novitex Enterprise Solutions, formerly Pitney Bowes Management Services, delivers innovative document and communications",Customer Service Associate,0,0,0.9999454617500305,5.453824996948242e-05,0.1,1,BERT:bert_class_weighted,Class weight
61,emscad_00491,"Proficio Mortgage is a rapidly growing mortgage lender that cares about both our clients, and our team members. Proficio",Customer Service Representative,0,0,0.9999224543571472,7.75456428527832e-05,0.1,1,BERT:bert_class_weighted,Class weight
62,emscad_00497,"Novitex Enterprise Solutions, formerly Pitney Bowes Management Services, delivers innovative document and communications",Customer Service Associate,0,0,0.9999434947967529,5.650520324707031e-05,0.1,1,BERT:bert_class_weighted,Class weight
63,emscad_00499,"Novitex Enterprise Solutions, formerly Pitney Bowes Management Services, delivers innovative document and communications",Service Delivery Manager 1,0,0,0.999946117401123,5.3882598876953125e-05,0.1,1,BERT:bert_class_weighted,Class weight
64,emscad_00500,"Cohaesus is a trusted partner to the world's greatest advertising, marketing, communications and creative agencies. By b",Senior C# Developer,0,0,0.9999473094940186,5.269050598144531e-05,0.1,1,BERT:bert_class_weighted,Class weight
65,emscad_00503,Digital Ad Sales Account Executive Experience : 2 - 7 years Location : San Franscisco,Digital Advertising SalesAccount Executive,0,0,0.9998403787612915,0.0001596212387084961,0.1,1,BERT:bert_class_weighted,Class weight
66,emscad_00505,"Depop is an exciting new mobile marketplace where you can sell things by simply taking a picture, as well as follow your",Financial Controller,0,0,0.9999328851699829,6.711483001708984e-05,0.1,1,BERT:bert_class_weighted,Class weight
67,emscad_00514,About Jeri Davis International,Referants / Source ONLY,0,0,0.9999434947967529,5.650520324707031e-05,0.1,1,BERT:bert_class_weighted,Class weight
68,emscad_00515,Established on the principles that full time education is not for everyone Spectrum Learning is made up of a team of pas,Sheffield Fragrance and Beauty Promotional Staff,0,0,0.9999432563781738,5.6743621826171875e-05,0.1,1,BERT:bert_class_weighted,Class weight
69,emscad_00516,Everyone has a story to tell. Everyone is unique. Everyone wants to love and be loved. Everyone who wants to learn is wi,Visual Designer,0,0,0.9999237060546875,7.62939453125e-05,0.1,1,BERT:bert_class_weighted,Class weight
70,emscad_00517,"As augmented reality jobs go, one at Blippar is hard to beat. We are a rapidly expanding creative startup at the forefro",Brand Partner,0,0,0.9999400973320007,5.990266799926758e-05,0.1,1,BERT:bert_class_weighted,Class weight
71,emscad_00524,WHO WE ARE In2media has ever since the early start in 1994 grown into being a full service digital agency. Following the,Regnskabsassistent,0,0,0.9999443888664246,5.561113357543945e-05,0.1,1,BERT:bert_class_weighted,Class weight
72,emscad_00544,Hawkeye Recruitment provides cost effective recruitment advertising solutions to help you cast the widest net to find th,Front Desk/Security,0,0,0.9999082684516907,9.173154830932617e-05,0.1,1,BERT:bert_class_weighted,Class weight
73,emscad_00555,Praxis Life Sciences is a dynamic project management and consultancy practice servicing the life sciences industry. Prax,Manager - Life Sciences Consulting,0,0,0.9999313354492188,6.866455078125e-05,0.1,1,BERT:bert_class_weighted,Class weight
74,emscad_00566,"Novitex Enterprise Solutions, formerly Pitney Bowes Management Services, delivers innovative document and communications",Customer Service Associate,0,0,0.9999465346336365,5.346536636352539e-05,0.1,1,BERT:bert_class_weighted,Class weight
75,emscad_00567,StayClassy is a fast-growing San Diego-based startup that develops an online fundraising product used by thousands of No,Web Application Developer (Front-end),0,0,0.9999419450759888,5.805492401123047e-05,0.1,1,BERT:bert_class_weighted,Class weight
76,emscad_00584,About the Company,iOS Engineer,0,0,0.9999405741691589,5.942583084106445e-05,0.1,1,BERT:bert_class_weighted,Class weight
77,emscad_00600,Premise is building a novel information-gathering network on a global scale. The network harnesses the explosion in mobi,Software Engineer - Data,0,0,0.9999412298202515,5.8770179748535156e-05,0.1,1,BERT:bert_class_weighted,Class weight
78,emscad_00602,"Novitex Enterprise Solutions, formerly Pitney Bowes Management Services, delivers innovative document and communications",Customer Service Associate,0,0,0.9999450445175171,5.4955482482910156e-05,0.1,1,BERT:bert_class_weighted,Class weight
79,emscad_00616,"Working at Assurelife we will ensure you have the required knowledge to be able to offer bespoke advice to our clients, ",Telesales Advisor,0,0,0.9999334216117859,6.657838821411133e-05,0.1,1,BERT:bert_class_weighted,Class weight
80,emscad_00617,"Novitex Enterprise Solutions, formerly Pitney Bowes Management Services, delivers innovative document and communications",Customer Service Associate,0,0,0.9999473094940186,5.269050598144531e-05,0.1,1,BERT:bert_class_weighted,Class weight
81,emscad_00625,"Tidewater Finance Co. was established in 1992 for the initial purpose of purchasing, and servicing retail installment co",Assistant Training and Quality Development Faciliator,0,0,0.9999326467514038,6.73532485961914e-05,0.1,1,BERT:bert_class_weighted,Class weight
82,emscad_00631,ding* is the world’s largest top-up provider. Created to help people working abroad to support and keep in touch with lo,Fraud Executive,0,0,0.9999271631240845,7.283687591552734e-05,0.1,1,BERT:bert_class_weighted,Class weight
83,emscad_00638,Welcome to the Job Portal designed for TEDPB - (Training & Employment of Disabled Persons Board).,Data Conversion Analyst,0,0,0.9998818039894104,0.00011819601058959961,0.1,1,BERT:bert_class_weighted,Class weight
84,emscad_00639,"We’re Digital Telepathy, but our friends call us DT. Committed to being designers of the Web, we help startups solve the",Sr. Front End Developer,0,0,0.9999483823776245,5.161762237548828e-05,0.1,1,BERT:bert_class_weighted,Class weight
85,emscad_00647,"Uni Baggage is the No.1 Student Shipping company in the UK, we ship for tens of thousands of students each term to over ",Digital Marketing Manager,0,0,0.9998940229415894,0.00010597705841064453,0.1,1,BERT:bert_class_weighted,Class weight
86,emscad_00648,"Through the Apache Spark platform, we are working to transform large-scale data analysis.",Developer Community Evangelist,0,0,0.9999469518661499,5.3048133850097656e-05,0.1,1,BERT:bert_class_weighted,Class weight
87,emscad_00649,"Taxibeat is changing the global taxi industry. It's an easy to use, convenient and contemporary way to hail and book a t",People Operations Coordinator,0,0,0.999880850315094,0.00011914968490600586,0.1,1,BERT:bert_class_weighted,Class weight
88,emscad_00655,"At Cedexis, we’re passionate about solutions for a faster web and we need people to bring our message to the world.",Platform Software Engineer,0,0,0.9999379515647888,6.204843521118164e-05,0.1,1,BERT:bert_class_weighted,Class weight
89,emscad_00656,"""Our mission to our clients is to preserve their independence, enhance their quality of life, promote health & wellbeing",Caregiver- Sawyer,0,0,0.9999396204948425,6.03795051574707e-05,0.1,1,BERT:bert_class_weighted,Class weight
90,emscad_00670,Our passion for improving quality of life through geography is at the heart of everything we do. Esri’s geographic infor,"Account Executive - San Antonio, TX",0,0,0.9999307990074158,6.920099258422852e-05,0.1,1,BERT:bert_class_weighted,Class weight
91,emscad_00675,"Novitex Enterprise Solutions, formerly Pitney Bowes Management Services, delivers innovative document and communications",Customer Service Associate,0,0,0.9999479651451111,5.2034854888916016e-05,0.1,1,BERT:bert_class_weighted,Class weight
92,emscad_00680,"Novitex Enterprise Solutions, formerly Pitney Bowes Management Services, delivers innovative document and communications",Customer Service Associate (Part-Time),0,0,0.9999473094940186,5.269050598144531e-05,0.1,1,BERT:bert_class_weighted,Class weight
93,emscad_00691,HappyFox is a young startup that is all about bringing the happiness quotient in support teams. We help companies transf,Content Marketer,0,0,0.9999393820762634,6.0617923736572266e-05,0.1,1,BERT:bert_class_weighted,Class weight
94,emscad_00712,Mossio is a full service digital agency focused on high quality craftsmanship of web and mobile applications. Our team i,Product Designer,0,0,0.9999412298202515,5.8770179748535156e-05,0.1,1,BERT:bert_class_weighted,Class weight
95,emscad_00714,Sample content. Please view our careers page for the real job ad.,Java Developer,0,0,0.998723030090332,0.0012769699096679688,0.1,1,BERT:bert_class_weighted,Class weight
96,emscad_00730,"QB Medical, Inc. is a growing medical supply distributor. We specialize in medical product sales to the federal governme",Healthcare Support Rep,0,0,0.9998906850814819,0.0001093149185180664,0.1,1,BERT:bert_class_weighted,Class weight
97,emscad_00737,"ABC Supply Co., Inc. is the nation’s largest wholesale distributor of roofing and one of the largest distributors of sid",CDL Driver-Coal Valley,0,0,0.9999439120292664,5.608797073364258e-05,0.1,1,BERT:bert_class_weighted,Class weight
98,emscad_00752,We love the convenience of paying with plastic: swiping a debit or credit card is so much faster and more convenient tha,Firmware Engineer - Boston,0,0,0.9999479651451111,5.2034854888916016e-05,0.1,1,BERT:bert_class_weighted,Class weight
99,emscad_00753,Priority Care Group are a family run care group with 6 Care Homes in Scotland.,Home Manager,0,0,0.9999467134475708,5.328655242919922e-05,0.1,1,BERT:bert_class_weighted,Class weight
100,emscad_00769,#URL_c379aa631173ed5b7c345ab3f500a9a053e509138ca70e52c1088e5a784dc8d7# is a modern online travel agency that was founded,IT Support Administrator,0,0,0.999934196472168,6.580352783203125e-05,0.1,1,BERT:bert_class_weighted,Class weight
101,emscad_00774,Capoo provide talent consultancy for fast growth digital & tech companies. We are passionate about changing the way in w,Lead Developer,0,0,0.9999462962150574,5.370378494262695e-05,0.1,1,BERT:bert_class_weighted,Class weight
102,emscad_00781,WHAT WE DO,Web Developer,0,0,0.9999439120292664,5.608797073364258e-05,0.1,1,BERT:bert_class_weighted,Class weight
103,emscad_00784,"Frequency540 (FQ540) is a full service digital agency focused on creating prosperity for our clients, our people, and pa",Front-End Web Developer,0,0,0.9999462962150574,5.370378494262695e-05,0.1,1,BERT:bert_class_weighted,Class weight
104,emscad_00786,"Novitex Enterprise Solutions, formerly Pitney Bowes Management Services, delivers innovative document and communications",Data Entry Clerk II,0,0,0.999947726726532,5.227327346801758e-05,0.1,1,BERT:bert_class_weighted,Class weight
105,emscad_00789,“What do you want to be when you grow up?” your dad asked.,Super Marketing Specialist,0,0,0.9944343566894531,0.005565643310546875,0.1,1,BERT:bert_class_weighted,Class weight
106,emscad_00796,"Novitex Enterprise Solutions, formerly Pitney Bowes Management Services, delivers innovative document and communications",Customer Service Associate,0,0,0.9999426007270813,5.739927291870117e-05,0.1,1,BERT:bert_class_weighted,Class weight
107,emscad_00799,"StudyHall creates opportunities for college, university students, and recent graduates, to work with the best companies ",Want the best internship in the world? | StudyHall.com,0,0,0.9998574256896973,0.00014257431030273438,0.1,1,BERT:bert_class_weighted,Class weight
108,emscad_00805,London's Going Out App! Explovia simply and brilliantly combines Group Chat with Event Booking.,Street Team,0,0,0.9999271631240845,7.283687591552734e-05,0.1,1,BERT:bert_class_weighted,Class weight
109,emscad_00811,"My be competent with BI Deveopment in Microstrategy for Healthcare industry. Creating Dashboards, KPIs and standard repo",MicroStrategy BI Consultant,0,0,0.9998701810836792,0.00012981891632080078,0.1,1,BERT:bert_class_weighted,Class weight
110,emscad_00815,Staffing & Recruiting done right for the Oil & Energy Industry!,Project Manager: Engineer,1,1,0.0,1.0,0.1,1,BERT:bert_class_weighted,Class weight
111,emscad_00828,"We’ve built revolutionary technology that is changing the way people get around cities. Using Via, a luxury ride booked ",Strategic Finance Associate,0,0,0.9999439120292664,5.608797073364258e-05,0.1,1,BERT:bert_class_weighted,Class weight
112,emscad_00840,"NY Marketing Firm is family-owned and operated right here in New York, NY. Other companies may offer similar services, b",Customer Service Rep for DirecTV,0,0,0.99994957447052,5.042552947998047e-05,0.1,1,BERT:bert_class_weighted,Class weight
113,emscad_00841,Since 1978,Search Engine Marketing Coordinator,0,0,0.999940812587738,5.918741226196289e-05,0.1,1,BERT:bert_class_weighted,Class weight
114,emscad_00851,"MEDIACUBE is a rapidly growing and dynamic Digital Agency specializing in Online Marketing, with extensive experience in",Online Marketing Assistant,0,0,0.9999421834945679,5.7816505432128906e-05,0.1,1,BERT:bert_class_weighted,Class weight
115,emscad_00859,MRSI is a nonprofit organization established in 1977 by a group of parents and professionals as a local alternative to t,Direct Support Professional,0,0,0.9999405741691589,5.942583084106445e-05,0.1,1,BERT:bert_class_weighted,Class weight
116,emscad_00866,Support company business development efforts,Management Intern,0,0,0.9981508255004883,0.0018491744995117188,0.1,1,BERT:bert_class_weighted,Class weight
117,emscad_00879,About The Symicor Group:,The Symicor Group is Looking for Seasoned Banking Recruiters to Join Our Firm,0,0,0.999925434589386,7.456541061401367e-05,0.1,1,BERT:bert_class_weighted,Class weight
118,emscad_00884,As a developer on #URL_0a1667009951cdc20258aaca432753946ff57cfec7cf4bf118cb98e4581aa061# you will work with other bright,Full Stack Developer (.NET or equivalent + Javascript),0,0,0.9999372363090515,6.276369094848633e-05,0.1,1,BERT:bert_class_weighted,Class weight
119,emscad_00887,Growth Intelligence is a pioneer of nowcasting: tracking the finances of millions of companies at the same time using re,Python Developer at Growth Intelligence,0,0,0.9999396204948425,6.03795051574707e-05,0.1,1,BERT:bert_class_weighted,Class weight
120,emscad_00893,"ABC Supply Co., Inc. is the nation’s largest wholesale distributor of roofing and one of the largest distributors of sid",CDL Driver-Savage,0,0,0.9999426007270813,5.739927291870117e-05,0.1,1,BERT:bert_class_weighted,Class weight
121,emscad_00908,What do we do?,Lead Software Developer / CTO @ Investly,0,0,0.9999430775642395,5.692243576049805e-05,0.1,1,BERT:bert_class_weighted,Class weight
122,emscad_00910,CRM Developer with ERMS experience – with Integration skills including middleware and UI experience to provide customer ,SAP CRM Developer with ERMS,0,0,0.999802827835083,0.0001971721649169922,0.1,1,BERT:bert_class_weighted,Class weight
123,emscad_00911,BorrowMyDoggy is an online community that connects dog owners with trusted local people who will help look after their d,Rubymotion/iOS developer,0,0,0.9999423623085022,5.7637691497802734e-05,0.1,1,BERT:bert_class_weighted,Class weight
124,emscad_00913,Want to build a 21st century financial service?,Product designer,0,0,0.999899685382843,0.00010031461715698242,0.1,1,BERT:bert_class_weighted,Class weight
125,emscad_00917,Hellas Direct is a new insurance company founded in 2011 with the view of changing the way car insurance companies servi,Client Service Team member,0,0,0.9999372363090515,6.276369094848633e-05,0.1,1,BERT:bert_class_weighted,Class weight
126,emscad_00932,Viva Payments is one of the first Payments Institutes in Greece and one of the fastest growing Financial Institutions in,Compliance Officer,0,0,0.9999141693115234,8.58306884765625e-05,0.1,1,BERT:bert_class_weighted,Class weight
127,emscad_00942,PROSULTING IS PEOPLE The ProSulting difference is easy to see. Our passion for delivering qualified pre-screened personn,Accountant,0,0,0.9999184608459473,8.153915405273438e-05,0.1,1,BERT:bert_class_weighted,Class weight
128,emscad_00955,We Provide Full Time Permanent Positions for many medium to large US companies. We are interested in finding/recruiting ,"Sr. Mechanical Engineer - Tyler, TX",0,0,0.9999445676803589,5.543231964111328e-05,0.1,1,BERT:bert_class_weighted,Class weight
129,emscad_00957,We are seeking an individual with extraordinary engineering talent who has a proven track record of developing high perf,Senior Java/WEb Services Developer (Need local to CA),0,0,0.999919056892395,8.094310760498047e-05,0.1,1,BERT:bert_class_weighted,Class weight
130,emscad_00958,Cloud9 combines a powerful online code editor with a full Ubuntu workspace in the cloud.,JavaScript / Node.js / DevOps Engineer,0,0,0.9999475479125977,5.245208740234375e-05,0.1,1,BERT:bert_class_weighted,Class weight
131,emscad_00959,"ValleySoft is a fast growing global IT Services & Solutions company based in Silicon Valley, USA . At ValleySoft, we str",UI Developer,0,0,0.9999443888664246,5.561113357543945e-05,0.1,1,BERT:bert_class_weighted,Class weight
132,emscad_00971,"We are seeking a full-time QA Engineer to join our team, continue our success, and bring the busuu language learning exp",QA Engineer,0,0,0.9999321103096008,6.788969039916992e-05,0.1,1,BERT:bert_class_weighted,Class weight
133,emscad_00985,A startup aiming to change the way parents and kids experience urban life,Web Developer,0,0,0.9999364614486694,6.35385513305664e-05,0.1,1,BERT:bert_class_weighted,Class weight
134,emscad_00986,En Adjust somos un DSP (Demand Side Platform) / DMP (Data Management Platform) con tecnología única en México y LATAM: A,Trafficker,0,0,0.999938428401947,6.157159805297852e-05,0.1,1,BERT:bert_class_weighted,Class weight
135,emscad_00992,"Mashape is the largest, most trafficked API marketplace/hub in the world.",Backend Java Engineer,0,0,0.9999481439590454,5.1856040954589844e-05,0.1,1,BERT:bert_class_weighted,Class weight
136,emscad_00994,"Argenta Field Solutions values the client, creates income streams for them through our sales mechanism and focuses on qu",Paid Training for Direct Sales Representative with Management Opportunity,0,0,0.9999221563339233,7.784366607666016e-05,0.1,1,BERT:bert_class_weighted,Class weight
137,emscad_00995,"Digital Ad Sales Account Executive Experience : 2 - 7 years Location : Los Angeles, CA",Account Executive/Digital Ad Sales,0,0,0.9998574256896973,0.00014257431030273438,0.1,1,BERT:bert_class_weighted,Class weight
138,emscad_00996,"Intercom ( #URL_cb674f93cbcd215a3a0a57a8615a565545949eead8adbbc73307c26d6a6af81b# ) is a simple, personal messaging serv",Data Analyst,0,0,0.9999396204948425,6.03795051574707e-05,0.1,1,BERT:bert_class_weighted,Class weight
139,emscad_00998,Le Meridien is situated in the heart of kuala lumpur's tourist centre. We provide and exciting and entertaining experien,EXECUTIVE SOUS CHEF,1,1,0.00048828125,0.99951171875,0.1,1,BERT:bert_class_weighted,Class weight
140,emscad_01021,Fabrily makes it easy for campaigners/communities/charities/causes/artists. etc... to raise funds and awareness with cus,Marketing Intern - Paid Position,0,0,0.9999096989631653,9.03010368347168e-05,0.1,1,BERT:bert_class_weighted,Class weight
141,emscad_01027,Moosend is expanding its team as we strive to increase our share of the European email marketing market. As a country ma,Country and Sales Manager - Romania,0,0,0.9999450445175171,5.4955482482910156e-05,0.1,1,BERT:bert_class_weighted,Class weight
142,emscad_01028,Position: Financial Controller Location: Islamabad Company Sector: Hotel Salary: Rs. 70K to 75K -- may vary,Financial Controller,0,0,0.9997782707214355,0.00022172927856445312,0.1,1,BERT:bert_class_weighted,Class weight
143,emscad_01031,Mailjet is a market leading Email Service Provider with over 25 000 clients and rapidly expanding across Europe and abro,Brand Content Marketer,0,0,0.9999379515647888,6.204843521118164e-05,0.1,1,BERT:bert_class_weighted,Class weight
144,emscad_01039,"Empower America is mission driven to recruit, train and employ our military veterans into careers in renewable energy th",Veterans Wanted for Solar Energy Construction,0,0,0.9999441504478455,5.5849552154541016e-05,0.1,1,BERT:bert_class_weighted,Class weight
145,emscad_01052,Viva Online Services is the leading Greek online services website providing online services in various sectors like Trav,UI Designer,0,0,0.9999352097511292,6.479024887084961e-05,0.1,1,BERT:bert_class_weighted,Class weight
146,emscad_01055,"Stokes Automotive Group-Beaufort is a family owned and operated dealer group in Beaufort, SC. Stokes is the leader in th",Assistant Service Manager,0,0,0.99990314245224,9.685754776000977e-05,0.1,1,BERT:bert_class_weighted,Class weight
147,emscad_01056,"Novitex Enterprise Solutions, formerly Pitney Bowes Management Services, delivers innovative document and communications",Customer Service Associate,0,0,0.999943733215332,5.626678466796875e-05,0.1,1,BERT:bert_class_weighted,Class weight
148,emscad_01072,"With offices in Herzeliya, Israel and London, UK, Greylock IL helps entrepreneurs build market transforming companies in",Software Development,0,0,0.9999479651451111,5.2034854888916016e-05,0.1,1,BERT:bert_class_weighted,Class weight
149,emscad_01092,Description,Book Keeper,0,0,0.9996793270111084,0.00032067298889160156,0.1,1,BERT:bert_class_weighted,Class weight
150,emscad_01093,"OPUSYS Technologies Pvt. Ltd .isan ITService Management Company providing Professional, Social and Commercial Solution S",URGENT HIRING For Web Designer...!!!,0,1,0.03955078125,0.96044921875,0.1,0,BERT:bert_class_weighted,Class weight
151,emscad_01098,Upstream’s mission is to revolutionise the way companies market to consumers through cutting edge technology. This is an,Digital Marketing Specialist,0,0,0.9999271631240845,7.283687591552734e-05,0.1,1,BERT:bert_class_weighted,Class weight
152,emscad_01104,"ABC Supply Co., Inc. is the nation’s largest wholesale distributor of roofing and one of the largest distributors of sid",CDL Driver-Aurora,0,0,0.9999445676803589,5.543231964111328e-05,0.1,1,BERT:bert_class_weighted,Class weight
153,emscad_01111,"Proficio Mortgage is a rapidly growing mortgage lender that cares about both our clients, and our team members. Proficio",MORTGAGE LOAN COORDINATOR,0,0,0.9999321103096008,6.788969039916992e-05,0.1,1,BERT:bert_class_weighted,Class weight
154,emscad_01119,Our passion for improving quality of life through geography is at the heart of everything we do. Esri’s geographic infor,Account Executive - Charlotte,0,0,0.9999434947967529,5.650520324707031e-05,0.1,1,BERT:bert_class_weighted,Class weight
155,emscad_01145,Want to build a 21st century financial service?,Developer / Front-end,0,0,0.9999389052391052,6.109476089477539e-05,0.1,1,BERT:bert_class_weighted,Class weight
156,emscad_01148,Outstanding Member Service Starts With Outstanding People,Call Center Representative,0,0,0.9998307228088379,0.00016927719116210938,0.1,1,BERT:bert_class_weighted,Class weight
157,emscad_01153,Administrative Assistant Essential Job Responsibilities: Answering and routing telephone calls to appropriate people Sch,Administrative Assistant,1,1,0.0,1.0,0.1,1,BERT:bert_class_weighted,Class weight
158,emscad_01155,We are #URL_8649da56e359badfe917bee489e309f5fda5a4015777692d2fd5e1c86617745a# for jobs.,Chief Technology Officer/Co-Founder,0,0,0.9999168515205383,8.314847946166992e-05,0.1,1,BERT:bert_class_weighted,Class weight
159,emscad_01159,"AGOGO creates a personalized audio channel by bringing together your favorite programming -- news, entertainment, sports",Programming Associate,0,0,0.9999107718467712,8.922815322875977e-05,0.1,1,BERT:bert_class_weighted,Class weight
160,emscad_01161,"ClarusApex is an international recruiting company with representations in the Netherlands, Austria, Ukraine, Cyprus and ",Bar manager in the hotel St. Regis Doha (Qatar),0,0,0.9999452233314514,5.4776668548583984e-05,0.1,1,BERT:bert_class_weighted,Class weight
161,emscad_01162,"Novitex Enterprise Solutions, formerly Pitney Bowes Management Services, delivers innovative document and communications",Customer Service Associate,0,0,0.999945878982544,5.412101745605469e-05,0.1,1,BERT:bert_class_weighted,Class weight
162,emscad_01165,This is an exciting job opportunity for those who would like to an individual to join innovative company. The company is,Assistant Manager,0,1,0.0,1.0,0.1,0,BERT:bert_class_weighted,Class weight
163,emscad_01169,Eviture is a professional services firm that specialise in leading enterprise agile delivery for complex business and IT,Microsoft .Net and C# back-end developers,0,0,0.999934732913971,6.526708602905273e-05,0.1,1,BERT:bert_class_weighted,Class weight
164,emscad_01189,We Provide Full Time Permanent Positions for many medium to large US companies. We are interested in finding/recruiting ,HR Manager,0,0,0.9999366998672485,6.330013275146484e-05,0.1,1,BERT:bert_class_weighted,Class weight
165,emscad_01193,Outstanding Member Service Starts With Outstanding People,Administrative Assistant,0,0,0.9995532035827637,0.0004467964172363281,0.1,1,BERT:bert_class_weighted,Class weight
166,emscad_01197,Want to build a 21st century financial service?,VP Marketing,0,0,0.9998944401741028,0.0001055598258972168,0.1,1,BERT:bert_class_weighted,Class weight
167,emscad_01205,Macpherson Oil and Refined Resources have partnered up in an effort to streamline the hiring process and provide a more ,Health + Environmental Professional,1,1,0.0,1.0,0.1,1,BERT:bert_class_weighted,Class weight
168,emscad_01208,Skyconsult is a global consulting company with highly professional international standards; we focus on leading edge tec,Human Resources Intern,0,0,0.9999310374259949,6.896257400512695e-05,0.1,1,BERT:bert_class_weighted,Class weight
169,emscad_01212,Our passion for improving quality of life through geography is at the heart of everything we do. Esri’s geographic infor,Junior Account Executive - Philadelphia,0,0,0.9999481439590454,5.1856040954589844e-05,0.1,1,BERT:bert_class_weighted,Class weight
170,emscad_01213,The ones who wish to participate in Academy projects and applied directly or were recommended,Academy @ Vilnius,0,0,0.9967269897460938,0.00327301025390625,0.1,1,BERT:bert_class_weighted,Class weight
171,emscad_01240,"Headquartered in Milan and New York and with 400 million users all around the world, Beintoo is a true engagement platfo",Grafico,0,0,0.9999393820762634,6.0617923736572266e-05,0.1,1,BERT:bert_class_weighted,Class weight
172,emscad_01243,UI engineering,Software Engineer,0,0,0.9996898174285889,0.0003101825714111328,0.1,1,BERT:bert_class_weighted,Class weight
173,emscad_01271,PROSULTING IS PEOPLE The ProSulting difference is easy to see. Our passion for delivering qualified pre-screened personn,Human Resource Manager,0,0,0.9999294281005859,7.05718994140625e-05,0.1,1,BERT:bert_class_weighted,Class weight
174,emscad_01277,"With offices across UK, mainland Europe, Australia, New Zealand, and the United States, Squiz helps clients across the g",Business Development Manager,0,0,0.9999393820762634,6.0617923736572266e-05,0.1,1,BERT:bert_class_weighted,Class weight
175,emscad_01294,EUROPEAN DYNAMICS (#URL_c66532ffa1ce76ab447da6774719060c42c584edbf44d74cdb94fc4ac219ca45#) is a leading European Softwar,.NET Developer,0,0,0.9999344348907471,6.556510925292969e-05,0.1,1,BERT:bert_class_weighted,Class weight
176,emscad_01295,"hedgehog lab is a post-PC digital agency. We architect, design, develop, and market apps & digital solutions for phones,",Developer (Android),0,0,0.9999400973320007,5.990266799926758e-05,0.1,1,BERT:bert_class_weighted,Class weight
177,emscad_01298,Normal,Custom Products Account Maestro,0,0,0.9998927712440491,0.00010722875595092773,0.1,1,BERT:bert_class_weighted,Class weight
178,emscad_01300,"BIGGER MARKETS is a college marketing agency that combines online and offline resources, including one of the largest on",Marketing Associate,0,0,0.9999485611915588,5.143880844116211e-05,0.1,1,BERT:bert_class_weighted,Class weight
179,emscad_01317,General Description,Developer,0,0,0.9998204708099365,0.00017952919006347656,0.1,1,BERT:bert_class_weighted,Class weight
180,emscad_01323,"We are looking for a Junior Marketing Assistant working from Boston, MA. You should have experience in Online Marketing ",Junior Marketing Assistant,0,0,0.9998836517333984,0.0001163482666015625,0.1,1,BERT:bert_class_weighted,Class weight
181,emscad_01327,Why CSD?,MarCom Manager,0,0,0.999934196472168,6.580352783203125e-05,0.1,1,BERT:bert_class_weighted,Class weight
182,emscad_01335,Job Overview,Air Quality Engineer,0,0,0.9996614456176758,0.00033855438232421875,0.1,1,BERT:bert_class_weighted,Class weight
183,emscad_01352,"Cambrian Innovation is seeking a talented and motivated Office Manager. Candidates should be highly organized, detail-or",Office Manager,0,0,0.9998111724853516,0.0001888275146484375,0.1,1,BERT:bert_class_weighted,Class weight
184,emscad_01358,"Friend MTS is a leading provider of technology to the media and entertainment industry. Specialising in video security, ",Linux System Administrator,0,0,0.999940812587738,5.918741226196289e-05,0.1,1,BERT:bert_class_weighted,Class weight
185,emscad_01388,"Founded in 2003, #URL_a9d2ee3223d59d0433b0663495314024d1221333ce0328c59175167836d3534c# launched with a mission to make ",Web Integrator,0,0,0.9998813271522522,0.00011867284774780273,0.1,1,BERT:bert_class_weighted,Class weight
186,emscad_01394,We are a family run business that has been in operation for nearly 40 years. We value long term relationships and want t,Sales Manager,0,0,0.9999462962150574,5.370378494262695e-05,0.1,1,BERT:bert_class_weighted,Class weight
187,emscad_01395,Shape the Future.,TLL (Chinese Lab) - Specialist Teaching Associate,0,0,0.9999441504478455,5.5849552154541016e-05,0.1,1,BERT:bert_class_weighted,Class weight
188,emscad_01396,Ripple is the Humans First® IT company. Companies partner with us to take care of thier IT so people can get more work d,Field Technician,0,0,0.9999473094940186,5.269050598144531e-05,0.1,1,BERT:bert_class_weighted,Class weight
189,emscad_01413,Wedo is a collection of niched e-commerce stores which aim to be the first destination for online shoppers buying in the,Operations and Logistics Internship,0,0,0.999933660030365,6.633996963500977e-05,0.1,1,BERT:bert_class_weighted,Class weight
190,emscad_01417,CallCentre People Recruitment is recognised as being specialists within the CallCentre industry.,Business Analyst,0,0,0.9999483823776245,5.161762237548828e-05,0.1,1,BERT:bert_class_weighted,Class weight
191,emscad_01421,Position: Informatica Tester,Informatica/ Etl Tester,1,0,0.9998650550842285,0.00013494491577148438,0.1,0,BERT:bert_class_weighted,Class weight
192,emscad_01425,Upstream’s mission is to revolutionise the way companies market to consumers through cutting edge technology. This is an,Assistant Marketing Manager,0,0,0.999938428401947,6.157159805297852e-05,0.1,1,BERT:bert_class_weighted,Class weight
193,emscad_01428,"Prodigy is the fastest-growing education game in Canada. In just 16 months, we've gone from an unknown company to having",Software Developer for Canada's Fastest-Growing Education Game,0,0,0.9999352097511292,6.479024887084961e-05,0.1,1,BERT:bert_class_weighted,Class weight
194,emscad_01434,About Stylistpick,Office assistant,0,0,0.9999410510063171,5.894899368286133e-05,0.1,1,BERT:bert_class_weighted,Class weight
195,emscad_01437,Mission Statement,Physical Occupational Therapy Case Manager-Field Clinician (Home Health),0,0,0.9999434947967529,5.650520324707031e-05,0.1,1,BERT:bert_class_weighted,Class weight
196,emscad_01438,"Valor Services provides Workforce Solutions that meet the needs of companies across the Private Sector, with a special f",Pipe Tacker,0,0,0.999945878982544,5.412101745605469e-05,0.1,1,BERT:bert_class_weighted,Class weight
197,emscad_01439,Growth Intelligence is a pioneer of nowcasting: tracking the finances of millions of companies at the same time using re,Marketer,0,0,0.9999155402183533,8.445978164672852e-05,0.1,1,BERT:bert_class_weighted,Class weight
198,emscad_01440,"n 2003, Sbokos Hotel Group was created to manage the properties in a more structured manner. Today, the group owns and m",Sales Manager/Coordinator(Russian Market),0,0,0.999274730682373,0.0007252693176269531,0.1,1,BERT:bert_class_weighted,Class weight
199,emscad_01482,"Optimal Business Action was created in 2005 in order to provide high quality, personalized HR services to medium and lar",Food & Beverage Guest Relation (Alexandria - Egypt),0,0,0.9999493360519409,5.066394805908203e-05,0.1,1,BERT:bert_class_weighted,Class weight
200,emscad_01487,"In less than a year, a small team of Parisians developed an app for travelers in Paris. With a goal of moving the touris",Looking for a fun job? HiJames is the place to be !,0,0,0.9997053146362305,0.00029468536376953125,0.1,1,BERT:bert_class_weighted,Class weight
201,emscad_01505,Description:,Account Director - Banking,0,0,0.9999242424964905,7.575750350952148e-05,0.1,1,BERT:bert_class_weighted,Class weight
202,emscad_01507,"SpotSource Solutions LLC is a Global Human Capital Management Consulting firm headquartered in Miami, Florida. Founded i",Inside Sales,0,0,0.9999479651451111,5.2034854888916016e-05,0.1,1,BERT:bert_class_weighted,Class weight
203,emscad_01508,Ideal CRM is a sales consulting firm focused on Customer Relationship Management. We specialize in building and implemen,Project Administrator,0,0,0.9997315406799316,0.0002684593200683594,0.1,1,BERT:bert_class_weighted,Class weight
204,emscad_01509,"ClarusApex is an international recruiting company with representations in the Netherlands, Austria, Ukraine, Cyprus and ",Hostess in the restaurant Nando's,0,0,0.9999357461929321,6.42538070678711e-05,0.1,1,BERT:bert_class_weighted,Class weight
205,emscad_01519,"Aker Solutions is a global provider of products, systems and services to the oil and gas industry. Our engineering, desi",SAP Support Advisor,1,1,0.0,1.0,0.1,1,BERT:bert_class_weighted,Class weight
206,emscad_01524,"Tradable's award winning platform helps brokers solve the needs of their most demanding clients. Born open, our APIs all",Head of Marketing,0,0,0.9999479651451111,5.2034854888916016e-05,0.1,1,BERT:bert_class_weighted,Class weight
207,emscad_01525,"ISE resolves technology vulnerabilities through rigorous analyses to keep great companies great by providing expert, obj",Hacker,0,0,0.9999389052391052,6.109476089477539e-05,0.1,1,BERT:bert_class_weighted,Class weight
208,emscad_01530,"PINT is a leader in the web industry with 20 years of web design, software development and consulting experience. PINT's",Front-end Coder // Web Developer,0,0,0.9999456405639648,5.435943603515625e-05,0.1,1,BERT:bert_class_weighted,Class weight
209,emscad_01536,Responsible to generate new business and Maintain the customer’s profile. Communicate with Collector and management in s,Jr. Account Executive,0,0,0.9982519149780273,0.0017480850219726562,0.1,1,BERT:bert_class_weighted,Class weight
210,emscad_01550,Applied Memetics LLC is a professional services company dedicated to integrating and delivering best practice communicat,"International Broadcaster, Somali Language",0,0,0.9999514818191528,4.851818084716797e-05,0.1,1,BERT:bert_class_weighted,Class weight
211,emscad_01554,Job Overview,Environmental Scientist,0,0,0.9999263286590576,7.367134094238281e-05,0.1,1,BERT:bert_class_weighted,Class weight
212,emscad_01557,ABOUT TURING,Frontend Developer / UI Engineer,0,0,0.999943733215332,5.626678466796875e-05,0.1,1,BERT:bert_class_weighted,Class weight
213,emscad_01586,"We are a young, dynamic, fast-growing digital marketing agency established in February 2013 and headquartered in Athens,",Web Designer,0,0,0.999938428401947,6.157159805297852e-05,0.1,1,BERT:bert_class_weighted,Class weight
214,emscad_01590,"Novitex Enterprise Solutions, formerly Pitney Bowes Management Services, delivers innovative document and communications",Customer Service Associate,0,0,0.9999434947967529,5.650520324707031e-05,0.1,1,BERT:bert_class_weighted,Class weight
215,emscad_01592,"At Hayes-Corp, we create the fun stuff. With a focus on software development for mobile platforms, we are constantly loo",Junior Contract Specialist - Corporate Finance,0,0,0.9999294281005859,7.05718994140625e-05,0.1,1,BERT:bert_class_weighted,Class weight
216,emscad_01598,"Novitex Enterprise Solutions, formerly Pitney Bowes Management Services, delivers innovative document and communications",Customer Service Associate,0,0,0.9999443888664246,5.561113357543945e-05,0.1,1,BERT:bert_class_weighted,Class weight
217,emscad_01607,"Novitex Enterprise Solutions, formerly Pitney Bowes Management Services, delivers innovative document and communications",Customer Service Associate,0,0,0.9999450445175171,5.4955482482910156e-05,0.1,1,BERT:bert_class_weighted,Class weight
218,emscad_01615,"As the premier design studio in Queens, we craft beautiful work using the latest technology and solve design problems th",Production Manager for Design Studio,0,0,0.9999212622642517,7.873773574829102e-05,0.1,1,BERT:bert_class_weighted,Class weight
219,emscad_01642,"MSPS is an award-winning Integrated Marketing and Sales Services Agency that consists of talented, fun and creative indi",Promotion Marketing Account Manager,0,0,0.999934196472168,6.580352783203125e-05,0.1,1,BERT:bert_class_weighted,Class weight
220,emscad_01646,We are looking for a talented and experienced PR Account Manager or Director to join our team. This role will appeal to ,Account Manager/Director,0,0,0.9999107718467712,8.922815322875977e-05,0.1,1,BERT:bert_class_weighted,Class weight
221,emscad_01652,"Novitex Enterprise Solutions, formerly Pitney Bowes Management Services, delivers innovative document and communications",Service Delivery Manager 2,0,0,0.9999469518661499,5.3048133850097656e-05,0.1,1,BERT:bert_class_weighted,Class weight
222,emscad_01669,ABOUT OUR COMPANY,Account & Media Manager,0,0,0.9999362230300903,6.377696990966797e-05,0.1,1,BERT:bert_class_weighted,Class weight
223,emscad_01673,"Shyp is the easiest way to send anything, anywhere.",General Manager - Knoxville,0,0,0.9999318718910217,6.812810897827148e-05,0.1,1,BERT:bert_class_weighted,Class weight
224,emscad_01694,"Dairy, food and beverage processors work within one of the most complex, competitive and precision-driven industries. Th",Applications Engineer,0,0,0.9993858337402344,0.000614166259765625,0.1,1,BERT:bert_class_weighted,Class weight
225,emscad_01713,The Technical Team and offering at VML London has a very strong heritage dating back to the mid-nineties when the London,Campaign Manager (Freelance),0,0,0.9999174475669861,8.255243301391602e-05,0.1,1,BERT:bert_class_weighted,Class weight
226,emscad_01716,"Senior Aerospace Weston, part of the Global Group Senior PLC, located in Earby, Lancashire (UK) is principally a manufac",Skilled CNC Millers,0,0,0.9993820190429688,0.00061798095703125,0.1,1,BERT:bert_class_weighted,Class weight
227,emscad_01717,We are a family run business that has been in operation for nearly 40 years. We value long term relationships and want t,Wanted Sales Management Trainees,0,0,0.9984836578369141,0.0015163421630859375,0.1,1,BERT:bert_class_weighted,Class weight
228,emscad_01719,Super-Sociable people wanted to promote Home Movie Business Homeworking/Nationwide Commission based #URL_575411563414439,Super-Sociable people wanted to promote Home Movie Business,0,0,0.9998706579208374,0.00012934207916259766,0.1,1,BERT:bert_class_weighted,Class weight
229,emscad_01725,"As an advanced global software engineering and IT consulting company, we’re always searching for talented people. Our re",Sr Software Engineer,0,0,0.9999224543571472,7.75456428527832e-05,0.1,1,BERT:bert_class_weighted,Class weight
230,emscad_01738,We are a family run business that has been in operation for nearly 40 years. We value long term relationships and want t,Experienced Sales Professional,0,0,0.999904990196228,9.500980377197266e-05,0.1,1,BERT:bert_class_weighted,Class weight
231,emscad_01764,The Selectus Group is a customer focused organisation committed to providing high quality services to employees througho,"Regional Manager, NSW",0,0,0.9999326467514038,6.73532485961914e-05,0.1,1,BERT:bert_class_weighted,Class weight
232,emscad_01768,Responsibilities : • Responsible for the delivery of outstanding customer service. • Answer inbound communications (phon,Accounting/Data entry,0,1,0.504150390625,0.495849609375,0.1,0,BERT:bert_class_weighted,Class weight
233,emscad_01791,ding* is the world’s largest top-up provider. Created to help people working abroad to support and keep in touch with lo,.Net Extraordinaire,0,0,0.9999104142189026,8.958578109741211e-05,0.1,1,BERT:bert_class_weighted,Class weight
234,emscad_01794,"H HAVAS WW είναι ένα από τα μεγαλύτερα διαφημιστικά δίκτυα στον κόσμο, με 316 γραφεία σε 75 χώρες με 11.000 υπαλλήλους κ",Web - Facebook developers,0,0,0.9999430775642395,5.692243576049805e-05,0.1,1,BERT:bert_class_weighted,Class weight
235,emscad_01801,E-Hospitality is an IT / Hospitality company focusing on the global meeting industry. With its product Book2Meet (previo,Search Marketing Specialist,0,0,0.9999434947967529,5.650520324707031e-05,0.1,1,BERT:bert_class_weighted,Class weight
236,emscad_01804,"Digital Ad Sales Account Executive Experience : 2 - 7 years Location : New York, NY",Account Executive/Digital Ad Sales,0,0,0.9998650550842285,0.00013494491577148438,0.1,1,BERT:bert_class_weighted,Class weight
237,emscad_01812,"BCCC Enterprises provides management consulting services for Commissionaires BC, Kinetic Security and Lexxon Training.",Sales Representative,0,0,0.9993762969970703,0.0006237030029296875,0.1,1,BERT:bert_class_weighted,Class weight
238,emscad_01813,"BCCC Enterprises provides management consulting services for Commissionaires BC, Kinetic Security and Lexxon Training.",Sales Representative,0,0,0.9993424415588379,0.0006575584411621094,0.1,1,BERT:bert_class_weighted,Class weight
239,emscad_01816,"Argenta Field Solutions values the client, creates income streams for them through our sales mechanism and focuses on qu",Paid Training for Direct Sales Representative with Management Opportunity,0,0,0.999923050403595,7.69495964050293e-05,0.1,1,BERT:bert_class_weighted,Class weight
240,emscad_01823,"Aker Solutions is a global provider of products, systems and services to the oil and gas industry. Our engineering, desi",Structural Engineer,1,1,0.0,1.0,0.1,1,BERT:bert_class_weighted,Class weight
241,emscad_01837,"Places Senior Technology and Data professionals nationwide with a focus on Software Engineering, Big Data, Analytics, Bu",Manager of Implementation and Program Management,0,0,0.9996259212493896,0.00037407875061035156,0.1,1,BERT:bert_class_weighted,Class weight
242,emscad_01838,Position Title: System Analyst/ Programmer Sector: Pharmaceutical Company type: Large Pharmaceutical Company Location: L,System Analyst/ Programmer,0,0,0.9997537136077881,0.00024628639221191406,0.1,1,BERT:bert_class_weighted,Class weight
243,emscad_01842,HappyFox is a young startup that is all about bringing the happiness quotient in support teams. We help companies transf,Public Relations Manager,0,0,0.999946117401123,5.3882598876953125e-05,0.1,1,BERT:bert_class_weighted,Class weight
244,emscad_01857,Established on the principles that full time education is not for everyone Spectrum Learning is made up of a team of pas,Basingstoke Fragrance and Beauty Promotional Staff,0,0,0.9999426007270813,5.739927291870117e-05,0.1,1,BERT:bert_class_weighted,Class weight
245,emscad_01878,"Novitex Enterprise Solutions, formerly Pitney Bowes Management Services, delivers innovative document and communications",Customer Service Associate,0,0,0.9999434947967529,5.650520324707031e-05,0.1,1,BERT:bert_class_weighted,Class weight
246,emscad_01880,United Cerebral Palsy of Oregon & SW Washington (UCP) supports adults with all kinds of developmental disabilities (not ,Children's Services Manager,0,0,0.9999430775642395,5.692243576049805e-05,0.1,1,BERT:bert_class_weighted,Class weight
247,emscad_01881,"Replise was started in 2008, just a year after Twitter was launched, by a bunch of serial entrepreneurs who believed the",Sales Director - Replise US Operations,0,0,0.9999419450759888,5.805492401123047e-05,0.1,1,BERT:bert_class_weighted,Class weight
248,emscad_01885,Fiinovation is first of its kind social initiative company in the social development sector. The organization has an age,Fiinovation - Post for Relationship Manager,0,0,0.9998747110366821,0.0001252889633178711,0.1,1,BERT:bert_class_weighted,Class weight
249,emscad_01891,Established on the principles that full time education is not for everyone Spectrum Learning is made up of a team of pas,"North East Training Provider Requires Health and Social Level 2, 3 and 5 Assessors",0,0,0.9999462962150574,5.370378494262695e-05,0.1,1,BERT:bert_class_weighted,Class weight
250,emscad_01894,Kettle is an independent digital agency based in New York City and the Bay Area. We’re committed to making digital do mo,SF | ACD (COPY) @OP,0,0,0.9999328851699829,6.711483001708984e-05,0.1,1,BERT:bert_class_weighted,Class weight
251,emscad_01896,"We are a young, dynamic, fast-growing digital marketing agency established in February 2013 and headquartered in Athens,",Research Analyst and Monitoring Manager,0,0,0.9999428391456604,5.716085433959961e-05,0.1,1,BERT:bert_class_weighted,Class weight
252,emscad_01897,Money is a person-to-person money transfer app designed to simplify how people send money home to their friends and fami,iOS Developer,0,0,0.9998889565467834,0.00011104345321655273,0.1,1,BERT:bert_class_weighted,Class weight
253,emscad_01900,Established on the principles that full time education is not for everyone Spectrum Learning is made up of a team of pas,FIELD SALES (All warm leads),0,0,0.99994957447052,5.042552947998047e-05,0.1,1,BERT:bert_class_weighted,Class weight
254,emscad_01902,"Novitex Enterprise Solutions, formerly Pitney Bowes Management Services, delivers innovative document and communications",Senior Docket Clerk/Court Filer,0,0,0.9999434947967529,5.650520324707031e-05,0.1,1,BERT:bert_class_weighted,Class weight
255,emscad_01915,Ahoy there adventurer! Join us aboard the good ship Locish as we bravely steer our beloved vessel across the ocean of am,Growth Marketing Manager,0,0,0.9999158382415771,8.416175842285156e-05,0.1,1,BERT:bert_class_weighted,Class weight
256,emscad_01917,The Senior Publishing Specialist will be part of the Regulatory Operations Publishing Group and to ensure that dossier i,Senior Publishing Specialist,0,0,0.9998923540115356,0.00010764598846435547,0.1,1,BERT:bert_class_weighted,Class weight
257,emscad_01930,Our Mission,QA Engineer,0,0,0.9999215602874756,7.843971252441406e-05,0.1,1,BERT:bert_class_weighted,Class weight
258,emscad_01935,"Babbel enables anyone to learn languages in an easy and interactive way. The learning system offers 13 languages, from E",Business Development Trainee,0,0,0.9999174475669861,8.255243301391602e-05,0.1,1,BERT:bert_class_weighted,Class weight
259,emscad_01942,"Professional Day Length: 7.5 Contract Duration: 6 + months Location: Yardley, PA or Carlstadt, NJ, Pennsylvania",Physician Advisor,0,0,0.9998601675033569,0.0001398324966430664,0.1,1,BERT:bert_class_weighted,Class weight
260,emscad_01943,"Novitex Enterprise Solutions, formerly Pitney Bowes Management Services, delivers innovative document and communications",Customer Service Associate,0,0,0.999945878982544,5.412101745605469e-05,0.1,1,BERT:bert_class_weighted,Class weight
261,emscad_01953,"Hi, we are dopios",Growth Analyst Intern,0,0,0.9999075531959534,9.244680404663086e-05,0.1,1,BERT:bert_class_weighted,Class weight
262,emscad_01958,"We build software for fashion retailers, to help them make the right commercial decisions about what to sell, and how to",Account Executive,0,0,0.9999302625656128,6.973743438720703e-05,0.1,1,BERT:bert_class_weighted,Class weight
263,emscad_01977,"Founded in 2000, Axxess Industries is an innovative electronics, software and signage workshop changing how people and t",Sales & Marketing Assistant,0,0,0.9999138712882996,8.612871170043945e-05,0.1,1,BERT:bert_class_weighted,Class weight
264,emscad_01987,"From the lands of Can Do, Roll Our Sleeves Up and Get It Done, we create and solve things previously unimaginable. We’re",Senior Product Manager,0,0,0.9999374747276306,6.252527236938477e-05,0.1,1,BERT:bert_class_weighted,Class weight
265,emscad_02003,EUROPEAN DYNAMICS (#URL_c66532ffa1ce76ab447da6774719060c42c584edbf44d74cdb94fc4ac219ca45#) is a leading European Softwar,Senior SharePoint Developer,0,0,0.999934732913971,6.526708602905273e-05,0.1,1,BERT:bert_class_weighted,Class weight
266,emscad_02013,"ISE resolves technology vulnerabilities through rigorous analyses to keep great companies great by providing expert, obj",Senior Security Consultant,0,0,0.9999454617500305,5.453824996948242e-05,0.1,1,BERT:bert_class_weighted,Class weight
267,emscad_02014,"Aker Solutions is a global provider of products, systems and services to the oil and gas industry. Our engineering, desi",Contract - Design Engineer,1,1,0.0,1.0,0.1,1,BERT:bert_class_weighted,Class weight
268,emscad_02039,"Optimal Business Action was created in 2005 in order to provide high quality, personalized HR services to medium and lar",Architect (Middleware - MQ) - Kuwait,0,0,0.9999535083770752,4.649162292480469e-05,0.1,1,BERT:bert_class_weighted,Class weight
269,emscad_02053,"DealDash Oyj’s fun & exciting shopping platform, described as the fair & honest alternative to traditional penny auction",Accounting Specialist,0,0,0.999943733215332,5.626678466796875e-05,0.1,1,BERT:bert_class_weighted,Class weight
270,emscad_02063,NFP is a leader in the delivery of benefits solutions for companies of all sizes and in the delivery of life insurance a,Director of Operations,0,0,0.9999245405197144,7.545948028564453e-05,0.1,1,BERT:bert_class_weighted,Class weight
271,emscad_02074,"Attractive creative agency and software house seeks lasting relationships with hot talent. Must be dedicated, motivated ",Technical Lead,0,0,0.9999426007270813,5.739927291870117e-05,0.1,1,BERT:bert_class_weighted,Class weight
272,emscad_02075,Want to build a 21st century financial service?,Growth Analyst,0,0,0.9999131560325623,8.684396743774414e-05,0.1,1,BERT:bert_class_weighted,Class weight
273,emscad_02083,"We are a young startup, offering a unique marketing tool for companies to broadcast themselves through a mobile app. We ",Design expert,0,0,0.9999450445175171,5.4955482482910156e-05,0.1,1,BERT:bert_class_weighted,Class weight
274,emscad_02089,At Command we care enough to consistently place the right candidates in the right jobs. We have more than 50 locally-man,Office Receptionist,0,0,0.9999285936355591,7.140636444091797e-05,0.1,1,BERT:bert_class_weighted,Class weight
275,emscad_02093,"Novitex Enterprise Solutions, formerly Pitney Bowes Management Services, delivers innovative document and communications",Customer Service Associate - Part Time,0,0,0.9999456405639648,5.435943603515625e-05,0.1,1,BERT:bert_class_weighted,Class weight
276,emscad_02102,"Babbel enables anyone to learn languages in an easy and interactive way. The learning system offers 13 languages, from E","Technical Product Owner ""Data""",0,0,0.9999313354492188,6.866455078125e-05,0.1,1,BERT:bert_class_weighted,Class weight
277,emscad_02116,Visual BI is one of the leading and fastest growing firms focusing exclusively on BI & Analytics. Our offerings cover en,UI Lead / Architect ( Javascript / HTML5 / CSS3 ),0,0,0.9999508857727051,4.9114227294921875e-05,0.1,1,BERT:bert_class_weighted,Class weight
278,emscad_02137,"Aker Solutions is a global provider of products, systems and services to the oil and gas industry. Our engineering, desi",Electrical Technician III,1,1,0.0,1.0,0.1,1,BERT:bert_class_weighted,Class weight
279,emscad_02140,Zylun is expanding the recruiting landscape for companies worldwide. We help businesses better compete and increase prof,PHP DEVELOPER WITH WORDPRESS,0,0,0.9999377131462097,6.22868537902832e-05,0.1,1,BERT:bert_class_weighted,Class weight
280,emscad_02143,"Valor Services provides Workforce Solutions that meet the needs of companies across the Private Sector, with a special f",Hot Shot Truck Driver,0,0,0.999945878982544,5.412101745605469e-05,0.1,1,BERT:bert_class_weighted,Class weight
281,emscad_02148,We’re always looking for highly motivated “founder-types” to join us as we grow. Here’s what you need to know.,Accounting Associate,0,0,0.9999168515205383,8.314847946166992e-05,0.1,1,BERT:bert_class_weighted,Class weight
282,emscad_02150,"As augmented reality jobs go, one at Blippar is hard to beat. We are a rapidly expanding creative startup at the forefro",Blipp Developer - TK,0,0,0.9999426007270813,5.739927291870117e-05,0.1,1,BERT:bert_class_weighted,Class weight
283,emscad_02162,"Talented IT, Inc is a global business and technology consulting firm that partners with clients to achieve breakthrough ",MES(Manufacturing Execution System) Pre-Sales,0,0,0.9998409748077393,0.0001590251922607422,0.1,1,BERT:bert_class_weighted,Class weight
284,emscad_02165,NOW: Pensions is a UK based multi-employer trust serving thousands of employers and hundreds of thousands of employees f,Client Support Advisor - Pensions,0,0,0.9999391436576843,6.085634231567383e-05,0.1,1,BERT:bert_class_weighted,Class weight
285,emscad_02167,"Wiivv is an innovative athletic wearables company based in Vancouver, Canada and Palo Alto, California. It lies at the c",CAD Designer | 3D Printing,0,0,0.999946117401123,5.3882598876953125e-05,0.1,1,BERT:bert_class_weighted,Class weight
286,emscad_02169,"Roland & Associates is a Corporate Recruitment Organization providing solutions to Global MNCs in US, Middle East & Asia",Senior Java jobs in Ohio,0,0,0.9999473094940186,5.269050598144531e-05,0.1,1,BERT:bert_class_weighted,Class weight
287,emscad_02177,NFP is a leader in the delivery of benefits solutions for companies of all sizes and in the delivery of life insurance a,Wellness Coordinator,0,0,0.9999227523803711,7.724761962890625e-05,0.1,1,BERT:bert_class_weighted,Class weight
288,emscad_02178,"Olabord is an experience centric, location based, mobile app. It's a mobile meeting point for people sharing the same re",iOS Mobile Developer,0,0,0.9999357461929321,6.42538070678711e-05,0.1,1,BERT:bert_class_weighted,Class weight
289,emscad_02182,"Novitex Enterprise Solutions, formerly Pitney Bowes Management Services, delivers innovative document and communications",Customer Service Associate,0,0,0.9999426007270813,5.739927291870117e-05,0.1,1,BERT:bert_class_weighted,Class weight
290,emscad_02185,"I am looking for goal oriented, business savvy professionals that want to join one of the biggest names in skin care, th",Independent Consultant,0,0,0.9998940229415894,0.00010597705841064453,0.1,1,BERT:bert_class_weighted,Class weight
291,emscad_02193,"Roland & Associates is a Corporate Recruitment Organization providing solutions to Global MNCs in US, Middle East & Asia",Control Engineer jobs in Iowa,0,0,0.999946117401123,5.3882598876953125e-05,0.1,1,BERT:bert_class_weighted,Class weight
292,emscad_02203,incrediblue is busting the myth that boating is only for the rich and famous by enabling any traveller to book an amazin,Key Account Manager - Spain,0,0,0.9999410510063171,5.894899368286133e-05,0.1,1,BERT:bert_class_weighted,Class weight
293,emscad_02206,"ClarusApex is an international recruiting company with representations in the Netherlands, Austria, Ukraine, Cyprus and ",Waitress-barista in Four Points Sheraton,0,0,0.9999391436576843,6.085634231567383e-05,0.1,1,BERT:bert_class_weighted,Class weight
294,emscad_02212,"We're Food52, and we've created a groundbreaking and award-winning cooking site. We support, connect, and celebrate home",Editorial Intern,0,0,0.9999251365661621,7.486343383789062e-05,0.1,1,BERT:bert_class_weighted,Class weight
295,emscad_02225,Job Overview,Field Technician,0,0,0.9998936057090759,0.00010639429092407227,0.1,1,BERT:bert_class_weighted,Class weight
296,emscad_02231,Established on the principles that full time education is not for everyone Spectrum Learning is made up of a team of pas,Bristol Fragrance and Beauty Promotional Staff,0,0,0.9999469518661499,5.3048133850097656e-05,0.1,1,BERT:bert_class_weighted,Class weight
297,emscad_02232,Ensight is an international energy design and implementation practice specialising in sophisticated whole-of-business en,GRADUATE PROJECT ENGINEER(Energy Efficiency),0,0,0.9999473094940186,5.269050598144531e-05,0.1,1,BERT:bert_class_weighted,Class weight
298,emscad_02234,"The Aguilar Group is a nationwide search and recruitment agency, dedicated to working with our clients to help them find",Manager Trainee (Dallas),0,0,0.9999432563781738,5.6743621826171875e-05,0.1,1,BERT:bert_class_weighted,Class weight
299,emscad_02248,Digital Ad Sales Account Executive Experience : 2 - 7 years Location : San Franscisco,Account Executive/Digital Ad Sales,0,0,0.999879002571106,0.00012099742889404297,0.1,1,BERT:bert_class_weighted,Class weight
300,emscad_02254,"We are Netguru and we love to develop web application based on Ruby On Rails framework. We value quality, transparent co",Ruby on Rails Developer @netguru,0,0,0.9999410510063171,5.894899368286133e-05,0.1,1,BERT:bert_class_weighted,Class weight
301,emscad_02262,"We're an emerging technology agency, and we build breakthrough products through user-centered design. We're building a t",Contract QA Engineer,0,0,0.99994957447052,5.042552947998047e-05,0.1,1,BERT:bert_class_weighted,Class weight
302,emscad_02266,"At Total Eclipse we create fun, original, and addictive games that are easy to learn yet hard to master. We have a stron",Android NDK Developer,0,0,0.9999417066574097,5.829334259033203e-05,0.1,1,BERT:bert_class_weighted,Class weight
303,emscad_02270,"Entry level Software Developer Location : Atlanta, Georgia Experience : 1-2 years",Jr web developer,0,0,0.9998831748962402,0.00011682510375976562,0.1,1,BERT:bert_class_weighted,Class weight
304,emscad_02285,"Delivering superior customer services for over 10 years, IBEX Global is a business process outsourcer offering an integr",Advisor-Inbound Technical,0,0,0.9998528957366943,0.00014710426330566406,0.1,1,BERT:bert_class_weighted,Class weight
305,emscad_02286,"Ryanair is Europe’s favourite low fares airline, operating more than 1,600 daily flights (over 500,000 per year) from 69",Database Administration Engineer DBA,0,0,0.9999326467514038,6.73532485961914e-05,0.1,1,BERT:bert_class_weighted,Class weight
306,emscad_02289,"Jr. QA Engineer Experience :1-5 years Location : Atlanta, Georgia",QA Engineer,0,0,0.9998266696929932,0.00017333030700683594,0.1,1,BERT:bert_class_weighted,Class weight
307,emscad_02300,"SRS are a leading provider in the recruitment of staff for the hospitality, security and cleaning industries. We have hi",SIA security,0,0,0.9998500347137451,0.0001499652862548828,0.1,1,BERT:bert_class_weighted,Class weight
308,emscad_02321,Vision Solutions a dynamic startup developing innovative and integrated enterprise software solutions is seeking profess,Software Engineer,0,0,0.9992070198059082,0.0007929801940917969,0.1,1,BERT:bert_class_weighted,Class weight
309,emscad_02323,Why CSD?,UI Developer,0,0,0.9999369978904724,6.300210952758789e-05,0.1,1,BERT:bert_class_weighted,Class weight
310,emscad_02332,EROAD was established to modernise New Zealand’s paper-based RUC regime and in 2009 launched the world’s first GPS/cellu,Talent Sourcing Specialist,0,0,0.9999471306800842,5.2869319915771484e-05,0.1,1,BERT:bert_class_weighted,Class weight
311,emscad_02344,Ready to let your star shine? Discover the career you’ve been dreaming about at AvaStars where...,Star (Retail Associate) - St. Louis Galleria,0,0,0.999943733215332,5.626678466796875e-05,0.1,1,BERT:bert_class_weighted,Class weight
312,emscad_02350,ding* is the world’s largest top-up provider. Created to help people working abroad to support and keep in touch with lo,Business Development Executive Spain,0,0,0.999938428401947,6.157159805297852e-05,0.1,1,BERT:bert_class_weighted,Class weight
313,emscad_02352,The Beans Group is a media company that exists to empower young people to thrive. We have been on an exponential growth ,Event Sales Executive,0,0,0.9999400973320007,5.990266799926758e-05,0.1,1,BERT:bert_class_weighted,Class weight
314,emscad_02354,Established on the principles that full time education is not for everyone Spectrum Learning is made up of a team of pas,Apprentice Office Administrator 16-18 Year Olds Only,0,0,0.9999475479125977,5.245208740234375e-05,0.1,1,BERT:bert_class_weighted,Class weight
315,emscad_02357,Job Overview,Landscaping & Light Construction Technician,0,0,0.9998919367790222,0.0001080632209777832,0.1,1,BERT:bert_class_weighted,Class weight
316,emscad_02361,"Goodmates is a studio for digital communication with the three main pillars strategy, conception and design. We believe ",Junior Account Manager (f/m),0,0,0.9999366998672485,6.330013275146484e-05,0.1,1,BERT:bert_class_weighted,Class weight
317,emscad_02370,The story of the Great Chicago Fire of 1871 isn’t really about the fire. It’s about what happened next: A remarkable mom,SQL Developer - BigTime Software,0,0,0.9999441504478455,5.5849552154541016e-05,0.1,1,BERT:bert_class_weighted,Class weight
318,emscad_02387,X1 Group helps startups and tech companies push their businesses forward by setting up long-term dedicated development t,QA Engineer,0,0,0.9999377131462097,6.22868537902832e-05,0.1,1,BERT:bert_class_weighted,Class weight
319,emscad_02390,"Trinity Presbyterian Church is a community that seeks to share in God's renewal of all things—our life with God, our own",Ministry Assistant,0,0,0.999869704246521,0.0001302957534790039,0.1,1,BERT:bert_class_weighted,Class weight
320,emscad_02396,Social Media Share Button that Creates Income for Websites and Blogs.,Marketeer,0,0,0.9998984932899475,0.00010150671005249023,0.1,1,BERT:bert_class_weighted,Class weight
321,emscad_02400,Role: Linux System Admin,Linux System Admin || Uniondale NY or Herndon VA || 4+ Months ||,0,1,0.00048828125,0.99951171875,0.1,0,BERT:bert_class_weighted,Class weight
322,emscad_02401,"Joy Aether is a leading provider of mobile business solutions, based on iPhone, Android, iPad, and other platforms. We f",Summer Internship Program: Quality Assurance Engineer in Mobile Apps,0,0,0.9999434947967529,5.650520324707031e-05,0.1,1,BERT:bert_class_weighted,Class weight
323,emscad_02423,SDI Marketing started in 1988 as a small marketing agency with one simple philosophy: make our client's business our bus,Mystery Shopper - Ohio,0,0,0.9999508857727051,4.9114227294921875e-05,0.1,1,BERT:bert_class_weighted,Class weight
324,emscad_02424,"SummaView is een jong bedrijf uit Amersfoort die mensen, kennis en software levert ophet snijvlak van controlling en Bus",OUD 3: SummaView zoekt een Senior Developer,0,0,0.9999454617500305,5.453824996948242e-05,0.1,1,BERT:bert_class_weighted,Class weight
325,emscad_02434,Aptitude Staffing Solutions has redesigned the recruiting wheel. Our innovative new platform cuts the recruiting time in,Director of Technical Operations,1,1,0.0,1.0,0.1,1,BERT:bert_class_weighted,Class weight
326,emscad_02436,"MAP Digital: MetaMeetings is a digital events agency. We elevate participants experience onsite and on the Web, enhance ",Software Developer Ruby on Rails,0,0,0.9999467134475708,5.328655242919922e-05,0.1,1,BERT:bert_class_weighted,Class weight
327,emscad_02457,Pardon Services Canada is a national legal services company established in 1989.We serve as an advocate for Canadians wi,Sales Manager,0,0,0.9999379515647888,6.204843521118164e-05,0.1,1,BERT:bert_class_weighted,Class weight
328,emscad_02462,"WillDom is a top notch IT Outsourcing Business Ecosystem, where each member contributes in creating world class value. W",MS Dynamics AX Developer,0,0,0.9999212622642517,7.873773574829102e-05,0.1,1,BERT:bert_class_weighted,Class weight
329,emscad_02470,"As augmented reality jobs go, one at Blippar is hard to beat. We are a rapidly expanding creative startup at the forefro",Business Development Director - Augmented Reality,0,0,0.9999454617500305,5.453824996948242e-05,0.1,1,BERT:bert_class_weighted,Class weight
330,emscad_02471,We’re looking for a web designer with a passion for web to help us create great products and make our clients happy.,Web Designer,0,0,0.9999379515647888,6.204843521118164e-05,0.1,1,BERT:bert_class_weighted,Class weight
331,emscad_02490,"УУРРАА - технологическая компания, работающая в сфере B2B в России.",Mobile Product Manager,0,0,0.9999307990074158,6.920099258422852e-05,0.1,1,BERT:bert_class_weighted,Class weight
332,emscad_02499,Established on the principles that full time education is not for everyone Spectrum Learning is made up of a team of pas,RH10 9ET Customer Service Apprenticeship 16-18 Year Olds Only,0,0,0.9999396204948425,6.03795051574707e-05,0.1,1,BERT:bert_class_weighted,Class weight
333,emscad_02512,Want to make a difference?,Product Manager,0,0,0.9998584985733032,0.00014150142669677734,0.1,1,BERT:bert_class_weighted,Class weight
334,emscad_02519,Electro-Mechanical Technician,Electro-Mechanical Technician/ $23hr,0,0,0.9993834495544434,0.0006165504455566406,0.1,1,BERT:bert_class_weighted,Class weight
335,emscad_02523,Seeking a Litigation Attorney with 3+ years of experience in general civil litigation for an outstanding opportunity in ,Litigation Attorney - East Texas,0,0,0.9998111724853516,0.0001888275146484375,0.1,1,BERT:bert_class_weighted,Class weight
336,emscad_02525,"Back office medical assistant for a busy PM&R practice in the east valley. We are looking for warm, friendly people that",Medical Assistant,0,0,0.9998956918716431,0.0001043081283569336,0.1,1,BERT:bert_class_weighted,Class weight
337,emscad_02527,Wedo is a collection of niched e-commerce stores which aim to be the first destination for online shoppers buying in the,Ecommerce Assistant / Junior Merchandiser,0,0,0.9999184608459473,8.153915405273438e-05,0.1,1,BERT:bert_class_weighted,Class weight
338,emscad_02533,Kettle is an independent digital agency based in New York City and the Bay Area. We’re committed to making digital do mo,"OF | UI DESIGNER, MOBILE APP",0,0,0.9999366998672485,6.330013275146484e-05,0.1,1,BERT:bert_class_weighted,Class weight
339,emscad_02535,schooX is a Social Academy where anyone can teach and learn online. Learners can attend online courses and build a stron,ASP.NET Developer,0,0,0.9999423623085022,5.7637691497802734e-05,0.1,1,BERT:bert_class_weighted,Class weight
340,emscad_02537,"Valor Services provides Workforce Solutions that meet the needs of companies across the Private Sector, with a special f",Sr. Headhunter,0,0,0.9999452233314514,5.4776668548583984e-05,0.1,1,BERT:bert_class_weighted,Class weight
341,emscad_02553,Human capital is usually the biggest asset and expense for a company. Making the right hire – the first time – is critic,Enterprise Account Executive,0,0,0.999943733215332,5.626678466796875e-05,0.1,1,BERT:bert_class_weighted,Class weight
342,emscad_02555,Web and iOS development shop based in Warsaw. We have worked with clients like Pinterest or Tagasauris. We can fill a ro,Marketing Manager,0,0,0.9999454617500305,5.453824996948242e-05,0.1,1,BERT:bert_class_weighted,Class weight
343,emscad_02567,BI Developer - Analyst,BI Developer - Analyst,0,0,0.9998944401741028,0.0001055598258972168,0.1,1,BERT:bert_class_weighted,Class weight
344,emscad_02572,ReadyCache is a premier fast growing technology company. We have pioneered a web acceleration platform. Our cloud based ,Business Development,0,0,0.9999426007270813,5.739927291870117e-05,0.1,1,BERT:bert_class_weighted,Class weight
345,emscad_02586,Job Overview,Wastewater Technician,0,0,0.9998880624771118,0.0001119375228881836,0.1,1,BERT:bert_class_weighted,Class weight
346,emscad_02587,"Based in Hoxton, London, Forward Partners are a “startup catalyst”, combining investment with practical hands-on experti",Head of Talent at Forward Partners,0,0,0.9999489784240723,5.1021575927734375e-05,0.1,1,BERT:bert_class_weighted,Class weight
347,emscad_02588,"roundpeg's focus is web application development for the Internet. Unlike many larger interactive firms, roundpeg is devo",Creative UX/UI Director,0,0,0.9999462962150574,5.370378494262695e-05,0.1,1,BERT:bert_class_weighted,Class weight
348,emscad_02596,"Vend is looking for some awesome new talent to come join us. You'll be working in an awesome team doing awesome things, ",Front-End Developers,0,0,0.9999412298202515,5.8770179748535156e-05,0.1,1,BERT:bert_class_weighted,Class weight
349,emscad_02599,"Pricing Recruiters is the leading global resource for the procurement, vetting and placement of qualified, pricing and p","Best Buy - Director, Pricing Strategy and Capability Design Job",0,0,0.9999357461929321,6.42538070678711e-05,0.1,1,BERT:bert_class_weighted,Class weight
350,emscad_02601,"Westview Financial Services , located in Virginia Beach, VA has a full-time ASSISTANT MANAGER position available immedia",Assistant Manager,0,0,0.9999068379402161,9.316205978393555e-05,0.1,1,BERT:bert_class_weighted,Class weight
351,emscad_02604,"Sr, JavaScript Developer Experience : 4-10 years Location : New York",Sr. JavaScript Developer,0,0,0.9999291300773621,7.086992263793945e-05,0.1,1,BERT:bert_class_weighted,Class weight
352,emscad_02615,"Electus believes in long-term relationships with our candidates. We provide a combination of recruiting expertise, data,",Director of Enrollment,0,0,0.9999374747276306,6.252527236938477e-05,0.1,1,BERT:bert_class_weighted,Class weight
353,emscad_02619,"Quality accommodations, exceptional service, memorable destinations, Beck Company Hotels has been committed to excellenc",Hotel Housekeeper,0,0,0.9999359846115112,6.401538848876953e-05,0.1,1,BERT:bert_class_weighted,Class weight
354,emscad_02626,"Social Media has the power to shape, educate and grow amazing organisations across the world. We're on a mission to make",Digital Marketing,0,0,0.9999242424964905,7.575750350952148e-05,0.1,1,BERT:bert_class_weighted,Class weight
355,emscad_02632,"True Shabu is a new restaurant in Anaheim Hills, California offering fresh and delicious ""shabu-shabu"" hot pot cuisine w",Dishwasher,0,0,0.9999398589134216,6.014108657836914e-05,0.1,1,BERT:bert_class_weighted,Class weight
356,emscad_02636,Established on the principles that full time education is not for everyone Spectrum Learning is made up of a team of pas,Central London Fragrance and Beauty Promotional Staff,0,0,0.9999432563781738,5.6743621826171875e-05,0.1,1,BERT:bert_class_weighted,Class weight
357,emscad_02643,Job Description-,Key Account Manager,0,0,0.9997766017913818,0.00022339820861816406,0.1,1,BERT:bert_class_weighted,Class weight
358,emscad_02645,"Based in Hoxton, London, Forward Partners are a “startup catalyst”, combining investment with practical hands-on experti",Intern at Lexoo.co.uk a Legal Tech Startup,0,0,0.9999505281448364,4.947185516357422e-05,0.1,1,BERT:bert_class_weighted,Class weight
359,emscad_02650,"Populist Cleaning Co. is an independently owned, full-service commercial cleaning company. Populist has been providing j",Part Time Cleaner- Livonia/Farmington Hills,0,0,0.9999469518661499,5.3048133850097656e-05,0.1,1,BERT:bert_class_weighted,Class weight
360,emscad_02672,We the Medical Recruitment Team of Roland and Associates,Consultant Vascular Surgeon Job in Saudi Arabia,0,0,0.9999439120292664,5.608797073364258e-05,0.1,1,BERT:bert_class_weighted,Class weight
361,emscad_02676,"Quality accommodations, exceptional service, memorable destinations, Beck Company Hotels has been committed to excellenc",Hotel Front Desk Clerk,0,0,0.9999282956123352,7.170438766479492e-05,0.1,1,BERT:bert_class_weighted,Class weight
362,emscad_02687,Experienced HR professional with good management skills for an IT company. Job Responsibilities End to end Recruitment P,HR Executive,0,0,0.999626636505127,0.0003733634948730469,0.1,1,BERT:bert_class_weighted,Class weight
363,emscad_02703,EROAD was established to modernise New Zealand’s paper-based RUC regime and in 2009 launched the world’s first GPS/cellu,Mobile Developer,0,0,0.9999423623085022,5.7637691497802734e-05,0.1,1,BERT:bert_class_weighted,Class weight
364,emscad_02714,"ClarusApex is an international recruiting company with representations in the Netherlands, Austria, Ukraine, Cyprus and ",Ruby / Java Developer,0,0,0.9999465346336365,5.346536636352539e-05,0.1,1,BERT:bert_class_weighted,Class weight
365,emscad_02718,"SpotSource Solutions LLC is a Global Human Capital Management Consulting firm headquartered in Miami, Florida. Founded i",Front-End Web Developer,0,0,0.999950110912323,4.988908767700195e-05,0.1,1,BERT:bert_class_weighted,Class weight
366,emscad_02728,"УУРРАА - технологическая компания, работающая в сфере B2B в России.",Web designer,0,0,0.9999331831932068,6.681680679321289e-05,0.1,1,BERT:bert_class_weighted,Class weight
367,emscad_02730,VisaHQ hires a diverse and internationally minded staff of professional and reliable employees who are dedicated to brea,Visa Specialist,0,0,0.9999096989631653,9.03010368347168e-05,0.1,1,BERT:bert_class_weighted,Class weight
368,emscad_02742,Roka Security is a boutique security firm that specializes in full-scale network protection and defending against advanc,Sales / Business Development Director,0,0,0.9999107718467712,8.922815322875977e-05,0.1,1,BERT:bert_class_weighted,Class weight
369,emscad_02752,At Qualco we create technology to help our customers drive their business forward. We develop innovative software soluti,.NET Software Engineer,0,0,0.9999414682388306,5.8531761169433594e-05,0.1,1,BERT:bert_class_weighted,Class weight
370,emscad_02756,Title: Senior Citrix Engineer (100% Travel) Duration:2 Months (Possibility of extension),Sr. Citrix Engineer,0,0,0.999730110168457,0.00026988983154296875,0.1,1,BERT:bert_class_weighted,Class weight
371,emscad_02779,Chief Executive Officer needed for general acute care hospital in Southern West Virginia location. Candidates must have ,"Chief Executive Officer, CEO, hospital",0,0,0.9998433589935303,0.00015664100646972656,0.1,1,BERT:bert_class_weighted,Class weight
372,emscad_02792,We’re not doctors. We are geeks who understand doctors.,VP Business Development,0,0,0.9998681545257568,0.00013184547424316406,0.1,1,BERT:bert_class_weighted,Class weight
373,emscad_02796,Production Manager to lead experienced staff for successful local printing company to assure customer commitments are me,Production Manager,0,0,0.9993014335632324,0.0006985664367675781,0.1,1,BERT:bert_class_weighted,Class weight
374,emscad_02800,Applied Memetics LLC is a professional services company dedicated to integrating and delivering best practice communicat,"International Broadcaster, Dari and Pashto Languages",0,0,0.9999511241912842,4.887580871582031e-05,0.1,1,BERT:bert_class_weighted,Class weight
375,emscad_02807,Experience Required: 1-3 years Education Required: Bachelors Degree Job Description: Nisum Technologies is an e-commerce,BI DATA WAREHOUSE PL/SQL ENGINEER,0,0,0.9998968839645386,0.00010311603546142578,0.1,1,BERT:bert_class_weighted,Class weight
376,emscad_02815,"Expedited Recruiting, LLC is a transportion recruiting firm that is hired by firms to perform their entire internal recr",Class A OTR Driver Home Every W/End,0,0,0.9999161958694458,8.380413055419922e-05,0.1,1,BERT:bert_class_weighted,Class weight
377,emscad_02818,EUROPEAN DYNAMICS (#URL_c66532ffa1ce76ab447da6774719060c42c584edbf44d74cdb94fc4ac219ca45#) is a leading European Softwar,IT Security Consultant,0,0,0.9999339580535889,6.604194641113281e-05,0.1,1,BERT:bert_class_weighted,Class weight
378,emscad_02827,"Goldstar is the world’s largest online seller of half-price tickets to live theater, concerts, comedy and sports. We exe","Venue Relations Manager, Developing Markets Team",0,0,0.9999465346336365,5.346536636352539e-05,0.1,1,BERT:bert_class_weighted,Class weight
379,emscad_02833,"Westview Financial Services , located in Hampton, VA has a full-time ASSISTANT MANAGER position available immediately. O",Assistant Manager,0,0,0.9999035000801086,9.649991989135742e-05,0.1,1,BERT:bert_class_weighted,Class weight
380,emscad_02840,"Vendor Relations Associate (Ronkonkoma, NY)",Vendor Relations Associate,0,0,0.9925537109375,0.0074462890625,0.1,1,BERT:bert_class_weighted,Class weight
381,emscad_02843,Axonix is a global mobile advertising technology company that's powered by a platform with a 4 year history of leading t,QA Engineer,0,0,0.9999452233314514,5.4776668548583984e-05,0.1,1,BERT:bert_class_weighted,Class weight
382,emscad_02858,"Places Senior Technology and Data professionals nationwide with a focus on Software Engineering, Big Data, Analytics, Bu",Director of Training,0,0,0.9998161792755127,0.0001838207244873047,0.1,1,BERT:bert_class_weighted,Class weight
383,emscad_02859,"Novitex Enterprise Solutions, formerly Pitney Bowes Management Services, delivers innovative document and communications",Customer Service Associate,0,0,0.9999443888664246,5.561113357543945e-05,0.1,1,BERT:bert_class_weighted,Class weight
384,emscad_02863,Wedo is a collection of niched e-commerce stores which aim to be the first destination for online shoppers buying in the,PHP / LAMP / Magento / Symfony / Zend Developer,0,0,0.9999432563781738,5.6743621826171875e-05,0.1,1,BERT:bert_class_weighted,Class weight
385,emscad_02879,"Novitex Enterprise Solutions, formerly Pitney Bowes Management Services, delivers innovative document and communications",Customer Service Associate,0,0,0.9999485611915588,5.143880844116211e-05,0.1,1,BERT:bert_class_weighted,Class weight
386,emscad_02890,Applied Memetics LLC is a professional services company dedicated to integrating and delivering best practice communicat,"International Broadcaster, Ukrainian Language",0,0,0.9999487400054932,5.125999450683594e-05,0.1,1,BERT:bert_class_weighted,Class weight
387,emscad_02898,"Since 2005, American Secured Benefits, a leading financial planning and insurance brokerage company, has helped thousand",Support Team Member,1,1,0.0048828125,0.9951171875,0.1,1,BERT:bert_class_weighted,Class weight
388,emscad_02906,Mindworks interactive is one of the fastest growing Digital Agencies and the leading Performance Marketing Agency in Gre,Junior Digital Account / Project Manager,0,0,0.9999450445175171,5.4955482482910156e-05,0.1,1,BERT:bert_class_weighted,Class weight
389,emscad_02907,Shape the Future.,Accounts Assistant,0,0,0.9999430775642395,5.692243576049805e-05,0.1,1,BERT:bert_class_weighted,Class weight
390,emscad_02914,Want to build a 21st century financial service?,Core Product Manager,0,0,0.9999128580093384,8.71419906616211e-05,0.1,1,BERT:bert_class_weighted,Class weight
391,emscad_02922,Description of the Church Administrative Assistant,Church Administrator/ Secretary,1,1,0.72998046875,0.27001953125,0.1,1,BERT:bert_class_weighted,Class weight
392,emscad_02924,Applied Memetics LLC is a professional services company dedicated to integrating and delivering best practice communicat,"International Broadcaster, Learning English Service",0,0,0.999947726726532,5.227327346801758e-05,0.1,1,BERT:bert_class_weighted,Class weight
393,emscad_02934,100mentors answers the question: « What do you want to be in 5 years ?»,Software Developer,0,0,0.9999344348907471,6.556510925292969e-05,0.1,1,BERT:bert_class_weighted,Class weight
394,emscad_02956,Our client is a Swedish game studio developing innovative video slots for the free to play social and the online gamblin,MOBILE GAME DEVELOPER,0,0,0.9999111294746399,8.887052536010742e-05,0.1,1,BERT:bert_class_weighted,Class weight
395,emscad_02973,"Tidewater Finance Co. was established in 1992 for the initial purpose of purchasing, and servicing retail installment co",Collections Account Representatives,0,0,0.9999386668205261,6.133317947387695e-05,0.1,1,BERT:bert_class_weighted,Class weight
396,emscad_02978,We have Entry Level and Experienced Level positions available! Job Purpose: Maintains database by entering new and updat,Administrative Assistant/Customer Service,1,1,0.0,1.0,0.1,1,BERT:bert_class_weighted,Class weight
397,emscad_02980,"""Our mission to our clients is to preserve their independence, enhance their quality of life, promote health & wellbeing",Caregiver-Lawton,0,0,0.999925434589386,7.456541061401367e-05,0.1,1,BERT:bert_class_weighted,Class weight
398,emscad_02981,Applied Memetics LLC is a professional services company dedicated to integrating and delivering best practice communicat,"International Broadcaster, Serbian Language",0,0,0.9999491572380066,5.08427619934082e-05,0.1,1,BERT:bert_class_weighted,Class weight
399,emscad_02982,Pioneering advanced analytics vendor RapidMiner is redefining how business analysts use Big Data to predict the future. ,User Interface Engineer,0,0,0.9999505281448364,4.947185516357422e-05,0.1,1,BERT:bert_class_weighted,Class weight
400,emscad_02987,"Minimedia is a new media company based in Athens, Greece. It",Senior Web Producer,0,0,0.9999417066574097,5.829334259033203e-05,0.1,1,BERT:bert_class_weighted,Class weight
401,emscad_03003,Ravenshoe is a full-service digital and retail marketing company. We're obsessed about growing businesses and brands. We,Junior Web Coder/Programmer,0,0,0.999944806098938,5.519390106201172e-05,0.1,1,BERT:bert_class_weighted,Class weight
402,emscad_03010,Visual BI is one of the leading and fastest growing firms focusing exclusively on BI & Analytics. Our offerings cover en,SAP BI/HANA Managing Consultant,0,0,0.9999485611915588,5.143880844116211e-05,0.1,1,BERT:bert_class_weighted,Class weight
403,emscad_03014,"Hi,",Sr. Java Developer,0,0,0.9998190402984619,0.00018095970153808594,0.1,1,BERT:bert_class_weighted,Class weight
404,emscad_03019,Network and Security Architect - Global - CISCO - CCIE A fantastic and highly rewarding opportunity for an experienced N,Network & Security Architect,0,0,0.9998961091041565,0.00010389089584350586,0.1,1,BERT:bert_class_weighted,Class weight
405,emscad_03031,"- Design, program mobile apps for Android/iOS.",mobile apps for Android/iOS developer,0,0,0.9998618364334106,0.00013816356658935547,0.1,1,BERT:bert_class_weighted,Class weight
406,emscad_03038,Position : Economist Manager Job Location : United States-District of Columbia-Washington Us work status required : H1B ,Economist Manager Job opportunity at Washington,0,0,0.9998204708099365,0.00017952919006347656,0.1,1,BERT:bert_class_weighted,Class weight
407,emscad_03039,"Certoid is an identity, impersonation and reputation network. The area: Software Engineering Our engineers develop the n",Back End Software Engineer (Junior),0,0,0.9999372363090515,6.276369094848633e-05,0.1,1,BERT:bert_class_weighted,Class weight
408,emscad_03043,"Job Summary: Plans, conducts, and directs mechanical portion of engineering projects of",Senior Mechanical Engineer,0,1,0.00341796875,0.99658203125,0.1,0,BERT:bert_class_weighted,Class weight
409,emscad_03049,"We are an international niche technology company that focuses on the research, design and development of innovative IT s",Senior JAVA developer,0,0,0.9999434947967529,5.650520324707031e-05,0.1,1,BERT:bert_class_weighted,Class weight
410,emscad_03066,"National Capitol Contracting, LLC (NCC) , established in 2002 and headquartered in Arlington, VA, is an SBA-certified 8(",Video Teleconferencing Engineer VTC,0,0,0.9972858428955078,0.0027141571044921875,0.1,1,BERT:bert_class_weighted,Class weight
411,emscad_03070,Adthena is the UK’s leading competitive intelligence service for Google search advertisers. Adthena is loved by major br,Business development Representative,0,0,0.9999417066574097,5.829334259033203e-05,0.1,1,BERT:bert_class_weighted,Class weight
412,emscad_03079,"PINT is a leader in the web industry with 20 years of web design, software development and consulting experience. PINT's",Sales Professional - Web and SaaS Sales,0,0,0.9999485611915588,5.143880844116211e-05,0.1,1,BERT:bert_class_weighted,Class weight
413,emscad_03090,A well-known law firm has a long term contract job opportunity in their Orange County office for an Intellectual Propert,Intellectual Property Litigation Secretary Job in Orange County,0,0,0.9999096989631653,9.03010368347168e-05,0.1,1,BERT:bert_class_weighted,Class weight
414,emscad_03093,"Novitex Enterprise Solutions, formerly Pitney Bowes Management Services, delivers innovative document and communications",Customer Service Associate,0,0,0.9999465346336365,5.346536636352539e-05,0.1,1,BERT:bert_class_weighted,Class weight
415,emscad_03098,Applied Memetics LLC is a professional services company dedicated to integrating and delivering best practice communicat,"Webmaster, English to South Sudan Service",0,0,0.9999511241912842,4.887580871582031e-05,0.1,1,BERT:bert_class_weighted,Class weight
416,emscad_03103,Multi-Tiered Animal Rescue & Education Solution dedicated to saving as many animals as possible!,Civic Liaison,0,0,0.999929666519165,7.033348083496094e-05,0.1,1,BERT:bert_class_weighted,Class weight
417,emscad_03107,Applied Memetics LLC is a professional services company dedicated to integrating and delivering best practice communicat,"Producer, Zimbabwe",0,0,0.9999511241912842,4.887580871582031e-05,0.1,1,BERT:bert_class_weighted,Class weight
418,emscad_03110,BorrowMyDoggy is an online community that connects dog owners with trusted local people who will help look after their d,Designer (Print & Digital),0,0,0.9999366998672485,6.330013275146484e-05,0.1,1,BERT:bert_class_weighted,Class weight
419,emscad_03116,Fabrily makes it easy for campaigners/communities/charities/causes/artists. etc... to raise funds and awareness with cus,Wanted: Creative and Motivated Graphic Design Intern - Freelance,0,0,0.9999372363090515,6.276369094848633e-05,0.1,1,BERT:bert_class_weighted,Class weight
420,emscad_03143,"Quick2LAUNCH has developed an online platform for presentation design, storage, and collaboration. Using the Quick2LAUNC",Graphic Designer,0,0,0.9999428391456604,5.716085433959961e-05,0.1,1,BERT:bert_class_weighted,Class weight
421,emscad_03144,"If you’re looking to start a career at a fast-paced, innovative company with tons of opportunity, then look no further t",Sales and Marketing Analyst Intern,0,0,0.9999071955680847,9.28044319152832e-05,0.1,1,BERT:bert_class_weighted,Class weight
422,emscad_03154,Established on the principles that full time education is not for everyone Spectrum Learning is made up of a team of pas,WF14 8NA Warehousing Apprenticeship Under NAS 16-18 Year Olds Only,0,0,0.9999471306800842,5.2869319915771484e-05,0.1,1,BERT:bert_class_weighted,Class weight
423,emscad_03155,"90 Seconds, the worlds Cloud Video Production Service.",Senior Sales Executive,0,0,0.9999473094940186,5.269050598144531e-05,0.1,1,BERT:bert_class_weighted,Class weight
424,emscad_03160,"Cleanly is the easiest way to get laundry done. At the tap of a button, users can schedule an order and have a Cleanly V",Operations & Logistics Manager,0,0,0.999919056892395,8.094310760498047e-05,0.1,1,BERT:bert_class_weighted,Class weight
425,emscad_03166,"We're Food52, and we've created a groundbreaking and award-winning cooking site. We support, connect, and celebrate home",Editorial Intern,0,0,0.9999224543571472,7.75456428527832e-05,0.1,1,BERT:bert_class_weighted,Class weight
426,emscad_03170,"We are specialized in HR consulting, sourcing PhD, MSc & MEng professionals on permanent and contract level positions ac",Product Engineer,0,0,0.9999012351036072,9.876489639282227e-05,0.1,1,BERT:bert_class_weighted,Class weight
427,emscad_03179,We have:,Professional Sales Rep.,0,0,0.9997602701187134,0.0002397298812866211,0.1,1,BERT:bert_class_weighted,Class weight
428,emscad_03185,Infogram is the data visualization product that brings out the best in your data. Our infographics and charts are quick ,Business Development Representative,0,0,0.9999354481697083,6.455183029174805e-05,0.1,1,BERT:bert_class_weighted,Class weight
429,emscad_03192,We Provide Full Time Permanent Positions for many medium to large US companies. We are interested in finding/recruiting ,Quality Assurance Engineer,0,0,0.9999328851699829,6.711483001708984e-05,0.1,1,BERT:bert_class_weighted,Class weight
430,emscad_03205,"Newmedica is a dynamic, innovative UK healthcare company that works in partnership with the NHS to deliver specialist cl","Clinic Assistant, Kingston",0,0,0.9999489784240723,5.1021575927734375e-05,0.1,1,BERT:bert_class_weighted,Class weight
431,emscad_03210,Benefits,DATA SCIENTIST,0,0,0.9997062683105469,0.000293731689453125,0.1,1,BERT:bert_class_weighted,Class weight
432,emscad_03218,Job description,iOS Lead Developer,0,0,0.9999445676803589,5.543231964111328e-05,0.1,1,BERT:bert_class_weighted,Class weight
433,emscad_03222,"We are a young startup, offering a unique marketing tool for companies to broadcast themselves through a mobile app. We ",Mobile apps developer,0,0,0.9999430775642395,5.692243576049805e-05,0.1,1,BERT:bert_class_weighted,Class weight
434,emscad_03238,We are looking for an Android Developer who will help us create a map based application for one of the largest telecommu,Android Developer,0,0,0.9998528957366943,0.00014710426330566406,0.1,1,BERT:bert_class_weighted,Class weight
435,emscad_03245,Established on the principles that full time education is not for everyone Spectrum Learning is made up of a team of pas,Nuneaton DGV Apprenticeship available under NAS 18 year olds only!,0,0,0.9999456405639648,5.435943603515625e-05,0.1,1,BERT:bert_class_weighted,Class weight
436,emscad_03250,"We are a startup digital agency that is “helping companies make money online” by specializing in AdWords, Analytics and ",Account Manager,0,0,0.9999412298202515,5.8770179748535156e-05,0.1,1,BERT:bert_class_weighted,Class weight
437,emscad_03259,Roka Security is a boutique security firm that specializes in full-scale network protection and defending against advanc,Program Manager,0,0,0.9999111294746399,8.887052536010742e-05,0.1,1,BERT:bert_class_weighted,Class weight
438,emscad_03279,"Our team is made of designers, physics wizards, educators, writers, musicians, and illustrators. We work together to bui",Translation Specialist,0,0,0.99993497133255,6.502866744995117e-05,0.1,1,BERT:bert_class_weighted,Class weight
439,emscad_03288,Frustrated with the status quo?,Graduate Software Engineer - Video,0,0,0.9999505281448364,4.947185516357422e-05,0.1,1,BERT:bert_class_weighted,Class weight
440,emscad_03289,Human capital is usually the biggest asset and expense for a company. Making the right hire – the first time – is critic,Human Resources Director,0,0,0.9999369978904724,6.300210952758789e-05,0.1,1,BERT:bert_class_weighted,Class weight
441,emscad_03295,"Techs are the artisans of Shyp. When our users' items arrive at our warehouse, Shyp Techs transform them into securely a",Shipping & Packing Technician,0,0,0.9999505281448364,4.947185516357422e-05,0.1,1,BERT:bert_class_weighted,Class weight
442,emscad_03302,Are you tired of working in one location? Do you love meeting and interacting with new individuals? Come join SDI Market,sales specialist,0,0,0.9999181032180786,8.189678192138672e-05,0.1,1,BERT:bert_class_weighted,Class weight
443,emscad_03305,"Priocept helps businesses to create digital products and services. We design, build and run web technology platforms for",.NET Software Engineers,0,0,0.9999473094940186,5.269050598144531e-05,0.1,1,BERT:bert_class_weighted,Class weight
444,emscad_03306,Hawkeye Recruitment provides cost effective recruitment advertising solutions to help you cast the widest net to find th,Appliance Technician,0,0,0.9999282956123352,7.170438766479492e-05,0.1,1,BERT:bert_class_weighted,Class weight
445,emscad_03313,Zylun is expanding the recruiting landscape for companies worldwide. We help businesses better compete and increase prof,SALES AGENT (Financial/B2B),0,0,0.9999178051948547,8.219480514526367e-05,0.1,1,BERT:bert_class_weighted,Class weight
446,emscad_03318,The German Entrepreneurship GmbH is looking for experts for BI/Big Data projects (supervision of use cases in the automo,USE CASE MANAGER FOR BI / BIG DATA PROJECTS IN THE AUTOMOTIVE INDUSTRY,0,0,0.9999299645423889,7.003545761108398e-05,0.1,1,BERT:bert_class_weighted,Class weight
447,emscad_03329,The smarter way to invest,Operations Analyst,0,0,0.9999369978904724,6.300210952758789e-05,0.1,1,BERT:bert_class_weighted,Class weight
448,emscad_03337,"This initiative is being led by a very talented, energetic and inspirational group of young Greek leaders called “Global",Internship (Finance),0,0,0.9998964667320251,0.00010353326797485352,0.1,1,BERT:bert_class_weighted,Class weight
449,emscad_03338,Twenty20 is a photography marketplace that's gone from zero to millions of users in our first year. Based in Santa Monic,Sr. Software Engineer,0,0,0.9999471306800842,5.2869319915771484e-05,0.1,1,BERT:bert_class_weighted,Class weight
450,emscad_03375,Mission Statement,Physical Occupational Therapist (Home Health),0,0,0.9999400973320007,5.990266799926758e-05,0.1,1,BERT:bert_class_weighted,Class weight
451,emscad_03376,Ahoy there adventurer! Join us aboard the good ship Locish as we bravely steer our beloved vessel across the ocean of am,iOS Senior Developer,0,0,0.9999221563339233,7.784366607666016e-05,0.1,1,BERT:bert_class_weighted,Class weight
452,emscad_03379,We're looking to change the way the world interacts with email,VP of Engineering,0,0,0.9999386668205261,6.133317947387695e-05,0.1,1,BERT:bert_class_weighted,Class weight
453,emscad_03402,#URL_87bda63e01dbf9c94ca7430d4cbda39cd7c6a388635536d5c0ba4b40533880cf# lets people create interactive mobile app prototy,Inside Sales Representative at Proto.io,0,0,0.9999000430107117,9.995698928833008e-05,0.1,1,BERT:bert_class_weighted,Class weight
454,emscad_03404,"Valor Services provides Workforce Solutions that meet the needs of companies across the Private Sector, with a special f",Technical/Resume Writer,0,0,0.9999393820762634,6.0617923736572266e-05,0.1,1,BERT:bert_class_weighted,Class weight
455,emscad_03408,"Mediascape is a software development company focusing primarily on Web Development, providing top-quality solutions acco",Software Engineer,0,0,0.9999377131462097,6.22868537902832e-05,0.1,1,BERT:bert_class_weighted,Class weight
456,emscad_03423,Job Responsibilities,DATA SCIENTIST,0,0,0.9996774196624756,0.00032258033752441406,0.1,1,BERT:bert_class_weighted,Class weight
457,emscad_03426,"Eyespike started in 2002, and our story has really just begun. From our humble beginnings as a web design and developmen",Marketing Assistant,0,0,0.9999178051948547,8.219480514526367e-05,0.1,1,BERT:bert_class_weighted,Class weight
458,emscad_03427,"We are specialized in HR consulting, sourcing PhD, MSc & MEng professionals on permanent and contract level positions ac",R&D Project Manager Optical Distribution Frames,0,0,0.9997748136520386,0.00022518634796142578,0.1,1,BERT:bert_class_weighted,Class weight
459,emscad_03455,"Valor Services provides Workforce Solutions that meet the needs of companies across the Private Sector, with a special f",Recruiter (Oil and Gas),0,0,0.9999465346336365,5.346536636352539e-05,0.1,1,BERT:bert_class_weighted,Class weight
460,emscad_03456,PowerbyProxi and its customers are leading a revolution to deliver unplugged power. We have changed the way electricity ,Customer Programme Manager,0,0,0.9999522566795349,4.774332046508789e-05,0.1,1,BERT:bert_class_weighted,Class weight
461,emscad_03460,"Brand Apps is a exciting, young company that creates mobile apps to help small businesses promote themselves. We are pas",Mobile App Designer,0,0,0.9999266266822815,7.337331771850586e-05,0.1,1,BERT:bert_class_weighted,Class weight
462,emscad_03462,"Founded in the mid 2000′s, our services include building and management of systems that provide the overall web infrastr",Marketing & Admin Assistant,0,0,0.9999391436576843,6.085634231567383e-05,0.1,1,BERT:bert_class_weighted,Class weight
463,emscad_03464,We are currently looking for a client-focused and results-driven Business Development Manager to join our team.,Business Development Manager,1,0,0.9998266696929932,0.00017333030700683594,0.1,0,BERT:bert_class_weighted,Class weight
464,emscad_03475,"We experiment with new digital products, retail experiences and business models at M&S.com",Software Engineer (Python),0,0,0.9999439120292664,5.608797073364258e-05,0.1,1,BERT:bert_class_weighted,Class weight
465,emscad_03493,"Electus believes in long-term relationships with our candidates. We provide a combination of recruiting expertise, data,",Admissions Counselor,0,0,0.9999242424964905,7.575750350952148e-05,0.1,1,BERT:bert_class_weighted,Class weight
466,emscad_03511,HealthCare California is a locally-owned and operated home health agency providing a variety of home health and medical ,Certified Home Health Aide,0,0,0.9999469518661499,5.3048133850097656e-05,0.1,1,BERT:bert_class_weighted,Class weight
467,emscad_03532,"SpotSource Solutions LLC is a Global Human Capital Management Consulting firm headquartered in Miami, Florida. Founded i",Sales Professional,0,0,0.9999481439590454,5.1856040954589844e-05,0.1,1,BERT:bert_class_weighted,Class weight
468,emscad_03539,"Hi, we are dopios",Community Manager,0,0,0.9998977184295654,0.00010228157043457031,0.1,1,BERT:bert_class_weighted,Class weight
469,emscad_03541,Applied Memetics LLC is a professional services company dedicated to integrating and delivering best practice communicat,"Production Assistant, East Asia Pacific Division Office",0,0,0.9999485611915588,5.143880844116211e-05,0.1,1,BERT:bert_class_weighted,Class weight
470,emscad_03542,"Novitex Enterprise Solutions, formerly Pitney Bowes Management Services, delivers innovative document and communications",Customer Service Associate,0,0,0.9999462962150574,5.370378494262695e-05,0.1,1,BERT:bert_class_weighted,Class weight
471,emscad_03553,Atcom is a world - class software vendor of smart content management products for intelligent interactive media solution,.Net Web Developer,0,0,0.999933660030365,6.633996963500977e-05,0.1,1,BERT:bert_class_weighted,Class weight
472,emscad_03568,"A letter from Kimberly Yorio, Founder/CEO of YC Media",Executive Assistant,0,0,0.9999257326126099,7.426738739013672e-05,0.1,1,BERT:bert_class_weighted,Class weight
473,emscad_03571,"Babbel enables anyone to learn languages in an easy and interactive way. The learning system offers 13 languages, from E",Mobile Developer (iOS),0,0,0.9999315738677979,6.842613220214844e-05,0.1,1,BERT:bert_class_weighted,Class weight
474,emscad_03577,Applied Memetics LLC is a professional services company dedicated to integrating and delivering best practice communicat,"Webmaster, Mandarin Service",0,0,0.9999518394470215,4.8160552978515625e-05,0.1,1,BERT:bert_class_weighted,Class weight
475,emscad_03579,"Website development using Joomla 3 + jreviews + jomsocial, previous experience required",Joomla Developer,0,0,0.999897301197052,0.00010269880294799805,0.1,1,BERT:bert_class_weighted,Class weight
476,emscad_03582,Contentful ( #URL_0252efddcbc4b8f51969fca7b054595976ea4678fd880b3653151e618d447b33# ) is an API-first content management,iOS / Cocoa Developer,0,0,0.9999439120292664,5.608797073364258e-05,0.1,1,BERT:bert_class_weighted,Class weight
477,emscad_03583,#URL_c379aa631173ed5b7c345ab3f500a9a053e509138ca70e52c1088e5a784dc8d7# is a modern online travel agency that was founded,English Speaking Customer Support Representative,0,0,0.9999381899833679,6.181001663208008e-05,0.1,1,BERT:bert_class_weighted,Class weight
478,emscad_03592,"Novitex Enterprise Solutions, formerly Pitney Bowes Management Services, delivers innovative document and communications",Customer Service Associate,0,0,0.9999452233314514,5.4776668548583984e-05,0.1,1,BERT:bert_class_weighted,Class weight
479,emscad_03604,Applied Memetics LLC is a professional services company dedicated to integrating and delivering best practice communicat,"Graphic Artist, Tibetan Service",0,0,0.9999513030052185,4.869699478149414e-05,0.1,1,BERT:bert_class_weighted,Class weight
480,emscad_03605,We Provide Full Time Permanent Positions for many medium to large US companies. We are interested in finding/recruiting ,Mechanical Project Engineers - Designing Piping - MS,0,0,0.9999417066574097,5.829334259033203e-05,0.1,1,BERT:bert_class_weighted,Class weight
481,emscad_03606,CallCentre People Recruitment is recognised as being specialists within the CallCentre industry.,Business Development Manager,0,0,0.9999467134475708,5.328655242919922e-05,0.1,1,BERT:bert_class_weighted,Class weight
482,emscad_03607,The Application Developer supports business process through technology solutions. The purpose of the role is to develop ,Application Developer,0,0,0.9999054074287415,9.459257125854492e-05,0.1,1,BERT:bert_class_weighted,Class weight
483,emscad_03609,We have aggressive growth plans in place for the coming years. We provide a much needed service in facilitating the grow,"Account Sales Managers $80-$130,000/yr",1,1,0.0,1.0,0.1,1,BERT:bert_class_weighted,Class weight
484,emscad_03635,SLI Systems is a SaaS company revolutionizing the way online retailers do business. SLI works closely with online retail,Customer Success Manager,0,0,0.9999445676803589,5.543231964111328e-05,0.1,1,BERT:bert_class_weighted,Class weight
485,emscad_03638,Massive Media is the social media company behind the successful digital brands #URL_18234f381f5e7b9a9ffdc727cd05c9046edf,Web Developer,0,0,0.999920666217804,7.933378219604492e-05,0.1,1,BERT:bert_class_weighted,Class weight
486,emscad_03643,"Daily Secret is one of the fastest growing digital media brand for premium audiences around the world, serving 1.8 milli",Intern (Marketing Analytics),0,0,0.9999302625656128,6.973743438720703e-05,0.1,1,BERT:bert_class_weighted,Class weight
487,emscad_03644,"LADezign is a SEO/SEM firm located both in Los Angeles and Phoenix, Arizona.",Content Writer Needed,0,0,0.9999465346336365,5.346536636352539e-05,0.1,1,BERT:bert_class_weighted,Class weight
488,emscad_03650,i28 Technologies has demonstrated expertise in areas strategic to different business in varying verticals. I28 Technolog,Sr. VB.NET Developer opening,0,0,0.9999279975891113,7.200241088867188e-05,0.1,1,BERT:bert_class_weighted,Class weight
489,emscad_03660,"Tidewater Finance Co. was established in 1992 for the initial purpose of purchasing, and servicing retail installment co",Maintenance Custodian,0,0,0.9999396204948425,6.03795051574707e-05,0.1,1,BERT:bert_class_weighted,Class weight
490,emscad_03663,"The Mavericks7 LLC office manager is responsible for all operations such as finance, legal, tax, IT, human resources man",COO - Office Manager,0,0,0.9998557567596436,0.0001442432403564453,0.1,1,BERT:bert_class_weighted,Class weight
491,emscad_03665,"Daily Secret is one of the fastest growing digital media brand for premium audiences around the world, serving 1.8 milli",Channel Sales Manager,0,0,0.9999187588691711,8.124113082885742e-05,0.1,1,BERT:bert_class_weighted,Class weight
492,emscad_03687,POSITION OBJECTIVE Develop customizations in Oracle Retail Point of service #URL_ee5c67aedef7f4edec9ad638a9b444328d6302b,ORPOS Developer/Technical Consultant,0,0,0.9998239278793335,0.0001760721206665039,0.1,1,BERT:bert_class_weighted,Class weight
493,emscad_03692,Applied Memetics LLC is a professional services company dedicated to integrating and delivering best practice communicat,Producer,0,0,0.9999475479125977,5.245208740234375e-05,0.1,1,BERT:bert_class_weighted,Class weight
494,emscad_03699,Doctors in Dubai offers the complete solution for all doctors outside the UAE wishing to work in the UAE. We have been e,Opportunity in Dubai,0,0,0.9999121427536011,8.785724639892578e-05,0.1,1,BERT:bert_class_weighted,Class weight
495,emscad_03705,Major League Fantasy needs a senior .NET server-side engineer to complement its team. We have front end developers that ,Senior .NET Back End Dev,0,0,0.9999291300773621,7.086992263793945e-05,0.1,1,BERT:bert_class_weighted,Class weight
496,emscad_03713,About ADS Security – Our Proud History in the Security Industry,Entry Level with BBB A+ Company-Training Provided-Leadership Training,0,0,0.9999039173126221,9.608268737792969e-05,0.1,1,BERT:bert_class_weighted,Class weight
497,emscad_03719,Layar is a young and ambitious company located in the heart of Amsterdam. As the global leader in mobile augmented reali,QA Engineer,0,0,0.999944806098938,5.519390106201172e-05,0.1,1,BERT:bert_class_weighted,Class weight
498,emscad_03725,Seamless software production. Enterprise grade.,Ruby developer,0,0,0.9999434947967529,5.650520324707031e-05,0.1,1,BERT:bert_class_weighted,Class weight
499,emscad_03748,If working in a cubical seems like your idea of hell then joining our awesome startup team might be the opportunity you’,Key Accounts Sales Intern,0,0,0.9999141693115234,8.58306884765625e-05,0.1,1,BERT:bert_class_weighted,Class weight
500,emscad_03753,"Novitex Enterprise Solutions, formerly Pitney Bowes Management Services, delivers innovative document and communications",Customer Service Associate,0,0,0.9999469518661499,5.3048133850097656e-05,0.1,1,BERT:bert_class_weighted,Class weight
501,emscad_03774,"With over 30 years of experience in the industry, Mercer Foods has been providing superior quality freeze dried foods an",Maintenance - Refrigeration Tech,0,0,0.9999266266822815,7.337331771850586e-05,0.1,1,BERT:bert_class_weighted,Class weight
502,emscad_03776,"We're an emerging technology agency, and we build breakthrough products through user-centered design. We're building a t",Senior User Researcher,0,0,0.9999331831932068,6.681680679321289e-05,0.1,1,BERT:bert_class_weighted,Class weight
503,emscad_03778,We’re always looking for highly motivated “founder-types” to join us as we grow. Here’s what you need to know.,Adops Coordinator,0,0,0.9998736381530762,0.00012636184692382812,0.1,1,BERT:bert_class_weighted,Class weight
504,emscad_03785,"Entry level Software Developer Location : Atlanta, Georgia Experience : 1-2 years",Software Developer,0,0,0.9998756647109985,0.00012433528900146484,0.1,1,BERT:bert_class_weighted,Class weight
505,emscad_03789,We are looking for passionate individuals who will partner with us and ensure the long-term success of our business and ,Work at Home - Business Owner,0,0,0.9998863339424133,0.00011366605758666992,0.1,1,BERT:bert_class_weighted,Class weight
506,emscad_03799,"EME International is a global leader in enterprise mobility solutions, partnering with thousands of device makers and co","QC Engineer ""Sr. & Jr""",0,0,0.9999294281005859,7.05718994140625e-05,0.1,1,BERT:bert_class_weighted,Class weight
507,emscad_03805,"Novitex Enterprise Solutions, formerly Pitney Bowes Management Services, delivers innovative document and communications",Customer Service Associate,0,0,0.9999467134475708,5.328655242919922e-05,0.1,1,BERT:bert_class_weighted,Class weight
508,emscad_03807,MarketInvoice is one of the most high-profile London based fin-tech companies. The Company is Europe’s leading P2P invoi,Business Development Analytics,0,0,0.99993497133255,6.502866744995117e-05,0.1,1,BERT:bert_class_weighted,Class weight
509,emscad_03812,United Cerebral Palsy of Oregon & SW Washington (UCP) supports adults with all kinds of developmental disabilities (not ,Full-Time Caregiver for a Sweet and Easygoing Woman,0,0,0.9999516606330872,4.83393669128418e-05,0.1,1,BERT:bert_class_weighted,Class weight
510,emscad_03813,"Dairy, food and beverage processors work within one of the most complex, competitive and precision-driven industries. Th",PT Administrative Assistant/Receptionist,0,0,0.9993348121643066,0.0006651878356933594,0.1,1,BERT:bert_class_weighted,Class weight
511,emscad_03825,Reformation is a group of young designers and forward-thinkers led by Founder / CEO / Creative Director – Yael Aflalo. I,Digital Marketing Manager,0,0,0.9999294281005859,7.05718994140625e-05,0.1,1,BERT:bert_class_weighted,Class weight
512,emscad_03827,"Founded in 2010 by a team from Google’s London and New York offices, Qubit work with some of the biggest names in Online",Head of Product,0,0,0.9999389052391052,6.109476089477539e-05,0.1,1,BERT:bert_class_weighted,Class weight
513,emscad_03832,About HitFigure:,Automotive Internet Sales Representative,0,0,0.9999242424964905,7.575750350952148e-05,0.1,1,BERT:bert_class_weighted,Class weight
514,emscad_03847,"Novitex Enterprise Solutions, formerly Pitney Bowes Management Services, delivers innovative document and communications",Customer Service Associate,0,0,0.9999450445175171,5.4955482482910156e-05,0.1,1,BERT:bert_class_weighted,Class weight
515,emscad_03852,#URL_911b21592fc5a2f5e53b7cbb209dd8e4bf3d3ab37b8e4b3e96f54f0a4f4111c2# started off as a community website where users pu,Web developer,0,0,0.9999242424964905,7.575750350952148e-05,0.1,1,BERT:bert_class_weighted,Class weight
516,emscad_03854,"inAccess’ InSolar is an integrated, vendor independent solution for the centralized management of geographically distrib",Testing Engineer,0,0,0.9999465346336365,5.346536636352539e-05,0.1,1,BERT:bert_class_weighted,Class weight
517,emscad_03860,"Pig Apple, a small Brooklyn-based production company, is looking for a talented animation intern for the summer. We're c",Animation Intern,0,0,0.9998706579208374,0.00012934207916259766,0.1,1,BERT:bert_class_weighted,Class weight
518,emscad_03862,47Billion is a Product engineering and Experience design company that delivers state-of-the-art solutions. We provide en,Software Engineer,0,0,0.999944806098938,5.519390106201172e-05,0.1,1,BERT:bert_class_weighted,Class weight
519,emscad_03904,Hellas Direct is a new insurance company founded in 2011 with the view of changing the way car insurance companies servi,Social Media / Copywriter,0,0,0.999933660030365,6.633996963500977e-05,0.1,1,BERT:bert_class_weighted,Class weight
520,emscad_03910,The best word to describe PCP’s culture is PRIDE. Pride in our company. Pride in our job. And pride in our relationships,Mail Clerk/Floater,0,0,0.9999462962150574,5.370378494262695e-05,0.1,1,BERT:bert_class_weighted,Class weight
521,emscad_03911,Saras America's Microsoft Center of Excellence can help you:,linux Engineer,0,0,0.9999396204948425,6.03795051574707e-05,0.1,1,BERT:bert_class_weighted,Class weight
522,emscad_03930,UI/UX Designer - Mobile & Web,UI/UX Designer,0,0,0.9999237060546875,7.62939453125e-05,0.1,1,BERT:bert_class_weighted,Class weight
523,emscad_03936,"When it comes to know-how and networking for IT pros, web savvies and project managers, Software & Support Media Group i",Drupal / PHP Developer (fulltime or freelance),0,0,0.9999445676803589,5.543231964111328e-05,0.1,1,BERT:bert_class_weighted,Class weight
524,emscad_03939,We are looking for a young energetic sales person that is willing to work on the weekends in different cities throughout,looking for sales agent with firearms parts and accessories backround,0,0,0.9998666048049927,0.00013339519500732422,0.1,1,BERT:bert_class_weighted,Class weight
525,emscad_03968,As a Data Scientist you will work with multiple data sets including client data (predominantly web analytics) and our ow,Data Scientist,0,0,0.9999400973320007,5.990266799926758e-05,0.1,1,BERT:bert_class_weighted,Class weight
526,emscad_03970,hello world,Passionate Frontend Developer (m/w),0,0,0.9999489784240723,5.1021575927734375e-05,0.1,1,BERT:bert_class_weighted,Class weight
527,emscad_03973,Applied Memetics LLC is a professional services company dedicated to integrating and delivering best practice communicat,"International Broadcaster, Policy Office (in English)",0,0,0.9999485611915588,5.143880844116211e-05,0.1,1,BERT:bert_class_weighted,Class weight
528,emscad_03974,"We're artists, thinkers, and doers in an open, collaborative, and challenging environment. We love to work our hearts ou",Content Strategist,0,0,0.9999410510063171,5.894899368286133e-05,0.1,1,BERT:bert_class_weighted,Class weight
529,emscad_03984,CallCentre People Recruitment is recognised as being specialists within the CallCentre industry.,Outbound Telemarketing - Charity,0,0,0.999940812587738,5.918741226196289e-05,0.1,1,BERT:bert_class_weighted,Class weight
530,emscad_03993,"We are specialized in HR consulting, sourcing PhD, MSc & MEng professionals on permanent and contract level positions ac",R&D Technology Manager Bearings,0,0,0.9999354481697083,6.455183029174805e-05,0.1,1,BERT:bert_class_weighted,Class weight
531,emscad_04008,Job Description,5 Test and Maintenance Engineers,0,1,0.35546875,0.64453125,0.1,0,BERT:bert_class_weighted,Class weight
532,emscad_04013,"Vend is looking for some awesome new talent to come join us. You'll be working in an awesome team doing awesome things, ",Global Head of Customer Support,0,0,0.9999352097511292,6.479024887084961e-05,0.1,1,BERT:bert_class_weighted,Class weight
533,emscad_04019,"Linkwise is the leading affiliate network in S.E. Europe. Launched in 2008, it has since been at the forefront of the Af",Affiliate Manager,0,0,0.9999419450759888,5.805492401123047e-05,0.1,1,BERT:bert_class_weighted,Class weight
534,emscad_04027,The best word to describe PCP’s culture is PRIDE. Pride in our company. Pride in our job. And pride in our relationships,Data Entry Clerk,0,0,0.9999357461929321,6.42538070678711e-05,0.1,1,BERT:bert_class_weighted,Class weight
535,emscad_04041,We launched Involvio as students at Drexel University in Philadelphia out of our frustration that keeping track of event,Sales Director,0,0,0.9999405741691589,5.942583084106445e-05,0.1,1,BERT:bert_class_weighted,Class weight
536,emscad_04047,Hi!,Ruby on Rails Developer,0,0,0.999946117401123,5.3882598876953125e-05,0.1,1,BERT:bert_class_weighted,Class weight
537,emscad_04057,Applied Memetics LLC is a professional services company dedicated to integrating and delivering best practice communicat,Lightning Director,0,0,0.9999485611915588,5.143880844116211e-05,0.1,1,BERT:bert_class_weighted,Class weight
538,emscad_04058,Position: SI-SAP Team Lead,SI-SAP Team Lead,0,0,0.9966812133789062,0.00331878662109375,0.1,1,BERT:bert_class_weighted,Class weight
539,emscad_04070,Applied Memetics LLC is a professional services company dedicated to integrating and delivering best practice communicat,"International Broadcaster, English to Africa Service",0,0,0.9999493360519409,5.066394805908203e-05,0.1,1,BERT:bert_class_weighted,Class weight
540,emscad_04073,EcomNets is an outsourcing provider of managed computing and co-location infrastructure for IT applications. By outsourc,Wanted: High-Performance Marketing Manager,0,0,0.9999274611473083,7.253885269165039e-05,0.1,1,BERT:bert_class_weighted,Class weight
541,emscad_04079,Applied Memetics LLC is a professional services company dedicated to integrating and delivering best practice communicat,"Webmaster, Korean Service",0,0,0.9999514818191528,4.851818084716797e-05,0.1,1,BERT:bert_class_weighted,Class weight
542,emscad_04080,NOW: Pensions is a UK based multi-employer trust serving thousands of employers and hundreds of thousands of employees f,Marketing Manager,0,0,0.9999372363090515,6.276369094848633e-05,0.1,1,BERT:bert_class_weighted,Class weight
543,emscad_04082,"Hello, we are Impero. We’re an award winning creative digital/social agency with a studio in East London. We need a mid-",Front end developer (mid-senior),0,0,0.9999432563781738,5.6743621826171875e-05,0.1,1,BERT:bert_class_weighted,Class weight
544,emscad_04088,This is an ideal position for a student who is looking for a flexible part time position and who is looking to gain some,Admin Assistant,0,1,0.0,1.0,0.1,0,BERT:bert_class_weighted,Class weight
545,emscad_04108,"WillDom is a top notch IT Outsourcing Business Ecosystem, where each member contributes in creating world class value. W",Sr MS BI Developer/Architect,0,0,0.9999224543571472,7.75456428527832e-05,0.1,1,BERT:bert_class_weighted,Class weight
546,emscad_04127,"AREA 17 is an interactive agency. We take an interdisciplinary approach — blending the practices of design, technology a",Senior Ruby on Rails Developer,0,0,0.9999412298202515,5.8770179748535156e-05,0.1,1,BERT:bert_class_weighted,Class weight
547,emscad_04131,Roland & Associates is a Corporate Recruitment Organization providing solutions to Global MNC’s for the past 12 years.,Principal Product Applications Engineer ( FCoE ),0,0,0.9999462962150574,5.370378494262695e-05,0.1,1,BERT:bert_class_weighted,Class weight
548,emscad_04132,The CSR Association of Pakistan serves as a gateway for partnership opportunities between social development and private,Summer Internships,0,0,0.9999224543571472,7.75456428527832e-05,0.1,1,BERT:bert_class_weighted,Class weight
549,emscad_04134,Symmetry Financial Group was established with the goal of helping to bring balance to the professional and personal live,Insurance Sales Representative,0,0,0.999887228012085,0.00011277198791503906,0.1,1,BERT:bert_class_weighted,Class weight
550,emscad_04137,Envision Consulting conducts retained searches for nonprofit clients seeking to expand and enhance their mission through,SUNDAYS ONLY: Program Manager,0,0,0.9999364614486694,6.35385513305664e-05,0.1,1,BERT:bert_class_weighted,Class weight
551,emscad_04140,"Aclima is an early-stage company based in San Francisco that designs and deploys distributed, large-scale sensor network",DevOps Engineer,0,0,0.9999434947967529,5.650520324707031e-05,0.1,1,BERT:bert_class_weighted,Class weight
552,emscad_04147,Experience & Education,Senior .Net/C# Developer with Investment Banking / Trading Exp,0,0,0.9997186660766602,0.00028133392333984375,0.1,1,BERT:bert_class_weighted,Class weight
553,emscad_04149,"Picfair is an investment-backed startup in the heart of east London's tech scene, changing the way the image industry wo",Lead Ruby Developer,0,0,0.9999291300773621,7.086992263793945e-05,0.1,1,BERT:bert_class_weighted,Class weight
554,emscad_04164,Inspire Fundraising Solutions is one of Canada's fastest-growing fundraising call centre's helping to provide a warm and,Fundraising Agent ($14/hr w Benefits),0,0,0.9999266266822815,7.337331771850586e-05,0.1,1,BERT:bert_class_weighted,Class weight
555,emscad_04169,"Valor Services provides Workforce Solutions that meet the needs of companies across the Private Sector, with a special f",Production Engineer,0,0,0.9999469518661499,5.3048133850097656e-05,0.1,1,BERT:bert_class_weighted,Class weight
556,emscad_04176,This position is a full cycle accounting and financial operator. Applicant must have substantial accounting experience a,Controller,0,0,0.9996843338012695,0.00031566619873046875,0.1,1,BERT:bert_class_weighted,Class weight
557,emscad_04182,Applied Memetics LLC is a professional services company dedicated to integrating and delivering best practice communicat,"TV Video Editor I, Tibetan Service",0,0,0.99994957447052,5.042552947998047e-05,0.1,1,BERT:bert_class_weighted,Class weight
558,emscad_04202,"Wiredrive is a fast growing, privately-owned SaaS company with headquarters in Marina del Rey and offices in New York Ci",Sr Software Engineer (Python/Django) - Remote,0,0,0.999945878982544,5.412101745605469e-05,0.1,1,BERT:bert_class_weighted,Class weight
559,emscad_04203,"Adbrain is at the forefront of the data-driven, multi-screen advertising revolution. Powered by the latest technologies ",DevOps Engineer / Big Data Systems Administrator,0,0,0.9999467134475708,5.328655242919922e-05,0.1,1,BERT:bert_class_weighted,Class weight
560,emscad_04216,Established on the principles that full time education is not for everyone Spectrum Learning is made up of a team of pas,TS25 1XA Plastering Apprenticeship Available 16-18 year olds only!,0,0,0.9999400973320007,5.990266799926758e-05,0.1,1,BERT:bert_class_weighted,Class weight
561,emscad_04239,Applied Memetics LLC is a professional services company dedicated to integrating and delivering best practice communicat,"International Broadcaster, Urdu Language",0,0,0.9999511241912842,4.887580871582031e-05,0.1,1,BERT:bert_class_weighted,Class weight
562,emscad_04244,Applied Memetics LLC is a professional services company dedicated to integrating and delivering best practice communicat,"Video Journalist, Armenian Language",0,0,0.9999493360519409,5.066394805908203e-05,0.1,1,BERT:bert_class_weighted,Class weight
563,emscad_04245,The Global eCommerce & Digital Manager will be responsible for:,"Manager, Global eCommerce & Digital Marketing",0,0,0.9999260306358337,7.396936416625977e-05,0.1,1,BERT:bert_class_weighted,Class weight
564,emscad_04250,We are currently recruiting for IT Project Managers to lead our web development and data migration projects.,Project Manager,0,0,0.999904990196228,9.500980377197266e-05,0.1,1,BERT:bert_class_weighted,Class weight
565,emscad_04258,"Hi, we are dopios",Software Developer Intern,0,0,0.9999364614486694,6.35385513305664e-05,0.1,1,BERT:bert_class_weighted,Class weight
566,emscad_04260,"Industrial Color Software is a division of Industrial Color Brands, a family of vertically integrated creative productio",Jr. Helpdesk Analyst,0,0,0.9999372363090515,6.276369094848633e-05,0.1,1,BERT:bert_class_weighted,Class weight
567,emscad_04261,"Babbel enables anyone to learn languages in an easy and interactive way. The learning system offers 13 languages, from E",Junior Technical Product Owner,0,0,0.9999268651008606,7.31348991394043e-05,0.1,1,BERT:bert_class_weighted,Class weight
568,emscad_04270,"Voyageur is one of Ontario's leading transportation companies, serving Southwestern and Central Ontario for over 34 year",Sales Representative,0,0,0.999944806098938,5.519390106201172e-05,0.1,1,BERT:bert_class_weighted,Class weight
569,emscad_04271,How often do you see the combination of solid history and explosive innovation? Hydro-Thermal is a global manufacturing ,Marketing Communications Specialist,0,0,0.9999318718910217,6.812810897827148e-05,0.1,1,BERT:bert_class_weighted,Class weight
570,emscad_04286,"For more than two decades, the TRAK Companies have been providing temporary and direct-hire professional support staff t",Personal Assistant,0,0,0.9999362230300903,6.377696990966797e-05,0.1,1,BERT:bert_class_weighted,Class weight
571,emscad_04288,"Valor Services provides Workforce Solutions that meet the needs of companies across the Private Sector, with a special f",Frac Supervisor,0,0,0.9999430775642395,5.692243576049805e-05,0.1,1,BERT:bert_class_weighted,Class weight
572,emscad_04307,"Aquira help businesses sell more. Lots more. We do this through a range of tailored direct marketing services, high qual",Sales Advisor (Energy),0,0,0.9999274611473083,7.253885269165039e-05,0.1,1,BERT:bert_class_weighted,Class weight
573,emscad_04337,Filisia creates interactive interfaces for musical creation and sensory integration. The interfaces are accessible to pe,Product Designer,0,0,0.9999324083328247,6.759166717529297e-05,0.1,1,BERT:bert_class_weighted,Class weight
574,emscad_04350,Corporate overview,Structural Engineer,1,1,0.0,1.0,0.1,1,BERT:bert_class_weighted,Class weight
575,emscad_04356,Applied Memetics LLC is a professional services company dedicated to integrating and delivering best practice communicat,"TV Video Editor I, Broadcast Operations Division",0,0,0.9999481439590454,5.1856040954589844e-05,0.1,1,BERT:bert_class_weighted,Class weight
576,emscad_04358,Corporate overview,Subsea Process Plant Layout Designer,1,1,0.0,1.0,0.1,1,BERT:bert_class_weighted,Class weight
577,emscad_04371,"Sinopoulos Panglobal Machinery, is established to be the official distributor of Förch products. Our team is a bonded gr",E-commerce Marketing Specialist,0,0,0.9999514818191528,4.851818084716797e-05,0.1,1,BERT:bert_class_weighted,Class weight
578,emscad_04372,Here at The Currency Cloud we believe moving money around the world should be easy. But for many consumers and small bus,Quality Assurance Engineer,0,0,0.9999443888664246,5.561113357543945e-05,0.1,1,BERT:bert_class_weighted,Class weight
579,emscad_04376,Frustrated with the status quo?,Embedded Device Hacker Internship,0,0,0.999899685382843,0.00010031461715698242,0.1,1,BERT:bert_class_weighted,Class weight
580,emscad_04380,"Tidewater Finance Co. was established in 1992 for the initial purpose of purchasing, and servicing retail installment co",Maintenance Custodian,0,0,0.9999396204948425,6.03795051574707e-05,0.1,1,BERT:bert_class_weighted,Class weight
581,emscad_04397,"""Our mission to our clients is to preserve their independence, enhance their quality of life, promote health & wellbeing",Caregiver-Hartford/ Lawrence/ Paw Paw,0,0,0.9999357461929321,6.42538070678711e-05,0.1,1,BERT:bert_class_weighted,Class weight
582,emscad_04402,"Shyp is the easiest way to send anything, anywhere.",Full Stack API/Services Engineer,0,0,0.999946117401123,5.3882598876953125e-05,0.1,1,BERT:bert_class_weighted,Class weight
583,emscad_04418,RESPONSIBILITIES,Personal Assistant,0,0,0.9989681243896484,0.0010318756103515625,0.1,1,BERT:bert_class_weighted,Class weight
584,emscad_04422,Work with Team Ookla,Operations or Business Director,0,0,0.9998854398727417,0.00011456012725830078,0.1,1,BERT:bert_class_weighted,Class weight
585,emscad_04431,Tile is one of the most successful crowd-funded campaigns in history and is building the world’s largest lost and found.,Staff Accountant,0,0,0.9999307990074158,6.920099258422852e-05,0.1,1,BERT:bert_class_weighted,Class weight
586,emscad_04450,"At Hospitality Parking we are currently seeking a honest, reliable, and enthusiastic individual to become our next Overn",Valet Overnight Night Auditor,0,0,0.99988853931427,0.00011146068572998047,0.1,1,BERT:bert_class_weighted,Class weight
587,emscad_04472,Aspex Recruitment,Car Sales Executive,0,0,0.9999445676803589,5.543231964111328e-05,0.1,1,BERT:bert_class_weighted,Class weight
588,emscad_04474,"Novitex Enterprise Solutions, formerly Pitney Bowes Management Services, delivers innovative document and communications",Customer Service Associate,0,0,0.9999483823776245,5.161762237548828e-05,0.1,1,BERT:bert_class_weighted,Class weight
589,emscad_04483,Applied Memetics LLC is a professional services company dedicated to integrating and delivering best practice communicat,Production Assistant,0,0,0.9999481439590454,5.1856040954589844e-05,0.1,1,BERT:bert_class_weighted,Class weight
590,emscad_04486,Want to build a 21st century financial service?,Business Development Intern,0,0,0.9999023675918579,9.763240814208984e-05,0.1,1,BERT:bert_class_weighted,Class weight
591,emscad_04491,Are you a people person and want more than just a job?,Chiropractic Office Assistant,0,0,0.9998923540115356,0.00010764598846435547,0.1,1,BERT:bert_class_weighted,Class weight
592,emscad_04496,Position: Java Developer II,Java Developer II,0,0,0.9994964599609375,0.0005035400390625,0.1,1,BERT:bert_class_weighted,Class weight
593,emscad_04514,ding* is the world’s largest top-up provider. Created to help people working abroad to support and keep in touch with lo,Graduate Support Desk Supremo,0,0,0.9999386668205261,6.133317947387695e-05,0.1,1,BERT:bert_class_weighted,Class weight
594,emscad_04517,Embarke is increasing email opens and clicks for marketers by 5-20%...automatically. We do this by performing behavior a,B2B Growth Hacker,0,0,0.9999483823776245,5.161762237548828e-05,0.1,1,BERT:bert_class_weighted,Class weight
595,emscad_04518,"QB Medical, Inc. is a growing medical supply distributor. We specialize in medical product sales to the federal governme",Soucing Specialist,0,0,0.9999015927314758,9.840726852416992e-05,0.1,1,BERT:bert_class_weighted,Class weight
596,emscad_04523,"- Drives the sales effort within assigned accounts through continual contact, consultative approach to understand the bu",Branch Manager,0,0,0.9996206760406494,0.00037932395935058594,0.1,1,BERT:bert_class_weighted,Class weight
597,emscad_04536,The Senior Finance Consultant is responsible to provide both management accounting and financial accounting advisory ser,Senior Finance Consultant,0,0,0.9996132850646973,0.0003867149353027344,0.1,1,BERT:bert_class_weighted,Class weight
598,emscad_04542,"Novitex Enterprise Solutions, formerly Pitney Bowes Management Services, delivers innovative document and communications",Lobby Ambassador,0,0,0.9999362230300903,6.377696990966797e-05,0.1,1,BERT:bert_class_weighted,Class weight
599,emscad_04550,"AREA 17 is an interactive agency. We take an interdisciplinary approach — blending the practices of design, technology a",Senior Producer / Project Manager,0,0,0.999933660030365,6.633996963500977e-05,0.1,1,BERT:bert_class_weighted,Class weight
600,emscad_04561,EXPERT HUMAN CAPITAL SOLUTIONS DELIVERED BY INDUSTRY LEADING PROFESSIONALS.,Consultant - Professional Services Team,0,0,0.9998952746391296,0.00010472536087036133,0.1,1,BERT:bert_class_weighted,Class weight
601,emscad_04563,StartupTAP is not a conventional recruiting agency. We're true Talent Acquisition Partners.,Account Executive - Boston,0,0,0.9999471306800842,5.2869319915771484e-05,0.1,1,BERT:bert_class_weighted,Class weight
602,emscad_04565,Aspex Recruitment,Used Car Sales Representative,0,0,0.9999432563781738,5.6743621826171875e-05,0.1,1,BERT:bert_class_weighted,Class weight
603,emscad_04566,"Experienced, reliable team members are needed for our Data Entry Clerk / Administrative Assistant needed! We are current",Customer Service Rep,1,1,0.0,1.0,0.1,1,BERT:bert_class_weighted,Class weight
604,emscad_04572,StepBeyond Solutions Inc. Talent Acquisition & Search Consulting The StepBeyond talent acquisition system includes a net,"Manager, Market Research and Analysis",0,0,0.9998944401741028,0.0001055598258972168,0.1,1,BERT:bert_class_weighted,Class weight
605,emscad_04580,"Ginkgotree is changing the way course materials are designed and delivered. We’re ending the reign of overpriced, cookie",Administrative Assistant,0,0,0.9997575283050537,0.00024247169494628906,0.1,1,BERT:bert_class_weighted,Class weight
606,emscad_04584,#URL_3bd5deb27e3f065dd0b56f7a19abc37844def5d3ee69f357920cb1fe39fa8733# are the market leader in the UK car buying and re,Senior Software Tester,0,0,0.9999224543571472,7.75456428527832e-05,0.1,1,BERT:bert_class_weighted,Class weight
607,emscad_04593,My group at the NKUA NOC is looking to hire an individual to work full time on projects related to the IT demands of the,Software and systems developer,0,0,0.9996743202209473,0.0003256797790527344,0.1,1,BERT:bert_class_weighted,Class weight
608,emscad_04603,Applied Memetics LLC is a professional services company dedicated to integrating and delivering best practice communicat,"Level I Basic Digital Media Logger, Broadcast Operations Division",0,0,0.9999503493309021,4.965066909790039e-05,0.1,1,BERT:bert_class_weighted,Class weight
609,emscad_04605,"At MAM, we are passionate about changing the culture of the mental health industry. We seek to de-fragment care, utilize",Psychiatric Nurse Practitioner,0,0,0.9999439120292664,5.608797073364258e-05,0.1,1,BERT:bert_class_weighted,Class weight
610,emscad_04619,"We're Food52, and we've created a groundbreaking and award-winning cooking site. We support, connect, and celebrate home",Part-Time Provisions Sourcing Associate,0,0,0.999945878982544,5.412101745605469e-05,0.1,1,BERT:bert_class_weighted,Class weight
611,emscad_04629,"""Our mission to our clients is to preserve their independence, enhance their quality of life, promote health & wellbeing",Caregiver/HHA/CNA- Watervliet/Hartford,0,0,0.999946117401123,5.3882598876953125e-05,0.1,1,BERT:bert_class_weighted,Class weight
612,emscad_04630,Axonix is a global mobile advertising technology company that's powered by a platform with a 4 year history of leading t,Chief Commercial Officer,0,0,0.9999434947967529,5.650520324707031e-05,0.1,1,BERT:bert_class_weighted,Class weight
613,emscad_04641,SilverStripe CMS & Framework is an open source platform of web development tools. The platform is curated by SilverStrip,Automated Test Analyst,0,0,0.999946117401123,5.3882598876953125e-05,0.1,1,BERT:bert_class_weighted,Class weight
614,emscad_04648,Applied Memetics LLC is a professional services company dedicated to integrating and delivering best practice communicat,"Program Host, Hausa Language",0,0,0.99994957447052,5.042552947998047e-05,0.1,1,BERT:bert_class_weighted,Class weight
615,emscad_04649,Viva Online Services is the leading Greek online services website providing online services in various sectors like Trav,UI designer for mobile apps (x3),0,0,0.9999393820762634,6.0617923736572266e-05,0.1,1,BERT:bert_class_weighted,Class weight
616,emscad_04651,DMT Instant Reward. We are Hiring all The Time.,Make Easy Money at Home,1,1,0.00390625,0.99609375,0.1,1,BERT:bert_class_weighted,Class weight
617,emscad_04661,Responsibilities include:,Receptionist/Office Services Clerk,1,1,0.0,1.0,0.1,1,BERT:bert_class_weighted,Class weight
618,emscad_04663,"Westview Financial Services , located in Hampton, VA has a full-time ASSISTANT MANAGER position available immediately. O",Assistant Manager,0,0,0.9999035000801086,9.649991989135742e-05,0.1,1,BERT:bert_class_weighted,Class weight
619,emscad_04666,"At Cedexis, we’re passionate about solutions for a faster web and we need people to bring our message to the world.",Accounting Manager,0,0,0.9999197125434875,8.028745651245117e-05,0.1,1,BERT:bert_class_weighted,Class weight
620,emscad_04669,"As the industry’s largest supply contracting company, Novation serves the purchasing needs of more than 65,000 VHA, UHC ",Human Resource Director,1,1,0.0,1.0,0.1,1,BERT:bert_class_weighted,Class weight
621,emscad_04696,Position Summary:,Project Controller Oil and Gas Approval Center/Houston,1,1,0.0,1.0,0.1,1,BERT:bert_class_weighted,Class weight
622,emscad_04700,"Power-Mark Resources is a premier energy brokerage and consulting firm based out of Dallas, Texas. We maintain a strong ",Experienced Sales/ Marketing Managers,0,0,0.9998911023139954,0.00010889768600463867,0.1,1,BERT:bert_class_weighted,Class weight
623,emscad_04704,"@mire is an international software solutions company , that provides software customization and support services to enab",Lead Software Engineer,0,0,0.9999434947967529,5.650520324707031e-05,0.1,1,BERT:bert_class_weighted,Class weight
624,emscad_04716,Viva Online Services is the leading Greek online services website providing online services in various sectors like Trav,Account Manager,0,0,0.9999181032180786,8.189678192138672e-05,0.1,1,BERT:bert_class_weighted,Class weight
625,emscad_04717,"We're looking for an intern, ideally with a journalism background or training, to assist our Marketing team in the devel",Journalism Intern,0,0,0.9998660087585449,0.00013399124145507812,0.1,1,BERT:bert_class_weighted,Class weight
626,emscad_04733,Our Company,Devops,0,0,0.999944806098938,5.519390106201172e-05,0.1,1,BERT:bert_class_weighted,Class weight
627,emscad_04745,"AVOXI, formerly known as DOW Networks, is a cloud communications provider focused on meeting the international calling n",Inside Sales Account Manager,0,0,0.999938428401947,6.157159805297852e-05,0.1,1,BERT:bert_class_weighted,Class weight
628,emscad_04746,Senior Nannies Home Care Services was founded nearly a decade ago by Claudia Wechter with the goal of providing the best,Front Desk,0,0,0.9999432563781738,5.6743621826171875e-05,0.1,1,BERT:bert_class_weighted,Class weight
629,emscad_04750,"As the industry’s largest supply contracting company, Novation serves the purchasing needs of more than 65,000 VHA, UHC ",Call Center Representative I,1,1,0.0,1.0,0.1,1,BERT:bert_class_weighted,Class weight
630,emscad_04754,** ONLY US CITIZENS OR GREEN CARD HOLDERS APPLY ** ** THIS IS A CORP TO CORP POSITION **,.NET/C# Developer,0,0,0.9996511936187744,0.00034880638122558594,0.1,1,BERT:bert_class_weighted,Class weight
631,emscad_04763,We believe cities are complicated. And your mobile device should save you from the everyday challenges of living in them,Community Management / User Support,0,0,0.9999369978904724,6.300210952758789e-05,0.1,1,BERT:bert_class_weighted,Class weight
632,emscad_04764,"Join our fast growing, vibrant, fun-loving, energetic team in revolutionising vehicle retailing",c# developer,0,0,0.9999475479125977,5.245208740234375e-05,0.1,1,BERT:bert_class_weighted,Class weight
633,emscad_04778,Opportunity:,Outside Sales representative,0,0,0.9995298385620117,0.00047016143798828125,0.1,1,BERT:bert_class_weighted,Class weight
634,emscad_04782,We are looking for a Business Intelligence Analyst to work in a major growth area within the company: you will have the ,Business Intelligence Analyst,0,0,0.9999174475669861,8.255243301391602e-05,0.1,1,BERT:bert_class_weighted,Class weight
635,emscad_04791,Roland & Associates is a Corporate Recruitment Organization providing solutions to Global MNC’s for the past 12 years.,Senior ASP.NET Web Developer,0,0,0.9999481439590454,5.1856040954589844e-05,0.1,1,BERT:bert_class_weighted,Class weight
636,emscad_04797,Established on the principles that full time education is not for everyone Spectrum Learning is made up of a team of pas,Hathersage Administrator Apprenticeship 16-18 Year Olds Only,0,0,0.9999462962150574,5.370378494262695e-05,0.1,1,BERT:bert_class_weighted,Class weight
637,emscad_04798,The smarter way to invest,Manager of Client Acquisition Marketing,0,0,0.9999215602874756,7.843971252441406e-05,0.1,1,BERT:bert_class_weighted,Class weight
638,emscad_04799,Magnani Caruso Dutton is a digital customer experience agency. We help organizations get ahead in competitive markets by,Web Developer,0,0,0.9999364614486694,6.35385513305664e-05,0.1,1,BERT:bert_class_weighted,Class weight
639,emscad_04804,About PTL SOLAR,Solar Sales & Design Engineer,0,0,0.9999465346336365,5.346536636352539e-05,0.1,1,BERT:bert_class_weighted,Class weight
640,emscad_04805,We are looking for workers with the suitble responsibilities. Assist with preparation of the budget Implement financial ,Administration,1,1,0.0,1.0,0.1,1,BERT:bert_class_weighted,Class weight
641,emscad_04808,Arise Virtual Solutions is a work-at-home business process outsourcing company we have an immediate opening for a mid-le,Administrative Assistant,1,1,0.00048828125,0.99951171875,0.1,1,BERT:bert_class_weighted,Class weight
642,emscad_04822,"With an exceptional record of over 50% growth in each of the last 5 years, we’ve become the UK’s largest online retailer",Buyers Admin Assistant,0,0,0.9998944401741028,0.0001055598258972168,0.1,1,BERT:bert_class_weighted,Class weight
643,emscad_04824,Viva Online Services is the leading Greek online services website providing online services in various sectors like Trav,Spanish operations rep (x2),0,0,0.999929666519165,7.033348083496094e-05,0.1,1,BERT:bert_class_weighted,Class weight
644,emscad_04838,hello world,Senior Web Developer,0,0,0.9999362230300903,6.377696990966797e-05,0.1,1,BERT:bert_class_weighted,Class weight
645,emscad_04839,"Novitex Enterprise Solutions, formerly Pitney Bowes Management Services, delivers innovative document and communications",Customer Service Associate,0,0,0.9999467134475708,5.328655242919922e-05,0.1,1,BERT:bert_class_weighted,Class weight
646,emscad_04840,Contentful ( #URL_0252efddcbc4b8f51969fca7b054595976ea4678fd880b3653151e618d447b33# ) is an API-first content management,Technical Product Manager,0,0,0.9999473094940186,5.269050598144531e-05,0.1,1,BERT:bert_class_weighted,Class weight
647,emscad_04846,This job is for a high end boutique eyewear shop. We seek a full-time permanent licensed optician. Our clients are spect,Licensed Optician,0,0,0.9999023675918579,9.763240814208984e-05,0.1,1,BERT:bert_class_weighted,Class weight
648,emscad_04849,"compensation: Salary: $10-15 an hour based on experience, 5% commission over sales goal. HigheJob Title: Sales associate",Sales\Tradeshow associate for wholesale store,0,0,0.999514102935791,0.0004858970642089844,0.1,1,BERT:bert_class_weighted,Class weight
649,emscad_04860,"At Mill33, we know email. We’ve been in the email marketing business for a long time. And if we’ve learned one thing, it",Account Executive,0,0,0.9999471306800842,5.2869319915771484e-05,0.1,1,BERT:bert_class_weighted,Class weight
650,emscad_04865,"This initiative is being led by a very talented, energetic and inspirational group of young Greek leaders called “Global",Internship (Human Resources),0,0,0.9998980760574341,0.00010192394256591797,0.1,1,BERT:bert_class_weighted,Class weight
651,emscad_04881,"Novitex Enterprise Solutions, formerly Pitney Bowes Management Services, delivers innovative document and communications",Customer Service Associate,0,0,0.9999462962150574,5.370378494262695e-05,0.1,1,BERT:bert_class_weighted,Class weight
652,emscad_04891,"Cin7 is total inventory, warehouse and point of sale cloud software in one seamless system. Used by retail, wholesale an",Channel Manager,0,0,0.9999503493309021,4.965066909790039e-05,0.1,1,BERT:bert_class_weighted,Class weight
653,emscad_04899,"One Design Company is a digital design, strategy and development agency. We’ve called Chicago our home for nearly a deca",Mobile Developer,0,0,0.9999430775642395,5.692243576049805e-05,0.1,1,BERT:bert_class_weighted,Class weight
654,emscad_04901,NFP is a leader in the delivery of benefits solutions for companies of all sizes and in the delivery of life insurance a,Sr. Account Executive,0,0,0.9999158382415771,8.416175842285156e-05,0.1,1,BERT:bert_class_weighted,Class weight
655,emscad_04908,Gust is a global platform for the sourcing and management of early-stage investments. Gust enables skilled entrepreneurs,Marketing Director,0,0,0.9999443888664246,5.561113357543945e-05,0.1,1,BERT:bert_class_weighted,Class weight
656,emscad_04920,Upstream’s mission is to revolutionise the way companies market to consumers through cutting edge technology. This is an,Engagement Manager (Italy),0,0,0.9999417066574097,5.829334259033203e-05,0.1,1,BERT:bert_class_weighted,Class weight
657,emscad_04939,R Baker (Electrical) Ltd,Marketing and Sales Assistant,0,1,0.0,1.0,0.1,0,BERT:bert_class_weighted,Class weight
658,emscad_04949,SilverStripe CMS & Framework is an open source platform of web development tools. The platform is curated by SilverStrip,Business Development Director,0,0,0.9999467134475708,5.328655242919922e-05,0.1,1,BERT:bert_class_weighted,Class weight
659,emscad_04955,The best word to describe PCP’s culture is PRIDE. Pride in our company. Pride in our job. And pride in our relationships,File Clerk,0,0,0.9999410510063171,5.894899368286133e-05,0.1,1,BERT:bert_class_weighted,Class weight
660,emscad_04958,If working in a cubical seems like your idea of hell then joining our awesome startup team might be the opportunity you’,Data Analyst,0,0,0.999938428401947,6.157159805297852e-05,0.1,1,BERT:bert_class_weighted,Class weight
661,emscad_04965,"Handi Ramp, founded in 1958, is the oldest manufacturer of metal ramps in the United #URL_88003d34655ed7f8d4d1e5bacc716f",Inside Sales Representative (Entry Level),0,0,0.9999391436576843,6.085634231567383e-05,0.1,1,BERT:bert_class_weighted,Class weight
662,emscad_04969,"Edwards Personnel are property recruitment specialists recruiting all positions within estate agency, lettings, property",Senior Block Manager,0,0,0.9999128580093384,8.71419906616211e-05,0.1,1,BERT:bert_class_weighted,Class weight
663,emscad_04975,Project Manager,Project Manager,0,0,0.9999242424964905,7.575750350952148e-05,0.1,1,BERT:bert_class_weighted,Class weight
664,emscad_04980,Local start-up See Jane Fix is seeking experts in cell phone and tablet repair for our growing client base in the Greate,Customer Happiness Technician (cell phone & tablet repair) for growing Seattle startup,0,0,0.9999469518661499,5.3048133850097656e-05,0.1,1,BERT:bert_class_weighted,Class weight
665,emscad_04985,Kettle is an independent digital agency based in New York City and the Bay Area. We’re committed to making digital do mo,SF | SR PRODUCER POOL @LDK,0,0,0.999934732913971,6.526708602905273e-05,0.1,1,BERT:bert_class_weighted,Class weight
666,emscad_04997,"Novitex Enterprise Solutions, formerly Pitney Bowes Management Services, delivers innovative document and communications",Customer Service Associate - Part Time,0,0,0.9999439120292664,5.608797073364258e-05,0.1,1,BERT:bert_class_weighted,Class weight
667,emscad_05001,Massive Media is the social media company behind the successful digital brands #URL_18234f381f5e7b9a9ffdc727cd05c9046edf,Partner Integration Engineer - Gatcha!,0,0,0.9999421834945679,5.7816505432128906e-05,0.1,1,BERT:bert_class_weighted,Class weight
668,emscad_05005,We are seeking a seasoned Temporary Accounts Receivable professional with 3-5 years of experience working with high end ,Accounts Receivable Analyst,0,0,0.9989452362060547,0.0010547637939453125,0.1,1,BERT:bert_class_weighted,Class weight
669,emscad_05007,"This initiative is being led by a very talented, energetic and inspirational group of young Greek leaders called “Global",Internship (Marketing),0,0,0.9999054074287415,9.459257125854492e-05,0.1,1,BERT:bert_class_weighted,Class weight
670,emscad_05010,"Novitex Enterprise Solutions, formerly Pitney Bowes Management Services, delivers innovative document and communications",Customer Service Associate - On Call,0,0,0.999947726726532,5.227327346801758e-05,0.1,1,BERT:bert_class_weighted,Class weight
671,emscad_05012,"Super Soccer Stars is the country's most popular soccer development program for kids. For over a decade, we have provide",Scheduling Assistant,0,0,0.9999381899833679,6.181001663208008e-05,0.1,1,BERT:bert_class_weighted,Class weight
672,emscad_05033,About LocationGuru Solutions Pvt. Ltd LocationGuru Solutions is a leading turnkey solution provider in Location Based Se,Tech Lead- Java/ J2EE,0,0,0.9998980760574341,0.00010192394256591797,0.1,1,BERT:bert_class_weighted,Class weight
673,emscad_05034,Operations Manager Job Category: Supervisory Country: Philippines Location: Pasig,Operations Manager,0,0,0.998204231262207,0.0017957687377929688,0.1,1,BERT:bert_class_weighted,Class weight
674,emscad_05036,AtDrive is a prominent IT product development and software service firm that provides high end technology solutions to i,Software Development Engineer,0,0,0.9999302625656128,6.973743438720703e-05,0.1,1,BERT:bert_class_weighted,Class weight
675,emscad_05038,SDI Marketing started in 1988 as a small marketing agency with one simple philosophy: make our client's business our bus,Mystery Shopper - Montana,0,0,0.9999481439590454,5.1856040954589844e-05,0.1,1,BERT:bert_class_weighted,Class weight
676,emscad_05044,"Argenta Field Solutions values the client, creates income streams for them through our sales mechanism and focuses on qu",Sales Representative with Management Training - AT&T,0,0,0.9999520778656006,4.792213439941406e-05,0.1,1,BERT:bert_class_weighted,Class weight
677,emscad_05047,"Fresh design, is an interactive & graphic design studio based in Athens. With years of experience, we always develop uni",Senior Web Developer,0,0,0.9999475479125977,5.245208740234375e-05,0.1,1,BERT:bert_class_weighted,Class weight
678,emscad_05049,Transifex is a SaaS continuous localization platform powering the process of launching products into multiple languages ,Growth Hacker / Analyst,0,0,0.9999507069587708,4.929304122924805e-05,0.1,1,BERT:bert_class_weighted,Class weight
679,emscad_05053,"Crafty Devil are looking for a Technical Production Manager, to coordinate the activities of the development team. This ",Technical Team Leader,0,0,0.9980010986328125,0.0019989013671875,0.1,1,BERT:bert_class_weighted,Class weight
680,emscad_05054,Manage outreach and recruitment activities for allied health courses,Outreach Specialist,0,0,0.9998012781143188,0.00019872188568115234,0.1,1,BERT:bert_class_weighted,Class weight
681,emscad_05056,EUROPEAN DYNAMICS (#URL_c66532ffa1ce76ab447da6774719060c42c584edbf44d74cdb94fc4ac219ca45#) is a leading European Softwar,Senior ColdFusion Developer,0,0,0.9999374747276306,6.252527236938477e-05,0.1,1,BERT:bert_class_weighted,Class weight
682,emscad_05066,"Novitex Enterprise Solutions, formerly Pitney Bowes Management Services, delivers innovative document and communications",Customer Service Associate,0,0,0.9999473094940186,5.269050598144531e-05,0.1,1,BERT:bert_class_weighted,Class weight
683,emscad_05077,As Brewbot grows in Belfast and the US we are looking for an Office Manager to be based in Belfast.,Office Manager,0,0,0.9999473094940186,5.269050598144531e-05,0.1,1,BERT:bert_class_weighted,Class weight
684,emscad_05080,"Baesman is a nationally-recognized, single-source provider of direct marketing strategy and solutions, including CRM dat",Bindery Operator,0,0,0.9999305009841919,6.949901580810547e-05,0.1,1,BERT:bert_class_weighted,Class weight
685,emscad_05083,#URL_e7c9057d5e6f097876436d175031e95669ede4ebaab52b6be0957c837bc98343#,Title Insurance: Commercial Title Processor/ Production Assistant,0,0,0.999056339263916,0.0009436607360839844,0.1,1,BERT:bert_class_weighted,Class weight
686,emscad_05099,Job Overview,Industrial Hygienist,0,0,0.9999372363090515,6.276369094848633e-05,0.1,1,BERT:bert_class_weighted,Class weight
687,emscad_05112,"QB Medical Inc. is a medical supply distributor located in Chula Vista, CA. Founded in 2005, we now services over 100 go",Sourcing Specialist,0,0,0.9998961091041565,0.00010389089584350586,0.1,1,BERT:bert_class_weighted,Class weight
688,emscad_05118,Balanced Labs exists to provide accountants and small businesses everywhere with a better life through intelligent and e,Designer: Creative Recruiter,0,0,0.9999441504478455,5.5849552154541016e-05,0.1,1,BERT:bert_class_weighted,Class weight
689,emscad_05120,Volunteers of America is a faith-based human services organization. We are dedicated to helping individuals and families,Shift Supervisor,0,0,0.9999000430107117,9.995698928833008e-05,0.1,1,BERT:bert_class_weighted,Class weight
690,emscad_05121,"Babbel enables anyone to learn languages in an easy and interactive way. The learning system offers 13 languages, from E",Team Assistant Didactics (m/f),0,0,0.999920666217804,7.933378219604492e-05,0.1,1,BERT:bert_class_weighted,Class weight
691,emscad_05126,Our company is a young and highly dynamic b2b & online multi-channel and multi-national retailer working very closely wi,Business Development & Sales Consultant,0,0,0.9999423623085022,5.7637691497802734e-05,0.1,1,BERT:bert_class_weighted,Class weight
692,emscad_05128,"Novitex Enterprise Solutions, formerly Pitney Bowes Management Services, delivers innovative document and communications",Customer Service Associate,0,0,0.9999481439590454,5.1856040954589844e-05,0.1,1,BERT:bert_class_weighted,Class weight
693,emscad_05131,"If you have an appetite for new technology and a desire to be part of a rapidly growing company, then OpenCrowd is for y",User Experience Architect,0,0,0.9999339580535889,6.604194641113281e-05,0.1,1,BERT:bert_class_weighted,Class weight
694,emscad_05133,"World Aero provide superior quality component repairs to the global aviation industry, specialising in aircraft wheel & ",Part Time Marketing Executive,0,0,0.9999178051948547,8.219480514526367e-05,0.1,1,BERT:bert_class_weighted,Class weight
695,emscad_05137,Title: VMWare vFabric Consultant,VMWare vFabric Consultant,0,0,0.9998666048049927,0.00013339519500732422,0.1,1,BERT:bert_class_weighted,Class weight
696,emscad_05141,SportPointMe is a new start up that was born during the StartUpWeekend in Athens in 2013. We got positive comments and f,Mobile Designer/Co-founder,0,0,0.9999282956123352,7.170438766479492e-05,0.1,1,BERT:bert_class_weighted,Class weight
697,emscad_05147,Q2Hire has been delivering concrete results for more than 10 years. And this successful history has a formula: Your goal,Java / J2ee Developers,0,0,0.9999393820762634,6.0617923736572266e-05,0.1,1,BERT:bert_class_weighted,Class weight
698,emscad_05159,"Novitex Enterprise Solutions, formerly Pitney Bowes Management Services, delivers innovative document and communications",Customer Service Associate,0,0,0.9999432563781738,5.6743621826171875e-05,0.1,1,BERT:bert_class_weighted,Class weight
699,emscad_05163,"Valor Services provides Workforce Solutions that meet the needs of companies across the Private Sector, with a special f",Now Hiring Oil and Energy Professionals,0,0,0.9999391436576843,6.085634231567383e-05,0.1,1,BERT:bert_class_weighted,Class weight
700,emscad_05170,Established on the principles that full time education is not for everyone Spectrum Learning is made up of a team of pas,Burnley Business Admin Apprenticeship Under NAS 16-18 Year Olds Only,0,0,0.9999475479125977,5.245208740234375e-05,0.1,1,BERT:bert_class_weighted,Class weight
701,emscad_05173,Tel Tech Networks is a Voice/Data/Video/Security systems contractor operating primarily in the Southwestern United State,Security Tech,0,0,0.9999324083328247,6.759166717529297e-05,0.1,1,BERT:bert_class_weighted,Class weight
702,emscad_05174,Visual BI is one of the leading and fastest growing firms focusing exclusively on BI & Analytics. Our offerings cover en,FastTrack June'14 Fresher Hire Program,0,0,0.9999507069587708,4.929304122924805e-05,0.1,1,BERT:bert_class_weighted,Class weight
703,emscad_05185,"Newmedica is a dynamic, innovative UK healthcare company that works in partnership with the NHS to deliver specialist cl","Clinic Assistant, Kingston",0,0,0.9999493360519409,5.066394805908203e-05,0.1,1,BERT:bert_class_weighted,Class weight
704,emscad_05189,"eproductions interactive web team - Ruby on Rails custom web design and development. We develop clean web, social and mo",web designer,0,0,0.999934196472168,6.580352783203125e-05,0.1,1,BERT:bert_class_weighted,Class weight
705,emscad_05194,About The Symicor Group:,"SBA Loan Underwriter-NW Suburbs Chicago, IL",0,0,0.9999493360519409,5.066394805908203e-05,0.1,1,BERT:bert_class_weighted,Class weight
706,emscad_05198,"SummaView is een jong bedrijf uit Amersfoort die mensen, kennis en software levert ophet snijvlak van controlling en Bus",OUD: SummaView zoekt een Senior Developer 2,0,0,0.9999426007270813,5.739927291870117e-05,0.1,1,BERT:bert_class_weighted,Class weight
707,emscad_05200,"Eastnet Claims will guide you the process of claiming compensation after the road traffic accident or criminal assault, ",Customer Service Advisor Internship,0,0,0.9998427629470825,0.00015723705291748047,0.1,1,BERT:bert_class_weighted,Class weight
708,emscad_05214,JOB TITLE – Software Developer-PHP,PHP SOFTWARE DEVELOPER,0,0,0.9998528957366943,0.00014710426330566406,0.1,1,BERT:bert_class_weighted,Class weight
709,emscad_05217,"Novitex Enterprise Solutions, formerly Pitney Bowes Management Services, delivers innovative document and communications",Customer Service Driver I,0,0,0.9999450445175171,5.4955482482910156e-05,0.1,1,BERT:bert_class_weighted,Class weight
710,emscad_05219,Ευκαιρίες Εργασίας στο #URL_a38fcd24d7eeecf239b16f8996d1d881661dc0dbf4d447c4df71781d829512c4#,Web designer- Internship position,0,0,0.9999245405197144,7.545948028564453e-05,0.1,1,BERT:bert_class_weighted,Class weight
711,emscad_05221,"Dice is a highly specialized online marketing and software development firm headquartered in Portland, Oregon—the heart ",Sales Executive,0,0,0.9999481439590454,5.1856040954589844e-05,0.1,1,BERT:bert_class_weighted,Class weight
712,emscad_05228,"Namely is the leading end-to-end HR and payroll platform for growing companies. Offerings include human payroll, benefit",Data Analyst,0,0,0.9999475479125977,5.245208740234375e-05,0.1,1,BERT:bert_class_weighted,Class weight
713,emscad_05235,International Downtown San Antonio firm is seeking a litigation legal secretary to support 3-4 attorneys. This practice ,Litigation Legal Secretary,0,0,0.99988853931427,0.00011146068572998047,0.1,1,BERT:bert_class_weighted,Class weight
714,emscad_05245,Vidcaster is seeking a driven sales executive with a successful track record of closing enterprise software business. Th,Sales Executive,0,0,0.9999386668205261,6.133317947387695e-05,0.1,1,BERT:bert_class_weighted,Class weight
715,emscad_05248,"SpotSource Solutions LLC is a Global Human Capital Management Consulting firm headquartered in Miami, Florida. Founded i",Traffic Manager,0,0,0.9999479651451111,5.2034854888916016e-05,0.1,1,BERT:bert_class_weighted,Class weight
716,emscad_05252,About ISON Psychometrica,Business development-Career Counseling,0,0,0.9999366998672485,6.330013275146484e-05,0.1,1,BERT:bert_class_weighted,Class weight
717,emscad_05255,"We are a specialty retailer offering the very best of what’s next in fashion for men, women and children since 1901. THE",Customer Service Specialist,1,0,0.999899685382843,0.00010031461715698242,0.1,0,BERT:bert_class_weighted,Class weight
718,emscad_05257,"VouchedFor is a highly disruptive start up in the Financial Advice market. Created in 2011, we are an innovative start-u",Member Coach,0,0,0.9999426007270813,5.739927291870117e-05,0.1,1,BERT:bert_class_weighted,Class weight
719,emscad_05258,"Clean Nature (Domestic Service)is hiring experienced Residential House Keepers. We need a team of dedicated, hard workin",Housekeeper,0,0,0.9998717308044434,0.00012826919555664062,0.1,1,BERT:bert_class_weighted,Class weight
720,emscad_05262,We are looking to hire a UX Designer to join our development #URL_4c09fe5b296d7017526bab43bed2ec016f1442d46f867daa80166a,UX DESIGNER,0,0,0.9996640682220459,0.00033593177795410156,0.1,1,BERT:bert_class_weighted,Class weight
721,emscad_05267,Tel Tech Networks is a Voice/Data/Video/Security systems contractor operating primarily in the Southwestern United State,"Telecommunications Lead Technician, 3rd Shift",0,0,0.9998902678489685,0.00010973215103149414,0.1,1,BERT:bert_class_weighted,Class weight
722,emscad_05268,The story of the Great Chicago Fire of 1871 isn’t really about the fire. It’s about what happened next: A remarkable mom,UX Designer - 1871 General Companies,0,0,0.9999203085899353,7.969141006469727e-05,0.1,1,BERT:bert_class_weighted,Class weight
723,emscad_05277,We are looking for a passionate Sales Director to join our team in San Francisco area. This position should manage retai,Sales Director,0,0,0.9998365640640259,0.0001634359359741211,0.1,1,BERT:bert_class_weighted,Class weight
724,emscad_05278,Want to build a 21st century financial service?,VP Engineering,0,0,0.9999334216117859,6.657838821411133e-05,0.1,1,BERT:bert_class_weighted,Class weight
725,emscad_05281,We deliver premium value at competitive prices. Our services are matchless and provide long term benefits to our clients,"Mixers/Batch Makers (Commercial Bakery) | North York, ON",0,0,0.9999263286590576,7.367134094238281e-05,0.1,1,BERT:bert_class_weighted,Class weight
726,emscad_05284,Jiffy Worldwide is the parent company of the Jiffy Group of Companies. Jiffy operates a mobile application development c,Chief Operating Officer,0,0,0.9999282956123352,7.170438766479492e-05,0.1,1,BERT:bert_class_weighted,Class weight
727,emscad_05285,"Social Media has the power to shape, educate and grow amazing organisations across the world. We're on a mission to make",Senior Developer,0,0,0.9999386668205261,6.133317947387695e-05,0.1,1,BERT:bert_class_weighted,Class weight
728,emscad_05295,On behalf of our client we are looking for a CRM Manager to join one of the major brands in the gaming industry.,CRM Manager,0,0,0.9999178051948547,8.219480514526367e-05,0.1,1,BERT:bert_class_weighted,Class weight
729,emscad_05299,"Inctor Consulting is world wide known for advising, and giving answers to some of the most difficult hurdles but providi",Customer Assistant,1,1,0.0,1.0,0.1,1,BERT:bert_class_weighted,Class weight
730,emscad_05305,We are looking for a passionate Sales Director to join our team in San Francisco area. This position should manage retai,Sales Director,0,0,0.9998390674591064,0.0001609325408935547,0.1,1,BERT:bert_class_weighted,Class weight
731,emscad_05314,Balanced Labs exists to provide accountants and small businesses everywhere with a better life through intelligent and e,Designer: Freelancer,0,0,0.9999414682388306,5.8531761169433594e-05,0.1,1,BERT:bert_class_weighted,Class weight
732,emscad_05315,Eviture is a professional services firm that specialise in leading enterprise agile delivery for complex business and IT,Microsoft .Net and C# developer,0,0,0.9999344348907471,6.556510925292969e-05,0.1,1,BERT:bert_class_weighted,Class weight
733,emscad_05318,"We are seeking self-motivated, self sufficient, consulting professionals who understand the daily activities required to",Commercial and Government Lighting Retrofit Consultant (LED),0,0,0.99993497133255,6.502866744995117e-05,0.1,1,BERT:bert_class_weighted,Class weight
734,emscad_05323,"Growing event production company providing staging, scenic, and drapery primarily in the state of Florida. We have a sec",Carpentery Assistant,0,0,0.999934732913971,6.526708602905273e-05,0.1,1,BERT:bert_class_weighted,Class weight
735,emscad_05326,RHB Recruitment Ltd is a business process outsourcing company with its state-of-the-art delivery center (existing capaci,SQL Developer ( MS SQL Server),0,0,0.9997498989105225,0.00025010108947753906,0.1,1,BERT:bert_class_weighted,Class weight
736,emscad_05332,Welcome guests into the office,Office Manager,0,0,0.99609375,0.00390625,0.1,1,BERT:bert_class_weighted,Class weight
737,emscad_05336,"We are seeking self-motivated, self sufficient, consulting professionals who understand the daily activities required to",Commercial and Government Solar Consultant,0,0,0.9999184608459473,8.153915405273438e-05,0.1,1,BERT:bert_class_weighted,Class weight
738,emscad_05344,Since 1978,Backstage Pass Internship,0,0,0.9999302625656128,6.973743438720703e-05,0.1,1,BERT:bert_class_weighted,Class weight
739,emscad_05345,Mindworks interactive is one of the fastest growing Digital Agencies and the leading Performance Marketing Agency in Gre,"Digital Marketing Paid Internship (Adwords, SEO, Facebook Ads, Analytics)",0,0,0.9999454617500305,5.453824996948242e-05,0.1,1,BERT:bert_class_weighted,Class weight
740,emscad_05350,Want to build a 21st century financial service?,Copywriter,0,0,0.9999035000801086,9.649991989135742e-05,0.1,1,BERT:bert_class_weighted,Class weight
741,emscad_05395,"Babbel enables anyone to learn languages in an easy and interactive way. The learning system offers 13 languages, from E",Freelance Customer Service Agent English,0,0,0.999923050403595,7.69495964050293e-05,0.1,1,BERT:bert_class_weighted,Class weight
742,emscad_05397,NFP is a leader in the delivery of benefits solutions for companies of all sizes and in the delivery of life insurance a,Account Executive,0,0,0.9999266266822815,7.337331771850586e-05,0.1,1,BERT:bert_class_weighted,Class weight
743,emscad_05423,"Optimy is a fast-growing company that develops and sells a unique solution (as a SaaS web- application) for sponsorship,",Sales & Marketing Trainee,0,0,0.9999497532844543,5.02467155456543e-05,0.1,1,BERT:bert_class_weighted,Class weight
744,emscad_05441,"EatAds is a global platform business, like #URL_21e7f703da8e28a4edd962a114e1af7ba244609a9ccd3760ae493e9f447c25fe# or #UR",Systems Administrator (Delhi),0,0,0.9999467134475708,5.328655242919922e-05,0.1,1,BERT:bert_class_weighted,Class weight
745,emscad_05448,Position: Call Center Customer Service Agent,Customer Service Agent,0,1,0.0029296875,0.9970703125,0.1,0,BERT:bert_class_weighted,Class weight
746,emscad_05457,"Hi,",HP eXstream Developer,0,0,0.9983224868774414,0.0016775131225585938,0.1,1,BERT:bert_class_weighted,Class weight
747,emscad_05463,NoSleepForSheep is a Nashville-based creative agency that is passionate about crafting meaningful digital media experien,Part Time Front End Designer With WordPress Experience,0,0,0.9999471306800842,5.2869319915771484e-05,0.1,1,BERT:bert_class_weighted,Class weight
748,emscad_05472,Essence London is a members lifestyle club – offering bespoke concierge service and proactive assistance to a select few,Client Services Assistant,0,0,0.9999324083328247,6.759166717529297e-05,0.1,1,BERT:bert_class_weighted,Class weight
749,emscad_05474,"""Our mission to our clients is to preserve their independence, enhance their quality of life, promote health & wellbeing",Scheduling Assistant,0,0,0.9998528957366943,0.00014710426330566406,0.1,1,BERT:bert_class_weighted,Class weight
750,emscad_05477,"Tidewater Finance Co. was established in 1992 for the initial purpose of purchasing, and servicing retail installment co",Collections Representatives,0,0,0.9999452233314514,5.4776668548583984e-05,0.1,1,BERT:bert_class_weighted,Class weight
751,emscad_05482,We are looking for a web developer who would like to join Adform Marketing Team in Vilnius.,Web Developer @ Marketing Team,0,0,0.999934196472168,6.580352783203125e-05,0.1,1,BERT:bert_class_weighted,Class weight
752,emscad_05518,"Squiz is one of the world's leading web solutions companies. We design, build and manage engaging websites and online ap",Senior UX Consultant,0,0,0.9999441504478455,5.5849552154541016e-05,0.1,1,BERT:bert_class_weighted,Class weight
753,emscad_05522,G3 Communications is a fast-growing B2B content agency that specializes in custom content creation and demand generation,Event/ Marketing Coordinator,0,0,0.9999452233314514,5.4776668548583984e-05,0.1,1,BERT:bert_class_weighted,Class weight
754,emscad_05534,Our passion for improving quality of life through geography is at the heart of everything we do. Esri’s geographic infor,Human Resources Partner,0,0,0.9998948574066162,0.00010514259338378906,0.1,1,BERT:bert_class_weighted,Class weight
755,emscad_05544,"Mid-sized, market leading web/mobile Video Tech Company in NYC. Outstanding leadership team, strong VC funding and a hea",Inside Sales Exec - Web/Mobile SaaS,0,0,0.9999403357505798,5.9664249420166016e-05,0.1,1,BERT:bert_class_weighted,Class weight
756,emscad_05545,Gust is a global platform for the sourcing and management of early-stage investments. Gust enables skilled entrepreneurs,Senior UX Designer,0,0,0.999943733215332,5.626678466796875e-05,0.1,1,BERT:bert_class_weighted,Class weight
757,emscad_05547,"The RealReal is changing the way people buy and sell luxury items. The leader in luxury resale, the company is a full se",Luxury Manager,0,0,0.9999155402183533,8.445978164672852e-05,0.1,1,BERT:bert_class_weighted,Class weight
758,emscad_05565,#URL_c379aa631173ed5b7c345ab3f500a9a053e509138ca70e52c1088e5a784dc8d7# is a modern online travel agency that was founded,Management Trainee,0,0,0.9999294281005859,7.05718994140625e-05,0.1,1,BERT:bert_class_weighted,Class weight
759,emscad_05568,Process Unlimited and Refined Resources have partnered up in an effort to streamline the hiring process and provide a mo,Process Safety Engineer,1,1,0.0,1.0,0.1,1,BERT:bert_class_weighted,Class weight
760,emscad_05569,"Novitex Enterprise Solutions, formerly Pitney Bowes Management Services, delivers innovative document and communications",Customer Service Associate,0,0,0.9999456405639648,5.435943603515625e-05,0.1,1,BERT:bert_class_weighted,Class weight
761,emscad_05570,About The Symicor Group:,"Business Banker III-Pittsburgh,PA",0,0,0.9999456405639648,5.435943603515625e-05,0.1,1,BERT:bert_class_weighted,Class weight
762,emscad_05572,Netigate is a leading European provider of cloud based services for online surveys that are primarily used for voice of ,Sales Manager Netigate Oslo,0,0,0.9999445676803589,5.543231964111328e-05,0.1,1,BERT:bert_class_weighted,Class weight
763,emscad_05577,"Social Care Alba is the highest graded Care at Home Company in the country. We hold awards in Investors in People, Healt",Home Carer (Personal Assistant),0,0,0.9999405741691589,5.942583084106445e-05,0.1,1,BERT:bert_class_weighted,Class weight
764,emscad_05583,Greetings from VAM SYSTEMS.....,Dotnet Developer Required for Qatar,1,1,0.0,1.0,0.1,1,BERT:bert_class_weighted,Class weight
765,emscad_05590,"Neverbland is a team of designers, developers and doers. Specialists in user experience, interaction design and product ",Digital Producer,0,0,0.9999359846115112,6.401538848876953e-05,0.1,1,BERT:bert_class_weighted,Class weight
766,emscad_05604,Want to build a 21st century financial service?,Mobile Product Manager,0,0,0.9999251365661621,7.486343383789062e-05,0.1,1,BERT:bert_class_weighted,Class weight
767,emscad_05608,Keywords,Graphic Designer,0,0,0.9999294281005859,7.05718994140625e-05,0.1,1,BERT:bert_class_weighted,Class weight
768,emscad_05622,Our passion for improving quality of life through geography is at the heart of everything we do. Esri’s geographic infor,Human Resources Partner,0,0,0.9998927712440491,0.00010722875595092773,0.1,1,BERT:bert_class_weighted,Class weight
769,emscad_05632,"Linkwise is the leading affiliate network in S.E. Europe. Launched in 2008, it has since been at the forefront of the Af",Account Manager,0,0,0.9999428391456604,5.716085433959961e-05,0.1,1,BERT:bert_class_weighted,Class weight
770,emscad_05637,WHO WE ARE In2media has ever since the early start in 1994 grown into being a full service digital agency. Following the,Project Manager,0,0,0.9999352097511292,6.479024887084961e-05,0.1,1,BERT:bert_class_weighted,Class weight
771,emscad_05663,Working for Status Solutions means that you are working to make a difference in the world. We are a small technology com,Technical Support Representative,0,0,0.9999285936355591,7.140636444091797e-05,0.1,1,BERT:bert_class_weighted,Class weight
772,emscad_05665,"Stokes Automotive Group-Beaufort is a family owned and operated dealer group in Beaufort, SC. Stokes is the leader in th",Office Manager,0,0,0.9999000430107117,9.995698928833008e-05,0.1,1,BERT:bert_class_weighted,Class weight
773,emscad_05685,"Gelato Group is a SaaS company. We've developed a global print engine integrated with the print ecosystem’s key players,",Chief Technical Officer,0,0,0.9999389052391052,6.109476089477539e-05,0.1,1,BERT:bert_class_weighted,Class weight
774,emscad_05690,"At Hayes-Corp, we create the fun stuff. With a focus on software development for mobile platforms, we are constantly loo",Product Manager,0,0,0.9999462962150574,5.370378494262695e-05,0.1,1,BERT:bert_class_weighted,Class weight
775,emscad_05709,"""Our mission to our clients is to preserve their independence, enhance their quality of life, promote health & wellbeing",Caregiver-Berrien County Michigan,0,0,0.9999462962150574,5.370378494262695e-05,0.1,1,BERT:bert_class_weighted,Class weight
776,emscad_05735,Work for a world leading NGO- Non Governmental Organisation,Part Time Ground representative,0,0,0.920654296875,0.079345703125,0.1,1,BERT:bert_class_weighted,Class weight
777,emscad_05737,"Duration: Full time / W2 Location: Piscataway,NJ Job description: BA/QA We are looking to hire resources for our Financi",Jr. Business Analyst & Quality Analyst (entry level),0,0,0.9997131824493408,0.0002868175506591797,0.1,1,BERT:bert_class_weighted,Class weight
778,emscad_05743,"Novitex Enterprise Solutions, formerly Pitney Bowes Management Services, delivers innovative document and communications",Customer Service Representative,0,0,0.9999503493309021,4.965066909790039e-05,0.1,1,BERT:bert_class_weighted,Class weight
779,emscad_05744,"The Central California SPCA (CCSPCA), established in 1946 and located in Fresno County, California, is a 501(c)(3) non-p",License Enforcement Officer,0,0,0.9999291300773621,7.086992263793945e-05,0.1,1,BERT:bert_class_weighted,Class weight
780,emscad_05754,"AGOGO creates a personalized audio channel by bringing together your favorite programming -- news, entertainment, sports",UI/UX Designer,0,0,0.999934196472168,6.580352783203125e-05,0.1,1,BERT:bert_class_weighted,Class weight
781,emscad_05756,Why CSD?,New York Captioning Assistant,0,0,0.9999326467514038,6.73532485961914e-05,0.1,1,BERT:bert_class_weighted,Class weight
782,emscad_05757,"Zoottle is a startup founded by IT, Telco and Web services veterans with worldwide sales, marketing and services experie",LINUX SYSTEMS ENGINEER #2,0,0,0.9999419450759888,5.805492401123047e-05,0.1,1,BERT:bert_class_weighted,Class weight
783,emscad_05764,Albion Drive,Start-Up PR Account Executive,0,0,0.9999417066574097,5.829334259033203e-05,0.1,1,BERT:bert_class_weighted,Class weight
784,emscad_05777,"The only thing your company is right now, is the group of people you employ and how they work together. Thats it. We hel",Account Manager,0,0,0.9999096989631653,9.03010368347168e-05,0.1,1,BERT:bert_class_weighted,Class weight
785,emscad_05782,"Glide was founded in 2012 by Ari Roisman, Jonathan Caras and Adam Korbl - three successful entrepreneurs who live thousa",User Analytics Associate,0,0,0.9999279975891113,7.200241088867188e-05,0.1,1,BERT:bert_class_weighted,Class weight
786,emscad_05787,"Aclima is an early-stage company based in San Francisco that designs and deploys distributed, large-scale sensor network",UI / UX Designer,0,0,0.9999412298202515,5.8770179748535156e-05,0.1,1,BERT:bert_class_weighted,Class weight
787,emscad_05788,"As a growing and successful startup, Conversocial is a great place to work for ambitious individuals.",Integration Engineer,0,0,0.9999315738677979,6.842613220214844e-05,0.1,1,BERT:bert_class_weighted,Class weight
788,emscad_05791,Positionly Inc. is a company that provides the highest quality SEO software for 2000+ companies worldwide. Our product o,Junior SEO Specialist,0,0,0.999934732913971,6.526708602905273e-05,0.1,1,BERT:bert_class_weighted,Class weight
789,emscad_05792,"HireHopes is the premier professional services consulting firm that specializes in strategic job search, career adviseme",Headhunter / Recruiter - Looking for Partner,0,0,0.9999344348907471,6.556510925292969e-05,0.1,1,BERT:bert_class_weighted,Class weight
790,emscad_05795,Why CSD?,Texas Communication Assistant,0,0,0.9999212622642517,7.873773574829102e-05,0.1,1,BERT:bert_class_weighted,Class weight
791,emscad_05813,StartupTAP is not a conventional recruiting agency. We're true Talent Acquisition Partners.,"Account Executive - Houston, TX",0,0,0.9999499320983887,5.0067901611328125e-05,0.1,1,BERT:bert_class_weighted,Class weight
792,emscad_05818,We are a young tech company specialising in long-term data storage.,OS X Application Developer,0,0,0.9999282956123352,7.170438766479492e-05,0.1,1,BERT:bert_class_weighted,Class weight
793,emscad_05835,"For more than a decade, we EXIS I.T. provide services & solutions that give our clients competitive advantages. We close",JavaScript / .net Developer,0,0,0.999944806098938,5.519390106201172e-05,0.1,1,BERT:bert_class_weighted,Class weight
794,emscad_05859,One of the growth successful interactive accountable digital networks broadcasting DOOH interactive entertainment is see,Media Sales Manager - In New Media Advertising (DOOH),0,0,0.9999372363090515,6.276369094848633e-05,0.1,1,BERT:bert_class_weighted,Class weight
795,emscad_05865,"Ybrant Digital is the new-age digital media company offering Digital Marketing solutions to businesses, agencies, and on",Business Development Director,0,0,0.9999481439590454,5.1856040954589844e-05,0.1,1,BERT:bert_class_weighted,Class weight
796,emscad_05871,"UAH is a full service multi-divisional private investment company. We provide personalized real estate development, mana",Receptionist Office Asst.,1,0,0.9991655349731445,0.0008344650268554688,0.1,0,BERT:bert_class_weighted,Class weight
797,emscad_05875,Graphs are everywhere. From websites adding social capabilities to Telco’s providing personalized customer services to i,Field Engineer,0,0,0.999929666519165,7.033348083496094e-05,0.1,1,BERT:bert_class_weighted,Class weight
798,emscad_05882,"At McLane Intel, we believe that everyone should love where they work! We understand that our ongoing success is attribu",Account Manager,0,0,0.9999302625656128,6.973743438720703e-05,0.1,1,BERT:bert_class_weighted,Class weight
799,emscad_05887,Are you interested in working for the Federal Government and making a difference in helping to support work in developme,Programmatic Administrative Assistant,0,1,0.0,1.0,0.1,0,BERT:bert_class_weighted,Class weight
800,emscad_05892,"Novitex Enterprise Solutions, formerly Pitney Bowes Management Services, delivers innovative document and communications",Customer Service Associate,0,0,0.9999473094940186,5.269050598144531e-05,0.1,1,BERT:bert_class_weighted,Class weight
801,emscad_05901,"We help financial service providers and advisors form rich, lasting relationships. AdvisorConnect’s patent pending techn",Front End Developer,0,0,0.9999398589134216,6.014108657836914e-05,0.1,1,BERT:bert_class_weighted,Class weight
802,emscad_05908,"If you’re looking for a long-term volunteering opportunity, the International Humanity Foundation is offering you the ch",Become a co-Director in Indonesia,0,0,0.9999200105667114,7.998943328857422e-05,0.1,1,BERT:bert_class_weighted,Class weight
803,emscad_05926,Saras America's Microsoft Center of Excellence can help you:,Siebel Integration Developer,0,0,0.9999389052391052,6.109476089477539e-05,0.1,1,BERT:bert_class_weighted,Class weight
804,emscad_05936,Axonix is a global mobile advertising technology company that's powered by a platform with a 4 year history of leading t,Technical Account Manager & Onboarding Lead,0,0,0.9999473094940186,5.269050598144531e-05,0.1,1,BERT:bert_class_weighted,Class weight
805,emscad_05948,Reel Creative Studios is a multi purpose production studio located in Chelsea NYC. Our goal is to help our clients achie,DP - Director of Photography,0,0,0.9999093413352966,9.065866470336914e-05,0.1,1,BERT:bert_class_weighted,Class weight
806,emscad_05952,"ValleySoft is a fast growing global IT Services & Solutions company based in Silicon Valley, USA . At ValleySoft, we str",.Net Production Support,0,0,0.9999441504478455,5.5849552154541016e-05,0.1,1,BERT:bert_class_weighted,Class weight
807,emscad_05954,NOW: Pensions is a UK based multi-employer trust serving thousands of employers and hundreds of thousands of employees f,Telemarketer or Appointment Setter,0,0,0.9999405741691589,5.942583084106445e-05,0.1,1,BERT:bert_class_weighted,Class weight
808,emscad_05969,WannaYum is a user-centric mobile food-ordering platform that attracts and retains customers through a proprietary embed,Community Activation Manager - New York City,0,0,0.9999450445175171,5.4955482482910156e-05,0.1,1,BERT:bert_class_weighted,Class weight
809,emscad_05983,"Softomotive Ltd is a Software Development company located in Athens, Greece. We specialize in Process Automation softwar",Junior Developer / Professional Services Agent,0,0,0.9999039173126221,9.608268737792969e-05,0.1,1,BERT:bert_class_weighted,Class weight
810,emscad_05987,"We’ve built revolutionary technology that is changing the way people get around cities. Using Via, a luxury ride booked ",VP Legal/Finance,0,0,0.9999432563781738,5.6743621826171875e-05,0.1,1,BERT:bert_class_weighted,Class weight
811,emscad_05998,"Felsburg Holt & Ullevig is a consulting firm specializing in transportation and environmental planning, traffic engineer",Senior Traffic Engineer,0,0,0.9998803734779358,0.00011962652206420898,0.1,1,BERT:bert_class_weighted,Class weight
812,emscad_06004,Visual BI is one of the leading and fastest growing firms focusing exclusively on BI & Analytics. Our offerings cover en,Graduate Intern - Python and Mongo DB,0,0,0.9999514818191528,4.851818084716797e-05,0.1,1,BERT:bert_class_weighted,Class weight
813,emscad_06023,"Unser Anspruch ist es, die Leistungsfähigkeit der von uns beratenen Unternehmen und Organisationen nachhaltig und langfr",Hausmeister,0,0,0.999899685382843,0.00010031461715698242,0.1,1,BERT:bert_class_weighted,Class weight
814,emscad_06042,"The Senior Systems Engineer will be responsible for building high-performance, scalable, robust systems leveraging a ran",Senior PHP Engineer,0,0,0.9998446702957153,0.00015532970428466797,0.1,1,BERT:bert_class_weighted,Class weight
815,emscad_06049,Human capital is usually the biggest asset and expense for a company. Making the right hire – the first time – is critic,Director of Computer and Server Validation,0,0,0.9999240040779114,7.599592208862305e-05,0.1,1,BERT:bert_class_weighted,Class weight
816,emscad_06053,Making music is easier now than ever.,Mobile Software Engineer,0,0,0.999933660030365,6.633996963500977e-05,0.1,1,BERT:bert_class_weighted,Class weight
817,emscad_06067,•Founded in 2003,Social Media and Marketing Intern,0,0,0.9998956918716431,0.0001043081283569336,0.1,1,BERT:bert_class_weighted,Class weight
818,emscad_06068,"O|Miga is a different type of business services firm. Founded by x-Big 4 partners, O|Miga offers accounting, payroll, hu",Accounting Associate - Restaurant Experience,0,0,0.9999479651451111,5.2034854888916016e-05,0.1,1,BERT:bert_class_weighted,Class weight
819,emscad_06073,Established on the principles that full time education is not for everyone Spectrum Learning is made up of a team of pas,HP2 7EA Business Admin Apprenticeship Under NAS 16-18 Year Olds Only,0,0,0.9999467134475708,5.328655242919922e-05,0.1,1,BERT:bert_class_weighted,Class weight
820,emscad_06081,Ava's Farm (at #URL_31a9446ce13682d0eb50436dd4cbd5f4c138a260e5979f9c71a29ddc643615f8# ) is an online marketplace where y,Social Media Specialist,0,0,0.999920666217804,7.933378219604492e-05,0.1,1,BERT:bert_class_weighted,Class weight
821,emscad_06082,"Brand Apps is a exciting, young company that creates mobile apps to help small businesses promote themselves. We are pas",PHP Web Developer,0,0,0.9999307990074158,6.920099258422852e-05,0.1,1,BERT:bert_class_weighted,Class weight
822,emscad_06097,Upstream’s mission is to revolutionise the way companies market to consumers through cutting edge technology. This is an,Account Manager South Africa,0,0,0.9999434947967529,5.650520324707031e-05,0.1,1,BERT:bert_class_weighted,Class weight
823,emscad_06102,"Sanah Infosolutions, Vadodara ( #URL_844a57e195d2bc7e0b45c326a4c38c0def69090fd971138ce16e11eb62071e4d# ) is looking for ",Business Development Manager,0,0,0.9984359741210938,0.00156402587890625,0.1,1,BERT:bert_class_weighted,Class weight
824,emscad_06116,"We are looking for IT Service Desk Specialist working in our office in District 12, Ho Chi Minh City. The primary object",IT Service Desk Specialist,0,0,0.9998464584350586,0.00015354156494140625,0.1,1,BERT:bert_class_weighted,Class weight
825,emscad_06120,"Cresttek is a subsidiary of American Hydrostatics, a 25 year old company providing Manufraturing and MRO services to Aut",Automotive Wiring Harness Designer,0,0,0.9998818039894104,0.00011819601058959961,0.1,1,BERT:bert_class_weighted,Class weight
826,emscad_06128,"Pollfish is a technology company that aims to change the landscape of market research. Accessing more than 14,000,000 co",Front End Developer,0,0,0.999947726726532,5.227327346801758e-05,0.1,1,BERT:bert_class_weighted,Class weight
827,emscad_06151,Convalescent Aid Society (CAS) is a non-profit organization dedicated to improving the quality of life for residents of ,Customer Service Personnel,0,0,0.9999164938926697,8.350610733032227e-05,0.1,1,BERT:bert_class_weighted,Class weight
828,emscad_06156,"At Hayes-Corp, we create the fun stuff. With a focus on software development for mobile platforms, we are constantly loo",Executive Assistant,0,0,0.999946117401123,5.3882598876953125e-05,0.1,1,BERT:bert_class_weighted,Class weight
829,emscad_06160,Inviting inspirational individuals,Senior Project Manager (aka Professional Juggler),0,0,0.9998722076416016,0.0001277923583984375,0.1,1,BERT:bert_class_weighted,Class weight
830,emscad_06161,Are you currently a caregiver or CNA or wish to become a caregiver and just don't know where to go? Contact Comfort Keep,Caregivers or CNAs,0,0,0.9999227523803711,7.724761962890625e-05,0.1,1,BERT:bert_class_weighted,Class weight
831,emscad_06168,Jiffy Worldwide is the parent company of the Jiffy Group of Companies. Jiffy operates a mobile application development c,Chief Operating Officer,0,0,0.9999282956123352,7.170438766479492e-05,0.1,1,BERT:bert_class_weighted,Class weight
832,emscad_06184,"SummaView is een jong bedrijf uit Amersfoort die mensen, kennis en software levert ophet snijvlak van controlling en Bus",OUD: Senior Developer 1,0,0,0.9999445676803589,5.543231964111328e-05,0.1,1,BERT:bert_class_weighted,Class weight
833,emscad_06186,Digital Brand Architects is a transformative boutique agency that expertly navigates the digital landscape through a two,Copywriter-Fashion & Beauty,0,0,0.9999452233314514,5.4776668548583984e-05,0.1,1,BERT:bert_class_weighted,Class weight
834,emscad_06196,Airenvy’s mission is to provide lucrative yet hassle free full service short term property management all around the wor,City Operations Manager,0,0,0.999933660030365,6.633996963500977e-05,0.1,1,BERT:bert_class_weighted,Class weight
835,emscad_06215,"Do you want to help people be more successful at work? Then consider Jhana, a feisty little startup that pursues this go",VP of Customer Success,0,0,0.9998681545257568,0.00013184547424316406,0.1,1,BERT:bert_class_weighted,Class weight
836,emscad_06218,"Founded in 2010 by a team from Google’s London and New York offices, Qubit work with some of the biggest names in Online",Inside Sales Manager - France,0,0,0.999950110912323,4.988908767700195e-05,0.1,1,BERT:bert_class_weighted,Class weight
837,emscad_06224,"Argenta Field Solutions values the client, creates income streams for them through our sales mechanism and focuses on qu",Paid Training for Direct Sales Representative with Management Opportunity,0,0,0.9999234080314636,7.659196853637695e-05,0.1,1,BERT:bert_class_weighted,Class weight
838,emscad_06229,Do you like writing mean and clean Ruby code? Come join our team and help us build amazing things.,Ruby On Rails Engineer,0,0,0.9999372363090515,6.276369094848633e-05,0.1,1,BERT:bert_class_weighted,Class weight
839,emscad_06236,"Novitex Enterprise Solutions, formerly Pitney Bowes Management Services, delivers innovative document and communications",Customer Service Associate,0,0,0.9999467134475708,5.328655242919922e-05,0.1,1,BERT:bert_class_weighted,Class weight
840,emscad_06249,Contact info: Ignacio Crivaro #EMAIL_2863189177166c69f5b3c844e1e66edb16dab86eb7340b935cf81c63efca4d9d# / #PHONE_402c9c44,Sales Representative,0,1,0.0,1.0,0.1,0,BERT:bert_class_weighted,Class weight
841,emscad_06250,We pay competitive salaries and we offer meaningful stock equity in a promising venture. Your well-being is an important,SERVER SOFTWARE ENGINEER,0,0,0.9999379515647888,6.204843521118164e-05,0.1,1,BERT:bert_class_weighted,Class weight
842,emscad_06270,"Taxibeat is changing the global taxi industry. It's an easy to use, convenient and contemporary way to hail and book a t","Operations Manager, Athens",0,0,0.9999141693115234,8.58306884765625e-05,0.1,1,BERT:bert_class_weighted,Class weight
843,emscad_06273,"21st century financial software, in the cloud",Software Engineer,0,0,0.9999450445175171,5.4955482482910156e-05,0.1,1,BERT:bert_class_weighted,Class weight
844,emscad_06279,Our client is currently in the middle of a migration to Kronos for their timekeeping and looking for assistance with dat,Payroll Assistant,0,0,0.9977207183837891,0.0022792816162109375,0.1,1,BERT:bert_class_weighted,Class weight
845,emscad_06281,"Skills: Product Management, Order Management & Omni-Channel Fulfillment, RFP/Vendor Selection & Management, and retail e",Sr. Product Manager- Order Management & Omni-Channel Fulfillment,0,0,0.999923050403595,7.69495964050293e-05,0.1,1,BERT:bert_class_weighted,Class weight
846,emscad_06293,"Advocate Construction is an up and coming leader in the disaster recovery industry, In early 2012, Advocate was founded ",Construction Management - South Chicago/IN,0,0,0.999940812587738,5.918741226196289e-05,0.1,1,BERT:bert_class_weighted,Class weight
847,emscad_06294,"We are a New York based law office with a primary focus on helping people with Supplemental Security Income, Social Secu",Legal Assistant,0,0,0.9999240040779114,7.599592208862305e-05,0.1,1,BERT:bert_class_weighted,Class weight
848,emscad_06315,PROSULTING IS PEOPLE The ProSulting difference is easy to see. Our passion for delivering qualified pre-screened personn,Fixture Manager,0,0,0.9999212622642517,7.873773574829102e-05,0.1,1,BERT:bert_class_weighted,Class weight
849,emscad_06339,"FTC Global is an International Business Group and Venture Incubator with presence across Asia, Europe and Americas (#URL",eCommerce Business Development Managers,0,0,0.999943733215332,5.626678466796875e-05,0.1,1,BERT:bert_class_weighted,Class weight
850,emscad_06340,"FTC Global is an International Business Group and Venture Incubator with presence across Asia, Europe and Americas (#URL",Financial Controllers,0,0,0.9999465346336365,5.346536636352539e-05,0.1,1,BERT:bert_class_weighted,Class weight
851,emscad_06358,schooX is a Social Academy where anyone can teach and learn online. Learners can attend online courses and build a stron,Mobile Developer,0,0,0.9999423623085022,5.7637691497802734e-05,0.1,1,BERT:bert_class_weighted,Class weight
852,emscad_06359,"Based in Hoxton, London, Forward Partners are a “startup catalyst”, combining investment with practical hands-on experti",Head of Marketing,0,0,0.9999499320983887,5.0067901611328125e-05,0.1,1,BERT:bert_class_weighted,Class weight
853,emscad_06362,hello world,Software Engineer,0,0,0.9999398589134216,6.014108657836914e-05,0.1,1,BERT:bert_class_weighted,Class weight
854,emscad_06373,i28 Technologies has demonstrated expertise in areas strategic to different business in varying verticals. I28 Technolog,BizTalk Developer,0,0,0.99993497133255,6.502866744995117e-05,0.1,1,BERT:bert_class_weighted,Class weight
855,emscad_06378,"#URL_c5475b3f37ab72cf1cadd5c953756be9ed062b6900e2d21f57e5ac413c73c32c#, a pioneering and dynamic company in the internet",PRODUCT MANAGER,0,0,0.9999158382415771,8.416175842285156e-05,0.1,1,BERT:bert_class_weighted,Class weight
856,emscad_06387,Job Description and Profile An experienced Oil and Gas Operations manager with 20+ yrs industry experience is needed to ,Oil and Gas Operations Manager,1,0,0.9983453750610352,0.0016546249389648438,0.1,0,BERT:bert_class_weighted,Class weight
857,emscad_06388,Point Nine Capital is a Berlin-based venture capital firm focused exclusively on early-stage Internet investments in are,Acquire Users / Customers (Marketing & Sales),0,0,0.9999178051948547,8.219480514526367e-05,0.1,1,BERT:bert_class_weighted,Class weight
858,emscad_06391,Point Nine Capital is a Berlin-based venture capital firm focused exclusively on early-stage Internet investments in are,Create Pretty Things (Design),0,0,0.9999291300773621,7.086992263793945e-05,0.1,1,BERT:bert_class_weighted,Class weight
859,emscad_06405,"We are Netguru and we love to develop web application based on Ruby On Rails framework. We value quality, transparent co",Senior Developer Ruby on Rails,0,0,0.9999443888664246,5.561113357543945e-05,0.1,1,BERT:bert_class_weighted,Class weight
860,emscad_06415,"PINT is a leader in the web industry with 20 years of web design, software development and consulting experience. PINT's",Sales Professional: Web and SaaS Sales,0,0,0.9999485611915588,5.143880844116211e-05,0.1,1,BERT:bert_class_weighted,Class weight
861,emscad_06436,"Founded by top technical experts, Arithmica is a Software Development and Services company focussed on delivering the hi",Senior SAP Security Consultant,0,0,0.9999174475669861,8.255243301391602e-05,0.1,1,BERT:bert_class_weighted,Class weight
862,emscad_06438,"We are Netguru and we love to develop web application based on Ruby On Rails framework. We value quality, transparent co",Front-end Developer,0,0,0.9999439120292664,5.608797073364258e-05,0.1,1,BERT:bert_class_weighted,Class weight
863,emscad_06443,Position: Senior Software Engineer,Senior Software Engineer,0,0,0.9952354431152344,0.004764556884765625,0.1,1,BERT:bert_class_weighted,Class weight
864,emscad_06447,"We are Netguru and we love to develop web application based on Ruby On Rails framework. We value quality, transparent co",Ruby on Rails Developer [Warsaw],0,0,0.999946117401123,5.3882598876953125e-05,0.1,1,BERT:bert_class_weighted,Class weight
865,emscad_06454,Trustworthy. Efficient. Friendly.,Shyp Hero Courier - Los Angeles,0,0,0.9999452233314514,5.4776668548583984e-05,0.1,1,BERT:bert_class_weighted,Class weight
866,emscad_06465,"Baremetrics ( #URL_818d0992c7cb169e16509ce673146ace42b9d6b31c698ec7fc0a0ecb023c668c# ) is zero-setup, one-click SaaS ana",Front End Developer,0,0,0.9999334216117859,6.657838821411133e-05,0.1,1,BERT:bert_class_weighted,Class weight
867,emscad_06484,NOW: Pensions is a UK based multi-employer trust serving thousands of employers and hundreds of thousands of employees f,2 X Business Analyst (3 to 6 months) - contract or fixed term,0,0,0.9999428391456604,5.716085433959961e-05,0.1,1,BERT:bert_class_weighted,Class weight
868,emscad_06487,About The Symicor Group:,Bank Mortgage Team Lead & Two Originators,0,0,0.9999454617500305,5.453824996948242e-05,0.1,1,BERT:bert_class_weighted,Class weight
869,emscad_06514,The Registered Nurse is employed by Maxim Staffing Solutions performs scrubbing and/or circulating duties for operative ,Operating Room RN,0,0,0.9998813271522522,0.00011867284774780273,0.1,1,BERT:bert_class_weighted,Class weight
870,emscad_06517,Orange County Tech Recruiters is based in Orange County and focuses on finding full time technical talent for clients in,Inside Sales Manager,0,0,0.9999428391456604,5.716085433959961e-05,0.1,1,BERT:bert_class_weighted,Class weight
871,emscad_06523,Insight Riot! is a Digital Marketing Company that helps businesses understand and execute Lead Generation strategies thr,Brand & Logo Design Contest!!!,0,0,0.9999266266822815,7.337331771850586e-05,0.1,1,BERT:bert_class_weighted,Class weight
872,emscad_06524,Title: Customer Engagement Marketing,Customer Engagement Marketing,0,0,0.9998840689659119,0.00011593103408813477,0.1,1,BERT:bert_class_weighted,Class weight
873,emscad_06552,"DATABASE MARKETING ANALYST - UP TO $50,000 - PERMANENT - HOUSTON, TEXAS...",Database Analyst,0,0,0.9997876882553101,0.0002123117446899414,0.1,1,BERT:bert_class_weighted,Class weight
874,emscad_06553,Are you an optician looking for a family environment that prides itself on a long term reputation of great customer serv,Optician,1,1,0.8349609375,0.1650390625,0.1,1,BERT:bert_class_weighted,Class weight
875,emscad_06555,This role is responsible for Monitoring & Diagnostics Model Building Support Contract support personnel to build InStep ,Model Builder,0,0,0.9997825622558594,0.000217437744140625,0.1,1,BERT:bert_class_weighted,Class weight
876,emscad_06561,"Optometric private practice group is seeking a full-time Optician/Lab Technician for our Chickasha, Oklahoma location.",Optician/Lab Technician,1,1,0.0,1.0,0.1,1,BERT:bert_class_weighted,Class weight
877,emscad_06568,This position will serve as liaison between the customer and the company by collecting relevant information such as blue,Distribution Designer,0,0,0.9998390674591064,0.0001609325408935547,0.1,1,BERT:bert_class_weighted,Class weight
878,emscad_06575,A Variety of Commission based jobs available.,Home Based Commission Roles,1,1,0.0,1.0,0.1,1,BERT:bert_class_weighted,Class weight
879,emscad_06576,Corporate overview,Project Subcontracting Manager,1,1,0.0,1.0,0.1,1,BERT:bert_class_weighted,Class weight
880,emscad_06596,"ABC Supply Co., Inc. is the nation’s largest wholesale distributor of roofing and one of the largest distributors of sid",Inside Sales Professional-Merrillville,0,0,0.9999410510063171,5.894899368286133e-05,0.1,1,BERT:bert_class_weighted,Class weight
881,emscad_06617,Pardon Services Canada is a national legal services company established in 1989.We serve as an advocate for Canadians wi,Part-time Receptionist & Administrative Assistant,0,0,0.9999359846115112,6.401538848876953e-05,0.1,1,BERT:bert_class_weighted,Class weight
882,emscad_06618,"POS-X is a rapidly growing point-of-sale hardware manufacturer located in Bellingham, WA. The POS-X environment consists",Inside Sales Specialist Western Region,0,0,0.9999430775642395,5.692243576049805e-05,0.1,1,BERT:bert_class_weighted,Class weight
883,emscad_06624,Somnoware is a software platform to manage sleep wellness for healthcare providers and their customers. It provides a si,Senior Software Engineer - Dot net,0,0,0.9999516606330872,4.83393669128418e-05,0.1,1,BERT:bert_class_weighted,Class weight
884,emscad_06632,FreeTextbooks is a startup revolutionizing the college experience. We're just starting with textbooks. We know textbooks,Campus Director,0,0,0.9999396204948425,6.03795051574707e-05,0.1,1,BERT:bert_class_weighted,Class weight
885,emscad_06634,Want to build a 21st century financial service?,Visual Designer,0,0,0.999904990196228,9.500980377197266e-05,0.1,1,BERT:bert_class_weighted,Class weight
886,emscad_06640,MarketInvoice is one of the most high-profile London based fin-tech companies. The Company is Europe’s leading P2P invoi,Marketing Associate,0,0,0.9999362230300903,6.377696990966797e-05,0.1,1,BERT:bert_class_weighted,Class weight
887,emscad_06641,MarketInvoice is one of the most high-profile London based fin-tech companies. The Company is Europe’s leading P2P invoi,Account Manager,0,0,0.9999357461929321,6.42538070678711e-05,0.1,1,BERT:bert_class_weighted,Class weight
888,emscad_06645,We are looking for someone to join our busy and expanding team who has gained mid-weight digital project manager experie,Digital Project Manager,0,0,0.9999389052391052,6.109476089477539e-05,0.1,1,BERT:bert_class_weighted,Class weight
889,emscad_06647,If working in a cubical seems like your idea of hell then joining our awesome startup team might be the opportunity you’,Partnerships Business Development Executive,0,0,0.9999467134475708,5.328655242919922e-05,0.1,1,BERT:bert_class_weighted,Class weight
890,emscad_06651,"""Our mission to our clients is to preserve their independence, enhance their quality of life, promote health & wellbeing",Caregiver Van Buren County,0,0,0.9999467134475708,5.328655242919922e-05,0.1,1,BERT:bert_class_weighted,Class weight
891,emscad_06654,“ Pride is a personal commitment. It is an attitude which separates excellence from mediocrit y.” – Author Unknown,Receptionist -- Must Love Dogs,0,0,0.999947726726532,5.227327346801758e-05,0.1,1,BERT:bert_class_weighted,Class weight
892,emscad_06656,We Provide Full Time Permanent Positions for many medium to large US companies. We are interested in finding/recruiting ,"Data Modeler - SQL Data Modeling Agile Scrum Erwin - Washington, DC",0,0,0.9999516606330872,4.83393669128418e-05,0.1,1,BERT:bert_class_weighted,Class weight
893,emscad_06668,"Supply chain management company with emphasis placed in Rehabilitation Therapy, Health IT, and Information Security",Physical Therapist Outpatient,0,0,0.9999164938926697,8.350610733032227e-05,0.1,1,BERT:bert_class_weighted,Class weight
894,emscad_06672,Excellent communication skills 3-5 years using QTP Custom Library development in QTP Good knowledge in VB scripting Abil,QA - QTP Automation Engineer - Descriptive Programming,0,0,0.9998818039894104,0.00011819601058959961,0.1,1,BERT:bert_class_weighted,Class weight
895,emscad_06674,Accepted Ltd. was founded in 2004 with the aim of offering an extensive series of IT professional services in the areas ,PHP Web Developer,0,0,0.999887228012085,0.00011277198791503906,0.1,1,BERT:bert_class_weighted,Class weight
896,emscad_06690,It is an ONLINE job - you work from home.,Online Project Consultant,0,0,0.9999012351036072,9.876489639282227e-05,0.1,1,BERT:bert_class_weighted,Class weight
897,emscad_06703,"AREA 17 is an interactive agency. We take an interdisciplinary approach — blending the practices of design, technology a",UX / Information Architect,0,0,0.9999194145202637,8.058547973632812e-05,0.1,1,BERT:bert_class_weighted,Class weight
898,emscad_06704,"AREA 17 is an interactive agency. We take an interdisciplinary approach — blending the practices of design, technology a",Finance Associate,0,0,0.9999417066574097,5.829334259033203e-05,0.1,1,BERT:bert_class_weighted,Class weight
899,emscad_06730,"Founded in 2003, #URL_a9d2ee3223d59d0433b0663495314024d1221333ce0328c59175167836d3534c# launched with a mission to make ",Software Developer,0,0,0.9998741149902344,0.000125885009765625,0.1,1,BERT:bert_class_weighted,Class weight
900,emscad_06733,"As a Personal Financial Representative in Anderson, I know many local families. My knowledge and understanding of the pe",Sales Producer for Premier Insurance Agency,0,0,0.9998911023139954,0.00010889768600463867,0.1,1,BERT:bert_class_weighted,Class weight
901,emscad_06738,American Kidz Academy ® is the expert in elite urban education and child care . We offer the best solution for families ,Toddler Teacher,0,0,0.9999450445175171,5.4955482482910156e-05,0.1,1,BERT:bert_class_weighted,Class weight
902,emscad_06739,2131,General Manager Fabrication Aerospace 2131,1,1,0.0,1.0,0.1,1,BERT:bert_class_weighted,Class weight
903,emscad_06742,"Since 2005, Allied Secured Benefits, a leading financial planning and insurance brokerage company, has helped thousands ",Customer Service Representative,0,1,0.20361328125,0.79638671875,0.1,0,BERT:bert_class_weighted,Class weight
904,emscad_06759,At Codeship we have thousands of developers running their builds on a daily basis. We are working on major features now ,Rails Backend Engineer,0,0,0.999938428401947,6.157159805297852e-05,0.1,1,BERT:bert_class_weighted,Class weight
905,emscad_06762,Cloudreach are the only top tier partner of choice for both Amazon Web Services and Google based in Europe - two giants ,Cloud Systems Developer - Germany,0,0,0.9999456405639648,5.435943603515625e-05,0.1,1,BERT:bert_class_weighted,Class weight
906,emscad_06764,Can data be a thing of beauty? We think so.,Project Manager,0,0,0.9999432563781738,5.6743621826171875e-05,0.1,1,BERT:bert_class_weighted,Class weight
907,emscad_06768,i28 Technologies has demonstrated expertise in areas strategic to different business in varying verticals. I28 Technolog,Sr. Flex Developer,0,0,0.9999071955680847,9.28044319152832e-05,0.1,1,BERT:bert_class_weighted,Class weight
908,emscad_06776,The Company,Mobile Application Developer (Android),0,0,0.9999414682388306,5.8531761169433594e-05,0.1,1,BERT:bert_class_weighted,Class weight
909,emscad_06778,Our company is kept confidential due to the large number of responses we receive.,Sales - Cyber Security,0,0,0.9999279975891113,7.200241088867188e-05,0.1,1,BERT:bert_class_weighted,Class weight
910,emscad_06792,The smarter way to invest,Accountant / Office Manager,0,0,0.9998952746391296,0.00010472536087036133,0.1,1,BERT:bert_class_weighted,Class weight
911,emscad_06794,We’re always looking for highly motivated “founder-types” to join us as we grow. Here’s what you need to know.,Front-end Developer,0,0,0.9999318718910217,6.812810897827148e-05,0.1,1,BERT:bert_class_weighted,Class weight
912,emscad_06797,Sr Android Developer Jobs in New York City,Sr Android Developer,0,0,0.9998775720596313,0.00012242794036865234,0.1,1,BERT:bert_class_weighted,Class weight
913,emscad_06799,The Heafey Group is a private real estate investment and management conglomerate founded more than 33 years ago and head,Leasing Consultant,0,0,0.9986085891723633,0.0013914108276367188,0.1,1,BERT:bert_class_weighted,Class weight
914,emscad_06808,"Position Summary: Provide integrity engineering consultancy services through development, coordination and implementatio",Integrity Management Engineering Specialist,1,1,0.0107421875,0.9892578125,0.1,1,BERT:bert_class_weighted,Class weight
915,emscad_06820,"Engagor is a venture backed startup founded in 2011, with offices in San Francisco and Belgium, Europe. Engagor is real-",Channel Account Executive EU,0,0,0.999945878982544,5.412101745605469e-05,0.1,1,BERT:bert_class_weighted,Class weight
916,emscad_06832,"Looking for an IOS Mobile Solutiosn Developer for our products offering in Washington, DC and Seattle. We're a startup f",Lead Developer,0,0,0.9999386668205261,6.133317947387695e-05,0.1,1,BERT:bert_class_weighted,Class weight
917,emscad_06842,"Hi, we are dopios",Marketing Associate,0,0,0.9998931884765625,0.0001068115234375,0.1,1,BERT:bert_class_weighted,Class weight
918,emscad_06848,If working in a cubical seems like your idea of hell then joining our awesome startup team might be the opportunity you’,Director of Inside Sales,0,0,0.9999379515647888,6.204843521118164e-05,0.1,1,BERT:bert_class_weighted,Class weight
919,emscad_06851,ding* is the world’s largest top-up provider. Created to help people working abroad to support and keep in touch with lo,Accounts Payable Assistant,0,0,0.9999161958694458,8.380413055419922e-05,0.1,1,BERT:bert_class_weighted,Class weight
920,emscad_06856,IntelliBright was created to leverage enterprise level online business practices to generate exclusive leads on behalf o,WordPress Designer / Front End Developer,0,0,0.9999481439590454,5.1856040954589844e-05,0.1,1,BERT:bert_class_weighted,Class weight
921,emscad_06866,Quiénes Somos,Technical Operator for Entertainment Control Systems,0,0,0.9999023675918579,9.763240814208984e-05,0.1,1,BERT:bert_class_weighted,Class weight
922,emscad_06876,Our passion for improving quality of life through geography is at the heart of everything we do. Esri’s geographic infor,Account Executive - Charlotte,0,0,0.9999419450759888,5.805492401123047e-05,0.1,1,BERT:bert_class_weighted,Class weight
923,emscad_06878,Corporate overview,Electrical Technician III,1,1,0.0,1.0,0.1,1,BERT:bert_class_weighted,Class weight
924,emscad_06886,"At FutureLearn, we want to inspire learning for life. We offer a diverse selection of free, high quality online courses ",General Intern,0,0,0.9999178051948547,8.219480514526367e-05,0.1,1,BERT:bert_class_weighted,Class weight
925,emscad_06919,"Collabera is a fast growing, end-to-end information technology services and solutions provider working with leading Glob",Siebel Configuration,0,0,0.9999499320983887,5.0067901611328125e-05,0.1,1,BERT:bert_class_weighted,Class weight
926,emscad_06924,"Founded by serial entrepreneur Clive Jackson and launched in 2011, Victor is one of the world’s most trusted names in pr",PR/Marketing Executive Russia& CIS,0,0,0.9999443888664246,5.561113357543945e-05,0.1,1,BERT:bert_class_weighted,Class weight
927,emscad_06941,United Cerebral Palsy of Oregon & SW Washington (UCP) supports adults with all kinds of developmental disabilities (not ,"Full-Time Caregiver (Position 2) for Easygoing, Caring Woman",0,0,0.9999487400054932,5.125999450683594e-05,0.1,1,BERT:bert_class_weighted,Class weight
928,emscad_06943,Wedo is a collection of niched e-commerce stores which aim to be the first destination for online shoppers buying in the,Multi-Disciplined Designer/Retoucher/Photographer,0,0,0.9999209642410278,7.903575897216797e-05,0.1,1,BERT:bert_class_weighted,Class weight
929,emscad_06947,Web-based inventory and order management for small and medium businesses.,Customer Support and Testing Internship,0,0,0.999940812587738,5.918741226196289e-05,0.1,1,BERT:bert_class_weighted,Class weight
930,emscad_06952,"Valor Services provides Workforce Solutions that meet the needs of companies across the Private Sector, with a special f",Drilling Engineer,0,0,0.9999423623085022,5.7637691497802734e-05,0.1,1,BERT:bert_class_weighted,Class weight
931,emscad_06957,Fabrication and Printing Company in Long Island City New York is actively looking for a,Graphic Designer / Large Format printer operator,0,0,0.9999377131462097,6.22868537902832e-05,0.1,1,BERT:bert_class_weighted,Class weight
932,emscad_06959,Samsung Human Resources Development Center (SHRDC) invites applications for full-time instructors in its Global Programs,Samsung Corporate Language Trainer,0,0,0.9999227523803711,7.724761962890625e-05,0.1,1,BERT:bert_class_weighted,Class weight
933,emscad_06960,"Collabera is a fast growing, end-to-end information technology services and solutions provider working with leading Glob",Oracle Financials,0,0,0.9999497532844543,5.02467155456543e-05,0.1,1,BERT:bert_class_weighted,Class weight
934,emscad_06970,Established on the principles that full time education is not for everyone Spectrum Learning is made up of a team of pas,WF1 5PE Customer Service Apprenticeship Under NAS 16-18 Year Olds Only,0,0,0.999944806098938,5.519390106201172e-05,0.1,1,BERT:bert_class_weighted,Class weight
935,emscad_06975,Job Duties/Responsibilities:,Manager of Project Management Organization - Engineering,1,1,0.0078125,0.9921875,0.1,1,BERT:bert_class_weighted,Class weight
936,emscad_06977,Avocarrot is a native mobile ad network with offices in Silicon Valley and Athens. We are building the next generation o,Full Stack Software Engineer,0,0,0.999946117401123,5.3882598876953125e-05,0.1,1,BERT:bert_class_weighted,Class weight
937,emscad_06981,Premise is building a novel information-gathering network on a global scale. The network harnesses the explosion in mobi,Growth Manager - LATAM,0,0,0.9999400973320007,5.990266799926758e-05,0.1,1,BERT:bert_class_weighted,Class weight
938,emscad_06982,Working at FBN,Data Scientist - Meteorology,0,0,0.9998799562454224,0.00012004375457763672,0.1,1,BERT:bert_class_weighted,Class weight
939,emscad_06986,Job Description: SENIOR MANAGER OF MAINTENANCE - SENIOR TECHNICAL MANAGER The Senior Technical Manager (STM) reports to ,Oil/Gas Technical Manager,1,0,0.9693603515625,0.0306396484375,0.1,0,BERT:bert_class_weighted,Class weight
940,emscad_07002,Ready to let your star shine? Discover the career you’ve been dreaming about at AvaStars where...,Rising Star (3rd Key Holder),0,0,0.9999187588691711,8.124113082885742e-05,0.1,1,BERT:bert_class_weighted,Class weight
941,emscad_07006,Forward3D is the largest independent digital marketing agency in Britain. We run cutting edge digital marketing campaign,Trainee German Content Analyst,0,0,0.9999430775642395,5.692243576049805e-05,0.1,1,BERT:bert_class_weighted,Class weight
942,emscad_07031,Crystal Audio is the leading manufacturer of audio/video consumer electronics in Greece and has gone on to become a resp,IT and Processes Manager,0,0,0.9999362230300903,6.377696990966797e-05,0.1,1,BERT:bert_class_weighted,Class weight
943,emscad_07039,CallCentre People Recruitment is recognised as being specialists within the CallCentre industry.,Outbound Telemarketing - Charity,0,0,0.9999410510063171,5.894899368286133e-05,0.1,1,BERT:bert_class_weighted,Class weight
944,emscad_07052,"Are you an SQL Server Developer looking for a contract opportunity in the Boston area? If so, this is the position for y",SQL Server Developer,0,0,0.9998831748962402,0.00011682510375976562,0.1,1,BERT:bert_class_weighted,Class weight
945,emscad_07056,Our Boston-North client is seeking an experienced Senior Systems Engineer!,Senior Systems Engineer,0,0,0.9998836517333984,0.0001163482666015625,0.1,1,BERT:bert_class_weighted,Class weight
946,emscad_07092,Middle East Recruitment is a specialized recruitment and consulting agency. Established since 1997 founded by profession,Scheduling Engineer,0,0,0.9999039173126221,9.608268737792969e-05,0.1,1,BERT:bert_class_weighted,Class weight
947,emscad_07093,"Not a ninja, rockstar, or guru? Perfect. Weaver's hiring!",iOS Developer,0,0,0.9999469518661499,5.3048133850097656e-05,0.1,1,BERT:bert_class_weighted,Class weight
948,emscad_07116,"Hungry Boiler is a well established, fast paced, unique restaurant marketing service looking to bring on-board mobile wa",Restaurant Delivery Drivers,0,0,0.9999288320541382,7.11679458618164e-05,0.1,1,BERT:bert_class_weighted,Class weight
949,emscad_07118,The spring is here and so are internships. If you are looking for exciting and rewarding way to build up relevant experi,Community Advocate,0,0,0.9999164938926697,8.350610733032227e-05,0.1,1,BERT:bert_class_weighted,Class weight
950,emscad_07122,"The skill set required is web development, including JavaScript and AngularJS, Backbone Development will be a web front ",WEB DEVELOPER with Angular.JS,0,0,0.9999138712882996,8.612871170043945e-05,0.1,1,BERT:bert_class_weighted,Class weight
951,emscad_07125,ding* is the world’s largest top-up provider. Created to help people working abroad to support and keep in touch with lo,Online Marketing Analyst,0,0,0.9999234080314636,7.659196853637695e-05,0.1,1,BERT:bert_class_weighted,Class weight
952,emscad_07146,"Magpie is a boutique recruitment agency specialising in Accounting & Finance, Sales & Marketing and Office & Administrat",Accounts Assistant,0,0,0.9999414682388306,5.8531761169433594e-05,0.1,1,BERT:bert_class_weighted,Class weight
953,emscad_07158,"We're Food52, and we've created a groundbreaking and award-winning cooking site. We support, connect, and celebrate home",Social Media Intern,0,0,0.9999285936355591,7.140636444091797e-05,0.1,1,BERT:bert_class_weighted,Class weight
954,emscad_07168,"Founded in 1997, The Missing Link is a premium provider of information technology solutions across applications, infrast",Senior Infrastructure Architect,0,0,0.9999369978904724,6.300210952758789e-05,0.1,1,BERT:bert_class_weighted,Class weight
955,emscad_07182,Outstanding Member Service Starts With Outstanding People,Indirect Lending Underwriter,0,0,0.9998876452445984,0.00011235475540161133,0.1,1,BERT:bert_class_weighted,Class weight
956,emscad_07184,Aegis is a global business services provider in the area of experience management. We provide a suite of solutions for o,CUSTOMER SERVICE AGENT,1,0,0.9999421834945679,5.7816505432128906e-05,0.1,0,BERT:bert_class_weighted,Class weight
957,emscad_07193,"Novitex Enterprise Solutions, formerly Pitney Bowes Management Services, delivers innovative document and communications",Customer Service Associate,0,0,0.9999471306800842,5.2869319915771484e-05,0.1,1,BERT:bert_class_weighted,Class weight
958,emscad_07207,"Pronto delivers breakfast, lunch and dinner to our customers in under 15 minutes. We are all about healthier, wholesome ",Delivery driver,0,0,0.999920666217804,7.933378219604492e-05,0.1,1,BERT:bert_class_weighted,Class weight
959,emscad_07209,About WiseBanyan,Back-End Developer,0,0,0.9999445676803589,5.543231964111328e-05,0.1,1,BERT:bert_class_weighted,Class weight
960,emscad_07221,"#Think Big. Stay Small In 2010 a Small group of open minded, free spirited advertising, marketing and design professiona",Junior Interactive Designer,0,0,0.9999310374259949,6.896257400512695e-05,0.1,1,BERT:bert_class_weighted,Class weight
961,emscad_07231,WHY WORK AT IMAGINET,Sr. SharePoint Business Analyst,0,0,0.9999423623085022,5.7637691497802734e-05,0.1,1,BERT:bert_class_weighted,Class weight
962,emscad_07248,"Tidewater Finance Co. was established in 1992 for the initial purpose of purchasing, and servicing retail installment co",Contact Resolution Supervisor,0,0,0.9999400973320007,5.990266799926758e-05,0.1,1,BERT:bert_class_weighted,Class weight
963,emscad_07252,"WillDom is a top notch IT Outsourcing Business Ecosystem, where each member contributes in creating world class value. W",Sr. Javascript Developer - Health Care,0,0,0.9999396204948425,6.03795051574707e-05,0.1,1,BERT:bert_class_weighted,Class weight
964,emscad_07257,"Based in Houston, Texas, Palladium Consulting is a boutique software consulting firm with 12 years’ experience building ",HPC Handyman / Speed-Obsessed Freak,0,0,0.9999277591705322,7.224082946777344e-05,0.1,1,BERT:bert_class_weighted,Class weight
965,emscad_07280,Can data be a thing of beauty? We think so.,Senior Consultant,0,0,0.9999475479125977,5.245208740234375e-05,0.1,1,BERT:bert_class_weighted,Class weight
966,emscad_07285,Maker’s Row is an online marketplace that connects American manufacturers and product based businesses. Our mission is t,Videographer/ Photographer Intern,0,0,0.9999294281005859,7.05718994140625e-05,0.1,1,BERT:bert_class_weighted,Class weight
967,emscad_07286,Hawkeye Recruitment provides cost effective recruitment advertising solutions to help you cast the widest net to find th,"HVAC Service Tech - $1,000 Bonus Available",0,0,0.9999148845672607,8.511543273925781e-05,0.1,1,BERT:bert_class_weighted,Class weight
968,emscad_07288,Established on the principles that full time education is not for everyone Spectrum Learning is made up of a team of pas,WF7 5BE Admin Assistant Apprenticeship Under NAS 16-18 Year Olds Only,0,0,0.9999359846115112,6.401538848876953e-05,0.1,1,BERT:bert_class_weighted,Class weight
969,emscad_07301,"ClarusApex is an international recruiting company with representations in the Netherlands, Austria, Ukraine, Cyprus and ",Cashier in the airport ERBIL,0,0,0.9999366998672485,6.330013275146484e-05,0.1,1,BERT:bert_class_weighted,Class weight
970,emscad_07310,"Bonsey Jaden is a new partnership between award-winning Singapore agency Bonsey Design, and Sydney-based creatives The J",SENIOR DIGITAL COPYWRITER,0,0,0.9999485611915588,5.143880844116211e-05,0.1,1,BERT:bert_class_weighted,Class weight
971,emscad_07315,Transifex is a SaaS continuous localization platform powering the process of launching products into multiple languages ,Customer Service Representative,0,0,0.9999489784240723,5.1021575927734375e-05,0.1,1,BERT:bert_class_weighted,Class weight
972,emscad_07322,"Declara is focused on bringing data to life. Our technology platform uses machine learning, search, algorithms and recom",Director of Learner Studies,0,0,0.9999381899833679,6.181001663208008e-05,0.1,1,BERT:bert_class_weighted,Class weight
973,emscad_07330,"Cigniti Inc. is a 15 year old Irving, TX based professional services and staffing company which helped companies like Tr",Solutions Architect,0,0,0.9999423623085022,5.7637691497802734e-05,0.1,1,BERT:bert_class_weighted,Class weight
974,emscad_07331,About us,Javascript Web App Developer,0,0,0.9999324083328247,6.759166717529297e-05,0.1,1,BERT:bert_class_weighted,Class weight
975,emscad_07332,JOB DESCRIPTION,Sales Associate/Retail Stylist (Full Time),0,0,0.999879002571106,0.00012099742889404297,0.1,1,BERT:bert_class_weighted,Class weight
976,emscad_07343,"Novitex Enterprise Solutions, formerly Pitney Bowes Management Services, delivers innovative document and communications",Customer Service Associate,0,0,0.9999473094940186,5.269050598144531e-05,0.1,1,BERT:bert_class_weighted,Class weight
977,emscad_07351,"This is an opportunity to work with a number of interesting early to mid-stage startups, primarily in the SaaS space. Th",Growth Hacking / Ad Campaigns Internship,0,0,0.999887228012085,0.00011277198791503906,0.1,1,BERT:bert_class_weighted,Class weight
978,emscad_07359,We are looking for an exceptional Mobile Software Engineer to help build ThousandEyes cutting-edge iOS and Android apps.,Mobile Software Engineer,0,0,0.9999321103096008,6.788969039916992e-05,0.1,1,BERT:bert_class_weighted,Class weight
979,emscad_07363,"We design, deploy, and maintain advanced technologies that enable our customers to achieve operational excellence at sub",ServiceNow Developer,0,0,0.9999491572380066,5.08427619934082e-05,0.1,1,BERT:bert_class_weighted,Class weight
980,emscad_07386,We're looking for a student or recent graduate to join our customer success team. Contentful ( #URL_0252efddcbc4b8f51969,Customer Success Intern,0,0,0.9999362230300903,6.377696990966797e-05,0.1,1,BERT:bert_class_weighted,Class weight
981,emscad_07387,Upstream’s mission is to revolutionise the way companies market to consumers through cutting edge technology. This is an,Senior Network Engineer,0,0,0.9999443888664246,5.561113357543945e-05,0.1,1,BERT:bert_class_weighted,Class weight
982,emscad_07388,"Founded in 1997, The Missing Link is a premium provider of information technology solutions across applications, infrast",Account Executive,0,0,0.9999389052391052,6.109476089477539e-05,0.1,1,BERT:bert_class_weighted,Class weight
983,emscad_07391,"CreativeLive is looking for talented, senior engineers to join our growing technical team in our San Francisco office. Y",Senior Engineer (Node.js),0,0,0.9999445676803589,5.543231964111328e-05,0.1,1,BERT:bert_class_weighted,Class weight
984,emscad_07392,EUROPEAN DYNAMICS (#URL_c66532ffa1ce76ab447da6774719060c42c584edbf44d74cdb94fc4ac219ca45#) is a leading European Softwar,Functional Business Analyst,0,0,0.9999344348907471,6.556510925292969e-05,0.1,1,BERT:bert_class_weighted,Class weight
985,emscad_07396,"AREA 17 is an interactive agency. We take an interdisciplinary approach — blending the practices of design, technology a",Business Analyst,0,0,0.9999318718910217,6.812810897827148e-05,0.1,1,BERT:bert_class_weighted,Class weight
986,emscad_07403,"Fusemachines combines the power of Data Science, Artificial Intelligence and Natural Language Processing to build unique",Content Writer Consultant,0,0,0.9999432563781738,5.6743621826171875e-05,0.1,1,BERT:bert_class_weighted,Class weight
987,emscad_07432,"Valor Services provides Workforce Solutions that meet the needs of companies across the Private Sector, with a special f",Safety Director - Up to $200k per year,0,0,0.999923050403595,7.69495964050293e-05,0.1,1,BERT:bert_class_weighted,Class weight
988,emscad_07442,Transifex was founded in 2009 with the dream to revolutionize the way software is localized. Starting as the translation,Growth Hacker,0,0,0.999938428401947,6.157159805297852e-05,0.1,1,BERT:bert_class_weighted,Class weight
989,emscad_07443,We're pretty sure we have the best technology jobs in the South West. We are working at the leading edge of cloud-hosted,Software Developer (Java or PHP),0,0,0.9999339580535889,6.604194641113281e-05,0.1,1,BERT:bert_class_weighted,Class weight
990,emscad_07454,Want to build a 21st century financial service?,Operations Specialist,0,0,0.999920666217804,7.933378219604492e-05,0.1,1,BERT:bert_class_weighted,Class weight
991,emscad_07472,"InfoTrust is a Google Analytics Certified Partner, Google Analytics Premium Reseller and Google Tag Manager Specialist C",Web Analyst,0,0,0.9999432563781738,5.6743621826171875e-05,0.1,1,BERT:bert_class_weighted,Class weight
992,emscad_07482,Apply using below link,Professional Development Coordinator (Perioperative),1,1,0.0,1.0,0.1,1,BERT:bert_class_weighted,Class weight
993,emscad_07484,Our Mission,ASP.NET MVC Developer,0,0,0.9999426007270813,5.739927291870117e-05,0.1,1,BERT:bert_class_weighted,Class weight
994,emscad_07498,EUROPEAN DYNAMICS (#URL_c66532ffa1ce76ab447da6774719060c42c584edbf44d74cdb94fc4ac219ca45#) is a leading European Softwar,Senior Coldfusion Developer,0,0,0.9999377131462097,6.22868537902832e-05,0.1,1,BERT:bert_class_weighted,Class weight
995,emscad_07500,"Vend is looking for some awesome new talent to come join us. You'll be working in an awesome team doing awesome things, ",I want to work at Vend in WELLINGTON,0,0,0.99993497133255,6.502866744995117e-05,0.1,1,BERT:bert_class_weighted,Class weight
996,emscad_07501,Want to build a 21st century financial service?,Finance Development Manager,0,0,0.9998867511749268,0.00011324882507324219,0.1,1,BERT:bert_class_weighted,Class weight
997,emscad_07508,"Brainbow is a London-based startup founded by entrepreneurs from Google, Amazon, Playfish / EA and academia with a missi",Design Intern,0,0,0.9999423623085022,5.7637691497802734e-05,0.1,1,BERT:bert_class_weighted,Class weight
998,emscad_07518,Roland & Associates is a Corporate Recruitment Organization providing solutions to Global MNC’s for the past 12 years.,Senior Application Engineer ( MACsec/FCoE ),0,0,0.9999414682388306,5.8531761169433594e-05,0.1,1,BERT:bert_class_weighted,Class weight
999,emscad_07536,Technology Will Save Us design devices that you make yourself. Our DIY kits and resources are the best way to learn skil,Digital Marketing Coordinator,0,0,0.9999135136604309,8.64863395690918e-05,0.1,1,BERT:bert_class_weighted,Class weight
1000,emscad_07542,"We are a young and ambitious company, backed by some of the world’s most respected global investors, including Greylock.",Python/Django Developer,0,0,0.9999443888664246,5.561113357543945e-05,0.1,1,BERT:bert_class_weighted,Class weight
1001,emscad_07543,Our History,Inside Sales Representative (Kent),0,0,0.9999245405197144,7.545948028564453e-05,0.1,1,BERT:bert_class_weighted,Class weight
1002,emscad_07550,MediaMonks is the biggest creative digital production company on the planet . We specialize in working for and with adve,FINANCIAL CONTROLLER,0,0,0.9999331831932068,6.681680679321289e-05,0.1,1,BERT:bert_class_weighted,Class weight
1003,emscad_07554,Middle East Recruitment is a specialized recruitment and consulting agency. Established since 1997 founded by profession,Scheduling Engineer,0,0,0.999908983707428,9.101629257202148e-05,0.1,1,BERT:bert_class_weighted,Class weight
1004,emscad_07563,Why CSD?,Texas Communication Assistant,0,0,0.9999212622642517,7.873773574829102e-05,0.1,1,BERT:bert_class_weighted,Class weight
1005,emscad_07569,Kettle is an independent digital agency based in New York City and the Bay Area. We’re committed to making digital do mo,NY | BACK-END DEVELOPER @TP,0,0,0.9999419450759888,5.805492401123047e-05,0.1,1,BERT:bert_class_weighted,Class weight
1006,emscad_07574,"Tidewater Finance Co. was established in 1992 for the initial purpose of purchasing, and servicing retail installment co",Contact Resolution Supervisor,0,0,0.9999400973320007,5.990266799926758e-05,0.1,1,BERT:bert_class_weighted,Class weight
1007,emscad_07580,"neXVel is looking for a talented, ambitious, digitally diversified, creative-technology junky, with an emphasis on web d",Web Developer/ Designer/ Techy,0,0,0.9999434947967529,5.650520324707031e-05,0.1,1,BERT:bert_class_weighted,Class weight
1008,emscad_07584,"Novitex Enterprise Solutions, formerly Pitney Bowes Management Services, delivers innovative document and communications",Customer Service Associate,0,0,0.9999410510063171,5.894899368286133e-05,0.1,1,BERT:bert_class_weighted,Class weight
1009,emscad_07585,Yoyo has built a platform the creates better relationships between retailers and consumers. Our consumer app seamlessly ,Python Software Engineer,0,0,0.9999445676803589,5.543231964111328e-05,0.1,1,BERT:bert_class_weighted,Class weight
1010,emscad_07590,Videobot is a company behind VBOT TV - the world’s fastest video publishing platform. VBOT TV video suite allows publish,"Software Engineer - Angular JS, Ruby on Rails",0,0,0.9999454617500305,5.453824996948242e-05,0.1,1,BERT:bert_class_weighted,Class weight
1011,emscad_07603,We are looking for passionate individuals who will partner with us and ensure the long-term success of our business and ,Work at Home - Business Owner,0,0,0.9998863339424133,0.00011366605758666992,0.1,1,BERT:bert_class_weighted,Class weight
1012,emscad_07606,We're a data and design focused startup based in New York City with a passionate and forward-thinking team. We enable pe,Java Backend Engineer,0,0,0.9999462962150574,5.370378494262695e-05,0.1,1,BERT:bert_class_weighted,Class weight
1013,emscad_07608,Established on the principles that full time education is not for everyone Spectrum Learning is made up of a team of pas,Birmingham Apprenticeships Under NAS 16-18 Year Olds Only,0,0,0.9999475479125977,5.245208740234375e-05,0.1,1,BERT:bert_class_weighted,Class weight
1014,emscad_07610,HappyFox is a young startup that is all about bringing the happiness quotient in support teams. We help companies transf,Customer Success Consultant,0,0,0.999944806098938,5.519390106201172e-05,0.1,1,BERT:bert_class_weighted,Class weight
1015,emscad_07613,"At Hayes-Corp, we create the fun stuff. With a focus on software development for mobile platforms, we are constantly loo",Mobile Marketing Specialist,0,0,0.9999417066574097,5.829334259033203e-05,0.1,1,BERT:bert_class_weighted,Class weight
1016,emscad_07621,The Albany Charter School Network is a family of charter schools in the City of Albany that works to prepare children fo,Office Assistant,0,0,0.9999414682388306,5.8531761169433594e-05,0.1,1,BERT:bert_class_weighted,Class weight
1017,emscad_07622,"Novitex Enterprise Solutions, formerly Pitney Bowes Management Services, delivers innovative document and communications",Customer Service Associate,0,0,0.999946117401123,5.3882598876953125e-05,0.1,1,BERT:bert_class_weighted,Class weight
1018,emscad_07636,Axonix is a global mobile advertising technology company that's powered by a platform with a 4 year history of leading t,Development Team Leader,0,0,0.9999432563781738,5.6743621826171875e-05,0.1,1,BERT:bert_class_weighted,Class weight
1019,emscad_07648,"We are a young, dynamic, fast-growing digital marketing agency established in February 2013 and headquartered in Athens,",Front End Developer,0,0,0.9999414682388306,5.8531761169433594e-05,0.1,1,BERT:bert_class_weighted,Class weight
1020,emscad_07651,"Novitex Enterprise Solutions, formerly Pitney Bowes Management Services, delivers innovative document and communications",Customer Service Associate,0,0,0.9999450445175171,5.4955482482910156e-05,0.1,1,BERT:bert_class_weighted,Class weight
1021,emscad_07661,We are seeking individuals to be connected with companies who are hiring employees directly to work from their homes. Yo,Full/PartTime Data Entry Work,1,1,0.0,1.0,0.1,1,BERT:bert_class_weighted,Class weight
1022,emscad_07670,At Qualco we create technology to help our customers drive their business forward. We develop innovative software soluti,.NET Software Engineer,0,0,0.9999400973320007,5.990266799926758e-05,0.1,1,BERT:bert_class_weighted,Class weight
1023,emscad_07675,"Does the possibility of working for a nationally ranked accounting firm appeal to you? Our client, a recognized tax and ",Contract Office Assistant Needed!,0,0,0.9977703094482422,0.0022296905517578125,0.1,1,BERT:bert_class_weighted,Class weight
1024,emscad_07701,"Novitex Enterprise Solutions, formerly Pitney Bowes Management Services, delivers innovative document and communications",Service Delivery Manager 1,0,0,0.9999441504478455,5.5849552154541016e-05,0.1,1,BERT:bert_class_weighted,Class weight
1025,emscad_07710,We are an Auto Dealership Group located in Wyoming and Nebraska representing 11 different automotive brands. We are prog,Volkswagen Dealership Service Manager,0,0,0.9999391436576843,6.085634231567383e-05,0.1,1,BERT:bert_class_weighted,Class weight
1026,emscad_07714,The story of the Great Chicago Fire of 1871 isn’t really about the fire. It’s about what happened next: A remarkable mom,IT and Operations Manager - Figo Pet Insurance,0,0,0.9999473094940186,5.269050598144531e-05,0.1,1,BERT:bert_class_weighted,Class weight
1027,emscad_07719,"Since 2001, RL Zapin Associates has been a recognized leader in the placement of mid to senior level Analytics professio","Sr Manager, Customer Acquisition Analytics",0,0,0.9998775720596313,0.00012242794036865234,0.1,1,BERT:bert_class_weighted,Class weight
1028,emscad_07723,"Pollfish is a technology company that aims to change the landscape of market research. Accessing more than 14,000,000 co",Backend Developer (Ninja),0,0,0.9999441504478455,5.5849552154541016e-05,0.1,1,BERT:bert_class_weighted,Class weight
1029,emscad_07724,NOW HIRING - CANVASSING FOR HOME IMPROVEMENT (Ft. Collins ) Door to door canvassing for home improvement company. (Roofi,Canvassers,0,0,0.9998961091041565,0.00010389089584350586,0.1,1,BERT:bert_class_weighted,Class weight
1030,emscad_07728,"Novitex Enterprise Solutions, formerly Pitney Bowes Management Services, delivers innovative document and communications",Customer Service Associate,0,0,0.9999439120292664,5.608797073364258e-05,0.1,1,BERT:bert_class_weighted,Class weight
1031,emscad_07730,"Intercom ( #URL_cb674f93cbcd215a3a0a57a8615a565545949eead8adbbc73307c26d6a6af81b# ) is a simple, personal messaging serv",Product Analyst,0,0,0.9999386668205261,6.133317947387695e-05,0.1,1,BERT:bert_class_weighted,Class weight
1032,emscad_07749,Bright Edge and Aptitude Staffing Solutions have partnered up in an effort to streamline the hiring process and provide ,Accountant,1,1,0.0,1.0,0.1,1,BERT:bert_class_weighted,Class weight
1033,emscad_07755,"Social Care Alba is the highest graded Care at Home Company in the country. We hold awards in Investors in People, Healt",Support Worker (Personal Assistant),0,0,0.9999428391456604,5.716085433959961e-05,0.1,1,BERT:bert_class_weighted,Class weight
1034,emscad_07774,Outstanding Member Service Starts With Outstanding People,Consumer Lending Sales Specialist,0,0,0.9998956918716431,0.0001043081283569336,0.1,1,BERT:bert_class_weighted,Class weight
1035,emscad_07777,Want to build a 21st century financial service?,KYC Banking Opening Assistant,0,0,0.9999421834945679,5.7816505432128906e-05,0.1,1,BERT:bert_class_weighted,Class weight
1036,emscad_07781,Established on the principles that full time education is not for everyone Spectrum Learning is made up of a team of pas,WF17 Personal Assistant Apprenticeship Under NAS 16-18 Year Olds Only,0,0,0.9999430775642395,5.692243576049805e-05,0.1,1,BERT:bert_class_weighted,Class weight
1037,emscad_07787,EUROPEAN DYNAMICS (#URL_c66532ffa1ce76ab447da6774719060c42c584edbf44d74cdb94fc4ac219ca45#) is a leading European Softwar,Senior Test Engineer,0,0,0.9999242424964905,7.575750350952148e-05,0.1,1,BERT:bert_class_weighted,Class weight
1038,emscad_07796,We take the hassle out of finding and booking a cleaner. We are currently in the UK but we have big plans and we want an,Customer service associate,0,0,0.9999096989631653,9.03010368347168e-05,0.1,1,BERT:bert_class_weighted,Class weight
1039,emscad_07808,The Beans Group is a media company that exists to empower young people to thrive. We have been on an exponential growth ,Client Services Executive,0,0,0.9999352097511292,6.479024887084961e-05,0.1,1,BERT:bert_class_weighted,Class weight
1040,emscad_07809,The best word to describe PCP’s culture is PRIDE. Pride in our company. Pride in our job. And pride in our relationships,Data Entry Clerk,0,0,0.9999357461929321,6.42538070678711e-05,0.1,1,BERT:bert_class_weighted,Class weight
1041,emscad_07818,Soft ware Com petitiveness International (SOFTCOM INTERNATIONAL) is characterized for personel excellence .,Senior iOS Application Developer,0,0,0.9999377131462097,6.22868537902832e-05,0.1,1,BERT:bert_class_weighted,Class weight
1042,emscad_07823,"ABC Supply Co., Inc. is the nation’s largest wholesale distributor of roofing and one of the largest distributors of sid",Outside Sales Professional-Neenah,0,0,0.9999357461929321,6.42538070678711e-05,0.1,1,BERT:bert_class_weighted,Class weight
1043,emscad_07830,"Industrial Color Software is a division of Industrial Color Brands, a family of vertically integrated creative productio",Systems/Network Administrator,0,0,0.999934196472168,6.580352783203125e-05,0.1,1,BERT:bert_class_weighted,Class weight
1044,emscad_07836,"Babbel enables anyone to learn languages in an easy and interactive way. The learning system offers 13 languages, from E",Software Engineer (Data Analysis),0,0,0.9999326467514038,6.73532485961914e-05,0.1,1,BERT:bert_class_weighted,Class weight
1045,emscad_07841,"We are an international, venture backed team making it easy for millions of students worldwide to find and book their ac",Sales Manager,0,0,0.9999155402183533,8.445978164672852e-05,0.1,1,BERT:bert_class_weighted,Class weight
1046,emscad_07844,"POS-X is a rapidly growing point-of-sale hardware manufacturer located in Bellingham, WA. The POS-X environment consists",Supply Chain Specialist,0,0,0.9999430775642395,5.692243576049805e-05,0.1,1,BERT:bert_class_weighted,Class weight
1047,emscad_07851,EROAD was established to modernise New Zealand’s paper-based RUC regime and in 2009 launched the world’s first GPS/cellu,EROAD - Application Form,0,0,0.9999423623085022,5.7637691497802734e-05,0.1,1,BERT:bert_class_weighted,Class weight
1048,emscad_07852,"Novitex Enterprise Solutions, formerly Pitney Bowes Management Services, delivers innovative document and communications",Customer Service Associate - Part Time,0,0,0.9999481439590454,5.1856040954589844e-05,0.1,1,BERT:bert_class_weighted,Class weight
1049,emscad_07865,"Our client is currently seeking a talented Senior Python developer/architect to join their team in Mountain View, CA on ",talented Senior Python developer,0,0,0.9999305009841919,6.949901580810547e-05,0.1,1,BERT:bert_class_weighted,Class weight
1050,emscad_07889,LetterStream is an innovative printing and mailing company leveraging automation to assist our customers in accomplishin,Part-time Warehouse Help,0,0,0.9999432563781738,5.6743621826171875e-05,0.1,1,BERT:bert_class_weighted,Class weight
1051,emscad_07903,Why CSD?,Community and Volunteer Outreach Coordinator,0,0,0.9999366998672485,6.330013275146484e-05,0.1,1,BERT:bert_class_weighted,Class weight
1052,emscad_07919,"The ideal candidate will be strong with HTML5, CSS3 and Javascript and have exposure to at least one Javascript framewor",UI / UX Front end Developer,0,0,0.9999305009841919,6.949901580810547e-05,0.1,1,BERT:bert_class_weighted,Class weight
1053,emscad_07923,The only thing we love more than our data is our team.,Head of Customer Success,0,0,0.9999426007270813,5.739927291870117e-05,0.1,1,BERT:bert_class_weighted,Class weight
1054,emscad_07927,"Neusoft America is a division of Neusoft, the largest IT Solutions & Services provider in China with a US presence that ",Wireless Software Engineer,0,0,0.999946117401123,5.3882598876953125e-05,0.1,1,BERT:bert_class_weighted,Class weight
1055,emscad_07936,LanguageWire is a leading translation company servicing clients from its offices throughout Europe. With a proven track ,Project Coordinator,0,0,0.9999434947967529,5.650520324707031e-05,0.1,1,BERT:bert_class_weighted,Class weight
1056,emscad_07940,The roles are for Belfast. The first interviews will be done in Athens. The company has more than 300 people and is grow,Senior Software Engineer,0,0,0.9998984932899475,0.00010150671005249023,0.1,1,BERT:bert_class_weighted,Class weight
1057,emscad_07944,Applied Memetics LLC is a professional services company dedicated to integrating and delivering best practice communicat,Multimedia Producer (French),0,0,0.9999456405639648,5.435943603515625e-05,0.1,1,BERT:bert_class_weighted,Class weight
1058,emscad_07945,"Since 2005, American Secured Benefits, a leading financial planning and insurance brokerage company, has helped thousand",Sales Representative,1,1,0.00244140625,0.99755859375,0.1,1,BERT:bert_class_weighted,Class weight
1059,emscad_07947,"Easy, flexible & scalable tool for asking questions",UX Designer with a passion simple design,0,0,0.9998528957366943,0.00014710426330566406,0.1,1,BERT:bert_class_weighted,Class weight
1060,emscad_07950,Why CSD?,New York Captioning Assistant,0,0,0.9999326467514038,6.73532485961914e-05,0.1,1,BERT:bert_class_weighted,Class weight
1061,emscad_07953,Established on the principles that full time education is not for everyone Spectrum Learning is made up of a team of pas,Durham Recruitment Consultant Assistant Apprenticeship Under NAS 16-18 Year Olds Only,0,0,0.9999499320983887,5.0067901611328125e-05,0.1,1,BERT:bert_class_weighted,Class weight
1062,emscad_07959,"Facilitates effective communication with analysts (buy and sell side), institutional and retail investors·",JUNIOR INVESTOR RELATIONS OFFICER,0,0,0.9999008178710938,9.918212890625e-05,0.1,1,BERT:bert_class_weighted,Class weight
1063,emscad_07975,MERL's internship program gives students excellent opportunities to work in an industrial research lab environment side-,Advanced RF Technologies,0,0,0.9999279975891113,7.200241088867188e-05,0.1,1,BERT:bert_class_weighted,Class weight
1064,emscad_07976,"WillDom is a top notch IT Outsourcing Business Ecosystem, where each member contributes in creating world class value. W",Sharepoint Developer - Remote - USA Only,0,0,0.9998584985733032,0.00014150142669677734,0.1,1,BERT:bert_class_weighted,Class weight
1065,emscad_07988,"At Hayes-Corp, we create the fun stuff. With a focus on software development for mobile platforms, we are constantly loo","Personal Assistant (Tech, Mobile, Startup)",0,0,0.9999481439590454,5.1856040954589844e-05,0.1,1,BERT:bert_class_weighted,Class weight
1066,emscad_07995,36#URL_75d61c0f42b1d2a50175f4c4a760c598da33417e951c5a81054d4b41e17cdf9a# is an exciting new social travel platform to co,Lead Engineer,0,0,0.9999288320541382,7.11679458618164e-05,0.1,1,BERT:bert_class_weighted,Class weight
1067,emscad_08007,"The RealReal is changing the way people buy and sell luxury items. The leader in luxury resale, the company is a full se",Senior Front End Engineer,0,0,0.9999430775642395,5.692243576049805e-05,0.1,1,BERT:bert_class_weighted,Class weight
1068,emscad_08009,Business Analyst with PeopleSoft 8.8 CRM Experience Strong PeopleSoft CRM resource who understands CRM functionality and,PeopleSoft CRM Consultant,0,0,0.9996788501739502,0.0003211498260498047,0.1,1,BERT:bert_class_weighted,Class weight
1069,emscad_08011,"FiLo is a leader in custom software application development. Founded in 2006, FiLo has been delivering effective solutio",Remote IT Tech,0,0,0.999946117401123,5.3882598876953125e-05,0.1,1,BERT:bert_class_weighted,Class weight
1070,emscad_08012,"We are looking for friendly interior designers with over 5 years experience. This is a part-time, work from home (or any",Interior Designer,0,0,0.9998511075973511,0.00014889240264892578,0.1,1,BERT:bert_class_weighted,Class weight
1071,emscad_08019,"Shyp is the easiest way to send anything, anywhere.",User Researcher,0,0,0.999929666519165,7.033348083496094e-05,0.1,1,BERT:bert_class_weighted,Class weight
1072,emscad_08026,Trading Economics provides its users with accurate information for 232 countries including historical data for more than,Web Developer,0,0,0.9999096989631653,9.03010368347168e-05,0.1,1,BERT:bert_class_weighted,Class weight
1073,emscad_08027,This is your chance to join a growing Top level systems integration and custom software company with a great reputation ,Curam Developer,0,0,0.9998183250427246,0.00018167495727539062,0.1,1,BERT:bert_class_weighted,Class weight
1074,emscad_08032,We are an enthusiastic team of performance-driven individuals looking to expand our operations in UK. Our digital agency,Digital Sales Superstar,0,0,0.9999364614486694,6.35385513305664e-05,0.1,1,BERT:bert_class_weighted,Class weight
1075,emscad_08038,"PeopleSoft HCM application (mainly on Core HR, Recruiting, Payroll Interface, Performance management modules) * Ability ",PeopleSoft HCM Functional Consultant,0,0,0.9997808933258057,0.00021910667419433594,0.1,1,BERT:bert_class_weighted,Class weight
1076,emscad_08043,"Founded in 1999, PowerChord is a leader in Digital Brand Management, specializing in the development of online channel m",Email Marketing Specialist,0,0,0.9999469518661499,5.3048133850097656e-05,0.1,1,BERT:bert_class_weighted,Class weight
1077,emscad_08064,"For marketers looking to drive engagement through social media, GaggleAMP Amplify is the social marketing platform that ",Inside Sales Representative,0,0,0.9999386668205261,6.133317947387695e-05,0.1,1,BERT:bert_class_weighted,Class weight
1078,emscad_08069,"We are a small team changing the way everyone thinks and deals with tax. It does not have to be a pain, boring and ugly.",Python Backend Engineers,0,0,0.9999386668205261,6.133317947387695e-05,0.1,1,BERT:bert_class_weighted,Class weight
1079,emscad_08072,This is a growing company that was voted by the Boston Globe as one of the best places to work,Senior Javascript/Front End Engineer (Vibrant culture),0,0,0.999938428401947,6.157159805297852e-05,0.1,1,BERT:bert_class_weighted,Class weight
1080,emscad_08076,Outstanding Member Service Starts With Outstanding People,Open positions,0,0,0.9997439384460449,0.0002560615539550781,0.1,1,BERT:bert_class_weighted,Class weight
1081,emscad_08085,Massive Media is the social media company behind the successful digital brands #URL_18234f381f5e7b9a9ffdc727cd05c9046edf,Cloud Engineer,0,0,0.9999374747276306,6.252527236938477e-05,0.1,1,BERT:bert_class_weighted,Class weight
1082,emscad_08087,Awesome Open Source Results,Senior Drupal Developers,0,0,0.9999426007270813,5.739927291870117e-05,0.1,1,BERT:bert_class_weighted,Class weight
1083,emscad_08094,"Novitex Enterprise Solutions, formerly Pitney Bowes Management Services, delivers innovative document and communications",Customer Service Associate,0,0,0.9999454617500305,5.453824996948242e-05,0.1,1,BERT:bert_class_weighted,Class weight
1084,emscad_08096,Virteva delivers managed IT services and project-based consulting services that optimize our customer’s IT infrastructur,Senior SCCM Consultant,0,0,0.999938428401947,6.157159805297852e-05,0.1,1,BERT:bert_class_weighted,Class weight
1085,emscad_08097,"Riverside is an internationally recognized engineering, science, and information technology company with more than 25 ye",Satellite Data Assimilation Scientist,0,0,0.9999039173126221,9.608268737792969e-05,0.1,1,BERT:bert_class_weighted,Class weight
1086,emscad_08101,"Valor Services provides Workforce Solutions that meet the needs of companies across the Private Sector, with a special f",Full-Cycle Recruiter,0,0,0.9999428391456604,5.716085433959961e-05,0.1,1,BERT:bert_class_weighted,Class weight
1087,emscad_08104,At HoneyBook we’re re-imagining the events industry and building a product that is already changing the world for some o,Sales Representative,0,0,0.9999257326126099,7.426738739013672e-05,0.1,1,BERT:bert_class_weighted,Class weight
1088,emscad_08109,"LEI Home Enhancements, is an Ohio based company that has been installing windows, siding, doors and decks in homes throu",***NEEDED 15-20 CUSTOMER SERVICE REPS,0,0,0.9999405741691589,5.942583084106445e-05,0.1,1,BERT:bert_class_weighted,Class weight
1089,emscad_08123,RESPONSIBILITIES:,Civil Engineer,0,0,0.9949874877929688,0.00501251220703125,0.1,1,BERT:bert_class_weighted,Class weight
1090,emscad_08124,The story of the Great Chicago Fire of 1871 isn’t really about the fire. It’s about what happened next: A remarkable mom,Pricing Analyst/Data Scientist - OptionsAway,0,0,0.9999419450759888,5.805492401123047e-05,0.1,1,BERT:bert_class_weighted,Class weight
1091,emscad_08158,United Cerebral Palsy of Oregon & SW Washington (UCP) supports adults with all kinds of developmental disabilities (not ,"Full-Time Caregiver (Position C) for a Shy, Sweet Young Woman",0,0,0.9999513030052185,4.869699478149414e-05,0.1,1,BERT:bert_class_weighted,Class weight
1092,emscad_08162,Our History,Driver - Medium Duty (Kent),0,0,0.999934196472168,6.580352783203125e-05,0.1,1,BERT:bert_class_weighted,Class weight
1093,emscad_08166,If working in a cubical seems like your idea of hell then joining our awesome startup team might be the opportunity you’,Customer Support Rockstar (Associate Level Position),0,0,0.9999324083328247,6.759166717529297e-05,0.1,1,BERT:bert_class_weighted,Class weight
1094,emscad_08170,"Founded in 1852, the American Society of Civil Engineers (ASCE) represents more than 145,000 members of the civil engine",.Net Developer,0,0,0.9999100565910339,8.994340896606445e-05,0.1,1,BERT:bert_class_weighted,Class weight
1095,emscad_08172,We launched Involvio as students at Drexel University in Philadelphia out of our frustration that keeping track of event,Sales Director,0,0,0.9999405741691589,5.942583084106445e-05,0.1,1,BERT:bert_class_weighted,Class weight
1096,emscad_08175,"Ginkgotree is changing the way course materials are designed and delivered. We’re ending the reign of overpriced, cookie",Marketing Director,0,0,0.99993497133255,6.502866744995117e-05,0.1,1,BERT:bert_class_weighted,Class weight
1097,emscad_08181,"With over 30 years of experience in the industry, Mercer Foods has been providing superior quality freeze dried foods an",Maintenance Supervisor,0,0,0.9998584985733032,0.00014150142669677734,0.1,1,BERT:bert_class_weighted,Class weight
1098,emscad_08203,"TapHunter ( #URL_95b1bf876c79465b7a563292438e8293a651920b605b528509c8d4c14bfc174e# ) provides bars, restaurants, bottle ",Marketing & Sales Support,0,0,0.9999379515647888,6.204843521118164e-05,0.1,1,BERT:bert_class_weighted,Class weight
1099,emscad_08205,"Startup Institute is the #1 career accelerator, offering transformative educational experiences for career changers and ",Head of Acquisition Marketing,0,0,0.9999400973320007,5.990266799926758e-05,0.1,1,BERT:bert_class_weighted,Class weight
1100,emscad_08213,Tel Tech Networks is a Voice/Data/Video/Security systems contractor operating primarily in the Southwestern United State,Telecommunications Lead Tech,0,0,0.9999282956123352,7.170438766479492e-05,0.1,1,BERT:bert_class_weighted,Class weight
1101,emscad_08224,America's Favorite online retailer of fine home furnishings and other accessories. We combine the best selection of prod,eCommerce Specialist / Database Management for Home Decor Company,0,0,0.9999359846115112,6.401538848876953e-05,0.1,1,BERT:bert_class_weighted,Class weight
1102,emscad_08239,"We design, build, sell, and service the most innovative operations management technology in the world.",Software Engineering Intern,0,0,0.999943733215332,5.626678466796875e-05,0.1,1,BERT:bert_class_weighted,Class weight
1103,emscad_08245,Maguru helps small businesses get more customers though efficient and fair priced managed online marketing.,CTO,0,0,0.9999426007270813,5.739927291870117e-05,0.1,1,BERT:bert_class_weighted,Class weight
1104,emscad_08255,hello world,Senior Java Developer,0,0,0.9999434947967529,5.650520324707031e-05,0.1,1,BERT:bert_class_weighted,Class weight
1105,emscad_08260,We Provide Full Time Permanent Positions for many medium to large US companies. We are interested in finding/recruiting ,"Materials Manager - SAP data analysis - Greenwood, MS",0,0,0.9999364614486694,6.35385513305664e-05,0.1,1,BERT:bert_class_weighted,Class weight
1106,emscad_08286,"At Nobilissimus Apps, we love creating apps people will love & we enjoy every single moment of the process. Only then it",UI/UX Designer,0,0,0.9999432563781738,5.6743621826171875e-05,0.1,1,BERT:bert_class_weighted,Class weight
1107,emscad_08289,NETGEAR and Aptitude Staffing Solutions have partnered up in an effort to streamline the hiring process and provide a mo,Senior Engineering Product Manager,1,1,0.0,1.0,0.1,1,BERT:bert_class_weighted,Class weight
1108,emscad_08292,"Wiget Media is an online advertising network, with a daily reach of 50m+ unique users world-wide. Our goal is to build o",Senior Back-End Developer,0,0,0.9999426007270813,5.739927291870117e-05,0.1,1,BERT:bert_class_weighted,Class weight
1109,emscad_08299,IntelliBright was created to leverage enterprise level online business practices to generate exclusive leads on behalf o,Sales Manager,0,0,0.9999412298202515,5.8770179748535156e-05,0.1,1,BERT:bert_class_weighted,Class weight
1110,emscad_08310,NETGEAR and Aptitude Staffing Solutions have partnered up in an effort to streamline the hiring process and provide a mo,Software Architect,1,1,0.0,1.0,0.1,1,BERT:bert_class_weighted,Class weight
1111,emscad_08319,About ECHOING GREEN :,"Senior Associate, Global Fellowship",0,0,0.9999364614486694,6.35385513305664e-05,0.1,1,BERT:bert_class_weighted,Class weight
1112,emscad_08321,Orange County Tech Recruiters is based in Orange County and focuses on finding full time technical talent for clients in,Director of Technology,0,0,0.9999452233314514,5.4776668548583984e-05,0.1,1,BERT:bert_class_weighted,Class weight
1113,emscad_08345,"StudyHall creates opportunities for college, university students, and recent graduates, to work with the best companies ",Video and Marketing Producer for Startup Company | StudyHall.com,0,0,0.9999145269393921,8.547306060791016e-05,0.1,1,BERT:bert_class_weighted,Class weight
1114,emscad_08369,The story of the Great Chicago Fire of 1871 isn’t really about the fire. It’s about what happened next: A remarkable mom,QA Engineer - OptionsAway,0,0,0.9999285936355591,7.140636444091797e-05,0.1,1,BERT:bert_class_weighted,Class weight
1115,emscad_08380,We Provide Full Time Permanent Positions for many medium to large US companies. We are interested in finding/recruiting ,Manufacturing Engineer - Aerospace Manufacturing Exp - CA,0,0,0.9999456405639648,5.435943603515625e-05,0.1,1,BERT:bert_class_weighted,Class weight
1116,emscad_08397,Somos uma empresa de TI foda!,Desenvolvedor Web,0,0,0.9998568296432495,0.00014317035675048828,0.1,1,BERT:bert_class_weighted,Class weight
1117,emscad_08410,"Neverbland is a team of designers, developers and doers. Specialists in user experience, interaction design and product ",Front-End Engineer,0,0,0.9999357461929321,6.42538070678711e-05,0.1,1,BERT:bert_class_weighted,Class weight
1118,emscad_08414,EUROPEAN DYNAMICS (#URL_c66532ffa1ce76ab447da6774719060c42c584edbf44d74cdb94fc4ac219ca45#) is a leading European Softwar,Solution Architect,0,0,0.9999299645423889,7.003545761108398e-05,0.1,1,BERT:bert_class_weighted,Class weight
1119,emscad_08427,"Based in Houston, Texas, Palladium Consulting is a boutique software consulting firm with 12 years’ experience building ",Terabytes of ASP.NET,0,0,0.9999227523803711,7.724761962890625e-05,0.1,1,BERT:bert_class_weighted,Class weight
1120,emscad_08430,"Lakefront Brewery is a leader in brewing the best beers in Milwaukee. Founded in 1987, Lakefront has been brewing for mo",Sous Chef,0,0,0.9999328851699829,6.711483001708984e-05,0.1,1,BERT:bert_class_weighted,Class weight
1121,emscad_08435,"Lakefront Brewery is a leader in brewing the best beers in Milwaukee. Founded in 1987, Lakefront has been brewing for mo",Sous Chef,0,0,0.9999331831932068,6.681680679321289e-05,0.1,1,BERT:bert_class_weighted,Class weight
1122,emscad_08448,"LINK REAL ESTATE NYC, less than one year new!",****SALARY/COMMISSION for AGENT/ADMIN!! -,0,0,0.9998756647109985,0.00012433528900146484,0.1,1,BERT:bert_class_weighted,Class weight
1123,emscad_08458,Filament Labs is building Patient IOTM — a care plan platform.,Android Engineer at high growth health IT startup,0,0,0.9999520778656006,4.792213439941406e-05,0.1,1,BERT:bert_class_weighted,Class weight
1124,emscad_08467,"Tidewater Finance Co. was established in 1992 for the initial purpose of purchasing, and servicing retail installment co",Contact Resolution Supervisor,0,0,0.9999400973320007,5.990266799926758e-05,0.1,1,BERT:bert_class_weighted,Class weight
1125,emscad_08472,"Brand Apps is a exciting, young company that creates mobile apps to help small businesses promote themselves. We are pas",Mobile App Designer,0,0,0.9999212622642517,7.873773574829102e-05,0.1,1,BERT:bert_class_weighted,Class weight
1126,emscad_08477,"Emission Monitoring Service, Inc. (EMSI) was established in 1986 to assist companies in meeting the environmental regula",Emission Montoring Technician,0,0,0.999923050403595,7.69495964050293e-05,0.1,1,BERT:bert_class_weighted,Class weight
1127,emscad_08487,"Ο Alpha συγκαταλέγεται ανάμεσα στους τρεις μεγαλύτερους τηλεοπτικούς σταθμούς της Ελλάδας, φιλοξενώντας κάποιους από του",Financial Analyst,0,0,0.9999326467514038,6.73532485961914e-05,0.1,1,BERT:bert_class_weighted,Class weight
1128,emscad_08494,PROSULTING IS PEOPLE The ProSulting difference is easy to see. Our passion for delivering qualified pre-screened personn,Controller,0,0,0.9999299645423889,7.003545761108398e-05,0.1,1,BERT:bert_class_weighted,Class weight
1129,emscad_08509,"Founded in 1974 in Canada, and in 1985 in the U.S. as a specialty engineering and contracting company, Landmark works th",Sr. Estimator,0,0,0.9998300075531006,0.00016999244689941406,0.1,1,BERT:bert_class_weighted,Class weight
1130,emscad_08527,"Consulting: Our efforts are to help clients throughout their business including product development, HR, marketing, othe",Admin / Marketing Assistant,0,0,0.9999209642410278,7.903575897216797e-05,0.1,1,BERT:bert_class_weighted,Class weight
1131,emscad_08532,"Valor Services provides Workforce Solutions that meet the needs of companies across the Private Sector, with a special f",Safety Director - Up to $200k per year,0,0,0.9999234080314636,7.659196853637695e-05,0.1,1,BERT:bert_class_weighted,Class weight
1132,emscad_08540,"Pricing Recruiters is the leading global resource for the procurement, vetting and placement of qualified, pricing and p",Aramark - Pricing Director - Healthcare Technologies,0,0,0.9999266266822815,7.337331771850586e-05,0.1,1,BERT:bert_class_weighted,Class weight
1133,emscad_08552,EUROPEAN DYNAMICS (#URL_c66532ffa1ce76ab447da6774719060c42c584edbf44d74cdb94fc4ac219ca45#) is a leading European Softwar,Senior Java Developer,0,0,0.999934196472168,6.580352783203125e-05,0.1,1,BERT:bert_class_weighted,Class weight
1134,emscad_08566,"ABC Supply Co., Inc. is the nation’s largest wholesale distributor of roofing and one of the largest distributors of sid",Outside Sales Professional-Springfield,0,0,0.9999326467514038,6.73532485961914e-05,0.1,1,BERT:bert_class_weighted,Class weight
1135,emscad_08568,"Novitex Enterprise Solutions, formerly Pitney Bowes Management Services, delivers innovative document and communications",Customer Service Associate,0,0,0.9999445676803589,5.543231964111328e-05,0.1,1,BERT:bert_class_weighted,Class weight
1136,emscad_08574,Find more jobs at #URL_1efb08d6a6da1c56afb2d0c686e1ed0dc14d0fbcb22482369e8a69999aa0d278#/,RN OR Circulator,1,1,0.0,1.0,0.1,1,BERT:bert_class_weighted,Class weight
1137,emscad_08585,"Novitex Enterprise Solutions, formerly Pitney Bowes Management Services, delivers innovative document and communications",Customer Service Associate,0,0,0.9999426007270813,5.739927291870117e-05,0.1,1,BERT:bert_class_weighted,Class weight
1138,emscad_08589,Shirley Parsons LLC is a specialist recruitment consultancy working within the Environmental and Health & Safety markets,Safety Manager,0,0,0.9999423623085022,5.7637691497802734e-05,0.1,1,BERT:bert_class_weighted,Class weight
1139,emscad_08595,Apply using below link,RN OR Circulator,1,1,0.0,1.0,0.1,1,BERT:bert_class_weighted,Class weight
1140,emscad_08597,"Pricing Recruiters is the leading global resource for the procurement, vetting and placement of qualified, pricing and p",Siemans - Pricing Analyst,0,0,0.9999203085899353,7.969141006469727e-05,0.1,1,BERT:bert_class_weighted,Class weight
1141,emscad_08599,ReadyCache is a premier fast growing technology company. We have pioneered a web acceleration platform. Our cloud based ,Web Acceleration Engineer,0,0,0.999946117401123,5.3882598876953125e-05,0.1,1,BERT:bert_class_weighted,Class weight
1142,emscad_08602,Apply using below link,RN PACU,1,1,0.0,1.0,0.1,1,BERT:bert_class_weighted,Class weight
1143,emscad_08610,"Pricing Recruiters is the leading global resource for the procurement, vetting and placement of qualified, pricing and p",Thermo Fisher Scientific - Senior Pricing Analyst,0,0,0.9999310374259949,6.896257400512695e-05,0.1,1,BERT:bert_class_weighted,Class weight
1144,emscad_08616,#URL_c379aa631173ed5b7c345ab3f500a9a053e509138ca70e52c1088e5a784dc8d7# is a modern online travel agency that was founded,Office Management Trainee,0,0,0.9999334216117859,6.657838821411133e-05,0.1,1,BERT:bert_class_weighted,Class weight
1145,emscad_08623,"We're an emerging technology agency, and we build breakthrough products through user-centered design. We're building a t",Contract Product Designer,0,0,0.9999445676803589,5.543231964111328e-05,0.1,1,BERT:bert_class_weighted,Class weight
1146,emscad_08636,"With $4 billion under active management, Bessemer Venture Partners is a global venture capital firm with offices in Sili",Analyst,0,0,0.999873161315918,0.00012683868408203125,0.1,1,BERT:bert_class_weighted,Class weight
1147,emscad_08652,"We are Netguru and we love to develop web application based on Ruby On Rails framework. We value quality, transparent co",Senior Developer Ruby on Rails,0,0,0.9999441504478455,5.5849552154541016e-05,0.1,1,BERT:bert_class_weighted,Class weight
1148,emscad_08653,Established on the principles that full time education is not for everyone Spectrum Learning is made up of a team of pas,Birmingham Fragrance and Beauty Promotional Staff,0,0,0.9999467134475708,5.328655242919922e-05,0.1,1,BERT:bert_class_weighted,Class weight
1149,emscad_08664,"Valor Services provides Workforce Solutions that meet the needs of companies across the Private Sector, with a special f",Frac Supervisor,0,0,0.9999454617500305,5.453824996948242e-05,0.1,1,BERT:bert_class_weighted,Class weight
1150,emscad_08671,"ABC Supply Co., Inc. is the nation’s largest wholesale distributor of roofing and one of the largest distributors of sid",CDL Driver-West Chicago,0,0,0.9999421834945679,5.7816505432128906e-05,0.1,1,BERT:bert_class_weighted,Class weight
1151,emscad_08673,"Founded by John A. Sobrato in 1979 and led by CEO John M. Sobrato and President Rob Hollister, The Sobrato Organization ",Accounting Manager,0,0,0.9995064735412598,0.0004935264587402344,0.1,1,BERT:bert_class_weighted,Class weight
1152,emscad_08674,Aesop is a stimulating work environment in which we are challenged to do our best. Our company is creative and progressi,Accounting and Retail Coordinator,0,0,0.9999326467514038,6.73532485961914e-05,0.1,1,BERT:bert_class_weighted,Class weight
1153,emscad_08678,"Aker Solutions is a global provider of products, systems and services to the oil and gas industry. Our engineering, desi",Project Subcontracting Manager,1,1,0.0,1.0,0.1,1,BERT:bert_class_weighted,Class weight
1154,emscad_08691,Basil Lifecare Pvt. Ltd. is a Wellness & Preventive Healthcare Company dealing in IT enabled wellness services that focu,Payroll Clerk,1,1,0.0,1.0,0.1,1,BERT:bert_class_weighted,Class weight
1155,emscad_08695,The Beans Group is a media company that exists to empower young people to thrive. We have been on an exponential growth ,Event Sales Manager,0,0,0.9999391436576843,6.085634231567383e-05,0.1,1,BERT:bert_class_weighted,Class weight
1156,emscad_08701,"Westview Financial Services , located in Chesapeake, VA has a full-time ASSISTANT MANAGER position available immediately",Assistant Manager,0,0,0.9999082684516907,9.173154830932617e-05,0.1,1,BERT:bert_class_weighted,Class weight
1157,emscad_08706,"Novitex Enterprise Solutions, formerly Pitney Bowes Management Services, delivers innovative document and communications",Service Delivery Manager 1,0,0,0.9999497532844543,5.02467155456543e-05,0.1,1,BERT:bert_class_weighted,Class weight
1158,emscad_08713,"GPL Technologies is a solutions provider focused on the design, implementation, and support of high-performance informat",Systems Engineer - Vancouver,0,0,0.9999479651451111,5.2034854888916016e-05,0.1,1,BERT:bert_class_weighted,Class weight
1159,emscad_08719,MediaMonks is the biggest creative digital production company on the planet . We specialize in working for and with adve,OPEN APPLICATIONS - BUSINESS/ACCOUNT/PRODUCERS,0,0,0.9999364614486694,6.35385513305664e-05,0.1,1,BERT:bert_class_weighted,Class weight
1160,emscad_08720,Job Summary: This position is established to actively participate with the renal dialysis staff by providing basic bed s,Dialysis Equipment Technician,0,0,0.9998867511749268,0.00011324882507324219,0.1,1,BERT:bert_class_weighted,Class weight
1161,emscad_08721,"Since 1993, Cancer for College has been providing college scholarships to cancer survivors. We are a very small operatio",Office Manager,0,0,0.9998980760574341,0.00010192394256591797,0.1,1,BERT:bert_class_weighted,Class weight
1162,emscad_08723,"Position :Manager, Software Development Job Type : Full Time Job Location : Washington–Bellevue Us work status required ",Hiring for Business Intelligence and Analytics Project Manager,1,1,0.01513671875,0.98486328125,0.1,1,BERT:bert_class_weighted,Class weight
1163,emscad_08724,PROSULTING IS PEOPLE The ProSulting difference is easy to see. Our passion for delivering qualified pre-screened personn,Controller,0,0,0.9999299645423889,7.003545761108398e-05,0.1,1,BERT:bert_class_weighted,Class weight
1164,emscad_08733,SilverStripe CMS & Framework is an open source platform of web development tools. The platform is curated by SilverStrip,Development Manager,0,0,0.999945878982544,5.412101745605469e-05,0.1,1,BERT:bert_class_weighted,Class weight
1165,emscad_08735,"Shapeways is the leading 3D printing marketplace and community, empowering designers to bring amazing products to life. ",3D Printing Engineer,0,0,0.9999288320541382,7.11679458618164e-05,0.1,1,BERT:bert_class_weighted,Class weight
1166,emscad_08741,"Novitex Enterprise Solutions, formerly Pitney Bowes Management Services, delivers innovative document and communications",Customer Service Associate,0,0,0.9999434947967529,5.650520324707031e-05,0.1,1,BERT:bert_class_weighted,Class weight
1167,emscad_08744,Netigate is a leading European provider of cloud based services for online surveys that are primarily used for voice of ,Mobile Experience Manager till Electrolux,0,0,0.9999441504478455,5.5849552154541016e-05,0.1,1,BERT:bert_class_weighted,Class weight
1168,emscad_08756,Hiring made easy for Digital Jobs,Service Ambassadors,0,0,0.999366283416748,0.0006337165832519531,0.1,1,BERT:bert_class_weighted,Class weight
1169,emscad_08762,IgnitionOne is a global leader in cloud-based digital marketing technology providing a world-class proprietary platform ,Senior Systems Administrator,0,0,0.9999432563781738,5.6743621826171875e-05,0.1,1,BERT:bert_class_weighted,Class weight
1170,emscad_08766,"Valor Services provides Workforce Solutions that meet the needs of companies across the Private Sector, with a special f",Purchasing Specialist,0,0,0.9999405741691589,5.942583084106445e-05,0.1,1,BERT:bert_class_weighted,Class weight
1171,emscad_08785,Plunge Interactive has been growing rapidly this last year. Our latest great success has been Make It Rain: The Love of ,Cocos2d-x game programmer,0,0,0.9999452233314514,5.4776668548583984e-05,0.1,1,BERT:bert_class_weighted,Class weight
1172,emscad_08786,Massive Media is the social media company behind the successful digital brands #URL_18234f381f5e7b9a9ffdc727cd05c9046edf,Business Developer - Netlog Arabic site,0,0,0.999904990196228,9.500980377197266e-05,0.1,1,BERT:bert_class_weighted,Class weight
1173,emscad_08791,"Our job is to make what you do, what you say and how you say it live up to consumers expectations.",Stage / Internship Backend (PHP),0,0,0.9999359846115112,6.401538848876953e-05,0.1,1,BERT:bert_class_weighted,Class weight
1174,emscad_08797,Searching for the perfect creative agent or mission? Inside Job Agency finds out the details you need to know in order t,Digital Project Coordinator,0,0,0.9998948574066162,0.00010514259338378906,0.1,1,BERT:bert_class_weighted,Class weight
1175,emscad_08800,Fifty Pixels an app development studio building innovative mobile and web products. We work with startups and corporates,Experienced WordPress Developer (freelancer for remote work),0,0,0.9999450445175171,5.4955482482910156e-05,0.1,1,BERT:bert_class_weighted,Class weight
1176,emscad_08812,Federal has been in business for over 100 years and is an original Charter Agent for Allied Van Lines . We believe our d,Van Foreman / Driver - Class A,0,0,0.999929666519165,7.033348083496094e-05,0.1,1,BERT:bert_class_weighted,Class weight
1177,emscad_08820,CallCentre People Recruitment is recognised as being specialists within the CallCentre industry.,Team Leader Assistant,0,0,0.999940812587738,5.918741226196289e-05,0.1,1,BERT:bert_class_weighted,Class weight
1178,emscad_08823,Cytech is a mobile marketing software provider that develops mobile applications and solutions using innovative technolo,iOS Software Developer,0,0,0.999940812587738,5.918741226196289e-05,0.1,1,BERT:bert_class_weighted,Class weight
1179,emscad_08851,Welcome to our Careers section. Please review the positions we are currently hiring for and apply to the ones that inter,Sr. Software Engineer for Java,0,0,0.9999485611915588,5.143880844116211e-05,0.1,1,BERT:bert_class_weighted,Class weight
1180,emscad_08860,"Westview Financial Services , located in Chesapeake, VA has a full-time ASSISTANT MANAGER position available immediately",Assistant Manager,0,0,0.9999082684516907,9.173154830932617e-05,0.1,1,BERT:bert_class_weighted,Class weight
1181,emscad_08881,Massive Media is the social media company behind the successful digital brands #URL_18234f381f5e7b9a9ffdc727cd05c9046edf,Acquisition Marketing Manager - Netlog,0,0,0.99993497133255,6.502866744995117e-05,0.1,1,BERT:bert_class_weighted,Class weight
1182,emscad_08886,We’re always looking for highly motivated “founder-types” to join us as we grow. Here’s what you need to know.,Chief of Staff,0,0,0.9998259544372559,0.00017404556274414062,0.1,1,BERT:bert_class_weighted,Class weight
1183,emscad_08892,Axonix is a global mobile advertising technology company that's powered by a platform with a 4 year history of leading t,Gap Year Java Software Developer,0,0,0.9999450445175171,5.4955482482910156e-05,0.1,1,BERT:bert_class_weighted,Class weight
1184,emscad_08897,CSI International is a professional building services company that takes pride in exceeding our customers’ expectations ,Front Desk Concierge (Luxury Condo),0,0,0.9999357461929321,6.42538070678711e-05,0.1,1,BERT:bert_class_weighted,Class weight
1185,emscad_08914,Our Mortgage Team guides both new and existing clients in purchasing and maintaining the home of their dreams. Our goal ,Loan Specialist (Early Stage),0,0,0.9999086260795593,9.137392044067383e-05,0.1,1,BERT:bert_class_weighted,Class weight
1186,emscad_08918,"Sparkol is a growing software company based outside of Bristol, UK.",Client Services Specialist,0,0,0.9999445676803589,5.543231964111328e-05,0.1,1,BERT:bert_class_weighted,Class weight
1187,emscad_08922,"Founded by serial entrepreneur Clive Jackson and launched in 2011, Victor is one of the world’s most trusted names in pr",Customer Services Executive: up to 35k depending on experience,0,0,0.9999428391456604,5.716085433959961e-05,0.1,1,BERT:bert_class_weighted,Class weight
1188,emscad_08923,EUROPEAN DYNAMICS (#URL_c66532ffa1ce76ab447da6774719060c42c584edbf44d74cdb94fc4ac219ca45#) is a leading European Softwar,Expert on XML Legislative Standards,0,0,0.9999366998672485,6.330013275146484e-05,0.1,1,BERT:bert_class_weighted,Class weight
1189,emscad_08932,About the Company We are ticketscript - the European market leaders in digital self-ticketing. Whether it’s massive danc,Product Owner,0,0,0.999938428401947,6.157159805297852e-05,0.1,1,BERT:bert_class_weighted,Class weight
1190,emscad_08936,"We are not your average Monday mail recruiters. We are here to align stars and connect dots, not just match titles with ",NARRATIVE: Director of Content Development,0,0,0.9999224543571472,7.75456428527832e-05,0.1,1,BERT:bert_class_weighted,Class weight
1191,emscad_08938,"ParishSOFT LLC (formerly Parish Systems, Inc.) was founded in 1998 by Fr. David Rosenberg, a technologist, catechist, mu",Web Developer,0,0,0.9999305009841919,6.949901580810547e-05,0.1,1,BERT:bert_class_weighted,Class weight
1192,emscad_08948,Airenvy’s mission is to provide lucrative yet hassle free full service short term property management all around the wor,Best Internship in the World,0,0,0.9999245405197144,7.545948028564453e-05,0.1,1,BERT:bert_class_weighted,Class weight
1193,emscad_08953,Monitors the economic aspect of the Group’s new projects,FINANCIAL BUSINESS COORDINATOR,0,0,0.99959397315979,0.00040602684020996094,0.1,1,BERT:bert_class_weighted,Class weight
1194,emscad_08954,Shirley Parsons LLC is a specialist recruitment consultancy working within the Environmental and Health & Safety markets,Environmental Health & Safety Compliance Manager,0,0,0.9999469518661499,5.3048133850097656e-05,0.1,1,BERT:bert_class_weighted,Class weight
1195,emscad_08969,"Novitex Enterprise Solutions, formerly Pitney Bowes Management Services, delivers innovative document and communications",Office Services Associate,0,0,0.9999475479125977,5.245208740234375e-05,0.1,1,BERT:bert_class_weighted,Class weight
1196,emscad_08984,"Novitex Enterprise Solutions, formerly Pitney Bowes Management Services, delivers innovative document and communications",Customer Service Associate,0,0,0.9999426007270813,5.739927291870117e-05,0.1,1,BERT:bert_class_weighted,Class weight
1197,emscad_08994,Shirley Parsons LLC is a specialist recruitment consultancy working within the Environmental and Health & Safety markets,EHS Manager,0,0,0.9999426007270813,5.739927291870117e-05,0.1,1,BERT:bert_class_weighted,Class weight
1198,emscad_09005,EUROPEAN DYNAMICS (#URL_c66532ffa1ce76ab447da6774719060c42c584edbf44d74cdb94fc4ac219ca45#) is a leading European Softwar,Expert on XML Legislative Standards,0,0,0.9999366998672485,6.330013275146484e-05,0.1,1,BERT:bert_class_weighted,Class weight
1199,emscad_09006,WHO WE ARE? MILLER & ASSOCIATES IS AN ENTERPRISE SOFTWARE SOLUTIONS COMPANY.,BusinessObjects,0,0,0.999934196472168,6.580352783203125e-05,0.1,1,BERT:bert_class_weighted,Class weight
1200,emscad_09010,Join one of the most well established providers of data and analytics platforms for the financial services industry. Our,Data Analyst (Career Development),0,0,0.999832034111023,0.00016796588897705078,0.1,1,BERT:bert_class_weighted,Class weight
1201,emscad_09016,PROSULTING IS PEOPLE The ProSulting difference is easy to see. Our passion for delivering qualified pre-screened personn,Controller,0,0,0.9999299645423889,7.003545761108398e-05,0.1,1,BERT:bert_class_weighted,Class weight
1202,emscad_09017,"Valor Services provides Workforce Solutions that meet the needs of companies across the Private Sector, with a special f",Crawler Crane Operator,0,0,0.9999465346336365,5.346536636352539e-05,0.1,1,BERT:bert_class_weighted,Class weight
1203,emscad_09028,We Provide Full Time Permanent Positions for many medium to large US companies. We are interested in finding/recruiting ,HR Manager,0,0,0.9999366998672485,6.330013275146484e-05,0.1,1,BERT:bert_class_weighted,Class weight
1204,emscad_09039,"TouchLab is NYC’s premiere Android development shop, working for great companies of all shapes and sizes. We're heavily ",Senior Android/Java Developer,0,0,0.999943733215332,5.626678466796875e-05,0.1,1,BERT:bert_class_weighted,Class weight
1205,emscad_09040,PEI Media ( #URL_4cffe430b8da4c0d7e6074d11e638d28a1e165c8782b891e111fc17606c3d961# ) provides a range of highly respecte,"Reporter ""Private Equity International""",0,0,0.9999364614486694,6.35385513305664e-05,0.1,1,BERT:bert_class_weighted,Class weight
1206,emscad_09043,"QB Medical Inc. is a medical supply distributor located in Chula Vista, CA. Founded in 2005, we now services over 100 go",Sourcing Specialist,0,0,0.9999161958694458,8.380413055419922e-05,0.1,1,BERT:bert_class_weighted,Class weight
1207,emscad_09047,"Cin7 is total inventory, warehouse and point of sale cloud software in one seamless system. Used by retail, wholesale an",Channel Manager,0,0,0.9999499320983887,5.0067901611328125e-05,0.1,1,BERT:bert_class_weighted,Class weight
1208,emscad_09048,"Fusemachines combines the power of Data Science, Artificial Intelligence and Natural Language Processing to build unique",Sales Intern,0,0,0.9999405741691589,5.942583084106445e-05,0.1,1,BERT:bert_class_weighted,Class weight
1209,emscad_09063,"For over 15 years, CaseNEX has been a leader in the education technology industry and continues to provide flexible and ",JavaScript Developer,0,0,0.9999302625656128,6.973743438720703e-05,0.1,1,BERT:bert_class_weighted,Class weight
1210,emscad_09064,"Valor Services provides Workforce Solutions that meet the needs of companies across the Private Sector, with a special f",Sales Account Manager - Oil and Gas,0,0,0.9999465346336365,5.346536636352539e-05,0.1,1,BERT:bert_class_weighted,Class weight
1211,emscad_09073,"Novitex Enterprise Solutions, formerly Pitney Bowes Management Services, delivers innovative document and communications",Sustainability Project Assistant - Part Time,0,0,0.9999507069587708,4.929304122924805e-05,0.1,1,BERT:bert_class_weighted,Class weight
1212,emscad_09089,Climate Corporation and Aptitude Staffing Solutions have partnered up in an effort to streamline the hiring process and ,Mobile Developer-Back End,1,0,0.999841570854187,0.00015842914581298828,0.1,0,BERT:bert_class_weighted,Class weight
1213,emscad_09105,We Provide Full Time Permanent Positions for many medium to large US companies. We are interested in finding/recruiting ,Production Supervisor,0,0,0.9999263286590576,7.367134094238281e-05,0.1,1,BERT:bert_class_weighted,Class weight
1214,emscad_09116,Climate Corporation and Aptitude Staffing Solutions have partnered up in an effort to streamline the hiring process and ,Mobile Developer-Back End,1,0,0.9999221563339233,7.784366607666016e-05,0.1,0,BERT:bert_class_weighted,Class weight
1215,emscad_09124,Established on the principles that full time education is not for everyone Spectrum Learning is made up of a team of pas,S20 1AH Warehouse apprenticeship available Under NAS 16-18 year olds only,0,0,0.9999452233314514,5.4776668548583984e-05,0.1,1,BERT:bert_class_weighted,Class weight
1216,emscad_09126,"Based in Hoxton, London, Forward Partners are a “startup catalyst”, combining investment with practical hands-on experti",Internship at Forward Partners,0,0,0.9999508857727051,4.9114227294921875e-05,0.1,1,BERT:bert_class_weighted,Class weight
1217,emscad_09150,Positionly sp. z o.o. is a company that provides the highest quality SEO software for 2000+ companies worldwide. Our pro,Account Executive (Spanish Speaking),0,0,0.9997057914733887,0.0002942085266113281,0.1,1,BERT:bert_class_weighted,Class weight
1218,emscad_09163,Our Company,Account Manager (Germany),0,0,0.9999462962150574,5.370378494262695e-05,0.1,1,BERT:bert_class_weighted,Class weight
1219,emscad_09170,Massive Media is the social media company behind the successful digital brands #URL_18234f381f5e7b9a9ffdc727cd05c9046edf,Product Manager - Netlog,0,0,0.9999294281005859,7.05718994140625e-05,0.1,1,BERT:bert_class_weighted,Class weight
1220,emscad_09178,"Vend is looking for some awesome new talent to come join us. You'll be working in an awesome team doing awesome things, ",Product Marketing Manager,0,0,0.999943733215332,5.626678466796875e-05,0.1,1,BERT:bert_class_weighted,Class weight
1221,emscad_09179,"Like Lapshark's own ambitions, the work of a Software Engineer (SWE) goes way beyond just Search. SWE Managers have not ",Software Engineer,0,0,0.9999046325683594,9.5367431640625e-05,0.1,1,BERT:bert_class_weighted,Class weight
1222,emscad_09194,,Office Administrator,0,0,0.9983711242675781,0.001628875732421875,0.1,1,BERT:bert_class_weighted,Class weight
1223,emscad_09197,"For over 20 years NAC Marketing Company, LLC d/b/a New Vitality has helped people be healthy and live better by marketin",Inbound Sales Representative,0,0,0.999923050403595,7.69495964050293e-05,0.1,1,BERT:bert_class_weighted,Class weight
1224,emscad_09203,Why CSD?,Network Administrator,0,0,0.9999398589134216,6.014108657836914e-05,0.1,1,BERT:bert_class_weighted,Class weight
1225,emscad_09207,"Novitex Enterprise Solutions, formerly Pitney Bowes Management Services, delivers innovative document and communications",Customer Service Associate,0,0,0.9999475479125977,5.245208740234375e-05,0.1,1,BERT:bert_class_weighted,Class weight
1226,emscad_09211,MaxPlayTM is a cross-platform digital publishing company focused on revolutionizing the games as a service market. You p,Technical Project Manager,0,0,0.999944806098938,5.519390106201172e-05,0.1,1,BERT:bert_class_weighted,Class weight
1227,emscad_09228,Why CSD?,Senior Software Engineer,0,0,0.9999417066574097,5.829334259033203e-05,0.1,1,BERT:bert_class_weighted,Class weight
1228,emscad_09234,Shape the Future.,Specialist Teaching Associate,0,0,0.9999441504478455,5.5849552154541016e-05,0.1,1,BERT:bert_class_weighted,Class weight
1229,emscad_09235,"Engagor is a venture backed startup founded in 2011, with offices in San Francisco and Belgium, Europe. Engagor is real-",Web Developer,0,0,0.9999454617500305,5.453824996948242e-05,0.1,1,BERT:bert_class_weighted,Class weight
1230,emscad_09252,"ABC Supply Co., Inc. is the nation’s largest wholesale distributor of roofing and one of the largest distributors of sid",CDL Driver-Gurnee,0,0,0.9999352097511292,6.479024887084961e-05,0.1,1,BERT:bert_class_weighted,Class weight
1231,emscad_09262,EUROPEAN DYNAMICS (#URL_c66532ffa1ce76ab447da6774719060c42c584edbf44d74cdb94fc4ac219ca45#) is a leading European Softwar,Java/JEE Developer,0,0,0.9999372363090515,6.276369094848633e-05,0.1,1,BERT:bert_class_weighted,Class weight
1232,emscad_09275,"Reporting to the Chief Operating Officer, the Emergency Medical Technician – Paramedic",Part-Time/Per-Diem Paramedic,0,0,0.9999240040779114,7.599592208862305e-05,0.1,1,BERT:bert_class_weighted,Class weight
1233,emscad_09277,MarketInvoice is one of the most high-profile London based fin-tech companies. The Company is Europe’s leading P2P invoi,Senior Business Development Manager,0,0,0.9999414682388306,5.8531761169433594e-05,0.1,1,BERT:bert_class_weighted,Class weight
1234,emscad_09280,"Novitex Enterprise Solutions, formerly Pitney Bowes Management Services, delivers innovative document and communications",Customer Service Associate,0,0,0.9999465346336365,5.346536636352539e-05,0.1,1,BERT:bert_class_weighted,Class weight
1235,emscad_09298,"Novitex Enterprise Solutions, formerly Pitney Bowes Management Services, delivers innovative document and communications",Indexing Data Processor,0,0,0.9999445676803589,5.543231964111328e-05,0.1,1,BERT:bert_class_weighted,Class weight
1236,emscad_09321,We take the hassle out of finding and booking a cleaner. We are currently in the UK but we have big plans and we want an,Accountant,0,0,0.9999111294746399,8.887052536010742e-05,0.1,1,BERT:bert_class_weighted,Class weight
1237,emscad_09331,"We're Food52, and we've created a groundbreaking and award-winning cooking site. We support, connect, and celebrate home",Account Executive,0,0,0.9999405741691589,5.942583084106445e-05,0.1,1,BERT:bert_class_weighted,Class weight
1238,emscad_09334,Zylun is expanding the recruiting landscape for companies worldwide. We help businesses better compete and increase prof,ANDROID DEVELOPER,0,0,0.9999242424964905,7.575750350952148e-05,0.1,1,BERT:bert_class_weighted,Class weight
1239,emscad_09340,Visual BI is one of the leading and fastest growing firms focusing exclusively on BI & Analytics. Our offerings cover en,NodeJS Developer,0,0,0.9999511241912842,4.887580871582031e-05,0.1,1,BERT:bert_class_weighted,Class weight
1240,emscad_09360,Visual BI is one of the leading and fastest growing firms focusing exclusively on BI & Analytics. Our offerings cover en,Top Star SAP BI Hire Program ( SAP BW / BO / HANA),0,0,0.9999454617500305,5.453824996948242e-05,0.1,1,BERT:bert_class_weighted,Class weight
1241,emscad_09362,"WillDom is a top notch IT Outsourcing Business Ecosystem, where each member contributes in creating world class value. W",iOS Developer,0,0,0.999938428401947,6.157159805297852e-05,0.1,1,BERT:bert_class_weighted,Class weight
1242,emscad_09390,"Crossroads Treatment Centers is a nationally-accredited, medication-assisted, out-patient program that delivers fast, ef",Administrative Assistant,0,0,0.9999266266822815,7.337331771850586e-05,0.1,1,BERT:bert_class_weighted,Class weight
1243,emscad_09395,Visual BI is one of the leading and fastest growing firms focusing exclusively on BI & Analytics. Our offerings cover en,Graduate Intern - Python and Mongo DB,0,0,0.9999511241912842,4.887580871582031e-05,0.1,1,BERT:bert_class_weighted,Class weight
1244,emscad_09409,Company Description,Carrier Sales Representative,0,0,0.9999483823776245,5.161762237548828e-05,0.1,1,BERT:bert_class_weighted,Class weight
1245,emscad_09411,"ClarusApex is an international recruiting company with representations in the Netherlands, Austria, Ukraine, Cyprus and ",Pharmacist frome Europe ($2200),0,0,0.9999443888664246,5.561113357543945e-05,0.1,1,BERT:bert_class_weighted,Class weight
1246,emscad_09412,"Wiredrive is a fast growing, privately-owned SaaS company with headquarters in Marina del Rey and offices in New York Ci",Marketing Communications Manager,0,0,0.9999398589134216,6.014108657836914e-05,0.1,1,BERT:bert_class_weighted,Class weight
1247,emscad_09417,"Novitex Enterprise Solutions, formerly Pitney Bowes Management Services, delivers innovative document and communications",Customer Service Associate,0,0,0.999944806098938,5.519390106201172e-05,0.1,1,BERT:bert_class_weighted,Class weight
1248,emscad_09419,"Novitex Enterprise Solutions, formerly Pitney Bowes Management Services, delivers innovative document and communications",Customer Service Associate,0,0,0.9999467134475708,5.328655242919922e-05,0.1,1,BERT:bert_class_weighted,Class weight
1249,emscad_09436,"Novitex Enterprise Solutions, formerly Pitney Bowes Management Services, delivers innovative document and communications",Customer Service Associate,0,0,0.9999462962150574,5.370378494262695e-05,0.1,1,BERT:bert_class_weighted,Class weight
1250,emscad_09447,"Neusoft America is a division of Neusoft, the largest IT Solutions & Services provider in China with a US presence that ",Android Developer,0,0,0.9999487400054932,5.125999450683594e-05,0.1,1,BERT:bert_class_weighted,Class weight
1251,emscad_09453,"Novitex Enterprise Solutions, formerly Pitney Bowes Management Services, delivers innovative document and communications",Customer Service Associate,0,0,0.9999465346336365,5.346536636352539e-05,0.1,1,BERT:bert_class_weighted,Class weight
1252,emscad_09460,Established on the principles that full time education is not for everyone Spectrum Learning is made up of a team of pas,BH15 1BT Business Admin Apprenticeship government funding 16-18 year olds only!,0,0,0.9999389052391052,6.109476089477539e-05,0.1,1,BERT:bert_class_weighted,Class weight
1253,emscad_09461,"ABC Supply Co., Inc. is the nation’s largest wholesale distributor of roofing and one of the largest distributors of sid",Outside Sales Professional,0,0,0.9999071955680847,9.28044319152832e-05,0.1,1,BERT:bert_class_weighted,Class weight
1254,emscad_09476,Arrival Education is a social enterprise that transforms the life prospects of young people from disadvantaged communiti,Programme Facilitator: Young People,0,0,0.9999178051948547,8.219480514526367e-05,0.1,1,BERT:bert_class_weighted,Class weight
1255,emscad_09478,"Boxbee is the Storage Valet Service. We are a startup and also a real, revenue generating business. We help people manag",VP of Engineering,0,0,0.9999473094940186,5.269050598144531e-05,0.1,1,BERT:bert_class_weighted,Class weight
1256,emscad_09480,"ABC Supply Co., Inc. is the nation’s largest wholesale distributor of roofing and one of the largest distributors of sid",Outside Sales Professional-St. Paul,0,0,0.9999221563339233,7.784366607666016e-05,0.1,1,BERT:bert_class_weighted,Class weight
1257,emscad_09481,Fabrily makes it easy for campaigners/communities/charities/causes/artists. etc... to raise funds and awareness with cus,Campaign Assistance (part-time incl. weekends),0,0,0.9999135136604309,8.64863395690918e-05,0.1,1,BERT:bert_class_weighted,Class weight
1258,emscad_09484,We believe cities are complicated. And your mobile device should save you from the everyday challenges of living in them,Business Development,0,0,0.9999285936355591,7.140636444091797e-05,0.1,1,BERT:bert_class_weighted,Class weight
1259,emscad_09485,Rich Media Sales Manager,Rich Media Sales Manager FI,0,0,0.9999161958694458,8.380413055419922e-05,0.1,1,BERT:bert_class_weighted,Class weight
1260,emscad_09496,"Founded in 1974 in Canada, and in 1985 in the U.S. as a specialty engineering and contracting company, Landmark works th",Manufacturing Engineer,0,0,0.9999068379402161,9.316205978393555e-05,0.1,1,BERT:bert_class_weighted,Class weight
1261,emscad_09499,MarketInvoice is one of the most high-profile London based fin-tech companies. The Company is Europe’s leading P2P invoi,Recruitment Sourcer,0,0,0.9999334216117859,6.657838821411133e-05,0.1,1,BERT:bert_class_weighted,Class weight
1262,emscad_09528,Our History,Inside Sales Representative (Phoenix),0,0,0.9999299645423889,7.003545761108398e-05,0.1,1,BERT:bert_class_weighted,Class weight
1263,emscad_09532,We Help Create Communities that Withstand the Test of Time,Association Manager,0,0,0.9999194145202637,8.058547973632812e-05,0.1,1,BERT:bert_class_weighted,Class weight
1264,emscad_09545,"Dering Hall, #URL_5f3201a601e42a814d6d0724e0b94a4cf371abcd4b89ec239e909fe96a4b8521#, is to the online marketplace that f",Associate Manager of Community,0,0,0.9999093413352966,9.065866470336914e-05,0.1,1,BERT:bert_class_weighted,Class weight
1265,emscad_09547,MeUndies is a lifestyle brand that is transforming the way people perceive and purchase their basics. As a vertically in,Marketing Analytics Lead,0,0,0.9999364614486694,6.35385513305664e-05,0.1,1,BERT:bert_class_weighted,Class weight
1266,emscad_09550,"Riskalyze is revolutionizing the way people invest, by aligning the world’s investments with investor risk tolerance. Na",Outbound Team (Sales Development),0,0,0.9999369978904724,6.300210952758789e-05,0.1,1,BERT:bert_class_weighted,Class weight
1267,emscad_09567,Acknowledgement helps brands and organisations achieve their ambition through digital innovation and digital transformat,Technical Solutions Architect,0,0,0.9999423623085022,5.7637691497802734e-05,0.1,1,BERT:bert_class_weighted,Class weight
1268,emscad_09569,"We are searching for a strong professional QA member to Lead, Create and Develop test cases and procedures as derived fr",Senior QA Member - Bulgaria,0,0,0.9996192455291748,0.0003807544708251953,0.1,1,BERT:bert_class_weighted,Class weight
1269,emscad_09572,"For over 20 years NAC Marketing Company, LLC d/b/a New Vitality has helped people be healthy and live better by marketin",Sales Representative,0,0,0.9999151825904846,8.481740951538086e-05,0.1,1,BERT:bert_class_weighted,Class weight
1270,emscad_09593,We Provide Full Time Permanent Positions for many medium to large US companies. We are interested in finding/recruiting ,IT Security,0,0,0.9999237060546875,7.62939453125e-05,0.1,1,BERT:bert_class_weighted,Class weight
1271,emscad_09596,Transpoco provides solutions for vehicle owners who want increased control and communication with their vehicles.,Channel Manager,0,0,0.9999414682388306,5.8531761169433594e-05,0.1,1,BERT:bert_class_weighted,Class weight
1272,emscad_09607,"We have immediate requirement for OIM Developer to work from our office located Edison, NJ. This is a Full Time position",OIM Developer,0,0,0.9998629093170166,0.00013709068298339844,0.1,1,BERT:bert_class_weighted,Class weight
1273,emscad_09611,The successful candidate will be responsible for managing a small portfolio of paid search marketing campaigns. These ma,Search Account Manager,0,0,0.9999008178710938,9.918212890625e-05,0.1,1,BERT:bert_class_weighted,Class weight
1274,emscad_09614,"Novitex Enterprise Solutions, formerly Pitney Bowes Management Services, delivers innovative document and communications",Customer Service Associate,0,0,0.999946117401123,5.3882598876953125e-05,0.1,1,BERT:bert_class_weighted,Class weight
1275,emscad_09616,"We are a successful, growing general contractor located in Skagit County with a contract backlog. We believe that we hav",Construction Project Engineer,0,0,0.9997448921203613,0.0002551078796386719,0.1,1,BERT:bert_class_weighted,Class weight
1276,emscad_09617,We are looking for a Senior Engineer to help us transition software from an internal ETL tool into SSIS. The candidate w,Software Engineer - SSIS/SQL/ETL,0,0,0.9999357461929321,6.42538070678711e-05,0.1,1,BERT:bert_class_weighted,Class weight
1277,emscad_09648,Multiple 2nd and 3rd shift production positions available!,2nd/ 3rd Shift Production Workers,0,0,0.9996819496154785,0.0003180503845214844,0.1,1,BERT:bert_class_weighted,Class weight
1278,emscad_09652,"Sparkol is a growing software company based outside of Bristol, UK.",Digital Copywriter and PR,0,0,0.9999410510063171,5.894899368286133e-05,0.1,1,BERT:bert_class_weighted,Class weight
1279,emscad_09655,What is ColorElephant?,WebDesigner (UX/UI Designer),0,0,0.999950110912323,4.988908767700195e-05,0.1,1,BERT:bert_class_weighted,Class weight
1280,emscad_09677,"Horizon Software International, LLC is an industry-leading food service management technology company. The company’s sta",Technical Writer,0,0,0.9999227523803711,7.724761962890625e-05,0.1,1,BERT:bert_class_weighted,Class weight
1281,emscad_09678,Forward3D is the largest independent digital marketing agency in Britain. We run cutting edge digital marketing campaign,Receptionist - 10 hours a week,0,0,0.9999469518661499,5.3048133850097656e-05,0.1,1,BERT:bert_class_weighted,Class weight
1282,emscad_09682,NOW: Pensions is a UK based multi-employer trust serving thousands of employers and hundreds of thousands of employees f,Operations Manager,0,0,0.9999381899833679,6.181001663208008e-05,0.1,1,BERT:bert_class_weighted,Class weight
1283,emscad_09690,Upstream’s mission is to revolutionise the way companies market to consumers through cutting edge technology. This is an,Software Design Engineer in Test,0,0,0.9999471306800842,5.2869319915771484e-05,0.1,1,BERT:bert_class_weighted,Class weight
1284,emscad_09697,"Executive search and recruitment agency, providing successful high growth organizations with highly talented, skilled, i",Manager Trainee,0,0,0.9998756647109985,0.00012433528900146484,0.1,1,BERT:bert_class_weighted,Class weight
1285,emscad_09704,Massive Media is the social media company behind the successful digital brands #URL_18234f381f5e7b9a9ffdc727cd05c9046edf,Technical Web Designer - Twoo,0,0,0.9999432563781738,5.6743621826171875e-05,0.1,1,BERT:bert_class_weighted,Class weight
1286,emscad_09711,What are you going to do?,.NET Developer,0,0,0.9999414682388306,5.8531761169433594e-05,0.1,1,BERT:bert_class_weighted,Class weight
1287,emscad_09713,"Executive search and recruitment agency, providing successful high growth organizations with highly talented, skilled, i",Manager Trainee,0,0,0.9998931884765625,0.0001068115234375,0.1,1,BERT:bert_class_weighted,Class weight
1288,emscad_09730,Crisp Thinking is the worldwide expert in protecting major brands from Social Media and User Generated Content risks. A ,Executive Assistant / Office Manager,0,0,0.9999419450759888,5.805492401123047e-05,0.1,1,BERT:bert_class_weighted,Class weight
1289,emscad_09735,Our vision is to be the accountant and financial advisor of choice for medical practitioners across Australia.,Client Services Coordinator - Accounting,0,0,0.9999334216117859,6.657838821411133e-05,0.1,1,BERT:bert_class_weighted,Class weight
1290,emscad_09744,"WellAware is an oil field communications and software-as-a-service (SaaS) company based in San Antonio, TX that provides",Senior Software Engineer - iOS,0,0,0.9999039173126221,9.608268737792969e-05,0.1,1,BERT:bert_class_weighted,Class weight
1291,emscad_09753,"Vend is looking for some awesome new talent to come join us. You'll be working in an awesome team doing awesome things, ",Finance & Admin Coordinator,0,0,0.9999381899833679,6.181001663208008e-05,0.1,1,BERT:bert_class_weighted,Class weight
1292,emscad_09767,Costco - Wireless Etc...,Sales Associate,0,0,0.9998893737792969,0.000110626220703125,0.1,1,BERT:bert_class_weighted,Class weight
1293,emscad_09776,"Executive search and recruitment agency, providing successful high growth organizations with highly talented, skilled, i",Manager Trainee,0,0,0.9998911023139954,0.00010889768600463867,0.1,1,BERT:bert_class_weighted,Class weight
1294,emscad_09779,Our mission is to bring the world's best-loved local restaurants into everyone's home or office - fast.,Account Manager,0,0,0.9999181032180786,8.189678192138672e-05,0.1,1,BERT:bert_class_weighted,Class weight
1295,emscad_09799,"WebLinc is the e-commerce platform and services provider for the fastest growing online retailers. WebLinc’s modern, agi",Office Manager,0,0,0.9999417066574097,5.829334259033203e-05,0.1,1,BERT:bert_class_weighted,Class weight
1296,emscad_09801,"MNI is a news organization with our own reporters around that world that report on central banks, financial institutions",Front-End Developer with Drupal Experience,0,0,0.9999426007270813,5.739927291870117e-05,0.1,1,BERT:bert_class_weighted,Class weight
1297,emscad_09812,MediaMonks is the biggest creative digital production company on the planet . We specialize in working for and with adve,Sr. Digital Designer,0,0,0.9999324083328247,6.759166717529297e-05,0.1,1,BERT:bert_class_weighted,Class weight
1298,emscad_09814,We take the hassle out of finding and booking a cleaner. We are currently in the UK but we have big plans and we want an,Customer Service Associate,0,0,0.9999171495437622,8.285045623779297e-05,0.1,1,BERT:bert_class_weighted,Class weight
1299,emscad_09818,"The Central California SPCA (CCSPCA), established in 1946 and located in Fresno County, California, is a 501(c)(3) non-p",Animal Control Officer I,0,0,0.9999321103096008,6.788969039916992e-05,0.1,1,BERT:bert_class_weighted,Class weight
1300,emscad_09823,"Cententia, founded in 1998, is the market leader in Greece in the area of Debt Collections. Its flagship product AroTRON",Atlassian JIRA Developer (AJD),0,0,0.9999234080314636,7.659196853637695e-05,0.1,1,BERT:bert_class_weighted,Class weight
1301,emscad_09830,"Valor Services provides Workforce Solutions that meet the needs of companies across the Private Sector, with a special f",Production Engineer,0,0,0.9999443888664246,5.561113357543945e-05,0.1,1,BERT:bert_class_weighted,Class weight
1302,emscad_09845,"Ryanair is Europe’s favourite low fares airline, operating more than 1,600 daily flights (over 500,000 per year) from 69",SEP Instructor,0,0,0.9999369978904724,6.300210952758789e-05,0.1,1,BERT:bert_class_weighted,Class weight
1303,emscad_09855,"Valor Services provides Workforce Solutions that meet the needs of companies across the Private Sector, with a special f",Sr. Reservoir Engineer,0,0,0.9999439120292664,5.608797073364258e-05,0.1,1,BERT:bert_class_weighted,Class weight
1304,emscad_09858,"Founded in the mid 2000′s, our services include building and management of systems that provide the overall web infrastr",Project Manager / Architect,0,0,0.999934732913971,6.526708602905273e-05,0.1,1,BERT:bert_class_weighted,Class weight
1305,emscad_09867,We're hiring!,Local Ambassador for AvenueStory - London,0,0,0.9999369978904724,6.300210952758789e-05,0.1,1,BERT:bert_class_weighted,Class weight
1306,emscad_09872,"Tidewater Finance Co. was established in 1992 for the initial purpose of purchasing, and servicing retail installment co",Asset Recovery Manager,0,0,0.9999362230300903,6.377696990966797e-05,0.1,1,BERT:bert_class_weighted,Class weight
1307,emscad_09876,Established on the principles that full time education is not for everyone Spectrum Learning is made up of a team of pas,SK17 9SN Business Admin Apprenticeship available under NAS 16-24 year olds only!,0,0,0.9999403357505798,5.9664249420166016e-05,0.1,1,BERT:bert_class_weighted,Class weight
1308,emscad_09878,We take the hassle out of finding and booking a cleaner. We are currently in the UK but we have big plans and we want an,Customer Service Associate,0,0,0.9999171495437622,8.285045623779297e-05,0.1,1,BERT:bert_class_weighted,Class weight
1309,emscad_09882,Outstanding Member Service Starts With Outstanding People,Branch Associate,0,0,0.9998568296432495,0.00014317035675048828,0.1,1,BERT:bert_class_weighted,Class weight
1310,emscad_09892,ding* is the world’s largest top-up provider. Created to help people working abroad to support and keep in touch with lo,Graduate Fraud Executive (Night Shift),0,0,0.9999324083328247,6.759166717529297e-05,0.1,1,BERT:bert_class_weighted,Class weight
1311,emscad_09901,"Red Star Yeast Company LLC (RSYC), a leader in the Yeast Manufacturing Industry, is a joint venture between Lesaffre Yea","Intern, Laboratory Technicain",0,0,0.9999432563781738,5.6743621826171875e-05,0.1,1,BERT:bert_class_weighted,Class weight
1312,emscad_09910,"As the premier design studio in Queens, we craft beautiful work using the latest technology and solve design problems th",Experienced Production Designer,0,0,0.9999405741691589,5.942583084106445e-05,0.1,1,BERT:bert_class_weighted,Class weight
1313,emscad_09918,"Argenta Field Solutions values the client, creates income streams for them through our sales mechanism and focuses on qu",Sales Representative with Management Training - AT&T,0,0,0.9999513030052185,4.869699478149414e-05,0.1,1,BERT:bert_class_weighted,Class weight
1314,emscad_09941,"ABC Supply Co., Inc. is the nation’s largest wholesale distributor of roofing and one of the largest distributors of sid",Outside Sales Professional-Savage,0,0,0.9999187588691711,8.124113082885742e-05,0.1,1,BERT:bert_class_weighted,Class weight
1315,emscad_09945,We Provide Full Time Permanent Positions for many medium to large US companies. We are interested in finding/recruiting ,Manufacturing Engineering Manager - Cedar Falls,0,0,0.9999374747276306,6.252527236938477e-05,0.1,1,BERT:bert_class_weighted,Class weight
1316,emscad_09947,Our History,Driver - Medium Duty (North Hollywood),0,0,0.9999417066574097,5.829334259033203e-05,0.1,1,BERT:bert_class_weighted,Class weight
1317,emscad_09956,Take Out Brands is a food franchise business with a #URL_4524df5c91ce800c4ba16ef1406d622db7d51d37105a7fcee27521e61854615,Part-time Pizza Delivery Drivers - Liverpool City Centre,0,0,0.9999352097511292,6.479024887084961e-05,0.1,1,BERT:bert_class_weighted,Class weight
1318,emscad_09968,"Namely is the leading end-to-end HR and payroll platform for growing companies. Offerings include human payroll, benefit",Sales Development Specialist,0,0,0.9999479651451111,5.2034854888916016e-05,0.1,1,BERT:bert_class_weighted,Class weight
1319,emscad_09974,"Founded By Entrepreneurs, For Entrepreneurs",Junior .NET Software Engineer,0,0,0.9999454617500305,5.453824996948242e-05,0.1,1,BERT:bert_class_weighted,Class weight
1320,emscad_09984,"Instantly stream live video to your friends and family. With Yevvo, you can invite the people you care about into your w",Director of Marketing,0,0,0.9998880624771118,0.0001119375228881836,0.1,1,BERT:bert_class_weighted,Class weight
1321,emscad_09990,We Provide Full Time Permanent Positions for many medium to large US companies. We are interested in finding/recruiting ,PROGRESS Systems Supervisor,0,0,0.999938428401947,6.157159805297852e-05,0.1,1,BERT:bert_class_weighted,Class weight
1322,emscad_10001,United Cerebral Palsy of Oregon & SW Washington (UCP) supports adults with all kinds of developmental disabilities (not ,Weekend Caregiver for a Hip Young Man,0,0,0.9999489784240723,5.1021575927734375e-05,0.1,1,BERT:bert_class_weighted,Class weight
1323,emscad_10005,"With an exceptional record of over 50% growth in each of the last 5 years, we’ve become the UK’s largest online retailer",Junior Business Analyst/Project Manager,0,0,0.9999331831932068,6.681680679321289e-05,0.1,1,BERT:bert_class_weighted,Class weight
1324,emscad_10023,Our History,Shipper (Santa Fe Springs),0,0,0.9999326467514038,6.73532485961914e-05,0.1,1,BERT:bert_class_weighted,Class weight
1325,emscad_10034,"Our work at HPS is collaborative, centered on a fun, team-oriented environment. It is also extremely challenging. We foc",Fall Public Affairs Internship,0,0,0.9999299645423889,7.003545761108398e-05,0.1,1,BERT:bert_class_weighted,Class weight
1326,emscad_10035,Outstanding Member Service Starts With Outstanding People,Home Equity Underwriter,0,0,0.9998313188552856,0.00016868114471435547,0.1,1,BERT:bert_class_weighted,Class weight
1327,emscad_10037,mokaal is a startup aiming to change the way Location Based Services are offered and perceived across a wide range of in,Senior iOS Developer,0,0,0.9999456405639648,5.435943603515625e-05,0.1,1,BERT:bert_class_weighted,Class weight
1328,emscad_10040,mokaal is a startup aiming to change the way Location Based Services are offered and perceived across a wide range of in,Senior Android Developer,0,0,0.9999456405639648,5.435943603515625e-05,0.1,1,BERT:bert_class_weighted,Class weight
1329,emscad_10058,MediaMonks is the biggest creative digital production company on the planet . We specialize in working for and with adve,Hosting Engineer,0,0,0.9999294281005859,7.05718994140625e-05,0.1,1,BERT:bert_class_weighted,Class weight
1330,emscad_10071,"Red Star Yeast Company LLC (RSYC), a leader in the Yeast Manufacturing Industry, is a joint venture between Lesaffre Yea",Laboratory Technician (2nd Shift),0,0,0.9999288320541382,7.11679458618164e-05,0.1,1,BERT:bert_class_weighted,Class weight
1331,emscad_10087,"To successfully deliver commercial strategy, the right people with the right capability are mandatory. Sagacity Search p",Office Manager,0,0,0.9999299645423889,7.003545761108398e-05,0.1,1,BERT:bert_class_weighted,Class weight
1332,emscad_10088,EROAD was established to modernise New Zealand’s paper-based RUC regime and in 2009 launched the world’s first GPS/cellu,Summer Internship: Java,0,0,0.9999473094940186,5.269050598144531e-05,0.1,1,BERT:bert_class_weighted,Class weight
1333,emscad_10090,"Brainbow is a London-based startup founded by entrepreneurs from Google, Amazon, Playfish / EA and academia with a missi",iOS Developer,0,0,0.9999434947967529,5.650520324707031e-05,0.1,1,BERT:bert_class_weighted,Class weight
1334,emscad_10097,"Infolob Solutions is a leader in Managed IT services, Enterprise Application Software, IT staffing and Consulting and Ap",Oracle Retail Developer,0,0,0.999934732913971,6.526708602905273e-05,0.1,1,BERT:bert_class_weighted,Class weight
1335,emscad_10098,Priority Care Group are a family run care group with 6 Care Homes in Scotland.,Staff Nurse,0,0,0.9999469518661499,5.3048133850097656e-05,0.1,1,BERT:bert_class_weighted,Class weight
1336,emscad_10107,Making Quality Metrics Actionable,Interaction / Interface Designer,0,0,0.9999398589134216,6.014108657836914e-05,0.1,1,BERT:bert_class_weighted,Class weight
1337,emscad_10110,"Typeform is a tech start-up which is transforming data collection into a flexible, intuitive and incredibly engaging use",SysAdmin,0,0,0.9999426007270813,5.739927291870117e-05,0.1,1,BERT:bert_class_weighted,Class weight
1338,emscad_10113,"Aker Solutions is a global provider of products, systems and services to the oil and gas industry. Our engineering, desi",Subsea Process Plant Layout Designer,1,1,0.0,1.0,0.1,1,BERT:bert_class_weighted,Class weight
1339,emscad_10115,"Novitex Enterprise Solutions, formerly Pitney Bowes Management Services, delivers innovative document and communications",Customer Service Associate,0,0,0.9999454617500305,5.453824996948242e-05,0.1,1,BERT:bert_class_weighted,Class weight
1340,emscad_10148,"Novitex Enterprise Solutions, formerly Pitney Bowes Management Services, delivers innovative document and communications",Customer Service Associate,0,0,0.9999452233314514,5.4776668548583984e-05,0.1,1,BERT:bert_class_weighted,Class weight
1341,emscad_10154,PowerbyProxi and its customers are leading a revolution to deliver unplugged power. We have changed the way electricity ,Project / Program Manager,0,0,0.9999497532844543,5.02467155456543e-05,0.1,1,BERT:bert_class_weighted,Class weight
1342,emscad_10158,"Novitex Enterprise Solutions, formerly Pitney Bowes Management Services, delivers innovative document and communications",Customer Service Associate,0,0,0.9999439120292664,5.608797073364258e-05,0.1,1,BERT:bert_class_weighted,Class weight
1343,emscad_10159,"Novitex Enterprise Solutions, formerly Pitney Bowes Management Services, delivers innovative document and communications",Service Delivery Associate - Part Time,0,0,0.999943733215332,5.626678466796875e-05,0.1,1,BERT:bert_class_weighted,Class weight
1344,emscad_10160,"Voyageur is one of Ontario's leading transportation companies, serving Southwestern and Central Ontario for over 34 year",Customer Service Representative,0,0,0.9999445676803589,5.543231964111328e-05,0.1,1,BERT:bert_class_weighted,Class weight
1345,emscad_10179,"Novitex Enterprise Solutions, formerly Pitney Bowes Management Services, delivers innovative document and communications",Marketing Specialist,0,0,0.9999434947967529,5.650520324707031e-05,0.1,1,BERT:bert_class_weighted,Class weight
1346,emscad_10189,PowerbyProxi and its customers are leading a revolution to deliver unplugged power. We have changed the way electricity ,Manufacturing Technician,0,0,0.9999487400054932,5.125999450683594e-05,0.1,1,BERT:bert_class_weighted,Class weight
1347,emscad_10203,ding* is the world’s largest top-up provider. Created to help people working abroad to support and keep in touch with lo,Customer Acquisition Legend (Digital Marketing Manager),0,0,0.9999377131462097,6.22868537902832e-05,0.1,1,BERT:bert_class_weighted,Class weight
1348,emscad_10205,"Novitex Enterprise Solutions, formerly Pitney Bowes Management Services, delivers innovative document and communications",Customer Service Associate,0,0,0.999946117401123,5.3882598876953125e-05,0.1,1,BERT:bert_class_weighted,Class weight
1349,emscad_10216,Salary Ranges To $75K,Materials Manager (Hospital Experience Required)--Near Casper,0,0,0.9998676776885986,0.0001323223114013672,0.1,1,BERT:bert_class_weighted,Class weight
1350,emscad_10225,"Novitex Enterprise Solutions, formerly Pitney Bowes Management Services, delivers innovative document and communications",Customer Service Associate,0,0,0.999947726726532,5.227327346801758e-05,0.1,1,BERT:bert_class_weighted,Class weight
1351,emscad_10231,#URL_ddb080358fa5eecf5a67c649cfb4ffc343c484389f1bbaf2a1cb071e3f2b6e7e# and Aptitude Staffing Solutions have partnered up,Communications Manager,1,1,0.0,1.0,0.1,1,BERT:bert_class_weighted,Class weight
1352,emscad_10232,We Provide Full Time Permanent Positions for many medium to large US companies. We are interested in finding/recruiting ,"SAP SD Analyst - SAP CRM BW Vendavo - Charlotte, NC",0,0,0.9999426007270813,5.739927291870117e-05,0.1,1,BERT:bert_class_weighted,Class weight
1353,emscad_10245,Ready to let your star shine? Discover the career you’ve been dreaming about at AvaStars where...,TEMPLATE-Co-Superstar (Asst. Store Manager) - ENTER LOCATION,0,0,0.9999381899833679,6.181001663208008e-05,0.1,1,BERT:bert_class_weighted,Class weight
1354,emscad_10246,"Novitex Enterprise Solutions, formerly Pitney Bowes Management Services, delivers innovative document and communications",Records Service Associate,0,0,0.9999465346336365,5.346536636352539e-05,0.1,1,BERT:bert_class_weighted,Class weight
1355,emscad_10248,"Novitex Enterprise Solutions, formerly Pitney Bowes Management Services, delivers innovative document and communications",Service Delivery Manager 1,0,0,0.999943733215332,5.626678466796875e-05,0.1,1,BERT:bert_class_weighted,Class weight
1356,emscad_10252,Established on the principles that full time education is not for everyone Spectrum Learning is made up of a team of pas,Kitchen manager/Chef,0,0,0.999946117401123,5.3882598876953125e-05,0.1,1,BERT:bert_class_weighted,Class weight
1357,emscad_10284,Parrot Analytics is a technology company that is working with TV content sellers and buyers to help them make more data-,UX/UI Designer,0,0,0.9999443888664246,5.561113357543945e-05,0.1,1,BERT:bert_class_weighted,Class weight
1358,emscad_10290,Massive Media is the social media company behind the successful digital brands #URL_18234f381f5e7b9a9ffdc727cd05c9046edf,Userbase Manager,0,0,0.9999203085899353,7.969141006469727e-05,0.1,1,BERT:bert_class_weighted,Class weight
1359,emscad_10300,"Novitex Enterprise Solutions, formerly Pitney Bowes Management Services, delivers innovative document and communications",Customer Service Technical Specialist - Part Time,0,0,0.9999471306800842,5.2869319915771484e-05,0.1,1,BERT:bert_class_weighted,Class weight
1360,emscad_10301,Avocarrot is a native mobile ad network with offices in Silicon Valley and Athens. We are building the next generation o,Full Stack Software Engineer,0,0,0.999946117401123,5.3882598876953125e-05,0.1,1,BERT:bert_class_weighted,Class weight
1361,emscad_10303,Smart Search delivers executive search solutions tailored for global organizations committed to the Greater Thailand mar,Template (DO NOT DELETE),0,0,0.9999419450759888,5.805492401123047e-05,0.1,1,BERT:bert_class_weighted,Class weight
1362,emscad_10309,"Novitex Enterprise Solutions, formerly Pitney Bowes Management Services, delivers innovative document and communications",Customer Service Associate,0,0,0.9999432563781738,5.6743621826171875e-05,0.1,1,BERT:bert_class_weighted,Class weight
1363,emscad_10310,"Novitex Enterprise Solutions, formerly Pitney Bowes Management Services, delivers innovative document and communications",Customer Service Associate,0,0,0.9999465346336365,5.346536636352539e-05,0.1,1,BERT:bert_class_weighted,Class weight
1364,emscad_10314,"Novitex Enterprise Solutions, formerly Pitney Bowes Management Services, delivers innovative document and communications",Customer Service Associate,0,0,0.999944806098938,5.519390106201172e-05,0.1,1,BERT:bert_class_weighted,Class weight
1365,emscad_10326,"Propoint provides custom, visual solutions that help our corporate clients engage their audience, win big, and set them ",Business Manager,0,0,0.9999481439590454,5.1856040954589844e-05,0.1,1,BERT:bert_class_weighted,Class weight
1366,emscad_10329,We Provide Full Time Permanent Positions for many medium to large US companies. We are interested in finding/recruiting ,Financial Officer,0,0,0.9999389052391052,6.109476089477539e-05,0.1,1,BERT:bert_class_weighted,Class weight
1367,emscad_10331,Making music is easier now than ever.,Software Engineer,0,0,0.9999391436576843,6.085634231567383e-05,0.1,1,BERT:bert_class_weighted,Class weight
1368,emscad_10340,"Nubank is an early stage, technology-driven financial services startup funded by Sequoia Capital and Kaszek Ventures. We",Marketing Communications Manager - Web content and social media,0,0,0.9999389052391052,6.109476089477539e-05,0.1,1,BERT:bert_class_weighted,Class weight
1369,emscad_10344,We just built the factory of our dreams.,Executive Assistant,0,0,0.9999161958694458,8.380413055419922e-05,0.1,1,BERT:bert_class_weighted,Class weight
1370,emscad_10346,"Novitex Enterprise Solutions, formerly Pitney Bowes Management Services, delivers innovative document and communications",Customer Service Associate,0,0,0.9999462962150574,5.370378494262695e-05,0.1,1,BERT:bert_class_weighted,Class weight
1371,emscad_10349,Varsity Technologies helps schools and non-profits make strategic information technology decisions that enable them to m,Systems Administrator,0,0,0.9999339580535889,6.604194641113281e-05,0.1,1,BERT:bert_class_weighted,Class weight
1372,emscad_10355,We Provide Full Time Permanent Positions for many medium to large US companies. We are interested in finding/recruiting ,Tax Analyst,0,0,0.9999138712882996,8.612871170043945e-05,0.1,1,BERT:bert_class_weighted,Class weight
1373,emscad_10357,"Novitex Enterprise Solutions, formerly Pitney Bowes Management Services, delivers innovative document and communications",Customer Service Associate,0,0,0.999944806098938,5.519390106201172e-05,0.1,1,BERT:bert_class_weighted,Class weight
1374,emscad_10359,"Novitex Enterprise Solutions, formerly Pitney Bowes Management Services, delivers innovative document and communications",Records Clerk,0,0,0.9999331831932068,6.681680679321289e-05,0.1,1,BERT:bert_class_weighted,Class weight
1375,emscad_10371,"Novitex Enterprise Solutions, formerly Pitney Bowes Management Services, delivers innovative document and communications",Customer Service Representative,0,0,0.9999473094940186,5.269050598144531e-05,0.1,1,BERT:bert_class_weighted,Class weight
1376,emscad_10382,"Novitex Enterprise Solutions, formerly Pitney Bowes Management Services, delivers innovative document and communications",Customer Service Associate - Part Time,0,0,0.9999481439590454,5.1856040954589844e-05,0.1,1,BERT:bert_class_weighted,Class weight
1377,emscad_10403,"ABC Supply Co., Inc. is the nation’s largest wholesale distributor of roofing and one of the largest distributors of sid",CDL Driver-Tinley Park,0,0,0.9999391436576843,6.085634231567383e-05,0.1,1,BERT:bert_class_weighted,Class weight
1378,emscad_10407,Hudl is a sports + technology company.,Software Quality Analyst,0,0,0.9999489784240723,5.1021575927734375e-05,0.1,1,BERT:bert_class_weighted,Class weight
1379,emscad_10408,"Hotel Verta, a luxury boutique hotel located on the River Thames, is the smart choice for an truly memorable London stay",Hotel Workers Needed,1,0,0.9994826316833496,0.0005173683166503906,0.1,0,BERT:bert_class_weighted,Class weight
1380,emscad_10411,"Our work at HPS is collaborative, centered on a fun, team-oriented environment. It is also extremely challenging. We foc",Fall Associate,0,0,0.9999414682388306,5.8531761169433594e-05,0.1,1,BERT:bert_class_weighted,Class weight
1381,emscad_10412,Massive Media is the social media company behind the successful digital brands #URL_18234f381f5e7b9a9ffdc727cd05c9046edf,System Engineer (jr),0,0,0.9999197125434875,8.028745651245117e-05,0.1,1,BERT:bert_class_weighted,Class weight
1382,emscad_10423,Massive Media is the social media company behind the successful digital brands #URL_18234f381f5e7b9a9ffdc727cd05c9046edf,Partnership Manager,0,0,0.9999334216117859,6.657838821411133e-05,0.1,1,BERT:bert_class_weighted,Class weight
1383,emscad_10425,"Launched in 2010, Lyst is an innovative way to shop for fashion online that’s used by millions every month. Lyst partner",Community Manager,0,0,0.9999187588691711,8.124113082885742e-05,0.1,1,BERT:bert_class_weighted,Class weight
1384,emscad_10426,Fundation is a technology-empowered direct lender that delivers small balance commercial loans nationwide. The firm prov,Loan Administrator - High Growth Specialty Finance Company,0,0,0.9999344348907471,6.556510925292969e-05,0.1,1,BERT:bert_class_weighted,Class weight
1385,emscad_10429,"Commonwealth Capital, LLC is a small business located in Lakeville. We have owned and operated various businesses in the",Easy Sales to Receptive Industry,0,0,0.999722957611084,0.0002770423889160156,0.1,1,BERT:bert_class_weighted,Class weight
1386,emscad_10435,"Novitex Enterprise Solutions, formerly Pitney Bowes Management Services, delivers innovative document and communications",Driver I,0,0,0.9999471306800842,5.2869319915771484e-05,0.1,1,BERT:bert_class_weighted,Class weight
1387,emscad_10442,"Space Ape Games is an Award Winning Mobile/Social Gaming startup founded in 2012. We’re a small, high-performing team wi",Game Analyst,0,0,0.9999357461929321,6.42538070678711e-05,0.1,1,BERT:bert_class_weighted,Class weight
1388,emscad_10448,Avocarrot is a native mobile ad network with offices in Silicon Valley and Athens. We are building the next generation o,Growth Marketing Expert,0,0,0.999945878982544,5.412101745605469e-05,0.1,1,BERT:bert_class_weighted,Class weight
1389,emscad_10454,"Frequency540 (FQ540) is a full service digital agency focused on creating prosperity for our clients, our people, and pa",Digital Analytics and Strategy Manager,0,0,0.999944806098938,5.519390106201172e-05,0.1,1,BERT:bert_class_weighted,Class weight
1390,emscad_10458,EROAD was established to modernise New Zealand’s paper-based RUC regime and in 2009 launched the world’s first GPS/cellu,Solutions Architect,0,0,0.9999450445175171,5.4955482482910156e-05,0.1,1,BERT:bert_class_weighted,Class weight
1391,emscad_10460,"Tidewater Finance Co. was established in 1992 for the initial purpose of purchasing, and servicing retail installment co",Training & Quality Development Facilitator,0,0,0.9999445676803589,5.543231964111328e-05,0.1,1,BERT:bert_class_weighted,Class weight
1392,emscad_10462,ComboApp is a full cycle communications and marketing solutions provider for a global mobile marketplace.,Senior Sales Manager,0,0,0.9999469518661499,5.3048133850097656e-05,0.1,1,BERT:bert_class_weighted,Class weight
1393,emscad_10467,All Points Broadband ( #URL_d1c13f1c9c5d7b7a95b9a3425fca5f70f42b37ebfc6ae7ec54ae1f4dc4cf8fca# ) is a leading broadband I,Chief Operating Officer (COO) for Telecom Venture,0,0,0.999802827835083,0.0001971721649169922,0.1,1,BERT:bert_class_weighted,Class weight
1394,emscad_10473,BADR is an established company that is striding in to the world of big-data with formal expertise and the right technolo,Junior Data Engineer,0,0,0.9999465346336365,5.346536636352539e-05,0.1,1,BERT:bert_class_weighted,Class weight
1395,emscad_10480,Outstanding Member Service Starts With Outstanding People,Branch Associate,0,0,0.9998506307601929,0.0001493692398071289,0.1,1,BERT:bert_class_weighted,Class weight
1396,emscad_10488,Growth Intelligence is a pioneer of nowcasting: tracking the finances of millions of companies at the same time using re,Business Developer,0,0,0.9999324083328247,6.759166717529297e-05,0.1,1,BERT:bert_class_weighted,Class weight
1397,emscad_10496,"At McLane Intel, we believe that everyone should love where they work! We understand that our ongoing success is attribu",Network Engineer Tiers I-II,0,0,0.999934732913971,6.526708602905273e-05,0.1,1,BERT:bert_class_weighted,Class weight
1398,emscad_10503,MarketInvoice is one of the most high-profile London based fin-tech companies. The Company is Europe’s leading P2P invoi,Head of UX,0,0,0.9999315738677979,6.842613220214844e-05,0.1,1,BERT:bert_class_weighted,Class weight
1399,emscad_10508,WHY WORK AT IMAGINET,ALM Consultant,0,0,0.9999403357505798,5.9664249420166016e-05,0.1,1,BERT:bert_class_weighted,Class weight
1400,emscad_10512,"QB Medical, Inc. is a growing medical supply distributor. We specialize in medical product sales to the federal governme",Healthcare Support Rep,0,0,0.9998854398727417,0.00011456012725830078,0.1,1,BERT:bert_class_weighted,Class weight
1401,emscad_10532,"Vend is looking for some awesome new talent to come join us. You'll be working in an awesome team doing awesome things, ",Director Channel Sales,0,0,0.9999263286590576,7.367134094238281e-05,0.1,1,BERT:bert_class_weighted,Class weight
1402,emscad_10535,"Focus Lab, LLC is a boutique brand and interactive design company headquartered in the heart of Savannah, Ga. Our client",UI / Web Design,0,0,0.9999491572380066,5.08427619934082e-05,0.1,1,BERT:bert_class_weighted,Class weight
1403,emscad_10542,"Ginkgotree is changing the way course materials are designed and delivered. We’re ending the reign of overpriced, cookie",Ruby Developer,0,0,0.9999430775642395,5.692243576049805e-05,0.1,1,BERT:bert_class_weighted,Class weight
1404,emscad_10551,"Jr. QA Engineer Experience :1-5 years Location : Atlanta, Georgia",QA Software Tester,0,0,0.9997422695159912,0.00025773048400878906,0.1,1,BERT:bert_class_weighted,Class weight
1405,emscad_10564,The story of the Great Chicago Fire of 1871 isn’t really about the fire. It’s about what happened next: A remarkable mom,iOS Developer - 1871 General Companies,0,0,0.9999339580535889,6.604194641113281e-05,0.1,1,BERT:bert_class_weighted,Class weight
1406,emscad_10574,The ones who wish to participate in Academy projects and applied directly or were recommended,Academy @ Kaunas,0,0,0.9968643188476562,0.00313568115234375,0.1,1,BERT:bert_class_weighted,Class weight
1407,emscad_10592,Established on the principles that full time education is not for everyone Spectrum Learning is made up of a team of pas,PA/Office Manager - 2 weeks temp role,0,0,0.9999483823776245,5.161762237548828e-05,0.1,1,BERT:bert_class_weighted,Class weight
1408,emscad_10608,"Job - Physical Design Engineer (Contract) - Top Level Product Development Company - Raleigh, NC Location",ASIC Physical Design Engineer,0,0,0.9991850852966309,0.0008149147033691406,0.1,1,BERT:bert_class_weighted,Class weight
1409,emscad_10611,"We design, build, sell, and service the most innovative operations management technology in the world.",Software Engineer,0,0,0.9999339580535889,6.604194641113281e-05,0.1,1,BERT:bert_class_weighted,Class weight
1410,emscad_10620,"Brainbow is a London-based startup founded by entrepreneurs from Google, Amazon, Playfish / EA and academia with a missi",Community Management Intern,0,0,0.999944806098938,5.519390106201172e-05,0.1,1,BERT:bert_class_weighted,Class weight
1411,emscad_10625,Restaurant Assistant General Manager (AGM)/Fast Track GM $75K/$86K + fully paid medical plan and other great benefits,Restaurant Assistant General Manager (Fast Track GM),0,0,0.9998854398727417,0.00011456012725830078,0.1,1,BERT:bert_class_weighted,Class weight
1412,emscad_10627,Qualified Staffing Services That Meet Your Technical Needs,General Labor,0,0,0.9998701810836792,0.00012981891632080078,0.1,1,BERT:bert_class_weighted,Class weight
1413,emscad_10630,INK is the agency of choice for brands big and small in the B2B and B2C tech and clean energy sectors. We take a boutiqu,Senior Account Executive,0,0,0.9999372363090515,6.276369094848633e-05,0.1,1,BERT:bert_class_weighted,Class weight
1414,emscad_10638,Scale Venture Partners (ScaleVP) invests in early-in-revenue technology companies that are transforming the technology l,Associate,0,0,0.9999419450759888,5.805492401123047e-05,0.1,1,BERT:bert_class_weighted,Class weight
1415,emscad_10645,InVision is a venture-backed startup working to create the world's best design communication and collaboration platform.,Customer Advocate - Europe (remote/telecommute),0,0,0.9999469518661499,5.3048133850097656e-05,0.1,1,BERT:bert_class_weighted,Class weight
1416,emscad_10655,"Startup Institute is the #1 career accelerator, offering transformative educational experiences for career changers and ",Lead Engineer / Architect,0,0,0.9999423623085022,5.7637691497802734e-05,0.1,1,BERT:bert_class_weighted,Class weight
1417,emscad_10661,"Το Ινστιτούτο Αστρονομίας, Αστροφυσικής, Διαστημικών Εφαρμογών και Τηλεπισκόπησης (ΙΑΑΔΕΤ) του Εθνικού Αστεροσκοπείου Αθ",Assistant Project Manager position at the National Observatory of Athens,0,0,0.9998794794082642,0.00012052059173583984,0.1,1,BERT:bert_class_weighted,Class weight
1418,emscad_10666,"Dice is a highly specialized online marketing and software development firm headquartered in Portland, Oregon—the heart ",Sales Executive,0,0,0.9999479651451111,5.2034854888916016e-05,0.1,1,BERT:bert_class_weighted,Class weight
1419,emscad_10667,"Baesman is a nationally-recognized, single-source provider of direct marketing strategy and solutions, including CRM dat",Experienced Cutter Operator,0,0,0.99993497133255,6.502866744995117e-05,0.1,1,BERT:bert_class_weighted,Class weight
1420,emscad_10677,"Dice is a highly specialized online marketing and software development firm headquartered in Portland, Oregon—the heart ",Sales Executive,0,0,0.9999483823776245,5.161762237548828e-05,0.1,1,BERT:bert_class_weighted,Class weight
1421,emscad_10681,"Dice is a highly specialized online marketing and software development firm headquartered in Portland, Oregon—the heart ",Sales Executive,0,0,0.9999481439590454,5.1856040954589844e-05,0.1,1,BERT:bert_class_weighted,Class weight
1422,emscad_10682,"Dice is a highly specialized online marketing and software development firm headquartered in Portland, Oregon—the heart ",Sales Executive,0,0,0.9999485611915588,5.143880844116211e-05,0.1,1,BERT:bert_class_weighted,Class weight
1423,emscad_10685,"There is a huge skills gap in Ireland, and having a base in Greece and over 15 years experience in the Irish IT sector, ",Front End Web Developer (Remote),0,0,0.9999487400054932,5.125999450683594e-05,0.1,1,BERT:bert_class_weighted,Class weight
1424,emscad_10690,"Namely is the leading end-to-end HR and payroll platform for growing companies. Offerings include human payroll, benefit",Copywriter,0,0,0.9999479651451111,5.2034854888916016e-05,0.1,1,BERT:bert_class_weighted,Class weight
1425,emscad_10694,"WDM Group is an innovative, forward thinking digital company aimed at bringing business executives up-to-date with the l",Sales Representative,0,0,0.9998854398727417,0.00011456012725830078,0.1,1,BERT:bert_class_weighted,Class weight
1426,emscad_10704,"Equinix is the leading global interconnection platform, accelerating business performance by connecting companies to the",NOC Provisioning Engineer,0,0,0.9999450445175171,5.4955482482910156e-05,0.1,1,BERT:bert_class_weighted,Class weight
1427,emscad_10707,Our mission is to help create a strong connection between small businesses and the communities that they operate in. We ,Social Manager - Social Media Marketer,0,0,0.9999485611915588,5.143880844116211e-05,0.1,1,BERT:bert_class_weighted,Class weight
1428,emscad_10708,Rarely Impossible exists due to a passion for working with amazing clients and aiding them to bring their ideas to life.,Javascript Frontend Developer,0,0,0.9999443888664246,5.561113357543945e-05,0.1,1,BERT:bert_class_weighted,Class weight
1429,emscad_10711,#URL_e7c9057d5e6f097876436d175031e95669ede4ebaab52b6be0957c837bc98343#,Title Insurance: Title Assistant / Title Coordinator/ Property Research Examiner,0,0,0.9993867874145508,0.0006132125854492188,0.1,1,BERT:bert_class_weighted,Class weight
1430,emscad_10719,"Optimy is a fast-growing company that develops and sells a unique solution (as a SaaS web- application) for sponsorship,",Native English speaking Account Manager,0,0,0.9999483823776245,5.161762237548828e-05,0.1,1,BERT:bert_class_weighted,Class weight
1431,emscad_10722,"Hey, Hope you are doing great. I am sending you a job description for your reference. If you are comfortable with it the",architect Node js,0,0,0.9998633861541748,0.0001366138458251953,0.1,1,BERT:bert_class_weighted,Class weight
1432,emscad_10725,"Urban Robotics Inc. provides cutting edge software and hardware solutions for Intelligence, Surveillance and Reconnaissa",Software Developer a.k.a CS Macgyver,0,0,0.9998961091041565,0.00010389089584350586,0.1,1,BERT:bert_class_weighted,Class weight
1433,emscad_10729,"Critical Nurse Staffing, Inc. is enrolled with the U.S Department of Labor to provide nursing care to the former defense","Home Health CNA--Grand Junction, CO",0,0,0.999945878982544,5.412101745605469e-05,0.1,1,BERT:bert_class_weighted,Class weight
1434,emscad_10735,"Novitex Enterprise Solutions, formerly Pitney Bowes Management Services, delivers innovative document and communications",Customer Service Associate,0,0,0.9999469518661499,5.3048133850097656e-05,0.1,1,BERT:bert_class_weighted,Class weight
1435,emscad_10741,"Argenta Field Solutions values the client, creates income streams for them through our sales mechanism and focuses on qu",Sales Representative with Management Training - AT&T,0,0,0.9999503493309021,4.965066909790039e-05,0.1,1,BERT:bert_class_weighted,Class weight
1436,emscad_10743,Principal Responsibilities:,Maintenance Mechanic,0,0,0.9992022514343262,0.0007977485656738281,0.1,1,BERT:bert_class_weighted,Class weight
1437,emscad_10758,"Novitex Enterprise Solutions, formerly Pitney Bowes Management Services, delivers innovative document and communications",Customer Service Associate,0,0,0.999945878982544,5.412101745605469e-05,0.1,1,BERT:bert_class_weighted,Class weight
1438,emscad_10764,Synapse Games is exploding onto the mobile gaming market after over five years experience making social games. We are a ,Serverside/PHP Engineer,0,0,0.9999456405639648,5.435943603515625e-05,0.1,1,BERT:bert_class_weighted,Class weight
1439,emscad_10769,We are on a mission: Making cities smarter.,Marketing,0,0,0.9998681545257568,0.00013184547424316406,0.1,1,BERT:bert_class_weighted,Class weight
1440,emscad_10772,"Novitex Enterprise Solutions, formerly Pitney Bowes Management Services, delivers innovative document and communications",Service Delivery Manager 1,0,0,0.9999428391456604,5.716085433959961e-05,0.1,1,BERT:bert_class_weighted,Class weight
1441,emscad_10775,Established on the principles that full time education is not for everyone Spectrum Learning is made up of a team of pas,HD6 4AB Recruitment Apprenticeship Under NAS 16-18 Year Olds Only,0,0,0.9999465346336365,5.346536636352539e-05,0.1,1,BERT:bert_class_weighted,Class weight
1442,emscad_10778,hello world,Senior Database Expert,0,0,0.9999386668205261,6.133317947387695e-05,0.1,1,BERT:bert_class_weighted,Class weight
1443,emscad_10780,"Novitex Enterprise Solutions, formerly Pitney Bowes Management Services, delivers innovative document and communications",Customer Service Associate,0,0,0.9999426007270813,5.739927291870117e-05,0.1,1,BERT:bert_class_weighted,Class weight
1444,emscad_10798,"Valor Services provides Workforce Solutions that meet the needs of companies across the Private Sector, with a special f",Winch Truck Driver,0,0,0.999943733215332,5.626678466796875e-05,0.1,1,BERT:bert_class_weighted,Class weight
1445,emscad_10800,"Novitex Enterprise Solutions, formerly Pitney Bowes Management Services, delivers innovative document and communications",Customer Service Associate,0,0,0.9999426007270813,5.739927291870117e-05,0.1,1,BERT:bert_class_weighted,Class weight
1446,emscad_10804,"Novitex Enterprise Solutions, formerly Pitney Bowes Management Services, delivers innovative document and communications",Customer Service Associate,0,0,0.9999441504478455,5.5849552154541016e-05,0.1,1,BERT:bert_class_weighted,Class weight
1447,emscad_10807,"Novitex Enterprise Solutions, formerly Pitney Bowes Management Services, delivers innovative document and communications",Customer Service Technical Specialist,0,0,0.99994957447052,5.042552947998047e-05,0.1,1,BERT:bert_class_weighted,Class weight
1448,emscad_10810,"Novitex Enterprise Solutions, formerly Pitney Bowes Management Services, delivers innovative document and communications",Customer Service Associate,0,0,0.9999452233314514,5.4776668548583984e-05,0.1,1,BERT:bert_class_weighted,Class weight
1449,emscad_10814,"Novitex Enterprise Solutions, formerly Pitney Bowes Management Services, delivers innovative document and communications",Customer Service Associate,0,0,0.9999469518661499,5.3048133850097656e-05,0.1,1,BERT:bert_class_weighted,Class weight
1450,emscad_10815,"StudyHall creates opportunities for college, university students, and recent graduates, to work with the best companies ",Graphic Design Superstar for a Startup Company | StudyHall.com,0,0,0.9998952746391296,0.00010472536087036133,0.1,1,BERT:bert_class_weighted,Class weight
1451,emscad_10823,Massive Media is the social media company behind the successful digital brands #URL_18234f381f5e7b9a9ffdc727cd05c9046edf,Junior Marketing Manager - Twoo,0,0,0.9999374747276306,6.252527236938477e-05,0.1,1,BERT:bert_class_weighted,Class weight
1452,emscad_10827,StayClassy is a fast-growing San Diego-based startup that develops an online fundraising product used by thousands of No,Account Strategist (Non-Profit Experience Needed),0,0,0.9999441504478455,5.5849552154541016e-05,0.1,1,BERT:bert_class_weighted,Class weight
1453,emscad_10830,"Novitex Enterprise Solutions, formerly Pitney Bowes Management Services, delivers innovative document and communications",Service Delivery Manager I,0,0,0.999944806098938,5.519390106201172e-05,0.1,1,BERT:bert_class_weighted,Class weight
1454,emscad_10839,Villosophy is a travel startup founded in July 2014. We develop mobile applications to help vacation rental owners impro,Senior Developer to join our Team,0,0,0.9999419450759888,5.805492401123047e-05,0.1,1,BERT:bert_class_weighted,Class weight
1455,emscad_10842,"21st century financial software, in the cloud",Dinosaur hunter / Junior developer,0,0,0.9999432563781738,5.6743621826171875e-05,0.1,1,BERT:bert_class_weighted,Class weight
1456,emscad_10858,"Novitex Enterprise Solutions, formerly Pitney Bowes Management Services, delivers innovative document and communications",Customer Service Associate,0,0,0.9999426007270813,5.739927291870117e-05,0.1,1,BERT:bert_class_weighted,Class weight
1457,emscad_10862,"StudyHall creates opportunities for college, university students, and recent graduates, to work with the best companies ",Are you the next Social Media star? | StudyHall.com,0,0,0.9998540878295898,0.00014591217041015625,0.1,1,BERT:bert_class_weighted,Class weight
1458,emscad_10863,"Novitex Enterprise Solutions, formerly Pitney Bowes Management Services, delivers innovative document and communications",Customer Service Associate,0,0,0.9999426007270813,5.739927291870117e-05,0.1,1,BERT:bert_class_weighted,Class weight
1459,emscad_10870,Massive Media is the social media company behind the successful digital brands #URL_18234f381f5e7b9a9ffdc727cd05c9046edf,Financial Analyst,0,0,0.9999197125434875,8.028745651245117e-05,0.1,1,BERT:bert_class_weighted,Class weight
1460,emscad_10874,"Novitex Enterprise Solutions, formerly Pitney Bowes Management Services, delivers innovative document and communications",Driver I - Part Time,0,0,0.9999499320983887,5.0067901611328125e-05,0.1,1,BERT:bert_class_weighted,Class weight
1461,emscad_10876,"Piece & Co. sources custom, artisan-made products and accessories for some of the world's top fashion and retail brands.",Senior Account Manager,0,0,0.9999318718910217,6.812810897827148e-05,0.1,1,BERT:bert_class_weighted,Class weight
1462,emscad_10879,"Novitex Enterprise Solutions, formerly Pitney Bowes Management Services, delivers innovative document and communications",Customer Service Associate,0,0,0.9999473094940186,5.269050598144531e-05,0.1,1,BERT:bert_class_weighted,Class weight
1463,emscad_10888,"Delivering superior customer services for over 10 years, IBEX Global is a business process outsourcer offering an integr",Agent inbound business,0,0,0.9998568296432495,0.00014317035675048828,0.1,1,BERT:bert_class_weighted,Class weight
1464,emscad_10899,Established on the principles that full time education is not for everyone Spectrum Learning is made up of a team of pas,SN3 Logistics Apprentice/Warehousing Apprenticeship Under NAS 16-18 Year Olds Only,0,0,0.999950110912323,4.988908767700195e-05,0.1,1,BERT:bert_class_weighted,Class weight
1465,emscad_10901,"Marketing Mob specializes in placing interim, project-based and contract-to-hire marketing consultants in small business",Digital Marketing Strategist,0,0,0.9999369978904724,6.300210952758789e-05,0.1,1,BERT:bert_class_weighted,Class weight
1466,emscad_10905,"Novitex Enterprise Solutions, formerly Pitney Bowes Management Services, delivers innovative document and communications",Customer Service Associate,0,0,0.9999445676803589,5.543231964111328e-05,0.1,1,BERT:bert_class_weighted,Class weight
1467,emscad_10906,"Delivering superior customer services for over 10 years, IBEX Global is a business process outsourcer offering an integr",Advisor-Inbound Technical,0,0,0.999868631362915,0.00013136863708496094,0.1,1,BERT:bert_class_weighted,Class weight
1468,emscad_10912,"Delivering superior customer services for over 10 years, IBEX Global is a business process outsourcer offering an integr",Inbound Sales Representatives,0,0,0.99993497133255,6.502866744995117e-05,0.1,1,BERT:bert_class_weighted,Class weight
1469,emscad_10919,"Delivering superior customer services for over 10 years, IBEX Global is a business process outsourcer offering an integr",Agent inbound business,0,0,0.9998551607131958,0.00014483928680419922,0.1,1,BERT:bert_class_weighted,Class weight
1470,emscad_10926,"Wiredrive is a fast growing, privately-owned SaaS company with headquarters in Marina del Rey and offices in New York Ci",Business Intelligence Analyst,0,0,0.9999465346336365,5.346536636352539e-05,0.1,1,BERT:bert_class_weighted,Class weight
1471,emscad_10950,"Novitex Enterprise Solutions, formerly Pitney Bowes Management Services, delivers innovative document and communications",Customer Service Associate,0,0,0.9999481439590454,5.1856040954589844e-05,0.1,1,BERT:bert_class_weighted,Class weight
1472,emscad_10957,"Novitex Enterprise Solutions, formerly Pitney Bowes Management Services, delivers innovative document and communications",Customer Service Associate,0,0,0.9999475479125977,5.245208740234375e-05,0.1,1,BERT:bert_class_weighted,Class weight
1473,emscad_10960,"Novitex Enterprise Solutions, formerly Pitney Bowes Management Services, delivers innovative document and communications",Customer Service Associate,0,0,0.9999473094940186,5.269050598144531e-05,0.1,1,BERT:bert_class_weighted,Class weight
1474,emscad_10962,Aptitude Staffing Solutions has redesigned the recruiting wheel. Our innovative new platform cuts the recruiting time in,Lead Software Engineer - Web,1,1,0.0,1.0,0.1,1,BERT:bert_class_weighted,Class weight
1475,emscad_10969,"Novitex Enterprise Solutions, formerly Pitney Bowes Management Services, delivers innovative document and communications",Customer Service Associate,0,0,0.9999432563781738,5.6743621826171875e-05,0.1,1,BERT:bert_class_weighted,Class weight
1476,emscad_10994,"Novitex Enterprise Solutions, formerly Pitney Bowes Management Services, delivers innovative document and communications",Customer Service Associate,0,0,0.999946117401123,5.3882598876953125e-05,0.1,1,BERT:bert_class_weighted,Class weight
1477,emscad_10997,ConsumerTrack is a technology-centric internet marketing company built on a culture of excellence. We are the preferred ,"Research Assistant, Online Publication",0,0,0.9999234080314636,7.659196853637695e-05,0.1,1,BERT:bert_class_weighted,Class weight
1478,emscad_11002,"Openfund is a seed investment fund, working with technology companies that deliver innovative software products.",Business,0,0,0.9999359846115112,6.401538848876953e-05,0.1,1,BERT:bert_class_weighted,Class weight
1479,emscad_11011,"Novitex Enterprise Solutions, formerly Pitney Bowes Management Services, delivers innovative document and communications",Customer Service Associate,0,0,0.9999485611915588,5.143880844116211e-05,0.1,1,BERT:bert_class_weighted,Class weight
1480,emscad_11015,"Novitex Enterprise Solutions, formerly Pitney Bowes Management Services, delivers innovative document and communications",Customer Service Associate,0,0,0.9999471306800842,5.2869319915771484e-05,0.1,1,BERT:bert_class_weighted,Class weight
1481,emscad_11033,"Novitex Enterprise Solutions, formerly Pitney Bowes Management Services, delivers innovative document and communications",Customer Service Associate,0,0,0.9999439120292664,5.608797073364258e-05,0.1,1,BERT:bert_class_weighted,Class weight
1482,emscad_11035,"Novitex Enterprise Solutions, formerly Pitney Bowes Management Services, delivers innovative document and communications",Customer Service Technical Specialist - Part Time,0,0,0.99994957447052,5.042552947998047e-05,0.1,1,BERT:bert_class_weighted,Class weight
1483,emscad_11037,"Novitex Enterprise Solutions, formerly Pitney Bowes Management Services, delivers innovative document and communications",Customer Service Associate,0,0,0.9999489784240723,5.1021575927734375e-05,0.1,1,BERT:bert_class_weighted,Class weight
1484,emscad_11039,"Novitex Enterprise Solutions, formerly Pitney Bowes Management Services, delivers innovative document and communications",Technical Services Representative - Print Services,0,0,0.9999507069587708,4.929304122924805e-05,0.1,1,BERT:bert_class_weighted,Class weight
1485,emscad_11047,"Novitex Enterprise Solutions, formerly Pitney Bowes Management Services, delivers innovative document and communications",Technical Services Representative - Print Services,0,0,0.9999514818191528,4.851818084716797e-05,0.1,1,BERT:bert_class_weighted,Class weight
1486,emscad_11057,The story of the Great Chicago Fire of 1871 isn’t really about the fire. It’s about what happened next: A remarkable mom,Marketing & Communications Manager - Rippleshot,0,0,0.9999266266822815,7.337331771850586e-05,0.1,1,BERT:bert_class_weighted,Class weight
1487,emscad_11058,We help teachers get safe & secure jobs abroad :),English Teacher Overseas,0,0,0.9998980760574341,0.00010192394256591797,0.1,1,BERT:bert_class_weighted,Class weight
1488,emscad_11067,The story of the Great Chicago Fire of 1871 isn’t really about the fire. It’s about what happened next: A remarkable mom,Customer Success Manager - Conferences i/o,0,0,0.9999352097511292,6.479024887084961e-05,0.1,1,BERT:bert_class_weighted,Class weight
1489,emscad_11072,"Novitex Enterprise Solutions, formerly Pitney Bowes Management Services, delivers innovative document and communications",Customer Service Associate - Part Time,0,0,0.99994957447052,5.042552947998047e-05,0.1,1,BERT:bert_class_weighted,Class weight
1490,emscad_11073,"Novitex Enterprise Solutions, formerly Pitney Bowes Management Services, delivers innovative document and communications",Customer Service Associate/Shipping and Receiving,0,0,0.999947726726532,5.227327346801758e-05,0.1,1,BERT:bert_class_weighted,Class weight
1491,emscad_11079,"Novitex Enterprise Solutions, formerly Pitney Bowes Management Services, delivers innovative document and communications",Customer Service Associate,0,0,0.9999426007270813,5.739927291870117e-05,0.1,1,BERT:bert_class_weighted,Class weight
1492,emscad_11088,Kettle is an independent digital agency based in New York City and the Bay Area. We’re committed to making digital do mo,NY | UX POOL,0,0,0.9998984932899475,0.00010150671005249023,0.1,1,BERT:bert_class_weighted,Class weight
1493,emscad_11093,"VouchedFor is a highly disruptive start up in the Financial Advice market. Created in 2011, we are an innovative start-u",Part Time Accounts & Office Management - Fast Growing Financial Startup,0,0,0.9999481439590454,5.1856040954589844e-05,0.1,1,BERT:bert_class_weighted,Class weight
1494,emscad_11096,"Novitex Enterprise Solutions, formerly Pitney Bowes Management Services, delivers innovative document and communications",Customer Service Associate - On Call,0,0,0.9999489784240723,5.1021575927734375e-05,0.1,1,BERT:bert_class_weighted,Class weight
1495,emscad_11100,ConsumerTrack is a technology-centric internet marketing company built on a culture of excellence. We are the preferred ,Sr. Database Administrator,0,0,0.999945878982544,5.412101745605469e-05,0.1,1,BERT:bert_class_weighted,Class weight
1496,emscad_11106,"Novitex Enterprise Solutions, formerly Pitney Bowes Management Services, delivers innovative document and communications",Customer Service Associate,0,0,0.9999454617500305,5.453824996948242e-05,0.1,1,BERT:bert_class_weighted,Class weight
1497,emscad_11111,United Cerebral Palsy of Oregon & SW Washington (UCP) supports adults with all kinds of developmental disabilities (not ,"Full-Time Caregiver (Position C) for a Shy, Sweet Young Woman",0,0,0.9999507069587708,4.929304122924805e-05,0.1,1,BERT:bert_class_weighted,Class weight
1498,emscad_11119,"Critical Nurse Staffing, Inc. is enrolled with the U.S Department of Labor to provide nursing care to the former defense","Home Health CNA-Groveland, ID",0,0,0.9999412298202515,5.8770179748535156e-05,0.1,1,BERT:bert_class_weighted,Class weight
1499,emscad_11120,"Through the Apache Spark platform, we are working to transform large-scale data analysis.",Software Engineer (New Graduate),0,0,0.9999441504478455,5.5849552154541016e-05,0.1,1,BERT:bert_class_weighted,Class weight
1500,emscad_11121,we are looking for a (Senior) Structural Engineer. The (Senior) Structural Engineer reports directly to the Manager Inno,(Senior) Structural Engineer,0,0,0.9996170997619629,0.0003829002380371094,0.1,1,BERT:bert_class_weighted,Class weight
1501,emscad_11140,Visual BI is one of the leading and fastest growing firms focusing exclusively on BI & Analytics. Our offerings cover en,SAP BI/HANA Managing Consultant,0,0,0.9999487400054932,5.125999450683594e-05,0.1,1,BERT:bert_class_weighted,Class weight
1502,emscad_11144,Join a fast-paced growing fashion accessories company!,Sales Assistant - SAACHI,0,0,0.9980840682983398,0.0019159317016601562,0.1,1,BERT:bert_class_weighted,Class weight
1503,emscad_11151,ConsumerTrack is a technology-centric internet marketing company built on a culture of excellence. We are the preferred ,Administrative Assistant,0,0,0.9999377131462097,6.22868537902832e-05,0.1,1,BERT:bert_class_weighted,Class weight
1504,emscad_11152,"ELECTRICIANS. & EXPERIENCED HELPERS (Residential & Commercial) Florida Drivers License required, Drug Free Workplace",ELECTRICIANS. & EXPERIENCED HELPERS (Residential & Commercial),0,0,0.9999158382415771,8.416175842285156e-05,0.1,1,BERT:bert_class_weighted,Class weight
1505,emscad_11165,"Novitex Enterprise Solutions, formerly Pitney Bowes Management Services, delivers innovative document and communications",Customer Service Associate,0,0,0.999947726726532,5.227327346801758e-05,0.1,1,BERT:bert_class_weighted,Class weight
1506,emscad_11173,ConsumerTrack is a technology-centric internet marketing company built on a culture of excellence. We are the preferred ,Digital Project Manager,0,0,0.9999209642410278,7.903575897216797e-05,0.1,1,BERT:bert_class_weighted,Class weight
1507,emscad_11197,"We are an award-winning team of professionals, providing the very best value for glass shower enclosures, designer close",Administrative Assistant,0,0,0.999925434589386,7.456541061401367e-05,0.1,1,BERT:bert_class_weighted,Class weight
1508,emscad_11203,KEPLAR AGENCY,Digital Account Manager,0,0,0.9999428391456604,5.716085433959961e-05,0.1,1,BERT:bert_class_weighted,Class weight
1509,emscad_11204,ding* is the world’s largest top-up provider. Created to help people working abroad to support and keep in touch with lo,Graduate NOC Officer (Shift Role),0,0,0.9999379515647888,6.204843521118164e-05,0.1,1,BERT:bert_class_weighted,Class weight
1510,emscad_11205,You’ll be primarily responsible for building integrations with other systems. This means using lots of APIs to pull data,Senior Python Dev,0,0,0.9999171495437622,8.285045623779297e-05,0.1,1,BERT:bert_class_weighted,Class weight
1511,emscad_11213,"Flexibility is key at bwired! Each role in the bwired structure is able to, and will need to as required, perform other ",We need a Front-End Technician,0,0,0.9999417066574097,5.829334259033203e-05,0.1,1,BERT:bert_class_weighted,Class weight
1512,emscad_11222,Tel Tech Networks is a Voice/Data/Video/Security systems contractor operating primarily in the Southwestern United State,Telecommunication Engineer,0,0,0.9998940229415894,0.00010597705841064453,0.1,1,BERT:bert_class_weighted,Class weight
1513,emscad_11228,Established on the principles that full time education is not for everyone Spectrum Learning is made up of a team of pas,Belfast Fragrance and Beauty Promotional Staff,0,0,0.9999473094940186,5.269050598144531e-05,0.1,1,BERT:bert_class_weighted,Class weight
1514,emscad_11230,"S2scout, is a Pittsburgh-based talent aquisition firm providing services to small, medium, and large organizations acros",SQL Database Analyst (Remote),0,0,0.999940812587738,5.918741226196289e-05,0.1,1,BERT:bert_class_weighted,Class weight
1515,emscad_11249,"TOPOSOPHY is an integrated destination management & marketing agency. We provide tourism organizations, associations and",Senior Research Analyst (Tourism & Travel),0,0,0.9999398589134216,6.014108657836914e-05,0.1,1,BERT:bert_class_weighted,Class weight
1516,emscad_11259,Eureka! Manager,Restaurant Manager - Hiring now!,0,0,0.9999151825904846,8.481740951538086e-05,0.1,1,BERT:bert_class_weighted,Class weight
1517,emscad_11260,Our Mission,IT Admin,0,0,0.9998500347137451,0.0001499652862548828,0.1,1,BERT:bert_class_weighted,Class weight
1518,emscad_11276,We Provide Full Time Permanent Positions for many medium to large US companies. We are interested in finding/recruiting ,PROGRESS Systems Supervisor,0,0,0.999938428401947,6.157159805297852e-05,0.1,1,BERT:bert_class_weighted,Class weight
1519,emscad_11291,"Argenta Field Solutions values the client, creates income streams for them through our sales mechanism and focuses on qu",Sales Representative with Management Training - AT&T,0,0,0.9999518394470215,4.8160552978515625e-05,0.1,1,BERT:bert_class_weighted,Class weight
1520,emscad_11297,"Argenta Field Solutions values the client, creates income streams for them through our sales mechanism and focuses on qu",Sales Representative with Management Training - AT&T,0,0,0.9999511241912842,4.887580871582031e-05,0.1,1,BERT:bert_class_weighted,Class weight
1521,emscad_11308,Reformation is a group of young designers and forward-thinkers led by Founder / CEO / Creative Director – Yael Aflalo. I,Creative Content Manager,0,0,0.9999334216117859,6.657838821411133e-05,0.1,1,BERT:bert_class_weighted,Class weight
1522,emscad_11311,"If you’re looking to start a career at a fast-paced, innovative company with tons of opportunity, then look no further t",Senior Software Engineer,0,0,0.9999497532844543,5.02467155456543e-05,0.1,1,BERT:bert_class_weighted,Class weight
1523,emscad_11316,"We're Food52, and we've created a groundbreaking and award-winning cooking site. We support, connect, and celebrate home",Part-Time Customer Care Assistant -- Seasonal,0,0,0.9999485611915588,5.143880844116211e-05,0.1,1,BERT:bert_class_weighted,Class weight
1524,emscad_11327,"MedTalent is a modern staffing company that specializes in the placement of physicians, nurses and healthcare profession",Administrative Assistant,0,0,0.9999299645423889,7.003545761108398e-05,0.1,1,BERT:bert_class_weighted,Class weight
1525,emscad_11331,Leapfrog Services provides managed IT services for businesses and nonprofits worldwide. Founded in 1998 with the philoso,Knowledge Data Entry Technician,0,0,0.9999503493309021,4.965066909790039e-05,0.1,1,BERT:bert_class_weighted,Class weight
1526,emscad_11340,We’re always looking for highly motivated “founder-types” to join us as we grow. Here’s what you need to know.,"Regional Vice President Sales, West",0,0,0.9999057650566101,9.423494338989258e-05,0.1,1,BERT:bert_class_weighted,Class weight
1527,emscad_11341,Zylun is expanding the recruiting landscape for companies worldwide. We help businesses better compete and increase prof,RUBY ON RAILS DEVELOPER,0,0,0.9999393820762634,6.0617923736572266e-05,0.1,1,BERT:bert_class_weighted,Class weight
1528,emscad_11347,"Argenta Field Solutions values the client, creates income streams for them through our sales mechanism and focuses on qu",Sales Representative with Management Training - AT&T,0,0,0.9999520778656006,4.792213439941406e-05,0.1,1,BERT:bert_class_weighted,Class weight
1529,emscad_11348,Established on the principles that full time education is not for everyone Spectrum Learning is made up of a team of pas,Ipswich Beauty/Fragrance Staff Needed,0,0,0.9999471306800842,5.2869319915771484e-05,0.1,1,BERT:bert_class_weighted,Class weight
1530,emscad_11360,"Argenta Field Solutions values the client, creates income streams for them through our sales mechanism and focuses on qu",Sales Representative with Management Training - AT&T,0,0,0.9999508857727051,4.9114227294921875e-05,0.1,1,BERT:bert_class_weighted,Class weight
1531,emscad_11362,Hiring Field Representatives (Anaheim),Field Representative/ Hiring Immediately,0,0,0.9998893737792969,0.000110626220703125,0.1,1,BERT:bert_class_weighted,Class weight
1532,emscad_11372,Maker’s Row is an online marketplace that connects American manufacturers and product based businesses. Our mission is t,Account Manager,0,0,0.9999305009841919,6.949901580810547e-05,0.1,1,BERT:bert_class_weighted,Class weight
1533,emscad_11383,"SummaView is een jong bedrijf uit Amersfoort die mensen, kennis en software levert ophet snijvlak van controlling en Bus",OUD: Business Controller 7,0,0,0.999945878982544,5.412101745605469e-05,0.1,1,BERT:bert_class_weighted,Class weight
1534,emscad_11386,We Provide Full Time Permanent Positions for many medium to large US companies. We are interested in finding/recruiting ,.NET Developer,0,0,0.9999389052391052,6.109476089477539e-05,0.1,1,BERT:bert_class_weighted,Class weight
1535,emscad_11396,Blues Jewellery is a name which epitomizes Elegance and Opulence. Established in the year 2008 in the heart of South Del,Typist/Stenographer,0,0,0.9999441504478455,5.5849552154541016e-05,0.1,1,BERT:bert_class_weighted,Class weight
1536,emscad_11416,BillGuard is a personal finance security service powered by the collective knowledge of millions of people . The family ,Online Performance Analyst,0,0,0.9999430775642395,5.692243576049805e-05,0.1,1,BERT:bert_class_weighted,Class weight
1537,emscad_11417,"Levo League is a thriving community of young professionals, role models, and innovative companies taking Gen Y by storm.",UX/UI Designer,0,0,0.9999328851699829,6.711483001708984e-05,0.1,1,BERT:bert_class_weighted,Class weight
1538,emscad_11418,EUROPEAN DYNAMICS (#URL_c66532ffa1ce76ab447da6774719060c42c584edbf44d74cdb94fc4ac219ca45#) is a leading European Softwar,JUNIOR JAVA WEB DEVELOPER,0,0,0.9999352097511292,6.479024887084961e-05,0.1,1,BERT:bert_class_weighted,Class weight
1539,emscad_11425,"At iMATCHATIVE, we believe in the power of science and technology to inspire creative solutions and to transform busines",Data Operations Specialist,0,0,0.9999487400054932,5.125999450683594e-05,0.1,1,BERT:bert_class_weighted,Class weight
1540,emscad_11428,The only thing we love more than our data is our team.,Head of Performance Marketing,0,0,0.9999432563781738,5.6743621826171875e-05,0.1,1,BERT:bert_class_weighted,Class weight
1541,emscad_11429,"This position is for the shop fabrication of countertops. This includes cutting, shaping and profiling of countertops us",Stone Finisher / Polisher,0,0,0.999833345413208,0.0001666545867919922,0.1,1,BERT:bert_class_weighted,Class weight
1542,emscad_11430,The best word to describe PCP’s culture is PRIDE. Pride in our company. Pride in our job. And pride in our relationships,File Clerk,0,0,0.9999393820762634,6.0617923736572266e-05,0.1,1,BERT:bert_class_weighted,Class weight
1543,emscad_11438,#URL_c379aa631173ed5b7c345ab3f500a9a053e509138ca70e52c1088e5a784dc8d7# is a modern online travel agency that was founded,French Speaking Customer Support Representative,0,0,0.9999372363090515,6.276369094848633e-05,0.1,1,BERT:bert_class_weighted,Class weight
1544,emscad_11440,"Tidewater Finance Co. was established in 1992 for the initial purpose of purchasing, and servicing retail installment co",Contact Center Representatives - On-site Career Fair December 13th!,0,0,0.9999456405639648,5.435943603515625e-05,0.1,1,BERT:bert_class_weighted,Class weight
1545,emscad_11445,"L O OP is an award winning interactive agency based in Salzburg with satellite offices in Copenhagen, Berlin, Sydney and",MOBILE / IOS DEVELOPER,0,0,0.9999414682388306,5.8531761169433594e-05,0.1,1,BERT:bert_class_weighted,Class weight
1546,emscad_11446,"Amplexor is a leading provider in the field of content management solutions: digital experience management, document cen",Java Web Developer,0,0,0.9999419450759888,5.805492401123047e-05,0.1,1,BERT:bert_class_weighted,Class weight
1547,emscad_11449,"SummaView is een jong bedrijf uit Amersfoort die mensen, kennis en software levert ophet snijvlak van controlling en Bus",OUD 4: SummaView zoekt een Senior Developer,0,0,0.9999439120292664,5.608797073364258e-05,0.1,1,BERT:bert_class_weighted,Class weight
1548,emscad_11450,"Joist is a platform for trades contractors that allows them to estimate, invoice, accept payments, & much more!",Full-Stack Engineer,0,0,0.9999479651451111,5.2034854888916016e-05,0.1,1,BERT:bert_class_weighted,Class weight
1549,emscad_11451,Established on the principles that full time education is not for everyone Spectrum Learning is made up of a team of pas,BS37 5NZ DGV Apprenticeship available under NAS 18 year olds only!,0,0,0.9999417066574097,5.829334259033203e-05,0.1,1,BERT:bert_class_weighted,Class weight
1550,emscad_11460,HTS Ag has been working with producers to prove the profitability of precision technology since 1995. HTS Ag’s goal is t,Precision Ag Associate Advisor (Sales & Service),0,0,0.9998906850814819,0.0001093149185180664,0.1,1,BERT:bert_class_weighted,Class weight
1551,emscad_11465,"Entertainment everywhere. Operating under the StarzPlay brand, Playco Ltd., delivers a premium video-on-demand service. ",OVP Architect,0,0,0.9999487400054932,5.125999450683594e-05,0.1,1,BERT:bert_class_weighted,Class weight
1552,emscad_11469,Synapse Games is exploding onto the mobile gaming market after over five years experience making social games. We are a ,3D Artist,0,0,0.9999237060546875,7.62939453125e-05,0.1,1,BERT:bert_class_weighted,Class weight
1553,emscad_11470,We Provide Full Time Permanent Positions for many medium to large US companies. We are interested in finding/recruiting ,Production Supervisor,0,0,0.9999245405197144,7.545948028564453e-05,0.1,1,BERT:bert_class_weighted,Class weight
1554,emscad_11476,Playfair Capital is an early stage technology investment fund based in London.,Python Developer,0,0,0.9999421834945679,5.7816505432128906e-05,0.1,1,BERT:bert_class_weighted,Class weight
1555,emscad_11479,SLI Systems is a SaaS company revolutionizing the way online retailers do business. SLI works closely with online retail,Training Manager,0,0,0.9999421834945679,5.7816505432128906e-05,0.1,1,BERT:bert_class_weighted,Class weight
1556,emscad_11493,"Founded in 1974 in Canada, and in 1985 in the U.S. as a specialty engineering and contracting company, Landmark works th",Project Manager,0,0,0.9998540878295898,0.00014591217041015625,0.1,1,BERT:bert_class_weighted,Class weight
1557,emscad_11500,"WellAware is an oil field communications and software-as-a-service (SaaS) company based in San Antonio, TX that provides",Product Marketing Manager,0,0,0.9998476505279541,0.00015234947204589844,0.1,1,BERT:bert_class_weighted,Class weight
1558,emscad_11526,At Founders we create companies. We are are a team of people who constantly work and experiment with business models app,UX Designer,0,0,0.9999299645423889,7.003545761108398e-05,0.1,1,BERT:bert_class_weighted,Class weight
1559,emscad_11536,H WEDIA είναι μια ταχύτατα αναπτυσσόμενη ελληνική digital εταιρεία που δραστηριοποιείται από το 2009 στο χώρο των ψηφιακ,Web Designer,0,0,0.9999450445175171,5.4955482482910156e-05,0.1,1,BERT:bert_class_weighted,Class weight
1560,emscad_11539,Aptitude Staffing Solutions has redesigned the recruiting wheel. Our innovative new platform cuts the recruiting time in,Research Engineer Data Science,1,1,0.0,1.0,0.1,1,BERT:bert_class_weighted,Class weight
1561,emscad_11545,Virteva delivers managed IT services and project-based consulting services that optimize our customer’s IT infrastructur,Website Publisher,0,0,0.9999491572380066,5.08427619934082e-05,0.1,1,BERT:bert_class_weighted,Class weight
1562,emscad_11556,Playfair Capital is an early stage technology investment fund based in London.,Content & Social Media Executive / Intern,0,0,0.9999439120292664,5.608797073364258e-05,0.1,1,BERT:bert_class_weighted,Class weight
1563,emscad_11560,in Bielefeld (Germany) or remote – The position is open from now,UI / UX Frontend-Developer (m/f),0,0,0.9999462962150574,5.370378494262695e-05,0.1,1,BERT:bert_class_weighted,Class weight
1564,emscad_11567,RHB Recruitment Ltd is a business process outsourcing company with its state-of-the-art delivery center (existing capaci,SAP MDM,0,0,0.9995121955871582,0.0004878044128417969,0.1,1,BERT:bert_class_weighted,Class weight
1565,emscad_11574,"AREA 17 is an interactive agency. We take an interdisciplinary approach — blending the practices of design, technology a",Front End Interface Developer,0,0,0.9999302625656128,6.973743438720703e-05,0.1,1,BERT:bert_class_weighted,Class weight
1566,emscad_11589,Interactive Strategies is a boutique digital agency whose strength lies in understanding the complex relationship that e,Digital Strategist & Project Manager,0,0,0.99994957447052,5.042552947998047e-05,0.1,1,BERT:bert_class_weighted,Class weight
1567,emscad_11592,JOB CATEGORY : Tech. Support Engineer /IT Help Desk Engineer,IT Help Desk Engineer / Technical Support Engineer,0,0,0.9996659755706787,0.00033402442932128906,0.1,1,BERT:bert_class_weighted,Class weight
1568,emscad_11598,ding* is the world’s largest top-up provider. Created to help people working abroad to support and keep in touch with lo,Fraud Executive,0,0,0.9999271631240845,7.283687591552734e-05,0.1,1,BERT:bert_class_weighted,Class weight
1569,emscad_11599,EROAD was established to modernise New Zealand’s paper-based RUC regime and in 2009 launched the world’s first GPS/cellu,Customer Care Consultant,0,0,0.9999452233314514,5.4776668548583984e-05,0.1,1,BERT:bert_class_weighted,Class weight
1570,emscad_11615,Role: Manager--Information Technology Audit Specialist Location: Chicago IL Term: Full time/Permanent position Direct Cl,IT Audit Manager,0,0,0.9998794794082642,0.00012052059173583984,0.1,1,BERT:bert_class_weighted,Class weight
1571,emscad_11626,Visual BI is one of the leading and fastest growing firms focusing exclusively on BI & Analytics. Our offerings cover en,SAP BI ANALYST TRAINEE,0,0,0.9999434947967529,5.650520324707031e-05,0.1,1,BERT:bert_class_weighted,Class weight
1572,emscad_11636,"Ryanair is Europe’s favourite low fares airline, operating more than 1,600 daily flights (over 500,000 per year) from 69",Flight Operations Rostering Manager,0,0,0.9999260306358337,7.396936416625977e-05,0.1,1,BERT:bert_class_weighted,Class weight
1573,emscad_11637,Innovative streetwear and clothes you can play with. Soon in a crowdfunding platform near you.,Apparel Business Manager,0,0,0.9999271631240845,7.283687591552734e-05,0.1,1,BERT:bert_class_weighted,Class weight
1574,emscad_11654,WorkSmart is the leading Managed IT Services consulting firm in the Carolinas. We provide small & mid-sized businesses w,New Business Developer,0,0,0.9999508857727051,4.9114227294921875e-05,0.1,1,BERT:bert_class_weighted,Class weight
1575,emscad_11667,We help teachers get safe & secure jobs abroad :),English Teacher Overseas,0,0,0.999897301197052,0.00010269880294799805,0.1,1,BERT:bert_class_weighted,Class weight
1576,emscad_11671,"We’ve built revolutionary technology that is changing the way people get around cities. Using Via, a luxury ride booked ",Marketing Principal,0,0,0.999944806098938,5.519390106201172e-05,0.1,1,BERT:bert_class_weighted,Class weight
1577,emscad_11677,Luxy Hair is a customer-centric hair extensions eCommerce retailer founded in 2010. We’re one of the fastest-growing bea,Global Social Media Marketing Manager,0,0,0.9999324083328247,6.759166717529297e-05,0.1,1,BERT:bert_class_weighted,Class weight
1578,emscad_11682,"Interana is for interactive exploration of event data. With a simple, interactive interface, Interana enables people to ",Product Marketing Manager,0,0,0.9999237060546875,7.62939453125e-05,0.1,1,BERT:bert_class_weighted,Class weight
1579,emscad_11690,LifeStreet is hiring,Media Analyst,0,0,0.9999439120292664,5.608797073364258e-05,0.1,1,BERT:bert_class_weighted,Class weight
1580,emscad_11694,Want to build a 21st century financial service?,Growth Analyst,0,0,0.9998831748962402,0.00011682510375976562,0.1,1,BERT:bert_class_weighted,Class weight
1581,emscad_11700,The Boston Consulting Group ( #URL_45423e1e16703aa4d8ee444d3ad69bb51525f1dad0b3115713cf80dc496299e2# ) has launched a ne,Digital Producer,0,0,0.9999475479125977,5.245208740234375e-05,0.1,1,BERT:bert_class_weighted,Class weight
1582,emscad_11710,"Gymia is creating a new way for people to do sports, find gyms, personal trainers and classes. We want to provide people",Full Stack Developer,0,0,0.9999125003814697,8.749961853027344e-05,0.1,1,BERT:bert_class_weighted,Class weight
1583,emscad_11723,"Todaymade is a fun and growing software and website development company in Bismarck, North Dakota. We offer a creative e",UI/UX Designer,0,0,0.9999377131462097,6.22868537902832e-05,0.1,1,BERT:bert_class_weighted,Class weight
1584,emscad_11730,Only GC and US Citizens should apply,OBIEE Developer,0,0,0.9999020099639893,9.799003601074219e-05,0.1,1,BERT:bert_class_weighted,Class weight
1585,emscad_11740,Jaco Oil and Refined Resources have partnered up in an effort to streamline the hiring process and provide a more effici,UST Testing Technician,1,1,0.0,1.0,0.1,1,BERT:bert_class_weighted,Class weight
1586,emscad_11746,"With over 30 years of experience in the industry, Mercer Foods has been providing superior quality freeze dried foods an",General Labor - Part Time,0,0,0.9999042749404907,9.572505950927734e-05,0.1,1,BERT:bert_class_weighted,Class weight
1587,emscad_11754,Staffing & Recruiting done right for the Oil & Energy Industry!,Process Engineer,1,1,0.0,1.0,0.1,1,BERT:bert_class_weighted,Class weight
1588,emscad_11769,Aptitude Staffing Solutions has redesigned the recruiting wheel. Our innovative new platform cuts the recruiting time in,Lead Software Engineer - Web,1,1,0.0,1.0,0.1,1,BERT:bert_class_weighted,Class weight
1589,emscad_11779,InVision is a venture-backed startup working to create the world's best design communication and collaboration platform.,Content Marketing Writer / Editor (remote/telecommute),0,0,0.9999485611915588,5.143880844116211e-05,0.1,1,BERT:bert_class_weighted,Class weight
1590,emscad_11780,"Farmigo is a mission-driven startup with a simple, ambitious goal: we want to make local, sustainably produced food more",Paid Media Manager,0,0,0.9999366998672485,6.330013275146484e-05,0.1,1,BERT:bert_class_weighted,Class weight
1591,emscad_11787,"#URL_c59e83e0460115b6817e5222a26b0e0f821ffad0ef2167b473cb66e5e7192142# is the creator of the first ""Everywhere"" social n",Front-end developer,0,0,0.9999324083328247,6.759166717529297e-05,0.1,1,BERT:bert_class_weighted,Class weight
1592,emscad_11796,"WellAware is an oil field communications and software-as-a-service (SaaS) company based in San Antonio, TX that provides",Information Technology Administrator,0,0,0.999873161315918,0.00012683868408203125,0.1,1,BERT:bert_class_weighted,Class weight
1593,emscad_11811,We Provide Full Time Permanent Positions for many medium to large US companies. We are interested in finding/recruiting ,"Mechanical Design Engineer - CAD CAE 3D - Baltimore, MD",0,0,0.99994957447052,5.042552947998047e-05,0.1,1,BERT:bert_class_weighted,Class weight
1594,emscad_11817,"""Play anything on your TV at anytime with the tap of a finger"" - sounds like a lazy man's ambition, doesn't it? Teewe is",Backend Stack Developer Intern,0,0,0.9999475479125977,5.245208740234375e-05,0.1,1,BERT:bert_class_weighted,Class weight
1595,emscad_11827,hello world,System Administrator,0,0,0.9999331831932068,6.681680679321289e-05,0.1,1,BERT:bert_class_weighted,Class weight
1596,emscad_11832,"Mention changes the way you monitor the web. Create keyword-based alerts on your company name, your brand, and your comp",Product Designer,0,0,0.999868631362915,0.00013136863708496094,0.1,1,BERT:bert_class_weighted,Class weight
1597,emscad_11839,"Vaadin is a creative, startup-like company that is developing Vaadin Framework, a modern open source product for buildin",Sales Analyst,0,0,0.9999372363090515,6.276369094848633e-05,0.1,1,BERT:bert_class_weighted,Class weight
1598,emscad_11846,"codebender is an online platform for makers, hobbyists and engineers. In other words, an online IDE and community for Ar",Frontend Web Developer,0,0,0.9999313354492188,6.866455078125e-05,0.1,1,BERT:bert_class_weighted,Class weight
1599,emscad_11850,"Optimy is a fast-growing company that develops and sells a unique solution (as a SaaS web- application) for sponsorship,",Native French speaking Account Manager,0,0,0.9999485611915588,5.143880844116211e-05,0.1,1,BERT:bert_class_weighted,Class weight
1600,emscad_11853,tizU is a free iphone app that allows you to send hidden messages to your friends.,iOS Developer,0,0,0.9999209642410278,7.903575897216797e-05,0.1,1,BERT:bert_class_weighted,Class weight
1601,emscad_11855,"Based in the South of England, Sentios Technology provides managed kiosk solutions and service delivery for end users an",Sales Coordinator,0,0,0.9999485611915588,5.143880844116211e-05,0.1,1,BERT:bert_class_weighted,Class weight
1602,emscad_11859,Our team is carefully balanced with the best specialists in the healthcare market and experts in web development and use,PHP Developer (PHP Ninja!),0,0,0.9999456405639648,5.435943603515625e-05,0.1,1,BERT:bert_class_weighted,Class weight
1603,emscad_11870,Making Quality Metrics Actionable,Experienced Sales Lead,0,0,0.9999381899833679,6.181001663208008e-05,0.1,1,BERT:bert_class_weighted,Class weight
1604,emscad_11874,"Populist Cleaning Co. is an independently owned, full-service commercial cleaning company. Populist has been providing j",Part Time Cleaner- Chelsea/Dexter,0,0,0.999943733215332,5.626678466796875e-05,0.1,1,BERT:bert_class_weighted,Class weight
1605,emscad_11880,"SpotSource Solutions LLC is a Global Human Capital Management Consulting firm headquartered in Miami, Florida. Founded i",Sales,0,0,0.9999479651451111,5.2034854888916016e-05,0.1,1,BERT:bert_class_weighted,Class weight
1606,emscad_11881,Mission Statement,Community Liaison/Director of Patient Relations,0,0,0.9999215602874756,7.843971252441406e-05,0.1,1,BERT:bert_class_weighted,Class weight
1607,emscad_11891,"Adform is the best resourced European display ad tech company, with around 370 people in 15 European countries and US. W",Scrum Master,0,0,0.9999426007270813,5.739927291870117e-05,0.1,1,BERT:bert_class_weighted,Class weight
1608,emscad_11893,The Beans Group is a media company that exists to empower young people to thrive. We have been on an exponential growth ,Freelance Writer,0,0,0.9999331831932068,6.681680679321289e-05,0.1,1,BERT:bert_class_weighted,Class weight
1609,emscad_11894,"-Under the supervision of the Assistant Manager, plan, schedule coordinate and supervise harvest operations and all tran",Junior Specialist - Seed Production and Harvest,0,0,0.9998118877410889,0.0001881122589111328,0.1,1,BERT:bert_class_weighted,Class weight
1610,emscad_11914,Visual BI is one of the leading and fastest growing firms focusing exclusively on BI & Analytics. Our offerings cover en,"Head of Delivery, SAP BI & Analytics",0,0,0.9999497532844543,5.02467155456543e-05,0.1,1,BERT:bert_class_weighted,Class weight
1611,emscad_11915,World Ship One is an international shipping service. We offer a scale of solutions that allow clients to shop from the U,Online Auction Manager,0,0,0.9999326467514038,6.73532485961914e-05,0.1,1,BERT:bert_class_weighted,Class weight
1612,emscad_11921,The OneReach team is comprised of a diverse group of wonderful people from all walks of life. We’re currently hiring for,.NET Developer,0,0,0.9999315738677979,6.842613220214844e-05,0.1,1,BERT:bert_class_weighted,Class weight
1613,emscad_11926,i-Recruit LLC is one of the leading full service recruitment solutions company. We offer a wide range of recruitment sol,Sr. Network Engineer,0,0,0.999887228012085,0.00011277198791503906,0.1,1,BERT:bert_class_weighted,Class weight
1614,emscad_11933,"Keycafe is the leading key exchange solution for Airbnb hosts, property managers and real estate agents. We have over 10",Senior Software Engineer,0,0,0.9999505281448364,4.947185516357422e-05,0.1,1,BERT:bert_class_weighted,Class weight
1615,emscad_11939,"Valor Services provides Workforce Solutions that meet the needs of companies across the Private Sector, with a special f",DOT Manager,0,0,0.9999497532844543,5.02467155456543e-05,0.1,1,BERT:bert_class_weighted,Class weight
1616,emscad_11940,Role: Oracle Financial Functional Consultant,Oracle Financial Functional Consultant || Richmond VA || Full Time ||,0,1,0.0,1.0,0.1,0,BERT:bert_class_weighted,Class weight
1617,emscad_11945,"#URL_eda2500ddcedb60957fcd7f5b164e092966f8c4e8fb89ce70a16bea1545a297d# , an up and coming social media company, is seeki","VP, Sales and Sponsorship (Social Media Start Up!)",0,0,0.9999184608459473,8.153915405273438e-05,0.1,1,BERT:bert_class_weighted,Class weight
1618,emscad_11954,We believe cities are complicated. And your mobile device should save you from the everyday challenges of living in them,Infrastructure/ Data Engineer,0,0,0.9999445676803589,5.543231964111328e-05,0.1,1,BERT:bert_class_weighted,Class weight
1619,emscad_11958,"NLCollect is a full-service platform for sports clubs and other organizations handling invoicing, billing, reminding and",Medewerker Klantenservice,0,0,0.9999369978904724,6.300210952758789e-05,0.1,1,BERT:bert_class_weighted,Class weight
1620,emscad_11967,"It's not about what brands say. It's what they do that matters. People are no longer satisfied with simply ""hearing"" a b",Account Manager,0,0,0.9999321103096008,6.788969039916992e-05,0.1,1,BERT:bert_class_weighted,Class weight
1621,emscad_11978,We are an innovative personnel-sourcing firm with solid team strength in recruiting candidates for various domains in th,"Senior Counsel Job opportunity at California,Santa Rosa",0,0,0.9999274611473083,7.253885269165039e-05,0.1,1,BERT:bert_class_weighted,Class weight
1622,emscad_11985,EROAD was established to modernise New Zealand’s paper-based RUC regime and in 2009 launched the world’s first GPS/cellu,Customer Order Specialist,0,0,0.9999432563781738,5.6743621826171875e-05,0.1,1,BERT:bert_class_weighted,Class weight
1623,emscad_11987,We Help Create Communities that Withstand the Test of Time,Association Manager,0,0,0.9999212622642517,7.873773574829102e-05,0.1,1,BERT:bert_class_weighted,Class weight
1624,emscad_11998,Marketing Manager UK,Marketing Manager UK,0,0,0.9999271631240845,7.283687591552734e-05,0.1,1,BERT:bert_class_weighted,Class weight
1625,emscad_12011,MaxPlayTM is a cross-platform digital publishing company focused on revolutionizing the games as a service market. You p,Technical Designer,0,0,0.9999439120292664,5.608797073364258e-05,0.1,1,BERT:bert_class_weighted,Class weight
1626,emscad_12021,Ready to let your star shine? Discover the career you’ve been dreaming about at AvaStars where...,TEMPLATE - Technology Operations Manager,0,0,0.9999354481697083,6.455183029174805e-05,0.1,1,BERT:bert_class_weighted,Class weight
1627,emscad_12025,"We're changing how the world creates and publishes content. Even crazier, we're doing it from North Dakota. It's going t",UI/UX Designer,0,0,0.9999518394470215,4.8160552978515625e-05,0.1,1,BERT:bert_class_weighted,Class weight
1628,emscad_12026,Airenvy’s mission is to provide lucrative yet hassle free full service short term property management all around the wor,Full Stack Rails Engineer,0,0,0.9999369978904724,6.300210952758789e-05,0.1,1,BERT:bert_class_weighted,Class weight
1629,emscad_12028,"With an exceptional record of over 50% growth in each of the last 5 years, we’ve become the UK’s largest online retailer",Web Product Content Editor,0,0,0.9999068379402161,9.316205978393555e-05,0.1,1,BERT:bert_class_weighted,Class weight
1630,emscad_12040,"We design, build, sell, and service the most innovative operations management technology in the world.",Cold Call Applicants,0,0,0.9998681545257568,0.00013184547424316406,0.1,1,BERT:bert_class_weighted,Class weight
1631,emscad_12043,Job Description:,Business Development Executive- Bidding,0,0,0.9997315406799316,0.0002684593200683594,0.1,1,BERT:bert_class_weighted,Class weight
1632,emscad_12045,"Planning Center Online has been making revolutionary applications for churches since 2006. Our premier product, Planning",Front End Designer,0,0,0.999947726726532,5.227327346801758e-05,0.1,1,BERT:bert_class_weighted,Class weight
1633,emscad_12049,"We design, build, sell, and service the most innovative operations management technology in the world.",Senior Implementation Specialist,0,0,0.9999381899833679,6.181001663208008e-05,0.1,1,BERT:bert_class_weighted,Class weight
1634,emscad_12056,Visual BI is one of the leading and fastest growing firms focusing exclusively on BI & Analytics. Our offerings cover en,BI Solutions Intern,0,0,0.9999514818191528,4.851818084716797e-05,0.1,1,BERT:bert_class_weighted,Class weight
1635,emscad_12066,Epikinonia is a Consulting Company in Strategic Communications that was established in 1988. The choice of this specific,Marketing & Communication Manager,0,0,0.9999321103096008,6.788969039916992e-05,0.1,1,BERT:bert_class_weighted,Class weight
1636,emscad_12073,Zylun’s mission is to help small and medium size enterprises take advantage of a highly skilled global workforce in a si,WEB DEVELOPER,0,0,0.9999469518661499,5.3048133850097656e-05,0.1,1,BERT:bert_class_weighted,Class weight
1637,emscad_12084,Making Quality Metrics Actionable,Communication / Brand Designer,0,0,0.999934196472168,6.580352783203125e-05,0.1,1,BERT:bert_class_weighted,Class weight
1638,emscad_12087,"QB Medical Inc. is a medical supply distributor located in Chula Vista, CA. Founded in 2005, we now services over 100 go",Marketing Representative,0,0,0.9999268651008606,7.31348991394043e-05,0.1,1,BERT:bert_class_weighted,Class weight
1639,emscad_12088,"Our Client, a fast-growing Dutch company, with 14 offices around the world is looking for a new colleague in their headq",Front-End/C# Developer,0,0,0.9999426007270813,5.739927291870117e-05,0.1,1,BERT:bert_class_weighted,Class weight
1640,emscad_12089,"Namely is the leading end-to-end HR and payroll platform for growing companies. Offerings include human payroll, benefit",Sales Operations Analyst,0,0,0.9999475479125977,5.245208740234375e-05,0.1,1,BERT:bert_class_weighted,Class weight
1641,emscad_12092,GPC Works is a technology startup laboratory : Strategic IP and early stage research & development of innovative venture,Ruby on Rails Developer,0,0,0.9999493360519409,5.066394805908203e-05,0.1,1,BERT:bert_class_weighted,Class weight
1642,emscad_12099,We take the hassle out of finding and booking a cleaner. We are currently in the UK but we have big plans and we want an,Data Analyst,0,0,0.9999042749404907,9.572505950927734e-05,0.1,1,BERT:bert_class_weighted,Class weight
1643,emscad_12104,"Glownet is the UK startup that is revolutionizing the live event experience for promoters, festival goers, caterers and ",Product Manager,0,0,0.9999414682388306,5.8531761169433594e-05,0.1,1,BERT:bert_class_weighted,Class weight
1644,emscad_12109,"Ryanair is Europe’s favourite low fares airline, operating more than 1,600 daily flights (over 500,000 per year) from 69",Market Intelligence Analyst,0,0,0.9999307990074158,6.920099258422852e-05,0.1,1,BERT:bert_class_weighted,Class weight
1645,emscad_12117,"Carlyle Financial is a mortgage bank based in Beverly Hills, CA offering a full range of home loan products. We concentr",Mortgage Processor - Transaction Coordinator - Loan Assistant,0,0,0.9998601675033569,0.0001398324966430664,0.1,1,BERT:bert_class_weighted,Class weight
1646,emscad_12128,"Babbel enables anyone to learn languages in an easy and interactive way. The learning system offers 13 languages, from E",Senior Public Relations Manager,0,0,0.9999277591705322,7.224082946777344e-05,0.1,1,BERT:bert_class_weighted,Class weight
1647,emscad_12129,Alert Logic offers Security-as-a-Service in the cloud — a platform of fully managed products and services to keep your d,Partner Platform Manager (Amazon Web Services),0,0,0.9999481439590454,5.1856040954589844e-05,0.1,1,BERT:bert_class_weighted,Class weight
1648,emscad_12151,Manage work flow of all Sourcing and Product Development on a seasonal basis. Strategize with SVP of Development/Product,Product Development/Production Sourcing Manager,0,0,0.9993243217468262,0.0006756782531738281,0.1,1,BERT:bert_class_weighted,Class weight
1649,emscad_12158,We Provide Full Time Permanent Positions for many medium to large US companies. We are interested in finding/recruiting ,Network Administrator-Terminal Services,0,0,0.9999412298202515,5.8770179748535156e-05,0.1,1,BERT:bert_class_weighted,Class weight
1650,emscad_12162,"Hi, we are dopios",City Manager Istanbul (Part-time),0,0,0.99990314245224,9.685754776000977e-05,0.1,1,BERT:bert_class_weighted,Class weight
1651,emscad_12170,The best word to describe PCP’s culture is PRIDE. Pride in our company. Pride in our job. And pride in our relationships,File Clerk,0,0,0.9999393820762634,6.0617923736572266e-05,0.1,1,BERT:bert_class_weighted,Class weight
1652,emscad_12173,We Provide Full Time Permanent Positions for many medium to large US companies. We are interested in finding/recruiting ,Firmware Engineer - C# Visual Basic ASM SQL - FL,0,0,0.9999439120292664,5.608797073364258e-05,0.1,1,BERT:bert_class_weighted,Class weight
1653,emscad_12175,"Although AssistRx was formed in only 2009, we have capitalized on our 30 years of combined experience working within the",Web/PHP Developer,0,0,0.999943733215332,5.626678466796875e-05,0.1,1,BERT:bert_class_weighted,Class weight
1654,emscad_12178,"Urban Robotics Inc. provides cutting edge software and hardware solutions for Intelligence, Surveillance and Reconnaissa",Field Service Representative,0,0,0.9986591339111328,0.0013408660888671875,0.1,1,BERT:bert_class_weighted,Class weight
1655,emscad_12180,"OB SUMMARY: Manages inspection activities in home facility, and controls inspection articles and materials to comply wit",Plant Quality Manager,0,0,0.9990072250366211,0.0009927749633789062,0.1,1,BERT:bert_class_weighted,Class weight
1656,emscad_12200,Qualifications and Requirements:,Mechanical Engineer,0,0,0.9990472793579102,0.0009527206420898438,0.1,1,BERT:bert_class_weighted,Class weight
1657,emscad_12207,"DICE gets fans the best tickets at face value with No Booking Fees. We're based in Shoreditch, London and 100% mobile so",Community Manager (Clubs),0,0,0.9999200105667114,7.998943328857422e-05,0.1,1,BERT:bert_class_weighted,Class weight
1658,emscad_12217,"Social Care Alba is the highest graded Care at Home Company in the country. We hold awards in Investors in People, Healt",Personal Care Assistant,0,0,0.9999419450759888,5.805492401123047e-05,0.1,1,BERT:bert_class_weighted,Class weight
1659,emscad_12218,"Real Ventures is Canada’s largest seed stage venture fund, we’re building a network of talented makers that have a burni",John's Talent Network,0,0,0.9999374747276306,6.252527236938477e-05,0.1,1,BERT:bert_class_weighted,Class weight
1660,emscad_12220,Neurocom is a software house providing services and solutions to the telecommunications sector in Greece and abroad.,Database Developer,0,0,0.9999282956123352,7.170438766479492e-05,0.1,1,BERT:bert_class_weighted,Class weight
1661,emscad_12221,About From the Farmer,Director of Operations,0,0,0.9999441504478455,5.5849552154541016e-05,0.1,1,BERT:bert_class_weighted,Class weight
1662,emscad_12226,"Shapeways is the leading 3D printing marketplace and community, empowering designers to bring amazing products to life. ",Industrial Engineer,0,0,0.9999266266822815,7.337331771850586e-05,0.1,1,BERT:bert_class_weighted,Class weight
1663,emscad_12232,Aflac At A Glance,Insurance Benefits Sales Consultant,0,0,0.9999138712882996,8.612871170043945e-05,0.1,1,BERT:bert_class_weighted,Class weight
1664,emscad_12236,"Crossroads Treatment Centers is a nationally-accredited, medication-assisted, out-patient program that delivers fast, ef",Pharmacy Technician (NW Georgia Center),0,0,0.9999503493309021,4.965066909790039e-05,0.1,1,BERT:bert_class_weighted,Class weight
1665,emscad_12250,"We experiment with new digital products, retail experiences and business models at M&S.com",Frontend Developer [M&S Labs],0,0,0.999946117401123,5.3882598876953125e-05,0.1,1,BERT:bert_class_weighted,Class weight
1666,emscad_12254,Java Developer at,java developer,0,0,0.9997704029083252,0.0002295970916748047,0.1,1,BERT:bert_class_weighted,Class weight
1667,emscad_12259,"Marketing Evolution is a place where innovative marketing minds, advanced data science, and visionary technology meet. W","Analyst, Client Services",0,0,0.999934196472168,6.580352783203125e-05,0.1,1,BERT:bert_class_weighted,Class weight
1668,emscad_12266,"Babbel enables anyone to learn languages in an easy and interactive way. The learning system offers 13 languages, from E",Freelance Customer Service Agent for Italian (m/f),0,0,0.9999318718910217,6.812810897827148e-05,0.1,1,BERT:bert_class_weighted,Class weight
1669,emscad_12267,Playfair Capital is an early stage technology investment fund based in London.,Marketing Internship,0,0,0.9999369978904724,6.300210952758789e-05,0.1,1,BERT:bert_class_weighted,Class weight
1670,emscad_12274,"WillDom is a top notch IT Outsourcing Business Ecosystem, where each member contributes in creating world class value. W",Senior Database Engineer,0,0,0.9999310374259949,6.896257400512695e-05,0.1,1,BERT:bert_class_weighted,Class weight
1671,emscad_12302,"Piece & Co. sources custom, artisan-made products and accessories for some of the world's top fashion and retail brands.",Sales Director,0,0,0.9999227523803711,7.724761962890625e-05,0.1,1,BERT:bert_class_weighted,Class weight
1672,emscad_12305,About the Company,Android Engineer,0,0,0.9999421834945679,5.7816505432128906e-05,0.1,1,BERT:bert_class_weighted,Class weight
1673,emscad_12308,PGI is a fast growing organic herb/spice/botanicals importing and production company that utilizes extensive food safety,Organic Herbs & Spices - Shipping/Production positions (incl Managers),0,0,0.9999181032180786,8.189678192138672e-05,0.1,1,BERT:bert_class_weighted,Class weight
1674,emscad_12316,"Namely is the leading end-to-end HR and payroll platform for growing companies. Offerings include human payroll, benefit",Quality Assurance (QA) Engineer,0,0,0.9999462962150574,5.370378494262695e-05,0.1,1,BERT:bert_class_weighted,Class weight
1675,emscad_12346,"Flight pricing is highly complex and opaque, so travelers often don't have the information they need to get the best dea",Software Engineer,0,0,0.9999328851699829,6.711483001708984e-05,0.1,1,BERT:bert_class_weighted,Class weight
1676,emscad_12352,"Business Intelligence Applications – Analysis, development, design and testing:",Business Intelligence Developer - Analyst,0,0,0.999925434589386,7.456541061401367e-05,0.1,1,BERT:bert_class_weighted,Class weight
1677,emscad_12359,Shirley Parsons LLC is a specialist recruitment consultancy working within the Environmental and Health & Safety markets,EHS Manager,0,0,0.9999443888664246,5.561113357543945e-05,0.1,1,BERT:bert_class_weighted,Class weight
1678,emscad_12363,"Hi, we are dopios",Growth Marketing Manager,0,0,0.999925434589386,7.456541061401367e-05,0.1,1,BERT:bert_class_weighted,Class weight
1679,emscad_12365,The story of the Great Chicago Fire of 1871 isn’t really about the fire. It’s about what happened next: A remarkable mom,Lead Rails Engineer - Telnyx (Techstars),0,0,0.9999389052391052,6.109476089477539e-05,0.1,1,BERT:bert_class_weighted,Class weight
1680,emscad_12373,"Equinix is the leading global interconnection platform, accelerating business performance by connecting companies to the",Senior Network Management Engineer,0,0,0.9999430775642395,5.692243576049805e-05,0.1,1,BERT:bert_class_weighted,Class weight
1681,emscad_12375,Want to make a real impact in the lives of people afflicted with memory loss? Prelude Homes and Services is looking for ,Caregiver,0,0,0.9999430775642395,5.692243576049805e-05,0.1,1,BERT:bert_class_weighted,Class weight
1682,emscad_12379,Established on the principles that full time education is not for everyone Spectrum Learning is made up of a team of pas,Elland Administrator Apprenticeship Under NAS 16-18 Year Olds Only,0,0,0.9999465346336365,5.346536636352539e-05,0.1,1,BERT:bert_class_weighted,Class weight
1683,emscad_12389,"ABC Supply Co., Inc. is the nation’s largest wholesale distributor of roofing and one of the largest distributors of sid",Outside Sales Professional-Herculaneum,0,0,0.999919056892395,8.094310760498047e-05,0.1,1,BERT:bert_class_weighted,Class weight
1684,emscad_12392,"Born out of the leanest of lean methodology, ParcelBright has grown exponentially in a really short space of time. We ar",Senior Software Engineer,0,0,0.9999443888664246,5.561113357543945e-05,0.1,1,BERT:bert_class_weighted,Class weight
1685,emscad_12401,Position: Oracle EBS Consultant,Oracle EBS Consultant,0,0,0.9992251396179199,0.0007748603820800781,0.1,1,BERT:bert_class_weighted,Class weight
1686,emscad_12415,"Working in over 60 countries and 30 languages, Autotorq is one of the world’s leading digital automotive agencies.",Want to work at autotorq.com?,0,0,0.9999421834945679,5.7816505432128906e-05,0.1,1,BERT:bert_class_weighted,Class weight
1687,emscad_12423,"JOB DESCRIPTION Cook Job Requirements: *Responsible for the timely, accurate production of assigned hot and cold foods, ",Full Time Baker Server,0,0,0.9996402263641357,0.0003597736358642578,0.1,1,BERT:bert_class_weighted,Class weight
1688,emscad_12424,The Beans Group is a media company that exists to empower young people to thrive. We have been on an exponential growth ,Junior Software Engineer,0,0,0.999934196472168,6.580352783203125e-05,0.1,1,BERT:bert_class_weighted,Class weight
1689,emscad_12429,"Aquira help businesses sell more. Lots more. We do this through a range of tailored direct marketing services, high qual",Sales Advisor (outbound) 32k OTE,0,0,0.9999240040779114,7.599592208862305e-05,0.1,1,BERT:bert_class_weighted,Class weight
1690,emscad_12439,ConsumerTrack is a technology-centric internet marketing company built on a culture of excellence. We are the preferred ,Managing Editor - Online Publication,0,0,0.9999354481697083,6.455183029174805e-05,0.1,1,BERT:bert_class_weighted,Class weight
1691,emscad_12444,"Based in San Francisco with a development office in Budapest, Hungary, Secret Sauce Partners enables the world's largest",Senior System Administrator,0,0,0.9999526143074036,4.738569259643555e-05,0.1,1,BERT:bert_class_weighted,Class weight
1692,emscad_12456,We Provide Full Time Permanent Positions for many medium to large US companies. We are interested in finding/recruiting ,Environmental Engineer - Knowledge of Environmental law - TX,0,0,0.9999475479125977,5.245208740234375e-05,0.1,1,BERT:bert_class_weighted,Class weight
1693,emscad_12460,"Marketing, Design & Development Agency based in Toronto, Canada",PHP/LARAVEL DEVELOPER,0,0,0.9999443888664246,5.561113357543945e-05,0.1,1,BERT:bert_class_weighted,Class weight
1694,emscad_12482,DEEP Inc. is an interactive media production company that focuses on storytelling in film & new media. Check us out here,Social Media Manager,0,0,0.9999412298202515,5.8770179748535156e-05,0.1,1,BERT:bert_class_weighted,Class weight
1695,emscad_12491,Our History,Light Duty Driver,0,0,0.9999257326126099,7.426738739013672e-05,0.1,1,BERT:bert_class_weighted,Class weight
1696,emscad_12508,Hawkeye Recruitment provides cost effective recruitment advertising solutions to help you cast the widest net to find th,Truck Driver - CDL Truck Driver - Truck Driving Jobs,0,0,0.9999328851699829,6.711483001708984e-05,0.1,1,BERT:bert_class_weighted,Class weight
1697,emscad_12510,ding* is the world’s largest top-up provider. Created to help people working abroad to support and keep in touch with lo,.Net Extraordinaire,0,0,0.9999104142189026,8.958578109741211e-05,0.1,1,BERT:bert_class_weighted,Class weight
1698,emscad_12511,"Neverbland is a team of designers, developers and doers. Specialists in user experience, interaction design and product ",Design Intern,0,0,0.9999374747276306,6.252527236938477e-05,0.1,1,BERT:bert_class_weighted,Class weight
1699,emscad_12513,Truckbird is a startup company aiming to disrupt the transportation of goods industry. By partnering with PLANNING S.A. ,Front-End Developer,0,0,0.999940812587738,5.918741226196289e-05,0.1,1,BERT:bert_class_weighted,Class weight
1700,emscad_12523,"Cleanly is the easiest way to get laundry done. At the tap of a button, users can schedule an order and have a Cleanly V",Fulfillment Operations Associate,0,0,0.99993497133255,6.502866744995117e-05,0.1,1,BERT:bert_class_weighted,Class weight
1701,emscad_12537,Hawkeye Recruitment provides cost effective recruitment advertising solutions to help you cast the widest net to find th,TV Satellite Dish Installer,0,0,0.9999405741691589,5.942583084106445e-05,0.1,1,BERT:bert_class_weighted,Class weight
1702,emscad_12539,Hawkeye Recruitment provides cost effective recruitment advertising solutions to help you cast the widest net to find th,Plumber,0,0,0.9999181032180786,8.189678192138672e-05,0.1,1,BERT:bert_class_weighted,Class weight
1703,emscad_12554,"Committed and enthusiastic, you'll work as part of a team providing a high standard of care and support including specia",Child Care Worker,0,0,0.9998956918716431,0.0001043081283569336,0.1,1,BERT:bert_class_weighted,Class weight
1704,emscad_12557,Established on the principles that full time education is not for everyone Spectrum Learning is made up of a team of pas,Dewsbury Business Admin Apprenticeship Under NAS 16-18 Year Olds Only,0,0,0.9999475479125977,5.245208740234375e-05,0.1,1,BERT:bert_class_weighted,Class weight
1705,emscad_12564,Job Description: Primary job responsibilities are provide support for all company based customers within the area. Focus,Customer Service Technical Support/Help Desk II,0,0,0.9997107982635498,0.0002892017364501953,0.1,1,BERT:bert_class_weighted,Class weight
1706,emscad_12591,We Provide Full Time Permanent Positions for many medium to large US companies. We are interested in finding/recruiting ,Process Engineer - Environmental laws - TX,0,0,0.9999481439590454,5.1856040954589844e-05,0.1,1,BERT:bert_class_weighted,Class weight
1707,emscad_12592,"ABC Supply Co., Inc. is the nation’s largest wholesale distributor of roofing and one of the largest distributors of sid",Outside Sales Professional-Hartland,0,0,0.9999321103096008,6.788969039916992e-05,0.1,1,BERT:bert_class_weighted,Class weight
1708,emscad_12594,"We founded this company on the principle that great employees deserved great workplaces, Wellnext creates technology to ",Web/SharePoint Developer,0,0,0.9999507069587708,4.929304122924805e-05,0.1,1,BERT:bert_class_weighted,Class weight
1709,emscad_12596,"At LendInvest fundamentally changing the way people think about their savings, investments and how you get a mortgage. W",Marketing // Brand Manager,0,0,0.999938428401947,6.157159805297852e-05,0.1,1,BERT:bert_class_weighted,Class weight
1710,emscad_12611,"Local Projects is a media design firm for museums and public spaces. While innovation drives much of today’s design, we’",Graphic Designer,0,0,0.9999054074287415,9.459257125854492e-05,0.1,1,BERT:bert_class_weighted,Class weight
1711,emscad_12624,#URL_73cd1d86897d9c7b653551bab4d3554986c583bd9228d2ca840002eaa46e3163# is a cloud infrastructure services provider and i,Director of Demand Generation,0,0,0.999929666519165,7.033348083496094e-05,0.1,1,BERT:bert_class_weighted,Class weight
1712,emscad_12630,"We are Netguru and we love to develop web application based on Ruby On Rails framework. We value quality, transparent co",Project Manager,0,0,0.9999450445175171,5.4955482482910156e-05,0.1,1,BERT:bert_class_weighted,Class weight
1713,emscad_12655,"Recombine provides clinical genetic testing. CarrierMap, the first product created at Recombine, is the most comprehensi",Director of Managed Care,0,0,0.9999497532844543,5.02467155456543e-05,0.1,1,BERT:bert_class_weighted,Class weight
1714,emscad_12661,47Billion is a Product engineering and Experience design company that delivers state-of-the-art solutions. We provide en,Software Engineer,0,0,0.999944806098938,5.519390106201172e-05,0.1,1,BERT:bert_class_weighted,Class weight
1715,emscad_12665,Kettle is an independent digital agency based in New York City and the Bay Area. We’re committed to making digital do mo,Visual Designer (SF),0,0,0.999929666519165,7.033348083496094e-05,0.1,1,BERT:bert_class_weighted,Class weight
1716,emscad_12672,"Voyageur is one of Ontario's leading transportation companies, serving Southwestern and Central Ontario for over 34 year","School Bus Driver - Kitchener-Waterloo, Wellington County",0,0,0.9999489784240723,5.1021575927734375e-05,0.1,1,BERT:bert_class_weighted,Class weight
1717,emscad_12675,"Red Star Yeast Company LLC (RSYC), a leader in the Yeast Manufacturing Industry, is a joint venture between Lesaffre Yea",Process Engineer,0,0,0.9999242424964905,7.575750350952148e-05,0.1,1,BERT:bert_class_weighted,Class weight
1718,emscad_12684,"Social Care Alba is the highest graded Care at Home Company in the country. We hold awards in Investors in People, Healt",Personal Care Assistant,0,0,0.9999417066574097,5.829334259033203e-05,0.1,1,BERT:bert_class_weighted,Class weight
1719,emscad_12685,Visual BI is one of the leading and fastest growing firms focusing exclusively on BI & Analytics. Our offerings cover en,SAP BI Program / Delivery Manager,0,0,0.9999430775642395,5.692243576049805e-05,0.1,1,BERT:bert_class_weighted,Class weight
1720,emscad_12714,Want to build a 21st century financial service?,CUSTOMER SUPPORT ASSOCIATE - GERMAN,0,0,0.9999071955680847,9.28044319152832e-05,0.1,1,BERT:bert_class_weighted,Class weight
1721,emscad_12721,Roland & Associates is a Corporate Recruitment Organization providing solutions to Global MNC’s for the past 12 years.,Sr.SQL Server DBA,0,0,0.9999423623085022,5.7637691497802734e-05,0.1,1,BERT:bert_class_weighted,Class weight
1722,emscad_12730,"Social Care Alba is the highest graded Care at Home Company in the country. We hold awards in Investors in People, Healt",Home Carer (Personal Assistant),0,0,0.9999423623085022,5.7637691497802734e-05,0.1,1,BERT:bert_class_weighted,Class weight
1723,emscad_12748,Lesaffre Yeast Corporation is a French privately owned company that has been the worldwide leader in yeast manufacturing,Customer Account Coordinator,0,0,0.9998863339424133,0.00011366605758666992,0.1,1,BERT:bert_class_weighted,Class weight
1724,emscad_12751,"Advocate Construction is an up and coming leader in the disaster recovery industry, In early 2012, Advocate was founded ",Entry Level Sales and Marketing Rep - St. Louis Area,0,0,0.9998948574066162,0.00010514259338378906,0.1,1,BERT:bert_class_weighted,Class weight
1725,emscad_12752,Software Engineer,"Software Engineer, Digital",0,0,0.9999224543571472,7.75456428527832e-05,0.1,1,BERT:bert_class_weighted,Class weight
1726,emscad_12768,Established on the principles that full time education is not for everyone Spectrum Learning is made up of a team of pas,Altens Aberdeen Driving Goods Vehicle Apprenticeship Under NAS 18 Year Olds Only,0,0,0.9999473094940186,5.269050598144531e-05,0.1,1,BERT:bert_class_weighted,Class weight
1727,emscad_12773,Take Out Brands is a food franchise business with a #URL_4524df5c91ce800c4ba16ef1406d622db7d51d37105a7fcee27521e61854615,Store Manager - Papa John's Pizza,0,0,0.9999369978904724,6.300210952758789e-05,0.1,1,BERT:bert_class_weighted,Class weight
1728,emscad_12788,Maker’s Row is an online marketplace that connects American manufacturers and product based businesses. Our mission is t,Software Engineer,0,0,0.9999405741691589,5.942583084106445e-05,0.1,1,BERT:bert_class_weighted,Class weight
1729,emscad_12810,"As augmented reality jobs go, one at Blippar is hard to beat. We are a rapidly expanding creative startup at the forefro",Creative Technologist,0,0,0.9999400973320007,5.990266799926758e-05,0.1,1,BERT:bert_class_weighted,Class weight
1730,emscad_12827,"Even though we’ve been industry leaders for years, we’ve never lost sight of our primary goal: to serve and protect our ","Life Insurance Agent - Phoenix, AZ",0,0,0.9999344348907471,6.556510925292969e-05,0.1,1,BERT:bert_class_weighted,Class weight
1731,emscad_12834,"""Only stupid questions create wealth"" - Gary Hamel A successful business needs stupid questions and great design. We do ",Web Designer / Front End Developer,0,0,0.9999161958694458,8.380413055419922e-05,0.1,1,BERT:bert_class_weighted,Class weight
1732,emscad_12835,"Founded by serial entrepreneur Clive Jackson and launched in 2011, Victor is one of the world’s most trusted names in pr",Junior developer,0,0,0.9999328851699829,6.711483001708984e-05,0.1,1,BERT:bert_class_weighted,Class weight
1733,emscad_12839,Outstanding Member Service Starts With Outstanding People,Branch Associate,0,0,0.9998458623886108,0.00015413761138916016,0.1,1,BERT:bert_class_weighted,Class weight
1734,emscad_12850,PICS is hiring dependable team members and leaders to conduct inventory of local grocery and retail locations. Inventori,Inventory Taker 11/hr to start,0,0,0.9998161792755127,0.0001838207244873047,0.1,1,BERT:bert_class_weighted,Class weight
1735,emscad_12856,Position Title: Systems Engineer V,Oracle Siebel CRM Consultant,0,0,0.9995424747467041,0.00045752525329589844,0.1,1,BERT:bert_class_weighted,Class weight
1736,emscad_12869,Established on the principles that full time education is not for everyone Spectrum Learning is made up of a team of pas,Beauty & Fragrance consultants,0,0,0.9999491572380066,5.08427619934082e-05,0.1,1,BERT:bert_class_weighted,Class weight
1737,emscad_12871,Our Mission,Sr. Software Solution Architect,0,0,0.9999328851699829,6.711483001708984e-05,0.1,1,BERT:bert_class_weighted,Class weight
1738,emscad_12879,At the core of IT’s challenges is a perennial cycle where the majority of budgets are consumed maintaining existing syst,Office Administrator,0,0,0.9998500347137451,0.0001499652862548828,0.1,1,BERT:bert_class_weighted,Class weight
1739,emscad_12885,"WDM Group is an innovative, forward thinking digital company aimed at bringing business executives up-to-date with the l",List Qualification Specialist,0,0,0.9998980760574341,0.00010192394256591797,0.1,1,BERT:bert_class_weighted,Class weight
1740,emscad_12886,"Depop is an exciting new mobile marketplace where you can sell things by simply taking a picture, as well as follow your",Senior Software Engineer,0,0,0.9999462962150574,5.370378494262695e-05,0.1,1,BERT:bert_class_weighted,Class weight
1741,emscad_12907,Job Title: Sr. Network Engineer,Sr. Network Engineer,0,0,0.9979133605957031,0.002086639404296875,0.1,1,BERT:bert_class_weighted,Class weight
1742,emscad_12908,We are looking for a talented Product Designer to join our team in San Francisco.,Mobile UX/UI Designer,0,0,0.9999362230300903,6.377696990966797e-05,0.1,1,BERT:bert_class_weighted,Class weight
1743,emscad_12909,"Glossifly is Hiring! Glossifly is looking for Exceptionally Qualified Makeup Artists, Hair Stylists, Estheticians, and M","Make $32/hr to $88/hr All Professional Makeup Artists, Hair Stylists, Estheticians, and Massage Therapists",0,0,0.9998831748962402,0.00011682510375976562,0.1,1,BERT:bert_class_weighted,Class weight
1744,emscad_12919,"#URL_25e85371e7108e279a4b25d6e965889a44917879b7b587c905714ef30f933cb8# is a young, growing e-commerce company with our e",Service Team Leader,0,0,0.9999469518661499,5.3048133850097656e-05,0.1,1,BERT:bert_class_weighted,Class weight
1745,emscad_12926,"Founded in 2009 by early LinkedIn employees, PeopleLinx gamifies employee engagement for LinkedIn, Twitter and other soc",Support/QA Developer,0,0,0.9999328851699829,6.711483001708984e-05,0.1,1,BERT:bert_class_weighted,Class weight
1746,emscad_12930,Take Out Brands is a food franchise business with a #URL_4524df5c91ce800c4ba16ef1406d622db7d51d37105a7fcee27521e61854615,Store Manager - Papa John's Pizza,0,0,0.9999369978904724,6.300210952758789e-05,0.1,1,BERT:bert_class_weighted,Class weight
1747,emscad_12937,Moxie Labs is a venture-backed startup making cloud-based recruitment software for fast-growing companies around the wor,Java developer,0,0,0.9999439120292664,5.608797073364258e-05,0.1,1,BERT:bert_class_weighted,Class weight
1748,emscad_12939,The Technical Team and offering at VML London has a very strong heritage dating back to the mid-nineties when the London,Account Manager - Luxury Car Brand,0,0,0.9999237060546875,7.62939453125e-05,0.1,1,BERT:bert_class_weighted,Class weight
1749,emscad_12940,Our passion for improving quality of life through geography is at the heart of everything we do. Esri’s geographic infor,Application Developer - Salesforce,0,0,0.9999400973320007,5.990266799926758e-05,0.1,1,BERT:bert_class_weighted,Class weight
1750,emscad_12950,LKM Search Solutions is an Executive Search Firm that cares about your future. We work hard to find the position that is,Docketing Manager,0,0,0.9999331831932068,6.681680679321289e-05,0.1,1,BERT:bert_class_weighted,Class weight
1751,emscad_12963,The OneReach team is comprised of a diverse group of wonderful people from all walks of life. We’re currently hiring for,Visual Design Intern,0,0,0.9999221563339233,7.784366607666016e-05,0.1,1,BERT:bert_class_weighted,Class weight
1752,emscad_12984,Bluebridge was created by a team of people who are passionate about organizations and the ways that effective technology,Tourism Content Writer - Freelance,0,0,0.9999391436576843,6.085634231567383e-05,0.1,1,BERT:bert_class_weighted,Class weight
1753,emscad_12991,4 yrs experience in sales,Sales manager,0,0,0.9997074604034424,0.0002925395965576172,0.1,1,BERT:bert_class_weighted,Class weight
1754,emscad_12995,Transifex is a SaaS continuous localization platform powering the process of launching products into multiple languages ,Backend Engineer/DevOps,0,0,0.9999452233314514,5.4776668548583984e-05,0.1,1,BERT:bert_class_weighted,Class weight
1755,emscad_12999,Citymart helps cities to transform their communities by strengthening their innovation capacity and sharing inspiring so,Junior Analyst,0,0,0.999933660030365,6.633996963500977e-05,0.1,1,BERT:bert_class_weighted,Class weight
1756,emscad_13001,"Babbel enables anyone to learn languages in an easy and interactive way. The learning system offers 13 languages, from E",Mobile Display Manager,0,0,0.9999260306358337,7.396936416625977e-05,0.1,1,BERT:bert_class_weighted,Class weight
1757,emscad_13008,"Namely is the leading end-to-end HR and payroll platform for growing companies. Offerings include human payroll, benefit",Support Engineer,0,0,0.999945878982544,5.412101745605469e-05,0.1,1,BERT:bert_class_weighted,Class weight
1758,emscad_13012,Outstanding Member Service Starts With Outstanding People,Branch Associate,0,0,0.9998458623886108,0.00015413761138916016,0.1,1,BERT:bert_class_weighted,Class weight
1759,emscad_13014,You will be selling high end travel services to your own clientele within the Argo Platinum department. You will be resp,Independent Travel Agent - payment on commission,0,0,0.9998897910118103,0.00011020898818969727,0.1,1,BERT:bert_class_weighted,Class weight
1760,emscad_13016,"SummaView is een jong bedrijf uit Amersfoort die mensen, kennis en software levert ophet snijvlak van controlling en Bus",OUD 11: SummaView zoekt een Business Controller,0,0,0.999944806098938,5.519390106201172e-05,0.1,1,BERT:bert_class_weighted,Class weight
1761,emscad_13028,"Conversion Factory works with a growing list of European and US clients, boosting their conversion rates and turning mor",Junior Conversion Consultant,0,0,0.9999403357505798,5.9664249420166016e-05,0.1,1,BERT:bert_class_weighted,Class weight
1762,emscad_13033,"As augmented reality jobs go, one at Blippar is hard to beat. We are a rapidly expanding creative startup at the forefro",Marketing Intern,0,0,0.9999423623085022,5.7637691497802734e-05,0.1,1,BERT:bert_class_weighted,Class weight
1763,emscad_13048,We Provide Full Time Permanent Positions for many medium to large US companies. We are interested in finding/recruiting ,IT Security,0,0,0.9999294281005859,7.05718994140625e-05,0.1,1,BERT:bert_class_weighted,Class weight
1764,emscad_13050,MarketInvoice is one of the most high-profile London based fin-tech companies. The Company is Europe’s leading P2P invoi,Credit Analytics Lead,0,0,0.999938428401947,6.157159805297852e-05,0.1,1,BERT:bert_class_weighted,Class weight
1765,emscad_13053,"Offerial is a hospitality technology startup helping hotels improve sales, marketing, customer satisfaction and loyalty ",Software Engineer,0,0,0.9999432563781738,5.6743621826171875e-05,0.1,1,BERT:bert_class_weighted,Class weight
1766,emscad_13058,We Provide Full Time Permanent Positions for many medium to large US companies. We are interested in finding/recruiting ,"Software Architect - C# Java SOA VB TSQL UNIX SQL - Albany, NY",0,0,0.9999426007270813,5.739927291870117e-05,0.1,1,BERT:bert_class_weighted,Class weight
1767,emscad_13063,Red Canary is a computer security startup that provides managed threat detection to alert our customers when their busin,Analyst,0,0,0.9999432563781738,5.6743621826171875e-05,0.1,1,BERT:bert_class_weighted,Class weight
1768,emscad_13073,SilverStripe CMS & Framework is an open source platform of web development tools. The platform is curated by SilverStrip,Marketing Manager,0,0,0.9999454617500305,5.453824996948242e-05,0.1,1,BERT:bert_class_weighted,Class weight
1769,emscad_13081,Magmic is a leading developer and publisher of mobile social games and entertainment. We publish a full range of content,Senior Game Designer,0,0,0.9999481439590454,5.1856040954589844e-05,0.1,1,BERT:bert_class_weighted,Class weight
1770,emscad_13087,Human capital is usually the biggest asset and expense for a company. Making the right hire – the first time – is critic,"Director of ASIC Engineering, SSD's",0,0,0.9999068379402161,9.316205978393555e-05,0.1,1,BERT:bert_class_weighted,Class weight
1771,emscad_13094,Bluebridge was created by a team of people who are passionate about organizations and the ways that effective technology,Mobile Technology Content Writer - Freelance,0,0,0.9999403357505798,5.9664249420166016e-05,0.1,1,BERT:bert_class_weighted,Class weight
1772,emscad_13095,"Establishes, develops and maintains business relationships with current and prospective Customers.",Sales Representative,0,0,0.9983615875244141,0.0016384124755859375,0.1,1,BERT:bert_class_weighted,Class weight
1773,emscad_13107,#URL_e7c9057d5e6f097876436d175031e95669ede4ebaab52b6be0957c837bc98343#,Title Insurance: Commercial Reader-NYC & Long Island,0,0,0.999897301197052,0.00010269880294799805,0.1,1,BERT:bert_class_weighted,Class weight
1774,emscad_13109,At the core of IT’s challenges is a perennial cycle where the majority of budgets are consumed maintaining existing syst,Accounting Specialist,0,0,0.9999158382415771,8.416175842285156e-05,0.1,1,BERT:bert_class_weighted,Class weight
1775,emscad_13112,"Newmedica is a dynamic, innovative UK healthcare company that works in partnership with the NHS to deliver specialist cl","Clinical Optometrists, East Anglia",0,0,0.9999479651451111,5.2034854888916016e-05,0.1,1,BERT:bert_class_weighted,Class weight
1776,emscad_13114,"Act as the primary, often self-directed, inside liaison between the company and assigned customers, increasing sales by ",Sales Support Representative/ $20hr,0,0,0.92633056640625,0.07366943359375,0.1,1,BERT:bert_class_weighted,Class weight
1777,emscad_13122,#URL_73cd1d86897d9c7b653551bab4d3554986c583bd9228d2ca840002eaa46e3163# is a cloud infrastructure services provider and i,Account Executive,0,0,0.9999086260795593,9.137392044067383e-05,0.1,1,BERT:bert_class_weighted,Class weight
1778,emscad_13125,"Social Care Alba is the highest graded Care at Home Company in the country. We hold awards in Investors in People, Healt",Support Worker (Personal Assistant),0,0,0.9999428391456604,5.716085433959961e-05,0.1,1,BERT:bert_class_weighted,Class weight
1779,emscad_13126,"We're an emerging technology agency, and we build breakthrough products through user-centered design. We're building a t",Principal User Researcher,0,0,0.9999497532844543,5.02467155456543e-05,0.1,1,BERT:bert_class_weighted,Class weight
1780,emscad_13130,We Provide Full Time Permanent Positions for many medium to large US companies. We are interested in finding/recruiting ,"Cognos Developer - SQL Java JQuery - Baltimore, MD",0,0,0.9999469518661499,5.3048133850097656e-05,0.1,1,BERT:bert_class_weighted,Class weight
1781,emscad_13136,"We design, build, sell, and service the most innovative operations management technology in the world.",Internship - Software Engineering (Summer 2015),0,0,0.9999331831932068,6.681680679321289e-05,0.1,1,BERT:bert_class_weighted,Class weight
1782,emscad_13143,"With offices across UK, mainland Europe, Australia, New Zealand, and the United States, Squiz helps clients across the g",Senior Digital Project Manager,0,0,0.999946117401123,5.3882598876953125e-05,0.1,1,BERT:bert_class_weighted,Class weight
1783,emscad_13154,NL Group supplies specialist healthcare recruitment and staffing solutions to the NHS and private healthcare providers i,NL Homecare Community Carers (HCC),0,0,0.9999467134475708,5.328655242919922e-05,0.1,1,BERT:bert_class_weighted,Class weight
1784,emscad_13155,Want to be part of a NZ success story that’s going places?,Configuration Management Engineer,0,0,0.9999386668205261,6.133317947387695e-05,0.1,1,BERT:bert_class_weighted,Class weight
1785,emscad_13167,Vayu builds affordable unmanned aerial vehicles (UAVs) for healthcare supply chain management and post-disaster aid deli,Mid-level Airframe Structures Design Engineer,0,0,0.9999443888664246,5.561113357543945e-05,0.1,1,BERT:bert_class_weighted,Class weight
1786,emscad_13170,"At Atlas Lift Tech, safety always comes first! We are a fast growing company with an innovative vision of making Safe Pa",Training Field Supervisor (Head Coach),0,0,0.9999251365661621,7.486343383789062e-05,0.1,1,BERT:bert_class_weighted,Class weight
1787,emscad_13176,Want to build a 21st century financial service?,Java Developer,0,0,0.99993497133255,6.502866744995117e-05,0.1,1,BERT:bert_class_weighted,Class weight
1788,emscad_13177,"Riverside is an internationally recognized engineering, science, and information technology company with more than 25 ye",Cleared Program Manager,0,0,0.9998650550842285,0.00013494491577148438,0.1,1,BERT:bert_class_weighted,Class weight
1789,emscad_13213,"Vend is looking for some awesome new talent to come join us. You'll be working in an awesome team doing awesome things, ",Retail Solution Specialist - Bilingual,0,0,0.9999389052391052,6.109476089477539e-05,0.1,1,BERT:bert_class_weighted,Class weight
1790,emscad_13223,"With an exceptional record of over 50% growth in each of the last 5 years, we’ve become the UK’s largest online retailer",Senior Web Developer,0,0,0.9999237060546875,7.62939453125e-05,0.1,1,BERT:bert_class_weighted,Class weight
1791,emscad_13225,Maybe you’ve never met an anecdote you didn’t like.,Winter / Spring Internship,0,0,0.999741792678833,0.0002582073211669922,0.1,1,BERT:bert_class_weighted,Class weight
1792,emscad_13227,"Hi,",Fulltime opening for Jr Software Developer Opening at Location : New Heaven CT,0,0,0.9890518188476562,0.01094818115234375,0.1,1,BERT:bert_class_weighted,Class weight
1793,emscad_13230,#URL_c379aa631173ed5b7c345ab3f500a9a053e509138ca70e52c1088e5a784dc8d7# is a modern online travel agency that was founded,Web Designer,0,0,0.9999331831932068,6.681680679321289e-05,0.1,1,BERT:bert_class_weighted,Class weight
1794,emscad_13243,Hi!,Junior Web Product Designer,0,0,0.9999430775642395,5.692243576049805e-05,0.1,1,BERT:bert_class_weighted,Class weight
1795,emscad_13249,About Rocket Internet,Senior Display and Affiliate Manager (m/f) - Rocket Internet,0,0,0.9999456405639648,5.435943603515625e-05,0.1,1,BERT:bert_class_weighted,Class weight
1796,emscad_13252,NFP is a leader in the delivery of benefits solutions for companies of all sizes and in the delivery of life insurance a,Human Resource Business Partner,0,0,0.9999326467514038,6.73532485961914e-05,0.1,1,BERT:bert_class_weighted,Class weight
1797,emscad_13255,Who are We?,Technical Recruiter,0,0,0.9999481439590454,5.1856040954589844e-05,0.1,1,BERT:bert_class_weighted,Class weight
1798,emscad_13256,Visual BI is one of the leading and fastest growing firms focusing exclusively on BI & Analytics. Our offerings cover en,Flex Developer,0,0,0.999950110912323,4.988908767700195e-05,0.1,1,BERT:bert_class_weighted,Class weight
1799,emscad_13260,TalkLocal is seeking to bring together the brightest minds to develop the most efficient methods of connecting consumers,Development Intern,0,0,0.999869704246521,0.0001302957534790039,0.1,1,BERT:bert_class_weighted,Class weight
1800,emscad_13262,"Recombine provides clinical genetic testing. CarrierMap, the first product created at Recombine, is the most comprehensi",Finance Controller,0,0,0.9999499320983887,5.0067901611328125e-05,0.1,1,BERT:bert_class_weighted,Class weight
1801,emscad_13282,NFP is a leader in the delivery of benefits solutions for companies of all sizes and in the delivery of life insurance a,Account Executive,0,0,0.9999339580535889,6.604194641113281e-05,0.1,1,BERT:bert_class_weighted,Class weight
1802,emscad_13284,Established on the principles that full time education is not for everyone Spectrum Learning is made up of a team of pas,Essex DGV Apprenticeship available for 18 year olds only,0,0,0.9999419450759888,5.805492401123047e-05,0.1,1,BERT:bert_class_weighted,Class weight
1803,emscad_13289,"Crossroads Treatment Centers is a nationally-accredited, medication-assisted, out-patient program that delivers fast, ef",Licensed Practical Nurse - Part-time (Asheville & Weaverville Centers),0,0,0.9999511241912842,4.887580871582031e-05,0.1,1,BERT:bert_class_weighted,Class weight
1804,emscad_13296,"From the lands of Can Do, Roll Our Sleeves Up and Get It Done, we create and solve things previously unimaginable. We’re",Solution Engineer,0,0,0.999944806098938,5.519390106201172e-05,0.1,1,BERT:bert_class_weighted,Class weight
1805,emscad_13303,"An agency that places native English speakers across Thailand to teach English, Maths, Science and Computer Studies to T",Teaching positions across Thailand,0,0,0.9999046325683594,9.5367431640625e-05,0.1,1,BERT:bert_class_weighted,Class weight
1806,emscad_13310,#URL_c379aa631173ed5b7c345ab3f500a9a053e509138ca70e52c1088e5a784dc8d7# is a modern online travel agency that was founded,Management Trainee,0,0,0.9999291300773621,7.086992263793945e-05,0.1,1,BERT:bert_class_weighted,Class weight
1807,emscad_13312,"Founded in 2010 by a team from Google’s London and New York offices, Qubit work with some of the biggest names in Online",Learning and Development Specialist,0,0,0.9999454617500305,5.453824996948242e-05,0.1,1,BERT:bert_class_weighted,Class weight
1808,emscad_13313,If working in a cubical seems like your idea of hell then joining our awesome startup team might be the opportunity you’,Marketing & Communications Intern,0,0,0.9999227523803711,7.724761962890625e-05,0.1,1,BERT:bert_class_weighted,Class weight
1809,emscad_13329,"With an exceptional record of over 50% growth in each of the last 5 years, we’ve become the UK’s largest online retailer",Recruitment Coordinator,0,0,0.9998854398727417,0.00011456012725830078,0.1,1,BERT:bert_class_weighted,Class weight
1810,emscad_13344,Ameritech Media wants to give industry thought-leaders the marketing communications they need to stay out in front. We’r,Online Marketing Director,0,0,0.9999426007270813,5.739927291870117e-05,0.1,1,BERT:bert_class_weighted,Class weight
1811,emscad_13347,"Optimal Business Action was created in 2005 in order to provide high quality, personalized HR services to medium and lar",Food & Beverage Manager (Alexandria - Egypt),0,0,0.9999522566795349,4.774332046508789e-05,0.1,1,BERT:bert_class_weighted,Class weight
1812,emscad_13350,"Blloon is an exciting new freemium ebook subscription service. Currently in private beta in the UK, launching soon in th","Visual Designer (iOS, web)",0,0,0.9999313354492188,6.866455078125e-05,0.1,1,BERT:bert_class_weighted,Class weight
1813,emscad_13378,**NO RECRUITERS PLEASE**,QA Engineer Xamarin/Mobile & Web,0,0,0.999887228012085,0.00011277198791503906,0.1,1,BERT:bert_class_weighted,Class weight
1814,emscad_13387,Description: Our Client's Cloud Reliability Engineering team is looking for a Senior Cloud Engineer to help us improve t,Cloud Engineer/DevOps/OpenStack,0,0,0.999946117401123,5.3882598876953125e-05,0.1,1,BERT:bert_class_weighted,Class weight
1815,emscad_13390,"Focus Lab, LLC is a boutique brand and interactive design company headquartered in the heart of Savannah, Ga. Our client",UI / Web Design,0,0,0.9999485611915588,5.143880844116211e-05,0.1,1,BERT:bert_class_weighted,Class weight
1816,emscad_13405,"Recombine provides clinical genetic testing. CarrierMap, the first product created at Recombine, is the most comprehensi",Market Analyst,0,0,0.99994957447052,5.042552947998047e-05,0.1,1,BERT:bert_class_weighted,Class weight
1817,emscad_13418,"Ryanair is Europe’s favourite low fares airline, operating more than 1,600 daily flights (over 500,000 per year) from 69",Team Administrator for IT Department,0,0,0.9999313354492188,6.866455078125e-05,0.1,1,BERT:bert_class_weighted,Class weight
1818,emscad_13422,We are on a mission: Making cities smarter.,Insights & Analytics Intern,0,0,0.9999234080314636,7.659196853637695e-05,0.1,1,BERT:bert_class_weighted,Class weight
1819,emscad_13431,"TOPOSOPHY is an integrated destination management & marketing agency. We provide tourism organizations, associations and",Integrated Marketing Manager,0,0,0.9999412298202515,5.8770179748535156e-05,0.1,1,BERT:bert_class_weighted,Class weight
1820,emscad_13441,"The RealReal is changing the way people buy and sell luxury items. The leader in luxury resale, the company is a full se",Style Art Director,0,0,0.9999093413352966,9.065866470336914e-05,0.1,1,BERT:bert_class_weighted,Class weight
1821,emscad_13444,EUROPEAN DYNAMICS (#URL_c66532ffa1ce76ab447da6774719060c42c584edbf44d74cdb94fc4ac219ca45#) is a leading European Softwar,JAVA/J2EE developer,0,0,0.999938428401947,6.157159805297852e-05,0.1,1,BERT:bert_class_weighted,Class weight
1822,emscad_13446,HGS is a world leader in Customer Relationship and Business Process Management. With a global footprint and an experienc,Dutch/French/English Tri lingual Advisor,0,0,0.9999450445175171,5.4955482482910156e-05,0.1,1,BERT:bert_class_weighted,Class weight
1823,emscad_13450,"Delivering superior customer services for over 10 years, IBEX Global is a business process outsourcer offering an integr",Agent-Inbound Cust Svc,0,0,0.9999203085899353,7.969141006469727e-05,0.1,1,BERT:bert_class_weighted,Class weight
1824,emscad_13451,"Valor Services provides Workforce Solutions that meet the needs of companies across the Private Sector, with a special f",Jr. Engineering Tech,0,0,0.9999481439590454,5.1856040954589844e-05,0.1,1,BERT:bert_class_weighted,Class weight
1825,emscad_13457,MediaMonks is the biggest creative digital production company on the planet . We specialize in working for and with adve,Open Applications,0,0,0.9999282956123352,7.170438766479492e-05,0.1,1,BERT:bert_class_weighted,Class weight
1826,emscad_13468,Outstanding Member Service Starts With Outstanding People,Branch Associate,0,0,0.9998458623886108,0.00015413761138916016,0.1,1,BERT:bert_class_weighted,Class weight
1827,emscad_13475,"If you are a hands-on data scientist, crazy about development of advanced algorithms, machine learning, Hadoop, R/Matlab",Data Engineer,0,0,0.9999377131462097,6.22868537902832e-05,0.1,1,BERT:bert_class_weighted,Class weight
1828,emscad_13483,HeaderLabs is one of the quickest increasing Technical organizations in Delhi-NCR area We create SAAS and Cellular items,Opening for PHP Developer/ Software Engineer,0,0,0.9999489784240723,5.1021575927734375e-05,0.1,1,BERT:bert_class_weighted,Class weight
1829,emscad_13497,Our mission is to bring the world's best-loved local restaurants into everyone's home or office - fast.,Account Manager,0,0,0.9999181032180786,8.189678192138672e-05,0.1,1,BERT:bert_class_weighted,Class weight
1830,emscad_13501,Our team is carefully balanced with the best specialists in the healthcare market and experts in web development and use,SEM / Performance Specialist (Neo!),0,0,0.9999417066574097,5.829334259033203e-05,0.1,1,BERT:bert_class_weighted,Class weight
1831,emscad_13505,hello world,Chief Operating Officer (COO),0,0,0.999943733215332,5.626678466796875e-05,0.1,1,BERT:bert_class_weighted,Class weight
1832,emscad_13506,"MedTalent is a modern staffing company that specializes in the placement of physicians, nurses and healthcare profession",Nurse - RN,0,0,0.9999516606330872,4.83393669128418e-05,0.1,1,BERT:bert_class_weighted,Class weight
1833,emscad_13520,"Joist is a platform for trades contractors that allows them to estimate, invoice, accept payments, & much more!",Android Engineer,0,0,0.9999473094940186,5.269050598144531e-05,0.1,1,BERT:bert_class_weighted,Class weight
1834,emscad_13524,Our client is recognised as one of the global leading providers of cloud delivered security services. They carry the end,Sales Engineer (IT Security),0,0,0.9999445676803589,5.543231964111328e-05,0.1,1,BERT:bert_class_weighted,Class weight
1835,emscad_13525,"Wiredrive is a fast growing, privately-owned SaaS company with headquarters in Marina del Rey and offices in New York Ci",Software Development Engineer in Test (SDET),0,0,0.9999456405639648,5.435943603515625e-05,0.1,1,BERT:bert_class_weighted,Class weight
1836,emscad_13528,"We experiment with new digital products, retail experiences and business models at M&S.com",Head of Engineering,0,0,0.9999452233314514,5.4776668548583984e-05,0.1,1,BERT:bert_class_weighted,Class weight
1837,emscad_13529,MISSION:,HIGHLY SKILLED CAREGIVERS IN DEMENTIA NEEDED TODAY! BEST PAY & AWESOME BENEFITS!!!,0,0,0.9999489784240723,5.1021575927734375e-05,0.1,1,BERT:bert_class_weighted,Class weight
1838,emscad_13542,"Recombine provides clinical genetic testing. CarrierMap, the first product created at Recombine, is the most comprehensi",Clinical Research Associate,0,0,0.99994957447052,5.042552947998047e-05,0.1,1,BERT:bert_class_weighted,Class weight
1839,emscad_13544,"Our work at HPS is collaborative, centered on a fun, team-oriented environment. It is also extremely challenging. We foc",News Cycle Management Internship,0,0,0.9999400973320007,5.990266799926758e-05,0.1,1,BERT:bert_class_weighted,Class weight
1840,emscad_13548,"Freelanship connects experience providers, offering project-based internships, with experience seekers, looking for flex",Hilarious Comic Strip Writers,0,0,0.9998551607131958,0.00014483928680419922,0.1,1,BERT:bert_class_weighted,Class weight
1841,emscad_13549,"Established staffing firm needs experienced on-call banquet servers for clients including country clubs, resorts, histor",Experienced Banquet Servers,0,0,0.9998219013214111,0.0001780986785888672,0.1,1,BERT:bert_class_weighted,Class weight
1842,emscad_13550,"LogiSense Corporation is a well-established software company with rapidly growing business in Telecommunications, Hosted",Account Executive,0,0,0.9997458457946777,0.0002541542053222656,0.1,1,BERT:bert_class_weighted,Class weight
1843,emscad_13552,"Meet cove, a network of neighborhood productive spaces with a community defining how to be productive together. We are a","Onsite Host (Alexandria, VA)",0,0,0.999940812587738,5.918741226196289e-05,0.1,1,BERT:bert_class_weighted,Class weight
1844,emscad_13572,Job Title: Sr. Oracle Apps DBA,Sr. Oracle Apps DBA,0,0,0.9998726844787598,0.00012731552124023438,0.1,1,BERT:bert_class_weighted,Class weight
1845,emscad_13576,Why work with tapely,Digital Marketing Paid Intern,0,0,0.9999121427536011,8.785724639892578e-05,0.1,1,BERT:bert_class_weighted,Class weight
1846,emscad_13597,Established on the principles that full time education is not for everyone Spectrum Learning is made up of a team of pas,CV10 7QR DGV Apprenticeship available under NAS 18 year olds only!,0,0,0.9999405741691589,5.942583084106445e-05,0.1,1,BERT:bert_class_weighted,Class weight
1847,emscad_13602,Established on the principles that full time education is not for everyone Spectrum Learning is made up of a team of pas,Preston Apprenticeships Under NAS 16-18 Year Olds Only,0,0,0.9999473094940186,5.269050598144531e-05,0.1,1,BERT:bert_class_weighted,Class weight
1848,emscad_13617,"Anittel is an ASX listed company providing IT & telecommunications services and solutions, with 17 offices throughout Au",Support Engineer,0,0,0.9999082684516907,9.173154830932617e-05,0.1,1,BERT:bert_class_weighted,Class weight
1849,emscad_13626,"Optimal Business Action was created in 2005 in order to provide high quality, personalized HR services to medium and lar",Record to Report - GL Accountant,0,0,0.9999481439590454,5.1856040954589844e-05,0.1,1,BERT:bert_class_weighted,Class weight
1850,emscad_13630,"At Hayes-Corp, we create the fun stuff. With a focus on software development for mobile platforms, we are constantly loo",Data Entry Assistant - Intern,0,0,0.9999240040779114,7.599592208862305e-05,0.1,1,BERT:bert_class_weighted,Class weight
1851,emscad_13631,"From the lands of Can Do, Roll Our Sleeves Up and Get It Done, we create and solve things previously unimaginable. We’re",Sales Reps/Mgrs (EMEA),0,0,0.9999487400054932,5.125999450683594e-05,0.1,1,BERT:bert_class_weighted,Class weight
1852,emscad_13644,"From the lands of Can Do, Roll Our Sleeves Up and Get It Done, we create and solve things previously unimaginable. We’re",Customer Success Rep,0,0,0.9999128580093384,8.71419906616211e-05,0.1,1,BERT:bert_class_weighted,Class weight
1853,emscad_13658,Working at FBN,Farmer Support Specialist,0,0,0.999869704246521,0.0001302957534790039,0.1,1,BERT:bert_class_weighted,Class weight
1854,emscad_13661,"A locally owned, sustainable restaurant group is looking for two reliable delivery drivers to work early mornings three ",Delivery Driver,0,0,0.9999161958694458,8.380413055419922e-05,0.1,1,BERT:bert_class_weighted,Class weight
1855,emscad_13667,Transifex is a SaaS continuous localization platform powering the process of launching products into multiple languages ,Web Designer,0,0,0.9999410510063171,5.894899368286133e-05,0.1,1,BERT:bert_class_weighted,Class weight
1856,emscad_13668,Solar electricity is the way of the future! We are focused on bringing solar to homeowners in a simple solution with no ,Warehouse Manager - San Diego,0,0,0.9999533295631409,4.667043685913086e-05,0.1,1,BERT:bert_class_weighted,Class weight
1857,emscad_13671,Community Action Partnership of Ramsey & Washington Counties (Community Action) was established in 1964 as a program of ,Teacher - Full Year,0,0,0.9999364614486694,6.35385513305664e-05,0.1,1,BERT:bert_class_weighted,Class weight
1858,emscad_13673,#URL_8417994cbfc9bdd39291d438b83cd3b9c29ee4b0cb862c1ad78b868218fa89a7# offers a platform that makes it easy for anyone t,Frontend Engineer,0,0,0.999934732913971,6.526708602905273e-05,0.1,1,BERT:bert_class_weighted,Class weight
1859,emscad_13703,"WillDom is a top notch IT Outsourcing Business Ecosystem, where each member contributes in creating world class value. W",Full Stack Web Developer - Node.js,0,0,0.9999450445175171,5.4955482482910156e-05,0.1,1,BERT:bert_class_weighted,Class weight
1860,emscad_13707,"Bender’s Bar & Grill, recently named a Top 10 sports bar in the metro area by Channel 7’s A List, is seeking talented li",Talented Line Cooks wanted!,0,0,0.9998813271522522,0.00011867284774780273,0.1,1,BERT:bert_class_weighted,Class weight
1861,emscad_13711,"Vend is looking for some awesome new talent to come join us. You'll be working in an awesome team doing awesome things, ",Internal IT Administrator,0,0,0.999938428401947,6.157159805297852e-05,0.1,1,BERT:bert_class_weighted,Class weight
1862,emscad_13716,"90 Seconds, the worlds Cloud Video Production Service.",Product & Online Marketing Manager,0,0,0.999944806098938,5.519390106201172e-05,0.1,1,BERT:bert_class_weighted,Class weight
1863,emscad_13717,"Created in 2010, RoyalCactus has specialized in the development of casual and social games. Since its launch on Facebook",Mobile Marketing Manager,0,0,0.9999128580093384,8.71419906616211e-05,0.1,1,BERT:bert_class_weighted,Class weight
1864,emscad_13719,EROAD was established to modernise New Zealand’s paper-based RUC regime and in 2009 launched the world’s first GPS/cellu,Project Manager,0,0,0.9999434947967529,5.650520324707031e-05,0.1,1,BERT:bert_class_weighted,Class weight
1865,emscad_13721,EROAD was established to modernise New Zealand’s paper-based RUC regime and in 2009 launched the world’s first GPS/cellu,Product Specialist,0,0,0.9999450445175171,5.4955482482910156e-05,0.1,1,BERT:bert_class_weighted,Class weight
1866,emscad_13729,Job Description Summary/Essential Duties: Accesses data from a variety of sources requiring advanced knowledge of comput,Data Analysis Associate,0,0,0.9976539611816406,0.002346038818359375,0.1,1,BERT:bert_class_weighted,Class weight
1867,emscad_13732,Gata Labs is a Toronto based Platform-as-a-Service (PaaS) company aiming to change the way consumers and business intera,Full Stack Developer,0,0,0.9999357461929321,6.42538070678711e-05,0.1,1,BERT:bert_class_weighted,Class weight
1868,emscad_13735,We Provide Full Time Permanent Positions for many medium to large US companies. We are interested in finding/recruiting ,Manufacturing Engineer - Aerospace Manufacturing Exp - CA,0,0,0.9999445676803589,5.543231964111328e-05,0.1,1,BERT:bert_class_weighted,Class weight
1869,emscad_13736,Innovative streetwear and clothes you can play with. Soon in a crowdfunding platform near you.,Marketing & Social Media Coordinator (15hrs/week),0,0,0.9999141693115234,8.58306884765625e-05,0.1,1,BERT:bert_class_weighted,Class weight
1870,emscad_13740,"We're artists, thinkers, and doers in an open, collaborative, and challenging environment. We love to work our hearts ou",Interactive Producer,0,0,0.9999445676803589,5.543231964111328e-05,0.1,1,BERT:bert_class_weighted,Class weight
1871,emscad_13741,Vx Group is a Business Leadership and Management Consultancy with an HR recruiting practice. Our client is an internatio,New Product Design Engineer,0,0,0.9998813271522522,0.00011867284774780273,0.1,1,BERT:bert_class_weighted,Class weight
1872,emscad_13750,"Even though we’ve been industry leaders for years, we’ve never lost sight of our primary goal: to serve and protect our ","Life Insurance Agent - Houston, TX",0,0,0.999934732913971,6.526708602905273e-05,0.1,1,BERT:bert_class_weighted,Class weight
1873,emscad_13752,"Interana is for interactive exploration of event data. With a simple, interactive interface, Interana enables people to ",Senior Front End Engineer,0,0,0.9999456405639648,5.435943603515625e-05,0.1,1,BERT:bert_class_weighted,Class weight
1874,emscad_13767,ETL Developer (Informatica),ETL Developer ( Informatica ),0,0,0.9998197555541992,0.00018024444580078125,0.1,1,BERT:bert_class_weighted,Class weight
1875,emscad_13774,Our team is carefully balanced with the best specialists in the healthcare market and experts in web development and use,Internship Programme (The Rookie!),0,0,0.9998897910118103,0.00011020898818969727,0.1,1,BERT:bert_class_weighted,Class weight
1876,emscad_13790,We Provide Full Time Permanent Positions for many medium to large US companies. We are interested in finding/recruiting ,.NET Developer,0,0,0.9999405741691589,5.942583084106445e-05,0.1,1,BERT:bert_class_weighted,Class weight
1877,emscad_13795,"Shapeways is the leading 3D printing marketplace and community, empowering designers to bring amazing products to life. ",Manufacturing Technician: Selective Laser Sintering (SLS),0,0,0.9999441504478455,5.5849552154541016e-05,0.1,1,BERT:bert_class_weighted,Class weight
1878,emscad_13798,We Provide Full Time Permanent Positions for many medium to large US companies. We are interested in finding/recruiting ,Peoplesoft Financials Analyst,0,0,0.9999305009841919,6.949901580810547e-05,0.1,1,BERT:bert_class_weighted,Class weight
1879,emscad_13799,"Growing event production company providing staging, scenic, and drapery primarily in the state of Florida. We have a sec",Bookkeeper,0,0,0.9999364614486694,6.35385513305664e-05,0.1,1,BERT:bert_class_weighted,Class weight
1880,emscad_13809,Unify — formerly known as Siemens Enterprise Communications — is a premier communications software and services firms. O,Visual Designer,0,0,0.9999450445175171,5.4955482482910156e-05,0.1,1,BERT:bert_class_weighted,Class weight
1881,emscad_13815,We are a family run business that has been in operation for nearly 40 years. We value long term relationships and want t,Automotive Technician,0,0,0.99994957447052,5.042552947998047e-05,0.1,1,BERT:bert_class_weighted,Class weight
1882,emscad_13829,"WDM Group is an innovative, forward thinking digital company aimed at bringing business executives up-to-date with the l",Sales Professional,0,0,0.9999107718467712,8.922815322875977e-05,0.1,1,BERT:bert_class_weighted,Class weight
1883,emscad_13860,Visual BI is one of the leading and fastest growing firms focusing exclusively on BI & Analytics. Our offerings cover en,BI Engineer,0,0,0.9999507069587708,4.929304122924805e-05,0.1,1,BERT:bert_class_weighted,Class weight
1884,emscad_13863,mbriyo supports start-ups in their quest to grow and prosper by helping them to identify the core start-up processes and,Digital Marketing Trainee,0,0,0.9999396204948425,6.03795051574707e-05,0.1,1,BERT:bert_class_weighted,Class weight
1885,emscad_13879,EUROPEAN DYNAMICS (#URL_c66532ffa1ce76ab447da6774719060c42c584edbf44d74cdb94fc4ac219ca45#) is a leading European Softwar,Senior Unix/Linux Production Engineer,0,0,0.999925434589386,7.456541061401367e-05,0.1,1,BERT:bert_class_weighted,Class weight
1886,emscad_13899,"Currently hiring per-diem caregivers to work on holidays. Shifts available include Thanksgiving, day after Thanksgiving,",Caregivers needed for Holidays!,0,0,0.9998940229415894,0.00010597705841064453,0.1,1,BERT:bert_class_weighted,Class weight
1887,emscad_13900,"Have a van, suv or large car? Like to drive? Like to help others?",Shyp Hero Driver - NYC,0,0,0.9999268651008606,7.31348991394043e-05,0.1,1,BERT:bert_class_weighted,Class weight
1888,emscad_13903,"Happy Typing, on any smart device.",Software Engineer - iOS,0,0,0.9999285936355591,7.140636444091797e-05,0.1,1,BERT:bert_class_weighted,Class weight
1889,emscad_13925,"Babbel enables anyone to learn languages in an easy and interactive way. The learning system offers 13 languages, from E",Digital Design Trainee,0,0,0.9999307990074158,6.920099258422852e-05,0.1,1,BERT:bert_class_weighted,Class weight
1890,emscad_13927,"As augmented reality jobs go, one at Blippar is hard to beat. We are a rapidly expanding creative startup at the forefro",Business Development Manager - Media,0,0,0.999946117401123,5.3882598876953125e-05,0.1,1,BERT:bert_class_weighted,Class weight
1891,emscad_13930,HWL Aluminium (part of the HWL windows group) is a well established manufacturer of high specification windows and doors,Sales Executive,0,0,0.9997868537902832,0.00021314620971679688,0.1,1,BERT:bert_class_weighted,Class weight
1892,emscad_13931,Haltian designs & develops new connected products to quality demanding customers around the world.,Software Talents,0,0,0.9999487400054932,5.125999450683594e-05,0.1,1,BERT:bert_class_weighted,Class weight
1893,emscad_13935,WHO WE ARE? MILLER & ASSOCIATES IS AN ENTERPRISE SOFTWARE SOLUTIONS COMPANY.,Senior SQL Developer,0,0,0.9999164938926697,8.350610733032227e-05,0.1,1,BERT:bert_class_weighted,Class weight
1894,emscad_13949,Do you want to help craft a product that enables thousands of people to launch their business ideas and help reshape the,Junior Digital Designer,0,0,0.9999178051948547,8.219480514526367e-05,0.1,1,BERT:bert_class_weighted,Class weight
1895,emscad_13955,The Beans Group is a media company that exists to empower young people to thrive. We have been on an exponential growth ,Editorial Intern,0,0,0.9999299645423889,7.003545761108398e-05,0.1,1,BERT:bert_class_weighted,Class weight
1896,emscad_13963,Responsibilities:,Business Analyst,0,0,0.9998601675033569,0.0001398324966430664,0.1,1,BERT:bert_class_weighted,Class weight
1897,emscad_13966,"Focus Lab, LLC is a boutique brand and interactive design company headquartered in the heart of Savannah, Ga. Our client",Team Assistant,0,0,0.9999497532844543,5.02467155456543e-05,0.1,1,BERT:bert_class_weighted,Class weight
1898,emscad_13974,hello world,Country Manager France,0,0,0.999938428401947,6.157159805297852e-05,0.1,1,BERT:bert_class_weighted,Class weight
1899,emscad_13979,"With an exceptional record of over 50% growth in each of the last 5 years, we’ve become the UK’s largest online retailer",Junior Designer & Artworker,0,0,0.9999430775642395,5.692243576049805e-05,0.1,1,BERT:bert_class_weighted,Class weight
1900,emscad_13989,"PCCW Global is the international operating division of HKT, Hong Kong's premier telecommunications service provider, whi",Regional Service Manager,0,0,0.999920666217804,7.933378219604492e-05,0.1,1,BERT:bert_class_weighted,Class weight
1901,emscad_13991,About The Symicor Group:,"Commercial Banking Relationship Manager Milwaukee, WI",0,0,0.9999419450759888,5.805492401123047e-05,0.1,1,BERT:bert_class_weighted,Class weight
1902,emscad_13998,seeking a strong php developer who is uber up on 5.2 and can handle the following:,PHP Developer,0,0,0.9999145269393921,8.547306060791016e-05,0.1,1,BERT:bert_class_weighted,Class weight
1903,emscad_14005,Lean Startup Machine (LSM) is changing the way entrepreneurs and Fortune 500 companies build products. Our mission is to,Business Development Manager,0,0,0.9999441504478455,5.5849552154541016e-05,0.1,1,BERT:bert_class_weighted,Class weight
1904,emscad_14016,Envision Remodeling Co. is a Home Remodeling Contractor company located in the greater Michigan area. We have been provi,Support Team Member,0,0,0.9999499320983887,5.0067901611328125e-05,0.1,1,BERT:bert_class_weighted,Class weight
1905,emscad_14042,The Database Administrator is responsible for ensuring that flexible data stores and a shared data environment exist and,Database Administrator,0,0,0.9998232126235962,0.0001767873764038086,0.1,1,BERT:bert_class_weighted,Class weight
1906,emscad_14043,"I’m opening up my own business, body piercing",Piercing Trainer,0,0,0.999605655670166,0.0003943443298339844,0.1,1,BERT:bert_class_weighted,Class weight
1907,emscad_14054,Hiring made easy for Digital Jobs,Data Entry Operator,0,0,0.9999071955680847,9.28044319152832e-05,0.1,1,BERT:bert_class_weighted,Class weight
1908,emscad_14062,We build and develop social networking platforms for professional audiences. We tend to replace our customer Web Sites b,Senior Social Media & Marketing Manager,0,0,0.9999445676803589,5.543231964111328e-05,0.1,1,BERT:bert_class_weighted,Class weight
1909,emscad_14064,"Description: Research & resolve intercompany reconciling items, Cash application, review and preparation of outsourcer m",Staff Accountant,0,1,0.0,1.0,0.1,0,BERT:bert_class_weighted,Class weight
1910,emscad_14071,Tagawa Greenhouse dba InColor is a leading distributor for garden plants in North America big box stores throughout Colo,Territory Team Lead,0,0,0.9997668266296387,0.00023317337036132812,0.1,1,BERT:bert_class_weighted,Class weight
1911,emscad_14086,"Argenta Field Solutions values the client, creates income streams for them through our sales mechanism and focuses on qu",Sales Representative with Management Training - AT&T,0,0,0.9999522566795349,4.774332046508789e-05,0.1,1,BERT:bert_class_weighted,Class weight
1912,emscad_14105,"Valor Services provides Workforce Solutions that meet the needs of companies across the Private Sector, with a special f",DOT Supervisor,0,0,0.9999400973320007,5.990266799926758e-05,0.1,1,BERT:bert_class_weighted,Class weight
1913,emscad_14118,Axonix is a global mobile advertising technology company that's powered by a platform with a 4 year history of leading t,Chief Technology Officer,0,0,0.9999441504478455,5.5849552154541016e-05,0.1,1,BERT:bert_class_weighted,Class weight
1914,emscad_14123,"Intercom ( #URL_cb674f93cbcd215a3a0a57a8615a565545949eead8adbbc73307c26d6a6af81b# ) is a simple, personal messaging serv",Product Design Researcher,0,0,0.9999294281005859,7.05718994140625e-05,0.1,1,BERT:bert_class_weighted,Class weight
1915,emscad_14161,Established on the principles that full time education is not for everyone Spectrum Learning is made up of a team of pas,Wakefield Recruitment Company Requires Sales Executives,0,0,0.9999483823776245,5.161762237548828e-05,0.1,1,BERT:bert_class_weighted,Class weight
1916,emscad_14163,Established on the principles that full time education is not for everyone Spectrum Learning is made up of a team of pas,Bradford Office Assistant Apprenticeship Under NAS 16-18 Year Olds Only,0,0,0.9999483823776245,5.161762237548828e-05,0.1,1,BERT:bert_class_weighted,Class weight
1917,emscad_14183,Hawkeye Recruitment provides cost effective recruitment advertising solutions to help you cast the widest net to find th,Maintenance Technician,0,0,0.9999054074287415,9.459257125854492e-05,0.1,1,BERT:bert_class_weighted,Class weight
1918,emscad_14187,"We believe clients need a business partner who gets their business, gets the uniqueness of their culture and gets their ",Jr. Art Director,0,0,0.99993497133255,6.502866744995117e-05,0.1,1,BERT:bert_class_weighted,Class weight
1919,emscad_14193,TaskUs provides outsourced customer care and back office support to more than 100 of the world’s fastest growing compani,Photoshop Production Manager,0,0,0.9999475479125977,5.245208740234375e-05,0.1,1,BERT:bert_class_weighted,Class weight
1920,emscad_14197,"We are always looking for fun, energetic, professional, and trustworthy animal lovers to join our team. Our ideal pet ca","Dog Walker/Pet Sitters Needed in Laurel and Columbia, Maryland",0,0,0.9998711347579956,0.00012886524200439453,0.1,1,BERT:bert_class_weighted,Class weight
1921,emscad_14205,"Voyageur is one of Ontario's leading transportation companies, serving Southwestern and Central Ontario for over 34 year",Call Centre Manager,0,0,0.9999485611915588,5.143880844116211e-05,0.1,1,BERT:bert_class_weighted,Class weight
1922,emscad_14215,Kettle is an independent digital agency based in New York City and the Bay Area. We’re committed to making digital do mo,PYTHON WEB DEVELOPER,0,0,0.9999354481697083,6.455183029174805e-05,0.1,1,BERT:bert_class_weighted,Class weight
1923,emscad_14220,nakedhearts is an ambitious and well-funded start up. We are building a global online social network to connect users wi,Senior Front End Engineer,0,0,0.9999291300773621,7.086992263793945e-05,0.1,1,BERT:bert_class_weighted,Class weight
1924,emscad_14223,Who are we?,UI/UX Designer,0,0,0.9999428391456604,5.716085433959961e-05,0.1,1,BERT:bert_class_weighted,Class weight
1925,emscad_14225,Fundation is a technology-empowered direct lender that delivers small balance commercial loans nationwide. The firm prov,Software Developer - High Growth Specialty Finance Company,0,0,0.999934196472168,6.580352783203125e-05,0.1,1,BERT:bert_class_weighted,Class weight
1926,emscad_14227,"Hiring ""IBM Forms"" Developers at Hyderabad/Pune/Remote locations between 4-8 years experience, if interested please shar",IBM FORMS Senior Developer,0,0,0.99971604347229,0.00028395652770996094,0.1,1,BERT:bert_class_weighted,Class weight
1927,emscad_14235,Visual BI is one of the leading and fastest growing firms focusing exclusively on BI & Analytics. Our offerings cover en,SAP BI/HANA Managing Consultant,0,0,0.9999489784240723,5.1021575927734375e-05,0.1,1,BERT:bert_class_weighted,Class weight
1928,emscad_14243,Counter Person for Busy Print Shop:,Customer Service Print Specialist,0,0,0.9999234080314636,7.659196853637695e-05,0.1,1,BERT:bert_class_weighted,Class weight
1929,emscad_14262,The story of the Great Chicago Fire of 1871 isn’t really about the fire. It’s about what happened next: A remarkable mom,Sales Associate - NRG,0,0,0.999920666217804,7.933378219604492e-05,0.1,1,BERT:bert_class_weighted,Class weight
1930,emscad_14263,Job Title: Oracle Discoverer Expert,Oracle Discoverer,0,0,0.9999107718467712,8.922815322875977e-05,0.1,1,BERT:bert_class_weighted,Class weight
1931,emscad_14274,"Founded in 2010 by a team from Google’s London and New York offices, Qubit work with some of the biggest names in Online",Talent Acquisition Specialist USA,0,0,0.9999489784240723,5.1021575927734375e-05,0.1,1,BERT:bert_class_weighted,Class weight
1932,emscad_14283,Our mission is to love others by removing frustration and interruption from IT. IT Support and managed service provider.,Help Desk II (System Administrator),0,0,0.9999197125434875,8.028745651245117e-05,0.1,1,BERT:bert_class_weighted,Class weight
1933,emscad_14298,Outstanding Member Service Starts With Outstanding People,Operations Support Representative,0,0,0.9997358322143555,0.00026416778564453125,0.1,1,BERT:bert_class_weighted,Class weight
1934,emscad_14304,"Crossroads Treatment Centers is a nationally-accredited, medication-assisted, out-patient program that delivers fast, ef",Licensed Practical Nurse Part-time (NW Georgia Center),0,0,0.9999491572380066,5.08427619934082e-05,0.1,1,BERT:bert_class_weighted,Class weight
1935,emscad_14311,"MedTalent is a modern staffing company that specializes in the placement of physicians, nurses and healthcare profession",ER Physician (Full-Time and Part-Time),0,0,0.9999505281448364,4.947185516357422e-05,0.1,1,BERT:bert_class_weighted,Class weight
1936,emscad_14312,As Report Specialist you will become guru of Adform reporting modules. As one man in a field is not a warrior you will b,Report specialist,0,0,0.9999004602432251,9.953975677490234e-05,0.1,1,BERT:bert_class_weighted,Class weight
1937,emscad_14325,Established on the principles that full time education is not for everyone Spectrum Learning is made up of a team of pas,Wakefield Recruitment Company Requires Telesales Executives,0,0,0.9999491572380066,5.08427619934082e-05,0.1,1,BERT:bert_class_weighted,Class weight
1938,emscad_14330,#URL_a507511b34cd03ed64cc7e00a68798e37578ceb5107c9bd6ff2a6b32ed7687da# Pty Ltd is Australia’s fastest growing independen,Junior Graphic Designer,0,0,0.999925434589386,7.456541061401367e-05,0.1,1,BERT:bert_class_weighted,Class weight
1939,emscad_14346,GLP & Associates is a leading Independent financial firm founded over 40 years ago. Our expertise focuses on a niche mar,Retirement Specialist,0,0,0.99988853931427,0.00011146068572998047,0.1,1,BERT:bert_class_weighted,Class weight
1940,emscad_14358,The ideal candidate will have a minimum of 1 years commercial experience and a qualification in this field. Working expe,Middleweight Software Developer,0,0,0.9999326467514038,6.73532485961914e-05,0.1,1,BERT:bert_class_weighted,Class weight
1941,emscad_14363,"The RealReal is changing the way people buy and sell luxury items. The leader in luxury resale, the company is a full se",Sales Operations Manager,0,0,0.9998390674591064,0.0001609325408935547,0.1,1,BERT:bert_class_weighted,Class weight
1942,emscad_14369,"Plans, analyzes and implements instant Scratch ticket game projects to produce a 12-month product and marketing plan",Instant Lotteries Marketing Specialist,0,0,0.9997981786727905,0.00020182132720947266,0.1,1,BERT:bert_class_weighted,Class weight
1943,emscad_14375,Adform is looking for a Product Owner to own the development of Adform online advertising products. The Product Owner is,Product Owner,0,0,0.9999299645423889,7.003545761108398e-05,0.1,1,BERT:bert_class_weighted,Class weight
1944,emscad_14382,"SpotSource Solutions LLC is a Global Human Capital Management Consulting firm headquartered in Miami, Florida. Founded i",Director of Software Development,0,0,0.999944806098938,5.519390106201172e-05,0.1,1,BERT:bert_class_weighted,Class weight
1945,emscad_14405,"Vend is looking for some awesome new talent to come join us. You'll be working in an awesome team doing awesome things, ",Marketing Manager,0,0,0.9999432563781738,5.6743621826171875e-05,0.1,1,BERT:bert_class_weighted,Class weight
1946,emscad_14415,"Populist Cleaning Co. is an independently owned, full-service commercial cleaning company. Populist has been providing j",Part Time Cleaner- Chelsea/Dexter,0,0,0.999943733215332,5.626678466796875e-05,0.1,1,BERT:bert_class_weighted,Class weight
1947,emscad_14423,"Neverbland is a team of designers, developers and doers. Specialists in user experience, interaction design and product ",Front-End Engineer,0,0,0.9999354481697083,6.455183029174805e-05,0.1,1,BERT:bert_class_weighted,Class weight
1948,emscad_14428,POSist is a completely cloud based POS for Restaurant industry.. It helps a standalone food outlet to a large food chain,Area Sales Manager - Hyderabad,0,0,0.9999475479125977,5.245208740234375e-05,0.1,1,BERT:bert_class_weighted,Class weight
1949,emscad_14431,"Based in Hoxton, London, Forward Partners are a “startup catalyst”, combining investment with practical hands-on experti",Internship at Health and Wellness Startup - BABY2BODY,0,0,0.9999483823776245,5.161762237548828e-05,0.1,1,BERT:bert_class_weighted,Class weight
1950,emscad_14436,"You're youthful, tech savvy and open-minded right? So are we. We aim for excellence in everything that we do, by continu",Embedded Software Engineer,0,0,0.9999277591705322,7.224082946777344e-05,0.1,1,BERT:bert_class_weighted,Class weight
1951,emscad_14439,"We're artists, thinkers, and doers in an open, collaborative, and challenging environment. We love to work our hearts ou",Business Systems Analyst,0,0,0.9999471306800842,5.2869319915771484e-05,0.1,1,BERT:bert_class_weighted,Class weight
1952,emscad_14450,The Beans Group is a media company that exists to empower young people to thrive. We have been on an exponential growth ,UX/ Visual Designer,0,0,0.9999008178710938,9.918212890625e-05,0.1,1,BERT:bert_class_weighted,Class weight
1953,emscad_14452,We launched Involvio as students at Drexel University in Philadelphia out of our frustration that keeping track of event,Customer Success Associate,0,0,0.9999454617500305,5.453824996948242e-05,0.1,1,BERT:bert_class_weighted,Class weight
1954,emscad_14453,"#URL_a397afc00bff956382eec8b3826bbd79bd4cbade11c565390118c0c00292b77e# is a venture funded, successful UK startup buildi",Graphic Design Intern,0,0,0.9999430775642395,5.692243576049805e-05,0.1,1,BERT:bert_class_weighted,Class weight
1955,emscad_14456,We are on a mission: Making cities smarter.,Software Engineer (junior & senior),0,0,0.9999364614486694,6.35385513305664e-05,0.1,1,BERT:bert_class_weighted,Class weight
1956,emscad_14457,"Critical Nurse Staffing, Inc. is enrolled with the U.S Department of Labor to provide nursing care to the former defense","Home Health RN--Battle Mountain, NV",0,0,0.9999419450759888,5.805492401123047e-05,0.1,1,BERT:bert_class_weighted,Class weight
1957,emscad_14463,ServiceTitan is the world's leading CRM software for home services businesses. It powers the world's best service compan,HR Coordinator & Office Admin,0,0,0.9999479651451111,5.2034854888916016e-05,0.1,1,BERT:bert_class_weighted,Class weight
1958,emscad_14465,We Provide Full Time Permanent Positions for many medium to large US companies. We are interested in finding/recruiting ,Quality Assurance Manager - Dairy Manufacturing,0,0,0.9999412298202515,5.8770179748535156e-05,0.1,1,BERT:bert_class_weighted,Class weight
1959,emscad_14474,MERL's internship program gives students excellent opportunities to work in an industrial research lab environment side-,Photonic Integrated Circuits,0,0,0.9999328851699829,6.711483001708984e-05,0.1,1,BERT:bert_class_weighted,Class weight
1960,emscad_14479,Tier 1 Technical Support Help Desk Agent,Tier 1 Technical Support Help Desk Agent,0,0,0.9999364614486694,6.35385513305664e-05,0.1,1,BERT:bert_class_weighted,Class weight
1961,emscad_14480,"At McLane Intel, we believe that everyone should love where they work! We understand that our ongoing success is attribu",Networking Engineer,0,0,0.9999334216117859,6.657838821411133e-05,0.1,1,BERT:bert_class_weighted,Class weight
1962,emscad_14493,Crypteia Networks delivers a patent-pending technology that identifies zero-day threats on their infancy along with misc,Back-End Ruby Developer,0,0,0.9999450445175171,5.4955482482910156e-05,0.1,1,BERT:bert_class_weighted,Class weight
1963,emscad_14499,"We are looking for a professional, highly motivated, customer service orientated individual for our full time Maintenanc",Maintenance Manager,0,0,0.999661922454834,0.0003380775451660156,0.1,1,BERT:bert_class_weighted,Class weight
1964,emscad_14506,"SpotSource Solutions LLC is a Global Human Capital Management Consulting firm headquartered in Miami, Florida. Founded i",Machinist/ Fabricator,0,0,0.9999499320983887,5.0067901611328125e-05,0.1,1,BERT:bert_class_weighted,Class weight
1965,emscad_14523,"Vend is looking for some awesome new talent to come join us. You'll be working in an awesome team doing awesome things, ",Assistant Accountant,0,0,0.999934732913971,6.526708602905273e-05,0.1,1,BERT:bert_class_weighted,Class weight
1966,emscad_14538,Virteva delivers managed IT services and project-based consulting services that optimize our customer’s IT infrastructur,Service Desk Analyst Intern,0,0,0.9999423623085022,5.7637691497802734e-05,0.1,1,BERT:bert_class_weighted,Class weight
1967,emscad_14559,Flite delivers ad innovation at scale to the world's top publishers and brands. Marketers use the self-service Flite Pla,Sales Director (Chicago),0,0,0.9999462962150574,5.370378494262695e-05,0.1,1,BERT:bert_class_weighted,Class weight
1968,emscad_14574,Lesaffre Yeast Corporation is a French privately owned company that has been the worldwide leader in yeast manufacturing,Warehouse Operator,0,0,0.999907910823822,9.208917617797852e-05,0.1,1,BERT:bert_class_weighted,Class weight
1969,emscad_14583,"Proficio Mortgage is a rapidly growing mortgage lender that cares about both our clients, and our team members. Proficio",Mortgage Loan Coordinator,0,0,0.9999324083328247,6.759166717529297e-05,0.1,1,BERT:bert_class_weighted,Class weight
1970,emscad_14590,"We're Food52, and we've created a groundbreaking and award-winning cooking site. We support, connect, and celebrate home",Senior Graphic Designer,0,0,0.9999369978904724,6.300210952758789e-05,0.1,1,BERT:bert_class_weighted,Class weight
1971,emscad_14598,We Provide Full Time Permanent Positions for many medium to large US companies. We are interested in finding/recruiting ,Quality Assurance Engineer,0,0,0.9999328851699829,6.711483001708984e-05,0.1,1,BERT:bert_class_weighted,Class weight
1972,emscad_14600,About Us:,Custom Product Specialist,0,0,0.9999432563781738,5.6743621826171875e-05,0.1,1,BERT:bert_class_weighted,Class weight
1973,emscad_14603,We are shaking up the consumer insight space harnessing leading edge wearable technology. Our clients include several mu,Head of Global Research,0,0,0.999925434589386,7.456541061401367e-05,0.1,1,BERT:bert_class_weighted,Class weight
1974,emscad_14604,Take Out Brands is a food franchise business with a #URL_4524df5c91ce800c4ba16ef1406d622db7d51d37105a7fcee27521e61854615,Delivery Drivers - Papa John's Pizza,0,0,0.9999393820762634,6.0617923736572266e-05,0.1,1,BERT:bert_class_weighted,Class weight
1975,emscad_14613,We are a PR and social media agency that goes ALL IN to create campaigns people can't stop talking about for major consu,PR AE/SAE,0,0,0.999946117401123,5.3882598876953125e-05,0.1,1,BERT:bert_class_weighted,Class weight
1976,emscad_14618,"Babbel enables anyone to learn languages in an easy and interactive way. The learning system offers 13 languages, from E",Freelance Authors and Editors (m/f) for Norwegian Courses,0,0,0.9999277591705322,7.224082946777344e-05,0.1,1,BERT:bert_class_weighted,Class weight
1977,emscad_14633,"Namely is the leading end-to-end HR and payroll platform for growing companies. Offerings include human payroll, benefit",Go Developer (Architecture),0,0,0.9999491572380066,5.08427619934082e-05,0.1,1,BERT:bert_class_weighted,Class weight
1978,emscad_14641,Making music is easier now than ever.,Marketing and Administrative Assistant,0,0,0.9999027848243713,9.721517562866211e-05,0.1,1,BERT:bert_class_weighted,Class weight
1979,emscad_14645,"Mention changes the way you monitor the web. Create keyword-based alerts on your company name, your brand, and your comp",Head of Product,0,0,0.9998500347137451,0.0001499652862548828,0.1,1,BERT:bert_class_weighted,Class weight
1980,emscad_14659,"From the lands of Can Do, Roll Our Sleeves Up and Get It Done, we create and solve things previously unimaginable. We’re",Senior Sales Executive - Southeast,0,0,0.9999487400054932,5.125999450683594e-05,0.1,1,BERT:bert_class_weighted,Class weight
1981,emscad_14675,"We are a startup digital agency that is “helping companies make money online” by specializing in AdWords, Analytics and ",Frontend Web Developer,0,0,0.9999403357505798,5.9664249420166016e-05,0.1,1,BERT:bert_class_weighted,Class weight
1982,emscad_14679,Makers Academy trains people to become the world's best junior software developers,Web Developer Instructor,0,0,0.9999260306358337,7.396936416625977e-05,0.1,1,BERT:bert_class_weighted,Class weight
1983,emscad_14692,Why CSD?,Customer Experience Professionals,0,0,0.999920666217804,7.933378219604492e-05,0.1,1,BERT:bert_class_weighted,Class weight
1984,emscad_14707,"We are not your average Monday mail recruiters. We are here to align stars and connect dots, not just match titles with ",REDSCOUT: Strategy Director,0,0,0.9999310374259949,6.896257400512695e-05,0.1,1,BERT:bert_class_weighted,Class weight
1985,emscad_14715,We Provide Full Time Permanent Positions for many medium to large US companies. We are interested in finding/recruiting ,Process Controls Staff Engineer - Foxboro I/A TriconexSIS - TX,0,0,0.999943733215332,5.626678466796875e-05,0.1,1,BERT:bert_class_weighted,Class weight
1986,emscad_14717,"Valor Services provides Workforce Solutions that meet the needs of companies across the Private Sector, with a special f",Sr. Reservoir Engineer,0,0,0.999943733215332,5.626678466796875e-05,0.1,1,BERT:bert_class_weighted,Class weight
1987,emscad_14737,Existanze Integrated Solutions was founded in 2005 and has established itself as a company with deep technical knowledge,Software Developer,0,0,0.9999082684516907,9.173154830932617e-05,0.1,1,BERT:bert_class_weighted,Class weight
1988,emscad_14747,"We are a young, dynamic, fast-growing digital marketing agency established in February 2013 and headquartered in Athens,",Web Designer,0,0,0.999938428401947,6.157159805297852e-05,0.1,1,BERT:bert_class_weighted,Class weight
1989,emscad_14750,"Our mission is to upgrade lives. Since our founding in 1999, EXOS (formerly named Athletes’ Performance and Core Perform",Linux Systems Engineer,0,0,0.9999445676803589,5.543231964111328e-05,0.1,1,BERT:bert_class_weighted,Class weight
1990,emscad_14763,"At Karmarama we have a unique hiring policy: nice, talented and decent people who genuinely want to do what's right for ",Junior Digital Designer,0,0,0.9999277591705322,7.224082946777344e-05,0.1,1,BERT:bert_class_weighted,Class weight
1991,emscad_14765,Green Street Advisors is the industry leader in real estate and real estate investment trust (REITs) research for over 2,2015 MBA Internship - Research Associate,0,0,0.9999374747276306,6.252527236938477e-05,0.1,1,BERT:bert_class_weighted,Class weight
1992,emscad_14811,Flite delivers ad innovation at scale to the world's top publishers and brands. Marketers use the self-service Flite Pla,Chief Financial Officer,0,0,0.9999377131462097,6.22868537902832e-05,0.1,1,BERT:bert_class_weighted,Class weight
1993,emscad_14837,Take Out Brands is a food franchise business with a #URL_4524df5c91ce800c4ba16ef1406d622db7d51d37105a7fcee27521e61854615,Part-time Pizza Delivery Drivers - Wallasey,0,0,0.9999432563781738,5.6743621826171875e-05,0.1,1,BERT:bert_class_weighted,Class weight
1994,emscad_14838,Axonix is a global mobile advertising technology company that's powered by a platform with a 4 year history of leading t,Demand Manager,0,0,0.9999393820762634,6.0617923736572266e-05,0.1,1,BERT:bert_class_weighted,Class weight
1995,emscad_14862,Have you ever thought about working on a product that literally competes with what top Internet giants are building? And,QA Engineer,0,0,0.9999389052391052,6.109476089477539e-05,0.1,1,BERT:bert_class_weighted,Class weight
1996,emscad_14866,Rarely Impossible exists due to a passion for working with amazing clients and aiding them to bring their ideas to life.,senior c# developer,0,0,0.9999381899833679,6.181001663208008e-05,0.1,1,BERT:bert_class_weighted,Class weight
1997,emscad_14899,"Founded at the beginning of 2013, the startup #URL_1126a42ca4e3346cc3e1a08fbb8e4c3f867169c63a14fc3710ba1f37c6c0e928# is ",Fullstack Django Developer,0,0,0.9999218583106995,7.814168930053711e-05,0.1,1,BERT:bert_class_weighted,Class weight
1998,emscad_14925,United Med Force was created due to the high demand for elite sales professionals in the healthcare industry. United Med,Recruiting & HR Intern,0,0,0.9999181032180786,8.189678192138672e-05,0.1,1,BERT:bert_class_weighted,Class weight
1999,emscad_14952,"TapHunter ( #URL_95b1bf876c79465b7a563292438e8293a651920b605b528509c8d4c14bfc174e# ) provides bars, restaurants, bottle ",Inside Sales Consultant,0,0,0.9999391436576843,6.085634231567383e-05,0.1,1,BERT:bert_class_weighted,Class weight
2000,emscad_14957,"Luxury British cocoa grower and chocolatier, Hotel Chocolat, was founded in 2004 to make exciting chocolate with three g",Health and Safety Manager,0,0,0.9999430775642395,5.692243576049805e-05,0.1,1,BERT:bert_class_weighted,Class weight
2001,emscad_14958,incrediblue is busting the myth that boating is only for the rich and famous by enabling any traveller to book an amazin,Sales Manager,0,0,0.9999086260795593,9.137392044067383e-05,0.1,1,BERT:bert_class_weighted,Class weight
2002,emscad_14970,"Dice is a highly specialized online marketing and software development firm headquartered in Portland, Oregon—the heart ",Sales Executive,0,0,0.9999483823776245,5.161762237548828e-05,0.1,1,BERT:bert_class_weighted,Class weight
2003,emscad_14973,"Social Care Alba is the highest graded Care at Home Company in the country. We hold awards in Investors in People, Healt",Support Worker (Personal Assistant),0,0,0.9999423623085022,5.7637691497802734e-05,0.1,1,BERT:bert_class_weighted,Class weight
2004,emscad_14982,Symmetry Financial Group was established with the goal of helping to bring balance to the professional and personal live,Insurance Sales Representative,0,0,0.999887228012085,0.00011277198791503906,0.1,1,BERT:bert_class_weighted,Class weight
2005,emscad_14984,"Even though we’ve been industry leaders for years, we’ve never lost sight of our primary goal: to serve and protect our ","Life Insurance Agent - East Bay, CA",0,0,0.9999364614486694,6.35385513305664e-05,0.1,1,BERT:bert_class_weighted,Class weight
2006,emscad_14988,"Finally, Picture This in Charleston is the first dealership marketing company that completes the marketing process for D",Receptionist | Administrative Assistant,0,0,0.999947726726532,5.227327346801758e-05,0.1,1,BERT:bert_class_weighted,Class weight
2007,emscad_15016,"Launched in 2010, Lyst is an innovative way to shop for fashion online that’s used by millions every month. Lyst partner",Data Scientist (Recommendations),0,0,0.999908983707428,9.101629257202148e-05,0.1,1,BERT:bert_class_weighted,Class weight
2008,emscad_15028,"Declara is focused on bringing data to life. Our technology platform uses machine learning, search, algorithms and recom",Product Manager (Mobile),0,0,0.9999260306358337,7.396936416625977e-05,0.1,1,BERT:bert_class_weighted,Class weight
2009,emscad_15042,"Advocate Construction is an up and coming leader in the disaster recovery industry, In early 2012, Advocate was founded ",Entry Level Sales and Marketing Rep - South Chicago and Indiana Area,0,0,0.9999274611473083,7.253885269165039e-05,0.1,1,BERT:bert_class_weighted,Class weight
2010,emscad_15058,About the Company:,Marketing Intern,0,0,0.9999485611915588,5.143880844116211e-05,0.1,1,BERT:bert_class_weighted,Class weight
2011,emscad_15068,"We design, deploy, and maintain advanced technologies that enable our customers to achieve operational excellence at sub",Security Engineer,0,0,0.9999400973320007,5.990266799926758e-05,0.1,1,BERT:bert_class_weighted,Class weight
2012,emscad_15071,MarkaVIP is the leading online fashion destination in the Middle East and North Africa. We build and curate amazing prod,Display RTB Specialist,0,0,0.9999352097511292,6.479024887084961e-05,0.1,1,BERT:bert_class_weighted,Class weight
2013,emscad_15075,PHP Laravel Web Developer needed for a fast growing company! We are transitioning from small single-entrepreneur busines,PHP Laravel Web Developer Hiring Today!,0,0,0.9999197125434875,8.028745651245117e-05,0.1,1,BERT:bert_class_weighted,Class weight
2014,emscad_15076,"Wiredrive is a fast growing, privately-owned SaaS company with headquarters in Marina del Rey and offices in New York Ci",Director of Product,0,0,0.9999452233314514,5.4776668548583984e-05,0.1,1,BERT:bert_class_weighted,Class weight
2015,emscad_15083,Do you want to help craft a product that enables thousands of people to launch their business ideas and help reshape the,Front End Developer,0,0,0.9999389052391052,6.109476089477539e-05,0.1,1,BERT:bert_class_weighted,Class weight
2016,emscad_15097,SnapStream is powerful television search technology used by organizations that want to put their finger on the pulse of ,Web Developer,0,0,0.999934732913971,6.526708602905273e-05,0.1,1,BERT:bert_class_weighted,Class weight
2017,emscad_15105,Want to build a 21st century financial service?,Research and Policy Intern (paid),0,0,0.9999277591705322,7.224082946777344e-05,0.1,1,BERT:bert_class_weighted,Class weight
2018,emscad_15126,"It's not about what brands say. It's what they do that matters. People are no longer satisfied with simply ""hearing"" a b",Senior Copywriter,0,0,0.9999302625656128,6.973743438720703e-05,0.1,1,BERT:bert_class_weighted,Class weight
2019,emscad_15130,Job Title: Sr. Network Engineer,Sr. Network Engineer,0,0,0.998077392578125,0.001922607421875,0.1,1,BERT:bert_class_weighted,Class weight
2020,emscad_15131,"Crossroads Treatment Centers is a nationally-accredited, medication-assisted, out-patient program that delivers fast, ef",Substance Abuse Counselor (Columbia Center),0,0,0.999944806098938,5.519390106201172e-05,0.1,1,BERT:bert_class_weighted,Class weight
2021,emscad_15132,"PINT is a leader in the web industry with 20 years of web design, software development and consulting experience. PINT's",Web Application Project Manager | Junior-level,0,0,0.9999489784240723,5.1021575927734375e-05,0.1,1,BERT:bert_class_weighted,Class weight
2022,emscad_15136,"We are a well established Web Development, Design and Marketing firm located in Wilmington, North Carolina. We offer a r",Web Developer/Programmer,0,0,0.9999499320983887,5.0067901611328125e-05,0.1,1,BERT:bert_class_weighted,Class weight
2023,emscad_15138,Inc42 is a technology focused media portal with extensive focus on innovation and creating value. In the past 6 months I,UI/UX Designer and Front-end Developer,0,0,0.9999428391456604,5.716085433959961e-05,0.1,1,BERT:bert_class_weighted,Class weight
2024,emscad_15139,"Namely is the leading end-to-end HR and payroll platform for growing companies. Offerings include human payroll, benefit",iOS Developer,0,0,0.9999398589134216,6.014108657836914e-05,0.1,1,BERT:bert_class_weighted,Class weight
2025,emscad_15154,The company was founded in 1980 as ‘Panther electronics’ and since 1990 operates under the name Semitron. In 1996 Semitr,C Senior Account Manager (German speaking),0,0,0.9999093413352966,9.065866470336914e-05,0.1,1,BERT:bert_class_weighted,Class weight
2026,emscad_15156,"Argenta Field Solutions values the client, creates income streams for them through our sales mechanism and focuses on qu",Sales Representative with Management Training - AT&T,0,0,0.9999516606330872,4.83393669128418e-05,0.1,1,BERT:bert_class_weighted,Class weight
2027,emscad_15159,Tile is one of the most successful crowd-funded campaigns in history and is building the world’s largest lost and found.,Senior Accountant,0,0,0.9999354481697083,6.455183029174805e-05,0.1,1,BERT:bert_class_weighted,Class weight
2028,emscad_15160,We Provide Full Time Permanent Positions for many medium to large US companies. We are interested in finding/recruiting ,Technical Manager - LAMINATION EXP R&D EPA FDA OSHA - IL,0,0,0.9999266266822815,7.337331771850586e-05,0.1,1,BERT:bert_class_weighted,Class weight
2029,emscad_15167,"ustwo offers you the opportunity to be yourself, whilst delivering the best work on the planet for some of the biggest a",Agile/Team Coach,0,0,0.9999046325683594,9.5367431640625e-05,0.1,1,BERT:bert_class_weighted,Class weight
2030,emscad_15171,Imperative is a movement to evolve the economy into one driven by purpose. We believe in a more human world where by bet,Senior Web Developer,0,0,0.999943733215332,5.626678466796875e-05,0.1,1,BERT:bert_class_weighted,Class weight
2031,emscad_15179,The story of the Great Chicago Fire of 1871 isn’t really about the fire. It’s about what happened next: A remarkable mom,iOS Engineer - StageBloc,0,0,0.9999209642410278,7.903575897216797e-05,0.1,1,BERT:bert_class_weighted,Class weight
2032,emscad_15182,Job Profile Title: Travel Sales Executive,Travel sales executive,0,0,0.9998706579208374,0.00012934207916259766,0.1,1,BERT:bert_class_weighted,Class weight
2033,emscad_15189,#URL_1d83f1a3e1e8a88f4c1622930ea14a4f0d6591065c616ef0acac986862cdfd9a# is looking for people who want to have a lot of f,Commissioned Sales Rep - Nationwide,0,0,0.9994807243347168,0.0005192756652832031,0.1,1,BERT:bert_class_weighted,Class weight
2034,emscad_15195,Millionaires In Training Recruiting Group specializes in placing qualified job seekers in the most successful direct sal,Sales Representative,0,0,0.9998818039894104,0.00011819601058959961,0.1,1,BERT:bert_class_weighted,Class weight
2035,emscad_15205,Upstream’s mission is to revolutionise the way companies market to consumers through cutting edge technology. This is an,Creative Copywriter,0,0,0.9999426007270813,5.739927291870117e-05,0.1,1,BERT:bert_class_weighted,Class weight
2036,emscad_15207,Unify — formerly known as Siemens Enterprise Communications — is a premier communications software and services firms. O,Software Test Automation Engineer,0,0,0.9999260306358337,7.396936416625977e-05,0.1,1,BERT:bert_class_weighted,Class weight
2037,emscad_15211,"Advocate Construction is an up and coming leader in the disaster recovery industry, In early 2012, Advocate was founded ",Construction Management - Chicagoland Area,0,0,0.9999428391456604,5.716085433959961e-05,0.1,1,BERT:bert_class_weighted,Class weight
2038,emscad_15212,If working in a cubical seems like your idea of hell then joining our awesome startup team might be the opportunity you’,Head of Product Design,0,0,0.9999483823776245,5.161762237548828e-05,0.1,1,BERT:bert_class_weighted,Class weight
2039,emscad_15217,"Entertainment everywhere. Operating under the StarzPlay brand, Playco Ltd., delivers a premium video-on-demand service. ",Lead Designer,0,0,0.9999475479125977,5.245208740234375e-05,0.1,1,BERT:bert_class_weighted,Class weight
2040,emscad_15221,All applicants must review the job description on the HWS Human Resources website and submit applications directly to Hu,Area Coordinator (Anticipated),0,0,0.9997153282165527,0.0002846717834472656,0.1,1,BERT:bert_class_weighted,Class weight
2041,emscad_15226,Take Out Brands is a food franchise business with a #URL_4524df5c91ce800c4ba16ef1406d622db7d51d37105a7fcee27521e61854615,Store Manager - Papa John's Pizza,0,0,0.9999369978904724,6.300210952758789e-05,0.1,1,BERT:bert_class_weighted,Class weight
2042,emscad_15230,MarketInvoice is one of the most high-profile London based fin-tech companies. The Company is Europe’s leading P2P invoi,Investor Development Associate,0,0,0.99993497133255,6.502866744995117e-05,0.1,1,BERT:bert_class_weighted,Class weight
2043,emscad_15236,"Lobo is an international recruitment agency that offers a wide range of HR services - recruiting, outsourcing, training,",Sales and Recruitment Intern,0,0,0.9999354481697083,6.455183029174805e-05,0.1,1,BERT:bert_class_weighted,Class weight
2044,emscad_15237,Workable is a venture-backed startup making cloud-based recruitment software for fast-growing companies around the world,Developer,0,0,0.9999428391456604,5.716085433959961e-05,0.1,1,BERT:bert_class_weighted,Class weight
2045,emscad_15239,Position: Graphite Expert,Graphite Expert (Remote Position),1,0,0.9998089075088501,0.00019109249114990234,0.1,0,BERT:bert_class_weighted,Class weight
2046,emscad_15245,"J-Curve Technologies, a privately held Arizona-based organization, is an award-winning premier outsourcer of shared tech",Overnight Technical Support Specialist,0,0,0.9998644590377808,0.00013554096221923828,0.1,1,BERT:bert_class_weighted,Class weight
2047,emscad_15270,SQLearn has an extensive experience and expertise in the elearning field. Dominates the Greek elearning market and has c,Elearning Sales/Business Development,0,0,0.9999381899833679,6.181001663208008e-05,0.1,1,BERT:bert_class_weighted,Class weight
2048,emscad_15305,41studio is a Ruby on Rails and Mobile Apps Development Company,HRD Staff,0,0,0.999908983707428,9.101629257202148e-05,0.1,1,BERT:bert_class_weighted,Class weight
2049,emscad_15334,Job Responsibilities:,Compliance Analyst,0,0,0.9996140003204346,0.0003859996795654297,0.1,1,BERT:bert_class_weighted,Class weight
2050,emscad_15353,Envision Consulting conducts retained searches for nonprofit clients seeking to expand and enhance their mission through,Submit Your Resume for Upcoming Positions,0,0,0.999570369720459,0.0004296302795410156,0.1,1,BERT:bert_class_weighted,Class weight
2051,emscad_15356,"Valor Services provides Workforce Solutions that meet the needs of companies across the Private Sector, with a special f",Jr. Buyer,0,0,0.9999505281448364,4.947185516357422e-05,0.1,1,BERT:bert_class_weighted,Class weight
2052,emscad_15369,Role: System Admin (Solaris 9/10),System Admin (Solaris 9/10) || Uniondale NY or Herndon VA || 4+ Months ||,0,1,0.0,1.0,0.1,0,BERT:bert_class_weighted,Class weight
2053,emscad_15373,"#URL_a397afc00bff956382eec8b3826bbd79bd4cbade11c565390118c0c00292b77e# is a venture funded, successful UK startup buildi",Senior JavaScript incl. AngularJS,0,0,0.999947726726532,5.227327346801758e-05,0.1,1,BERT:bert_class_weighted,Class weight
2054,emscad_15376,We Provide Full Time Permanent Positions for many medium to large US companies. We are interested in finding/recruiting ,.NET Developer,0,0,0.9999405741691589,5.942583084106445e-05,0.1,1,BERT:bert_class_weighted,Class weight
2055,emscad_15383,About the Company We are ticketscript - the European market leaders in digital self-ticketing. Whether it’s massive danc,Head of Sales Benelux,0,0,0.9999313354492188,6.866455078125e-05,0.1,1,BERT:bert_class_weighted,Class weight
2056,emscad_15391,"DICE gets fans the best tickets at face value with No Booking Fees. We're based in Shoreditch, London and 100% mobile so",Design Internship,0,0,0.9999039173126221,9.608268737792969e-05,0.1,1,BERT:bert_class_weighted,Class weight
2057,emscad_15406,"Babbel enables anyone to learn languages in an easy and interactive way. The learning system offers 13 languages, from E",Marketing Manager Germany,0,0,0.9999344348907471,6.556510925292969e-05,0.1,1,BERT:bert_class_weighted,Class weight
2058,emscad_15412,ActionIQ is a stealth startup building the next generation of data-driven business applications. It is based in New York,"Member of Technical Staff, Frontend UI",0,0,0.9999487400054932,5.125999450683594e-05,0.1,1,BERT:bert_class_weighted,Class weight
2059,emscad_15418,"At Atlas Lift Tech, safety always comes first! We are a fast growing company with an innovative vision of making Safe Pa",Internal Candidates - Senior Lift Coach,0,0,0.9999421834945679,5.7816505432128906e-05,0.1,1,BERT:bert_class_weighted,Class weight
2060,emscad_15430,"Freelanship connects experience providers, offering project-based internships, with experience seekers, looking for flex",Awesome freelance journalist (long-form),0,0,0.9999008178710938,9.918212890625e-05,0.1,1,BERT:bert_class_weighted,Class weight
2061,emscad_15434,"Namely is the leading end-to-end HR and payroll platform for growing companies. Offerings include human payroll, benefit",Project Manager,0,0,0.9999450445175171,5.4955482482910156e-05,0.1,1,BERT:bert_class_weighted,Class weight
2062,emscad_15438,hello world,User Experience and Interaction Designer,0,0,0.9999374747276306,6.252527236938477e-05,0.1,1,BERT:bert_class_weighted,Class weight
2063,emscad_15454,Want to build a 21st century financial service?,Community Ambassador Polish-speaking (Remote),0,0,0.9999057650566101,9.423494338989258e-05,0.1,1,BERT:bert_class_weighted,Class weight
2064,emscad_15455,We take the hassle out of finding and booking a cleaner. We are currently in the UK but we have big plans and we want an,Ruby on Rails engineer,0,0,0.9999321103096008,6.788969039916992e-05,0.1,1,BERT:bert_class_weighted,Class weight
2065,emscad_15473,"Optimal Business Action was created in 2005 in order to provide high quality, personalized HR services to medium and lar",Compliance & Controls Coordinator,0,0,0.9999481439590454,5.1856040954589844e-05,0.1,1,BERT:bert_class_weighted,Class weight
2066,emscad_15474,"Vend is looking for some awesome new talent to come join us. You'll be working in an awesome team doing awesome things, ",Marketing Manager,0,0,0.9999432563781738,5.6743621826171875e-05,0.1,1,BERT:bert_class_weighted,Class weight
2067,emscad_15476,"OgilvyOne worldwide, Athens was established in 1987. The company provides Digital, CRM and Promotional services to Greek",Digital Account Manager,0,0,0.9999379515647888,6.204843521118164e-05,0.1,1,BERT:bert_class_weighted,Class weight
2068,emscad_15480,As a student ambassador your role will involve actively promoting Capital Placement as much as possible. We are looking ,Student Ambasador,0,0,0.9998266696929932,0.00017333030700683594,0.1,1,BERT:bert_class_weighted,Class weight
2069,emscad_15485,About ECHOING GREEN :,Senior Associate Corporate Relations,0,0,0.99993497133255,6.502866744995117e-05,0.1,1,BERT:bert_class_weighted,Class weight
2070,emscad_15488,We Provide Full Time Permanent Positions for many medium to large US companies. We are interested in finding/recruiting ,"Jr Application Developer - Madison, WI",0,0,0.99994957447052,5.042552947998047e-05,0.1,1,BERT:bert_class_weighted,Class weight
2071,emscad_15493,HeaderLabs is one of the quickest increasing Technical organizations in Delhi-NCR area We create SAAS and Cellular items,Opening fo Ruby on Rails Developer (ROR) (Gurgaon),0,0,0.9999450445175171,5.4955482482910156e-05,0.1,1,BERT:bert_class_weighted,Class weight
2072,emscad_15497,MERL's internship program gives students excellent opportunities to work in an industrial research lab environment side-,Robust speech recognition and understanding,0,0,0.999868631362915,0.00013136863708496094,0.1,1,BERT:bert_class_weighted,Class weight
2073,emscad_15501,"Retailers around the world are constantly working to keep customers coming into their stores. It’s not a new challenge, ",Business Analyst,0,0,0.9999260306358337,7.396936416625977e-05,0.1,1,BERT:bert_class_weighted,Class weight
2074,emscad_15503,Want to build a 21st century financial service?,Social Ads Intern (paid internship),0,0,0.999923050403595,7.69495964050293e-05,0.1,1,BERT:bert_class_weighted,Class weight
2075,emscad_15508,Contentful ( #URL_0252efddcbc4b8f51969fca7b054595976ea4678fd880b3653151e618d447b33# ) is an API-first content management,Frontend Javascript/AngularJS developer,0,0,0.9999441504478455,5.5849552154541016e-05,0.1,1,BERT:bert_class_weighted,Class weight
2076,emscad_15523,"Tradable's award winning platform helps brokers solve the needs of their most demanding clients. Born open, our APIs all",Intern at Tradable,0,0,0.9999516606330872,4.83393669128418e-05,0.1,1,BERT:bert_class_weighted,Class weight
2077,emscad_15525,HeaderLabs is one of the quickest increasing Technical organizations in Delhi-NCR area We create SAAS and Cellular items,Opening for Business Development/ Market Research,0,0,0.99994957447052,5.042552947998047e-05,0.1,1,BERT:bert_class_weighted,Class weight
2078,emscad_15528,Making Quality Metrics Actionable,Sr. Data Engineer,0,0,0.999950110912323,4.988908767700195e-05,0.1,1,BERT:bert_class_weighted,Class weight
2079,emscad_15532,"We are looking for a CNC programmer/operator that can fully facilitate our manufacturing process, uphold quality and saf",cnc operator trainee,0,0,0.9998756647109985,0.00012433528900146484,0.1,1,BERT:bert_class_weighted,Class weight
2080,emscad_15534,MediaMonks is the biggest creative digital production company on the planet . We specialize in working for and with adve,Sr. Digital Producer,0,0,0.999934196472168,6.580352783203125e-05,0.1,1,BERT:bert_class_weighted,Class weight
2081,emscad_15535,"TrendKite helps PR professionals and agencies build a timely, highly accurate picture of their brands' media coverage wi",Senior Software Engineer/Architect (Java/Solr/ElasticSearch),0,0,0.9999513030052185,4.869699478149414e-05,0.1,1,BERT:bert_class_weighted,Class weight
2082,emscad_15540,We Provide Full Time Permanent Positions for many medium to large US companies. We are interested in finding/recruiting ,"Master Scheduler/ Materials Manager Job In cincinnati, OH",0,0,0.9999305009841919,6.949901580810547e-05,0.1,1,BERT:bert_class_weighted,Class weight
2083,emscad_15548,"One Design Company is a digital design, strategy and development agency. We’ve called Chicago our home for nearly a deca",Senior Web Developer,0,0,0.9999467134475708,5.328655242919922e-05,0.1,1,BERT:bert_class_weighted,Class weight
2084,emscad_15559,"At Hayes-Corp, we create the fun stuff. With a focus on software development for mobile platforms, we are constantly loo",Digital Marketing Manager - SEO/SEM,0,0,0.9999475479125977,5.245208740234375e-05,0.1,1,BERT:bert_class_weighted,Class weight
2085,emscad_15568,"We are an digital product agency specialising in web and mobile development. Established in 2006, we have offices in Sin",Software Engineer - Server,0,0,0.9999423623085022,5.7637691497802734e-05,0.1,1,BERT:bert_class_weighted,Class weight
2086,emscad_15570,"Propoint provides custom, visual solutions that help our corporate clients engage their audience, win big, and set them ",Motion Graphics Designer,0,0,0.999944806098938,5.519390106201172e-05,0.1,1,BERT:bert_class_weighted,Class weight
2087,emscad_15588,"Ryanair is Europe’s favourite low fares airline, operating more than 1,600 daily flights (over 500,000 per year) from 69",Finance and Operations Systems Manager,0,0,0.9999128580093384,8.71419906616211e-05,0.1,1,BERT:bert_class_weighted,Class weight
2088,emscad_15598,"SpotSource Solutions LLC is a Global Human Capital Management Consulting firm headquartered in Miami, Florida. Founded i",Sr. Digital Marketing Account Manager,0,0,0.9999471306800842,5.2869319915771484e-05,0.1,1,BERT:bert_class_weighted,Class weight
2089,emscad_15602,"WebLinc is the e-commerce platform and services provider for the fastest growing online retailers. WebLinc’s modern, agi",Sr. Visual Designer,0,0,0.9999426007270813,5.739927291870117e-05,0.1,1,BERT:bert_class_weighted,Class weight
2090,emscad_15621,"We run #URL_34e817f2a402b90fa03423a629596c1d7d48cd15c859b303842003275d56829c# , a SaaS form management solution that hel",UX Engineer,0,0,0.9999299645423889,7.003545761108398e-05,0.1,1,BERT:bert_class_weighted,Class weight
2091,emscad_15629,#URL_73cd1d86897d9c7b653551bab4d3554986c583bd9228d2ca840002eaa46e3163# is a cloud infrastructure services provider and i,Frontend Developer,0,0,0.9999313354492188,6.866455078125e-05,0.1,1,BERT:bert_class_weighted,Class weight
2092,emscad_15632,Zylun’s mission is to help small and medium size enterprises take advantage of a highly skilled global workforce in a si,RUBY ON RAILS DEVELOPER,0,0,0.9999419450759888,5.805492401123047e-05,0.1,1,BERT:bert_class_weighted,Class weight
2093,emscad_15638,"One Zero Capital is an investment holding company focused on the convergence of technology, consumer finance, and credit",Senior Accountant,0,0,0.9997934103012085,0.0002065896987915039,0.1,1,BERT:bert_class_weighted,Class weight
2094,emscad_15641,"Retailers around the world are constantly working to keep customers coming into their stores. It’s not a new challenge, ",Senior .NET Developer (Azure),0,0,0.9999473094940186,5.269050598144531e-05,0.1,1,BERT:bert_class_weighted,Class weight
2095,emscad_15647,Visual BI is one of the leading and fastest growing firms focusing exclusively on BI & Analytics. Our offerings cover en,SALES / Business Development Intern,0,0,0.9999513030052185,4.869699478149414e-05,0.1,1,BERT:bert_class_weighted,Class weight
2096,emscad_15652,"Shyp is the easiest way to send anything, anywhere.",Product / QA Intern,0,0,0.9999171495437622,8.285045623779297e-05,0.1,1,BERT:bert_class_weighted,Class weight
2097,emscad_15657,Hello Show is transforming the way real estate agents communicate and schedule. We have created an easy to use schedulin,Lead Developer for Rails Application,0,0,0.999940812587738,5.918741226196289e-05,0.1,1,BERT:bert_class_weighted,Class weight
2098,emscad_15661,"Traffic Safety Systems, Innovation & Partnership",Desktop Support Administrator,0,0,0.9999465346336365,5.346536636352539e-05,0.1,1,BERT:bert_class_weighted,Class weight
2099,emscad_15671,"We're an emerging technology agency, and we build breakthrough products through user-centered design. We're building a t",iOS Engineer,0,0,0.9999503493309021,4.965066909790039e-05,0.1,1,BERT:bert_class_weighted,Class weight
2100,emscad_15683,"Based in Tokyo, we are an international team of engineers and consultants who are dedicated to pushing the boundaries of",Server Operator/Monitoring and optimization specialist,0,0,0.9999513030052185,4.869699478149414e-05,0.1,1,BERT:bert_class_weighted,Class weight
2101,emscad_15685,"Red Star Yeast Company LLC (RSYC), a leader in the Yeast Manufacturing Industry, is a joint venture between Lesaffre Yea",Maintenance Planner,0,0,0.9998840689659119,0.00011593103408813477,0.1,1,BERT:bert_class_weighted,Class weight
2102,emscad_15692,"We're a not so traditional, fun filled, results driven marketing agency of 16 full time marketing, design, development, ",Sales Rep / Sales Development Representative,0,0,0.9998964667320251,0.00010353326797485352,0.1,1,BERT:bert_class_weighted,Class weight
2103,emscad_15700,We Provide Full Time Permanent Positions for many medium to large US companies. We are interested in finding/recruiting ,Maintenance Engineer - Industry Exp MS Office - PA,0,0,0.9999260306358337,7.396936416625977e-05,0.1,1,BERT:bert_class_weighted,Class weight
2104,emscad_15701,At Founders we create companies. We are are a team of people who constantly work and experiment with business models app,Developer,0,0,0.999944806098938,5.519390106201172e-05,0.1,1,BERT:bert_class_weighted,Class weight
2105,emscad_15704,Take Out Brands is a food franchise business with a #URL_4524df5c91ce800c4ba16ef1406d622db7d51d37105a7fcee27521e61854615,Store Manager - Papa John's Pizza,0,0,0.9999369978904724,6.300210952758789e-05,0.1,1,BERT:bert_class_weighted,Class weight
2106,emscad_15715,"WebLinc is the e-commerce platform and services provider for the fastest growing online retailers. WebLinc’s modern, agi",User Experience Designer,0,0,0.9999391436576843,6.085634231567383e-05,0.1,1,BERT:bert_class_weighted,Class weight
2107,emscad_15719,"Critical Nurse Staffing, Inc. is enrolled with the U.S Department of Labor to provide nursing care to the former defense","Home Health Aide-Montrose, CO",0,0,0.9999410510063171,5.894899368286133e-05,0.1,1,BERT:bert_class_weighted,Class weight
2108,emscad_15729,"Daily Secret is one of the fastest growing digital media brand for premium audiences around the world, serving 1.8 milli",Business Development Director,0,0,0.9999282956123352,7.170438766479492e-05,0.1,1,BERT:bert_class_weighted,Class weight
2109,emscad_15736,"Founded in 2010 by a team from Google’s London and New York offices, Qubit work with some of the biggest names in Online",Executive Analyst,0,0,0.999945878982544,5.412101745605469e-05,0.1,1,BERT:bert_class_weighted,Class weight
2110,emscad_15741,LetterStream is an innovative printing and mailing company leveraging automation to assist our customers in accomplishin,Part-time Warehouse Help,0,0,0.9999432563781738,5.6743621826171875e-05,0.1,1,BERT:bert_class_weighted,Class weight
2111,emscad_15743,Can data be a thing of beauty? We think so.,"Data Solutions Consultant (Portland, OR)",0,0,0.9999493360519409,5.066394805908203e-05,0.1,1,BERT:bert_class_weighted,Class weight
2112,emscad_15745,Burns & McBride has been providing quality home service solutions for generations.,HVAC Technician,0,0,0.9999507069587708,4.929304122924805e-05,0.1,1,BERT:bert_class_weighted,Class weight
2113,emscad_15746,Nectar Creative Communications is a Queensland based specialist events and communication agency that believes in the str,Event Coordinator,0,0,0.9999266266822815,7.337331771850586e-05,0.1,1,BERT:bert_class_weighted,Class weight
2114,emscad_15764,Thanks for visiting our Job Board. Please review our open positions and apply to the positions that match your qualifica,Training Manager,0,0,0.9999428391456604,5.716085433959961e-05,0.1,1,BERT:bert_class_weighted,Class weight
2115,emscad_15767,Playfair Capital is an early stage technology investment fund based in London.,Global Business Development Manager,0,0,0.9999405741691589,5.942583084106445e-05,0.1,1,BERT:bert_class_weighted,Class weight
2116,emscad_15771,Want to build a 21st century financial service?,Digital Marketing Intern (paid),0,0,0.9999364614486694,6.35385513305664e-05,0.1,1,BERT:bert_class_weighted,Class weight
2117,emscad_15774,"As augmented reality jobs go, one at Blippar is hard to beat. We are a rapidly expanding creative startup at the forefro",Windows Phone App / UI Developer,0,0,0.9999485611915588,5.143880844116211e-05,0.1,1,BERT:bert_class_weighted,Class weight
2118,emscad_15776,We take the hassle out of finding and booking a cleaner. We are currently in the UK but we have big plans and we want an,Customer Service Associate,0,0,0.9999012351036072,9.876489639282227e-05,0.1,1,BERT:bert_class_weighted,Class weight
2119,emscad_15777,"Daily Secret is one of the fastest growing digital media brand for premium audiences around the world, serving 1.8 milli",Business Development Director,0,0,0.9999271631240845,7.283687591552734e-05,0.1,1,BERT:bert_class_weighted,Class weight
2120,emscad_15784,"Shapeways is the leading 3D printing marketplace and community, empowering designers to bring amazing products to life. ",Engineering Team Lead,0,0,0.9999417066574097,5.829334259033203e-05,0.1,1,BERT:bert_class_weighted,Class weight
2121,emscad_15786,Phoenix Home Care came to be as a result of our commitment to improve the quality of life for those we serve. Each of ou,Licensed Practical Nurse (LPN)- Full Time,0,0,0.9999469518661499,5.3048133850097656e-05,0.1,1,BERT:bert_class_weighted,Class weight
2122,emscad_15793,Outstanding Member Service Starts With Outstanding People,Collection Specialist,0,0,0.9998147487640381,0.00018525123596191406,0.1,1,BERT:bert_class_weighted,Class weight
2123,emscad_15798,"Freelanship connects experience providers, offering project-based internships, with experience seekers, looking for flex",Amazing Graphic Designer for Homepage,0,0,0.9999141693115234,8.58306884765625e-05,0.1,1,BERT:bert_class_weighted,Class weight
2124,emscad_15807,Medium-sized metal fabricating/job shop is in need of another mechanical engineer or designer. We are a sheet metal job ,Mechanical Drafter / Designer,0,0,0.999925434589386,7.456541061401367e-05,0.1,1,BERT:bert_class_weighted,Class weight
2125,emscad_15808,"Restrooms : Clean and disinfect sinks, countertops, toilets, mirrors, floors, etc. Replenish bathroom supplies. Polish m",Retail Store Cleaner,0,0,0.9999240040779114,7.599592208862305e-05,0.1,1,BERT:bert_class_weighted,Class weight
2126,emscad_15813,#URL_c379aa631173ed5b7c345ab3f500a9a053e509138ca70e52c1088e5a784dc8d7# is a modern online travel agency that was founded,Search Engine Marketing Supervisor,0,0,0.9999354481697083,6.455183029174805e-05,0.1,1,BERT:bert_class_weighted,Class weight
2127,emscad_15823,Η εταιρεία AMCO ABEE είναι μια δυναμικά αναπτυσσόμενη εταιρεία που δραστηριοποιείται στην παροχή ολοκληρωμένων λύσεων αυ,Senior Software Engineer,0,0,0.9999181032180786,8.189678192138672e-05,0.1,1,BERT:bert_class_weighted,Class weight
2128,emscad_15836,Take Out Brands is a food franchise business with a #URL_4524df5c91ce800c4ba16ef1406d622db7d51d37105a7fcee27521e61854615,Part-time In-Store Assistants (Papa John's Pizza),0,0,0.9999379515647888,6.204843521118164e-05,0.1,1,BERT:bert_class_weighted,Class weight
2129,emscad_15843,in Bielefeld (Germany) or remote – The position is open from now,Web Content Writer (m/f),0,0,0.9999423623085022,5.7637691497802734e-05,0.1,1,BERT:bert_class_weighted,Class weight
2130,emscad_15847,"Optimal Business Action was created in 2005 in order to provide high quality, personalized HR services to medium and lar",Sales & Marketing Assistant,0,0,0.999947726726532,5.227327346801758e-05,0.1,1,BERT:bert_class_weighted,Class weight
2131,emscad_15856,"Ryanair is Europe’s favourite low fares airline, operating more than 1,600 daily flights (over 500,000 per year) from 69",Wintel Engineer,0,0,0.9999096989631653,9.03010368347168e-05,0.1,1,BERT:bert_class_weighted,Class weight
2132,emscad_15858,"Tidewater Finance Co. was established in 1992 for the initial purpose of purchasing, and servicing retail installment co",Collection Account Representatives,0,0,0.999943733215332,5.626678466796875e-05,0.1,1,BERT:bert_class_weighted,Class weight
2133,emscad_15864,"Anittel is an ASX listed company providing IT & telecommunications services and solutions, with 17 offices throughout Au",Support Engineer,0,0,0.9999039173126221,9.608268737792969e-05,0.1,1,BERT:bert_class_weighted,Class weight
2134,emscad_15867,"Founded in 2000, Axxess Industries is an innovative electronics, software and signage workshop changing how people and t",Electronics Designer,0,0,0.9999326467514038,6.73532485961914e-05,0.1,1,BERT:bert_class_weighted,Class weight
2135,emscad_15869,"ForeFront (Fair Haven, NJ) is a fast-growing business & technology consulting firm. Our focus is integrating cloud apps ",Release Manager,0,0,0.999938428401947,6.157159805297852e-05,0.1,1,BERT:bert_class_weighted,Class weight
2136,emscad_15874,"Tidewater Finance Co. was established in 1992 for the initial purpose of purchasing, and servicing retail installment co",Collections Representatives,0,0,0.9999452233314514,5.4776668548583984e-05,0.1,1,BERT:bert_class_weighted,Class weight
2137,emscad_15875,"Places Senior Technology and Data professionals nationwide with a focus on Software Engineering, Big Data, Analytics, Bu",Senior Database Analyst,0,0,0.9998650550842285,0.00013494491577148438,0.1,1,BERT:bert_class_weighted,Class weight
2138,emscad_15878,"Reporting to the CRM & BI Director. The head of Loyalty will be responsible for the design, development, ongoing managem",Head of Loyalty,0,0,0.9997612237930298,0.00023877620697021484,0.1,1,BERT:bert_class_weighted,Class weight
2139,emscad_15883,"Vend is looking for some awesome new talent to come join us. You'll be working in an awesome team doing awesome things, ",Tax Accountant,0,0,0.999933660030365,6.633996963500977e-05,0.1,1,BERT:bert_class_weighted,Class weight
2140,emscad_15889,EROAD was established to modernise New Zealand’s paper-based RUC regime and in 2009 launched the world’s first GPS/cellu,Regional Sales Manager - Lower North Island,0,0,0.9999511241912842,4.887580871582031e-05,0.1,1,BERT:bert_class_weighted,Class weight
2141,emscad_15906,Outstanding Member Service Starts With Outstanding People,Branch Associate,0,0,0.9998458623886108,0.00015413761138916016,0.1,1,BERT:bert_class_weighted,Class weight
2142,emscad_15911,"Horizon Software International, LLC is an industry-leading food service management technology company. The company’s sta",Sales Proposal Manager,0,0,0.9999181032180786,8.189678192138672e-05,0.1,1,BERT:bert_class_weighted,Class weight
2143,emscad_15913,"Our team is made of designers, physics wizards, educators, writers, musicians, and illustrators. We work together to bui",Intern: Editorial & Research,0,0,0.9999352097511292,6.479024887084961e-05,0.1,1,BERT:bert_class_weighted,Class weight
2144,emscad_15915,"CRM Specialist is responsible for helping lead, monitor and ensure that all CRM initiatives / projects are delivered acc",CRM Specialist,0,0,0.9999128580093384,8.71419906616211e-05,0.1,1,BERT:bert_class_weighted,Class weight
2145,emscad_15917,About ECHOING GREEN :,Associate to the Executive Office,0,0,0.9999334216117859,6.657838821411133e-05,0.1,1,BERT:bert_class_weighted,Class weight
2146,emscad_15919,"Located in the heart of downtown Kansas City, we’re redefining the future of fan engagement and innovative business solu",Android Developer,0,0,0.9999462962150574,5.370378494262695e-05,0.1,1,BERT:bert_class_weighted,Class weight
2147,emscad_15931,Position: Software Development Engineer,Software Development engineer,1,1,0.00048828125,0.99951171875,0.1,1,BERT:bert_class_weighted,Class weight
2148,emscad_15933,"As augmented reality jobs go, one at Blippar is hard to beat. We are a rapidly expanding creative startup at the forefro",Project Lead,0,0,0.9999405741691589,5.942583084106445e-05,0.1,1,BERT:bert_class_weighted,Class weight
2149,emscad_15936,Innovative streetwear and clothes you can play with. Soon in a crowdfunding platform near you.,"Apparel, Streetwear Designer",0,0,0.9998952746391296,0.00010472536087036133,0.1,1,BERT:bert_class_weighted,Class weight
2150,emscad_15939,The Albany Charter School Network is a family of charter schools in the City of Albany that works to prepare children fo,High School Algebra Teacher,0,0,0.9999398589134216,6.014108657836914e-05,0.1,1,BERT:bert_class_weighted,Class weight
2151,emscad_15945,Maguru helps small businesses get more customers though efficient and fair priced managed online marketing.,Project Manager,0,0,0.999938428401947,6.157159805297852e-05,0.1,1,BERT:bert_class_weighted,Class weight
2152,emscad_15955,"The MarketMaker4 leadership team has extensive experience in e-procurement, online auctions, market intelligence, strate",Information Security Consultant - Chicago Based,0,0,0.9999398589134216,6.014108657836914e-05,0.1,1,BERT:bert_class_weighted,Class weight
2153,emscad_15956,"Agile Actors is looking for talented, pasionate JEE software engineers . The successful candidates will work in cross-fu",JEE Web Development Specialist,0,0,0.9999377131462097,6.22868537902832e-05,0.1,1,BERT:bert_class_weighted,Class weight
2154,emscad_15960,Enter sales orders into system,Order Admin/ $15hr,0,1,0.0,1.0,0.1,0,BERT:bert_class_weighted,Class weight
2155,emscad_15962,"Empower America is mission driven to recruit, train and employ our military veterans into careers in renewable energy th",Military Veterans Wanted for Solar Sales Advisor,0,0,0.9999414682388306,5.8531761169433594e-05,0.1,1,BERT:bert_class_weighted,Class weight
2156,emscad_15972,"Based in the heart of the City, this exceptional opportunity as City Launcher in a fast-growing tech start-up is a chall",City Launcher,0,0,0.9999359846115112,6.401538848876953e-05,0.1,1,BERT:bert_class_weighted,Class weight
2157,emscad_15981,"We’re on the hunt for talented, energetic individuals who’re looking to gain experience, and pick some new tricks from a",Marketing Internship,0,0,0.999504566192627,0.0004954338073730469,0.1,1,BERT:bert_class_weighted,Class weight
2158,emscad_15988,Green Street Advisors is the industry leader in real estate and real estate investment trust (REITs) research for over 2,2015 Undergrad- Equity Sales and Trading Associate,0,0,0.9999364614486694,6.35385513305664e-05,0.1,1,BERT:bert_class_weighted,Class weight
2159,emscad_16002,A Test Analyst is needed to support the pre-deployment testing efforts of a new website . You will be required to perfor,Test Analyst,0,0,0.9998722076416016,0.0001277923583984375,0.1,1,BERT:bert_class_weighted,Class weight
2160,emscad_16026,We Provide Full Time Permanent Positions for many medium to large US companies. We are interested in finding/recruiting ,Process Control Engineer - TX,0,0,0.9999421834945679,5.7816505432128906e-05,0.1,1,BERT:bert_class_weighted,Class weight
2161,emscad_16037,Our team is carefully balanced with the best specialists in the healthcare market and experts in web development and use,Junior Product Specialist with Russian (Top MiniGun!),0,0,0.9999432563781738,5.6743621826171875e-05,0.1,1,BERT:bert_class_weighted,Class weight
2162,emscad_16041,"HRdownloads was founded in 2008, and since that time has evolved to become the leader in delivering strategic Human Reso",Junior Web Developer,0,0,0.999947726726532,5.227327346801758e-05,0.1,1,BERT:bert_class_weighted,Class weight
2163,emscad_16048,"CloudSymphony is a leading European Salesforce Consulting Partner. Over the past two years, CloudSymphony has built an e",Project Manager,0,0,0.9999381899833679,6.181001663208008e-05,0.1,1,BERT:bert_class_weighted,Class weight
2164,emscad_16055,CallCentre People Recruitment is recognised as being specialists within the CallCentre industry.,Outbound Sales Consultant,0,0,0.9999434947967529,5.650520324707031e-05,0.1,1,BERT:bert_class_weighted,Class weight
2165,emscad_16063,"Welcome to Groove, one of the fastest-growing and high-energy dance production companies in the nation! At Groove, we st",Non-CDL Seasonal Truck Drivers Wanted,0,0,0.9999439120292664,5.608797073364258e-05,0.1,1,BERT:bert_class_weighted,Class weight
2166,emscad_16070,We Provide Full Time Permanent Positions for many medium to large US companies. We are interested in finding/recruiting ,Senior Strategic Buyer - Supply Chain MS Office - PA,0,0,0.9999403357505798,5.9664249420166016e-05,0.1,1,BERT:bert_class_weighted,Class weight
2167,emscad_16081,Casper is a sleep startup that re-imagines the experience of purchasing a mattress. We launched in April 2014 with an ou,Talent Acquisition Manager,0,0,0.9999263286590576,7.367134094238281e-05,0.1,1,BERT:bert_class_weighted,Class weight
2168,emscad_16121,"Planning Center Online has been making revolutionary applications for churches since 2006. Our premier product, Planning",Office Manager,0,0,0.999947726726532,5.227327346801758e-05,0.1,1,BERT:bert_class_weighted,Class weight
2169,emscad_16128,"""Our mission to our clients is to preserve their independence, enhance their quality of life, promote health & wellbeing",Caregiver-Dowagiac,0,0,0.9999439120292664,5.608797073364258e-05,0.1,1,BERT:bert_class_weighted,Class weight
2170,emscad_16131,EROAD was established to modernise New Zealand’s paper-based RUC regime and in 2009 launched the world’s first GPS/cellu,Graduate Opportunity: Firmware Developer,0,0,0.99994957447052,5.042552947998047e-05,0.1,1,BERT:bert_class_weighted,Class weight
2171,emscad_16144,Yoyo has built a platform the creates better relationships between retailers and consumers. Our consumer app seamlessly ,Marketing Director,0,0,0.9999324083328247,6.759166717529297e-05,0.1,1,BERT:bert_class_weighted,Class weight
2172,emscad_16149,"Cloudit specialise in web based, leading-edge technologies which help drive your business forward. With over 20 years in",Junior Software Engineer,0,0,0.9999497532844543,5.02467155456543e-05,0.1,1,BERT:bert_class_weighted,Class weight
2173,emscad_16159,THE COMPANY: FlashFunders ( #URL_e3b6d99b3442da190b75a52397dfcbed486fa7a5ea8b8fd653d8ad070d0d6065# ),Senior UI/UX Designer,0,0,0.9999441504478455,5.5849552154541016e-05,0.1,1,BERT:bert_class_weighted,Class weight
2174,emscad_16183,Printfresh is a leading fashion textile design studio. We are a growing company with an enthusiastic group of people pas,Fashion Industry Sales Rep,0,0,0.9999400973320007,5.990266799926758e-05,0.1,1,BERT:bert_class_weighted,Class weight
2175,emscad_16202,"Valor Services provides Workforce Solutions that meet the needs of companies across the Private Sector, with a special f",Pipe Welder,0,0,0.9999483823776245,5.161762237548828e-05,0.1,1,BERT:bert_class_weighted,Class weight
2176,emscad_16207,"Babbel enables anyone to learn languages in an easy and interactive way. The learning system offers 13 languages, from E",Programmatic Marketing Manager,0,0,0.9999344348907471,6.556510925292969e-05,0.1,1,BERT:bert_class_weighted,Class weight
2177,emscad_16215,"2.5 years ago when we started on the development of Witkit, we had a mission: allowing businesses to capitalize on colla",Senior Back-End Developer,0,0,0.9999426007270813,5.739927291870117e-05,0.1,1,BERT:bert_class_weighted,Class weight
2178,emscad_16216,We Provide Full Time Permanent Positions for many medium to large US companies. We are interested in finding/recruiting ,IT Security,0,0,0.9999294281005859,7.05718994140625e-05,0.1,1,BERT:bert_class_weighted,Class weight
2179,emscad_16220,At the core of IT’s challenges is a perennial cycle where the majority of budgets are consumed maintaining existing syst,Human Resources Assistant,0,0,0.9998822808265686,0.00011771917343139648,0.1,1,BERT:bert_class_weighted,Class weight
2180,emscad_16237,"Consulting | London, United Kingdom Since 2006, Appirio has helped companies power their business with the cloud. We pro",Salesforce.com Developer UK,0,0,0.999933660030365,6.633996963500977e-05,0.1,1,BERT:bert_class_weighted,Class weight
2181,emscad_16241,Inkly is changing the way people communicate around the world. Greetings cards is where we started but we’re moving way ,Greetings Card Designer Intern,0,0,0.9999310374259949,6.896257400512695e-05,0.1,1,BERT:bert_class_weighted,Class weight
2182,emscad_16255,"DICE gets fans the best tickets at face value with No Booking Fees. We're based in Shoreditch, London and 100% mobile so",Senior Backend Developer,0,0,0.9999260306358337,7.396936416625977e-05,0.1,1,BERT:bert_class_weighted,Class weight
2183,emscad_16260,ABOUT US: Our brand Welt Sparen is the leading online marketplace for fixed term deposits in Germany. Our partner banks ,Web Developer (m/f),0,0,0.999943733215332,5.626678466796875e-05,0.1,1,BERT:bert_class_weighted,Class weight
2184,emscad_16261,"Black Tie Cars, Inc. provides dependable private automobile transportation if you need to be at the airport on time or i",Chauffeur for Private Transportation Company Services,0,0,0.999940812587738,5.918741226196289e-05,0.1,1,BERT:bert_class_weighted,Class weight
2185,emscad_16263,"e-Solutions Inc. is a talent-driven consulting company providing individual consultants, project teams, and strategic ou",SAS Tech Lead,0,0,0.9998984932899475,0.00010150671005249023,0.1,1,BERT:bert_class_weighted,Class weight
2186,emscad_16265,"Although AssistRx was formed in only 2009, we have capitalized on our 30 years of combined experience working within the",SQL Developer,0,0,0.9999344348907471,6.556510925292969e-05,0.1,1,BERT:bert_class_weighted,Class weight
2187,emscad_16266,"Bandsintown is a digital media company powered by music. With over 14 million registered concert-goers, a global audienc","Manager, Ad Operations",0,0,0.99993497133255,6.502866744995117e-05,0.1,1,BERT:bert_class_weighted,Class weight
2188,emscad_16277,"Valor Services provides Workforce Solutions that meet the needs of companies across the Private Sector, with a special f",Front Desk Receptionist,0,0,0.9999369978904724,6.300210952758789e-05,0.1,1,BERT:bert_class_weighted,Class weight
2189,emscad_16278,"Optimal Business Action was created in 2005 in order to provide high quality, personalized HR services to medium and lar",Accounting & Finance Manager (Patras),0,0,0.999947726726532,5.227327346801758e-05,0.1,1,BERT:bert_class_weighted,Class weight
2190,emscad_16288,Leapfrog Services provides managed IT services for businesses and nonprofits worldwide. Founded in 1998 with the philoso,IT Support Analyst,0,0,0.9999467134475708,5.328655242919922e-05,0.1,1,BERT:bert_class_weighted,Class weight
2191,emscad_16303,"Do you want to help people be more successful at work? Then consider Jhana, a feisty little startup that pursues this go",Sales Development Representative (B2B SaaS),0,0,0.9998840689659119,0.00011593103408813477,0.1,1,BERT:bert_class_weighted,Class weight
2192,emscad_16310,"Vend is looking for some awesome new talent to come join us. You'll be working in an awesome team doing awesome things, ",VP of Global Sales Operations,0,0,0.9999423623085022,5.7637691497802734e-05,0.1,1,BERT:bert_class_weighted,Class weight
2193,emscad_16319,"Space Ape Games is an Award Winning Mobile/Social Gaming startup founded in 2012. We’re a small, high-performing team wi",Junior Finance Officer,0,0,0.9999405741691589,5.942583084106445e-05,0.1,1,BERT:bert_class_weighted,Class weight
2194,emscad_16335,Ready to let your star shine? Discover the career you’ve been dreaming about at AvaStars where...,Star (Retail Associate) - Oakbrook Center,0,0,0.9999294281005859,7.05718994140625e-05,0.1,1,BERT:bert_class_weighted,Class weight
2195,emscad_16338,SLI Systems is a SaaS company revolutionizing the way online retailers do business. SLI works closely with online retail,Customer Success Manager - Portuguese speaking,0,0,0.9999487400054932,5.125999450683594e-05,0.1,1,BERT:bert_class_weighted,Class weight
2196,emscad_16341,"Sparkol is a growing software company based outside of Bristol, UK.",Social Media Manager,0,0,0.9999414682388306,5.8531761169433594e-05,0.1,1,BERT:bert_class_weighted,Class weight
2197,emscad_16344,"Programize, a dynamic software development house seeking to boost Greece’s technology exposure, is looking for motivated",Mobile App and Web app programming positions (all levels),0,0,0.9999212622642517,7.873773574829102e-05,0.1,1,BERT:bert_class_weighted,Class weight
2198,emscad_16345,"Mobile Trainers is a private, mobile personal fitness training company. Services - In-Home Private, Personal Training - ",Certified Personal Trainer,0,0,0.999940812587738,5.918741226196289e-05,0.1,1,BERT:bert_class_weighted,Class weight
2199,emscad_16353,We Provide Full Time Permanent Positions for many medium to large US companies. We are interested in finding/recruiting ,Financial Officer,0,0,0.999938428401947,6.157159805297852e-05,0.1,1,BERT:bert_class_weighted,Class weight
2200,emscad_16354,ConsumerTrack is a technology-centric internet marketing company built on a culture of excellence. We are the preferred ,Content Coordinator,0,0,0.9999277591705322,7.224082946777344e-05,0.1,1,BERT:bert_class_weighted,Class weight
2201,emscad_16355,At Founders we create companies. We are are a team of people who constantly work and experiment with business models app,Co-founder,0,0,0.9999445676803589,5.543231964111328e-05,0.1,1,BERT:bert_class_weighted,Class weight
2202,emscad_16357,Position Overview,Residential Property Manager,0,0,0.9997658729553223,0.00023412704467773438,0.1,1,BERT:bert_class_weighted,Class weight
2203,emscad_16358,The Beans Group is a media company that exists to empower young people to thrive. We have been on an exponential growth ,Student Beans University Editor,0,0,0.9999307990074158,6.920099258422852e-05,0.1,1,BERT:bert_class_weighted,Class weight
2204,emscad_16365,REAL Dietitian began as a response to the barriers of accessing a dietitian.,Mobile RD,0,0,0.999923050403595,7.69495964050293e-05,0.1,1,BERT:bert_class_weighted,Class weight
2205,emscad_16368,"Conseev is a small, fun, fast-growing technology company. We're looking for an outstanding copywriter to come on board a",Copywriter,0,0,0.9999432563781738,5.6743621826171875e-05,0.1,1,BERT:bert_class_weighted,Class weight
2206,emscad_16372,"Based in the heart of the City, this exceptional opportunity as SEO Executive in a fast-growing tech start-up is a chall",SEO Executive,0,0,0.9999469518661499,5.3048133850097656e-05,0.1,1,BERT:bert_class_weighted,Class weight
2207,emscad_16374,MarketInvoice is one of the most high-profile London based fin-tech companies. The Company is Europe’s leading P2P invoi,Data Scientist,0,0,0.99993497133255,6.502866744995117e-05,0.1,1,BERT:bert_class_weighted,Class weight
2208,emscad_16380,Gust is a global platform for the sourcing and management of early-stage investments. Gust enables skilled entrepreneurs,Marketing Manager,0,0,0.9999445676803589,5.543231964111328e-05,0.1,1,BERT:bert_class_weighted,Class weight
2209,emscad_16386,"We design, make and sell furniture, with a simple mission of getting beautifully crafted furniture from the workshop flo",Junior Merchandiser (Intern),0,0,0.99993497133255,6.502866744995117e-05,0.1,1,BERT:bert_class_weighted,Class weight
2210,emscad_16387,"The RealReal is changing the way people buy and sell luxury items. The leader in luxury resale, the company is a full se",Style Art Director,0,0,0.9999121427536011,8.785724639892578e-05,0.1,1,BERT:bert_class_weighted,Class weight
2211,emscad_16389,Want to be part of a NZ success story that’s going places?,Senior Hardware Engineer,0,0,0.9999465346336365,5.346536636352539e-05,0.1,1,BERT:bert_class_weighted,Class weight
2212,emscad_16402,Work at dxw,Designer / Front-end Developer,0,0,0.9999352097511292,6.479024887084961e-05,0.1,1,BERT:bert_class_weighted,Class weight
2213,emscad_16406,United Cerebral Palsy of Oregon & SW Washington (UCP) supports adults with all kinds of developmental disabilities (not ,Overnight Caregiver for a Gregarious Man,0,0,0.9999514818191528,4.851818084716797e-05,0.1,1,BERT:bert_class_weighted,Class weight
2214,emscad_16410,"Felsburg Holt & Ullevig is a consulting firm specializing in transportation and environmental planning, traffic engineer",Environmental Scientist/Environmental Engineer,0,0,0.9999004602432251,9.953975677490234e-05,0.1,1,BERT:bert_class_weighted,Class weight
2215,emscad_16415,"Namely is the leading end-to-end HR and payroll platform for growing companies. Offerings include human payroll, benefit","Product Manager, Talent Management & Compensation",0,0,0.9999467134475708,5.328655242919922e-05,0.1,1,BERT:bert_class_weighted,Class weight
2216,emscad_16444,InVision is a venture-backed startup working to create the world's best design communication and collaboration platform.,DevOps / Site Reliability Engineer (remote/telecommute),0,0,0.9999473094940186,5.269050598144531e-05,0.1,1,BERT:bert_class_weighted,Class weight
2217,emscad_16450,"Exciting career opportunity for Advanced NP or Physician Assistant to join a fun, fast-growing interdisciplinary behavio",Psychiatric Nurse Practitioner/Physician Assistant,0,0,0.9998813271522522,0.00011867284774780273,0.1,1,BERT:bert_class_weighted,Class weight
2218,emscad_16479,"At Atlas Lift Tech, safety always comes first! We are a fast growing company with an innovative vision of making Safe Pa",HR Generalist,0,0,0.999945878982544,5.412101745605469e-05,0.1,1,BERT:bert_class_weighted,Class weight
2219,emscad_16488,Thanks for visiting our Job Board. Please review our open positions and apply to the positions that match your qualifica,Chief Financial Officer,0,0,0.9999396204948425,6.03795051574707e-05,0.1,1,BERT:bert_class_weighted,Class weight
2220,emscad_16491,MarkaVIP is the leading online fashion destination in the Middle East and North Africa. We build and curate amazing prod,Media Planner,0,0,0.999940812587738,5.918741226196289e-05,0.1,1,BERT:bert_class_weighted,Class weight
2221,emscad_16495,"Shyp is the easiest way to send anything, anywhere.",Operations & Logistics Manager - Los Angeles,0,0,0.9999465346336365,5.346536636352539e-05,0.1,1,BERT:bert_class_weighted,Class weight
2222,emscad_16497,Tile is one of the most successful crowd-funded campaigns in history and is building the world’s largest lost and found.,Mobile UX Designer,0,0,0.9999294281005859,7.05718994140625e-05,0.1,1,BERT:bert_class_weighted,Class weight
2223,emscad_16505,"At Hayes-Corp, we create the fun stuff. With a focus on software development for mobile platforms, we are constantly loo",Outsourcing Officer,0,0,0.9999279975891113,7.200241088867188e-05,0.1,1,BERT:bert_class_weighted,Class weight
2224,emscad_16508,We seek talented individuals to join our great team and be part of our success in the digital world!,Web Designer & Front End Developer,0,0,0.9999324083328247,6.759166717529297e-05,0.1,1,BERT:bert_class_weighted,Class weight
2225,emscad_16511,"#URL_25e85371e7108e279a4b25d6e965889a44917879b7b587c905714ef30f933cb8# is a young, growing e-commerce company with our e",Product Photographer and Retoucher,0,0,0.9999419450759888,5.805492401123047e-05,0.1,1,BERT:bert_class_weighted,Class weight
2226,emscad_16520,"Depop is an exciting new mobile marketplace where you can sell things by simply taking a picture, as well as follow your",Community Management & Marketing Internship,0,0,0.9999268651008606,7.31348991394043e-05,0.1,1,BERT:bert_class_weighted,Class weight
2227,emscad_16527,"Infrascale is the only complete cloud backup and disaster recovery solution, designed for MSPs. Located in El Segundo, C",Account Manager,0,0,0.9999381899833679,6.181001663208008e-05,0.1,1,BERT:bert_class_weighted,Class weight
2228,emscad_16528,Cloud9 combines a powerful online code editor with a full Ubuntu workspace in the cloud.,Customer Happiness Engineer,0,0,0.9999483823776245,5.161762237548828e-05,0.1,1,BERT:bert_class_weighted,Class weight
2229,emscad_16531,#URL_e7c9057d5e6f097876436d175031e95669ede4ebaab52b6be0957c837bc98343#,Title Insurance: Title Assistant / Title Coordinator/ Property Research Examiner,0,0,0.999361515045166,0.0006384849548339844,0.1,1,BERT:bert_class_weighted,Class weight
2230,emscad_16539,#URL_e7c9057d5e6f097876436d175031e95669ede4ebaab52b6be0957c837bc98343#,Residential Escrow Officers & Title Insurance Sales - Houston Area,0,0,0.9998528957366943,0.00014710426330566406,0.1,1,BERT:bert_class_weighted,Class weight
2231,emscad_16553,Nursing & Therapy Positions-Home Care,Nursing & Therapy Positions- Home Care,1,0,0.9999452233314514,5.4776668548583984e-05,0.1,0,BERT:bert_class_weighted,Class weight
2232,emscad_16555,Coldwell Banker Burnet was founded in Minneapolis in 1973 and rapidly expanded throughout the Twin Cities metropolitan a,Independent Sales Associate - Real Estate Sales,0,0,0.9999096989631653,9.03010368347168e-05,0.1,1,BERT:bert_class_weighted,Class weight
2233,emscad_16572,The Grizzly Agency is a consulting firm that offers recruiting services to businesses all of the state of Florida. Sarah,Insurance Agent,0,0,0.9999274611473083,7.253885269165039e-05,0.1,1,BERT:bert_class_weighted,Class weight
2234,emscad_16587,"GoCardless is a London-based startup simplifying Direct Debit for businesses across the UK, and soon Europe. Our team is",Software developer,0,0,0.9999359846115112,6.401538848876953e-05,0.1,1,BERT:bert_class_weighted,Class weight
2235,emscad_16588,Experience required: Minimum 4 years in SAP Basis,SAP BASIS Consultant,0,0,0.9964275360107422,0.0035724639892578125,0.1,1,BERT:bert_class_weighted,Class weight
2236,emscad_16626,At Tristan Sims International our Executive Recruitment offering is composed of thousands of leading global professional,Customer Engagement Solutions Sales Executive,0,0,0.9999507069587708,4.929304122924805e-05,0.1,1,BERT:bert_class_weighted,Class weight
2237,emscad_16644,"Zendo Pets is a newly formed, high-end pet sitting and dog walking company serving San Mateo County. Our founders are we","Pet Sitters, Dog Walkers - $16/hr and up",0,0,0.9999479651451111,5.2034854888916016e-05,0.1,1,BERT:bert_class_weighted,Class weight
2238,emscad_16668,"CARES is Alabama’s approach to the modernization of the enrollment and eligibility systems for Medicaid, Child Health In",Technical Writer,0,0,0.9999305009841919,6.949901580810547e-05,0.1,1,BERT:bert_class_weighted,Class weight
2239,emscad_16671,"Established in 1984, Geotechnology, Inc. is a highly respected, professional engineering and environmental services corp",Senior Field Representative,0,0,0.9954948425292969,0.004505157470703125,0.1,1,BERT:bert_class_weighted,Class weight
2240,emscad_16678,"VAM SYSTEMS is a Business Consulting, IT Solutions and Services company with operations in UAE, Qatar, Bahrain, USA, Aus",Immediate Opening : Help Desk /Technical Support Engineer for Qatar,0,0,0.999880850315094,0.00011914968490600586,0.1,1,BERT:bert_class_weighted,Class weight
2241,emscad_16682,At Tristan Sims International our Executive Recruitment offering is composed of thousands of leading global professional,Customer Engagement Solutions Sales Executive,0,0,0.9999507069587708,4.929304122924805e-05,0.1,1,BERT:bert_class_weighted,Class weight
2242,emscad_16683,At Tristan Sims International our Executive Recruitment offering is composed of thousands of leading global professional,Customer Engagement Solutions Sales Executive,0,0,0.9999507069587708,4.929304122924805e-05,0.1,1,BERT:bert_class_weighted,Class weight
2243,emscad_16685,"VAM SYSTEMS is a Business Consulting, IT Solutions and Services company with operations in UAE, Qatar, Bahrain, USA, Aus",Immediate Opening : Dotnet Developer,0,0,0.999944806098938,5.519390106201172e-05,0.1,1,BERT:bert_class_weighted,Class weight
2244,emscad_16686,"VAM SYSTEMS is a Business Consulting, IT Solutions and Services company with operations in UAE, Qatar, Bahrain, USA, Aus",Urgent Need : Oracle HRMS Functional Consultant for Bahrain,0,0,0.9999266266822815,7.337331771850586e-05,0.1,1,BERT:bert_class_weighted,Class weight
2245,emscad_16701,Daily Secret is the fastest growing digital media brand for young and affluent professionals around the world. Covering ,Junior Graphic Designer,0,0,0.9999237060546875,7.62939453125e-05,0.1,1,BERT:bert_class_weighted,Class weight
2246,emscad_16717,Do you want to write mission critical code that enables thousands of people to launch businesses and help reshape the fa,Full Stack Ruby Engineer,0,0,0.999950110912323,4.988908767700195e-05,0.1,1,BERT:bert_class_weighted,Class weight
2247,emscad_16734,Runscope is building tools for developers working on API-driven mobile and web applications. We have a clear vision for ,Customer Success Engineer,0,0,0.9999396204948425,6.03795051574707e-05,0.1,1,BERT:bert_class_weighted,Class weight
2248,emscad_16766,"Hy-Safe Technology provides Turnkey fall protection solutions through innovative design, total dedication to customer se",Accounting Clerk,0,0,0.995819091796875,0.004180908203125,0.1,1,BERT:bert_class_weighted,Class weight
2249,emscad_16768,Position: Software Build Engineer,Software Build Engineer,0,1,0.7618408203125,0.2381591796875,0.1,0,BERT:bert_class_weighted,Class weight
2250,emscad_16773,"VAM SYSTEMS is a Business Consulting, IT Solutions and Services company with operations in UAE, Qatar, Bahrain, USA, Aus",Urgent Requirement : Dotnet Developer for UAE,0,0,0.9999369978904724,6.300210952758789e-05,0.1,1,BERT:bert_class_weighted,Class weight
2251,emscad_16791,We at TechIndyeah are a fun filled startup. We celebrate our work and we enjoy it at the fullest. While maintaining work,Content Writer,0,0,0.9999443888664246,5.561113357543945e-05,0.1,1,BERT:bert_class_weighted,Class weight
2252,emscad_16792,"Hello, we are Netguru and we love web development! #URL_af6fd33e341d7910467a688c60010662de3fb5e5797321ea3625141a733fbcbd",Senior Developer Ruby on Rails,0,0,0.9999467134475708,5.328655242919922e-05,0.1,1,BERT:bert_class_weighted,Class weight
2253,emscad_16811,Inside Telesales Specialist Now Hiring Inside Telesales Specialist for one of our client in Washington . Job Role : Insi,Inside Telesales Specialist,0,0,0.9998893737792969,0.000110626220703125,0.1,1,BERT:bert_class_weighted,Class weight
2254,emscad_16820,"Ruby on Rails Web Engineer (RoR) Now Hiring Ruby on Rails Web Engineer for one of our client in Long Beach, CA Job Role ",RoR Specialist,0,0,0.9999242424964905,7.575750350952148e-05,0.1,1,BERT:bert_class_weighted,Class weight
2255,emscad_16821,A startup aiming to change the way parents and kids experience urban life,Web Developer,0,0,0.9999334216117859,6.657838821411133e-05,0.1,1,BERT:bert_class_weighted,Class weight
2256,emscad_16839,"The Account Manager serves as our front line sales and customer service contact for clients, is responsible for developi",Account Manager,0,0,0.9998747110366821,0.0001252889633178711,0.1,1,BERT:bert_class_weighted,Class weight
2257,emscad_16859,LendInvest utilises technology and innovation to improve access to mortgages and provides investors with better returns.,Senior Frontend Developer,0,0,0.9999410510063171,5.894899368286133e-05,0.1,1,BERT:bert_class_weighted,Class weight
2258,emscad_16865,"Advaion is an independent and innovative consulting firm that was founded by former ""Big 4"" personnel with global expert","Senior Consultant - SOX, Internal Audit",0,0,0.9999400973320007,5.990266799926758e-05,0.1,1,BERT:bert_class_weighted,Class weight
2259,emscad_16875,WE ARE GLOBAL BEACH,Want to work at Global Beach?,0,0,0.999908983707428,9.101629257202148e-05,0.1,1,BERT:bert_class_weighted,Class weight
2260,emscad_16902,We are a small but ambitious software-as-a-service startup in Atlanta looking for talented individuals ready to tackle t,Client Support Specialist,0,0,0.9999507069587708,4.929304122924805e-05,0.1,1,BERT:bert_class_weighted,Class weight
2261,emscad_16917,"LEI Home Enhancements, is an Ohio based company that has been installing windows, siding, doors and decks in homes throu",Corporate Office Accountant,0,0,0.9999414682388306,5.8531761169433594e-05,0.1,1,BERT:bert_class_weighted,Class weight
2262,emscad_16952,"IntrinsicTel operates as a call center, performing many call center functions such as: collections, consumer billing, cu",Customer Service Agent,0,0,0.9997997283935547,0.0002002716064453125,0.1,1,BERT:bert_class_weighted,Class weight
2263,emscad_16966,The Los Gatos Chamber of Commerce is seeking an Office Manager.,Office Manager,0,0,0.9964694976806641,0.0035305023193359375,0.1,1,BERT:bert_class_weighted,Class weight
2264,emscad_16971,Do you have 1+ year of customer service/call center experience? Are you looking for flexibility in scheduling and the av,Customer Service - Work From Home,0,1,0.0,1.0,0.1,0,BERT:bert_class_weighted,Class weight
2265,emscad_16974,We bring you strong solutions!,"Electricians Needed in El Reno, OK",0,0,0.9999015927314758,9.840726852416992e-05,0.1,1,BERT:bert_class_weighted,Class weight
2266,emscad_16976,Are you an innovation junkie who is passionate about disrupting the status quo?,Senior Product Manager - Innovation,0,0,0.9999396204948425,6.03795051574707e-05,0.1,1,BERT:bert_class_weighted,Class weight
2267,emscad_16994,Do you want to be part of a services company with both a proven record of success and planned growth? TriNet is a leadin,Test Engineer,0,0,0.9999374747276306,6.252527236938477e-05,0.1,1,BERT:bert_class_weighted,Class weight
2268,emscad_17002,"LEI Home Enhancements, is an Ohio based company that has been installing windows, siding, doors and decks in homes throu",HR/Recruiter,0,0,0.9999452233314514,5.4776668548583984e-05,0.1,1,BERT:bert_class_weighted,Class weight
2269,emscad_17033,"e-Solutions Inc. is a talent-driven consulting company providing individual consultants, project teams, and strategic ou",Embedded Developer/Lead,0,0,0.9998726844787598,0.00012731552124023438,0.1,1,BERT:bert_class_weighted,Class weight
2270,emscad_17035,"e-Solutions Inc. is a talent-driven consulting company providing individual consultants, project teams, and strategic ou",Business Analyst with FX (Foreign Exchange),0,0,0.9998915195465088,0.00010848045349121094,0.1,1,BERT:bert_class_weighted,Class weight
2271,emscad_17037,Position: Senior Technical Manager,Senior Technical Manager,0,0,0.9947700500488281,0.005229949951171875,0.1,1,BERT:bert_class_weighted,Class weight
2272,emscad_17038,"An extremely focused and passionate individual, you will be responsible for supporting the existing infrastructure as we",JR DEVELOPER - web development,0,0,0.9999299645423889,7.003545761108398e-05,0.1,1,BERT:bert_class_weighted,Class weight
2273,emscad_17043,"We are a local company looking for an energetic, full-time Shipping & Receiving Clerk, Small Electronics Tester and Smal",Shipping & Receiving Clerk Small Electronics Tester and Small Electronics Repair Person. - NEEDED IMMEDIATELY,0,0,0.999833345413208,0.0001666545867919922,0.1,1,BERT:bert_class_weighted,Class weight
2274,emscad_17066,MERL's internship program gives students excellent opportunities to work in an industrial research lab environment side-,Internship: Multispectral Image Coding,0,0,0.9999268651008606,7.31348991394043e-05,0.1,1,BERT:bert_class_weighted,Class weight
2275,emscad_17076,"Network Closing Services has been serving Lenders, Real Estate Consumers, and Professionals since 1999. We provide court",Title Closer,0,0,0.9999456405639648,5.435943603515625e-05,0.1,1,BERT:bert_class_weighted,Class weight
2276,emscad_17089,A Career [Here],Full Stack Ruby Engineer,0,0,0.9999430775642395,5.692243576049805e-05,0.1,1,BERT:bert_class_weighted,Class weight
2277,emscad_17093,SilverStripe CMS & Framework is an open source platform of web development tools. The platform is curated by SilverStrip,JS Developer - Platform (w/in 6 months),0,0,0.9999483823776245,5.161762237548828e-05,0.1,1,BERT:bert_class_weighted,Class weight
2278,emscad_17097,About The Symicor Group:,The Symicor Group is Looking for Seasoned Banking Recruiters to Join Our Firm,0,0,0.999925434589386,7.456541061401367e-05,0.1,1,BERT:bert_class_weighted,Class weight
2279,emscad_17125,"Nubank is an early stage, technology-driven financial services startup funded by Sequoia Capital and Kaszek Ventures. We",Business Analyst - Decision Sciences,0,0,0.9999377131462097,6.22868537902832e-05,0.1,1,BERT:bert_class_weighted,Class weight
2280,emscad_17128,"We are seeking a Customer Service Representative who enjoys building relationships, helping others, solving problems, an",Customer Service Rep,1,1,0.0,1.0,0.1,1,BERT:bert_class_weighted,Class weight
2281,emscad_17131,Praxis Life Sciences is a dynamic project management and consultancy practice servicing the life sciences industry. Prax,Computer Systems Validation & Software Quality Assurance Manager,0,0,0.9999257326126099,7.426738739013672e-05,0.1,1,BERT:bert_class_weighted,Class weight
2282,emscad_17138,"Novitex Enterprise Solutions, formerly Pitney Bowes Management Services, delivers innovative document and communications",Customer Service Associate,0,0,0.999943733215332,5.626678466796875e-05,0.1,1,BERT:bert_class_weighted,Class weight
2283,emscad_17140,"import•io was founded in 2012 by David White (CEO), Andrew Fogg (CDO) and Matt Painter (CTO) with a unique vision: to ma",Senior Developer,0,0,0.999944806098938,5.519390106201172e-05,0.1,1,BERT:bert_class_weighted,Class weight
2284,emscad_17144,"Offering CASH Positions, Immediate Start. Work as many or little hrs as u like, No cost. You can earn $300 to $400 extra","Offering CASH Positions, Immediate Start.",1,1,0.0,1.0,0.1,1,BERT:bert_class_weighted,Class weight
2285,emscad_17147,"We’re a user experience design consultancy based in Dublin, Ireland, with an impressive list of international clients. O",Lead UX Designer,0,0,0.9999456405639648,5.435943603515625e-05,0.1,1,BERT:bert_class_weighted,Class weight
2286,emscad_17149,"Electus believes in long-term relationships with our candidates. We provide a combination of recruiting expertise, data,",Rational Software Architect,0,0,0.9999357461929321,6.42538070678711e-05,0.1,1,BERT:bert_class_weighted,Class weight
2287,emscad_17153,"At Atlas Lift Tech, safety always comes first! We are a fast growing company with an innovative vision of making Safe Pa",IT Technical Support Generalist,0,0,0.9999432563781738,5.6743621826171875e-05,0.1,1,BERT:bert_class_weighted,Class weight
2288,emscad_17176,Normal,EFL English Language Teachers for Saudi Arabia Tax Free,0,0,0.9996945858001709,0.00030541419982910156,0.1,1,BERT:bert_class_weighted,Class weight
2289,emscad_17186,Outstanding Member Service Starts With Outstanding People,Branch Associate,0,0,0.9998595714569092,0.0001404285430908203,0.1,1,BERT:bert_class_weighted,Class weight
2290,emscad_17199,"Argenta Field Solutions values the client, creates income streams for them through our sales mechanism and focuses on qu",Paid Training for Direct Sales Representative with Management Opportunity,0,0,0.9999257326126099,7.426738739013672e-05,0.1,1,BERT:bert_class_weighted,Class weight
2291,emscad_17213,"We are hiring a property analyst who will work closely with, and support, one or more asset managers by collecting, prep",Multifamily Property Analyst,0,0,0.9998747110366821,0.0001252889633178711,0.1,1,BERT:bert_class_weighted,Class weight
2292,emscad_17222,Soft ware Com petitiveness International (SOFTCOM INTERNATIONAL) is characterized for personel excellence .,1st level support engineers (MS Dynamics NAV),0,0,0.999940812587738,5.918741226196289e-05,0.1,1,BERT:bert_class_weighted,Class weight
2293,emscad_17223,EROAD was established to modernise New Zealand’s paper-based RUC regime and in 2009 launched the world’s first GPS/cellu,Test Engineer,0,0,0.9999469518661499,5.3048133850097656e-05,0.1,1,BERT:bert_class_weighted,Class weight
2294,emscad_17231,"EatAds is a global platform business, like #URL_21e7f703da8e28a4edd962a114e1af7ba244609a9ccd3760ae493e9f447c25fe# or #UR","Senior Android Software Engineer (Delhi role, Singapore Company)",0,0,0.9999489784240723,5.1021575927734375e-05,0.1,1,BERT:bert_class_weighted,Class weight
2295,emscad_17232,"Babbel enables anyone to learn languages in an easy and interactive way. The learning system offers 13 languages, from E",Junior Frontend Engineer,0,0,0.9999366998672485,6.330013275146484e-05,0.1,1,BERT:bert_class_weighted,Class weight
2296,emscad_17246,A rewarding career at sea,Coxswain - PSV,0,0,0.9997198581695557,0.00028014183044433594,0.1,1,BERT:bert_class_weighted,Class weight
2297,emscad_17247,"Space Ape Games is an Award Winning Mobile/Social Gaming startup founded in 2012. We’re a small, high-performing team wi",Product Marketing Manager,0,0,0.9999366998672485,6.330013275146484e-05,0.1,1,BERT:bert_class_weighted,Class weight
2298,emscad_17250,"Hi, we are dopios",Senior Software Engineer,0,0,0.9999405741691589,5.942583084106445e-05,0.1,1,BERT:bert_class_weighted,Class weight
2299,emscad_17259,PMP Recruitment is currently looking for WAREHOUSE OPERATIVEs .,"Warehouse Operative, Avonmouth - Bristol BS35",0,0,0.9999260306358337,7.396936416625977e-05,0.1,1,BERT:bert_class_weighted,Class weight
2300,emscad_17266,"Based in Hoxton, London, Forward Partners are a “startup catalyst”, combining investment with practical hands-on experti",Marketplace Operations at Lexoo,0,0,0.9999511241912842,4.887580871582031e-05,0.1,1,BERT:bert_class_weighted,Class weight
2301,emscad_17295,"Levo League is a thriving community of young professionals, role models, and innovative companies taking Gen Y by storm.",Product Manager,0,0,0.9999344348907471,6.556510925292969e-05,0.1,1,BERT:bert_class_weighted,Class weight
2302,emscad_17312,Responsible for all bookkeeping functions for a 501(c)(3) non-profit Health & Human Services Agency caring for families ,Bookkeeper/Office Manager,0,0,0.9998253583908081,0.00017464160919189453,0.1,1,BERT:bert_class_weighted,Class weight
2303,emscad_17322,"24MEDIA is Greece's leading and fastest-growing digital publishing group, managing over 20 premium brands that connect a",News Editor,0,0,0.9999400973320007,5.990266799926758e-05,0.1,1,BERT:bert_class_weighted,Class weight
2304,emscad_17326,MERL's internship program gives students excellent opportunities to work in an industrial research lab environment side-,Machine learning and time series analysis,0,0,0.9999104142189026,8.958578109741211e-05,0.1,1,BERT:bert_class_weighted,Class weight
2305,emscad_17336,Wedo is a collection of niched e-commerce stores which aim to be the first destination for online shoppers buying in the,Content Internship,0,0,0.9999131560325623,8.684396743774414e-05,0.1,1,BERT:bert_class_weighted,Class weight
2306,emscad_17344,Blueprint Health is the premier healthcare accelerator and co-working community. We have over 160 industry executives fr,Managing Director,0,0,0.9999454617500305,5.453824996948242e-05,0.1,1,BERT:bert_class_weighted,Class weight
2307,emscad_17352,"Smilers Selection has been INTRODUCING TALENT TO OPPORTUNITY since 1979. We are a team of four consultants, three placin",Divisional Finance Director EE,0,0,0.9999439120292664,5.608797073364258e-05,0.1,1,BERT:bert_class_weighted,Class weight
2308,emscad_17354,"We're changing how the world creates and publishes content. Even crazier, we're doing it from North Dakota. It's going t",Mobile Engineer,0,0,0.9999527931213379,4.7206878662109375e-05,0.1,1,BERT:bert_class_weighted,Class weight
2309,emscad_17359,Established on the principles that full time education is not for everyone Spectrum Learning is made up of a team of pas,Old Trafford Warehousing Apprenticeship Under NAS 16-18 year olds only,0,0,0.9999487400054932,5.125999450683594e-05,0.1,1,BERT:bert_class_weighted,Class weight
2310,emscad_17363,We launched Involvio as students at Drexel University in Philadelphia out of our frustration that keeping track of event,Customer Success Associate,0,0,0.9999454617500305,5.453824996948242e-05,0.1,1,BERT:bert_class_weighted,Class weight
2311,emscad_17369,Experience Required: 1-3 years Education Required: Bachelors Degree Job Description: This is an ideal opportunity for an,"SYSTEM ENGINEER, ANALYTICS PLATFORM",0,0,0.9999107718467712,8.922815322875977e-05,0.1,1,BERT:bert_class_weighted,Class weight
2312,emscad_17372,"HealthLink provides a computer communications system that links the information technology systems of more than 10,000 m",Account Manager,0,0,0.9998650550842285,0.00013494491577148438,0.1,1,BERT:bert_class_weighted,Class weight
2313,emscad_17385,Key Responsibilities:,IT Developer,0,0,0.9999452233314514,5.4776668548583984e-05,0.1,1,BERT:bert_class_weighted,Class weight
2314,emscad_17388,"Growing event production company providing staging, scenic, and drapery primarily in the state of Florida. We have a sec",Full Time Bookkeeper / Accounting Assistant,0,0,0.999938428401947,6.157159805297852e-05,0.1,1,BERT:bert_class_weighted,Class weight
2315,emscad_17389,"Babbel enables anyone to learn languages in an easy and interactive way. The learning system offers 13 languages, from E",Content Marketing Manager Italian,0,0,0.9999257326126099,7.426738739013672e-05,0.1,1,BERT:bert_class_weighted,Class weight
2316,emscad_17395,Frustrated with the status quo?,Communications and Marketing Internship,0,0,0.999868631362915,0.00013136863708496094,0.1,1,BERT:bert_class_weighted,Class weight
2317,emscad_17396,Wedo is a collection of niched e-commerce stores which aim to be the first destination for online shoppers buying in the,Homewares & Furniture Buyer for Wedo Shopping,0,0,0.999934732913971,6.526708602905273e-05,0.1,1,BERT:bert_class_weighted,Class weight
2318,emscad_17400,"WEEKLY JOBS, Part Time Workers Required. You can do it all from home, in your free time, at your own place. Spend 30 min","WEEKLY JOBS, Part Time Workers Required.",1,1,0.0,1.0,0.1,1,BERT:bert_class_weighted,Class weight
2319,emscad_17403,MarkaVIP is the leading online fashion destination in the Middle East and North Africa. We build and curate amazing prod,Social Media Manager,0,0,0.9999372363090515,6.276369094848633e-05,0.1,1,BERT:bert_class_weighted,Class weight
2320,emscad_17428,Green Street Advisors is the industry leader in real estate and real estate investment trust (REITs) research for over 2,Sales Associate,0,0,0.9999266266822815,7.337331771850586e-05,0.1,1,BERT:bert_class_weighted,Class weight
2321,emscad_17430,"Depop is an exciting new mobile marketplace where you can sell things by simply taking a picture, as well as follow your",Customer Service Representative,0,0,0.9999209642410278,7.903575897216797e-05,0.1,1,BERT:bert_class_weighted,Class weight
2322,emscad_17434,Thanks for visiting our Job Board. Please review our open positions and apply to the positions that match your qualifica,Account Manager,0,0,0.9999423623085022,5.7637691497802734e-05,0.1,1,BERT:bert_class_weighted,Class weight
2323,emscad_17461,"Valor Services provides Workforce Solutions that meet the needs of companies across the Private Sector, with a special f",Full-Cycle Recruiter,0,0,0.9999428391456604,5.716085433959961e-05,0.1,1,BERT:bert_class_weighted,Class weight
2324,emscad_17466,"Joist is a platform for trades contractors that allows them to estimate, invoice, accept payments, & much more!",Sales Representative,0,0,0.9999419450759888,5.805492401123047e-05,0.1,1,BERT:bert_class_weighted,Class weight
2325,emscad_17470,"Jr. QA Engineer Experience :1-5 years Location : Atlanta, Georgia",JR. QA Engineer,0,0,0.9998644590377808,0.00013554096221923828,0.1,1,BERT:bert_class_weighted,Class weight
2326,emscad_17477,Smarter Good is an innovative global services firm for social sector organizations - a for-profit company with a strong ,Peery Foundation - Social Entrepreneurship Portfolio Director,0,0,0.9999423623085022,5.7637691497802734e-05,0.1,1,BERT:bert_class_weighted,Class weight
2327,emscad_17486,47Billion is a Product engineering and Experience design company that delivers state-of-the-art solutions. We provide en,Big-Data Solution Architect,0,0,0.9999467134475708,5.328655242919922e-05,0.1,1,BERT:bert_class_weighted,Class weight
2328,emscad_17489,PowerbyProxi and its customers are leading a revolution to deliver unplugged power. We have changed the way electricity ,Management Accountant,0,0,0.9999481439590454,5.1856040954589844e-05,0.1,1,BERT:bert_class_weighted,Class weight
2329,emscad_17495,LawnStarter is a funded startup revolutionizing the $74 Billion lawn care industry.,Backend Developer - Employee #2,0,0,0.9999508857727051,4.9114227294921875e-05,0.1,1,BERT:bert_class_weighted,Class weight
2330,emscad_17501,Abakus is a software platform built on game theory that evaluates and optimizes marketing. It is used by brands and adve,Sales Development Representative,0,0,0.9998893737792969,0.000110626220703125,0.1,1,BERT:bert_class_weighted,Class weight
2331,emscad_17503,Elite Environmental Group LLC. Provides staffing services and temporary employment opportunities for a wide range of cli,TWIC or RAPIDGate Laborers,0,0,0.9999174475669861,8.255243301391602e-05,0.1,1,BERT:bert_class_weighted,Class weight
2332,emscad_17506,"We're an emerging technology agency, and we build breakthrough products through user-centered design. We're building a t",QA Consultant,0,0,0.999943733215332,5.626678466796875e-05,0.1,1,BERT:bert_class_weighted,Class weight
2333,emscad_17518,Cash Job Opportunity To Immediate Start. No Experience Required And Never Any Fees. Work Anytime 1 To 2 Hrs Daily In Fre,Cash Job Opportunity To Immediate Start.,1,1,0.0,1.0,0.1,1,BERT:bert_class_weighted,Class weight
2334,emscad_17520,Apply using below link,Director of Perioperative Services,1,1,0.0,1.0,0.1,1,BERT:bert_class_weighted,Class weight
2335,emscad_17535,We need a Photoshop master - AE adventage...,Photoshop master,1,0,0.9993748664855957,0.0006251335144042969,0.1,0,BERT:bert_class_weighted,Class weight
2336,emscad_17543,Job Vacancies @ Hyatt Hotels London - Apply before deadline!!!! Hyatt Hotels London - The Churchill 30 Portman Square Lo,Vacancies @ Hyatt Hotel - Apply now before deadline!,1,1,0.00146484375,0.99853515625,0.1,1,BERT:bert_class_weighted,Class weight
2337,emscad_17552,"As a Data Entry / Administrative Assitstant / Admin Clerk Associate, your duties will include data entry, billing, filli",Data Entry / Administrative Assitstant / Admin Clerk / Office Assistant / Customer Service Rep,1,1,0.0,1.0,0.1,1,BERT:bert_class_weighted,Class weight
2338,emscad_17564,"URGENT Job Full Time & Part Time, Cash Pay. You can do it all from home, in your free time, at your own place. Spend 30 ","URGENT Job Full Time & Part Time, Cash Pay.",1,1,0.0,1.0,0.1,1,BERT:bert_class_weighted,Class weight
2339,emscad_17571,MCA Associates receive $80.00 (EIGHTY DOLLARS) and up for each membership submitted; MCA associates also receive residua,work from home,1,1,0.0,1.0,0.1,1,BERT:bert_class_weighted,Class weight
2340,emscad_17572,DMT Instant Reward. We are Hiring all The Time.,Work From Home (Easy Money),1,1,0.0,1.0,0.1,1,BERT:bert_class_weighted,Class weight
2341,emscad_17579,"Cash In Hand Jobs To Begin This Week. You can do it all from home, in your free time, at your own place. Spend 30 minute",Cash In Hand Jobs To Begin This Week.,1,1,0.0,1.0,0.1,1,BERT:bert_class_weighted,Class weight
2342,emscad_17581,"Immediate opening for an accounts payable clerk, Data Entry Primary responsibilities include clearing purchase orders, i",Data Entry/ Administrative Assistant,1,1,0.0,1.0,0.1,1,BERT:bert_class_weighted,Class weight
2343,emscad_17587,"We produce Networking Software (IOS & NX-OS)Optical Networking , Routers,Toric Marker,Pre-chopper,Spectacles,Application","Data Entry, Clerical Admin, Administrative Assistant, Customer Service, Accounting, payroll Clerk, Book keeping",1,1,0.0,1.0,0.1,1,BERT:bert_class_weighted,Class weight
2344,emscad_17597,We have aggressive growth plans in place for the coming years. We provide a much needed service in facilitating the grow,"Account Manager $80-$130,000/yr",1,1,0.0,1.0,0.1,1,BERT:bert_class_weighted,Class weight
2345,emscad_17622,"Staff Required For Part-Time Cash Positions. You can do it all from home, in your free time, at your own place. Spend 30",Staff Required For Part-Time Cash Positions.,1,1,0.0,1.0,0.1,1,BERT:bert_class_weighted,Class weight
2346,emscad_17627,Data Center Migration Application Lead / Architect – must have prior large data center and applications migrations exper,Data Center Migration App Lead for FULL-TIME Opportunity.,1,0,0.9998358488082886,0.00016415119171142578,0.1,0,BERT:bert_class_weighted,Class weight
2347,emscad_17631,"We have positions available for confident, out-going, enthusiastic candidates to join our team of financial assistant.",Financial Assistant position,1,1,0.0,1.0,0.1,1,BERT:bert_class_weighted,Class weight
2348,emscad_17635,URGENT Part Timers & Full Timers Required. No Experience Required And Never Any Fees. Work Anytime 1 To 2 Hrs Daily In F,URGENT Part Timers & Full Timers Required.,1,1,0.0,1.0,0.1,1,BERT:bert_class_weighted,Class weight
2349,emscad_17637,"Weekend Staff Needed, Part Time Cash Jobs. You can do it all from home, in your free time, at your own place. Spend 30 m","Weekend Staff Needed, Part Time Cash Jobs.",1,1,0.0,1.0,0.1,1,BERT:bert_class_weighted,Class weight
2350,emscad_17640,"Hiring Part Time Workers For Cash Position. You can do it all from home, in your free time, at your own place. Spend 30 ",Hiring Part Time Workers For Cash Position.,1,1,0.0,1.0,0.1,1,BERT:bert_class_weighted,Class weight
2351,emscad_17641,We are seeking individuals to be connected with companies who are hiring employees directly to work from their homes. Yo,Customer Service Associate,1,1,0.0,1.0,0.1,1,BERT:bert_class_weighted,Class weight
2352,emscad_17673,"As the industry’s largest supply contracting company, Novation serves the purchasing needs of more than 65,000 VHA, UHC ",Data Entry Clerk,1,1,0.0,1.0,0.1,1,BERT:bert_class_weighted,Class weight
2353,emscad_17674,Greetings from VAM SYSTEMS.....,Urgently Required Senior VMware and MS Windows Systems Administrator for Qatar.,1,1,0.0,1.0,0.1,1,BERT:bert_class_weighted,Class weight
2354,emscad_17686,Aegis is a global business services provider in the area of experience management. We provide a suite of solutions for o,CUSTOMER SERVICE AGENT,1,0,0.9999421834945679,5.7816505432128906e-05,0.1,0,BERT:bert_class_weighted,Class weight
2355,emscad_17702,The Accounting Clerk works under tight deadlines and is responsible for accounting activities and supporting the account,Accounting Clerk/ $23,1,1,0.0,1.0,0.1,1,BERT:bert_class_weighted,Class weight
2356,emscad_17721,On behalf of our client we are looking for an Finance Assistant All-rounder for a newly created position within fast gro,Finance Assistant,1,0,0.9996018409729004,0.0003981590270996094,0.1,0,BERT:bert_class_weighted,Class weight
2357,emscad_17725,"Accounting professional will analyze paid/unpaid vendor invoices, categorize invoices within business lines, and maintai",Accounts Payable Clerk,1,0,0.9969730377197266,0.0030269622802734375,0.1,0,BERT:bert_class_weighted,Class weight
2358,emscad_17761,"DRS Technologies, headquartered in Arlington, Virginia, U.S.A., is a leading supplier of integrated products, services a",Payroll Clerk,1,1,0.00048828125,0.99951171875,0.1,1,BERT:bert_class_weighted,Class weight
2359,emscad_17765,"Experienced, reliable team members are needed for our Data Entry Clerk / Administrative Assistant needed! We are current","Admin Clerk,Office Assistant,Customer",1,1,0.0,1.0,0.1,1,BERT:bert_class_weighted,Class weight
2360,emscad_17775,"Long term established and respected Optometric practice is seeking a full-time Optician for our Eagan, Minnesota locatio",Optician,1,1,0.0,1.0,0.1,1,BERT:bert_class_weighted,Class weight
2361,emscad_17783,"PART TIMERS Required For Cash Pay Jobs. You can do it all from home, in your free time, at your own place. Spend 30 minu",PART TIMERS Required For Cash Pay Jobs.,1,1,0.0,1.0,0.1,1,BERT:bert_class_weighted,Class weight
2362,emscad_17787,We is a market leader in manufacturing and designing high quality LED Lighting products with a global presence. We are a,Office Clerk,1,0,0.9997115135192871,0.0002884864807128906,0.1,0,BERT:bert_class_weighted,Class weight
2363,emscad_17797,"Basic Job Duties Include:-Answer all incoming lines, transfer and screen calls -File, fax, and scan among other tasks -G",Office Assistant/Clerical Administrative,1,1,0.00048828125,0.99951171875,0.1,1,BERT:bert_class_weighted,Class weight
2364,emscad_17799,"AVAILABLE POSITIONS: Catering staffs, managers, cafe staffs, casino staffs, reservation clerks, accountants, cashiers, r",Vacancies At The Cafe Royal Hotel London,1,1,0.0,1.0,0.1,1,BERT:bert_class_weighted,Class weight
2365,emscad_17808,We're looking for self-motivated individuals who are interested in working from home by performing online data entry wor,Remote Data Entry Rep Needed,1,1,0.0,1.0,0.1,1,BERT:bert_class_weighted,Class weight
2366,emscad_17809,"We are hiring home / domestic #URL_a611accdf5e94eb5fe30981160c8d3567cd60b01d074a6bfea919aca521be808# mother is home, bef","vacancies,nannies,cooks,drivers and housekeepers needed",1,1,0.0302734375,0.9697265625,0.1,1,BERT:bert_class_weighted,Class weight
2367,emscad_17811,"We have the demand. We are looking for people that are quick learners, and are very efficient, to handle the demand. We ","Business Opportunity P/T,F/T Available",1,1,0.0,1.0,0.1,1,BERT:bert_class_weighted,Class weight
2368,emscad_17826,ADMINISTRATIVE & OFFICE ASSISTANT,ADMINISTRATIVE & OFFICE ASSISTANT,1,1,0.0,1.0,0.1,1,BERT:bert_class_weighted,Class weight
2369,emscad_17841,Established on the principles that full time education is not for everyone Spectrum Learning is made up of a team of pas,Birmingham Fragrance and Beauty Promotional Staff,0,0,0.9999467134475708,5.328655242919922e-05,0.1,1,BERT:bert_class_weighted,Class weight
2370,emscad_17874,RESPONSIBILITIES:,Recruiting Coordinator,0,0,0.9997704029083252,0.0002295970916748047,0.1,1,BERT:bert_class_weighted,Class weight
2371,emscad_17875,"Sr, JavaScript Developer Experience : 4-10 years Location : New York",JavaScript Developer,0,0,0.9999313354492188,6.866455078125e-05,0.1,1,BERT:bert_class_weighted,Class weight
