sample_index,original_id,company,title,true_label,predicted_label,legitimate_probability,fraud_probability,threshold,correct,model_name,imbalance_strategy
0,emscad_00010,"Novitex Enterprise Solutions, formerly Pitney Bowes Management Services, delivers innovative document and communications",Customer Service Associate - Part Time,0,0,0.9999619126319885,3.808736801147461e-05,0.7,1,BERT:bert_class_weighted,Class weight
1,emscad_00014,"Growing event production company providing staging, scenic, and drapery primarily in the state of Florida. We have a sec",Installers,0,0,0.999940812587738,5.918741226196289e-05,0.7,1,BERT:bert_class_weighted,Class weight
2,emscad_00018,Established on the principles that full time education is not for everyone Spectrum Learning is made up of a team of pas,Southend-on-Sea Traineeships Under NAS 16-18 Year Olds Only,0,0,0.9999538660049438,4.6133995056152344e-05,0.7,1,BERT:bert_class_weighted,Class weight
3,emscad_00020,We Provide Full Time Permanent Positions for many medium to large US companies. We are interested in finding/recruiting ,Process Controls Engineer - DCS PLC MS Office - PA,0,0,0.9999374747276306,6.252527236938477e-05,0.7,1,BERT:bert_class_weighted,Class weight
4,emscad_00032,Day to Day-,Software Applications Specialist,0,0,0.9999313354492188,6.866455078125e-05,0.7,1,BERT:bert_class_weighted,Class weight
5,emscad_00034,"Valor Services provides Workforce Solutions that meet the needs of companies across the Private Sector, with a special f",Completion Engineer,0,0,0.9999545812606812,4.5418739318847656e-05,0.7,1,BERT:bert_class_weighted,Class weight
6,emscad_00045,"Novitex Enterprise Solutions, formerly Pitney Bowes Management Services, delivers innovative document and communications",Customer Service Team Lead,0,0,0.9999616146087646,3.838539123535156e-05,0.7,1,BERT:bert_class_weighted,Class weight
7,emscad_00057,"ABC Supply Co., Inc. is the nation’s largest wholesale distributor of roofing and one of the largest distributors of sid",Outside Sales Professional-Oronoco,0,0,0.9999285936355591,7.140636444091797e-05,0.7,1,BERT:bert_class_weighted,Class weight
8,emscad_00066,"TELL is a digital creative agency. It’s not just who you know, it’s how you get to know them. We live in what we call th",Digital Developer,0,0,0.9999629259109497,3.707408905029297e-05,0.7,1,BERT:bert_class_weighted,Class weight
9,emscad_00070,Position # 1,Ruby Automation Engineer & Ruby on Rails Engineer - 2 roles,0,0,0.9962043762207031,0.003795623779296875,0.7,1,BERT:bert_class_weighted,Class weight
10,emscad_00075,"Novitex Enterprise Solutions, formerly Pitney Bowes Management Services, delivers innovative document and communications",Call Attendant - Part Time,0,0,0.9999586939811707,4.13060188293457e-05,0.7,1,BERT:bert_class_weighted,Class weight
11,emscad_00076,"Babbel enables anyone to learn languages in an easy and interactive way. The learning system offers 13 languages, from E",Senior Full-Stack Engineer - Ruby on Rails (Technical Lead),0,0,0.9999503493309021,4.965066909790039e-05,0.7,1,BERT:bert_class_weighted,Class weight
12,emscad_00079,"Our name is not in this ad to prevent us from showing up in Google indexing under our company name, which would then let",200K + MANAGEMENT POSITION FOR EXPERIENCED MERCHANT CASH ADVANCE REPS,0,0,0.9998147487640381,0.00018525123596191406,0.7,1,BERT:bert_class_weighted,Class weight
13,emscad_00082,"Novitex Enterprise Solutions, formerly Pitney Bowes Management Services, delivers innovative document and communications",Customer Service Technical Specialist,0,0,0.9999646544456482,3.534555435180664e-05,0.7,1,BERT:bert_class_weighted,Class weight
14,emscad_00089,"Hi, we are dopios",Sales and Partnerships Intern,0,0,0.9999271631240845,7.283687591552734e-05,0.7,1,BERT:bert_class_weighted,Class weight
15,emscad_00095,Established on the principles that full time education is not for everyone Spectrum Learning is made up of a team of pas,WF17 9LU Customer Service Apprenticeship under NAS 16-18 year olds only!,0,0,0.9999520778656006,4.792213439941406e-05,0.7,1,BERT:bert_class_weighted,Class weight
16,emscad_00099,Staffing & Recruiting done right for the Oil & Energy Industry!,IC&E Technician,1,1,0.0,1.0,0.7,1,BERT:bert_class_weighted,Class weight
17,emscad_00131,"Novitex Enterprise Solutions, formerly Pitney Bowes Management Services, delivers innovative document and communications",Customer Service Associate - Call Attendant,0,0,0.9999563694000244,4.363059997558594e-05,0.7,1,BERT:bert_class_weighted,Class weight
18,emscad_00135,MarketInvoice is one of the most high-profile London based fin-tech companies. The Company is Europe’s leading P2P invoi,Senior Business Development Manager,0,0,0.9999591708183289,4.082918167114258e-05,0.7,1,BERT:bert_class_weighted,Class weight
19,emscad_00139,"Novitex Enterprise Solutions, formerly Pitney Bowes Management Services, delivers innovative document and communications",Customer Service Technical Specialist- Reprographics Specialist,0,0,0.9999648928642273,3.510713577270508e-05,0.7,1,BERT:bert_class_weighted,Class weight
20,emscad_00165,"EME International is a global leader in enterprise mobility solutions, partnering with thousands of device makers and co",Marketing Executive,0,0,0.9999538660049438,4.6133995056152344e-05,0.7,1,BERT:bert_class_weighted,Class weight
21,emscad_00168,"General Summary: Achieves maximum sales profitability, growth and account penetration within an assigned territory and/o",Entry Level Sales,0,0,0.9996533393859863,0.0003466606140136719,0.7,1,BERT:bert_class_weighted,Class weight
22,emscad_00171,hello world,Micro-grid Systems Engineer,0,0,0.999963104724884,3.68952751159668e-05,0.7,1,BERT:bert_class_weighted,Class weight
23,emscad_00172,The Technical Team and offering at VML London has a very strong heritage dating back to the mid-nineties when the London,System Administrator,0,0,0.9999475479125977,5.245208740234375e-05,0.7,1,BERT:bert_class_weighted,Class weight
24,emscad_00179,BCV is the premier full-service social media provider in the hospitality industry. Our social media experts have develop,Director of Strategic Planning,0,0,0.9999594688415527,4.0531158447265625e-05,0.7,1,BERT:bert_class_weighted,Class weight
25,emscad_00200,"ABC Supply Co., Inc. is the nation’s largest wholesale distributor of roofing and one of the largest distributors of sid",Outside Sales Professional,0,0,0.9999164938926697,8.350610733032227e-05,0.7,1,BERT:bert_class_weighted,Class weight
26,emscad_00208,"Novitex Enterprise Solutions, formerly Pitney Bowes Management Services, delivers innovative document and communications",Data Entry Clerk II,0,0,0.9999377131462097,6.22868537902832e-05,0.7,1,BERT:bert_class_weighted,Class weight
27,emscad_00219,"Squiz is one of the world's leading web solutions companies. We design, build and manage engaging websites and online ap",Junior Systems Administrator,0,0,0.9999589920043945,4.100799560546875e-05,0.7,1,BERT:bert_class_weighted,Class weight
28,emscad_00236,Established on the principles that full time education is not for everyone Spectrum Learning is made up of a team of pas,WF5 9HF Recruitment Apprenticeship Available Under NAS 16-24 year olds only!,0,0,0.9999551177024841,4.488229751586914e-05,0.7,1,BERT:bert_class_weighted,Class weight
29,emscad_00244,We help teachers get safe & secure jobs abroad :),English Teacher Overseas,0,0,0.9999560117721558,4.398822784423828e-05,0.7,1,BERT:bert_class_weighted,Class weight
30,emscad_00253,We Provide Full Time Permanent Positions for many medium to large US companies. We are interested in finding/recruiting ,Food Quality,0,0,0.9999616146087646,3.838539123535156e-05,0.7,1,BERT:bert_class_weighted,Class weight
31,emscad_00261,Established on the principles that full time education is not for everyone Spectrum Learning is made up of a team of pas,Chelmsford Customer Service Apprenticeship Under NAS 16-18 Year Olds Only,0,0,0.9999566674232483,4.3332576751708984e-05,0.7,1,BERT:bert_class_weighted,Class weight
32,emscad_00267,“Pride is a personal commitment. It is an attitude which separates excellence from mediocrity.” – Author Unknown,Assistant Retail Manager -- Must LOVE Dogs,0,0,0.9999533295631409,4.667043685913086e-05,0.7,1,BERT:bert_class_weighted,Class weight
33,emscad_00272,"Valor Services provides Workforce Solutions that meet the needs of companies across the Private Sector, with a special f",Job Fair - Multiple Oil & Gas Jobs!,0,0,0.9999489784240723,5.1021575927734375e-05,0.7,1,BERT:bert_class_weighted,Class weight
34,emscad_00277,The front door to most businesses is online. Connectivity allows business owners know every first impression. We are pas,Account Executive,0,0,0.9999334216117859,6.657838821411133e-05,0.7,1,BERT:bert_class_weighted,Class weight
35,emscad_00294,"Tidewater Finance Co. was established in 1992 for the initial purpose of purchasing, and servicing retail installment co",Contact Center Representatives,0,0,0.9999445676803589,5.543231964111328e-05,0.7,1,BERT:bert_class_weighted,Class weight
36,emscad_00305,"Novitex Enterprise Solutions, formerly Pitney Bowes Management Services, delivers innovative document and communications",Litigation Support Analyst,0,0,0.9999622106552124,3.7789344787597656e-05,0.7,1,BERT:bert_class_weighted,Class weight
37,emscad_00309,"Professional Technology Resourcing, Managed Services, Contracting, Project Management and Executive Placement Services.",".NET Developer, Hong Kong",0,0,0.9999529719352722,4.70280647277832e-05,0.7,1,BERT:bert_class_weighted,Class weight
38,emscad_00323,Searching for the perfect creative agent or mission? Inside Job Agency finds out the details you need to know in order t,Quality Assurance Tester,0,0,0.9999578595161438,4.214048385620117e-05,0.7,1,BERT:bert_class_weighted,Class weight
39,emscad_00350,"Cylance is a global cybersecurity products and service company, specializeing in advanced threat security that detects a",Embedded Systems / Telematics Security Consultant,0,0,0.9998948574066162,0.00010514259338378906,0.7,1,BERT:bert_class_weighted,Class weight
40,emscad_00361,"Founded in 1999, SmartBrief is the leader in customized e-mail news services and reaches top-flight executives in a vari",Freelance writer,0,0,0.9998766183853149,0.0001233816146850586,0.7,1,BERT:bert_class_weighted,Class weight
41,emscad_00363,NFP is a leader in the delivery of benefits solutions for companies of all sizes and in the delivery of life insurance a,Benefits Consultant - Warrington,0,0,0.9999432563781738,5.6743621826171875e-05,0.7,1,BERT:bert_class_weighted,Class weight
42,emscad_00367,Visual BI is one of the leading and fastest growing firms focusing exclusively on BI & Analytics. Our offerings cover en,Sales Director,0,0,0.9999578595161438,4.214048385620117e-05,0.7,1,BERT:bert_class_weighted,Class weight
43,emscad_00368,Established on the principles that full time education is not for everyone Spectrum Learning is made up of a team of pas,Southport Business Admin Apprenticeship Under NAS 16-18 Year Olds Only,0,0,0.9999503493309021,4.965066909790039e-05,0.7,1,BERT:bert_class_weighted,Class weight
44,emscad_00393,MISSION:,PASSIONATE EXPERIENCED PCP's NEEDED TODAY! WE PAY MORE FOR THE VERY BEST IN THE INDUSTRY!,0,0,0.9999508857727051,4.9114227294921875e-05,0.7,1,BERT:bert_class_weighted,Class weight
45,emscad_00399,"Founded in 2009 by early LinkedIn employees, PeopleLinx gamifies employee engagement for LinkedIn, Twitter and other soc",VP of Product,0,0,0.9999556541442871,4.4345855712890625e-05,0.7,1,BERT:bert_class_weighted,Class weight
46,emscad_00405,We help teachers get safe & secure jobs abroad :),English Teacher Abroad (Conversational),0,0,0.9999588131904602,4.118680953979492e-05,0.7,1,BERT:bert_class_weighted,Class weight
47,emscad_00409,"Novitex Enterprise Solutions, formerly Pitney Bowes Management Services, delivers innovative document and communications",Customer Service Team Lead,0,0,0.9999625086784363,3.74913215637207e-05,0.7,1,BERT:bert_class_weighted,Class weight
48,emscad_00411,Viva Online Services is the leading Greek online services website providing online services in various sectors like Trav,Systems engineer / network administrator,0,0,0.9999511241912842,4.887580871582031e-05,0.7,1,BERT:bert_class_weighted,Class weight
49,emscad_00412,WHO WE ARE In2media has ever since the early start in 1994 grown into being a full service digital agency. Following the,Art Director,0,0,0.9999475479125977,5.245208740234375e-05,0.7,1,BERT:bert_class_weighted,Class weight
50,emscad_00449,"In 2011, Veeshee launched as an online monogramming boutique. As the Veeshee dream evolved from monogrammed gifts to com",Seamstress,0,0,0.9999513030052185,4.869699478149414e-05,0.7,1,BERT:bert_class_weighted,Class weight
51,emscad_00450,"L O OP is an award winning interactive agency based in Salzburg with satellite offices in Copenhagen, Berlin, Sydney and",Office Management,0,0,0.9999608397483826,3.916025161743164e-05,0.7,1,BERT:bert_class_weighted,Class weight
52,emscad_00451,Our passion for improving quality of life through geography is at the heart of everything we do. Esri’s geographic infor,Application Developer - .NET/Java,0,0,0.9999359846115112,6.401538848876953e-05,0.7,1,BERT:bert_class_weighted,Class weight
53,emscad_00454,"WellAware is an oil field communications and software-as-a-service (SaaS) company based in San Antonio, TX that provides",Senior Software Engineer - Mobile,0,0,0.9999588131904602,4.118680953979492e-05,0.7,1,BERT:bert_class_weighted,Class weight
54,emscad_00457,hello world,Customer Service Agent,0,0,0.9999524354934692,4.756450653076172e-05,0.7,1,BERT:bert_class_weighted,Class weight
55,emscad_00459,"Founded in the mid 2000′s, our services include building and management of systems that provide the overall web infrastr",Sales Consultants,0,0,0.9999432563781738,5.6743621826171875e-05,0.7,1,BERT:bert_class_weighted,Class weight
56,emscad_00461,The Albany Charter School Network is a family of charter schools in the City of Albany that works to prepare children fo,Middle School Spanish Teacher,0,0,0.9999535083770752,4.649162292480469e-05,0.7,1,BERT:bert_class_weighted,Class weight
57,emscad_00465,Our mission is to optimize the first screen of mobile to better connect users with the world.,Global User Acquisition Marketing Manager,0,0,0.9999580383300781,4.1961669921875e-05,0.7,1,BERT:bert_class_weighted,Class weight
58,emscad_00472,Job Overview,Geologist,0,0,0.9999400973320007,5.990266799926758e-05,0.7,1,BERT:bert_class_weighted,Class weight
59,emscad_00473,"We are looking for a part time account manager to educate and sell wedding vendors our bridal shows, online ads, and exp",Account Manager,0,0,0.999940812587738,5.918741226196289e-05,0.7,1,BERT:bert_class_weighted,Class weight
60,emscad_00479,"Argenta Field Solutions values the client, creates income streams for them through our sales mechanism and focuses on qu",Interviewing Now for Sales Rep Positions -- with Management Training,0,0,0.999946117401123,5.3882598876953125e-05,0.7,1,BERT:bert_class_weighted,Class weight
61,emscad_00480,"Novitex Enterprise Solutions, formerly Pitney Bowes Management Services, delivers innovative document and communications",Customer Service Associate,0,0,0.9999625086784363,3.74913215637207e-05,0.7,1,BERT:bert_class_weighted,Class weight
62,emscad_00485,"Founded in the mid 2000′s, our services include building and management of systems that provide the overall web infrastr",Experienced Telemarketer Wanted - Digital Solutions,0,0,0.9999575018882751,4.2498111724853516e-05,0.7,1,BERT:bert_class_weighted,Class weight
63,emscad_00494,"A Newly established company seeks outgoing, friendly people person with a can do attitude for a Admin Assistant/ Recepti",Admin Assistant/ Receptionist,1,0,0.9938316345214844,0.006168365478515625,0.7,0,BERT:bert_class_weighted,Class weight
64,emscad_00514,About Jeri Davis International,Referants / Source ONLY,0,0,0.9999068379402161,9.316205978393555e-05,0.7,1,BERT:bert_class_weighted,Class weight
65,emscad_00519,Looking for a Consultant with experience in working with Arizona dairies and farmers. Must understand the basic principl,Dairy & Farming Consultant,0,0,0.9994149208068848,0.0005850791931152344,0.7,1,BERT:bert_class_weighted,Class weight
66,emscad_00536,We are on a mission: Making cities smarter.,Office Manager,0,0,0.9999611973762512,3.88026237487793e-05,0.7,1,BERT:bert_class_weighted,Class weight
67,emscad_00537,As Part Time Administrative Assistant/ Data Entry I you will be responsible for:,Part-Time Administrative/Data Entry I,0,1,0.0,1.0,0.7,0,BERT:bert_class_weighted,Class weight
68,emscad_00543,"Optimal Business Action was created in 2005 in order to provide high quality, personalized HR services to medium and lar",Key Account Manager,0,0,0.9999620914459229,3.790855407714844e-05,0.7,1,BERT:bert_class_weighted,Class weight
69,emscad_00571,"At Atlas Lift Tech, safety always comes first! We are a fast growing company with an innovative vision of making Safe Pa",EMTs (Lift Coaches) Marin,0,0,0.9999505281448364,4.947185516357422e-05,0.7,1,BERT:bert_class_weighted,Class weight
70,emscad_00573,GENERAL DESCRIPTION OF POSITION The Maintenance & Community Supervisor provides property-level support to the Regional M,Part-Time Apartment Maintenance & Community Manager,0,0,0.999940812587738,5.918741226196289e-05,0.7,1,BERT:bert_class_weighted,Class weight
71,emscad_00616,"Working at Assurelife we will ensure you have the required knowledge to be able to offer bespoke advice to our clients, ",Telesales Advisor,0,0,0.9994897842407227,0.0005102157592773438,0.7,1,BERT:bert_class_weighted,Class weight
72,emscad_00625,"Tidewater Finance Co. was established in 1992 for the initial purpose of purchasing, and servicing retail installment co",Assistant Training and Quality Development Faciliator,0,0,0.9999381899833679,6.181001663208008e-05,0.7,1,BERT:bert_class_weighted,Class weight
73,emscad_00628,GPC Works is a technology startup laboratory : Strategic IP and early stage research & development of innovative venture,PHP Developer,0,0,0.9999594688415527,4.0531158447265625e-05,0.7,1,BERT:bert_class_weighted,Class weight
74,emscad_00629,Jaco Oil and Refined Resources have partnered up in an effort to streamline the hiring process and provide a more effici,UST Testing Technician II,1,1,0.0,1.0,0.7,1,BERT:bert_class_weighted,Class weight
75,emscad_00630,Our passion for improving quality of life through geography is at the heart of everything we do. Esri’s geographic infor,Lead Network Engineer,0,0,0.9999305009841919,6.949901580810547e-05,0.7,1,BERT:bert_class_weighted,Class weight
76,emscad_00642,"With an exceptional record of over 50% growth in each of the last 5 years, we’ve become the UK’s largest online retailer",Production Assistant,0,0,0.9999610185623169,3.898143768310547e-05,0.7,1,BERT:bert_class_weighted,Class weight
77,emscad_00646,EgyptNetwork i s a fast growing IT solutions provider for Microsoft technologies with strong experience in Microsoft cor,Senior .NET Developer,0,0,0.9999369978904724,6.300210952758789e-05,0.7,1,BERT:bert_class_weighted,Class weight
78,emscad_00651,United Med Force was created due to the high demand for elite sales professionals in the healthcare industry. United Med,Pharmaceutical / Compound Sales Representative- Ohio,0,0,0.9999588131904602,4.118680953979492e-05,0.7,1,BERT:bert_class_weighted,Class weight
79,emscad_00657,Factory Media is Europe’s largest and most innovative Action Sports content,Editor - Cycling,0,0,0.9999549388885498,4.506111145019531e-05,0.7,1,BERT:bert_class_weighted,Class weight
80,emscad_00659,Established on the principles that full time education is not for everyone Spectrum Learning is made up of a team of pas,PL15 Business Admin Apprenticeship Under NAS 16-18 Year Olds Only,0,0,0.9999526143074036,4.738569259643555e-05,0.7,1,BERT:bert_class_weighted,Class weight
81,emscad_00662,Aptitude Staffing Solutions has redesigned the recruiting wheel. Our innovative new platform cuts the recruiting time in,Director of Strategy,1,1,0.0,1.0,0.7,1,BERT:bert_class_weighted,Class weight
82,emscad_00677,"Novitex Enterprise Solutions, formerly Pitney Bowes Management Services, delivers innovative document and communications",Product Manager,0,0,0.9999623894691467,3.7610530853271484e-05,0.7,1,BERT:bert_class_weighted,Class weight
83,emscad_00685,"Built with AI technology developed for DARPA, Trapit delivers highly relevant recommendations based on rich contextual a",Javascript Engineer,0,0,0.9999556541442871,4.4345855712890625e-05,0.7,1,BERT:bert_class_weighted,Class weight
84,emscad_00694,"Babbel enables anyone to learn languages in an easy and interactive way. The learning system offers 13 languages, from E",Web Engineer (Business Process System),0,0,0.9999578595161438,4.214048385620117e-05,0.7,1,BERT:bert_class_weighted,Class weight
85,emscad_00699,"ABC Supply Co., Inc. is the nation’s largest wholesale distributor of roofing and one of the largest distributors of sid",Inside Sales Professional-Addison,0,0,0.9999572038650513,4.279613494873047e-05,0.7,1,BERT:bert_class_weighted,Class weight
86,emscad_00723,We Provide Full Time Permanent Positions for many medium to large US companies. We are interested in finding/recruiting ,Process Improvement Project Engineering Manager,0,0,0.9999602437019348,3.975629806518555e-05,0.7,1,BERT:bert_class_weighted,Class weight
87,emscad_00728,"ABC Supply Co., Inc. is the nation’s largest wholesale distributor of roofing and one of the largest distributors of sid",Outside Sales Professional-Hartland,0,0,0.999933660030365,6.633996963500977e-05,0.7,1,BERT:bert_class_weighted,Class weight
88,emscad_00730,"QB Medical, Inc. is a growing medical supply distributor. We specialize in medical product sales to the federal governme",Healthcare Support Rep,0,0,0.9999260306358337,7.396936416625977e-05,0.7,1,BERT:bert_class_weighted,Class weight
89,emscad_00742,"We build software for fashion retailers, to help them make the right commercial decisions about what to sell, and how to",Senior Engineer (Dev ops),0,0,0.9999568462371826,4.315376281738281e-05,0.7,1,BERT:bert_class_weighted,Class weight
90,emscad_00760,Adthena is the UK’s leading competitive intelligence service for Google search advertisers. Adthena is loved by major br,Digital Sales Geek,0,0,0.9999591708183289,4.082918167114258e-05,0.7,1,BERT:bert_class_weighted,Class weight
91,emscad_00768,Position Overview A Software Developer develops specifications for SigmaTEK applications and modifies/maintains the exis,Software Developer,0,0,0.9999263286590576,7.367134094238281e-05,0.7,1,BERT:bert_class_weighted,Class weight
92,emscad_00775,Tailor is a digital agency specialising in three things:,Senior .NET Developer,0,0,0.999963641166687,3.635883331298828e-05,0.7,1,BERT:bert_class_weighted,Class weight
93,emscad_00781,WHAT WE DO,Web Developer,0,0,0.9999575018882751,4.2498111724853516e-05,0.7,1,BERT:bert_class_weighted,Class weight
94,emscad_00784,"Frequency540 (FQ540) is a full service digital agency focused on creating prosperity for our clients, our people, and pa",Front-End Web Developer,0,0,0.9999588131904602,4.118680953979492e-05,0.7,1,BERT:bert_class_weighted,Class weight
95,emscad_00787,"Babbel enables anyone to learn languages in an easy and interactive way. The learning system offers 13 languages, from E",Mobile Ad Operations Manager,0,0,0.9999635219573975,3.647804260253906e-05,0.7,1,BERT:bert_class_weighted,Class weight
96,emscad_00789,“What do you want to be when you grow up?” your dad asked.,Super Marketing Specialist,0,0,0.9997584819793701,0.0002415180206298828,0.7,1,BERT:bert_class_weighted,Class weight
97,emscad_00793,Tailor is a digital agency specialising in three things:,Senior .NET Web Developer,0,0,0.9999635219573975,3.647804260253906e-05,0.7,1,BERT:bert_class_weighted,Class weight
98,emscad_00797,We are currently recruiting for an experienced upvc and conservatory fitter. experience in fitting upvc and aluminium; w,Window Fitters,0,0,0.99981689453125,0.00018310546875,0.7,1,BERT:bert_class_weighted,Class weight
99,emscad_00820,Our passion for improving quality of life through geography is at the heart of everything we do. Esri’s geographic infor,Business Analyst - CRM,0,0,0.9999369978904724,6.300210952758789e-05,0.7,1,BERT:bert_class_weighted,Class weight
100,emscad_00833,We are a family run business that has been in operation for nearly 40 years. We value long term relationships and want t,Sales Professional,0,0,0.9999542236328125,4.57763671875e-05,0.7,1,BERT:bert_class_weighted,Class weight
101,emscad_00839,"The RealReal is changing the way people buy and sell luxury items. The leader in luxury resale, the company is a full se",DevOps Engineer,0,0,0.9999592900276184,4.07099723815918e-05,0.7,1,BERT:bert_class_weighted,Class weight
102,emscad_00841,Since 1978,Search Engine Marketing Coordinator,0,0,0.9999374747276306,6.252527236938477e-05,0.7,1,BERT:bert_class_weighted,Class weight
103,emscad_00844,"The Accion story began more than 100 years ago in the Austin,Tx with one family owned establishment. Today, Accion has g",Technical & Customer Support Associates,1,1,0.0,1.0,0.7,1,BERT:bert_class_weighted,Class weight
104,emscad_00859,MRSI is a nonprofit organization established in 1977 by a group of parents and professionals as a local alternative to t,Direct Support Professional,0,0,0.9999540448188782,4.595518112182617e-05,0.7,1,BERT:bert_class_weighted,Class weight
105,emscad_00866,Support company business development efforts,Management Intern,0,0,0.9998279809951782,0.00017201900482177734,0.7,1,BERT:bert_class_weighted,Class weight
106,emscad_00871,"Formed in 2006, Saul&Partners is an executive search consulting firm specialising in talent management for permanent sta",Sales Director - E-Commerce,0,0,0.9999552965164185,4.470348358154297e-05,0.7,1,BERT:bert_class_weighted,Class weight
107,emscad_00873,Telecanvasser's Wanted Immediately,Telecanvasser's Wanted Immediately,0,0,0.9970588684082031,0.002941131591796875,0.7,1,BERT:bert_class_weighted,Class weight
108,emscad_00877,The Director of Account Management brings strong leadership to an organization focused on delivering Customer Lifetime V,Director of Account Management,0,0,0.9999114871025085,8.851289749145508e-05,0.7,1,BERT:bert_class_weighted,Class weight
109,emscad_00884,As a developer on #URL_0a1667009951cdc20258aaca432753946ff57cfec7cf4bf118cb98e4581aa061# you will work with other bright,Full Stack Developer (.NET or equivalent + Javascript),0,0,0.9998968839645386,0.00010311603546142578,0.7,1,BERT:bert_class_weighted,Class weight
110,emscad_00889,Tel Tech Networks is a Voice/Data/Video/Security systems contractor operating primarily in the Southwestern United State,Field Service Technician - Access Control/Security,0,0,0.9999533295631409,4.667043685913086e-05,0.7,1,BERT:bert_class_weighted,Class weight
111,emscad_00892,Normal,Order Entry Ninja Full-time and Part-time,0,0,0.9539794921875,0.0460205078125,0.7,1,BERT:bert_class_weighted,Class weight
112,emscad_00896,"Since our incorporation in back in 2007, our mission has been to become the United States' prime Local Search Marketing ",Service/Sales Representatives for Inbound Call Center,0,0,0.9999439120292664,5.608797073364258e-05,0.7,1,BERT:bert_class_weighted,Class weight
113,emscad_00902,Upstream’s mission is to revolutionise the way companies market to consumers through cutting edge technology. This is an,Connectivity Engineer,0,0,0.9999536871910095,4.6312808990478516e-05,0.7,1,BERT:bert_class_weighted,Class weight
114,emscad_00910,CRM Developer with ERMS experience – with Integration skills including middleware and UI experience to provide customer ,SAP CRM Developer with ERMS,0,0,0.9996395111083984,0.0003604888916015625,0.7,1,BERT:bert_class_weighted,Class weight
115,emscad_00926,Want to build a 21st century financial service?,VP Product,0,0,0.9999389052391052,6.109476089477539e-05,0.7,1,BERT:bert_class_weighted,Class weight
116,emscad_00932,Viva Payments is one of the first Payments Institutes in Greece and one of the fastest growing Financial Institutions in,Compliance Officer,0,0,0.9999315738677979,6.842613220214844e-05,0.7,1,BERT:bert_class_weighted,Class weight
117,emscad_00940,Digital Brand Architects is a transformative boutique agency that expertly navigates the digital landscape through a two,Account Manager Fashion & Beauty,0,0,0.9999622106552124,3.7789344787597656e-05,0.7,1,BERT:bert_class_weighted,Class weight
118,emscad_00941,"Infolob Solutions is a leader in Managed IT services, Enterprise Application Software, IT staffing and Consulting and Ap",Oracle ETL ODI Consultant (Remote),0,0,0.9999545812606812,4.5418739318847656e-05,0.7,1,BERT:bert_class_weighted,Class weight
119,emscad_00954,Educational Background:,PHP Developer,0,0,0.9986457824707031,0.001354217529296875,0.7,1,BERT:bert_class_weighted,Class weight
120,emscad_00963,Execute all visual design stages from concept to final hand-off to engineering,Web Designer,0,0,0.9998488426208496,0.00015115737915039062,0.7,1,BERT:bert_class_weighted,Class weight
121,emscad_00965,Get is a full service digital agency. We take a simple approach and create scalable solutions that actually work. We are,Digital Executive,0,0,0.9999563694000244,4.363059997558594e-05,0.7,1,BERT:bert_class_weighted,Class weight
122,emscad_00976,"Join a team of brightest strategist, planners, and implementers to expand your career. We are looking for a hands-on, ex",IT Portfolio Manager | Greater New York City Area,0,0,0.9998756647109985,0.00012433528900146484,0.7,1,BERT:bert_class_weighted,Class weight
123,emscad_00977,"Skills:.Net, C#, #URL_c5591c960537d84ff7889f414633cdbc8e7d36f3fe042a096d374e4e058388d5#, Single Sign On (SSO), Agile, TF",".Net, C#, ASP.Net, SOAP, RESTful,JSON-Corillian-Voyager Engineer",0,0,0.9999430775642395,5.692243576049805e-05,0.7,1,BERT:bert_class_weighted,Class weight
124,emscad_00985,A startup aiming to change the way parents and kids experience urban life,Web Developer,0,0,0.9999234080314636,7.659196853637695e-05,0.7,1,BERT:bert_class_weighted,Class weight
125,emscad_00986,En Adjust somos un DSP (Demand Side Platform) / DMP (Data Management Platform) con tecnología única en México y LATAM: A,Trafficker,0,0,0.999907910823822,9.208917617797852e-05,0.7,1,BERT:bert_class_weighted,Class weight
126,emscad_00988,Why CSD?,Vice President of Talent and Employee Experience,0,0,0.9998409748077393,0.0001590251922607422,0.7,1,BERT:bert_class_weighted,Class weight
127,emscad_00993,Visual / Interaction Designer,UI Designer,0,0,0.999963104724884,3.68952751159668e-05,0.7,1,BERT:bert_class_weighted,Class weight
128,emscad_00999,Full time Bookkeeper for local Southampton energy firm with proven QuickBooks 2013 experience in all aspects of accounti,Bookeeper/Supply Manager,0,0,0.9999493360519409,5.066394805908203e-05,0.7,1,BERT:bert_class_weighted,Class weight
129,emscad_01003,"Neverbland is a team of designers, developers and doers. Specialists in user experience, interaction design and product ",Digital Designer,0,0,0.9999443888664246,5.561113357543945e-05,0.7,1,BERT:bert_class_weighted,Class weight
130,emscad_01009,"Stokes Automotive Group-Beaufort is a family owned and operated dealer group in Beaufort, SC. Stokes is the leader in th",Accounting Clerk-Dealership,0,0,0.9999450445175171,5.4955482482910156e-05,0.7,1,BERT:bert_class_weighted,Class weight
131,emscad_01015,Maker’s Row is an online marketplace that connects American manufacturers and product based businesses. Our mission is t,UI/UX Lead Designer,0,0,0.9999589920043945,4.100799560546875e-05,0.7,1,BERT:bert_class_weighted,Class weight
132,emscad_01017,"AUTOHELLAS S.A . is the largest Rent a Car company in Greece, according to its financial capacity and the size of the fl",Sales and Service Associate- Mykonos,0,0,0.9999357461929321,6.42538070678711e-05,0.7,1,BERT:bert_class_weighted,Class weight
133,emscad_01018,Pioneering advanced analytics vendor RapidMiner is redefining how business analysts use Big Data to predict the future. ,Predictive Analytics Consultant,0,0,0.9998452663421631,0.00015473365783691406,0.7,1,BERT:bert_class_weighted,Class weight
134,emscad_01023,Blueprint Health is the premier healthcare accelerator and co-working community. We have over 160 industry executives fr,Program Director,0,0,0.999947726726532,5.227327346801758e-05,0.7,1,BERT:bert_class_weighted,Class weight
135,emscad_01036,We are the creators of Scypho - a revolutionary new product that provides perfect indoor climate when you are home and s,Growth Hacker / Web Developer,0,0,0.9999575018882751,4.2498111724853516e-05,0.7,1,BERT:bert_class_weighted,Class weight
136,emscad_01043,"At Holiday Inn Express Sping Mills, Falling Waters, WV we believe you are at your best when you can truly be yourself. A",Hotel Guest Service Agent,0,0,0.9999257326126099,7.426738739013672e-05,0.7,1,BERT:bert_class_weighted,Class weight
137,emscad_01044,"Meet cove, a network of neighborhood productive spaces with a community defining how to be productive together. We are a",Operations Lead,0,0,0.999963641166687,3.635883331298828e-05,0.7,1,BERT:bert_class_weighted,Class weight
138,emscad_01046,"We build software for fashion retailers, to help them make the right commercial decisions about what to sell, and how to",Fashion Analyst Intern,0,0,0.9999547600746155,4.5239925384521484e-05,0.7,1,BERT:bert_class_weighted,Class weight
139,emscad_01050,"Special Counsel, the nation's largest full-service provider of legal staffing and recruiting services, is seeking an Att",Legal Recruiter,0,0,0.9999563694000244,4.363059997558594e-05,0.7,1,BERT:bert_class_weighted,Class weight
140,emscad_01051,Pioneering advanced analytics vendor RapidMiner is redefining how business analysts use Big Data to predict the future. ,Financial Analyst,0,0,0.9999096989631653,9.03010368347168e-05,0.7,1,BERT:bert_class_weighted,Class weight
141,emscad_01053,We are seeking an experienced Instructional Designer who is comfortable working with e-learning and instructor-led progr,"Senior Instructional Designer for Cross-Cultural Training Firm Part-time, Contract Position",0,0,0.9999554753303528,4.45246696472168e-05,0.7,1,BERT:bert_class_weighted,Class weight
142,emscad_01080,We Provide Full Time Permanent Positions for many medium to large US companies. We are interested in finding/recruiting ,Talent Management Process Manager,0,0,0.9999597668647766,4.023313522338867e-05,0.7,1,BERT:bert_class_weighted,Class weight
143,emscad_01083,"ESco Business Services is a publishing services bureau working for some of the UK’s most well-known publishers, as well ",SQL & .NET DEVELOPER / DATA ANALYST,0,0,0.9999568462371826,4.315376281738281e-05,0.7,1,BERT:bert_class_weighted,Class weight
144,emscad_01092,Description,Book Keeper,0,0,0.999869704246521,0.0001302957534790039,0.7,1,BERT:bert_class_weighted,Class weight
145,emscad_01093,"OPUSYS Technologies Pvt. Ltd .isan ITService Management Company providing Professional, Social and Commercial Solution S",URGENT HIRING For Web Designer...!!!,0,0,0.9995994567871094,0.000400543212890625,0.7,1,BERT:bert_class_weighted,Class weight
146,emscad_01094,We Provide Full Time Permanent Positions for many medium to large US companies. We are interested in finding/recruiting ,Manufacturing Engineering - Lean Manufacture,0,0,0.9999623894691467,3.7610530853271484e-05,0.7,1,BERT:bert_class_weighted,Class weight
147,emscad_01097,Upstream’s mission is to revolutionise the way companies market to consumers through cutting edge technology. This is an,Network Engineer,0,0,0.9999545812606812,4.5418739318847656e-05,0.7,1,BERT:bert_class_weighted,Class weight
148,emscad_01098,Upstream’s mission is to revolutionise the way companies market to consumers through cutting edge technology. This is an,Digital Marketing Specialist,0,0,0.9999588131904602,4.118680953979492e-05,0.7,1,BERT:bert_class_weighted,Class weight
149,emscad_01099,"Tidewater Finance Co. was established in 1992 for the initial purpose of purchasing, and servicing retail installment co",Contact Center Representatives,0,0,0.9999434947967529,5.650520324707031e-05,0.7,1,BERT:bert_class_weighted,Class weight
150,emscad_01104,"ABC Supply Co., Inc. is the nation’s largest wholesale distributor of roofing and one of the largest distributors of sid",CDL Driver-Aurora,0,0,0.9999503493309021,4.965066909790039e-05,0.7,1,BERT:bert_class_weighted,Class weight
151,emscad_01106,Upstream’s mission is to revolutionise the way companies market to consumers through cutting edge technology. This is an,Regional Sales Director South Africa,0,0,0.9999626278877258,3.737211227416992e-05,0.7,1,BERT:bert_class_weighted,Class weight
152,emscad_01113,"We're an emerging technology agency, and we build breakthrough products through user-centered design. We're building a t",Executive Creative Director,0,0,0.9998794794082642,0.00012052059173583984,0.7,1,BERT:bert_class_weighted,Class weight
153,emscad_01115,Do you enjoy helping people no mater what the situation?,Home Assistant,0,0,0.99725341796875,0.00274658203125,0.7,1,BERT:bert_class_weighted,Class weight
154,emscad_01122,"Newmedica is a dynamic, innovative UK healthcare company that works in partnership with the NHS to deliver specialist cl",Assistant Service Manager,0,0,0.9999572038650513,4.279613494873047e-05,0.7,1,BERT:bert_class_weighted,Class weight
155,emscad_01130,PROSULTING IS PEOPLE The ProSulting difference is easy to see. Our passion for delivering qualified pre-screened personn,Administrative Support,0,0,0.9999008178710938,9.918212890625e-05,0.7,1,BERT:bert_class_weighted,Class weight
156,emscad_01131,"#URL_a397afc00bff956382eec8b3826bbd79bd4cbade11c565390118c0c00292b77e# is a venture funded, successful UK startup buildi",Product Manager at Whisk.com,0,0,0.9999656081199646,3.439188003540039e-05,0.7,1,BERT:bert_class_weighted,Class weight
157,emscad_01132,"Goldstar is the world’s largest online seller of half-price tickets to live theater, concerts, comedy and sports. We exe",Senior Android Developer,0,0,0.9999589920043945,4.100799560546875e-05,0.7,1,BERT:bert_class_weighted,Class weight
158,emscad_01133,"352 Inc. is a full-service digital agency creating websites, software and marketing campaigns. We partner with great cli",Scrum Master / Website Development Project Manager,0,0,0.9999561905860901,4.380941390991211e-05,0.7,1,BERT:bert_class_weighted,Class weight
159,emscad_01136,Established on the principles that full time education is not for everyone Spectrum Learning is made up of a team of pas,Dewsbury Apprentice Operations Assistant Under NAS 16-18 Year Olds Only,0,0,0.9999531507492065,4.684925079345703e-05,0.7,1,BERT:bert_class_weighted,Class weight
160,emscad_01148,Outstanding Member Service Starts With Outstanding People,Call Center Representative,0,0,0.9999421834945679,5.7816505432128906e-05,0.7,1,BERT:bert_class_weighted,Class weight
161,emscad_01158,"“ Choose a job you love, and you will never have to work a day in your life. ” -Confucius",Entry Level Equities Trader,0,0,0.999934196472168,6.580352783203125e-05,0.7,1,BERT:bert_class_weighted,Class weight
162,emscad_01164,"Founded in 2010 by a team from Google’s London and New York offices, Qubit work with some of the biggest names in Online",Junior Client Engineer,0,0,0.9999585151672363,4.1484832763671875e-05,0.7,1,BERT:bert_class_weighted,Class weight
163,emscad_01165,This is an exciting job opportunity for those who would like to an individual to join innovative company. The company is,Assistant Manager,0,1,0.00048828125,0.99951171875,0.7,0,BERT:bert_class_weighted,Class weight
164,emscad_01178,"Retailers around the world are constantly working to keep customers coming into their stores. It’s not a new challenge, ",Technical Solution Consultant,0,0,0.9999561905860901,4.380941390991211e-05,0.7,1,BERT:bert_class_weighted,Class weight
165,emscad_01183,HappyFox is a young startup that is all about bringing the happiness quotient in support teams. We help companies transf,Inside Sales Representative,0,0,0.9999414682388306,5.8531761169433594e-05,0.7,1,BERT:bert_class_weighted,Class weight
166,emscad_01209,"Launched in 2010, Lyst is an innovative way to shop for fashion online that’s used by millions every month. Lyst partner",Account Manager - Europe,0,0,0.9999520778656006,4.792213439941406e-05,0.7,1,BERT:bert_class_weighted,Class weight
167,emscad_01223,Job Description:,UX Designer,0,0,0.9973068237304688,0.00269317626953125,0.7,1,BERT:bert_class_weighted,Class weight
168,emscad_01242,"Baesman is a nationally-recognized, single-source provider of direct marketing strategy and solutions, including CRM dat",Account Executive - NY,0,0,0.9999605417251587,3.9458274841308594e-05,0.7,1,BERT:bert_class_weighted,Class weight
169,emscad_01265,Balanced Labs exists to provide accountants and small businesses everywhere with a better life through intelligent and e,Designer: Creative References,0,0,0.9999434947967529,5.650520324707031e-05,0.7,1,BERT:bert_class_weighted,Class weight
170,emscad_01273,We Provide Full Time Permanent Positions for many medium to large US companies. We are interested in finding/recruiting ,"Reliability Engineer - SAP - Detroit, MI",0,0,0.9999566674232483,4.3332576751708984e-05,0.7,1,BERT:bert_class_weighted,Class weight
171,emscad_01279,Applied Memetics LLC is a professional services company dedicated to integrating and delivering best practice communicat,"Video Journalist, Turkish Language",0,0,0.9999614953994751,3.8504600524902344e-05,0.7,1,BERT:bert_class_weighted,Class weight
172,emscad_01283,Yazamo is a rapidly growing digital lifecycle marketing firm focused on developing web marketing strategies for mid size,Marketing Coordinator,0,0,0.999940812587738,5.918741226196289e-05,0.7,1,BERT:bert_class_weighted,Class weight
173,emscad_01292,StartTech Ventures is the investment & incubation arm of the Materializing Innovation Group and has three functions: See,Mobile Games Developers at AbZorba Games: Andoird & iOS,0,0,0.9999554753303528,4.45246696472168e-05,0.7,1,BERT:bert_class_weighted,Class weight
174,emscad_01295,"hedgehog lab is a post-PC digital agency. We architect, design, develop, and market apps & digital solutions for phones,",Developer (Android),0,0,0.9999389052391052,6.109476089477539e-05,0.7,1,BERT:bert_class_weighted,Class weight
175,emscad_01296,The Boston Consulting Group ( #URL_45423e1e16703aa4d8ee444d3ad69bb51525f1dad0b3115713cf80dc496299e2# ) has launched a ne,Sr UI/UX Designer/Developer,0,0,0.9999616146087646,3.838539123535156e-05,0.7,1,BERT:bert_class_weighted,Class weight
176,emscad_01306,Ciao! Welcome to Big Italian Meatball! We are a local Italian quick service restaurant that provides delicious Italian s,Operations Training Associate,0,0,0.9999469518661499,5.3048133850097656e-05,0.7,1,BERT:bert_class_weighted,Class weight
177,emscad_01308,RhodeCode provides the leading source code management solution for enterprises. We are powering the world`s largest orga,HR & Feelgood Manager,0,0,0.9999585151672363,4.1484832763671875e-05,0.7,1,BERT:bert_class_weighted,Class weight
178,emscad_01309,Lakshya Digital is one of the largest Game Development and Interactive Entertainment companies in South Asia. We work ac,Flash Animator (QC),0,0,0.9999605417251587,3.9458274841308594e-05,0.7,1,BERT:bert_class_weighted,Class weight
179,emscad_01317,General Description,Developer,0,0,0.9992208480834961,0.0007791519165039062,0.7,1,BERT:bert_class_weighted,Class weight
180,emscad_01322,"Intercom ( #URL_cb674f93cbcd215a3a0a57a8615a565545949eead8adbbc73307c26d6a6af81b# ) is a simple, personal messaging serv",Success Engineer (Remote),0,0,0.9999400973320007,5.990266799926758e-05,0.7,1,BERT:bert_class_weighted,Class weight
181,emscad_01325,"Come be a part of one of the fastest growing, well-funded and exciting startups in Silicon Valley. Peel makes the world’",Android Architect,0,0,0.9999508857727051,4.9114227294921875e-05,0.7,1,BERT:bert_class_weighted,Class weight
182,emscad_01334,"Our customer is seeking a Continuous Improvement Lead with ISO9001, CMMI, AS9100 experience.",Continuous Improvement Lead,0,0,0.9923782348632812,0.00762176513671875,0.7,1,BERT:bert_class_weighted,Class weight
183,emscad_01339,"Supply chain management company with emphasis placed in Rehabilitation Therapy, Health IT, and Information Security",Physical Therapist Physical Therapy,0,0,0.9999310374259949,6.896257400512695e-05,0.7,1,BERT:bert_class_weighted,Class weight
184,emscad_01347,"We at Click & Grow develop and offer clean, simple and smart solutions that enable everyone to grow plants indoors - sta",Business Development Representative (Sales),0,0,0.9999592900276184,4.07099723815918e-05,0.7,1,BERT:bert_class_weighted,Class weight
185,emscad_01359,ParkAround (ex Parking Defenders) is an Athens-based start-up which aims to disrupt the global parking industry. We work,UX/UI Designer,0,0,0.9999648928642273,3.510713577270508e-05,0.7,1,BERT:bert_class_weighted,Class weight
186,emscad_01379,Qualifications:,Plant Engineer,0,0,0.9995372295379639,0.0004627704620361328,0.7,1,BERT:bert_class_weighted,Class weight
187,emscad_01393,"WorkHub, a Berlin-based technology startup, is innovating at the intersection of mobile technology and digital outsourci",Sales Trainee,0,0,0.999958336353302,4.166364669799805e-05,0.7,1,BERT:bert_class_weighted,Class weight
188,emscad_01395,Shape the Future.,TLL (Chinese Lab) - Specialist Teaching Associate,0,0,0.9999602437019348,3.975629806518555e-05,0.7,1,BERT:bert_class_weighted,Class weight
189,emscad_01407,"Manessis Travel was founded in 1988, with the unconditional satisfaction of the traveler being our top priority. Over th",Digital Marketing Manager,0,0,0.999938428401947,6.157159805297852e-05,0.7,1,BERT:bert_class_weighted,Class weight
190,emscad_01411,BlueLine Grid is transforming government communications. At a time when government employees are increasingly being aske,Front End Developer,0,0,0.9999558329582214,4.416704177856445e-05,0.7,1,BERT:bert_class_weighted,Class weight
191,emscad_01425,Upstream’s mission is to revolutionise the way companies market to consumers through cutting edge technology. This is an,Assistant Marketing Manager,0,0,0.9999507069587708,4.929304122924805e-05,0.7,1,BERT:bert_class_weighted,Class weight
192,emscad_01435,Convalescent Aid Society (CAS) is a non-profit organization dedicated to improving the quality of life for residents of ,Warehouse Technician/Driver,0,0,0.9999520778656006,4.792213439941406e-05,0.7,1,BERT:bert_class_weighted,Class weight
193,emscad_01436,Do you have exceptional experience in building brand new customer relationships and a demonstrable track record in face ,Financial Adviser,0,0,0.9999234080314636,7.659196853637695e-05,0.7,1,BERT:bert_class_weighted,Class weight
194,emscad_01439,Growth Intelligence is a pioneer of nowcasting: tracking the finances of millions of companies at the same time using re,Marketer,0,0,0.9999622106552124,3.7789344787597656e-05,0.7,1,BERT:bert_class_weighted,Class weight
195,emscad_01445,"At iMATCHATIVE, we believe in the power of science and technology to inspire creative solutions and to transform busines",Big Data / Hadoop Engineer,0,0,0.9999443888664246,5.561113357543945e-05,0.7,1,BERT:bert_class_weighted,Class weight
196,emscad_01448,"Thanks for your interest in joining the Real Ventures Talent Network. If you're exceptional, your profile will be access",Real Talent Network,0,0,0.9959144592285156,0.004085540771484375,0.7,1,BERT:bert_class_weighted,Class weight
197,emscad_01452,Fundation is a technology-empowered direct lender that delivers small balance commercial loans nationwide. The firm prov,Junior Investment Officer - High Growth Specialty Finance Company,0,0,0.9999426007270813,5.739927291870117e-05,0.7,1,BERT:bert_class_weighted,Class weight
198,emscad_01454,Careergen is seeking Careers Advisers based in Yorkshire - NVQL4 in CIAG or DipCG We are looking for qualified Careers A,Careers Adviser,0,0,0.9999403357505798,5.9664249420166016e-05,0.7,1,BERT:bert_class_weighted,Class weight
199,emscad_01459,"Seedcamp is Europe's leading micro-seed investment fund and mentoring program. Since launching in 2007, our family now i",Head of Content,0,0,0.9999661445617676,3.3855438232421875e-05,0.7,1,BERT:bert_class_weighted,Class weight
200,emscad_01466,"Novitex Enterprise Solutions, formerly Pitney Bowes Management Services, delivers innovative document and communications",Customer Service Associate,0,0,0.9999613165855408,3.8683414459228516e-05,0.7,1,BERT:bert_class_weighted,Class weight
201,emscad_01474,We Build Great Companies,Designer Expert,0,0,0.9999294281005859,7.05718994140625e-05,0.7,1,BERT:bert_class_weighted,Class weight
202,emscad_01476,"Joist is a platform for trades contractors that allows them to estimate, invoice, accept payments, & much more!",Senior QA Engineer,0,0,0.9999414682388306,5.8531761169433594e-05,0.7,1,BERT:bert_class_weighted,Class weight
203,emscad_01477,"Valor Services provides Workforce Solutions that meet the needs of companies across the Private Sector, with a special f",Field Hand (Oilfield) - Start Next Week!,0,0,0.999950110912323,4.988908767700195e-05,0.7,1,BERT:bert_class_weighted,Class weight
204,emscad_01482,"Optimal Business Action was created in 2005 in order to provide high quality, personalized HR services to medium and lar",Food & Beverage Guest Relation (Alexandria - Egypt),0,0,0.9999638199806213,3.618001937866211e-05,0.7,1,BERT:bert_class_weighted,Class weight
205,emscad_01500,"Soal Technologies, LLC. is a full service information technology development and consulting firm. We work with our clien",Business Analyst,0,0,0.9999285936355591,7.140636444091797e-05,0.7,1,BERT:bert_class_weighted,Class weight
206,emscad_01501,"Work for a dynamic and challenging company that has received many accolades, both by clients and employees! An award-win",PHP / Drupal Developer,0,0,0.9999086260795593,9.137392044067383e-05,0.7,1,BERT:bert_class_weighted,Class weight
207,emscad_01506,Qimple is looking for an experienced web developer! We're a startup located in the Aberdeen Cultural Centre in Moncton. ,Web Developer,0,0,0.9999604225158691,3.9577484130859375e-05,0.7,1,BERT:bert_class_weighted,Class weight
208,emscad_01518,We Provide Full Time Permanent Positions for many medium to large US companies. We are interested in finding/recruiting ,Electrical Controls Engineer,0,0,0.9999626278877258,3.737211227416992e-05,0.7,1,BERT:bert_class_weighted,Class weight
209,emscad_01521,We are the creators of Scypho - a revolutionary new product that provides perfect indoor climate when you are home and s,Full-Stack Web Developer,0,0,0.9999573230743408,4.267692565917969e-05,0.7,1,BERT:bert_class_weighted,Class weight
210,emscad_01525,"ISE resolves technology vulnerabilities through rigorous analyses to keep great companies great by providing expert, obj",Hacker,0,0,0.9999552965164185,4.470348358154297e-05,0.7,1,BERT:bert_class_weighted,Class weight
211,emscad_01532,"Kappa Search, Inc. is one of the leading sourcing and placement firms in the nation. Located in downtown Chicago, KSI fo",Quality Engineer,0,0,0.9999572038650513,4.279613494873047e-05,0.7,1,BERT:bert_class_weighted,Class weight
212,emscad_01535,"You will be making high volumes of outbound calls in our lively fast paced offices, booking appointments for the field s",Outbound Call Centre Operative,0,0,0.9999212622642517,7.873773574829102e-05,0.7,1,BERT:bert_class_weighted,Class weight
213,emscad_01559,Axonix is a global mobile advertising technology company that's powered by a platform with a 4 year history of leading t,Global Marketing Manager,0,0,0.9999421834945679,5.7816505432128906e-05,0.7,1,BERT:bert_class_weighted,Class weight
214,emscad_01569,Established on the principles that full time education is not for everyone Spectrum Learning is made up of a team of pas,Executive Assistant / Office Manager,0,0,0.9999589920043945,4.100799560546875e-05,0.7,1,BERT:bert_class_weighted,Class weight
215,emscad_01580,Established on the principles that full time education is not for everyone Spectrum Learning is made up of a team of pas,Beauty & Fragrance consultants needed,0,0,0.9999578595161438,4.214048385620117e-05,0.7,1,BERT:bert_class_weighted,Class weight
216,emscad_01582,About Fundzio,Business Cash Advance Sales - $100K +++ Earning potential!,0,0,0.931396484375,0.068603515625,0.7,1,BERT:bert_class_weighted,Class weight
217,emscad_01590,"Novitex Enterprise Solutions, formerly Pitney Bowes Management Services, delivers innovative document and communications",Customer Service Associate,0,0,0.999963104724884,3.68952751159668e-05,0.7,1,BERT:bert_class_weighted,Class weight
218,emscad_01594,"Modern Automotive Performance is a growth oriented eCommerce and manufacturing company based out of Cottage Grove, Minne",Sales Representative,0,0,0.9999594688415527,4.0531158447265625e-05,0.7,1,BERT:bert_class_weighted,Class weight
219,emscad_01596,Soft ware Com petitiveness International (SOFTCOM INTERNATIONAL) is characterized for personel excellence .,"Senior Software Engineers, C++",0,0,0.9999536871910095,4.6312808990478516e-05,0.7,1,BERT:bert_class_weighted,Class weight
220,emscad_01599,Take Out Brands is a food franchise business with a #URL_4524df5c91ce800c4ba16ef1406d622db7d51d37105a7fcee27521e61854615,Pizza Delivery Drivers - Harrogate,0,0,0.9999563694000244,4.363059997558594e-05,0.7,1,BERT:bert_class_weighted,Class weight
221,emscad_01604,Smart Search delivers executive search solutions tailored for global organizations committed to the Greater Thailand mar,Human Resources Manager,0,0,0.9999544024467468,4.559755325317383e-05,0.7,1,BERT:bert_class_weighted,Class weight
222,emscad_01610,"""Our mission to our clients is to preserve their independence, enhance their quality of life, promote health & wellbeing",Caregiver- Berrien County,0,0,0.9999491572380066,5.08427619934082e-05,0.7,1,BERT:bert_class_weighted,Class weight
223,emscad_01620,Our company is building the next generation of video-on-demand (VOD) in Europe and we are currently looking for the next,CRM/Salesforce Administrator,0,0,0.9999573230743408,4.267692565917969e-05,0.7,1,BERT:bert_class_weighted,Class weight
224,emscad_01624,"Viewed as one of the most premier jewelry and watch retailers in the Caribbean, Little Switzerland and Jewels have a lon",REGIONAL MARKETING REPRESENTATIVE,0,0,0.9999035000801086,9.649991989135742e-05,0.7,1,BERT:bert_class_weighted,Class weight
225,emscad_01628,PowerbyProxi and its customers are leading a revolution to deliver unplugged power. We have changed the way electricity ,Production Engineer,0,0,0.9999520778656006,4.792213439941406e-05,0.7,1,BERT:bert_class_weighted,Class weight
226,emscad_01633,"Social Media has the power to shape, educate and grow amazing organisations across the world. We're on a mission to make",Junior Marketer,0,0,0.9999586939811707,4.13060188293457e-05,0.7,1,BERT:bert_class_weighted,Class weight
227,emscad_01639,Why CSD?,Ohio French Creole Bilingual Communication Assistant,0,0,0.9999227523803711,7.724761962890625e-05,0.7,1,BERT:bert_class_weighted,Class weight
228,emscad_01641,Jobinbraz is the Bridge between you and Brazil.,Jobs in Brazil,0,0,0.9999483823776245,5.161762237548828e-05,0.7,1,BERT:bert_class_weighted,Class weight
229,emscad_01644,"We're Food52, and we've created a groundbreaking and award-winning cooking site. We support, connect, and celebrate home",iOS Engineer,0,0,0.9999585151672363,4.1484832763671875e-05,0.7,1,BERT:bert_class_weighted,Class weight
230,emscad_01657,"GOLDMARK is seeking an experienced apartment maintenance tech in the Omaha area. Duties include general maintenance, inc",Maintenance Technician/Projects,0,0,0.9999396204948425,6.03795051574707e-05,0.7,1,BERT:bert_class_weighted,Class weight
231,emscad_01658,"As augmented reality jobs go, one at Blippar is hard to beat. We are a rapidly expanding creative startup at the forefro",Designer (Augmented Reality and Mobile),0,0,0.999950110912323,4.988908767700195e-05,0.7,1,BERT:bert_class_weighted,Class weight
232,emscad_01660,Outstanding Member Service Starts With Outstanding People,Branch Associate/Loan Processing Assistant,0,0,0.9999274611473083,7.253885269165039e-05,0.7,1,BERT:bert_class_weighted,Class weight
233,emscad_01664,The smarter way to invest,Senior Operations Analyst,0,0,0.9999505281448364,4.947185516357422e-05,0.7,1,BERT:bert_class_weighted,Class weight
234,emscad_01673,"Shyp is the easiest way to send anything, anywhere.",General Manager - Knoxville,0,0,0.9999526143074036,4.738569259643555e-05,0.7,1,BERT:bert_class_weighted,Class weight
235,emscad_01681,The Albany Charter School Network is a family of charter schools in the City of Albany that works to prepare children fo,Music Teacher,0,0,0.9999575018882751,4.2498111724853516e-05,0.7,1,BERT:bert_class_weighted,Class weight
236,emscad_01690,"HireHopes is the premier professional services consulting firm that specializes in strategic job search, career adviseme",Sales Account Executive,0,0,0.9999187588691711,8.124113082885742e-05,0.7,1,BERT:bert_class_weighted,Class weight
237,emscad_01697,"Freytag & Associates, Inc. is a multi-discipline design firm offering architectural, engineering, interior design, lands",Project Architect,0,0,0.9999549388885498,4.506111145019531e-05,0.7,1,BERT:bert_class_weighted,Class weight
238,emscad_01698,"Are you career driven, motivated by success and prepared to go the extra mile?",Recruitment Consultant,0,0,0.9999507069587708,4.929304122924805e-05,0.7,1,BERT:bert_class_weighted,Class weight
239,emscad_01699,About ECHOING GREEN :,Data Coordinator,0,0,0.9999282956123352,7.170438766479492e-05,0.7,1,BERT:bert_class_weighted,Class weight
240,emscad_01704,"PINT is a leader in the web industry with 20 years of web design, software development and consulting experience. PINT's",Software Engineer | Web Development,0,0,0.9999604225158691,3.9577484130859375e-05,0.7,1,BERT:bert_class_weighted,Class weight
241,emscad_01707,Envision Remodeling Co. is a Home Remodeling Contractor company located in the greater Michigan area. We have been provi,Customer Service Representative,0,0,0.9999605417251587,3.9458274841308594e-05,0.7,1,BERT:bert_class_weighted,Class weight
242,emscad_01711,We Provide Full Time Permanent Positions for many medium to large US companies. We are interested in finding/recruiting ,Talent Management Process Manager,0,0,0.9999597668647766,4.023313522338867e-05,0.7,1,BERT:bert_class_weighted,Class weight
243,emscad_01713,The Technical Team and offering at VML London has a very strong heritage dating back to the mid-nineties when the London,Campaign Manager (Freelance),0,0,0.9999526143074036,4.738569259643555e-05,0.7,1,BERT:bert_class_weighted,Class weight
244,emscad_01730,Mindscape is a Wellington based software development company that specialises in building tools for software engineers. ,Web Designer,0,0,0.9999585151672363,4.1484832763671875e-05,0.7,1,BERT:bert_class_weighted,Class weight
245,emscad_01735,"ustwo offers you the opportunity to be yourself, whilst delivering the best work on the planet for some of the biggest a",Agile Coach/PM,0,0,0.9999277591705322,7.224082946777344e-05,0.7,1,BERT:bert_class_weighted,Class weight
246,emscad_01736,Massive Media is the social media company behind the successful digital brands #URL_18234f381f5e7b9a9ffdc727cd05c9046edf,Web Designer,0,0,0.9999611973762512,3.88026237487793e-05,0.7,1,BERT:bert_class_weighted,Class weight
247,emscad_01741,What is Casumo?,Data Scientist,0,0,0.9999552965164185,4.470348358154297e-05,0.7,1,BERT:bert_class_weighted,Class weight
248,emscad_01747,•Prepares source data for computer entry by compiling and sorting information; establishing entry priorities. •Processes,Data Entry,0,0,0.9994716644287109,0.0005283355712890625,0.7,1,BERT:bert_class_weighted,Class weight
249,emscad_01755,"Second in charge, working directly under the Festival Director. Will help to oversee and coordinate all aspects of the f",Horror Film Festival Assistant Director,0,0,0.9999434947967529,5.650520324707031e-05,0.7,1,BERT:bert_class_weighted,Class weight
250,emscad_01756,Dropoff is modernizing courier and same-day delivery by providing our business customers a superior experience built on ,Customer Service Specialist,0,0,0.999934732913971,6.526708602905273e-05,0.7,1,BERT:bert_class_weighted,Class weight
251,emscad_01771,"PINT is a leader in the web industry with 20 years of web design, software development and consulting experience. PINT's",Sales Representative - Web Development,0,0,0.9999594688415527,4.0531158447265625e-05,0.7,1,BERT:bert_class_weighted,Class weight
252,emscad_01776,"DICE gets fans the best tickets at face value with No Booking Fees. We're based in Shoreditch, London and 100% mobile so",Growth/Acquisition Manager,0,0,0.999947726726532,5.227327346801758e-05,0.7,1,BERT:bert_class_weighted,Class weight
253,emscad_01779,We’re a cool little start-up in Gastown beating out the biggest competitors in our space. We’re currently the underdog. ,Lead Software Developer,0,0,0.9999111294746399,8.887052536010742e-05,0.7,1,BERT:bert_class_weighted,Class weight
254,emscad_01792,Software developer needed for internet start-up.,Software developer,0,0,0.9997537136077881,0.00024628639221191406,0.7,1,BERT:bert_class_weighted,Class weight
255,emscad_01797,Wikispaces is looking for an operations manager to help our team be productive and happy. This position is available ful,Operations Manager,0,0,0.999956488609314,4.3511390686035156e-05,0.7,1,BERT:bert_class_weighted,Class weight
256,emscad_01801,E-Hospitality is an IT / Hospitality company focusing on the global meeting industry. With its product Book2Meet (previo,Search Marketing Specialist,0,0,0.9999661445617676,3.3855438232421875e-05,0.7,1,BERT:bert_class_weighted,Class weight
257,emscad_01804,"Digital Ad Sales Account Executive Experience : 2 - 7 years Location : New York, NY",Account Executive/Digital Ad Sales,0,0,0.9999203085899353,7.969141006469727e-05,0.7,1,BERT:bert_class_weighted,Class weight
258,emscad_01805,I urgently require a WordPress/Web Developer with strong html/css/javascript skills to help re-develop an existing WordP,Wordpress / Web Developer required with PHP experience,0,0,0.9999174475669861,8.255243301391602e-05,0.7,1,BERT:bert_class_weighted,Class weight
259,emscad_01807,Minimum of 8-years experience in substation protection & control planning and design with at least 6-years of experience,Substaion Protection & Control Engineer,0,0,0.9998103380203247,0.00018966197967529297,0.7,1,BERT:bert_class_weighted,Class weight
260,emscad_01813,"BCCC Enterprises provides management consulting services for Commissionaires BC, Kinetic Security and Lexxon Training.",Sales Representative,0,0,0.9999274611473083,7.253885269165039e-05,0.7,1,BERT:bert_class_weighted,Class weight
261,emscad_01821,Job brief,CSR Workshop Coordinator,0,0,0.9998711347579956,0.00012886524200439453,0.7,1,BERT:bert_class_weighted,Class weight
262,emscad_01835,Boomerang Commerce powers competitive pricing and assortment decisions for next-generation retailers. Our customers incl,Software Development Engineers - all Levels,0,0,0.9999344348907471,6.556510925292969e-05,0.7,1,BERT:bert_class_weighted,Class weight
263,emscad_01842,HappyFox is a young startup that is all about bringing the happiness quotient in support teams. We help companies transf,Public Relations Manager,0,0,0.9999324083328247,6.759166717529297e-05,0.7,1,BERT:bert_class_weighted,Class weight
264,emscad_01874,PROSULTING IS PEOPLE The ProSulting difference is easy to see. Our passion for delivering qualified pre-screened personn,Marketing Coordinator/Manager,0,0,0.9999465346336365,5.346536636352539e-05,0.7,1,BERT:bert_class_weighted,Class weight
265,emscad_01888,"Applicant must have a strong customer service focus, excellent interpersonal skills, and technical aptitude. Able to han",Information Systems Data Analyst,0,0,0.9999035000801086,9.649991989135742e-05,0.7,1,BERT:bert_class_weighted,Class weight
266,emscad_01900,Established on the principles that full time education is not for everyone Spectrum Learning is made up of a team of pas,FIELD SALES (All warm leads),0,0,0.9999514818191528,4.851818084716797e-05,0.7,1,BERT:bert_class_weighted,Class weight
267,emscad_01901,"Do you have an entrepreneurial mindset? Do you dream of working in a fast paced startup environment? If so, then Honest ","Business, Customer Service, Social Media Internship",0,0,0.9998681545257568,0.00013184547424316406,0.7,1,BERT:bert_class_weighted,Class weight
268,emscad_01904,Tel Tech Networks is a Voice/Data/Video/Security systems contractor operating primarily in the Southwestern United State,Nortel BCM Field Tech,0,0,0.9999362230300903,6.377696990966797e-05,0.7,1,BERT:bert_class_weighted,Class weight
269,emscad_01906,"Launched in 2010, Lyst is an innovative way to shop for fashion online that’s used by millions every month. Lyst partner",Front-end Developer,0,0,0.9999357461929321,6.42538070678711e-05,0.7,1,BERT:bert_class_weighted,Class weight
270,emscad_01909,NOW: Pensions is a UK based multi-employer trust serving thousands of employers and hundreds of thousands of employees f,Generic - speculative application,0,0,0.9999542236328125,4.57763671875e-05,0.7,1,BERT:bert_class_weighted,Class weight
271,emscad_01910,Come on in.,Supply Chain Analyst,0,0,0.999869704246521,0.0001302957534790039,0.7,1,BERT:bert_class_weighted,Class weight
272,emscad_01913,HireEasy Pro provides specialised project recruitment services focused on Digital Jobs,Administrative Assistant,0,0,0.9999379515647888,6.204843521118164e-05,0.7,1,BERT:bert_class_weighted,Class weight
273,emscad_01929,Tailor is a digital agency specialising in three things:,Web Developer,0,0,0.999963104724884,3.68952751159668e-05,0.7,1,BERT:bert_class_weighted,Class weight
274,emscad_01934,"ABC Supply Co., Inc. is the nation’s largest wholesale distributor of roofing and one of the largest distributors of sid",Outside Sales Professional,0,0,0.9999107718467712,8.922815322875977e-05,0.7,1,BERT:bert_class_weighted,Class weight
275,emscad_01940,"National Capitol Contracting, LLC (NCC) , established in 2002 and headquartered in Arlington, VA, is an SBA-certified 8(",Crystal Reports Writer,0,0,0.9999536871910095,4.6312808990478516e-05,0.7,1,BERT:bert_class_weighted,Class weight
276,emscad_01941,"LHBS is an unconventional strategy firm with office in Berlin, Copenhagen and Vienna. We approach marketing and innovati",Insights & Strategy Intern,0,0,0.999934732913971,6.526708602905273e-05,0.7,1,BERT:bert_class_weighted,Class weight
277,emscad_01944,"Working on-site with clients of our ETRM consulting practice, you will use your expertise in energy markets to help deli",Consultant,0,0,0.999802827835083,0.0001971721649169922,0.7,1,BERT:bert_class_weighted,Class weight
278,emscad_01952,"At Hayes-Corp, we create the fun stuff. With a focus on software development for mobile platforms, we are constantly loo",Data Analyst,0,0,0.9999426007270813,5.739927291870117e-05,0.7,1,BERT:bert_class_weighted,Class weight
279,emscad_01956,The Albany Charter School Network is a family of charter schools in the City of Albany that works to prepare children fo,Secondary Science Teacher,0,0,0.9999522566795349,4.774332046508789e-05,0.7,1,BERT:bert_class_weighted,Class weight
280,emscad_01959,"Founded in 1997, The Missing Link is a premium provider of information technology solutions across applications, infrast",Senior Systems Engineer,0,0,0.9999531507492065,4.684925079345703e-05,0.7,1,BERT:bert_class_weighted,Class weight
281,emscad_01974,"We build software for fashion retailers, to help them make the right commercial decisions about what to sell, and how to",Office Manager,0,0,0.9999610185623169,3.898143768310547e-05,0.7,1,BERT:bert_class_weighted,Class weight
282,emscad_01979,We seek an Environmental / Chemical Engineer who will be able to cooperate with us in a part-time basis (per project) as,Environmental/Chemical Engineer,0,0,0.9999248385429382,7.516145706176758e-05,0.7,1,BERT:bert_class_weighted,Class weight
283,emscad_01981,"Valor Services provides Workforce Solutions that meet the needs of companies across the Private Sector, with a special f",Petrophysicist,0,0,0.9999520778656006,4.792213439941406e-05,0.7,1,BERT:bert_class_weighted,Class weight
284,emscad_01988,"MAC Property Management is dedicated to providing an exemplary living experience, the highest possible quality of servic",Painter,0,0,0.9999410510063171,5.894899368286133e-05,0.7,1,BERT:bert_class_weighted,Class weight
285,emscad_01990,We Provide Full Time Permanent Positions for many medium to large US companies. We are interested in finding/recruiting ,"Injection Molding Supervisor - Lake Forest, IL",0,0,0.9999570250511169,4.297494888305664e-05,0.7,1,BERT:bert_class_weighted,Class weight
286,emscad_02001,"Newmedica is a dynamic, innovative UK healthcare company that works in partnership with the NHS to deliver specialist cl","Clinic Assistant, Leicester",0,0,0.9999572038650513,4.279613494873047e-05,0.7,1,BERT:bert_class_weighted,Class weight
287,emscad_02003,EUROPEAN DYNAMICS (#URL_c66532ffa1ce76ab447da6774719060c42c584edbf44d74cdb94fc4ac219ca45#) is a leading European Softwar,Senior SharePoint Developer,0,0,0.9999536871910095,4.6312808990478516e-05,0.7,1,BERT:bert_class_weighted,Class weight
288,emscad_02004,"Palo Ltd was founded in 2008 and launched #URL_cf3d9d38e9c2da290363dd2aa5b312dca604ec414bdca89040086ccf5e290dd9#, the fi",Sr. Software Developer,0,0,0.9999524354934692,4.756450653076172e-05,0.7,1,BERT:bert_class_weighted,Class weight
289,emscad_02006,"ClarusApex is an international recruiting company with representations in the Netherlands, Austria, Ukraine, Cyprus and ",Project Manager,0,0,0.9999632239341736,3.6776065826416016e-05,0.7,1,BERT:bert_class_weighted,Class weight
290,emscad_02011,With the business expanding they are looking to recruit new hungry Telesales Conultants. You will be working within a pr,Telesales executive,0,0,0.9897537231445312,0.01024627685546875,0.7,1,BERT:bert_class_weighted,Class weight
291,emscad_02018,"EME International is a global leader in enterprise mobility solutions, partnering with thousands of device makers and co",R&D Team Lead,0,0,0.9999240040779114,7.599592208862305e-05,0.7,1,BERT:bert_class_weighted,Class weight
292,emscad_02024,A dedicated QPIFY Team is currently looking for a Content Contributor. The successful candidate will be responsible for ,Content Contributor,0,0,0.9999288320541382,7.11679458618164e-05,0.7,1,BERT:bert_class_weighted,Class weight
293,emscad_02025,"As a Trim/Form Carpenter you will construct, erect, install, and repair structures and fixtures of wood, plywood, metal ",TRIM/FORM CARPENTER POSITION AVAILABLE ASAP!! (MIAMI ),0,0,0.9999279975891113,7.200241088867188e-05,0.7,1,BERT:bert_class_weighted,Class weight
294,emscad_02036,We are a digital marketing agency with an emphasis upon quality development that is developed and sold in a consultative,RTB Sales Consultant,0,0,0.999940812587738,5.918741226196289e-05,0.7,1,BERT:bert_class_weighted,Class weight
295,emscad_02041,"Do you want to help people be more successful at work? Then consider Jhana, a feisty little startup that pursues this go",VP Sales - B2B SaaS Startup,0,0,0.9999315738677979,6.842613220214844e-05,0.7,1,BERT:bert_class_weighted,Class weight
296,emscad_02043,"Tidewater Finance Co. was established in 1992 for the initial purpose of purchasing, and servicing retail installment co",Contact Center Representatives,0,0,0.9999419450759888,5.805492401123047e-05,0.7,1,BERT:bert_class_weighted,Class weight
297,emscad_02065,Welcome to our Careers section. Please review the positions we are currently hiring for and apply to the ones that inter,Software Development Internship,0,0,0.9999608397483826,3.916025161743164e-05,0.7,1,BERT:bert_class_weighted,Class weight
298,emscad_02076,"Aker Solutions is a global provider of products, systems and services to the oil and gas industry. Our engineering, desi",Industrial Mechanic,1,1,0.0,1.0,0.7,1,BERT:bert_class_weighted,Class weight
299,emscad_02081,We are a visual technology startup pioneering powerful immersive experiences for next generation wearable displays. Cond,Senior Computer Vision Engineer,0,0,0.9999439120292664,5.608797073364258e-05,0.7,1,BERT:bert_class_weighted,Class weight
300,emscad_02083,"We are a young startup, offering a unique marketing tool for companies to broadcast themselves through a mobile app. We ",Design expert,0,0,0.9999389052391052,6.109476089477539e-05,0.7,1,BERT:bert_class_weighted,Class weight
301,emscad_02092,"Tidewater Finance Co. was established in 1992 for the initial purpose of purchasing, and servicing retail installment co",Attorney,0,0,0.9999426007270813,5.739927291870117e-05,0.7,1,BERT:bert_class_weighted,Class weight
302,emscad_02100,"Headquarters in France, Montpellier (Place de la Comédie) & in the USA.",Sales Account Manager,0,0,0.999945878982544,5.412101745605469e-05,0.7,1,BERT:bert_class_weighted,Class weight
303,emscad_02109,"Come be a part of one of the fastest growing, well-funded and exciting startups in Silicon Valley. Peel makes the world’",Program Manager/Scrum Master,0,0,0.9999580383300781,4.1961669921875e-05,0.7,1,BERT:bert_class_weighted,Class weight
304,emscad_02117,Responsible for building a user friendly app for iPad. Must be comfortable working with databases and networking.,iOS Developer,0,0,0.9995417594909668,0.0004582405090332031,0.7,1,BERT:bert_class_weighted,Class weight
305,emscad_02120,"Founded by serial entrepreneur Clive Jackson and launched in 2011, Victor is one of the world’s most trusted names in pr",Senior Sales Manager (Russia),0,0,0.9999591708183289,4.082918167114258e-05,0.7,1,BERT:bert_class_weighted,Class weight
306,emscad_02126,Kettle is an independent digital agency based in New York City and the Bay Area. We’re committed to making digital do mo,SF | SR DESIGNER @CI !!!,0,0,0.9999608397483826,3.916025161743164e-05,0.7,1,BERT:bert_class_weighted,Class weight
307,emscad_02128,Pioneering advanced analytics vendor RapidMiner is redefining how business analysts use Big Data to predict the future. ,Software Developer (Java),0,0,0.9998915195465088,0.00010848045349121094,0.7,1,BERT:bert_class_weighted,Class weight
308,emscad_02129,"LHBS is an unconventional strategy firm with office in Berlin, Copenhagen and Vienna. We approach marketing and innovati",Office Manager (50-100%),0,0,0.9999251365661621,7.486343383789062e-05,0.7,1,BERT:bert_class_weighted,Class weight
309,emscad_02149,"Minimedia is a new media company based in Athens, Greece. It",Junior Web Content Producer,0,0,0.9999639391899109,3.606081008911133e-05,0.7,1,BERT:bert_class_weighted,Class weight
310,emscad_02159,"Roland & Associates is a Corporate Recruitment Organization providing solutions to Global MNCs in US, Middle East & Asia",Semiconductor IP Design Experts,0,0,0.9999522566795349,4.774332046508789e-05,0.7,1,BERT:bert_class_weighted,Class weight
311,emscad_02174,Roka Security is a boutique security firm that specializes in full-scale network protection and defending against advanc,Freeswitch Engineer,0,0,0.9999441504478455,5.5849552154541016e-05,0.7,1,BERT:bert_class_weighted,Class weight
312,emscad_02177,NFP is a leader in the delivery of benefits solutions for companies of all sizes and in the delivery of life insurance a,Wellness Coordinator,0,0,0.9999454617500305,5.453824996948242e-05,0.7,1,BERT:bert_class_weighted,Class weight
313,emscad_02178,"Olabord is an experience centric, location based, mobile app. It's a mobile meeting point for people sharing the same re",iOS Mobile Developer,0,0,0.9999613165855408,3.8683414459228516e-05,0.7,1,BERT:bert_class_weighted,Class weight
314,emscad_02188,"Roland & Associates is a Corporate Recruitment Organization providing solutions to Global MNCs in US, Middle East & Asia",Oracle Applications Analyst-Supply Chain,0,0,0.9999551177024841,4.488229751586914e-05,0.7,1,BERT:bert_class_weighted,Class weight
315,emscad_02207,Our mission is to build one of the largest and most respected financial services companies in the business. We are a com,Financial Services Professional,0,0,0.9998936057090759,0.00010639429092407227,0.7,1,BERT:bert_class_weighted,Class weight
316,emscad_02211,"We are not your average Monday mail recruiters. We are here to align stars and connect dots, not just match titles with ",NARRATIVE: Cultural Fits,0,0,0.9998633861541748,0.0001366138458251953,0.7,1,BERT:bert_class_weighted,Class weight
317,emscad_02213,"Open for over 45 years Stancato's of Parma is an italian restaurant offering Catering, Banquet, Dine -in and Take out Me",Line Cook - Immediate opening!,0,0,0.9999260306358337,7.396936416625977e-05,0.7,1,BERT:bert_class_weighted,Class weight
318,emscad_02230,"At FutureLearn, we want to inspire learning for life. We offer a diverse selection of free, high quality online courses ",Digital & Offline Copywriter,0,0,0.9999665021896362,3.349781036376953e-05,0.7,1,BERT:bert_class_weighted,Class weight
319,emscad_02271,Upstream’s mission is to revolutionise the way companies market to consumers through cutting edge technology. This is an,Software Developer,0,0,0.9999497532844543,5.02467155456543e-05,0.7,1,BERT:bert_class_weighted,Class weight
320,emscad_02284,"For over 15 years, CaseNEX has been a leader in the education technology industry and continues to provide flexible and ",QA Automation Engineer,0,0,0.9998409748077393,0.0001590251922607422,0.7,1,BERT:bert_class_weighted,Class weight
321,emscad_02286,"Ryanair is Europe’s favourite low fares airline, operating more than 1,600 daily flights (over 500,000 per year) from 69",Database Administration Engineer DBA,0,0,0.9999489784240723,5.1021575927734375e-05,0.7,1,BERT:bert_class_weighted,Class weight
322,emscad_02287,"We are not your average Monday mail recruiters. We are here to align stars and connect dots, not just match titles with ",Strategist,0,0,0.9999487400054932,5.125999450683594e-05,0.7,1,BERT:bert_class_weighted,Class weight
323,emscad_02296,Lafayette Habilitation Center creates a unique balance between creating a caring home environment and providing professi,PT Prep/Cook,0,0,0.9999339580535889,6.604194641113281e-05,0.7,1,BERT:bert_class_weighted,Class weight
324,emscad_02303,"Valor Services provides Workforce Solutions that meet the needs of companies across the Private Sector, with a special f",Senior Oil & Gas Recruiter (Midstream/Upstream),0,0,0.9999610185623169,3.898143768310547e-05,0.7,1,BERT:bert_class_weighted,Class weight
325,emscad_02304,"Neverbland is a team of designers, developers and doers. Specialists in user experience, interaction design and product ",Creative Director / Design Director,0,0,0.9998770952224731,0.00012290477752685547,0.7,1,BERT:bert_class_weighted,Class weight
326,emscad_02313,#URL_8918281fc5deeeecc74f4059ea4fa0f1ec7603fb676ba45c01883e985c3aee7d# is an email marketing platform for web and mobile,Marketing Manager,0,0,0.999956488609314,4.3511390686035156e-05,0.7,1,BERT:bert_class_weighted,Class weight
327,emscad_02319,We are Osper. We transform the lives of young people. We teach them to manage money responsibly.,Head of Product,0,0,0.999701738357544,0.0002982616424560547,0.7,1,BERT:bert_class_weighted,Class weight
328,emscad_02325,"#URL_a397afc00bff956382eec8b3826bbd79bd4cbade11c565390118c0c00292b77e# is a venture funded, successful UK startup buildi",Marketing and Communications Manager,0,0,0.999965488910675,3.451108932495117e-05,0.7,1,BERT:bert_class_weighted,Class weight
329,emscad_02336,"SpotSource Solutions LLC is a Global Human Capital Management Consulting firm headquartered in Miami, Florida. Founded i",Sales Manager,0,0,0.9999545812606812,4.5418739318847656e-05,0.7,1,BERT:bert_class_weighted,Class weight
330,emscad_02340,"This initiative is being led by a very talented, energetic and inspirational group of young Greek leaders called “Global",Internship (Customer Service),0,0,0.9999529719352722,4.70280647277832e-05,0.7,1,BERT:bert_class_weighted,Class weight
331,emscad_02342,Technology Will Save Us design devices that you make yourself. Our DIY kits and resources are the best way to learn skil,Digital Marketing Activator,0,0,0.9999554753303528,4.45246696472168e-05,0.7,1,BERT:bert_class_weighted,Class weight
332,emscad_02356,"Based in Philadelphia, Stroll is a next-generation direct response e-commerce company which uses proprietary analytical ",Senior Accountant,0,0,0.9999610185623169,3.898143768310547e-05,0.7,1,BERT:bert_class_weighted,Class weight
333,emscad_02357,Job Overview,Landscaping & Light Construction Technician,0,0,0.9999046325683594,9.5367431640625e-05,0.7,1,BERT:bert_class_weighted,Class weight
334,emscad_02359,About ECHOING GREEN :,Senior Associate for Corporate Relations,0,0,0.9999282956123352,7.170438766479492e-05,0.7,1,BERT:bert_class_weighted,Class weight
335,emscad_02362,"Roland & Associates is a Corporate Recruitment Organization providing solutions to Global MNCs in US, Middle East & Asia",Regional Sales Manager Jobs in California,0,0,0.9999535083770752,4.649162292480469e-05,0.7,1,BERT:bert_class_weighted,Class weight
336,emscad_02366,Data Specialist: Advanced Analytics,Data Specialist: Advanced Analytics,0,0,0.9999294281005859,7.05718994140625e-05,0.7,1,BERT:bert_class_weighted,Class weight
337,emscad_02369,Aptitude Staffing Solutions has redesigned the recruiting wheel. Our innovative new platform cuts the recruiting time in,Director of Product Marketing for Advertisers,1,1,0.0,1.0,0.7,1,BERT:bert_class_weighted,Class weight
338,emscad_02388,Multi-Tiered Animal Rescue & Education Solution dedicated to saving as many animals as possible!,Event Planner,0,0,0.9999563694000244,4.363059997558594e-05,0.7,1,BERT:bert_class_weighted,Class weight
339,emscad_02390,"Trinity Presbyterian Church is a community that seeks to share in God's renewal of all things—our life with God, our own",Ministry Assistant,0,0,0.9998612403869629,0.00013875961303710938,0.7,1,BERT:bert_class_weighted,Class weight
340,emscad_02400,Role: Linux System Admin,Linux System Admin || Uniondale NY or Herndon VA || 4+ Months ||,0,0,0.999907910823822,9.208917617797852e-05,0.7,1,BERT:bert_class_weighted,Class weight
341,emscad_02402,"Valor Services provides Workforce Solutions that meet the needs of companies across the Private Sector, with a special f",Environmental Specialist,0,0,0.9999524354934692,4.756450653076172e-05,0.7,1,BERT:bert_class_weighted,Class weight
342,emscad_02421,MathWhisperer Consultation and Tutoring Services was founded by a Certified Mathematics and Science Teacher in Canada. T,Teaching Positions Mathematics and/or Sciences,0,0,0.9999561905860901,4.380941390991211e-05,0.7,1,BERT:bert_class_weighted,Class weight
343,emscad_02422,Want to build a 21st century financial service?,Finance Assistant,0,0,0.999946117401123,5.3882598876953125e-05,0.7,1,BERT:bert_class_weighted,Class weight
344,emscad_02429,SDI Marketing started in 1988 as a small marketing agency with one simple philosophy: make our client's business our bus,"Mystery Shopper - Paducah, KY",0,0,0.9999566674232483,4.3332576751708984e-05,0.7,1,BERT:bert_class_weighted,Class weight
345,emscad_02442,"Social Care Alba is the highest graded Care at Home Company in the country. We hold awards in Investors in People, Healt",Team Leader,0,0,0.9999622106552124,3.7789344787597656e-05,0.7,1,BERT:bert_class_weighted,Class weight
346,emscad_02446,SDI Marketing started in 1988 as a small marketing agency with one simple philosophy: make our client's business our bus,Mystery Shopper - New Mexico,0,0,0.9999610185623169,3.898143768310547e-05,0.7,1,BERT:bert_class_weighted,Class weight
347,emscad_02454,"Fusemachines combines the power of Data Science, Artificial Intelligence and Natural Language Processing to build unique",Software Engineer Intern,0,0,0.9999428391456604,5.716085433959961e-05,0.7,1,BERT:bert_class_weighted,Class weight
348,emscad_02467,"""Our mission to our clients is to preserve their independence, enhance their quality of life, promote health & wellbeing",Home Care Registered Nurse,0,0,0.9999452233314514,5.4776668548583984e-05,0.7,1,BERT:bert_class_weighted,Class weight
349,emscad_02470,"As augmented reality jobs go, one at Blippar is hard to beat. We are a rapidly expanding creative startup at the forefro",Business Development Director - Augmented Reality,0,0,0.9999485611915588,5.143880844116211e-05,0.7,1,BERT:bert_class_weighted,Class weight
350,emscad_02477,"At McLane Intel, we believe that everyone should love where they work! We understand that our ongoing success is attribu",Technical Intern,0,0,0.9999405741691589,5.942583084106445e-05,0.7,1,BERT:bert_class_weighted,Class weight
351,emscad_02482,Infrastructure Manager,Infrastructure Manager,0,0,0.9998923540115356,0.00010764598846435547,0.7,1,BERT:bert_class_weighted,Class weight
352,emscad_02483,"VARITE is a global IT company providing software consulting and staffing services to Fortune 1000 Companies in USA, CANA",Java development Engineer,0,0,0.9999439120292664,5.608797073364258e-05,0.7,1,BERT:bert_class_weighted,Class weight
353,emscad_02489,Why CSD?,Office Assistant (temporary),0,0,0.9998964667320251,0.00010353326797485352,0.7,1,BERT:bert_class_weighted,Class weight
354,emscad_02493,"We’ve built revolutionary technology that is changing the way people get around cities. Using Via, a luxury ride booked ",Growth Hacker,0,0,0.9999611973762512,3.88026237487793e-05,0.7,1,BERT:bert_class_weighted,Class weight
355,emscad_02498,"Certoid is an identity, impersonation and reputation network. The area: Software Engineering Our engineers develop the n",Front End Software Engineer,0,0,0.9999377131462097,6.22868537902832e-05,0.7,1,BERT:bert_class_weighted,Class weight
356,emscad_02500,"Shyp is the easiest way to send anything, anywhere.",General Manager - San Diego,0,0,0.9999616146087646,3.838539123535156e-05,0.7,1,BERT:bert_class_weighted,Class weight
357,emscad_02507,Upstream’s mission is to revolutionise the way companies market to consumers through cutting edge technology. This is an,Account Manager,0,0,0.9999544024467468,4.559755325317383e-05,0.7,1,BERT:bert_class_weighted,Class weight
358,emscad_02509,"Daily Secret is one of the fastest growing digital media brand for premium audiences around the world, serving 1.8 milli",Business Operations Manager,0,0,0.9999573230743408,4.267692565917969e-05,0.7,1,BERT:bert_class_weighted,Class weight
359,emscad_02515,"Founded by serial entrepreneur Clive Jackson and launched in 2011, Victor is one of the world’s most trusted names in pr",Senior Sales Manager,0,0,0.9999602437019348,3.975629806518555e-05,0.7,1,BERT:bert_class_weighted,Class weight
360,emscad_02517,Can data be a thing of beauty? We think so.,Web Application Developer (Node.JS),0,0,0.9999549388885498,4.506111145019531e-05,0.7,1,BERT:bert_class_weighted,Class weight
361,emscad_02535,schooX is a Social Academy where anyone can teach and learn online. Learners can attend online courses and build a stron,ASP.NET Developer,0,0,0.9999469518661499,5.3048133850097656e-05,0.7,1,BERT:bert_class_weighted,Class weight
362,emscad_02536,"SpotSource Solutions LLC is a Global Human Capital Management Consulting firm headquartered in Miami, Florida. Founded i",Data Account Analyst,0,0,0.9999545812606812,4.5418739318847656e-05,0.7,1,BERT:bert_class_weighted,Class weight
363,emscad_02538,"Changing the face of specialty and fine chemical marketing, sales, and distribution using an agile approach to technolog",Systems Analyst,0,0,0.9998940229415894,0.00010597705841064453,0.7,1,BERT:bert_class_weighted,Class weight
364,emscad_02544,Established on the principles that full time education is not for everyone Spectrum Learning is made up of a team of pas,HX5 9HT Business Admin Apprenticeship Under NAS 16-18 Year Olds Only,0,0,0.9999414682388306,5.8531761169433594e-05,0.7,1,BERT:bert_class_weighted,Class weight
365,emscad_02551,"HealthLink provides a computer communications system that links the information technology systems of more than 10,000 m",Senior Software Engineer,0,0,0.9999334216117859,6.657838821411133e-05,0.7,1,BERT:bert_class_weighted,Class weight
366,emscad_02565,X1 Group helps startups and tech companies push their businesses forward by setting up long-term dedicated development t,Senior JavaScript Developer,0,0,0.999056339263916,0.0009436607360839844,0.7,1,BERT:bert_class_weighted,Class weight
367,emscad_02567,BI Developer - Analyst,BI Developer - Analyst,0,0,0.9998919367790222,0.0001080632209777832,0.7,1,BERT:bert_class_weighted,Class weight
368,emscad_02581,We are on a mission: Making cities smarter.,Data Scientist,0,0,0.999958336353302,4.166364669799805e-05,0.7,1,BERT:bert_class_weighted,Class weight
369,emscad_02589,We help teachers get safe & secure jobs abroad :),Graduates: English Teacher Abroad (Conversational),0,0,0.9999611973762512,3.88026237487793e-05,0.7,1,BERT:bert_class_weighted,Class weight
370,emscad_02612,"Certoid is an identity, impersonation and reputation network. The area: Software Engineering Our engineers develop the n",Back End Software Engineer,0,0,0.9999485611915588,5.143880844116211e-05,0.7,1,BERT:bert_class_weighted,Class weight
371,emscad_02617,This position is a mixture of Developer and Database administrator. The main focus is developing applications in Oracle ,"Developer and Database Administrator Pittsburgh, PA",1,0,0.9999426007270813,5.739927291870117e-05,0.7,0,BERT:bert_class_weighted,Class weight
372,emscad_02621,"Founded By Entrepreneurs, For Entrepreneurs",MOBILE FRONT END PROGRAMMERS - VLinks Media,0,0,0.9999648928642273,3.510713577270508e-05,0.7,1,BERT:bert_class_weighted,Class weight
373,emscad_02626,"Social Media has the power to shape, educate and grow amazing organisations across the world. We're on a mission to make",Digital Marketing,0,0,0.9999524354934692,4.756450653076172e-05,0.7,1,BERT:bert_class_weighted,Class weight
374,emscad_02628,"We founded this company on the principle that great employees deserved great workplaces, Wellnext creates technology to ",Engagement/Project Manager,0,0,0.9999639391899109,3.606081008911133e-05,0.7,1,BERT:bert_class_weighted,Class weight
375,emscad_02630,SAP ABAP Consultant,SAP ABAP Consultant,0,0,0.9999389052391052,6.109476089477539e-05,0.7,1,BERT:bert_class_weighted,Class weight
376,emscad_02634,"Social Media: Maintain, monitor and contribute to our social media platforms including Facebook, Twitter, YouTube, Fours",Marketing Assistant (Digital),0,0,0.9999575018882751,4.2498111724853516e-05,0.7,1,BERT:bert_class_weighted,Class weight
377,emscad_02635,"Freelance photographer wanted for an onsite facility shoot at senior living facilities in Scottsdale, AZ, Salt Lake city",Freelance Photographer,0,0,0.9995505809783936,0.0004494190216064453,0.7,1,BERT:bert_class_weighted,Class weight
378,emscad_02640,"Pricing Recruiters is the leading global resource for the procurement, vetting and placement of qualified, pricing and p",Hilshire Farms Senior Strategic Pricing Analyst,0,0,0.9999386668205261,6.133317947387695e-05,0.7,1,BERT:bert_class_weighted,Class weight
379,emscad_02649,Skyconsult is a global consulting company with highly professional international standards; we focus on leading edge tec,Applications Support Manager,0,0,0.9999396204948425,6.03795051574707e-05,0.7,1,BERT:bert_class_weighted,Class weight
380,emscad_02654,"Jr, Developer Experience : 2-6 years Location : Hoboken, NJ Desired Skills & Experience - Candidate should have 3+ years",Jr. Developer,0,0,0.9998574256896973,0.00014257431030273438,0.7,1,BERT:bert_class_weighted,Class weight
381,emscad_02657,Applied Memetics LLC is a professional services company dedicated to integrating and delivering best practice communicat,"International Broadcaster, Kurdish Language",0,0,0.999961793422699,3.820657730102539e-05,0.7,1,BERT:bert_class_weighted,Class weight
382,emscad_02661,We the Medical Recruitment Team of Roland and Associates,Doctor Jobs: Super Specialist Doctor Opening in Dubai,0,0,0.9999556541442871,4.4345855712890625e-05,0.7,1,BERT:bert_class_weighted,Class weight
383,emscad_02662,We are a web development shop that helps entrepreneurs kick off tech startups and be successful. We combine lean startup,Frontend Developer,0,0,0.9999423623085022,5.7637691497802734e-05,0.7,1,BERT:bert_class_weighted,Class weight
384,emscad_02698,"Valor Services provides Workforce Solutions that meet the needs of companies across the Private Sector, with a special f",Innovative Structural Engineer,0,0,0.9999473094940186,5.269050598144531e-05,0.7,1,BERT:bert_class_weighted,Class weight
385,emscad_02710,"Public Risk Underwriters of Georgia, Inc. is seeking a highly motivated and experienced Commercial Insurance Account Man",Commercial Lines Account Manager,0,0,0.9999135136604309,8.64863395690918e-05,0.7,1,BERT:bert_class_weighted,Class weight
386,emscad_02717,"Daily Secret is one of the fastest growing digital media brand for premium audiences around the world, serving 1.8 milli",Director of Product & Technology,0,0,0.9999518394470215,4.8160552978515625e-05,0.7,1,BERT:bert_class_weighted,Class weight
387,emscad_02721,"Stokes Automotive Group-Beaufort is a family owned and operated dealer group in Beaufort, SC. Stokes is the leader in th",BDC Representative,0,0,0.9999592900276184,4.07099723815918e-05,0.7,1,BERT:bert_class_weighted,Class weight
388,emscad_02722,"Responsible for designing, organizing, modifying, and supporting a company's computer systems. Designs and installs LANs",Server Systems Administrator,0,0,0.99988853931427,0.00011146068572998047,0.7,1,BERT:bert_class_weighted,Class weight
389,emscad_02736,"Founded in 2010 by a team from Google’s London and New York offices, Qubit work with some of the biggest names in Online",Product Marketing Manager,0,0,0.9999625086784363,3.74913215637207e-05,0.7,1,BERT:bert_class_weighted,Class weight
390,emscad_02737,Wello is expanding our network of health & fitness professionals following our acquisition by Weight Watchers in April. ,Independent Contractor Fitness Professional,0,0,0.9999531507492065,4.684925079345703e-05,0.7,1,BERT:bert_class_weighted,Class weight
391,emscad_02743,Volunteers of America is a faith-based human services organization. We are dedicated to helping individuals and families,Housing Specialist,0,0,0.9999505281448364,4.947185516357422e-05,0.7,1,BERT:bert_class_weighted,Class weight
392,emscad_02753,"Founded by three busy mothers, Nannuka is an online resource where parents go to find & book all kinds of professionals ",Marketing Intern,0,0,0.9999277591705322,7.224082946777344e-05,0.7,1,BERT:bert_class_weighted,Class weight
393,emscad_02754,"Tidewater Finance Co. was established in 1992 for the initial purpose of purchasing, and servicing retail installment co",Collections Supervisor,0,0,0.9999485611915588,5.143880844116211e-05,0.7,1,BERT:bert_class_weighted,Class weight
394,emscad_02763,"Vend is looking for some awesome new talent to come join us. You'll be working in an awesome team doing awesome things, ",Management Accountant,0,0,0.9999626278877258,3.737211227416992e-05,0.7,1,BERT:bert_class_weighted,Class weight
395,emscad_02765,"Come be a part of one of the fastest growing, well-funded and exciting startups in Silicon Valley. Peel makes the world’",Android UI Automation Engineer,0,0,0.9999531507492065,4.684925079345703e-05,0.7,1,BERT:bert_class_weighted,Class weight
396,emscad_02770,"Tamber is a group practice that uses cross-discipline team work, evidence-based practices, and technology to help patien",Therapist,0,0,0.9999209642410278,7.903575897216797e-05,0.7,1,BERT:bert_class_weighted,Class weight
397,emscad_02797,Amplifier Strategies is a social impact agency. We work with strategic philanthropists and visionary implementers who ar,Front-End Developer Internship,0,0,0.9999596476554871,4.035234451293945e-05,0.7,1,BERT:bert_class_weighted,Class weight
398,emscad_02838,The Intersect Fund is a nonprofit organization that empowers entrepreneurs to build strong businesses so they can genera,Microfinance Guru,0,0,0.9999524354934692,4.756450653076172e-05,0.7,1,BERT:bert_class_weighted,Class weight
399,emscad_02842,Balanced Labs exists to provide accountants and small businesses everywhere with a better life through intelligent and e,Junior Designer,0,0,0.9999403357505798,5.9664249420166016e-05,0.7,1,BERT:bert_class_weighted,Class weight
400,emscad_02845,"Here at Mansfield Property Maintenance we are experienced in providing reactive day to day building maintenance, planned",Maintenance Engineer,0,0,0.9999423623085022,5.7637691497802734e-05,0.7,1,BERT:bert_class_weighted,Class weight
401,emscad_02855,Applied Memetics LLC is a professional services company dedicated to integrating and delivering best practice communicat,"Technician Level III, Broadcast Operations Division",0,0,0.9999481439590454,5.1856040954589844e-05,0.7,1,BERT:bert_class_weighted,Class weight
402,emscad_02858,"Places Senior Technology and Data professionals nationwide with a focus on Software Engineering, Big Data, Analytics, Bu",Director of Training,0,0,0.9999285936355591,7.140636444091797e-05,0.7,1,BERT:bert_class_weighted,Class weight
403,emscad_02862,Wedo is a collection of niched e-commerce stores which aim to be the first destination for online shoppers buying in the,Frontend UX / Magento Themes Developer (3 month contract),0,0,0.9999426007270813,5.739927291870117e-05,0.7,1,BERT:bert_class_weighted,Class weight
404,emscad_02865,"As one of the world’s leading staffing companies, our primary objective is clear-cut: To perfectly align the best people",Retail Associate,0,0,0.9999248385429382,7.516145706176758e-05,0.7,1,BERT:bert_class_weighted,Class weight
405,emscad_02873,We’re always looking for highly motivated “founder-types” to join us as we grow. Here’s what you need to know.,Javascript Engineer (Mobile),0,0,0.9998813271522522,0.00011867284774780273,0.7,1,BERT:bert_class_weighted,Class weight
406,emscad_02874,"A-Z Wedding Services is a busy family owned bridal and meswear shop that has been established for more than 20 years, we",Seamstress,0,0,0.9999291300773621,7.086992263793945e-05,0.7,1,BERT:bert_class_weighted,Class weight
407,emscad_02875,"Regulatory Affairs Associate located in the Charllote, NC / Durham, NC area. Candidate must have 2 years of related work",Regulatory Affairs Associate / Clinical Trails,0,0,0.9999184608459473,8.153915405273438e-05,0.7,1,BERT:bert_class_weighted,Class weight
408,emscad_02877,Casino Cashier,Cashier Cruise Ship,0,0,0.96484375,0.03515625,0.7,1,BERT:bert_class_weighted,Class weight
409,emscad_02879,"Novitex Enterprise Solutions, formerly Pitney Bowes Management Services, delivers innovative document and communications",Customer Service Associate,0,0,0.999958336353302,4.166364669799805e-05,0.7,1,BERT:bert_class_weighted,Class weight
410,emscad_02893,"Looking for a modeling manager who is self-starting and proactive, wants to have an impact and own end to end results of",Marketing Database Decision Strategy Consultant,1,0,0.9979801177978516,0.0020198822021484375,0.7,0,BERT:bert_class_weighted,Class weight
411,emscad_02896,Applied Memetics LLC is a professional services company dedicated to integrating and delivering best practice communicat,"Production Assistant, Mandarin Service",0,0,0.9999529719352722,4.70280647277832e-05,0.7,1,BERT:bert_class_weighted,Class weight
412,emscad_02901,Applied Memetics LLC is a professional services company dedicated to integrating and delivering best practice communicat,"International Broadcaster, Tibetan Service",0,0,0.9999628067016602,3.719329833984375e-05,0.7,1,BERT:bert_class_weighted,Class weight
413,emscad_02919,"A-Z Wedding Services is a busy family owned bridal and meswear shop that has been established for more than 20 years, we",Department Supervisor,0,0,0.999945878982544,5.412101745605469e-05,0.7,1,BERT:bert_class_weighted,Class weight
414,emscad_02928,"The LEAN Programs Manager will lead strategic, enterprise-level initiatives to deliver short term results as well as lon","LEAN Program Manager, Carol Stream, IL",1,0,0.9999302625656128,6.973743438720703e-05,0.7,0,BERT:bert_class_weighted,Class weight
415,emscad_02957,"Mann was founded in 1991 by Alex and Harold Mann, and the firm provides technology solutions to small and medium sized b",Finance / Office Manager,0,0,0.9999526143074036,4.738569259643555e-05,0.7,1,BERT:bert_class_weighted,Class weight
416,emscad_02971,"Intercom ( #URL_cb674f93cbcd215a3a0a57a8615a565545949eead8adbbc73307c26d6a6af81b# ) is a simple, personal messaging serv",Office Manager,0,0,0.9999374747276306,6.252527236938477e-05,0.7,1,BERT:bert_class_weighted,Class weight
417,emscad_02976,Working at FBN,Product Manager,0,0,0.9999547600746155,4.5239925384521484e-05,0.7,1,BERT:bert_class_weighted,Class weight
418,emscad_02980,"""Our mission to our clients is to preserve their independence, enhance their quality of life, promote health & wellbeing",Caregiver-Lawton,0,0,0.9999419450759888,5.805492401123047e-05,0.7,1,BERT:bert_class_weighted,Class weight
419,emscad_02983,Company Website: #URL_b0bc289d014ce1647b7dbe8ffe0e121d1f3ded55cbf9e3c20987b3cf1f8d3b5d#,Application Form,0,0,0.9999245405197144,7.545948028564453e-05,0.7,1,BERT:bert_class_weighted,Class weight
420,emscad_02986,"Εργοδότης : Santikos Hotels & Resorts, Skiathos Princess",Bartender,0,0,0.9999426007270813,5.739927291870117e-05,0.7,1,BERT:bert_class_weighted,Class weight
421,emscad_02989,Established on the principles that full time education is not for everyone Spectrum Learning is made up of a team of pas,Cosmetic and Fragrance Position,0,0,0.9999493360519409,5.066394805908203e-05,0.7,1,BERT:bert_class_weighted,Class weight
422,emscad_03008,The Director of Sales will report to the CEO and is part of the company’s senior management. He or she is responsible fo,Director of Sales,0,0,0.9992313385009766,0.0007686614990234375,0.7,1,BERT:bert_class_weighted,Class weight
423,emscad_03010,Visual BI is one of the leading and fastest growing firms focusing exclusively on BI & Analytics. Our offerings cover en,SAP BI/HANA Managing Consultant,0,0,0.9999581575393677,4.184246063232422e-05,0.7,1,BERT:bert_class_weighted,Class weight
424,emscad_03012,"Launched in 2010, Lyst is an innovative way to shop for fashion online that’s used by millions every month. Lyst partner",Product Manager,0,0,0.9999164938926697,8.350610733032227e-05,0.7,1,BERT:bert_class_weighted,Class weight
425,emscad_03015,"Vend is looking for some awesome new talent to come join us. You'll be working in an awesome team doing awesome things, ",SEO/Content Marketing Intern,0,0,0.9999640583992004,3.594160079956055e-05,0.7,1,BERT:bert_class_weighted,Class weight
426,emscad_03020,We Provide Full Time Permanent Positions for many medium to large US companies. We are interested in finding/recruiting ,Human Resources Manager,0,0,0.9999651908874512,3.4809112548828125e-05,0.7,1,BERT:bert_class_weighted,Class weight
427,emscad_03021,Community Action Partnership of Ramsey & Washington Counties (Community Action) was established in 1964 as a program of ,Family Advocate,0,0,0.9999434947967529,5.650520324707031e-05,0.7,1,BERT:bert_class_weighted,Class weight
428,emscad_03032,DonationMatch is the #URL_ad81be50f07523d973076e5fd370e1751cac7ac4984df500e9c8a222efaa0fa4# for charitable event organiz,Sales Entrepreneur,0,0,0.9999369978904724,6.300210952758789e-05,0.7,1,BERT:bert_class_weighted,Class weight
429,emscad_03033,Full Time Rate: ~ 125k yearly + benefits Responsibilities:,iOS DEVELOPER WITH INNOVATED COMPANY,0,0,0.9997053146362305,0.00029468536376953125,0.7,1,BERT:bert_class_weighted,Class weight
430,emscad_03034,We met at Escape the City,Escape the City Job Fair,0,0,0.9908905029296875,0.0091094970703125,0.7,1,BERT:bert_class_weighted,Class weight
431,emscad_03043,"Job Summary: Plans, conducts, and directs mechanical portion of engineering projects of",Senior Mechanical Engineer,0,0,0.9988927841186523,0.0011072158813476562,0.7,1,BERT:bert_class_weighted,Class weight
432,emscad_03044,"Shippers Supply, Inc., founded in 1928, is an independently owned and operated wholesale distributor of shipping, packag",Marketing Coordinator,0,0,0.9999594688415527,4.0531158447265625e-05,0.7,1,BERT:bert_class_weighted,Class weight
433,emscad_03055,Applied Memetics LLC is a professional services company dedicated to integrating and delivering best practice communicat,"International Broadcaster, Vietnamese Service",0,0,0.9999613165855408,3.8683414459228516e-05,0.7,1,BERT:bert_class_weighted,Class weight
434,emscad_03059,"PINT is a leader in the web industry with 20 years of web design, software development and consulting experience. PINT's",Network / Systems Administrator,0,0,0.9999591708183289,4.082918167114258e-05,0.7,1,BERT:bert_class_weighted,Class weight
435,emscad_03066,"National Capitol Contracting, LLC (NCC) , established in 2002 and headquartered in Arlington, VA, is an SBA-certified 8(",Video Teleconferencing Engineer VTC,0,0,0.9999545812606812,4.5418739318847656e-05,0.7,1,BERT:bert_class_weighted,Class weight
436,emscad_03070,Adthena is the UK’s leading competitive intelligence service for Google search advertisers. Adthena is loved by major br,Business development Representative,0,0,0.9999638199806213,3.618001937866211e-05,0.7,1,BERT:bert_class_weighted,Class weight
437,emscad_03076,Upstream’s mission is to revolutionise the way companies market to consumers through cutting edge technology. This is an,Engagement Director,0,0,0.9999568462371826,4.315376281738281e-05,0.7,1,BERT:bert_class_weighted,Class weight
438,emscad_03082,We Provide Full Time Permanent Positions for many medium to large US companies. We are interested in finding/recruiting ,"Sr. Manager Plant Controller - Tyler, TX",0,0,0.9999369978904724,6.300210952758789e-05,0.7,1,BERT:bert_class_weighted,Class weight
439,emscad_03089,Q2Hire has been delivering concrete results for more than 10 years. And this successful history has a formula: Your goal,Senior Organizational Change Management Lead,0,0,0.9998226165771484,0.0001773834228515625,0.7,1,BERT:bert_class_weighted,Class weight
440,emscad_03101,"Christopherson Business Travel is the independently owned leader in intelligent business travel management, online trave",Account Manager,0,0,0.9999522566795349,4.774332046508789e-05,0.7,1,BERT:bert_class_weighted,Class weight
441,emscad_03104,The Beans Group is a media company that exists to empower young people to thrive. We have been on an exponential growth ,Writer: Voxburner.com,0,0,0.999960720539093,3.927946090698242e-05,0.7,1,BERT:bert_class_weighted,Class weight
442,emscad_03108,"Tidewater Finance Co. was established in 1992 for the initial purpose of purchasing, and servicing retail installment co",Risk Supervisor,0,0,0.9999445676803589,5.543231964111328e-05,0.7,1,BERT:bert_class_weighted,Class weight
443,emscad_03116,Fabrily makes it easy for campaigners/communities/charities/causes/artists. etc... to raise funds and awareness with cus,Wanted: Creative and Motivated Graphic Design Intern - Freelance,0,0,0.9999568462371826,4.315376281738281e-05,0.7,1,BERT:bert_class_weighted,Class weight
444,emscad_03124,"Novitex Enterprise Solutions, formerly Pitney Bowes Management Services, delivers innovative document and communications",Customer Service Associate- Part Time,0,0,0.9999616146087646,3.838539123535156e-05,0.7,1,BERT:bert_class_weighted,Class weight
445,emscad_03131,"Carlyle Financial is a mortgage bank based in Beverly Hills, CA offering a full range of home loan products. We concentr",Jr. Front-End Developer & Graphic Design Intern,0,0,0.9999592900276184,4.07099723815918e-05,0.7,1,BERT:bert_class_weighted,Class weight
446,emscad_03166,"We're Food52, and we've created a groundbreaking and award-winning cooking site. We support, connect, and celebrate home",Editorial Intern,0,0,0.9999602437019348,3.975629806518555e-05,0.7,1,BERT:bert_class_weighted,Class weight
447,emscad_03172,Applied Memetics LLC is a professional services company dedicated to integrating and delivering best practice communicat,Videographer/Editor,0,0,0.9999610185623169,3.898143768310547e-05,0.7,1,BERT:bert_class_weighted,Class weight
448,emscad_03173,Real-time bidding (RTB) is a new method of selling and buying online display advertising in real time. RTB Account Manag,RTB Account Manager Spain,0,0,0.9999626278877258,3.737211227416992e-05,0.7,1,BERT:bert_class_weighted,Class weight
449,emscad_03175,Applied Memetics LLC is a professional services company dedicated to integrating and delivering best practice communicat,"TV Director, Broadcast Operations Division",0,0,0.9999493360519409,5.066394805908203e-05,0.7,1,BERT:bert_class_weighted,Class weight
450,emscad_03178,We Provide Full Time Permanent Positions for many medium to large US companies. We are interested in finding/recruiting ,Regional Field Sales Representative,0,0,0.9999619126319885,3.808736801147461e-05,0.7,1,BERT:bert_class_weighted,Class weight
451,emscad_03193,"Our client, an AmLaw top 100 firm, is seeking to hire an experienced Commercial Litigation associate. The ideal candidat",Commercial Litigation Associate,0,0,0.9998676776885986,0.0001323223114013672,0.7,1,BERT:bert_class_weighted,Class weight
452,emscad_03194,"SpotSource Solutions LLC is a Global Human Capital Management Consulting firm headquartered in Miami, Florida. Founded i","VP, Healthcare Management",0,0,0.9999540448188782,4.595518112182617e-05,0.7,1,BERT:bert_class_weighted,Class weight
453,emscad_03200,Pandoo TEK’s mission is to turn innovative ideas into solutions by developing the technologies to support them. Pandoo T,Social Media Expert,0,0,0.9999305009841919,6.949901580810547e-05,0.7,1,BERT:bert_class_weighted,Class weight
454,emscad_03206,Applied Memetics LLC is a professional services company dedicated to integrating and delivering best practice communicat,"Webmaster, Tibetan Service",0,0,0.9999558329582214,4.416704177856445e-05,0.7,1,BERT:bert_class_weighted,Class weight
455,emscad_03207,BaaS,Social Media Research Analyst,0,0,0.9999473094940186,5.269050598144531e-05,0.7,1,BERT:bert_class_weighted,Class weight
456,emscad_03214,Working as a strategist focused on the digital world is a relatively new occupation. You probably didn’t go to school fo,Strategy Team,0,0,0.9997408390045166,0.00025916099548339844,0.7,1,BERT:bert_class_weighted,Class weight
457,emscad_03218,Job description,iOS Lead Developer,0,0,0.999958336353302,4.166364669799805e-05,0.7,1,BERT:bert_class_weighted,Class weight
458,emscad_03225,Applied Memetics LLC is a professional services company dedicated to integrating and delivering best practice communicat,"International Broadcaster, Tibetan Service",0,0,0.9999628067016602,3.719329833984375e-05,0.7,1,BERT:bert_class_weighted,Class weight
459,emscad_03227,We're a Pune based company which specializes in creating apps that you will fall in love with.,iOS Developer,0,0,0.9999508857727051,4.9114227294921875e-05,0.7,1,BERT:bert_class_weighted,Class weight
460,emscad_03228,We're a Pune based company which specializes in creating apps that you will fall in love with.,Android Developer,0,0,0.9999489784240723,5.1021575927734375e-05,0.7,1,BERT:bert_class_weighted,Class weight
461,emscad_03237,We are looking for a lead Django engineer to join us working on a totally new product.,Lead Python Django Engineer,0,0,0.999882698059082,0.00011730194091796875,0.7,1,BERT:bert_class_weighted,Class weight
462,emscad_03242,"We’re Mash, and we aspire to be the very best promotional and event staffing agency on the planet – and we have an excit",Account Manager,0,0,0.9999374747276306,6.252527236938477e-05,0.7,1,BERT:bert_class_weighted,Class weight
463,emscad_03243,Bradley Contracting Group Corporation offers a wide range of B2B services through a plethora of different small business,Class A - CDL Driver - Doubles Endorsed,1,1,0.00048828125,0.99951171875,0.7,1,BERT:bert_class_weighted,Class weight
464,emscad_03252,Ameritech Media wants to give industry thought-leaders the marketing communications they need to stay out in front. We’r,Marketing Assistant,0,0,0.9998595714569092,0.0001404285430908203,0.7,1,BERT:bert_class_weighted,Class weight
465,emscad_03254,"Eagle develops products and services that help our clients organise, analyse and manage genomic data. We’re based at the",Javascript Web Application Developer,0,0,0.9999508857727051,4.9114227294921875e-05,0.7,1,BERT:bert_class_weighted,Class weight
466,emscad_03256,Position: Full-time,Creative Web Designer (Frontend/UX/Wordpress),0,0,0.9999042749404907,9.572505950927734e-05,0.7,1,BERT:bert_class_weighted,Class weight
467,emscad_03260,Home Improvement Contractor seeking ambitious individuals.,Carpenter,0,0,0.9998940229415894,0.00010597705841064453,0.7,1,BERT:bert_class_weighted,Class weight
468,emscad_03261,"Spartan Race, is an international obstacle racing organization. Our courses are uniquely designed to test participants’ ",Director - Spartan Group X Training Program,0,0,0.9999423623085022,5.7637691497802734e-05,0.7,1,BERT:bert_class_weighted,Class weight
469,emscad_03268,"Depop is an exciting new mobile marketplace where you can sell things by simply taking a picture, as well as follow your",Head of People,0,0,0.9999526143074036,4.738569259643555e-05,0.7,1,BERT:bert_class_weighted,Class weight
470,emscad_03270,Process Unlimited and Refined Resources have partnered up in an effort to streamline the hiring process and provide a mo,Process Engineer Mechanical,1,1,0.0,1.0,0.7,1,BERT:bert_class_weighted,Class weight
471,emscad_03274,Reevoo is a pioneering Ratings and Reviews provider. We are the independent reviews service people trust. And Our Engine,Principal Engineer,0,0,0.9999352097511292,6.479024887084961e-05,0.7,1,BERT:bert_class_weighted,Class weight
472,emscad_03279,"Our team is made of designers, physics wizards, educators, writers, musicians, and illustrators. We work together to bui",Translation Specialist,0,0,0.9999522566795349,4.774332046508789e-05,0.7,1,BERT:bert_class_weighted,Class weight
473,emscad_03294,"Do you have an entrepreneurial mindset? Do you dream of working in a fast paced startup environment? If so, then Honest ",Blogging Intern,0,0,0.9999057650566101,9.423494338989258e-05,0.7,1,BERT:bert_class_weighted,Class weight
474,emscad_03314,"For over 20 years NAC Marketing Company, LLC d/b/a New Vitality has helped people be healthy and live better by marketin","Sales Specialist, Inbound Calls",0,0,0.9999578595161438,4.214048385620117e-05,0.7,1,BERT:bert_class_weighted,Class weight
475,emscad_03326,MERL's internship program gives students excellent opportunities to work in an industrial research lab environment side-,Speech enhancement and source separation,0,0,0.9999389052391052,6.109476089477539e-05,0.7,1,BERT:bert_class_weighted,Class weight
476,emscad_03338,Twenty20 is a photography marketplace that's gone from zero to millions of users in our first year. Based in Santa Monic,Sr. Software Engineer,0,0,0.9999600648880005,3.993511199951172e-05,0.7,1,BERT:bert_class_weighted,Class weight
477,emscad_03342,"We're an emerging technology agency, and we build breakthrough products through user-centered design. We're building a t",Marketing Internship - Summer 2014,0,0,0.9998427629470825,0.00015723705291748047,0.7,1,BERT:bert_class_weighted,Class weight
478,emscad_03345,Medopad is the leading enterprise mobile health solution that delivers patient information and clinical applications str,SDK Engineer,0,0,0.9999487400054932,5.125999450683594e-05,0.7,1,BERT:bert_class_weighted,Class weight
479,emscad_03362,Applied Memetics LLC is a professional services company dedicated to integrating and delivering best practice communicat,"Producer, Vietnamese Service",0,0,0.999958336353302,4.166364669799805e-05,0.7,1,BERT:bert_class_weighted,Class weight
480,emscad_03382,"Located in the heart of the Green Mountains, our welcoming, mountaintop campus is home to more than 1,900 students. We o","Administrative Assistant, Fine & Performing Arts",0,0,0.9997649192810059,0.00023508071899414062,0.7,1,BERT:bert_class_weighted,Class weight
481,emscad_03385,"Adbrain is at the forefront of the data-driven, multi-screen advertising revolution. Powered by the latest technologies ",Partnership Development Manager,0,0,0.9999469518661499,5.3048133850097656e-05,0.7,1,BERT:bert_class_weighted,Class weight
482,emscad_03387,"Adbrain is at the forefront of the data-driven, multi-screen advertising revolution. Powered by the latest technologies ",Distributed Systems Engineer,0,0,0.9999386668205261,6.133317947387695e-05,0.7,1,BERT:bert_class_weighted,Class weight
483,emscad_03389,RHB Recruitment Ltd is a business process outsourcing company with its state-of-the-art delivery center (existing capaci,Physical Design,0,0,0.9999215602874756,7.843971252441406e-05,0.7,1,BERT:bert_class_weighted,Class weight
484,emscad_03395,"import•io was founded in 2012 by David White (CEO), Andrew Fogg (CDO) and Matt Painter (CTO) with a unique vision: to ma",European Sales Executive,0,0,0.9999520778656006,4.792213439941406e-05,0.7,1,BERT:bert_class_weighted,Class weight
485,emscad_03400,Upstream’s mission is to revolutionise the way companies market to consumers through cutting edge technology. This is an,Engagement Director (Uganda),0,0,0.9999626278877258,3.737211227416992e-05,0.7,1,BERT:bert_class_weighted,Class weight
486,emscad_03413,Solutions3 is a woman-owned small business whose focus is IT Service Management using best of breed technology and imple,IT Technical Writer,0,0,0.999947726726532,5.227327346801758e-05,0.7,1,BERT:bert_class_weighted,Class weight
487,emscad_03414,We Provide Full Time Permanent Positions for many medium to large US companies. We are interested in finding/recruiting ,Electrical Maintenance Technician,0,0,0.9999586939811707,4.13060188293457e-05,0.7,1,BERT:bert_class_weighted,Class weight
488,emscad_03418,Creators of innovative software products for financial industry. We believe that simplicity and great user experience ca,Data Scientist,0,0,0.9999611973762512,3.88026237487793e-05,0.7,1,BERT:bert_class_weighted,Class weight
489,emscad_03422,HireEasy Pro provides specialised project recruitment services focused on Digital Jobs,Project Manager,0,0,0.9999497532844543,5.02467155456543e-05,0.7,1,BERT:bert_class_weighted,Class weight
490,emscad_03424,Upstream’s mission is to revolutionise the way companies market to consumers through cutting edge technology. This is an,Connectivity Engineer,0,0,0.9999536871910095,4.6312808990478516e-05,0.7,1,BERT:bert_class_weighted,Class weight
491,emscad_03440,***PLEASE READ ENTIRE JOB DESCRIPTION AND SEE COMPENSATION BEFORE REPLYING TO THIS JOB POSTING.,Seeking Hospitality Security Professionals for Upscale Midtown Hotels,0,0,0.99988853931427,0.00011146068572998047,0.7,1,BERT:bert_class_weighted,Class weight
492,emscad_03450,"We are seeking a bright Individual to join our team as an Account Executive. You will need to be a strong team player, w",Account Executive,0,0,0.9999215602874756,7.843971252441406e-05,0.7,1,BERT:bert_class_weighted,Class weight
493,emscad_03455,"Valor Services provides Workforce Solutions that meet the needs of companies across the Private Sector, with a special f",Recruiter (Oil and Gas),0,0,0.999945878982544,5.412101745605469e-05,0.7,1,BERT:bert_class_weighted,Class weight
494,emscad_03473,Vayu builds affordable unmanned aerial vehicles (UAVs) for healthcare supply chain management and post-disaster aid deli,Junior Avionics Systems Design and Analysis Engineer,0,0,0.9999503493309021,4.965066909790039e-05,0.7,1,BERT:bert_class_weighted,Class weight
495,emscad_03474,Playfair Capital is an early stage technology investment fund based in London.,Head of Talent,0,0,0.9999586939811707,4.13060188293457e-05,0.7,1,BERT:bert_class_weighted,Class weight
496,emscad_03478,"Located in the heart of downtown Kansas City, we’re redefining the future of fan engagement and innovative business solu",Graphic Designer,0,0,0.9999602437019348,3.975629806518555e-05,0.7,1,BERT:bert_class_weighted,Class weight
497,emscad_03479,"Vend is looking for some awesome new talent to come join us. You'll be working in an awesome team doing awesome things, ",VP of Channel & Business Development - Europe,0,0,0.9999638199806213,3.618001937866211e-05,0.7,1,BERT:bert_class_weighted,Class weight
498,emscad_03480,"MAC Property Management is dedicated to providing an exemplary living experience, the highest possible quality of servic",HVAC Technician,0,0,0.999923050403595,7.69495964050293e-05,0.7,1,BERT:bert_class_weighted,Class weight
499,emscad_03481,ERG is a business and consumer law firm dedicated to helping its clients navigate the BP Claims Process. Almost every ty,Local Representative,0,0,0.9999187588691711,8.124113082885742e-05,0.7,1,BERT:bert_class_weighted,Class weight
500,emscad_03488,Burns & McBride has been providing quality home service solutions for generations.,Customer Care Representative,0,0,0.999943733215332,5.626678466796875e-05,0.7,1,BERT:bert_class_weighted,Class weight
501,emscad_03493,"Electus believes in long-term relationships with our candidates. We provide a combination of recruiting expertise, data,",Admissions Counselor,0,0,0.9999310374259949,6.896257400512695e-05,0.7,1,BERT:bert_class_weighted,Class weight
502,emscad_03500,Applied Memetics LLC is a professional services company dedicated to integrating and delivering best practice communicat,ENG Services Operator,0,0,0.9999403357505798,5.9664249420166016e-05,0.7,1,BERT:bert_class_weighted,Class weight
503,emscad_03509,"HireHopes is the premier professional services consulting firm that specializes in strategic job search, career adviseme",Territory Sales Manager - Leading Technology,0,0,0.9999481439590454,5.1856040954589844e-05,0.7,1,BERT:bert_class_weighted,Class weight
504,emscad_03517,"Fnatic was founded in 2004 and is an ambitious and highly successful electronic sports team, consisting of players from ",Graphics Designer,0,0,0.9999428391456604,5.716085433959961e-05,0.7,1,BERT:bert_class_weighted,Class weight
505,emscad_03540,Established on the principles that full time education is not for everyone Spectrum Learning is made up of a team of pas,S1 2GH Recruitment Apprenticeship Available Under NAS 16-18 year olds only!,0,0,0.9999533295631409,4.667043685913086e-05,0.7,1,BERT:bert_class_weighted,Class weight
506,emscad_03541,Applied Memetics LLC is a professional services company dedicated to integrating and delivering best practice communicat,"Production Assistant, East Asia Pacific Division Office",0,0,0.9999599456787109,4.00543212890625e-05,0.7,1,BERT:bert_class_weighted,Class weight
507,emscad_03553,Atcom is a world - class software vendor of smart content management products for intelligent interactive media solution,.Net Web Developer,0,0,0.999947726726532,5.227327346801758e-05,0.7,1,BERT:bert_class_weighted,Class weight
508,emscad_03566,"Η DataConsulting , εταιρεία πληροφορικής με ειδίκευση στις Τεχνολογίες Διαδικτύου και στην παροχή Επιχειρησιακού Λογισμι",Web Designer,0,0,0.9999493360519409,5.066394805908203e-05,0.7,1,BERT:bert_class_weighted,Class weight
509,emscad_03567,NFP is a leader in the delivery of benefits solutions for companies of all sizes and in the delivery of life insurance a,Public Relations Supervisor,0,0,0.9999491572380066,5.08427619934082e-05,0.7,1,BERT:bert_class_weighted,Class weight
510,emscad_03577,Applied Memetics LLC is a professional services company dedicated to integrating and delivering best practice communicat,"Webmaster, Mandarin Service",0,0,0.9999465346336365,5.346536636352539e-05,0.7,1,BERT:bert_class_weighted,Class weight
511,emscad_03585,"AREA 17 is an interactive agency. We take an interdisciplinary approach — blending the practices of design, technology a",iPhone / iPad Developer,0,0,0.9999623894691467,3.7610530853271484e-05,0.7,1,BERT:bert_class_weighted,Class weight
512,emscad_03589,Contentful ( #URL_0252efddcbc4b8f51969fca7b054595976ea4678fd880b3653151e618d447b33# ) is an API-first content management,Office Manager,0,0,0.9999613165855408,3.8683414459228516e-05,0.7,1,BERT:bert_class_weighted,Class weight
513,emscad_03592,"Novitex Enterprise Solutions, formerly Pitney Bowes Management Services, delivers innovative document and communications",Customer Service Associate,0,0,0.9999626278877258,3.737211227416992e-05,0.7,1,BERT:bert_class_weighted,Class weight
514,emscad_03593,Welcome to our Careers section. Please review the positions we are currently hiring for and apply to the ones that inter,Senior Android Engineer,0,0,0.9999514818191528,4.851818084716797e-05,0.7,1,BERT:bert_class_weighted,Class weight
515,emscad_03596,"WellAware is an oil field communications and software-as-a-service (SaaS) company based in San Antonio, TX that provides",Network Engineer,0,0,0.9999450445175171,5.4955482482910156e-05,0.7,1,BERT:bert_class_weighted,Class weight
516,emscad_03602,We’ve bitten off one of the greatest online challenges – using social data to improve customer experience – and turned i,QA Software Engineer,0,0,0.999944806098938,5.519390106201172e-05,0.7,1,BERT:bert_class_weighted,Class weight
517,emscad_03605,We Provide Full Time Permanent Positions for many medium to large US companies. We are interested in finding/recruiting ,Mechanical Project Engineers - Designing Piping - MS,0,0,0.9999578595161438,4.214048385620117e-05,0.7,1,BERT:bert_class_weighted,Class weight
518,emscad_03607,The Application Developer supports business process through technology solutions. The purpose of the role is to develop ,Application Developer,0,0,0.9999513030052185,4.869699478149414e-05,0.7,1,BERT:bert_class_weighted,Class weight
519,emscad_03608,"For more than a decade, we EXIS I.T. provide services & solutions that give our clients competitive advantages. We close",Software Engineer - Strong in JavaScript,0,0,0.999933660030365,6.633996963500977e-05,0.7,1,BERT:bert_class_weighted,Class weight
520,emscad_03626,"Argenta Field Solutions values the client, creates income streams for them through our sales mechanism and focuses on qu","Sales, Assistant Manager & Market Manager Positions Available",0,0,0.9999352097511292,6.479024887084961e-05,0.7,1,BERT:bert_class_weighted,Class weight
521,emscad_03635,SLI Systems is a SaaS company revolutionizing the way online retailers do business. SLI works closely with online retail,Customer Success Manager,0,0,0.9999580383300781,4.1961669921875e-05,0.7,1,BERT:bert_class_weighted,Class weight
522,emscad_03638,Massive Media is the social media company behind the successful digital brands #URL_18234f381f5e7b9a9ffdc727cd05c9046edf,Web Developer,0,0,0.9999473094940186,5.269050598144531e-05,0.7,1,BERT:bert_class_weighted,Class weight
523,emscad_03654,"Carlyle Financial is a mortgage bank based in Beverly Hills, CA offering a full range of home loan products. We concentr",Executive Assistant For Rapidly Growing Startup (Temp-to-Perm) - $36K,0,0,0.9999576807022095,4.2319297790527344e-05,0.7,1,BERT:bert_class_weighted,Class weight
524,emscad_03655,About us:,Lead Instructor: iOS Development,0,0,0.9999611973762512,3.88026237487793e-05,0.7,1,BERT:bert_class_weighted,Class weight
525,emscad_03671,Pardon Services Canada is a national legal services company established in 1989.We serve as an advocate for Canadians wi,Inside Sales,0,0,0.999958336353302,4.166364669799805e-05,0.7,1,BERT:bert_class_weighted,Class weight
526,emscad_03676,"Optimal Business Action was created in 2005 in order to provide high quality, personalized HR services to medium and lar",Sales Executive (Spanish Native Speaker),0,0,0.9999640583992004,3.594160079956055e-05,0.7,1,BERT:bert_class_weighted,Class weight
527,emscad_03682,BaaS,Junior Social Media Manager,0,0,0.9999503493309021,4.965066909790039e-05,0.7,1,BERT:bert_class_weighted,Class weight
528,emscad_03686,Applied Memetics LLC is a professional services company dedicated to integrating and delivering best practice communicat,Broadcast Audio Technician,0,0,0.9999197125434875,8.028745651245117e-05,0.7,1,BERT:bert_class_weighted,Class weight
529,emscad_03696,About The Symicor Group:,Commercial Banking Officer C&I Lender,0,0,0.9999507069587708,4.929304122924805e-05,0.7,1,BERT:bert_class_weighted,Class weight
530,emscad_03698,Parker Healthcare IT is looking for a Epic Business Analyst Supervisor that will focus on the support and optimization o,Epic Business Analyst Supervisor,0,0,0.9998923540115356,0.00010764598846435547,0.7,1,BERT:bert_class_weighted,Class weight
531,emscad_03700,"Communication EFFECT is an integrated communication services agency based in Athens, Greece and an Edelman affiliate sin",Junior PR Account Executive,0,0,0.9999623894691467,3.7610530853271484e-05,0.7,1,BERT:bert_class_weighted,Class weight
532,emscad_03712,Title: Service Desk Resource,software development life cycle,1,0,0.999919056892395,8.094310760498047e-05,0.7,0,BERT:bert_class_weighted,Class weight
533,emscad_03713,About ADS Security – Our Proud History in the Security Industry,Entry Level with BBB A+ Company-Training Provided-Leadership Training,0,0,0.9998931884765625,0.0001068115234375,0.7,1,BERT:bert_class_weighted,Class weight
534,emscad_03714,"At SKI USA, we offer creative, professional, skilled web design and development services for both small scale and large ",PHP Programmer,0,0,0.9999558329582214,4.416704177856445e-05,0.7,1,BERT:bert_class_weighted,Class weight
535,emscad_03715,•Founded in 2003,Sr. Windows Server Administrator,0,0,0.9999268651008606,7.31348991394043e-05,0.7,1,BERT:bert_class_weighted,Class weight
536,emscad_03717,"Conversocial is a social customer service software tool for Facebook and Twitter, used by companies including Sephora, G",Sales Development Rep,0,0,0.9999462962150574,5.370378494262695e-05,0.7,1,BERT:bert_class_weighted,Class weight
537,emscad_03730,Mission Statement:,Real Estate Agents,0,0,0.9999141693115234,8.58306884765625e-05,0.7,1,BERT:bert_class_weighted,Class weight
538,emscad_03737,"Emjoyment is a mobile-focused recruitment platform that leverages social signals, interests and location data to bring t","Sales, Marketing, and Biz Ops Associate",0,0,0.999956488609314,4.3511390686035156e-05,0.7,1,BERT:bert_class_weighted,Class weight
539,emscad_03744,One of the companies that I consult for is looking for a service technician to install/repair vacuum stuffers to US comp,Service Technician,0,0,0.9998639822006226,0.0001360177993774414,0.7,1,BERT:bert_class_weighted,Class weight
540,emscad_03750,"Populist Cleaning Co. is an independently owned, full-service commercial cleaning company. Populist has been providing j",Part Time Cleaner- Ann Arbor Area,0,0,0.9999591708183289,4.082918167114258e-05,0.7,1,BERT:bert_class_weighted,Class weight
541,emscad_03753,"Novitex Enterprise Solutions, formerly Pitney Bowes Management Services, delivers innovative document and communications",Customer Service Associate,0,0,0.9999619126319885,3.808736801147461e-05,0.7,1,BERT:bert_class_weighted,Class weight
542,emscad_03755,"ABC Supply Co., Inc. is the nation’s largest wholesale distributor of roofing and one of the largest distributors of sid",Inside Sales Professional,0,0,0.9999493360519409,5.066394805908203e-05,0.7,1,BERT:bert_class_weighted,Class weight
543,emscad_03765,NOW: Pensions is a UK based multi-employer trust serving thousands of employers and hundreds of thousands of employees f,Compliance Officer (potential for part-time),0,0,0.9999533295631409,4.667043685913086e-05,0.7,1,BERT:bert_class_weighted,Class weight
544,emscad_03773,"Certoid is an identity, impersonation and reputation network. The area: Software Engineering Our engineers develop the n",Front End Software Engineer (Junior),0,0,0.9999389052391052,6.109476089477539e-05,0.7,1,BERT:bert_class_weighted,Class weight
545,emscad_03774,"With over 30 years of experience in the industry, Mercer Foods has been providing superior quality freeze dried foods an",Maintenance - Refrigeration Tech,0,0,0.9999377131462097,6.22868537902832e-05,0.7,1,BERT:bert_class_weighted,Class weight
546,emscad_03775,We are looking for passionate individuals who will partner with us and ensure the long-term success of our business and ,Work from Home Executive Income and Lifestyle,0,0,0.9995720386505127,0.0004279613494873047,0.7,1,BERT:bert_class_weighted,Class weight
547,emscad_03776,"We're an emerging technology agency, and we build breakthrough products through user-centered design. We're building a t",Senior User Researcher,0,0,0.9999403357505798,5.9664249420166016e-05,0.7,1,BERT:bert_class_weighted,Class weight
548,emscad_03789,We are looking for passionate individuals who will partner with us and ensure the long-term success of our business and ,Work at Home - Business Owner,0,0,0.9990320205688477,0.0009679794311523438,0.7,1,BERT:bert_class_weighted,Class weight
549,emscad_03804,"As a leading provider of mobile services to the enterprise, GLOBO is pioneering a new era in mobilizing business. Its re",Android Developer,0,0,0.9972591400146484,0.0027408599853515625,0.7,1,BERT:bert_class_weighted,Class weight
550,emscad_03807,MarketInvoice is one of the most high-profile London based fin-tech companies. The Company is Europe’s leading P2P invoi,Business Development Analytics,0,0,0.9999592900276184,4.07099723815918e-05,0.7,1,BERT:bert_class_weighted,Class weight
551,emscad_03809,"Valor Services provides Workforce Solutions that meet the needs of companies across the Private Sector, with a special f",Mechanic - Heavy Equipment,0,0,0.9999527931213379,4.7206878662109375e-05,0.7,1,BERT:bert_class_weighted,Class weight
552,emscad_03810,Applied Memetics LLC is a professional services company dedicated to integrating and delivering best practice communicat,"Producer, Cantonese Language",0,0,0.9999599456787109,4.00543212890625e-05,0.7,1,BERT:bert_class_weighted,Class weight
553,emscad_03812,United Cerebral Palsy of Oregon & SW Washington (UCP) supports adults with all kinds of developmental disabilities (not ,Full-Time Caregiver for a Sweet and Easygoing Woman,0,0,0.9999573230743408,4.267692565917969e-05,0.7,1,BERT:bert_class_weighted,Class weight
554,emscad_03826,Applied Memetics LLC is a professional services company dedicated to integrating and delivering best practice communicat,"Social Media Strategist, Thai Service",0,0,0.9999613165855408,3.8683414459228516e-05,0.7,1,BERT:bert_class_weighted,Class weight
555,emscad_03828,"Edwards Personnel are property recruitment specialists recruiting all positions within estate agency, lettings, property",Property Sales Consultant,0,0,0.9999623894691467,3.7610530853271484e-05,0.7,1,BERT:bert_class_weighted,Class weight
556,emscad_03845,"Valor Services provides Workforce Solutions that meet the needs of companies across the Private Sector, with a special f",Structural Engineer,0,0,0.9999473094940186,5.269050598144531e-05,0.7,1,BERT:bert_class_weighted,Class weight
557,emscad_03855,Applied Memetics LLC is a professional services company dedicated to integrating and delivering best practice communicat,"Video Journalist, Mandarin Service",0,0,0.9999544024467468,4.559755325317383e-05,0.7,1,BERT:bert_class_weighted,Class weight
558,emscad_03860,"Pig Apple, a small Brooklyn-based production company, is looking for a talented animation intern for the summer. We're c",Animation Intern,0,0,0.9999288320541382,7.11679458618164e-05,0.7,1,BERT:bert_class_weighted,Class weight
559,emscad_03862,47Billion is a Product engineering and Experience design company that delivers state-of-the-art solutions. We provide en,Software Engineer,0,0,0.9999604225158691,3.9577484130859375e-05,0.7,1,BERT:bert_class_weighted,Class weight
560,emscad_03863,"Job Title: PROJECT MANAGER Job Location: MIDDLETOWN,NJ 07748 Duration: EXPECTED TO BE 06 MONTHS CONTRACT Positions: 3 (R",Project Manager,0,0,0.9995899200439453,0.0004100799560546875,0.7,1,BERT:bert_class_weighted,Class weight
561,emscad_03864,"MAC Property Management is dedicated to providing an exemplary living experience, the highest possible quality of servic",Carpenter,0,0,0.9999386668205261,6.133317947387695e-05,0.7,1,BERT:bert_class_weighted,Class weight
562,emscad_03870,Applied Memetics LLC is a professional services company dedicated to integrating and delivering best practice communicat,"TV Video Editor II, Broadcast Operations Division",0,0,0.9999563694000244,4.363059997558594e-05,0.7,1,BERT:bert_class_weighted,Class weight
563,emscad_03875,"Demo Duck builds handcrafted explainer videos for startups and online businesses. We specialize in videos that sell, tea",Marketing Manager,0,0,0.9999475479125977,5.245208740234375e-05,0.7,1,BERT:bert_class_weighted,Class weight
564,emscad_03880,"As a Senior Developer at Hoiio, you will be critical to the success of our company, as a key member of our small and fri",Senior Java Developer,0,0,0.9997584819793701,0.0002415180206298828,0.7,1,BERT:bert_class_weighted,Class weight
565,emscad_03885,MarketInvoice is one of the most high-profile London based fin-tech companies. The Company is Europe’s leading P2P invoi,Content Marketer,0,0,0.9999605417251587,3.9458274841308594e-05,0.7,1,BERT:bert_class_weighted,Class weight
566,emscad_03889,We believe cities are complicated. And your mobile device should save you from the everyday challenges of living in them,Content Marketing,0,0,0.9999575018882751,4.2498111724853516e-05,0.7,1,BERT:bert_class_weighted,Class weight
567,emscad_03892,Applied Memetics LLC is a professional services company dedicated to integrating and delivering best practice communicat,"Writer, English Language Web Programming",0,0,0.9999497532844543,5.02467155456543e-05,0.7,1,BERT:bert_class_weighted,Class weight
568,emscad_03908,ABOUT VERTO Verto Partners is a premier corporate performance acceleration firm that works with middle market companies ,Inside Sales Representative,0,0,0.999950110912323,4.988908767700195e-05,0.7,1,BERT:bert_class_weighted,Class weight
569,emscad_03912,Citymart helps cities to transform their communities by strengthening their innovation capacity and sharing inspiring so,Researcher (Innovation in Cities),0,0,0.9999430775642395,5.692243576049805e-05,0.7,1,BERT:bert_class_weighted,Class weight
570,emscad_03920,"Intercom ( #URL_cb674f93cbcd215a3a0a57a8615a565545949eead8adbbc73307c26d6a6af81b# ) is a simple, personal messaging serv",Visual Designer (San Francisco or Dublin),0,0,0.9999610185623169,3.898143768310547e-05,0.7,1,BERT:bert_class_weighted,Class weight
571,emscad_03925,"The position encompasses sales engineering, integration engineering and on-call customer support responsibilities. Respo",McAfee Technology Security Specialist,0,0,0.9999324083328247,6.759166717529297e-05,0.7,1,BERT:bert_class_weighted,Class weight
572,emscad_03928,Pandoo TEK’s mission is to turn innovative ideas into solutions by developing the technologies to support them. Pandoo T,Marketing Officer,0,0,0.9999107718467712,8.922815322875977e-05,0.7,1,BERT:bert_class_weighted,Class weight
573,emscad_03937,"Valor Services provides Workforce Solutions that meet the needs of companies across the Private Sector, with a special f",Oilfield Work,0,0,0.9999456405639648,5.435943603515625e-05,0.7,1,BERT:bert_class_weighted,Class weight
574,emscad_03940,Applied Memetics LLC is a professional services company dedicated to integrating and delivering best practice communicat,"International Broadcaster, Tigrigna Language",0,0,0.9999536871910095,4.6312808990478516e-05,0.7,1,BERT:bert_class_weighted,Class weight
575,emscad_03941,"We're Food52, and we've created a groundbreaking and award-winning cooking site. We support, connect, and celebrate home",Director of Growth Marketing,0,0,0.9999586939811707,4.13060188293457e-05,0.7,1,BERT:bert_class_weighted,Class weight
576,emscad_03961,"SAP HR consultant with proficiency in PA, OM, Benefits, ESS & MSS, eRecruiting modules. ·Experience in requirements gath",SAP HR Functional Consultant,0,0,0.9976539611816406,0.002346038818359375,0.7,1,BERT:bert_class_weighted,Class weight
577,emscad_03968,As a Data Scientist you will work with multiple data sets including client data (predominantly web analytics) and our ow,Data Scientist,0,0,0.9999430775642395,5.692243576049805e-05,0.7,1,BERT:bert_class_weighted,Class weight
578,emscad_03970,hello world,Passionate Frontend Developer (m/w),0,0,0.9999452233314514,5.4776668548583984e-05,0.7,1,BERT:bert_class_weighted,Class weight
579,emscad_03971,Envision Consulting conducts retained searches for nonprofit clients seeking to expand and enhance their mission through,Associate Executive Director,0,0,0.999887228012085,0.00011277198791503906,0.7,1,BERT:bert_class_weighted,Class weight
580,emscad_03984,CallCentre People Recruitment is recognised as being specialists within the CallCentre industry.,Outbound Telemarketing - Charity,0,0,0.9999511241912842,4.887580871582031e-05,0.7,1,BERT:bert_class_weighted,Class weight
581,emscad_03995,Mindworks interactive is one of the fastest growing Digital Agencies and the leading Performance Marketing Agency in Gre,Senior Web Analyst (Digital Marketing),0,0,0.9999572038650513,4.279613494873047e-05,0.7,1,BERT:bert_class_weighted,Class weight
582,emscad_04001,hello world,Web Engineer,0,0,0.9999473094940186,5.269050598144531e-05,0.7,1,BERT:bert_class_weighted,Class weight
583,emscad_04003,About Stylistpick,Head of Online Marketing,0,0,0.9999650716781616,3.4928321838378906e-05,0.7,1,BERT:bert_class_weighted,Class weight
584,emscad_04005,Position Summary:,Administrative Assistant,1,1,0.001953125,0.998046875,0.7,1,BERT:bert_class_weighted,Class weight
585,emscad_04019,"Linkwise is the leading affiliate network in S.E. Europe. Launched in 2008, it has since been at the forefront of the Af",Affiliate Manager,0,0,0.9999635219573975,3.647804260253906e-05,0.7,1,BERT:bert_class_weighted,Class weight
586,emscad_04024,"Maintains receiving, warehousing, and distribution operations by initiating, coordinating, and enforcing program, operat",Logistics Warehouse Manager,0,0,0.9998956918716431,0.0001043081283569336,0.7,1,BERT:bert_class_weighted,Class weight
587,emscad_04026,"Critical Nurse Staffing, Inc. is enrolled with the U.S Department of Labor to provide nursing care to the former defense","Home Health CNA- Kennewick, WA",0,0,0.9999547600746155,4.5239925384521484e-05,0.7,1,BERT:bert_class_weighted,Class weight
588,emscad_04028,"S5 is the first range of certified organic cosmeceuticals, designed for skin concerns like blemishes, sensitivity, dryne",Senior Luxury Beauty Salesperson,0,0,0.9999430775642395,5.692243576049805e-05,0.7,1,BERT:bert_class_weighted,Class weight
589,emscad_04030,"You're a skilled developer. You build, release, improve and grow every day. Out there are numerous challenges for you to",PHP Developer,0,0,0.9998911023139954,0.00010889768600463867,0.7,1,BERT:bert_class_weighted,Class weight
590,emscad_04031,"We build software for fashion retailers, to help them make the right commercial decisions about what to sell, and how to",Strategic Account Director - San Francisco,0,0,0.9999646544456482,3.534555435180664e-05,0.7,1,BERT:bert_class_weighted,Class weight
591,emscad_04035,"Babbel enables anyone to learn languages in an easy and interactive way. The learning system offers 13 languages, from E",Freelance Translators (m/f) from Danish and German into English,0,0,0.9999623894691467,3.7610530853271484e-05,0.7,1,BERT:bert_class_weighted,Class weight
592,emscad_04039,"VeriPic is a leading supplier of enterprise photo and evidence management software to Law Enforcement Agencies, Military",Regional Account Manager,0,0,0.9999430775642395,5.692243576049805e-05,0.7,1,BERT:bert_class_weighted,Class weight
593,emscad_04046,We are a visual technology startup pioneering powerful immersive experiences for next generation wearable displays. Cond,Executive Producer,0,0,0.9999487400054932,5.125999450683594e-05,0.7,1,BERT:bert_class_weighted,Class weight
594,emscad_04059,Applied Memetics LLC is a professional services company dedicated to integrating and delivering best practice communicat,"Social Media Strategist, Khmer Service",0,0,0.9999623894691467,3.7610530853271484e-05,0.7,1,BERT:bert_class_weighted,Class weight
595,emscad_04066,Description of Responsibilities:,Business and Data Analyst,0,0,0.9957122802734375,0.0042877197265625,0.7,1,BERT:bert_class_weighted,Class weight
596,emscad_04074,Senior Nannies Home Care Services was founded nearly a decade ago by Claudia Wechter with the goal of providing the best,Certified Nursing Assistant,0,0,0.9999589920043945,4.100799560546875e-05,0.7,1,BERT:bert_class_weighted,Class weight
597,emscad_04077,"For over 15 years, CaseNEX has been a leader in the education technology industry and continues to provide flexible and ",Front End Software Developer,0,0,0.9998365640640259,0.0001634359359741211,0.7,1,BERT:bert_class_weighted,Class weight
598,emscad_04085,Job Description :,Director Surveillance & Investigation Epidemiology Resource Center,0,0,0.9998103380203247,0.00018966197967529297,0.7,1,BERT:bert_class_weighted,Class weight
599,emscad_04097,"Mashape is the largest, most trafficked API marketplace/hub in the world.",Hero Developer Evangelist,0,0,0.9999538660049438,4.6133995056152344e-05,0.7,1,BERT:bert_class_weighted,Class weight
600,emscad_04099,iOS developer to join ZuluTrade's Web team and use his/her talents for handling new and old iOS platform projects workin,iOS Developer,0,0,0.9999271631240845,7.283687591552734e-05,0.7,1,BERT:bert_class_weighted,Class weight
601,emscad_04100,The Albany Charter School Network is a family of charter schools in the City of Albany that works to prepare children fo,Middle School Science Teacher,0,0,0.999950110912323,4.988908767700195e-05,0.7,1,BERT:bert_class_weighted,Class weight
602,emscad_04124,"Novitex Enterprise Solutions, formerly Pitney Bowes Management Services, delivers innovative document and communications",Customer Service Associate - Part Time,0,0,0.9999623894691467,3.7610530853271484e-05,0.7,1,BERT:bert_class_weighted,Class weight
603,emscad_04130,We’re always looking for highly motivated “founder-types” to join us as we grow. Here’s what you need to know.,Executive Assistant,0,0,0.99990314245224,9.685754776000977e-05,0.7,1,BERT:bert_class_weighted,Class weight
604,emscad_04131,Roland & Associates is a Corporate Recruitment Organization providing solutions to Global MNC’s for the past 12 years.,Principal Product Applications Engineer ( FCoE ),0,0,0.999938428401947,6.157159805297852e-05,0.7,1,BERT:bert_class_weighted,Class weight
605,emscad_04139,"Aclima is an early-stage company based in San Francisco that designs and deploys distributed, large-scale sensor network",Frontend Engineer,0,0,0.9999622106552124,3.7789344787597656e-05,0.7,1,BERT:bert_class_weighted,Class weight
606,emscad_04157,"SummaView is een jong bedrijf uit Amersfoort die mensen, kennis en software levert ophet snijvlak van controlling en Bus",OUD: Top stage Junior Product Manager in Amersfoort 1,0,0,0.9999531507492065,4.684925079345703e-05,0.7,1,BERT:bert_class_weighted,Class weight
607,emscad_04158,Can data be a thing of beauty? We think so.,Sales Associate,0,0,0.9999568462371826,4.315376281738281e-05,0.7,1,BERT:bert_class_weighted,Class weight
608,emscad_04163,Mailjet is a market leading Email Service Provider with over 25 000 clients and rapidly expanding across Europe and abro,Global Head of Developer Evangelism,0,0,0.999961793422699,3.820657730102539e-05,0.7,1,BERT:bert_class_weighted,Class weight
609,emscad_04164,Inspire Fundraising Solutions is one of Canada's fastest-growing fundraising call centre's helping to provide a warm and,Fundraising Agent ($14/hr w Benefits),0,0,0.9999443888664246,5.561113357543945e-05,0.7,1,BERT:bert_class_weighted,Class weight
610,emscad_04201,"Looking for someone that can install safes, which can sometimes be bolted in to the floor or put into the wall.",Skilled Safe Installer & Mover,0,0,0.9994673728942871,0.0005326271057128906,0.7,1,BERT:bert_class_weighted,Class weight
611,emscad_04210,"PINT is a leader in the web industry with 20 years of web design, software development and consulting experience. PINT's",Web Developer - JavaScript | PHP,0,0,0.9999547600746155,4.5239925384521484e-05,0.7,1,BERT:bert_class_weighted,Class weight
612,emscad_04221,The best word to describe PCP’s culture is PRIDE. Pride in our company. Pride in our job. And pride in our relationships,Court Runner,0,0,0.9999305009841919,6.949901580810547e-05,0.7,1,BERT:bert_class_weighted,Class weight
613,emscad_04222,Addon Technologies is a professional IT services company. We have been assisting clients in finding simple and timely so,Only GC or US Citizens// .Net Developer,0,0,0.9999331831932068,6.681680679321289e-05,0.7,1,BERT:bert_class_weighted,Class weight
614,emscad_04230,"Founded by top technical experts, Arithmica is a Software Development and Services company focussed on delivering the hi",Senior Endeca SME/Project Manager,0,0,0.9999412298202515,5.8770179748535156e-05,0.7,1,BERT:bert_class_weighted,Class weight
615,emscad_04231,Ciao! Welcome to Big Italian Meatball! We are a local Italian quick service restaurant that provides delicious Italian s,Operations Associate (PT),0,0,0.9999469518661499,5.3048133850097656e-05,0.7,1,BERT:bert_class_weighted,Class weight
616,emscad_04235,"Based in Hoxton, London, Forward Partners are a “startup catalyst”, combining investment with practical hands-on experti",Software Engineer,0,0,0.9999570250511169,4.297494888305664e-05,0.7,1,BERT:bert_class_weighted,Class weight
617,emscad_04245,The Global eCommerce & Digital Manager will be responsible for:,"Manager, Global eCommerce & Digital Marketing",0,0,0.9999552965164185,4.470348358154297e-05,0.7,1,BERT:bert_class_weighted,Class weight
618,emscad_04246,Capoo provide talent consultancy for fast growth digital & tech companies. We are passionate about changing the way in w,Web Designer (Front End Developer),0,0,0.9999508857727051,4.9114227294921875e-05,0.7,1,BERT:bert_class_weighted,Class weight
619,emscad_04247,"Quality accommodations, exceptional service, memorable destinations, Beck Company Hotels has been committed to excellenc",Hotel Maintenance Tech,0,0,0.9994125366210938,0.00058746337890625,0.7,1,BERT:bert_class_weighted,Class weight
620,emscad_04256,"We're artists, thinkers, and doers in an open, collaborative, and challenging environment. We love to work our hearts ou",Director/VP of Product Development,0,0,0.9999164938926697,8.350610733032227e-05,0.7,1,BERT:bert_class_weighted,Class weight
621,emscad_04267,"Since 2005, American Secured Benefits, a leading financial planning and insurance brokerage company, has helped thousand",Customer Service Representative,1,1,0.00048828125,0.99951171875,0.7,1,BERT:bert_class_weighted,Class weight
622,emscad_04275,"ClarusApex is an international recruiting company with representations in the Netherlands, Austria, Ukraine, Cyprus and ",Front Desk Agent in Arumaila boutique-hotel,0,0,0.9999513030052185,4.869699478149414e-05,0.7,1,BERT:bert_class_weighted,Class weight
623,emscad_04279,Established on the principles that full time education is not for everyone Spectrum Learning is made up of a team of pas,WF17 6LN Apprentice Management Support Assistant,0,0,0.9999514818191528,4.851818084716797e-05,0.7,1,BERT:bert_class_weighted,Class weight
624,emscad_04283,"TapHunter ( #URL_95b1bf876c79465b7a563292438e8293a651920b605b528509c8d4c14bfc174e# ) provides bars, restaurants, bottle ",TapHunter Intern Leadership Program,0,0,0.9999585151672363,4.1484832763671875e-05,0.7,1,BERT:bert_class_weighted,Class weight
625,emscad_04288,"Valor Services provides Workforce Solutions that meet the needs of companies across the Private Sector, with a special f",Frac Supervisor,0,0,0.999929666519165,7.033348083496094e-05,0.7,1,BERT:bert_class_weighted,Class weight
626,emscad_04290,El Clasificado’s initial mission was to provide Spanish content and Hispanic Advertising to Latino Families when the pub,"Advertising Consultant, Riverside",0,0,0.9999487400054932,5.125999450683594e-05,0.7,1,BERT:bert_class_weighted,Class weight
627,emscad_04294,"Casafina is a new shopping destination for your home. Each day new sales go live at 7am and last for 72 hours, featuring",Junior Buyer,0,0,0.9999526143074036,4.738569259643555e-05,0.7,1,BERT:bert_class_weighted,Class weight
628,emscad_04305,Applied Memetics LLC is a professional services company dedicated to integrating and delivering best practice communicat,"Producer, Indonesian Service",0,0,0.9999629259109497,3.707408905029297e-05,0.7,1,BERT:bert_class_weighted,Class weight
629,emscad_04306,"GPL Technologies is a solutions provider focused on the design, implementation, and support of high-performance informat",Business Development Associate,0,0,0.9999619126319885,3.808736801147461e-05,0.7,1,BERT:bert_class_weighted,Class weight
630,emscad_04307,"Aquira help businesses sell more. Lots more. We do this through a range of tailored direct marketing services, high qual",Sales Advisor (Energy),0,0,0.9999570250511169,4.297494888305664e-05,0.7,1,BERT:bert_class_weighted,Class weight
631,emscad_04315,"We are Netguru and we love to develop web application based on Ruby On Rails framework. We value quality, transparent co",Programista Flash / FLEX,0,0,0.9999489784240723,5.1021575927734375e-05,0.7,1,BERT:bert_class_weighted,Class weight
632,emscad_04322,i28 Technologies has demonstrated expertise in areas strategic to different business in varying verticals. I28 Technolog,SAP Data Migration,0,0,0.9999423623085022,5.7637691497802734e-05,0.7,1,BERT:bert_class_weighted,Class weight
633,emscad_04335,Apps for Good ( #URL_937118d268463f038aabd860063eb978f7ad6c0a78ed8e595e39bfa1de380e90# ) is an award-winning technology ,Junior Editor,0,0,0.9999594688415527,4.0531158447265625e-05,0.7,1,BERT:bert_class_weighted,Class weight
634,emscad_04341,Applied Memetics LLC is a professional services company dedicated to integrating and delivering best practice communicat,"Producer, Sango Language",0,0,0.9999443888664246,5.561113357543945e-05,0.7,1,BERT:bert_class_weighted,Class weight
635,emscad_04360,"Engagor is a venture backed startup founded in 2011, with offices in San Francisco and Belgium, Europe. Engagor is real-",Business Development Representative US,0,0,0.9999620914459229,3.790855407714844e-05,0.7,1,BERT:bert_class_weighted,Class weight
636,emscad_04363,UFN is a dynamic start-up founded in 2008 that specializes in providing strategically designed e-commerce websites and o,Web Designer,0,0,0.999958336353302,4.166364669799805e-05,0.7,1,BERT:bert_class_weighted,Class weight
637,emscad_04366,Applied Memetics LLC is a professional services company dedicated to integrating and delivering best practice communicat,"Video Journalist, Persian Language",0,0,0.9999600648880005,3.993511199951172e-05,0.7,1,BERT:bert_class_weighted,Class weight
638,emscad_04386,"At Hayes-Corp, we create the fun stuff. With a focus on software development for mobile platforms, we are constantly loo",Tech Operations & Data Input Operations Assistant,0,0,0.9999475479125977,5.245208740234375e-05,0.7,1,BERT:bert_class_weighted,Class weight
639,emscad_04388,•Founded in 2003,Enterprise Architect,0,0,0.999929666519165,7.033348083496094e-05,0.7,1,BERT:bert_class_weighted,Class weight
640,emscad_04396,"Aquira help businesses sell more. Lots more. We do this through a range of tailored direct marketing services, high qual",Sales Training Manager,0,0,0.9999592900276184,4.07099723815918e-05,0.7,1,BERT:bert_class_weighted,Class weight
641,emscad_04410,i28 Technologies has demonstrated expertise in areas strategic to different business in varying verticals. I28 Technolog,Desktop / Windows 7 Engineer,0,0,0.9999004602432251,9.953975677490234e-05,0.7,1,BERT:bert_class_weighted,Class weight
642,emscad_04415,"Peak Games is the largest and fastest-growing gaming company focused on the emerging markets of Turkey, Middle East and ","Software Engineer, Android",0,0,0.9999485611915588,5.143880844116211e-05,0.7,1,BERT:bert_class_weighted,Class weight
643,emscad_04418,RESPONSIBILITIES,Personal Assistant,0,0,0.9285888671875,0.0714111328125,0.7,1,BERT:bert_class_weighted,Class weight
644,emscad_04423,"Solid company with great management team, potential for growth!",Systems Administrator,0,0,0.9997439384460449,0.0002560615539550781,0.7,1,BERT:bert_class_weighted,Class weight
645,emscad_04433,"MAP Digital: MetaMeetings is a digital events agency. We elevate participants experience onsite and on the Web, enhance ",Systems Engineer,0,0,0.9999573230743408,4.267692565917969e-05,0.7,1,BERT:bert_class_weighted,Class weight
646,emscad_04448,"Vend is looking for some awesome new talent to come join us. You'll be working in an awesome team doing awesome things, ",I want to be a Postgrad Intern at Vend!,0,0,0.9999602437019348,3.975629806518555e-05,0.7,1,BERT:bert_class_weighted,Class weight
647,emscad_04452,"Soal Technologies, LLC. is a full service information technology development and consulting firm. We work with our clien",Integration Developer,0,0,0.999940812587738,5.918741226196289e-05,0.7,1,BERT:bert_class_weighted,Class weight
648,emscad_04453,Why CSD?,New York Communication Assistant,0,0,0.9999456405639648,5.435943603515625e-05,0.7,1,BERT:bert_class_weighted,Class weight
649,emscad_04461,"Quantate provide IT solutions and advisory services in the disciplines of enterprise risk, compliance and project risk m",UI/UX Front End Web Developer,0,0,0.999956488609314,4.3511390686035156e-05,0.7,1,BERT:bert_class_weighted,Class weight
650,emscad_04491,Are you a people person and want more than just a job?,Chiropractic Office Assistant,0,0,0.9999285936355591,7.140636444091797e-05,0.7,1,BERT:bert_class_weighted,Class weight
651,emscad_04507,Applied Memetics LLC is a professional services company dedicated to integrating and delivering best practice communicat,"Graphic Artist, Creative Services Division (English)",0,0,0.9999545812606812,4.5418739318847656e-05,0.7,1,BERT:bert_class_weighted,Class weight
652,emscad_04513,Make the Connection is seeking veterans for a 45 minute taped interview about resources veterans used to improve their w,45 min Veteran Interview - $100 gift card,0,0,0.9999039173126221,9.608268737792969e-05,0.7,1,BERT:bert_class_weighted,Class weight
653,emscad_04514,ding* is the world’s largest top-up provider. Created to help people working abroad to support and keep in touch with lo,Graduate Support Desk Supremo,0,0,0.999963641166687,3.635883331298828e-05,0.7,1,BERT:bert_class_weighted,Class weight
654,emscad_04518,"QB Medical, Inc. is a growing medical supply distributor. We specialize in medical product sales to the federal governme",Soucing Specialist,0,0,0.9999379515647888,6.204843521118164e-05,0.7,1,BERT:bert_class_weighted,Class weight
655,emscad_04525,Growth Intelligence is a pioneer of nowcasting: tracking the finances of millions of companies at the same time using re,Senior Developer at Growth Intelligence,0,0,0.9999507069587708,4.929304122924805e-05,0.7,1,BERT:bert_class_weighted,Class weight
656,emscad_04527,Contentful (#URL_0252efddcbc4b8f51969fca7b054595976ea4678fd880b3653151e618d447b33#) is an API-first content management p,Infrastructure Developer (Ruby / node.js / Erlang),0,0,0.9999588131904602,4.118680953979492e-05,0.7,1,BERT:bert_class_weighted,Class weight
657,emscad_04530,"Daily Secret is one of the fastest growing digital media brand for premium audiences around the world, serving 1.8 milli",Editorial Production Assistant,0,0,0.9999514818191528,4.851818084716797e-05,0.7,1,BERT:bert_class_weighted,Class weight
658,emscad_04535,"We're Food52, and we've created a groundbreaking and award-winning cooking site. We support, connect, and celebrate home",Audience Development Intern,0,0,0.999960720539093,3.927946090698242e-05,0.7,1,BERT:bert_class_weighted,Class weight
659,emscad_04542,"Novitex Enterprise Solutions, formerly Pitney Bowes Management Services, delivers innovative document and communications",Lobby Ambassador,0,0,0.9999629259109497,3.707408905029297e-05,0.7,1,BERT:bert_class_weighted,Class weight
660,emscad_04544,"GPL Technologies is a solutions provider focused on the design, implementation, and support of high-performance informat",Systems Engineer - NYC,0,0,0.9999642372131348,3.5762786865234375e-05,0.7,1,BERT:bert_class_weighted,Class weight
661,emscad_04563,StartupTAP is not a conventional recruiting agency. We're true Talent Acquisition Partners.,Account Executive - Boston,0,0,0.9999608397483826,3.916025161743164e-05,0.7,1,BERT:bert_class_weighted,Class weight
662,emscad_04570,"SME/Strategist with previous consulting experience to help clients understand business problems, provide relevant functi",Alternative payment Advisor,0,0,0.9998639822006226,0.0001360177993774414,0.7,1,BERT:bert_class_weighted,Class weight
663,emscad_04573,Job Vacancy: caretakers,CARETAKER COUPLE LIVE IN,0,0,0.9997398853302002,0.0002601146697998047,0.7,1,BERT:bert_class_weighted,Class weight
664,emscad_04574,Our company is building the next generation of video-on-demand (VOD) in Europe and we are currently looking for the next,"Project Manager, OVP Delivery",0,0,0.999958336353302,4.166364669799805e-05,0.7,1,BERT:bert_class_weighted,Class weight
665,emscad_04579,"The Accion story began more than 100 years ago in the Austin,Tx with one family owned establishment. Today, Accion has g",Service Associate,1,1,0.0,1.0,0.7,1,BERT:bert_class_weighted,Class weight
666,emscad_04584,#URL_3bd5deb27e3f065dd0b56f7a19abc37844def5d3ee69f357920cb1fe39fa8733# are the market leader in the UK car buying and re,Senior Software Tester,0,0,0.9999536871910095,4.6312808990478516e-05,0.7,1,BERT:bert_class_weighted,Class weight
667,emscad_04586,"We are a startup digital agency that is “helping companies make money online” by specializing in AdWords, Analytics and ",Data Analyst,0,0,0.9999586939811707,4.13060188293457e-05,0.7,1,BERT:bert_class_weighted,Class weight
668,emscad_04600,"The Accion story began more than 100 years ago in the Austin,Tx with one family owned establishment. Today, Accion has g",Mortgage Customer Service Coordinator (Call Center),1,1,0.0,1.0,0.7,1,BERT:bert_class_weighted,Class weight
669,emscad_04605,"At MAM, we are passionate about changing the culture of the mental health industry. We seek to de-fragment care, utilize",Psychiatric Nurse Practitioner,0,0,0.9999540448188782,4.595518112182617e-05,0.7,1,BERT:bert_class_weighted,Class weight
670,emscad_04608,"The Accion story began more than 100 years ago in the Austin,Tx with one family owned establishment. Today, Accion has g",CALL CENTER REP,1,1,0.0,1.0,0.7,1,BERT:bert_class_weighted,Class weight
671,emscad_04611,"It's fun to work in a company where people truly believe in what they're doing. At Workday, we're committed to bringing ",Product Manager,0,0,0.999923050403595,7.69495964050293e-05,0.7,1,BERT:bert_class_weighted,Class weight
672,emscad_04615,Hi!,Project Manager,0,0,0.9998601675033569,0.0001398324966430664,0.7,1,BERT:bert_class_weighted,Class weight
673,emscad_04619,"We're Food52, and we've created a groundbreaking and award-winning cooking site. We support, connect, and celebrate home",Part-Time Provisions Sourcing Associate,0,0,0.9999421834945679,5.7816505432128906e-05,0.7,1,BERT:bert_class_weighted,Class weight
674,emscad_04626,"Makielab is a thriving toys and games start up, based in London, UK. Our team invented the world's first fully customisa",Mid/Senior Developer,0,0,0.999943733215332,5.626678466796875e-05,0.7,1,BERT:bert_class_weighted,Class weight
675,emscad_04638,#URL_3bd5deb27e3f065dd0b56f7a19abc37844def5d3ee69f357920cb1fe39fa8733# are the market leader in the UK car buying and re,Retail Branch Manager - Dual Site,0,0,0.9999585151672363,4.1484832763671875e-05,0.7,1,BERT:bert_class_weighted,Class weight
676,emscad_04640,Applied Memetics LLC is a professional services company dedicated to integrating and delivering best practice communicat,French Producer,0,0,0.9999581575393677,4.184246063232422e-05,0.7,1,BERT:bert_class_weighted,Class weight
677,emscad_04648,Applied Memetics LLC is a professional services company dedicated to integrating and delivering best practice communicat,"Program Host, Hausa Language",0,0,0.9999643564224243,3.5643577575683594e-05,0.7,1,BERT:bert_class_weighted,Class weight
678,emscad_04673,Joint venture real estate investments with individual partners through a variety of different structures including: equi,Operations/ Admin Supervisor / Awesome Person Wanted ASAP!,0,0,0.9999434947967529,5.650520324707031e-05,0.7,1,BERT:bert_class_weighted,Class weight
679,emscad_04686,Outstanding Member Service Starts With Outstanding People,Call Center Representative,0,0,0.9999417066574097,5.829334259033203e-05,0.7,1,BERT:bert_class_weighted,Class weight
680,emscad_04691,"We build software for fashion retailers, to help them make the right commercial decisions about what to sell, and how to",Designer / Developer (Hybrid),0,0,0.9999570250511169,4.297494888305664e-05,0.7,1,BERT:bert_class_weighted,Class weight
681,emscad_04714,Pardon Services Canada is a national legal services company established in 1989.We serve as an advocate for Canadians wi,Business Development Specialist,0,0,0.9999570250511169,4.297494888305664e-05,0.7,1,BERT:bert_class_weighted,Class weight
682,emscad_04727,UX Designer,UX Designer,0,0,0.9998633861541748,0.0001366138458251953,0.7,1,BERT:bert_class_weighted,Class weight
683,emscad_04732,The Media buyer has as main targets to help the implementation of the Media campaigns of the different OPAP products. Th,Media Buyer,0,0,0.9999489784240723,5.1021575927734375e-05,0.7,1,BERT:bert_class_weighted,Class weight
684,emscad_04733,Our Company,Devops,0,0,0.9999628067016602,3.719329833984375e-05,0.7,1,BERT:bert_class_weighted,Class weight
685,emscad_04734,"We’ve built revolutionary technology that is changing the way people get around cities. Using Via, a luxury ride booked ",Office Manager,0,0,0.9999608397483826,3.916025161743164e-05,0.7,1,BERT:bert_class_weighted,Class weight
686,emscad_04736,Adthena is the UK’s leading competitive intelligence service for Google search advertisers. Adthena is loved by major br,Big Data Technologies - Snr Dev,0,0,0.9999644756317139,3.552436828613281e-05,0.7,1,BERT:bert_class_weighted,Class weight
687,emscad_04737,"We are expanding our team to help with the smooth running of DeskLodge. We need somebody who is able to work Monday, Thu",Assistant Centre Manager,0,0,0.9996788501739502,0.0003211498260498047,0.7,1,BERT:bert_class_weighted,Class weight
688,emscad_04754,** ONLY US CITIZENS OR GREEN CARD HOLDERS APPLY ** ** THIS IS A CORP TO CORP POSITION **,.NET/C# Developer,0,0,0.9998300075531006,0.00016999244689941406,0.7,1,BERT:bert_class_weighted,Class weight
689,emscad_04756,Capoo provide talent consultancy for fast growth digital & tech companies. We are passionate about changing the way in w,System Administrator,0,0,0.9999572038650513,4.279613494873047e-05,0.7,1,BERT:bert_class_weighted,Class weight
690,emscad_04757,"As a Security Response Engineer you manage the center of the action – directly interfacing with customers, controlling a",Security Response Engineer,0,0,0.9998923540115356,0.00010764598846435547,0.7,1,BERT:bert_class_weighted,Class weight
691,emscad_04763,We believe cities are complicated. And your mobile device should save you from the everyday challenges of living in them,Community Management / User Support,0,0,0.9999508857727051,4.9114227294921875e-05,0.7,1,BERT:bert_class_weighted,Class weight
692,emscad_04769,"Valor Services provides Workforce Solutions that meet the needs of companies across the Private Sector, with a special f",Pharmacist,0,0,0.9999511241912842,4.887580871582031e-05,0.7,1,BERT:bert_class_weighted,Class weight
693,emscad_04788,"We're Food52, and we've created a groundbreaking and award-winning cooking site. We support, connect, and celebrate home",Part-Time Bookkeeper,0,0,0.999963641166687,3.635883331298828e-05,0.7,1,BERT:bert_class_weighted,Class weight
694,emscad_04791,Roland & Associates is a Corporate Recruitment Organization providing solutions to Global MNC’s for the past 12 years.,Senior ASP.NET Web Developer,0,0,0.9999426007270813,5.739927291870117e-05,0.7,1,BERT:bert_class_weighted,Class weight
695,emscad_04800,Work with Team Ookla,Web Developer,0,0,0.9999148845672607,8.511543273925781e-05,0.7,1,BERT:bert_class_weighted,Class weight
696,emscad_04809,"AREA 17 is an interactive agency. We take an interdisciplinary approach — blending the practices of design, technology a",Quality & Support Manager,0,0,0.9999629259109497,3.707408905029297e-05,0.7,1,BERT:bert_class_weighted,Class weight
697,emscad_04811,We are one of the UK's leading retailers with around 21 million customers visiting our stores each week. We sell high qu,International Graduate,0,0,0.9999586939811707,4.13060188293457e-05,0.7,1,BERT:bert_class_weighted,Class weight
698,emscad_04814,ECG Studio is a process design and visual communication consultancy empowering change makers.,Sr. Business Analyst,0,0,0.9999423623085022,5.7637691497802734e-05,0.7,1,BERT:bert_class_weighted,Class weight
699,emscad_04815,MSQD is a recruitment services agency that is focused on developing effective strategy that delivers cost effective recr,Self-Employed Field Sales Agent,0,0,0.9999556541442871,4.4345855712890625e-05,0.7,1,BERT:bert_class_weighted,Class weight
700,emscad_04824,Viva Online Services is the leading Greek online services website providing online services in various sectors like Trav,Spanish operations rep (x2),0,0,0.9999560117721558,4.398822784423828e-05,0.7,1,BERT:bert_class_weighted,Class weight
701,emscad_04828,"SpotSource Solutions LLC is a Global Human Capital Management Consulting firm headquartered in Miami, Florida. Founded i",Web Developer - ECommerce,0,0,0.9999547600746155,4.5239925384521484e-05,0.7,1,BERT:bert_class_weighted,Class weight
702,emscad_04863,"We design, deploy, and maintain advanced technologies that enable our customers to achieve operational excellence at sub",Sr. Security Developer,0,0,0.9999533295631409,4.667043685913086e-05,0.7,1,BERT:bert_class_weighted,Class weight
703,emscad_04874,"Novitex Enterprise Solutions, formerly Pitney Bowes Management Services, delivers innovative document and communications",Customer Service Associate - Part Time,0,0,0.9999623894691467,3.7610530853271484e-05,0.7,1,BERT:bert_class_weighted,Class weight
704,emscad_04892,"Neusoft America is a division of Neusoft, the largest IT Solutions & Services provider in China with a US presence that ",Android Application Developer,0,0,0.9999414682388306,5.8531761169433594e-05,0.7,1,BERT:bert_class_weighted,Class weight
705,emscad_04905,Massive Media is the social media company behind the successful digital brands #URL_18234f381f5e7b9a9ffdc727cd05c9046edf,IT Support,0,0,0.9999640583992004,3.594160079956055e-05,0.7,1,BERT:bert_class_weighted,Class weight
706,emscad_04921,Essence London is a members lifestyle club – offering bespoke concierge service and proactive assistance to a select few,Lifestyle Consultant,0,0,0.9999499320983887,5.0067901611328125e-05,0.7,1,BERT:bert_class_weighted,Class weight
707,emscad_04939,R Baker (Electrical) Ltd,Marketing and Sales Assistant,0,0,0.9990339279174805,0.0009660720825195312,0.7,1,BERT:bert_class_weighted,Class weight
708,emscad_04942,"We build software for fashion retailers, to help them make the right commercial decisions about what to sell, and how to",Fashion & Retail Market Analyst,0,0,0.9999632239341736,3.6776065826416016e-05,0.7,1,BERT:bert_class_weighted,Class weight
709,emscad_04943,Sales Person Wanted,Sales Consultant,0,0,0.9988622665405273,0.0011377334594726562,0.7,1,BERT:bert_class_weighted,Class weight
710,emscad_04944,"Our team is made of designers, physics wizards, educators, writers, musicians, and illustrators. We work together to bui",Production Designer,0,0,0.9999536871910095,4.6312808990478516e-05,0.7,1,BERT:bert_class_weighted,Class weight
711,emscad_04960,Infrastructure Manager,Infrastructure Manager,0,0,0.9998923540115356,0.00010764598846435547,0.7,1,BERT:bert_class_weighted,Class weight
712,emscad_04968,"Anthony Warren is a Marketing and Advertising consultant. After completing one enlistment as a U.S. Marine at Quantico, ",Military Benefits Advocate,1,1,0.00048828125,0.99951171875,0.7,1,BERT:bert_class_weighted,Class weight
713,emscad_04976,"As one of the nation’s leading compounding pharmacies, we offer patients and healthcare providers access to experts in p","Pharmaceutical Sales (Alexandria, VA)",0,0,0.9999538660049438,4.6133995056152344e-05,0.7,1,BERT:bert_class_weighted,Class weight
714,emscad_04994,Want to build a 21st century financial service?,In-house Recruiter,0,0,0.9999374747276306,6.252527236938477e-05,0.7,1,BERT:bert_class_weighted,Class weight
715,emscad_04999,"Recombine provides clinical genetic testing. CarrierMap, the first product created at Recombine, is the most comprehensi",Product Manager,0,0,0.9999524354934692,4.756450653076172e-05,0.7,1,BERT:bert_class_weighted,Class weight
716,emscad_05003,We help teachers get safe & secure jobs abroad :),English Teacher Overseas,0,0,0.9999558329582214,4.416704177856445e-05,0.7,1,BERT:bert_class_weighted,Class weight
717,emscad_05010,"Novitex Enterprise Solutions, formerly Pitney Bowes Management Services, delivers innovative document and communications",Customer Service Associate - On Call,0,0,0.9999620914459229,3.790855407714844e-05,0.7,1,BERT:bert_class_weighted,Class weight
718,emscad_05032,"Imagine this: you have a job using your Professional Warehouse and Labor skills, where you're empowered to work on your ",Cold Storage Pickers needed $10.00,0,0,0.9974784851074219,0.002521514892578125,0.7,1,BERT:bert_class_weighted,Class weight
719,emscad_05035,Software Engineer,Software Engineer,0,0,0.9998089075088501,0.00019109249114990234,0.7,1,BERT:bert_class_weighted,Class weight
720,emscad_05044,"Argenta Field Solutions values the client, creates income streams for them through our sales mechanism and focuses on qu",Sales Representative with Management Training - AT&T,0,0,0.9999520778656006,4.792213439941406e-05,0.7,1,BERT:bert_class_weighted,Class weight
721,emscad_05058,Massive Media is the social media company behind the successful digital brands #URL_18234f381f5e7b9a9ffdc727cd05c9046edf,Polyvalente medewerkster interne ondersteuning,0,0,0.9999591708183289,4.082918167114258e-05,0.7,1,BERT:bert_class_weighted,Class weight
722,emscad_05071,Volunteers of America is a faith-based human services organization. We are dedicated to helping individuals and families,Maintenance Worker I,0,0,0.999945878982544,5.412101745605469e-05,0.7,1,BERT:bert_class_weighted,Class weight
723,emscad_05074,"Founded in 1866, San Jose Water Company is an investor owned water company headquartered in Silicon Valley and is one of",Junior Engineer/Engineering Technician,1,0,0.9999450445175171,5.4955482482910156e-05,0.7,0,BERT:bert_class_weighted,Class weight
724,emscad_05076,"A Business Analyst (BA) is someone who analyzes the organization and design of businesses, government departments, and n",Business Analyst/Quality Assurance Analyst,0,0,0.9999104142189026,8.958578109741211e-05,0.7,1,BERT:bert_class_weighted,Class weight
725,emscad_05101,"Due to continued growth , we require a Front End Web Developer to join the marketing team based in our Central Offices.",Web Developer,0,0,0.9998780488967896,0.00012195110321044922,0.7,1,BERT:bert_class_weighted,Class weight
726,emscad_05103,"Ginkgotree is changing the way course materials are designed and delivered. We’re ending the reign of overpriced, cookie",Data Processing Developer,0,0,0.9999465346336365,5.346536636352539e-05,0.7,1,BERT:bert_class_weighted,Class weight
727,emscad_05107,Company Sector: Manufacturing Company Type: Large Manufacturing CompanyPosition Title: Manufacturing Manager Salary: Rs.,Manufacturing Manager,0,0,0.9998384714126587,0.0001615285873413086,0.7,1,BERT:bert_class_weighted,Class weight
728,emscad_05117,Job Title :- Business Analyst (Application Development Processes),Business Analyst (Application Development Processes),0,0,0.9999215602874756,7.843971252441406e-05,0.7,1,BERT:bert_class_weighted,Class weight
729,emscad_05120,Volunteers of America is a faith-based human services organization. We are dedicated to helping individuals and families,Shift Supervisor,0,0,0.9999389052391052,6.109476089477539e-05,0.7,1,BERT:bert_class_weighted,Class weight
730,emscad_05125,"Andon is a digital media company, specialised in creating online communities through innovative digital media platforms.",Freelance Landscape Architect,0,0,0.9999628067016602,3.719329833984375e-05,0.7,1,BERT:bert_class_weighted,Class weight
731,emscad_05136,Human capital is usually the biggest asset and expense for a company. Making the right hire – the first time – is critic,Investment Director - Datacenter (2 Positions),0,0,0.9999450445175171,5.4955482482910156e-05,0.7,1,BERT:bert_class_weighted,Class weight
732,emscad_05141,SportPointMe is a new start up that was born during the StartUpWeekend in Athens in 2013. We got positive comments and f,Mobile Designer/Co-founder,0,0,0.9999536871910095,4.6312808990478516e-05,0.7,1,BERT:bert_class_weighted,Class weight
733,emscad_05143,iSystem is a Greek Information and Technology company that bestirs itself in the world of Apple since 1994.,Salesperson,0,0,0.9999616146087646,3.838539123535156e-05,0.7,1,BERT:bert_class_weighted,Class weight
734,emscad_05148,Want to build a 21st century financial service?,Intern (Summer or Immediate) - Global Banking Expansion,0,0,0.9999570250511169,4.297494888305664e-05,0.7,1,BERT:bert_class_weighted,Class weight
735,emscad_05172,Essential Duties:,Referrals Specialist,0,0,0.9994516372680664,0.0005483627319335938,0.7,1,BERT:bert_class_weighted,Class weight
736,emscad_05174,Visual BI is one of the leading and fastest growing firms focusing exclusively on BI & Analytics. Our offerings cover en,FastTrack June'14 Fresher Hire Program,0,0,0.9999514818191528,4.851818084716797e-05,0.7,1,BERT:bert_class_weighted,Class weight
737,emscad_05179,"As one of the world’s leading staffing companies, our primary objective is clear-cut: To perfectly align the best people",Retail Associate,0,0,0.9999242424964905,7.575750350952148e-05,0.7,1,BERT:bert_class_weighted,Class weight
738,emscad_05195,"Novitex Enterprise Solutions, formerly Pitney Bowes Management Services, delivers innovative document and communications",Service Delivery Manager 1,0,0,0.9999629259109497,3.707408905029297e-05,0.7,1,BERT:bert_class_weighted,Class weight
739,emscad_05205,"Novitex Enterprise Solutions, formerly Pitney Bowes Management Services, delivers innovative document and communications",Reprographics Specialist,0,0,0.9999629259109497,3.707408905029297e-05,0.7,1,BERT:bert_class_weighted,Class weight
740,emscad_05208,"AREA 17 is an interactive agency. We take an interdisciplinary approach — blending the practices of design, technology a",Junior Designer,0,0,0.9999608397483826,3.916025161743164e-05,0.7,1,BERT:bert_class_weighted,Class weight
741,emscad_05225,If working in a cubical seems like your idea of hell then joining our awesome startup team might be the opportunity you’,Graduate Program,0,0,0.9999403357505798,5.9664249420166016e-05,0.7,1,BERT:bert_class_weighted,Class weight
742,emscad_05230,"Valor Services provides Workforce Solutions that meet the needs of companies across the Private Sector, with a special f",Investor Relations Analyst,0,0,0.9999481439590454,5.1856040954589844e-05,0.7,1,BERT:bert_class_weighted,Class weight
743,emscad_05232,"EME International is a global leader in enterprise mobility solutions, partnering with thousands of device makers and co",Java SW Engineer,0,0,0.9999354481697083,6.455183029174805e-05,0.7,1,BERT:bert_class_weighted,Class weight
744,emscad_05246,"Omega Systems Group, Inc. is a professional services and management consulting firm, specializing in providing IT servic",Senior Developer,0,0,0.9999419450759888,5.805492401123047e-05,0.7,1,BERT:bert_class_weighted,Class weight
745,emscad_05252,About ISON Psychometrica,Business development-Career Counseling,0,0,0.9999507069587708,4.929304122924805e-05,0.7,1,BERT:bert_class_weighted,Class weight
746,emscad_05259,Responsibilities:,Client and Credit Consultants,0,0,0.9999393820762634,6.0617923736572266e-05,0.7,1,BERT:bert_class_weighted,Class weight
747,emscad_05276,"Babbel enables anyone to learn languages in an easy and interactive way. The learning system offers 13 languages, from E",Junior App Store Manager,0,0,0.9999585151672363,4.1484832763671875e-05,0.7,1,BERT:bert_class_weighted,Class weight
748,emscad_05279,"WRAYS PHARMACY INC. a/k/a ""Wrays Pharmacy"" is a young New York based Corporation/Company established in the year 2013 an",Registered Pharmacy Technician,0,0,0.9999556541442871,4.4345855712890625e-05,0.7,1,BERT:bert_class_weighted,Class weight
749,emscad_05283,"We build software for fashion retailers, to help them make the right commercial decisions about what to sell, and how to",Copywriter (Freelance),0,0,0.9999651908874512,3.4809112548828125e-05,0.7,1,BERT:bert_class_weighted,Class weight
750,emscad_05286,"Taxibeat is changing the global taxi industry. It's an easy to use, convenient and contemporary way to hail and book a t","Country Manager, Peru",0,0,0.9999445676803589,5.543231964111328e-05,0.7,1,BERT:bert_class_weighted,Class weight
751,emscad_05290,"NY Marketing Firm is family-owned and operated right here in New York, NY. Other companies may offer similar services, b",Management - Entry-Level,0,0,0.9999522566795349,4.774332046508789e-05,0.7,1,BERT:bert_class_weighted,Class weight
752,emscad_05294,United Cerebral Palsy of Oregon & SW Washington (UCP) supports adults with all kinds of developmental disabilities (not ,Full-Time Caregiver for Spunky Young Woman,0,0,0.9999531507492065,4.684925079345703e-05,0.7,1,BERT:bert_class_weighted,Class weight
753,emscad_05296,"Pizza Fan is the leading pizza delivery business in Greece, operating a franchise network of more than 60 restaurants ac",Junior PHP Developer,0,0,0.9999578595161438,4.214048385620117e-05,0.7,1,BERT:bert_class_weighted,Class weight
754,emscad_05299,"Inctor Consulting is world wide known for advising, and giving answers to some of the most difficult hurdles but providi",Customer Assistant,1,1,0.00048828125,0.99951171875,0.7,1,BERT:bert_class_weighted,Class weight
755,emscad_05300,"For more than two decades, the TRAK Companies have been providing temporary and direct-hire professional support staff t",Non-Profit Administrative Assistant,0,0,0.9999151825904846,8.481740951538086e-05,0.7,1,BERT:bert_class_weighted,Class weight
756,emscad_05302,Required Skills: • Thorough understanding of Active Directory trusts and how they affect multi forest environments • Pro,Active Directory Analyst,0,0,0.999841570854187,0.00015842914581298828,0.7,1,BERT:bert_class_weighted,Class weight
757,emscad_05304,We're looking for individuals who understand that it takes great ideas and hard work to create something amazing. Let ev,Email / Web Designer,0,0,0.9999412298202515,5.8770179748535156e-05,0.7,1,BERT:bert_class_weighted,Class weight
758,emscad_05308,Medopad is the leading enterprise mobile health solution that delivers patient information and clinical applications str,Software Engineer,0,0,0.9999563694000244,4.363059997558594e-05,0.7,1,BERT:bert_class_weighted,Class weight
759,emscad_05313,"With our head office in Radstock the Unique Group cover Recruitment, Security, Training, Facilities Management & Franchi",Senior Consultant / Manager,0,0,0.9999331831932068,6.681680679321289e-05,0.7,1,BERT:bert_class_weighted,Class weight
760,emscad_05318,"We are seeking self-motivated, self sufficient, consulting professionals who understand the daily activities required to",Commercial and Government Lighting Retrofit Consultant (LED),0,0,0.9999563694000244,4.363059997558594e-05,0.7,1,BERT:bert_class_weighted,Class weight
761,emscad_05325,We Provide Full Time Permanent Positions for many medium to large US companies. We are interested in finding/recruiting ,Human Resources Manager,0,0,0.9999648928642273,3.510713577270508e-05,0.7,1,BERT:bert_class_weighted,Class weight
762,emscad_05331,"A global manufacturing and technology company in Austin, TX is looking for a Software Automation Test Engineer.",Software Automation Test Engineer,0,0,0.9997305870056152,0.0002694129943847656,0.7,1,BERT:bert_class_weighted,Class weight
763,emscad_05341,InVision is a venture-backed startup working to create the world's best design communication and collaboration platform.,Social Media & Content Marketing Manager (remote/telecommute),0,0,0.9999605417251587,3.9458274841308594e-05,0.7,1,BERT:bert_class_weighted,Class weight
764,emscad_05343,Job tasks:,Structural Engineer,0,0,0.9998273849487305,0.00017261505126953125,0.7,1,BERT:bert_class_weighted,Class weight
765,emscad_05350,Want to build a 21st century financial service?,Copywriter,0,0,0.9999623894691467,3.7610530853271484e-05,0.7,1,BERT:bert_class_weighted,Class weight
766,emscad_05353,"ipcortex is a rapidly expanding innovator, applying open Internet technologies like SIP, XMPP and WebRTC to provide main",Network Systems Engineer,0,0,0.9999614953994751,3.8504600524902344e-05,0.7,1,BERT:bert_class_weighted,Class weight
767,emscad_05362,"Shapeways is the leading 3D printing marketplace and community, empowering designers to bring amazing products to life. ",Shapeways Technology Intern,0,0,0.9999640583992004,3.594160079956055e-05,0.7,1,BERT:bert_class_weighted,Class weight
768,emscad_05376,"Collabera is a fast growing, end-to-end information technology services and solutions provider working with leading Glob",Application Developer Java,0,0,0.9999428391456604,5.716085433959961e-05,0.7,1,BERT:bert_class_weighted,Class weight
769,emscad_05383,Thomson Reuters Life Sciences is looking to hire a Software Developer to join our Disruptive Innovation team. This is a ,Software Developer,0,0,0.9999452233314514,5.4776668548583984e-05,0.7,1,BERT:bert_class_weighted,Class weight
770,emscad_05385,Fundation is a technology-empowered direct lender that delivers small balance commercial loans nationwide. The firm prov,"Analyst, Partnership Development & Client Fulfillment",0,0,0.999956488609314,4.3511390686035156e-05,0.7,1,BERT:bert_class_weighted,Class weight
771,emscad_05394,PROSULTING IS PEOPLE The ProSulting difference is easy to see. Our passion for delivering qualified pre-screened personn,Human Resource Manager,0,0,0.9999403357505798,5.9664249420166016e-05,0.7,1,BERT:bert_class_weighted,Class weight
772,emscad_05397,NFP is a leader in the delivery of benefits solutions for companies of all sizes and in the delivery of life insurance a,Account Executive,0,0,0.9999354481697083,6.455183029174805e-05,0.7,1,BERT:bert_class_weighted,Class weight
773,emscad_05399,hello world,Passionate Backend Developer,0,0,0.999925434589386,7.456541061401367e-05,0.7,1,BERT:bert_class_weighted,Class weight
774,emscad_05412,"PINT is a leader in the web industry with 20 years of web design, software development and consulting experience. PINT's",Account Executive : Web and Application Development,0,0,0.9999613165855408,3.8683414459228516e-05,0.7,1,BERT:bert_class_weighted,Class weight
775,emscad_05415,Positionly Inc. provides high quality software for hundreds of companies in the SEO industry. The development of the com,Account Executive (German Market),0,0,0.9999518394470215,4.8160552978515625e-05,0.7,1,BERT:bert_class_weighted,Class weight
776,emscad_05420,Upstream’s mission is to revolutionise the way companies market to consumers through cutting edge technology. This is an,Systems Engineer,0,0,0.9999497532844543,5.02467155456543e-05,0.7,1,BERT:bert_class_weighted,Class weight
777,emscad_05423,"Optimy is a fast-growing company that develops and sells a unique solution (as a SaaS web- application) for sponsorship,",Sales & Marketing Trainee,0,0,0.9999551177024841,4.488229751586914e-05,0.7,1,BERT:bert_class_weighted,Class weight
778,emscad_05435,"Customer service reps needed to take online apps, inbound calls and walk customers through 10 minute overview.",customer service agent,1,1,0.01611328125,0.98388671875,0.7,1,BERT:bert_class_weighted,Class weight
779,emscad_05438,"We have successfully helped 10,000 local families using our “result-based” method of one-on-one tutoring. We help studen",Academic Tutor - Upper Level Math or Science,0,0,0.9999434947967529,5.650520324707031e-05,0.7,1,BERT:bert_class_weighted,Class weight
780,emscad_05440,Octopus is an investment company with a difference. It was established more than ten years ago to offer something unique,Recruitment Manager (Maternity cover),0,0,0.9999610185623169,3.898143768310547e-05,0.7,1,BERT:bert_class_weighted,Class weight
781,emscad_05441,"EatAds is a global platform business, like #URL_21e7f703da8e28a4edd962a114e1af7ba244609a9ccd3760ae493e9f447c25fe# or #UR",Systems Administrator (Delhi),0,0,0.9999592900276184,4.07099723815918e-05,0.7,1,BERT:bert_class_weighted,Class weight
782,emscad_05444,"Systems Technology International, Inc. (STI), a full service innovative professional services corporation serving in vir","Controls Engineer - St Louis, MO",1,1,0.02099609375,0.97900390625,0.7,1,BERT:bert_class_weighted,Class weight
783,emscad_05459,"Taxibeat is changing the global taxi industry. It's an easy to use, convenient and contemporary way to hail and book a t",Director of Finance,0,0,0.9999566674232483,4.3332576751708984e-05,0.7,1,BERT:bert_class_weighted,Class weight
784,emscad_05460,"Novitex Enterprise Solutions, formerly Pitney Bowes Management Services, delivers innovative document and communications",Customer Service Associate - On Call,0,0,0.9999588131904602,4.118680953979492e-05,0.7,1,BERT:bert_class_weighted,Class weight
785,emscad_05463,NoSleepForSheep is a Nashville-based creative agency that is passionate about crafting meaningful digital media experien,Part Time Front End Designer With WordPress Experience,0,0,0.9999331831932068,6.681680679321289e-05,0.7,1,BERT:bert_class_weighted,Class weight
786,emscad_05489,At Command we care enough to consistently place the right candidates in the right jobs. We have more than 50 locally-man,Receptionist Office Assistant,0,0,0.9999508857727051,4.9114227294921875e-05,0.7,1,BERT:bert_class_weighted,Class weight
787,emscad_05492,"mGage brings 15+ years of global mobile marketing and mCRM experience to the industry across the U.S., U.K. and India. W",Senior Quality Assurance Engineer,0,0,0.9999362230300903,6.377696990966797e-05,0.7,1,BERT:bert_class_weighted,Class weight
788,emscad_05493,"For more than two decades, the TRAK Companies have been providing temporary and direct-hire professional support staff t",Accounting Assistant,0,0,0.9999212622642517,7.873773574829102e-05,0.7,1,BERT:bert_class_weighted,Class weight
789,emscad_05495,"Super Soccer Stars is the country's most popular soccer development program for kids. For over a decade, we have provide",Customer Service Specialist,0,0,0.9999513030052185,4.869699478149414e-05,0.7,1,BERT:bert_class_weighted,Class weight
790,emscad_05513,Fundation is a technology-empowered direct lender that delivers small balance commercial loans nationwide. The firm prov,Chief Revenue Officer - High Growth Speciality Finance Company,0,0,0.9999381899833679,6.181001663208008e-05,0.7,1,BERT:bert_class_weighted,Class weight
791,emscad_05518,"Squiz is one of the world's leading web solutions companies. We design, build and manage engaging websites and online ap",Senior UX Consultant,0,0,0.9999604225158691,3.9577484130859375e-05,0.7,1,BERT:bert_class_weighted,Class weight
792,emscad_05522,G3 Communications is a fast-growing B2B content agency that specializes in custom content creation and demand generation,Event/ Marketing Coordinator,0,0,0.9999493360519409,5.066394805908203e-05,0.7,1,BERT:bert_class_weighted,Class weight
793,emscad_05525,Bachelor's degree from 1-2 year college or university,Personal Assistant Part Time..$300 Weekly,1,0,0.9959373474121094,0.004062652587890625,0.7,0,BERT:bert_class_weighted,Class weight
794,emscad_05526,Tel Tech Networks is a Voice/Data/Video/Security systems contractor operating primarily in the Southwestern United State,Cable Tech,0,0,0.9999503493309021,4.965066909790039e-05,0.7,1,BERT:bert_class_weighted,Class weight
795,emscad_05530,"We are looking for a full-time self-sufficient, multi-tasker with a can-do attitude. The position requires a knowledge o",Data Entry/ Administrative Position,1,1,0.0,1.0,0.7,1,BERT:bert_class_weighted,Class weight
796,emscad_05531,Money is a person-to-person money transfer app designed to simplify how people send money home to their friends and fami,Director of Engineering,0,0,0.9999622106552124,3.7789344787597656e-05,0.7,1,BERT:bert_class_weighted,Class weight
797,emscad_05532,Upstream’s mission is to revolutionise the way companies market to consumers through cutting edge technology. This is an,Business Planning Analyst,0,0,0.9999473094940186,5.269050598144531e-05,0.7,1,BERT:bert_class_weighted,Class weight
798,emscad_05539,"​IMPORTANT: TO BE CONSIDERED, PLEASE SEND YOUR RESUME, ALONG WITH AN Email/COVER LETTER STATING WHY YOU ARE CONFIDENT YO",Inside Sales Magazine Advertising,0,0,0.9999064803123474,9.351968765258789e-05,0.7,1,BERT:bert_class_weighted,Class weight
799,emscad_05550,"NY Marketing Firm is family-owned and operated right here in New York, NY. Other companies may offer similar services, b",Customer Service Rep - CoMed Energy Choice Program,0,0,0.9999508857727051,4.9114227294921875e-05,0.7,1,BERT:bert_class_weighted,Class weight
800,emscad_05566,"#URL_8bb2a62d4201fc6db7aa2e899be6fa67fa839542cb193f8f292e9e0cb55d3f19#, a new online portal for financial news & informa",Financial News Editor,0,0,0.9996154308319092,0.0003845691680908203,0.7,1,BERT:bert_class_weighted,Class weight
801,emscad_05582,FarmDrop is looking for two engineers (either 2 x full stack or one x front-end and one x back end) to help us develop a,Software Engineer,0,0,0.9998670816421509,0.0001329183578491211,0.7,1,BERT:bert_class_weighted,Class weight
802,emscad_05591,"The Opportunity: We are looking for talented, motivated individuals that are looking for a full-time or part-time work f",Outbound Calling,0,0,0.999920666217804,7.933378219604492e-05,0.7,1,BERT:bert_class_weighted,Class weight
803,emscad_05595,"As one of the nation’s leading compounding pharmacies, we offer patients and healthcare providers access to experts in p","Pharmaceutical Sales (Bethesda, MD)",0,0,0.9999542236328125,4.57763671875e-05,0.7,1,BERT:bert_class_weighted,Class weight
804,emscad_05606,"Founded in 1997, The Missing Link is a premium provider of information technology solutions across applications, infrast",Security Consultant,0,0,0.999943733215332,5.626678466796875e-05,0.7,1,BERT:bert_class_weighted,Class weight
805,emscad_05607,"Our mission is to support people affected by cancer, through credible information, useful tools, psychological support, ",Front End Developer,0,0,0.9999324083328247,6.759166717529297e-05,0.7,1,BERT:bert_class_weighted,Class weight
806,emscad_05613,"We’re looking for a talented web designer that strives to create the best experiences possible, whilst ensuring that the",Web Designer,0,0,0.9999369978904724,6.300210952758789e-05,0.7,1,BERT:bert_class_weighted,Class weight
807,emscad_05631,Xplenty is all about making complex stuff look easy and enabling sophisticated Big Data technologies to the masses. Work,Technical Support Engineer,0,0,0.9999131560325623,8.684396743774414e-05,0.7,1,BERT:bert_class_weighted,Class weight
808,emscad_05640,What are you going to do?,QA Engineer in UX/API Program,0,0,0.9994587898254395,0.0005412101745605469,0.7,1,BERT:bert_class_weighted,Class weight
809,emscad_05642,"PINT is a leader in the web industry with 20 years of web design, software development and consulting experience. PINT's",Information Architect / UX Designer,0,0,0.9999622106552124,3.7789344787597656e-05,0.7,1,BERT:bert_class_weighted,Class weight
810,emscad_05646,MISSION:,EXPERIENCED MALE CAREGIVERS NEEDED TODAY!THE BEST PAY & AWESOME BENEFITS!!,0,0,0.9999475479125977,5.245208740234375e-05,0.7,1,BERT:bert_class_weighted,Class weight
811,emscad_05650,SDhomes4rent is looking for energetic individual to manage our increasing portfolio of customers throughout Southern Cal,Property Managers,0,0,0.9999469518661499,5.3048133850097656e-05,0.7,1,BERT:bert_class_weighted,Class weight
812,emscad_05659,"Babbel enables anyone to learn languages in an easy and interactive way. The learning system offers 13 languages, from E",Scrum Master,0,0,0.9999410510063171,5.894899368286133e-05,0.7,1,BERT:bert_class_weighted,Class weight
813,emscad_05662,Account Manager,Account Manager,1,0,0.9999359846115112,6.401538848876953e-05,0.7,0,BERT:bert_class_weighted,Class weight
814,emscad_05663,Working for Status Solutions means that you are working to make a difference in the world. We are a small technology com,Technical Support Representative,0,0,0.9999514818191528,4.851818084716797e-05,0.7,1,BERT:bert_class_weighted,Class weight
815,emscad_05669,Upstream’s mission is to revolutionise the way companies market to consumers through cutting edge technology. This is an,Senior Java Developer,0,0,0.9999410510063171,5.894899368286133e-05,0.7,1,BERT:bert_class_weighted,Class weight
816,emscad_05670,"Argenta Field Solutions values the client, creates income streams for them through our sales mechanism and focuses on qu",Hiring for Sales Management Team in Houston Texas - AT&T U-Verse,0,0,0.9999499320983887,5.0067901611328125e-05,0.7,1,BERT:bert_class_weighted,Class weight
817,emscad_05671,Mindworks interactive is one of the fastest growing Digital Agencies and the leading Performance Marketing Agency in Gre,Junior Interactive Designer,0,0,0.9999551177024841,4.488229751586914e-05,0.7,1,BERT:bert_class_weighted,Class weight
818,emscad_05673,Software Design Engineer,Software Design Engineer,1,0,0.9999372363090515,6.276369094848633e-05,0.7,0,BERT:bert_class_weighted,Class weight
819,emscad_05683,"PINT is a leader in the web industry with 20 years of web design, software development and consulting experience. PINT's",Web and Application Sales Representative,0,0,0.9999597668647766,4.023313522338867e-05,0.7,1,BERT:bert_class_weighted,Class weight
820,emscad_05688,"Are you looking to make anywhere from 600-115,000$ a month? Are you looking to be paid to take vacations? Are you tired ",Network Marketing,1,1,0.00048828125,0.99951171875,0.7,1,BERT:bert_class_weighted,Class weight
821,emscad_05702,"Lean Startup Machine (LSM), a VC backed company, is changing the way entrepreneurs and Fortune 500 companies build produ",Sales Development Associate,0,0,0.9999481439590454,5.1856040954589844e-05,0.7,1,BERT:bert_class_weighted,Class weight
822,emscad_05709,"""Our mission to our clients is to preserve their independence, enhance their quality of life, promote health & wellbeing",Caregiver-Berrien County Michigan,0,0,0.9999372363090515,6.276369094848633e-05,0.7,1,BERT:bert_class_weighted,Class weight
823,emscad_05713,"Founded in 2010, JoMedia has become a world leader in the publication and marketing of online video game services. Build",Software Engineer / Web Developer,0,0,0.9999511241912842,4.887580871582031e-05,0.7,1,BERT:bert_class_weighted,Class weight
824,emscad_05716,PowerbyProxi and its customers are leading a revolution to deliver unplugged power. We have changed the way electricity ,Head of Strategy and Planning,0,0,0.9999514818191528,4.851818084716797e-05,0.7,1,BERT:bert_class_weighted,Class weight
825,emscad_05727,CTO,CTO/Director of Recruiting,0,0,0.9998623132705688,0.00013768672943115234,0.7,1,BERT:bert_class_weighted,Class weight
826,emscad_05738,"Argenta Field Solutions values the client, creates income streams for them through our sales mechanism and focuses on qu",Clearview Energy has Expanded to Houston and we need a Sales Manager!,0,0,0.9999396204948425,6.03795051574707e-05,0.7,1,BERT:bert_class_weighted,Class weight
827,emscad_05742,"For more than a decade, we EXIS I.T. provide services & solutions that give our clients competitive advantages. We close",Visual Design Engineer,0,0,0.9999158382415771,8.416175842285156e-05,0.7,1,BERT:bert_class_weighted,Class weight
828,emscad_05744,"The Central California SPCA (CCSPCA), established in 1946 and located in Fresno County, California, is a 501(c)(3) non-p",License Enforcement Officer,0,0,0.9999604225158691,3.9577484130859375e-05,0.7,1,BERT:bert_class_weighted,Class weight
829,emscad_05753,"Location Bucarest, Romania Job Description About the project We are looking for a webdesigner / frontend developer who c",Website Designer,0,0,0.9999428391456604,5.716085433959961e-05,0.7,1,BERT:bert_class_weighted,Class weight
830,emscad_05785,"SampraSoft is a fast growing IT solutions company headquartered in Atlanta, GA, USA, specialized in IT consulting, Staff","iLog Developer - Contract in Mclean, VA",0,0,0.9999426007270813,5.739927291870117e-05,0.7,1,BERT:bert_class_weighted,Class weight
831,emscad_05788,"As a growing and successful startup, Conversocial is a great place to work for ambitious individuals.",Integration Engineer,0,0,0.9999535083770752,4.649162292480469e-05,0.7,1,BERT:bert_class_weighted,Class weight
832,emscad_05791,Positionly Inc. is a company that provides the highest quality SEO software for 2000+ companies worldwide. Our product o,Junior SEO Specialist,0,0,0.9999551177024841,4.488229751586914e-05,0.7,1,BERT:bert_class_weighted,Class weight
833,emscad_05798,We have summer position in our Graphic Design/Prepress department. Join our team of professionals and work in our printi,Graphic Design/Prepress,0,0,0.9997860193252563,0.00021398067474365234,0.7,1,BERT:bert_class_weighted,Class weight
834,emscad_05802,"We are an international, venture backed team making it easy for millions of students worldwide to find and book their ac",Junior Sales for UK Market,0,0,0.9999487400054932,5.125999450683594e-05,0.7,1,BERT:bert_class_weighted,Class weight
835,emscad_05805,"The Name of the company is APEX Investment Group. APEX Investment Group is a privately held, U.S.-based company that com",Administrative Assistant/Office Assistant,1,1,0.00390625,0.99609375,0.7,1,BERT:bert_class_weighted,Class weight
836,emscad_05812,StartupTAP is not a conventional recruiting agency. We're true Talent Acquisition Partners.,Account Manager,0,0,0.9999441504478455,5.5849552154541016e-05,0.7,1,BERT:bert_class_weighted,Class weight
837,emscad_05814,"The Senior Executive Assistant will work for a number of executives, among others the Partner responsible for the market",Assistant Manager,0,0,0.9972686767578125,0.0027313232421875,0.7,1,BERT:bert_class_weighted,Class weight
838,emscad_05822,"BIGGER MARKETS is a college marketing agency that combines online and offline resources, including one of the largest on",College Marketing Rep (SEATTLE),0,0,0.9999616146087646,3.838539123535156e-05,0.7,1,BERT:bert_class_weighted,Class weight
839,emscad_05825,Pandoo TEK’s mission is to turn innovative ideas into solutions by developing the technologies to support them. Pandoo T,Video Commercials Producer,0,0,0.9999318718910217,6.812810897827148e-05,0.7,1,BERT:bert_class_weighted,Class weight
840,emscad_05845,"Skills: HTML, CSS3 & JavaScript, Server-Side coding, Web Design, Adaptive & Responsive Techniques, and Sitecore a plus. ","HTML, CSS3 & JavaScript, Web Design - Sr. Front End Developer",0,0,0.9997649192810059,0.00023508071899414062,0.7,1,BERT:bert_class_weighted,Class weight
841,emscad_05851,Your Message. Our Vision. Midland’s services begin with that concept – taking an idea that you need to communicate and m,New Business Development Specialist,0,0,0.9999467134475708,5.328655242919922e-05,0.7,1,BERT:bert_class_weighted,Class weight
842,emscad_05859,One of the growth successful interactive accountable digital networks broadcasting DOOH interactive entertainment is see,Media Sales Manager - In New Media Advertising (DOOH),0,0,0.9999469518661499,5.3048133850097656e-05,0.7,1,BERT:bert_class_weighted,Class weight
843,emscad_05871,"UAH is a full service multi-divisional private investment company. We provide personalized real estate development, mana",Receptionist Office Asst.,1,0,0.9999531507492065,4.684925079345703e-05,0.7,0,BERT:bert_class_weighted,Class weight
844,emscad_05874,Upstream’s mission is to revolutionise the way companies market to consumers through cutting edge technology. This is an,Sales Director,0,0,0.9999527931213379,4.7206878662109375e-05,0.7,1,BERT:bert_class_weighted,Class weight
845,emscad_05882,"At McLane Intel, we believe that everyone should love where they work! We understand that our ongoing success is attribu",Account Manager,0,0,0.9999389052391052,6.109476089477539e-05,0.7,1,BERT:bert_class_weighted,Class weight
846,emscad_05887,Are you interested in working for the Federal Government and making a difference in helping to support work in developme,Programmatic Administrative Assistant,0,0,0.9988641738891602,0.0011358261108398438,0.7,1,BERT:bert_class_weighted,Class weight
847,emscad_05889,DaWanda is THE online marketplace for unique and handmade items. Designers and creatives offer their one of a kind and l,Software Engineer (Backend/Infrastructure),0,0,0.9999299645423889,7.003545761108398e-05,0.7,1,BERT:bert_class_weighted,Class weight
848,emscad_05894,Paymentwall Inc is the leading digital payments platform helping sites sell digital content in any country.,"BUSINESS DEVELOPMENT ASSOCIATE - AMSTERDAM, NL",0,0,0.9999483823776245,5.161762237548828e-05,0.7,1,BERT:bert_class_weighted,Class weight
849,emscad_05898,Paymentwall Inc is the leading digital payments platform helping sites sell digital content in any country.,"BUSINESS DEVELOPMENT ASSOCIATE, SCANDINAVIA",0,0,0.9999513030052185,4.869699478149414e-05,0.7,1,BERT:bert_class_weighted,Class weight
850,emscad_05914,"Job Description We are seeking a self-motivated Field Technician to join our team in Westminster, Colorado and become an",Field Technician,0,0,0.9998126029968262,0.00018739700317382812,0.7,1,BERT:bert_class_weighted,Class weight
851,emscad_05931,"Mini Raxevsky S.A. is a leading International clothing company specializing in Infant, Christening, Baby and Childrens c",Fashion E-shop Administrator,0,0,0.9999485611915588,5.143880844116211e-05,0.7,1,BERT:bert_class_weighted,Class weight
852,emscad_05934,"ValleySoft is a fast growing global IT Services & Solutions company based in Silicon Valley, USA . At ValleySoft, we str",System Analyst,0,0,0.9999614953994751,3.8504600524902344e-05,0.7,1,BERT:bert_class_weighted,Class weight
853,emscad_05936,Axonix is a global mobile advertising technology company that's powered by a platform with a 4 year history of leading t,Technical Account Manager & Onboarding Lead,0,0,0.9999473094940186,5.269050598144531e-05,0.7,1,BERT:bert_class_weighted,Class weight
854,emscad_05940,"VolunteerSpot launched in Spring, 2009 with the mission of enabling ANYONE to quickly mobilize and coordinate volunteers",Web App Wizard,0,0,0.999945878982544,5.412101745605469e-05,0.7,1,BERT:bert_class_weighted,Class weight
855,emscad_05945,We Provide Full Time Permanent Positions for many medium to large US companies. We are interested in finding/recruiting ,Director of Program Management - Six Sigma Lean - PA,0,0,0.9999294281005859,7.05718994140625e-05,0.7,1,BERT:bert_class_weighted,Class weight
856,emscad_05955,"Founded in 2010 by a team from Google’s London and New York offices, Qubit work with some of the biggest names in Online",Graphic Designer (Intern),0,0,0.9999625086784363,3.74913215637207e-05,0.7,1,BERT:bert_class_weighted,Class weight
857,emscad_05958,"Novitex Enterprise Solutions, formerly Pitney Bowes Management Services, delivers innovative document and communications",Customer Service Associate,0,0,0.9999638199806213,3.618001937866211e-05,0.7,1,BERT:bert_class_weighted,Class weight
858,emscad_05959,"We're Food52, and we've created a groundbreaking and award-winning cooking site. We support, connect, and celebrate home",Prop Stylist (Temporary position: Nov '13 - Feb '14),0,0,0.9999508857727051,4.9114227294921875e-05,0.7,1,BERT:bert_class_weighted,Class weight
859,emscad_05960,Meet our team on the About page,Systems Engineer,0,0,0.9999004602432251,9.953975677490234e-05,0.7,1,BERT:bert_class_weighted,Class weight
860,emscad_05964,Title:,Application Developer/SQL Server,0,0,0.9998952746391296,0.00010472536087036133,0.7,1,BERT:bert_class_weighted,Class weight
861,emscad_05979,"We are Netguru and we love to develop web application based on Ruby On Rails framework. We value quality, transparent co",Office Manager,0,0,0.9999456405639648,5.435943603515625e-05,0.7,1,BERT:bert_class_weighted,Class weight
862,emscad_05981,FirstBeatMedia is a fast growing online media company.,iOS Developer Training,0,0,0.9998568296432495,0.00014317035675048828,0.7,1,BERT:bert_class_weighted,Class weight
863,emscad_05987,"We’ve built revolutionary technology that is changing the way people get around cities. Using Via, a luxury ride booked ",VP Legal/Finance,0,0,0.9999566674232483,4.3332576751708984e-05,0.7,1,BERT:bert_class_weighted,Class weight
864,emscad_05991,"ValleySoft is a fast growing global IT Services & Solutions company based in Silicon Valley, USA . At ValleySoft, we str",PeopleSoft HRMS Consultant,0,0,0.9999619126319885,3.808736801147461e-05,0.7,1,BERT:bert_class_weighted,Class weight
865,emscad_05998,"Felsburg Holt & Ullevig is a consulting firm specializing in transportation and environmental planning, traffic engineer",Senior Traffic Engineer,0,0,0.9999104142189026,8.958578109741211e-05,0.7,1,BERT:bert_class_weighted,Class weight
866,emscad_05999,"Ginkgotree is changing the way course materials are designed and delivered. We’re ending the reign of overpriced, cookie",Developer Intern,0,0,0.9999522566795349,4.774332046508789e-05,0.7,1,BERT:bert_class_weighted,Class weight
867,emscad_06002,Currently hiring for two overnight caregiver positions. MUST be able to work weekends and holidays.,Overnight caregiver needed,0,0,0.9996178150177002,0.0003821849822998047,0.7,1,BERT:bert_class_weighted,Class weight
868,emscad_06018,"Growing event production company providing staging, scenic, and drapery primarily in the state of Florida. We have a sec",Office Support Assistant,0,0,0.9999533295631409,4.667043685913086e-05,0.7,1,BERT:bert_class_weighted,Class weight
869,emscad_06027,PowToon (#URL_84da40102d63eebf414f1476e73cf04c518288708e1f2fe344ec3f0417a067aa#) is a brand new presentation software th,Flex developer,0,0,0.9999467134475708,5.328655242919922e-05,0.7,1,BERT:bert_class_weighted,Class weight
870,emscad_06029,Frustrated with the status quo?,Office Administrator and Personal Assistant,0,0,0.9999604225158691,3.9577484130859375e-05,0.7,1,BERT:bert_class_weighted,Class weight
871,emscad_06031,"East End Food Co-op is Pittsburgh’s only member-owned natural and organic food market, serving the community since 1980.",Stocker,0,0,0.9999626278877258,3.737211227416992e-05,0.7,1,BERT:bert_class_weighted,Class weight
872,emscad_06032,We Provide Full Time Permanent Positions for many medium to large US companies. We are interested in finding/recruiting ,Software Engineer - C#.Net HTML CSS Java XML PHP C#- NV,0,0,0.999961793422699,3.820657730102539e-05,0.7,1,BERT:bert_class_weighted,Class weight
873,emscad_06042,"The Senior Systems Engineer will be responsible for building high-performance, scalable, robust systems leveraging a ran",Senior PHP Engineer,0,0,0.9999391436576843,6.085634231567383e-05,0.7,1,BERT:bert_class_weighted,Class weight
874,emscad_06043,Visual BI is one of the leading and fastest growing firms focusing exclusively on BI & Analytics. Our offerings cover en,TIBCO Spotfire Lead Consultant,0,0,0.9999556541442871,4.4345855712890625e-05,0.7,1,BERT:bert_class_weighted,Class weight
875,emscad_06048,Praxis Life Sciences is a dynamic project management and consultancy practice servicing the life sciences industry. Prax,Summer 2015 Intern,0,0,0.9999475479125977,5.245208740234375e-05,0.7,1,BERT:bert_class_weighted,Class weight
876,emscad_06057,This job requires you to have the ability to operate keyboard or other data entry device to enter data into computer or ,Payroll Data Entry Clerk Position - Earn $100-$200 Daily,1,1,0.00830078125,0.99169921875,0.7,1,BERT:bert_class_weighted,Class weight
877,emscad_06060,"PINT is a leader in the web industry with 20 years of web design, software development and consulting experience. PINT's",Project Manager | Software and Web Development,0,0,0.9999616146087646,3.838539123535156e-05,0.7,1,BERT:bert_class_weighted,Class weight
878,emscad_06069,The Heafey Group is a private real estate investment and management conglomerate founded more than 33 years ago and head,ACCOUNTING CLERK / BOOKKEEPER,0,0,0.9999015927314758,9.840726852416992e-05,0.7,1,BERT:bert_class_weighted,Class weight
879,emscad_06092,Why CSD?,CTAP Supervisor,0,0,0.9998666048049927,0.00013339519500732422,0.7,1,BERT:bert_class_weighted,Class weight
880,emscad_06108,Transifex is a SaaS continuous localization platform powering the process of launching products into multiple languages ,"Office Manager, Secretary",0,0,0.9999538660049438,4.6133995056152344e-05,0.7,1,BERT:bert_class_weighted,Class weight
881,emscad_06109,Position: Technical Architect – Lombardi,Lombardi Technical Architect,0,0,0.9926986694335938,0.00730133056640625,0.7,1,BERT:bert_class_weighted,Class weight
882,emscad_06114,Skyconsult is a global consulting company with highly professional international standards; we focus on leading edge tec,Project Manager,0,0,0.9999493360519409,5.066394805908203e-05,0.7,1,BERT:bert_class_weighted,Class weight
883,emscad_06120,"Cresttek is a subsidiary of American Hydrostatics, a 25 year old company providing Manufraturing and MRO services to Aut",Automotive Wiring Harness Designer,0,0,0.9999015927314758,9.840726852416992e-05,0.7,1,BERT:bert_class_weighted,Class weight
884,emscad_06122,We Provide Full Time Permanent Positions for many medium to large US companies. We are interested in finding/recruiting ,Controls Engineer,0,0,0.9999611973762512,3.88026237487793e-05,0.7,1,BERT:bert_class_weighted,Class weight
885,emscad_06124,Upstream’s mission is to revolutionise the way companies market to consumers through cutting edge technology. This is an,DevOps/Software Engineer,0,0,0.9999560117721558,4.398822784423828e-05,0.7,1,BERT:bert_class_weighted,Class weight
886,emscad_06139,Want to build a 21st century financial service?,Affiliates/Partnerships Manager,0,0,0.999963104724884,3.68952751159668e-05,0.7,1,BERT:bert_class_weighted,Class weight
887,emscad_06143,Priority Care Group are a family run care group with 6 Care Homes in Scotland.,Cook / Assistant Cook - Meigle,0,0,0.9999556541442871,4.4345855712890625e-05,0.7,1,BERT:bert_class_weighted,Class weight
888,emscad_06154,"Jordans Centra operates throughout Dublin, Wicklow & Kildare, we are Ireland’s largest Centra retailer The organisation ",Group HR Manager,0,0,0.9999379515647888,6.204843521118164e-05,0.7,1,BERT:bert_class_weighted,Class weight
889,emscad_06156,"At Hayes-Corp, we create the fun stuff. With a focus on software development for mobile platforms, we are constantly loo",Executive Assistant,0,0,0.999919056892395,8.094310760498047e-05,0.7,1,BERT:bert_class_weighted,Class weight
890,emscad_06160,Inviting inspirational individuals,Senior Project Manager (aka Professional Juggler),0,0,0.9999581575393677,4.184246063232422e-05,0.7,1,BERT:bert_class_weighted,Class weight
891,emscad_06163,Who are we?,Marketing / Sales Executives,0,0,0.9999551177024841,4.488229751586914e-05,0.7,1,BERT:bert_class_weighted,Class weight
892,emscad_06171,Market Logic is changing the way the world's largest companies run their market research and marketing functions. We are,Operations Engineer SaaS,0,0,0.9999616146087646,3.838539123535156e-05,0.7,1,BERT:bert_class_weighted,Class weight
893,emscad_06181,"Since 2001, RL Zapin Associates has been a recognized leader in the placement of mid to senior level Analytics professio","Manager, Customer Analytics",0,0,0.9999321103096008,6.788969039916992e-05,0.7,1,BERT:bert_class_weighted,Class weight
894,emscad_06182,BaaS,Junior Adwords/SEO Specialist,0,0,0.9999491572380066,5.08427619934082e-05,0.7,1,BERT:bert_class_weighted,Class weight
895,emscad_06184,"SummaView is een jong bedrijf uit Amersfoort die mensen, kennis en software levert ophet snijvlak van controlling en Bus",OUD: Senior Developer 1,0,0,0.9999499320983887,5.0067901611328125e-05,0.7,1,BERT:bert_class_weighted,Class weight
896,emscad_06194,Please find the job details below and forward your updated profile if you are interested. Job Title - Automation Tester ,Quality Analyst,0,0,0.9919509887695312,0.00804901123046875,0.7,1,BERT:bert_class_weighted,Class weight
897,emscad_06200,"Wallflowr is a Cambridge, MA based company working on developing technologies for a safer home and work environment. Wal",Embedded Hardware Engineer,0,0,0.9999552965164185,4.470348358154297e-05,0.7,1,BERT:bert_class_weighted,Class weight
898,emscad_06204,We are a visual technology startup pioneering powerful immersive experiences for next generation wearable displays. Cond,Lead Hardware Engineer,0,0,0.9999588131904602,4.118680953979492e-05,0.7,1,BERT:bert_class_weighted,Class weight
899,emscad_06209,We’re always looking for highly motivated “founder-types” to join us as we grow. Here’s what you need to know.,Web Designer,0,0,0.9999307990074158,6.920099258422852e-05,0.7,1,BERT:bert_class_weighted,Class weight
900,emscad_06215,"Do you want to help people be more successful at work? Then consider Jhana, a feisty little startup that pursues this go",VP of Customer Success,0,0,0.9998612403869629,0.00013875961303710938,0.7,1,BERT:bert_class_weighted,Class weight
901,emscad_06223,We are one of the UK's leading retailers with around 21 million customers visiting our stores each week. We sell high qu,Visual Merchandiser,0,0,0.9999650716781616,3.4928321838378906e-05,0.7,1,BERT:bert_class_weighted,Class weight
902,emscad_06225,"PINT is a leader in the web industry with 20 years of web design, software development and consulting experience. PINT's",Front-End Programmer - Web Developer,0,0,0.9999563694000244,4.363059997558594e-05,0.7,1,BERT:bert_class_weighted,Class weight
903,emscad_06241,Our Retailers are looking to place BRAND AMBASSADORS in various locations to help promote for FORTUNE 500 CORPORATIONS. ,Brand Ambassadors,0,0,0.9813995361328125,0.0186004638671875,0.7,1,BERT:bert_class_weighted,Class weight
904,emscad_06248,Soft ware Com petitiveness International (SOFTCOM INTERNATIONAL) is characterized for personel excellence .,Senior Java developers (Java SE),0,0,0.9999563694000244,4.363059997558594e-05,0.7,1,BERT:bert_class_weighted,Class weight
905,emscad_06253,"We're Food52, and we've created a groundbreaking and award-winning cooking site. We support, connect, and celebrate home",Head of Publicity and Events,0,0,0.9999611973762512,3.88026237487793e-05,0.7,1,BERT:bert_class_weighted,Class weight
906,emscad_06264,ISBS Hellas is a modern and growing company developing innovative websites and applications.,Web Designer,0,0,0.9999364614486694,6.35385513305664e-05,0.7,1,BERT:bert_class_weighted,Class weight
907,emscad_06268,"We are a creative agency for the here, now and next. Our job is to get brands into people’s heads and lives, and stay th",Technical Project Manager,0,0,0.9999434947967529,5.650520324707031e-05,0.7,1,BERT:bert_class_weighted,Class weight
908,emscad_06279,Our client is currently in the middle of a migration to Kronos for their timekeeping and looking for assistance with dat,Payroll Assistant,0,1,0.00048828125,0.99951171875,0.7,0,BERT:bert_class_weighted,Class weight
909,emscad_06285,"Novitex Enterprise Solutions, formerly Pitney Bowes Management Services, delivers innovative document and communications",Service Delivery Manager 1,0,0,0.9999635219573975,3.647804260253906e-05,0.7,1,BERT:bert_class_weighted,Class weight
910,emscad_06288,Corporate overview,Production Engineer,1,1,0.0,1.0,0.7,1,BERT:bert_class_weighted,Class weight
911,emscad_06302,Corporate overview,HSE Manager,1,1,0.0,1.0,0.7,1,BERT:bert_class_weighted,Class weight
912,emscad_06304,We Build Great Companies,Growth Hacker In Residence,0,0,0.999947726726532,5.227327346801758e-05,0.7,1,BERT:bert_class_weighted,Class weight
913,emscad_06305,"Founded in Athens, Greece in 1995, Relational Technology SA has evolved over the years to an international software deve",Software engineer,0,0,0.9999516606330872,4.83393669128418e-05,0.7,1,BERT:bert_class_weighted,Class weight
914,emscad_06341,RHB Recruitment Ltd is a business process outsourcing company with its state-of-the-art delivery center (existing capaci,MS SQL/ QA,0,0,0.9999178051948547,8.219480514526367e-05,0.7,1,BERT:bert_class_weighted,Class weight
915,emscad_06353,At Mutually Human we design and build web and mobile applications for a wide variety of clients and industries. We know ,Software Craftsman,0,0,0.9999299645423889,7.003545761108398e-05,0.7,1,BERT:bert_class_weighted,Class weight
916,emscad_06354,DESCRIPTION,UI MANAGER,0,0,0.9999082684516907,9.173154830932617e-05,0.7,1,BERT:bert_class_weighted,Class weight
917,emscad_06355,1-3 years Education Required: Doctorate Job Description: We’re looking for a passionate and skilled Ruby on Rails develo,RUBY ON RAILS DEV (FULL STACK),0,0,0.9999274611473083,7.253885269165039e-05,0.7,1,BERT:bert_class_weighted,Class weight
918,emscad_06359,"Based in Hoxton, London, Forward Partners are a “startup catalyst”, combining investment with practical hands-on experti",Head of Marketing,0,0,0.9999279975891113,7.200241088867188e-05,0.7,1,BERT:bert_class_weighted,Class weight
919,emscad_06362,hello world,Software Engineer,0,0,0.9999634027481079,3.6597251892089844e-05,0.7,1,BERT:bert_class_weighted,Class weight
920,emscad_06368,hello world,Retail Manager Spain/ Italy,0,0,0.9999576807022095,4.2319297790527344e-05,0.7,1,BERT:bert_class_weighted,Class weight
921,emscad_06373,i28 Technologies has demonstrated expertise in areas strategic to different business in varying verticals. I28 Technolog,BizTalk Developer,0,0,0.9999426007270813,5.739927291870117e-05,0.7,1,BERT:bert_class_weighted,Class weight
922,emscad_06395,RHB Recruitment Ltd is a business process outsourcing company with its state-of-the-art delivery center (existing capaci,BUSINESS-ANALYST - DWH-Business Intelligence - (8-10 YEARS),0,0,0.9999428391456604,5.716085433959961e-05,0.7,1,BERT:bert_class_weighted,Class weight
923,emscad_06429,"Intercom ( #URL_cb674f93cbcd215a3a0a57a8615a565545949eead8adbbc73307c26d6a6af81b# ) is a simple, personal messaging serv",Financial Analyst,0,0,0.9999240040779114,7.599592208862305e-05,0.7,1,BERT:bert_class_weighted,Class weight
924,emscad_06438,"We are Netguru and we love to develop web application based on Ruby On Rails framework. We value quality, transparent co",Front-end Developer,0,0,0.999938428401947,6.157159805297852e-05,0.7,1,BERT:bert_class_weighted,Class weight
925,emscad_06439,"Nielsen Field Web Solutions, Inc. is a broad, diverse, and creative Philippine-based Software Solutions company aimed at",Software Engineer,0,0,0.9999485611915588,5.143880844116211e-05,0.7,1,BERT:bert_class_weighted,Class weight
926,emscad_06440,EUROPEAN DYNAMICS (#URL_c66532ffa1ce76ab447da6774719060c42c584edbf44d74cdb94fc4ac219ca45#) is a leading European Softwar,Front-End Developer,0,0,0.999956488609314,4.3511390686035156e-05,0.7,1,BERT:bert_class_weighted,Class weight
927,emscad_06442,#URL_bd7d65ab2a3f8806927699b6dadad38e81f6cfdd479c544c0b9028a851e33dcf# is looking for qualified and experienced English ,"Tyoosis.com is looking for qualified and experienced Tutors in Vile Parle, Mumbai, Maharashtra, India",0,0,0.9999107718467712,8.922815322875977e-05,0.7,1,BERT:bert_class_weighted,Class weight
928,emscad_06445,"We are Netguru and we love to develop web application based on Ruby On Rails framework. We value quality, transparent co",Junior Project Manager,0,0,0.9999493360519409,5.066394805908203e-05,0.7,1,BERT:bert_class_weighted,Class weight
929,emscad_06453,BGMenu is a startup backed by LauncHUB; we're Bulgaria’s leading food delivery & takeout platform. Over the past couple ,Sales Manager,0,0,0.9999619126319885,3.808736801147461e-05,0.7,1,BERT:bert_class_weighted,Class weight
930,emscad_06468,EUROPEAN DYNAMICS (#URL_c66532ffa1ce76ab447da6774719060c42c584edbf44d74cdb94fc4ac219ca45#) is a leading European Softwar,PowerBuilder Developer,0,0,0.9999581575393677,4.184246063232422e-05,0.7,1,BERT:bert_class_weighted,Class weight
931,emscad_06474,We Build Great Companies,Lead Web Developer in a Startup - Paris or Brussels,0,0,0.9999572038650513,4.279613494873047e-05,0.7,1,BERT:bert_class_weighted,Class weight
932,emscad_06486,Our Company,VP of Engineering,0,0,0.9999625086784363,3.74913215637207e-05,0.7,1,BERT:bert_class_weighted,Class weight
933,emscad_06495,"Spartan Race, is an international obstacle racing organization. Our courses are uniquely designed to test participants’ ",Digital Marketing & Web Producer,0,0,0.9999535083770752,4.649162292480469e-05,0.7,1,BERT:bert_class_weighted,Class weight
934,emscad_06501,"The Accion story began more than 100 years ago in the Austin,Tx with one family owned establishment. Today, Accion has g",CENTER MANAGER,1,1,0.0,1.0,0.7,1,BERT:bert_class_weighted,Class weight
935,emscad_06523,Insight Riot! is a Digital Marketing Company that helps businesses understand and execute Lead Generation strategies thr,Brand & Logo Design Contest!!!,0,0,0.9998358488082886,0.00016415119171142578,0.7,1,BERT:bert_class_weighted,Class weight
936,emscad_06526,Oakland County law firm seeks a Real Estate Attorney. The ideal candidate will have at least seven years of experience h,Real Estate Attorney,0,0,0.99993497133255,6.502866744995117e-05,0.7,1,BERT:bert_class_weighted,Class weight
937,emscad_06536,"Founded by top technical experts, Arithmica is a Software Development and Services company focussed on delivering the hi",ETL Data Analyst,0,0,0.9998923540115356,0.00010764598846435547,0.7,1,BERT:bert_class_weighted,Class weight
938,emscad_06541,"A Canadian-based Digital Agency is looking for proactive, highly-motivated, experienced Regional Sales Managers located ",Proactive Regional Sales Manager,0,0,0.9999354481697083,6.455183029174805e-05,0.7,1,BERT:bert_class_weighted,Class weight
939,emscad_06543,About The Symicor Group:,"Senior Wealth/Estate Planner-Chicago, IL",0,0,0.9999391436576843,6.085634231567383e-05,0.7,1,BERT:bert_class_weighted,Class weight
940,emscad_06545,Exciting opportunity for experienced practice manager to join our fast growing behavioral health & wellness practice! Ou,Practice Manager,0,0,0.999897301197052,0.00010269880294799805,0.7,1,BERT:bert_class_weighted,Class weight
941,emscad_06564,Job Brief,Executive Assistant,0,0,0.9997208118438721,0.0002791881561279297,0.7,1,BERT:bert_class_weighted,Class weight
942,emscad_06573,"Καλησπέρα σας,",Business plan,0,0,0.9998803734779358,0.00011962652206420898,0.7,1,BERT:bert_class_weighted,Class weight
943,emscad_06574,"As a growing and successful startup, Conversocial is a great place to work for ambitious individuals.",Administrative Assistant,0,0,0.9999227523803711,7.724761962890625e-05,0.7,1,BERT:bert_class_weighted,Class weight
944,emscad_06578,"Skills: Java, J2EE, eCommerce development, Web Services (HTTP/s, SOAP, REST), JMS, S/FTP, SQL, ATG nice to have, Leading","Java, J2EE, eCommerce development,Web Services -Senior Architect",0,0,0.99994957447052,5.042552947998047e-05,0.7,1,BERT:bert_class_weighted,Class weight
945,emscad_06586,"Lightyear Consulting, LLC is a customer-focused, boutique consulting firm providing organizations with top-tier IT and Q",Director of Quality,0,0,0.9999263286590576,7.367134094238281e-05,0.7,1,BERT:bert_class_weighted,Class weight
946,emscad_06593,"i PERMIT E RATERS is expanding its role in the construction field. Before, we were solely a permit service that expedite",HERS RATER (Duct Testing),0,0,0.9999589920043945,4.100799560546875e-05,0.7,1,BERT:bert_class_weighted,Class weight
947,emscad_06615,"VeriPic is a leading supplier of enterprise photo and evidence management software to Law Enforcement Agencies, Military",Part-Time Receptionist,0,0,0.9999386668205261,6.133317947387695e-05,0.7,1,BERT:bert_class_weighted,Class weight
948,emscad_06621,K&L import and export ltd. are looking for sales advisors. Your role will be to locate wholesale fruit buyers in your lo,Sales Advisors,0,0,0.9998294115066528,0.00017058849334716797,0.7,1,BERT:bert_class_weighted,Class weight
949,emscad_06626,Somnoware is a software platform to manage sleep wellness for healthcare providers and their customers. It provides a si,Software Clinical Trainer - Seeking RPSGTs!,0,0,0.9999591708183289,4.082918167114258e-05,0.7,1,BERT:bert_class_weighted,Class weight
950,emscad_06629,"BACK IN 1982, Jeff Parker started Jeffrey Parker Architects with a lofty vision: to provide consistently great building ",Project Architect,0,0,0.9726715087890625,0.0273284912109375,0.7,1,BERT:bert_class_weighted,Class weight
951,emscad_06640,MarketInvoice is one of the most high-profile London based fin-tech companies. The Company is Europe’s leading P2P invoi,Marketing Associate,0,0,0.9999619126319885,3.808736801147461e-05,0.7,1,BERT:bert_class_weighted,Class weight
952,emscad_06644,MarketInvoice is one of the most high-profile London based fin-tech companies. The Company is Europe’s leading P2P invoi,Head of Sales,0,0,0.9999592900276184,4.07099723815918e-05,0.7,1,BERT:bert_class_weighted,Class weight
953,emscad_06649,"TechShop is a playground for creativity. Part fabrication and prototyping studio, part hackerspace and part learning cen",TechShop -- Senior Sales Account Manager,0,0,0.9999508857727051,4.9114227294921875e-05,0.7,1,BERT:bert_class_weighted,Class weight
954,emscad_06655,"LADezign is a SEO/SEM firm located both in Los Angeles and Phoenix, Arizona.",Internet Marketing Company in Phoenix is Seeking an Intern.,0,0,0.9998452663421631,0.00015473365783691406,0.7,1,BERT:bert_class_weighted,Class weight
955,emscad_06672,Excellent communication skills 3-5 years using QTP Custom Library development in QTP Good knowledge in VB scripting Abil,QA - QTP Automation Engineer - Descriptive Programming,0,0,0.9990730285644531,0.000926971435546875,0.7,1,BERT:bert_class_weighted,Class weight
956,emscad_06684,"Tidewater Finance Co. was established in 1992 for the initial purpose of purchasing, and servicing retail installment co",Executive HR Administrator,0,0,0.9999518394470215,4.8160552978515625e-05,0.7,1,BERT:bert_class_weighted,Class weight
957,emscad_06690,It is an ONLINE job - you work from home.,Online Project Consultant,0,0,0.9999027848243713,9.721517562866211e-05,0.7,1,BERT:bert_class_weighted,Class weight
958,emscad_06691,"The Accion story began more than 100 years ago in the Austin,Tx with one family owned establishment. Today, Accion has g",Market Operations Manager,1,1,0.0,1.0,0.7,1,BERT:bert_class_weighted,Class weight
959,emscad_06695,"As augmented reality jobs go, one at Blippar is hard to beat. We are a rapidly expanding creative startup at the forefro",Senior Account Manager,0,0,0.999947726726532,5.227327346801758e-05,0.7,1,BERT:bert_class_weighted,Class weight
960,emscad_06704,"AREA 17 is an interactive agency. We take an interdisciplinary approach — blending the practices of design, technology a",Finance Associate,0,0,0.9999644756317139,3.552436828613281e-05,0.7,1,BERT:bert_class_weighted,Class weight
961,emscad_06709,"AREA 17 is an interactive agency. We take an interdisciplinary approach — blending the practices of design, technology a",Administrative Assistant,0,0,0.9999643564224243,3.5643577575683594e-05,0.7,1,BERT:bert_class_weighted,Class weight
962,emscad_06713,"SocialWellth is a Las Vegas, Nevada based social engagement company focusing on leveraging consumer profile data, locali",Executive Director of Client Services,0,0,0.9999616146087646,3.838539123535156e-05,0.7,1,BERT:bert_class_weighted,Class weight
963,emscad_06729,"AREA 17 is an interactive agency. We take an interdisciplinary approach — blending the practices of design, technology a",Editorial and Community Internship (Paid),0,0,0.9999625086784363,3.74913215637207e-05,0.7,1,BERT:bert_class_weighted,Class weight
964,emscad_06735,"NY Marketing Firm is family-owned and operated right here in New York, NY. Other companies may offer similar services, b",Customer Service Representative - Management Training Program,0,0,0.9999279975891113,7.200241088867188e-05,0.7,1,BERT:bert_class_weighted,Class weight
965,emscad_06737,"NY Marketing Firm is family-owned and operated right here in New York, NY. Other companies may offer similar services, b",Management - Entry-Level,0,0,0.9999522566795349,4.774332046508789e-05,0.7,1,BERT:bert_class_weighted,Class weight
966,emscad_06738,American Kidz Academy ® is the expert in elite urban education and child care . We offer the best solution for families ,Toddler Teacher,0,0,0.9999626278877258,3.737211227416992e-05,0.7,1,BERT:bert_class_weighted,Class weight
967,emscad_06743,"Scientific information on medicinal products adressed to authorized prescribers , suppliers of medicinal products and he",SCIENTIFIC REPRESENTATIVE (SALES REP),0,0,0.9998822808265686,0.00011771917343139648,0.7,1,BERT:bert_class_weighted,Class weight
968,emscad_06746,"NY Marketing Firm is family-owned and operated right here in New York, NY. Other companies may offer similar services, b",Management - Entry-Level (Marketing),0,0,0.9999443888664246,5.561113357543945e-05,0.7,1,BERT:bert_class_weighted,Class weight
969,emscad_06747,hello world,Hardware Expert,0,0,0.99994957447052,5.042552947998047e-05,0.7,1,BERT:bert_class_weighted,Class weight
970,emscad_06748,We are a modern recruitment company for talented professionals in Japan and Asia. There are many recruitment companies i,Sales and Recruitment,0,0,0.9999503493309021,4.965066909790039e-05,0.7,1,BERT:bert_class_weighted,Class weight
971,emscad_06758,"Flippo is a brand engagement firm. We help companies connect with customers, inspire employees and excel in their indust",Sr. Office Manager,0,0,0.999946117401123,5.3882598876953125e-05,0.7,1,BERT:bert_class_weighted,Class weight
972,emscad_06763,"L O OP is an award winning interactive agency based in Salzburg with satellite offices in Copenhagen, Berlin, Sydney and",FRONT END DEVELOPER NYC,0,0,0.9999591708183289,4.082918167114258e-05,0.7,1,BERT:bert_class_weighted,Class weight
973,emscad_06765,"For over 20 years NAC Marketing Company, LLC d/b/a New Vitality has helped people be healthy and live better by marketin","Sales Specialist, Outbound Calls",0,0,0.9999578595161438,4.214048385620117e-05,0.7,1,BERT:bert_class_weighted,Class weight
974,emscad_06778,Our company is kept confidential due to the large number of responses we receive.,Sales - Cyber Security,0,0,0.9999168515205383,8.314847946166992e-05,0.7,1,BERT:bert_class_weighted,Class weight
975,emscad_06781,"Collabera is a fast growing, end-to-end information technology services and solutions provider working with leading Glob",Application Developer C#.NET,0,0,0.9999471306800842,5.2869319915771484e-05,0.7,1,BERT:bert_class_weighted,Class weight
976,emscad_06782,Quest College is seeking an individual to join the staff as an Admissions Advisor,Admissions Advisor,0,0,0.999919056892395,8.094310760498047e-05,0.7,1,BERT:bert_class_weighted,Class weight
977,emscad_06798,Reformation is a group of young designers and forward-thinkers led by Founder / CEO / Creative Director – Yael Aflalo. I,Director of Customer Experience,0,0,0.9999551177024841,4.488229751586914e-05,0.7,1,BERT:bert_class_weighted,Class weight
978,emscad_06801,"Lead cook this is a corp company -Compass Group Eurest Dining Monday thru Friday 6am-2:30pm health , dental , meal benef",Lead Cook,0,0,0.9999093413352966,9.065866470336914e-05,0.7,1,BERT:bert_class_weighted,Class weight
979,emscad_06803,"Intercom ( #URL_cb674f93cbcd215a3a0a57a8615a565545949eead8adbbc73307c26d6a6af81b# ) is a simple, personal messaging serv",Brand Designer & Illustrator,0,0,0.9999263286590576,7.367134094238281e-05,0.7,1,BERT:bert_class_weighted,Class weight
980,emscad_06806,"Babbel enables anyone to learn languages in an easy and interactive way. The learning system offers 13 languages, from E",TV Manager USA,0,0,0.9999599456787109,4.00543212890625e-05,0.7,1,BERT:bert_class_weighted,Class weight
981,emscad_06813,Who is AbZorba Games?,Mobile Acquisition Manager,0,0,0.9999302625656128,6.973743438720703e-05,0.7,1,BERT:bert_class_weighted,Class weight
982,emscad_06832,"Looking for an IOS Mobile Solutiosn Developer for our products offering in Washington, DC and Seattle. We're a startup f",Lead Developer,0,0,0.9999344348907471,6.556510925292969e-05,0.7,1,BERT:bert_class_weighted,Class weight
983,emscad_06840,"Intercom ( #URL_cb674f93cbcd215a3a0a57a8615a565545949eead8adbbc73307c26d6a6af81b# ) is a simple, personal messaging serv",Systems Engineer (Infrastructure),0,0,0.9999354481697083,6.455183029174805e-05,0.7,1,BERT:bert_class_weighted,Class weight
984,emscad_06849,"Engagor is a venture backed startup founded in 2011, with offices in San Francisco and Belgium, Europe. Engagor is real-",Business Development Representative EU,0,0,0.9999626278877258,3.737211227416992e-05,0.7,1,BERT:bert_class_weighted,Class weight
985,emscad_06856,IntelliBright was created to leverage enterprise level online business practices to generate exclusive leads on behalf o,WordPress Designer / Front End Developer,0,0,0.999958336353302,4.166364669799805e-05,0.7,1,BERT:bert_class_weighted,Class weight
986,emscad_06879,We Provide Full Time Permanent Positions for many medium to large US companies. We are interested in finding/recruiting ,Controls Engineer,0,0,0.999963104724884,3.68952751159668e-05,0.7,1,BERT:bert_class_weighted,Class weight
987,emscad_06887,CallCentre People Recruitment is recognised as being specialists within the CallCentre industry.,Homebased Inbound Customer Service Representative,0,0,0.9999279975891113,7.200241088867188e-05,0.7,1,BERT:bert_class_weighted,Class weight
988,emscad_06889,"The increased accessibility and diversity of biometric sensors are changing the world within areas such as health care, ",Senior Software Engineer,0,0,0.9999004602432251,9.953975677490234e-05,0.7,1,BERT:bert_class_weighted,Class weight
989,emscad_06899,Data Analyst & Insights Guru,Data Analytics & Insights Guru,0,0,0.9999522566795349,4.774332046508789e-05,0.7,1,BERT:bert_class_weighted,Class weight
990,emscad_06900,"Cresttek is a subsidiary of American Hydrostatics, a 25 year old company providing Manufraturing and MRO services to Aut",Automotive Crash Analyst,0,0,0.9998897910118103,0.00011020898818969727,0.7,1,BERT:bert_class_weighted,Class weight
991,emscad_06917,Embarke is increasing email opens and clicks for marketers by 5-20%...automatically. We do this by performing behavior a,Data Scientist - Full-time or Consultant,0,0,0.9999561905860901,4.380941390991211e-05,0.7,1,BERT:bert_class_weighted,Class weight
992,emscad_06919,"Collabera is a fast growing, end-to-end information technology services and solutions provider working with leading Glob",Siebel Configuration,0,0,0.9999412298202515,5.8770179748535156e-05,0.7,1,BERT:bert_class_weighted,Class weight
993,emscad_06922,The Albany Charter School Network is a family of charter schools in the City of Albany that works to prepare children fo,High School Science Teacher,0,0,0.9999563694000244,4.363059997558594e-05,0.7,1,BERT:bert_class_weighted,Class weight
994,emscad_06928,Visual BI is one of the leading and fastest growing firms focusing exclusively on BI & Analytics. Our offerings cover en,SAP BI Program/Delivery Manager,0,0,0.9999560117721558,4.398822784423828e-05,0.7,1,BERT:bert_class_weighted,Class weight
995,emscad_06935,Our passion for improving quality of life through geography is at the heart of everything we do. Esri’s geographic infor,Junior Account Executive - Colorado,0,0,0.999956488609314,4.3511390686035156e-05,0.7,1,BERT:bert_class_weighted,Class weight
996,emscad_06945,Vayu builds affordable unmanned aerial vehicles (UAVs) for healthcare supply chain management and post-disaster aid deli,Avionics Systems Design and Analysis Engineer,0,0,0.9999589920043945,4.100799560546875e-05,0.7,1,BERT:bert_class_weighted,Class weight
997,emscad_06950,Kettle is an independent digital agency based in New York City and the Bay Area. We’re committed to making digital do mo,SF | SR PRODUCER @LDK,0,0,0.9999616146087646,3.838539123535156e-05,0.7,1,BERT:bert_class_weighted,Class weight
998,emscad_06960,"Collabera is a fast growing, end-to-end information technology services and solutions provider working with leading Glob",Oracle Financials,0,0,0.9999412298202515,5.8770179748535156e-05,0.7,1,BERT:bert_class_weighted,Class weight
999,emscad_06963,"Merchenta’s behavioural advertising platform is used in over 40 countries, by major brands including Microsoft, ASOS, Ma","Senior Java Developers (Java, Scala, Hadoop, Couchbase, mysql)",0,0,0.9999581575393677,4.184246063232422e-05,0.7,1,BERT:bert_class_weighted,Class weight
1000,emscad_06985,Position Summary: EXPRO’s Global Business Services organization seeks a Human Resources Process Leader to provide full t,HR PROCESS LEADER,1,0,0.9998964667320251,0.00010353326797485352,0.7,0,BERT:bert_class_weighted,Class weight
1001,emscad_06991,"Straight Edge Technology is a team comprised of quality individuals with the skills, knowledge, education and experience",Office Administrator,0,0,0.9999516606330872,4.83393669128418e-05,0.7,1,BERT:bert_class_weighted,Class weight
1002,emscad_07000,"PINT is a leader in the web industry with 20 years of web design, software development and consulting experience. PINT's",Sales Rep. - Web Development | SaaS,0,0,0.9999597668647766,4.023313522338867e-05,0.7,1,BERT:bert_class_weighted,Class weight
1003,emscad_07008,Established on the principles that full time education is not for everyone Spectrum Learning is made up of a team of pas,Birmingham Business Admin Apprenticeship Under NAS 16-18 Year Olds Only,0,0,0.9999600648880005,3.993511199951172e-05,0.7,1,BERT:bert_class_weighted,Class weight
1004,emscad_07009,"Our client was recently named to Forbe's list of the ""World’s Most Innovative Growth Companies.""",Corporate Controller,0,0,0.9998944401741028,0.0001055598258972168,0.7,1,BERT:bert_class_weighted,Class weight
1005,emscad_07012,#URL_e837e935106c9b32dff718b3aff43001785693e48a3ebed31444faf85ee2da31# (“PPH”) is a global online services marketplace t,Junior Product Manager,0,0,0.9999604225158691,3.9577484130859375e-05,0.7,1,BERT:bert_class_weighted,Class weight
1006,emscad_07018,The Advanced Interactive Media Group LLC - or short: AIM Grou - is a global consulting company specializing in classifie,Freelance writer/analyst for Spain,0,0,0.9999597668647766,4.023313522338867e-05,0.7,1,BERT:bert_class_weighted,Class weight
1007,emscad_07022,"DOTSOFT SA is an SME, specializing in Software Development and Integrated ICT Solutions for the public and private secto",Web Developer,0,0,0.9999514818191528,4.851818084716797e-05,0.7,1,BERT:bert_class_weighted,Class weight
1008,emscad_07025,Over Sqills,Senior QA Engineer,0,0,0.9999386668205261,6.133317947387695e-05,0.7,1,BERT:bert_class_weighted,Class weight
1009,emscad_07031,Crystal Audio is the leading manufacturer of audio/video consumer electronics in Greece and has gone on to become a resp,IT and Processes Manager,0,0,0.9999352097511292,6.479024887084961e-05,0.7,1,BERT:bert_class_weighted,Class weight
1010,emscad_07034,"The RealReal is changing the way people buy and sell luxury items. The leader in luxury resale, the company is a full se",Warehouse Technician,0,0,0.9999551177024841,4.488229751586914e-05,0.7,1,BERT:bert_class_weighted,Class weight
1011,emscad_07036,"DICE gets fans the best tickets at face value with No Booking Fees. We're based in Shoreditch, London and 100% mobile so",Head of Music,0,0,0.999943733215332,5.626678466796875e-05,0.7,1,BERT:bert_class_weighted,Class weight
1012,emscad_07044,Applied Memetics LLC is a professional services company dedicated to integrating and delivering best practice communicat,"Video Journalist, English to Africa Service",0,0,0.9999520778656006,4.792213439941406e-05,0.7,1,BERT:bert_class_weighted,Class weight
1013,emscad_07049,The Advanced Interactive Media Group LLC - or short: AIM Grou - is a global consulting company specializing in classifie,Freelance writer/analyst for the Netherlands,0,0,0.9999614953994751,3.8504600524902344e-05,0.7,1,BERT:bert_class_weighted,Class weight
1014,emscad_07055,Middle East Recruitment is a specialized recruitment and consulting agency. Established since 1997 founded by profession,Cost Engineer,0,0,0.9999237060546875,7.62939453125e-05,0.7,1,BERT:bert_class_weighted,Class weight
1015,emscad_07060,The Albany Charter School Network is a family of charter schools in the City of Albany that works to prepare children fo,Elementary School Building Substitute Teacher,0,0,0.9999536871910095,4.6312808990478516e-05,0.7,1,BERT:bert_class_weighted,Class weight
1016,emscad_07063,Middle East Recruitment is a specialized recruitment and consulting agency. Established since 1997 founded by profession,"Construction Engineer, Electrical, Instrumentation, Mechanical",0,0,0.9999221563339233,7.784366607666016e-05,0.7,1,BERT:bert_class_weighted,Class weight
1017,emscad_07065,Want to transform finance?,Business Development Lead,0,0,0.9999594688415527,4.0531158447265625e-05,0.7,1,BERT:bert_class_weighted,Class weight
1018,emscad_07066,Middle East Recruitment is a specialized recruitment and consulting agency. Established since 1997 founded by profession,Data-Network Engineer,0,0,0.9998701810836792,0.00012981891632080078,0.7,1,BERT:bert_class_weighted,Class weight
1019,emscad_07075,Middle East Recruitment is a specialized recruitment and consulting agency. Established since 1997 founded by profession,Construction Analyst (Safety),0,0,0.9999445676803589,5.543231964111328e-05,0.7,1,BERT:bert_class_weighted,Class weight
1020,emscad_07083,"As a growing and successful startup, Conversocial is a great place to work for ambitious individuals.",Integrations Engineer,0,0,0.9999479651451111,5.2034854888916016e-05,0.7,1,BERT:bert_class_weighted,Class weight
1021,emscad_07086,Middle East Recruitment is a specialized recruitment and consulting agency. Established since 1997 founded by profession,"Civil Engineer, Instrumentation, Electrical, Mechanical, Rotating, Architectural, Safety, and Piping Engineer",0,0,0.9998840689659119,0.00011593103408813477,0.7,1,BERT:bert_class_weighted,Class weight
1022,emscad_07095,Federal has been in business for over 100 years and is an original Charter Agent for Allied Van Lines . We believe our d,Van Foreman / Driver - Class A,0,0,0.9999535083770752,4.649162292480469e-05,0.7,1,BERT:bert_class_weighted,Class weight
1023,emscad_07108,"Technical staffing services from SGS – recruitment, pay roll services, in-country logistics, vendor managed services and",Fleet Operations Manager,0,0,0.9999313354492188,6.866455078125e-05,0.7,1,BERT:bert_class_weighted,Class weight
1024,emscad_07109,#URL_42e5896a94d95251b14832167d4bbb9df167da9d8b9f60a8872133f108203e5f# is a fledging local services marketplace helping ,Web Developer,0,0,0.999925434589386,7.456541061401367e-05,0.7,1,BERT:bert_class_weighted,Class weight
1025,emscad_07117,"Looking to hire 3-4 Class A truck drivers, must have a minimum 2 years experience.",CLASS A TRUCK DRIVERS,0,0,0.9897689819335938,0.01023101806640625,0.7,1,BERT:bert_class_weighted,Class weight
1026,emscad_07121,CareerStarter is a new recruitment process outsourcing company helping great companies find top talent. Check out our la,Major Account Executive - Fine Tune Consulting,0,0,0.9999531507492065,4.684925079345703e-05,0.7,1,BERT:bert_class_weighted,Class weight
1027,emscad_07122,"The skill set required is web development, including JavaScript and AngularJS, Backbone Development will be a web front ",WEB DEVELOPER with Angular.JS,0,0,0.9996416568756104,0.00035834312438964844,0.7,1,BERT:bert_class_weighted,Class weight
1028,emscad_07155,The front door to most businesses is online. Connectivity allows business owners know every first impression. We are pas,Director of Sales,0,0,0.9999111294746399,8.887052536010742e-05,0.7,1,BERT:bert_class_weighted,Class weight
1029,emscad_07157,We’re always looking for highly motivated “founder-types” to join us as we grow. Here’s what you need to know.,"Regional Vice President Sales, East",0,0,0.9999054074287415,9.459257125854492e-05,0.7,1,BERT:bert_class_weighted,Class weight
1030,emscad_07160,"If you’re looking for a long-term volunteering opportunity, the International Humanity Foundation is offering you the ch","Become a co-Director in Chiang Rai, Thailand",0,0,0.9998482465744019,0.00015175342559814453,0.7,1,BERT:bert_class_weighted,Class weight
1031,emscad_07163,"Founded by top technical experts, Arithmica is a Software Development and Services company focussed on delivering the hi",DB2 DBA,0,0,0.9999344348907471,6.556510925292969e-05,0.7,1,BERT:bert_class_weighted,Class weight
1032,emscad_07165,"QB Medical Inc. is a medical supply distributor located in Chula Vista, CA. Founded in 2005, we now services over 100 go",Account Payable Rep.,0,0,0.999945878982544,5.412101745605469e-05,0.7,1,BERT:bert_class_weighted,Class weight
1033,emscad_07170,Established on the principles that full time education is not for everyone Spectrum Learning is made up of a team of pas,PL15 9LR Recruitment Apprenticeship Under NAS 16-18 Year Olds Only,0,0,0.9999536871910095,4.6312808990478516e-05,0.7,1,BERT:bert_class_weighted,Class weight
1034,emscad_07178,"As the industry’s largest supply contracting company, Novation serves the purchasing needs of more than 65,000 VHA, UHC ",Fraud Detection Analyst,1,1,0.00048828125,0.99951171875,0.7,1,BERT:bert_class_weighted,Class weight
1035,emscad_07209,About WiseBanyan,Back-End Developer,0,0,0.9999481439590454,5.1856040954589844e-05,0.7,1,BERT:bert_class_weighted,Class weight
1036,emscad_07223,Positionly Inc. is a company that provides the highest quality SEO software for 2000+ companies worldwide. Our product o,Junior Marketing Manager,0,0,0.9999531507492065,4.684925079345703e-05,0.7,1,BERT:bert_class_weighted,Class weight
1037,emscad_07239,At SMGI we believe that 'Our People are the Difference'. Working for SMGI is a great opportunity for our employees to le,Security Officer (SO),0,0,0.9999405741691589,5.942583084106445e-05,0.7,1,BERT:bert_class_weighted,Class weight
1038,emscad_07262,"Expera is looking for Infrastructure Consultants that have proven consulting experience, strong customer focus, exceptio",Expera Infrastructure Consultant,0,0,0.9998482465744019,0.00015175342559814453,0.7,1,BERT:bert_class_weighted,Class weight
1039,emscad_07263,"VouchedFor is a highly disruptive start up in the Financial Advice market. Created in 2011, we are an innovative start-u",Marketing Manager,0,0,0.9999616146087646,3.838539123535156e-05,0.7,1,BERT:bert_class_weighted,Class weight
1040,emscad_07276,"HireHopes is the premier professional services consulting firm that specializes in strategic job search, career adviseme",Director of Business Development -,0,0,0.999919056892395,8.094310760498047e-05,0.7,1,BERT:bert_class_weighted,Class weight
1041,emscad_07278,We are looking for candidates who would help build and manage a significant AWS infrastructure to support millions of on,Linux Engineer with AWS,0,0,0.9998066425323486,0.0001933574676513672,0.7,1,BERT:bert_class_weighted,Class weight
1042,emscad_07282,"Novitex Enterprise Solutions, formerly Pitney Bowes Management Services, delivers innovative document and communications",Customer Service Team Lead,0,0,0.9999589920043945,4.100799560546875e-05,0.7,1,BERT:bert_class_weighted,Class weight
1043,emscad_07286,Hawkeye Recruitment provides cost effective recruitment advertising solutions to help you cast the widest net to find th,"HVAC Service Tech - $1,000 Bonus Available",0,0,0.999934196472168,6.580352783203125e-05,0.7,1,BERT:bert_class_weighted,Class weight
1044,emscad_07289,"As augmented reality jobs go, one at Blippar is hard to beat. We are a rapidly expanding creative startup at the forefro",Junior QA Tester,0,0,0.9999499320983887,5.0067901611328125e-05,0.7,1,BERT:bert_class_weighted,Class weight
1045,emscad_07296,"PINT is a leader in the web industry with 20 years of web design, software development and consulting experience. PINT's",Outside Sales - Web Development & SaaS,0,0,0.999958336353302,4.166364669799805e-05,0.7,1,BERT:bert_class_weighted,Class weight
1046,emscad_07301,"ClarusApex is an international recruiting company with representations in the Netherlands, Austria, Ukraine, Cyprus and ",Cashier in the airport ERBIL,0,0,0.9999551177024841,4.488229751586914e-05,0.7,1,BERT:bert_class_weighted,Class weight
1047,emscad_07302,Soft ware Com petitiveness International (SOFTCOM INTERNATIONAL) is characterized for personel excellence .,Experienced and Senior Java developers (Java SE),0,0,0.9999561905860901,4.380941390991211e-05,0.7,1,BERT:bert_class_weighted,Class weight
1048,emscad_07315,Transifex is a SaaS continuous localization platform powering the process of launching products into multiple languages ,Customer Service Representative,0,0,0.999958336353302,4.166364669799805e-05,0.7,1,BERT:bert_class_weighted,Class weight
1049,emscad_07320,"Even & Odd Minds is a talent-driven consulting firm providing individual consultants, project teams, and strategic outso",Perl/Java J2EE contract,0,0,0.9999516606330872,4.83393669128418e-05,0.7,1,BERT:bert_class_weighted,Class weight
1050,emscad_07342,dimoso was founded in 2011 with a focus on marketing products and companies as well as helping brands navigate through t,Account Director,0,0,0.9999357461929321,6.42538070678711e-05,0.7,1,BERT:bert_class_weighted,Class weight
1051,emscad_07346,PROSULTING IS PEOPLE The ProSulting difference is easy to see. Our passion for delivering qualified pre-screened personn,Marketing Coordinator / Manager,0,0,0.9999465346336365,5.346536636352539e-05,0.7,1,BERT:bert_class_weighted,Class weight
1052,emscad_07348,Established on the principles that full time education is not for everyone Spectrum Learning is made up of a team of pas,WF14 0DQ Pets and Aquatics Retail Apprenticeship Under NAS 16-18 Year Olds Only,0,0,0.9999473094940186,5.269050598144531e-05,0.7,1,BERT:bert_class_weighted,Class weight
1053,emscad_07360,"Founded in 1997, The Missing Link is a premium provider of information technology solutions across applications, infrast",Senior Account Executive,0,0,0.9999545812606812,4.5418739318847656e-05,0.7,1,BERT:bert_class_weighted,Class weight
1054,emscad_07369,Unify — formerly known as Siemens Enterprise Communications — is a premier communications software and services firms. O,System Software Engineer,0,0,0.9999305009841919,6.949901580810547e-05,0.7,1,BERT:bert_class_weighted,Class weight
1055,emscad_07370,Middle East Recruitment is a specialized recruitment and consulting agency. Established since 1997 founded by profession,"Construction Engineer, Architect, Civil, Mechanical, Piping",0,0,0.9999277591705322,7.224082946777344e-05,0.7,1,BERT:bert_class_weighted,Class weight
1056,emscad_07373,NFP is a leader in the delivery of benefits solutions for companies of all sizes and in the delivery of life insurance a,Sr. Account Executive - Boston,0,0,0.9999551177024841,4.488229751586914e-05,0.7,1,BERT:bert_class_weighted,Class weight
1057,emscad_07375,Salary,Case Management Director (Hospital East of Atlanta),0,0,0.9999328851699829,6.711483001708984e-05,0.7,1,BERT:bert_class_weighted,Class weight
1058,emscad_07379,You don't need to be a Linux guru to hack on embedded devices like the Raspberry Pi. All you need is JavaScript.,Remote AngularJS coder with an appetite for innovation,0,0,0.9998676776885986,0.0001323223114013672,0.7,1,BERT:bert_class_weighted,Class weight
1059,emscad_07408,Massive Media is the social media company behind the successful digital brands #URL_18234f381f5e7b9a9ffdc727cd05c9046edf,Personal Assistant to the CEO,0,0,0.9999545812606812,4.5418739318847656e-05,0.7,1,BERT:bert_class_weighted,Class weight
1060,emscad_07418,"McKibbon Hotel Management, Inc., based in Tampa, Florida, and McKibbon Hotel Group, Inc., based in Gainesville, Georgia,","Director, eCommerce",0,0,0.9998845458030701,0.00011545419692993164,0.7,1,BERT:bert_class_weighted,Class weight
1061,emscad_07420,Axia Ventures Group (“AVG”) is an independent privately-owned investment banking boutique providing financial advisory s,Analyst,0,0,0.9999529719352722,4.70280647277832e-05,0.7,1,BERT:bert_class_weighted,Class weight
1062,emscad_07427,"SpotSource Solutions LLC is a Global Human Capital Management Consulting firm headquartered in Miami, Florida. Founded i",Pay Per Click Specialist,0,0,0.9999533295631409,4.667043685913086e-05,0.7,1,BERT:bert_class_weighted,Class weight
1063,emscad_07455,London's Going Out App! Explovia simply and brilliantly combines Group Chat with Event Booking.,Quality Assurance Engineer,0,0,0.9998931884765625,0.0001068115234375,0.7,1,BERT:bert_class_weighted,Class weight
1064,emscad_07466,Apply using below link,Operating Room Director,1,1,0.0,1.0,0.7,1,BERT:bert_class_weighted,Class weight
1065,emscad_07467,"Itsa Southern Thing Apparel owns several clothing brands: Eat More Tees, Itsa Girl Thing, and Fripp & Folly. We strive t",Graphics Artist,0,0,0.9999391436576843,6.085634231567383e-05,0.7,1,BERT:bert_class_weighted,Class weight
1066,emscad_07484,Our Mission,ASP.NET MVC Developer,0,0,0.9999398589134216,6.014108657836914e-05,0.7,1,BERT:bert_class_weighted,Class weight
1067,emscad_07490,Apply using below link,"RN, SURGERY UNIT DIRECTOR",1,1,0.0,1.0,0.7,1,BERT:bert_class_weighted,Class weight
1068,emscad_07512,"The RealReal is changing the way people buy and sell luxury items. The leader in luxury resale, the company is a full se",Photo Retoucher,0,0,0.9999572038650513,4.279613494873047e-05,0.7,1,BERT:bert_class_weighted,Class weight
1069,emscad_07523,MarketInvoice is one of the most high-profile London based fin-tech companies. The Company is Europe’s leading P2P invoi,Senior Recruiter,0,0,0.9999511241912842,4.887580871582031e-05,0.7,1,BERT:bert_class_weighted,Class weight
1070,emscad_07524,Yoyo has built a platform the creates better relationships between retailers and consumers. Our consumer app seamlessly ,Junior Technical Operations Manager,0,0,0.9999155402183533,8.445978164672852e-05,0.7,1,BERT:bert_class_weighted,Class weight
1071,emscad_07527,Middle East Recruitment is a specialized recruitment and consulting agency. Established since 1997 founded by profession,Data-Network Engineering,0,0,0.9998563528060913,0.0001436471939086914,0.7,1,BERT:bert_class_weighted,Class weight
1072,emscad_07533,hello world,Product Manager,0,0,0.9999513030052185,4.869699478149414e-05,0.7,1,BERT:bert_class_weighted,Class weight
1073,emscad_07536,Technology Will Save Us design devices that you make yourself. Our DIY kits and resources are the best way to learn skil,Digital Marketing Coordinator,0,0,0.9999599456787109,4.00543212890625e-05,0.7,1,BERT:bert_class_weighted,Class weight
1074,emscad_07548,Middle East Recruitment is a specialized recruitment and consulting agency. Established since 1997 founded by profession,Material Engineers Specialists,0,0,0.9999121427536011,8.785724639892578e-05,0.7,1,BERT:bert_class_weighted,Class weight
1075,emscad_07549,"SummaView is een jong bedrijf uit Amersfoort die mensen, kennis en software levert ophet snijvlak van controlling en Bus",OUD: SummaView zoekt een Senior Developer 3,0,0,0.999950110912323,4.988908767700195e-05,0.7,1,BERT:bert_class_weighted,Class weight
1076,emscad_07553,"WEB ANALYST - $50,000 SALARY - PERMANENT - HOUSTON, TEXAS",Web Analyst,0,0,0.9999245405197144,7.545948028564453e-05,0.7,1,BERT:bert_class_weighted,Class weight
1077,emscad_07554,Middle East Recruitment is a specialized recruitment and consulting agency. Established since 1997 founded by profession,Scheduling Engineer,0,0,0.9999279975891113,7.200241088867188e-05,0.7,1,BERT:bert_class_weighted,Class weight
1078,emscad_07565,"Intale SA is a dynamic technology company located in Athens, whose products and services act as the main pillar of a sus",Data Scientist / Data Architect,0,0,0.9999600648880005,3.993511199951172e-05,0.7,1,BERT:bert_class_weighted,Class weight
1079,emscad_07568,"Valor Services provides Workforce Solutions that meet the needs of companies across the Private Sector, with a special f",Marketing Professional,0,0,0.9999558329582214,4.416704177856445e-05,0.7,1,BERT:bert_class_weighted,Class weight
1080,emscad_07570,Middle East Recruitment is a specialized recruitment and consulting agency. Established since 1997 founded by profession,Construction Safety Advisor,0,0,0.9999274611473083,7.253885269165039e-05,0.7,1,BERT:bert_class_weighted,Class weight
1081,emscad_07583,Kettle is an independent digital agency based in New York City and the Bay Area. We’re committed to making digital do mo,OF | LEAD DESIGNER @JY+SH,0,0,0.9999632239341736,3.6776065826416016e-05,0.7,1,BERT:bert_class_weighted,Class weight
1082,emscad_07592,"SpotSource Solutions LLC is a Global Human Capital Management Consulting firm headquartered in Miami, Florida. Founded i",Sales Manager,0,0,0.9999545812606812,4.5418739318847656e-05,0.7,1,BERT:bert_class_weighted,Class weight
1083,emscad_07601,"Valor Services provides Workforce Solutions that meet the needs of companies across the Private Sector, with a special f","General Manager, Water Transfer (Oil & Gas)",0,0,0.9999483823776245,5.161762237548828e-05,0.7,1,BERT:bert_class_weighted,Class weight
1084,emscad_07603,We are looking for passionate individuals who will partner with us and ensure the long-term success of our business and ,Work at Home - Business Owner,0,0,0.9990320205688477,0.0009679794311523438,0.7,1,BERT:bert_class_weighted,Class weight
1085,emscad_07607,WHAT WE DO,Software Developers,0,0,0.9999572038650513,4.279613494873047e-05,0.7,1,BERT:bert_class_weighted,Class weight
1086,emscad_07625,Established on the principles that full time education is not for everyone Spectrum Learning is made up of a team of pas,WF7 5BE Pontefract Recruitment Apprenticeship 16-18 Year Olds Only,0,0,0.9999516606330872,4.83393669128418e-05,0.7,1,BERT:bert_class_weighted,Class weight
1087,emscad_07633,Massive Media is the social media company behind the successful digital brands #URL_18234f381f5e7b9a9ffdc727cd05c9046edf,Public Relations Manager,0,0,0.9999591708183289,4.082918167114258e-05,0.7,1,BERT:bert_class_weighted,Class weight
1088,emscad_07635,London's Going Out App! Explovia simply and brilliantly combines Group Chat with Event Booking.,Growth Hacker,0,0,0.9999310374259949,6.896257400512695e-05,0.7,1,BERT:bert_class_weighted,Class weight
1089,emscad_07640,About the Company We are ticketscript - the European market leaders in digital self-ticketing. Whether it’s massive danc,Financial Accountant,0,0,0.9999604225158691,3.9577484130859375e-05,0.7,1,BERT:bert_class_weighted,Class weight
1090,emscad_07647,"SpotSource Solutions LLC is a Global Human Capital Management Consulting firm headquartered in Miami, Florida. Founded i",Client Services Manager,0,0,0.9999540448188782,4.595518112182617e-05,0.7,1,BERT:bert_class_weighted,Class weight
1091,emscad_07651,"Novitex Enterprise Solutions, formerly Pitney Bowes Management Services, delivers innovative document and communications",Customer Service Associate,0,0,0.9999611973762512,3.88026237487793e-05,0.7,1,BERT:bert_class_weighted,Class weight
1092,emscad_07659,We are seeking individuals to be connected with companies who are hiring employees directly to work from their homes. Yo,Admin Clerical Data Processor,1,1,0.0,1.0,0.7,1,BERT:bert_class_weighted,Class weight
1093,emscad_07661,We are seeking individuals to be connected with companies who are hiring employees directly to work from their homes. Yo,Full/PartTime Data Entry Work,1,1,0.0,1.0,0.7,1,BERT:bert_class_weighted,Class weight
1094,emscad_07667,We are seeking individuals to be connected with companies who are hiring employees directly to work from their homes. Yo,Data Entry Typist,1,1,0.0,1.0,0.7,1,BERT:bert_class_weighted,Class weight
1095,emscad_07671,InVision is a venture-backed startup working to create the world's best design communication and collaboration platform.,Obsessively Thorough Product Manager (remote/telecommute),0,0,0.9999588131904602,4.118680953979492e-05,0.7,1,BERT:bert_class_weighted,Class weight
1096,emscad_07675,"Does the possibility of working for a nationally ranked accounting firm appeal to you? Our client, a recognized tax and ",Contract Office Assistant Needed!,0,0,0.93280029296875,0.06719970703125,0.7,1,BERT:bert_class_weighted,Class weight
1097,emscad_07678,"Our company, Matte Publishing, is an online media and publishing property that focuses on creating concise and engaging ",Journalist,0,0,0.9999549388885498,4.506111145019531e-05,0.7,1,BERT:bert_class_weighted,Class weight
1098,emscad_07682,Established on the principles that full time education is not for everyone Spectrum Learning is made up of a team of pas,Wakefield/Ossett Apprenticeships Under NAS 16-18 Year Olds Only,0,0,0.9999576807022095,4.2319297790527344e-05,0.7,1,BERT:bert_class_weighted,Class weight
1099,emscad_07687,"At McLane Intel, we believe that everyone should love where they work! We understand that our ongoing success is attribu",Systems Engineers/Network Administrators/Tiers I-III,0,0,0.9999400973320007,5.990266799926758e-05,0.7,1,BERT:bert_class_weighted,Class weight
1100,emscad_07689,Gorilla Logic provides custom application development services on the ground and in the cloud to many of the world's lea,Senior Web Developer-50% Remote!,0,0,0.9999545812606812,4.5418739318847656e-05,0.7,1,BERT:bert_class_weighted,Class weight
1101,emscad_07691,Professional Sales Technique,Sales & Leads Professional,0,0,0.9997631311416626,0.00023686885833740234,0.7,1,BERT:bert_class_weighted,Class weight
1102,emscad_07698,"International Cultural Exchange Services (ICES) was founded in 1991 by John J. Crist in Atlanta, Georgia. John had previ",Part-time Local Coordinator for highschool Exchange Students,0,0,0.9999545812606812,4.5418739318847656e-05,0.7,1,BERT:bert_class_weighted,Class weight
1103,emscad_07714,The story of the Great Chicago Fire of 1871 isn’t really about the fire. It’s about what happened next: A remarkable mom,IT and Operations Manager - Figo Pet Insurance,0,0,0.99994957447052,5.042552947998047e-05,0.7,1,BERT:bert_class_weighted,Class weight
1104,emscad_07717,About HitFigure:,Customer Service Representative,0,0,0.9999389052391052,6.109476089477539e-05,0.7,1,BERT:bert_class_weighted,Class weight
1105,emscad_07718,About The Symicor Group:,"Senior Bank Mortgage Loan Originators for the Brookfield,WI area",0,0,0.9999497532844543,5.02467155456543e-05,0.7,1,BERT:bert_class_weighted,Class weight
1106,emscad_07726,Outstanding Member Service Starts With Outstanding People,Consumer Lending Processor,0,0,0.9999462962150574,5.370378494262695e-05,0.7,1,BERT:bert_class_weighted,Class weight
1107,emscad_07733,"AGOGO creates a personalized audio channel by bringing together your favorite programming -- news, entertainment, sports",QA Intern,0,0,0.9999178051948547,8.219480514526367e-05,0.7,1,BERT:bert_class_weighted,Class weight
1108,emscad_07741,Job Summary:,BI Developer,0,0,0.9996600151062012,0.0003399848937988281,0.7,1,BERT:bert_class_weighted,Class weight
1109,emscad_07749,Bright Edge and Aptitude Staffing Solutions have partnered up in an effort to streamline the hiring process and provide ,Accountant,1,1,0.0,1.0,0.7,1,BERT:bert_class_weighted,Class weight
1110,emscad_07756,PowToon (#URL_84da40102d63eebf414f1476e73cf04c518288708e1f2fe344ec3f0417a067aa#) is a brand new presentation software th,Character Designer,0,0,0.9999423623085022,5.7637691497802734e-05,0.7,1,BERT:bert_class_weighted,Class weight
1111,emscad_07768,"For more than two decades, the TRAK Companies have been providing temporary and direct-hire professional support staff t",Senior Administrative Assistant,0,0,0.9999326467514038,6.73532485961914e-05,0.7,1,BERT:bert_class_weighted,Class weight
1112,emscad_07772,Avuba is looking for its lead front-end developer to craft the most sophisticated application interface banking has ever,Angular.js Frontend Engineer,0,0,0.9997272491455078,0.0002727508544921875,0.7,1,BERT:bert_class_weighted,Class weight
1113,emscad_07777,Want to build a 21st century financial service?,KYC Banking Opening Assistant,0,0,0.9999518394470215,4.8160552978515625e-05,0.7,1,BERT:bert_class_weighted,Class weight
1114,emscad_07781,Established on the principles that full time education is not for everyone Spectrum Learning is made up of a team of pas,WF17 Personal Assistant Apprenticeship Under NAS 16-18 Year Olds Only,0,0,0.9999497532844543,5.02467155456543e-05,0.7,1,BERT:bert_class_weighted,Class weight
1115,emscad_07784,"Welcome to the Jungle! Jungle Ventures is a Singapore based, entrepreneur backed venture firm that funds and helps start",Summer Intern,0,0,0.9999614953994751,3.8504600524902344e-05,0.7,1,BERT:bert_class_weighted,Class weight
1116,emscad_07789,Work with Team Ookla,iOS Software Architect,0,0,0.9999164938926697,8.350610733032227e-05,0.7,1,BERT:bert_class_weighted,Class weight
1117,emscad_07794,We Provide Full Time Permanent Positions for many medium to large US companies. We are interested in finding/recruiting ,Controls Engineer,0,0,0.9999632239341736,3.6776065826416016e-05,0.7,1,BERT:bert_class_weighted,Class weight
1118,emscad_07798,Want to be part of a NZ success story that’s going places?,Procurement Specialist,0,0,0.9999536871910095,4.6312808990478516e-05,0.7,1,BERT:bert_class_weighted,Class weight
1119,emscad_07811,Our passion for improving quality of life through geography is at the heart of everything we do. Esri’s geographic infor,Junior Account Executive - Boston,0,0,0.9999580383300781,4.1961669921875e-05,0.7,1,BERT:bert_class_weighted,Class weight
1120,emscad_07824,Established on the principles that full time education is not for everyone Spectrum Learning is made up of a team of pas,LS20 8LZ Customer Service Apprenticeship under NAS 16-18 year olds only,0,0,0.9999266266822815,7.337331771850586e-05,0.7,1,BERT:bert_class_weighted,Class weight
1121,emscad_07833,"Novitex Enterprise Solutions, formerly Pitney Bowes Management Services, delivers innovative document and communications",Customer Service Associate,0,0,0.9999599456787109,4.00543212890625e-05,0.7,1,BERT:bert_class_weighted,Class weight
1122,emscad_07835,"Novitex Enterprise Solutions, formerly Pitney Bowes Management Services, delivers innovative document and communications",Customer Service Associate - Part Time,0,0,0.9999634027481079,3.6597251892089844e-05,0.7,1,BERT:bert_class_weighted,Class weight
1123,emscad_07836,"Babbel enables anyone to learn languages in an easy and interactive way. The learning system offers 13 languages, from E",Software Engineer (Data Analysis),0,0,0.9999594688415527,4.0531158447265625e-05,0.7,1,BERT:bert_class_weighted,Class weight
1124,emscad_07837,Massive Media is the social media company behind the successful digital brands #URL_18234f381f5e7b9a9ffdc727cd05c9046edf,Flash Developer Gaming,0,0,0.9999533295631409,4.667043685913086e-05,0.7,1,BERT:bert_class_weighted,Class weight
1125,emscad_07843,"More than just another tech company, we consider ourselves to be a service company—one that delivers the highest possibl",Sales Director,0,0,0.9999568462371826,4.315376281738281e-05,0.7,1,BERT:bert_class_weighted,Class weight
1126,emscad_07844,"POS-X is a rapidly growing point-of-sale hardware manufacturer located in Bellingham, WA. The POS-X environment consists",Supply Chain Specialist,0,0,0.9999430775642395,5.692243576049805e-05,0.7,1,BERT:bert_class_weighted,Class weight
1127,emscad_07845,Frustrated with the status quo?,Software Engineer - Video and Imaging,0,0,0.9999646544456482,3.534555435180664e-05,0.7,1,BERT:bert_class_weighted,Class weight
1128,emscad_07856,Nubis is at the edge of cloud app development. The company is creating an innovative cloud platform for managing data in,UX / Front-End Developer,0,0,0.9996464252471924,0.0003535747528076172,0.7,1,BERT:bert_class_weighted,Class weight
1129,emscad_07857,"Providing luxurious menswear such as suits, shirts, neckwear and accessories for the tailored gentleman.",Sale Representatives,0,0,0.9989700317382812,0.00102996826171875,0.7,1,BERT:bert_class_weighted,Class weight
1130,emscad_07860,Job Description :,Hiring Technical Support Engg,0,0,0.9789581298828125,0.0210418701171875,0.7,1,BERT:bert_class_weighted,Class weight
1131,emscad_07865,"Our client is currently seeking a talented Senior Python developer/architect to join their team in Mountain View, CA on ",talented Senior Python developer,0,0,0.9998666048049927,0.00013339519500732422,0.7,1,BERT:bert_class_weighted,Class weight
1132,emscad_07868,"We are a fashion tech design house. We design cool earbuds, headphones, cell phone cases, and other cool room accessorie",Summer Intern at an Awesome Fashion Tech Design House,0,0,0.9999503493309021,4.965066909790039e-05,0.7,1,BERT:bert_class_weighted,Class weight
1133,emscad_07869,The Beans Group is a media company that exists to empower young people to thrive. We have been on an exponential growth ,Web Designer - London,0,0,0.9999602437019348,3.975629806518555e-05,0.7,1,BERT:bert_class_weighted,Class weight
1134,emscad_07873,Do you want to help craft a product that enables thousands of people to launch businesses and help reshape the face of r,Photographer,0,0,0.9999540448188782,4.595518112182617e-05,0.7,1,BERT:bert_class_weighted,Class weight
1135,emscad_07889,LetterStream is an innovative printing and mailing company leveraging automation to assist our customers in accomplishin,Part-time Warehouse Help,0,0,0.9999518394470215,4.8160552978515625e-05,0.7,1,BERT:bert_class_weighted,Class weight
1136,emscad_07911,Ecommerce company is looking to grow its developer team. Seeking highly qualified and highly motivated team members who ,Senior Developer,0,0,0.999880850315094,0.00011914968490600586,0.7,1,BERT:bert_class_weighted,Class weight
1137,emscad_07915,We Provide Full Time Permanent Positions for many medium to large US companies. We are interested in finding/recruiting ,Manager of Finance,0,0,0.9999600648880005,3.993511199951172e-05,0.7,1,BERT:bert_class_weighted,Class weight
1138,emscad_07920,Positionly sp. z o.o. is a company that provides the highest quality SEO software for 2000+ companies worldwide. Our pro,Office Assistant,0,0,0.9999426007270813,5.739927291870117e-05,0.7,1,BERT:bert_class_weighted,Class weight
1139,emscad_07934,We’re always looking for highly motivated “founder-types” to join us as we grow. Here’s what you need to know.,Happiness Recruiter,0,0,0.9999302625656128,6.973743438720703e-05,0.7,1,BERT:bert_class_weighted,Class weight
1140,emscad_07937,"We are Netguru and we love to develop web application based on Ruby On Rails framework. We value quality, transparent co",Senior Developer Ruby on Rails,0,0,0.9998845458030701,0.00011545419692993164,0.7,1,BERT:bert_class_weighted,Class weight
1141,emscad_07944,Applied Memetics LLC is a professional services company dedicated to integrating and delivering best practice communicat,Multimedia Producer (French),0,0,0.9999578595161438,4.214048385620117e-05,0.7,1,BERT:bert_class_weighted,Class weight
1142,emscad_07945,"Since 2005, American Secured Benefits, a leading financial planning and insurance brokerage company, has helped thousand",Sales Representative,1,1,0.00048828125,0.99951171875,0.7,1,BERT:bert_class_weighted,Class weight
1143,emscad_07947,"Easy, flexible & scalable tool for asking questions",UX Designer with a passion simple design,0,0,0.9995784759521484,0.0004215240478515625,0.7,1,BERT:bert_class_weighted,Class weight
1144,emscad_07948,"Conversocial is a social customer service software tool for Facebook and Twitter, used by companies including Sephora, G",Account Manager,0,0,0.9999558329582214,4.416704177856445e-05,0.7,1,BERT:bert_class_weighted,Class weight
1145,emscad_07951,"Stokes Automotive Group-Beaufort is a family owned and operated dealer group in Beaufort, SC. Stokes is the leader in th",Greeter / Spotter,0,0,0.9999602437019348,3.975629806518555e-05,0.7,1,BERT:bert_class_weighted,Class weight
1146,emscad_07955,**Applicants MUST BE LOCAL and willing to work at our Royal Oak office in Michigan.**,Web Developer (PHP) Royal Oak Metro Detroit,0,0,0.9999462962150574,5.370378494262695e-05,0.7,1,BERT:bert_class_weighted,Class weight
1147,emscad_07956,"With offices across UK, mainland Europe, Australia, New Zealand, and the United States, Squiz helps clients across the g",Digital Account Manager,0,0,0.9999600648880005,3.993511199951172e-05,0.7,1,BERT:bert_class_weighted,Class weight
1148,emscad_07971,"At McLane Intel, we believe that everyone should love where they work! We understand that our ongoing success is attribu",IT Project Technician,0,0,0.9999421834945679,5.7816505432128906e-05,0.7,1,BERT:bert_class_weighted,Class weight
1149,emscad_07984,"ustwo offers you the opportunity to be yourself, whilst delivering the best work on the planet for some of the biggest a",Agile Coach/PM,0,0,0.9999277591705322,7.224082946777344e-05,0.7,1,BERT:bert_class_weighted,Class weight
1150,emscad_08003,Adthena is the UK’s leading competitive intelligence service for Google search advertisers. Adthena is loved by major br,Senior SQL & Database Developer,0,0,0.9999597668647766,4.023313522338867e-05,0.7,1,BERT:bert_class_weighted,Class weight
1151,emscad_08005,"Argenta Field Solutions values the client, creates income streams for them through our sales mechanism and focuses on qu",Sales Rep for AT&T Solutions Provider - Management Training,0,0,0.9999497532844543,5.02467155456543e-05,0.7,1,BERT:bert_class_weighted,Class weight
1152,emscad_08016,Why CSD?,Staff Interpreter,0,0,0.9999377131462097,6.22868537902832e-05,0.7,1,BERT:bert_class_weighted,Class weight
1153,emscad_08018,"Even & Odd Minds is a talent-driven consulting firm providing individual consultants, project teams, and strategic outso",Senior Sharepoint Developer,0,0,0.99994957447052,5.042552947998047e-05,0.7,1,BERT:bert_class_weighted,Class weight
1154,emscad_08036,"Startup Institute is the #1 career accelerator, offering transformative educational experiences for career changers and ",Operations & Partners Associate,0,0,0.9999589920043945,4.100799560546875e-05,0.7,1,BERT:bert_class_weighted,Class weight
1155,emscad_08037,"LEI Home Enhancements, is an Ohio based company that has been installing windows, siding, doors and decks in homes throu",Marketing and Sales Representative- Full Time Position,0,0,0.9999558329582214,4.416704177856445e-05,0.7,1,BERT:bert_class_weighted,Class weight
1156,emscad_08047,Soft ware Com petitiveness International (SOFTCOM INTERNATIONAL) is characterized for personel excellence .,"Senior Software Engineers, C++ for AUTOMOTIVE",0,0,0.9999588131904602,4.118680953979492e-05,0.7,1,BERT:bert_class_weighted,Class weight
1157,emscad_08053,"An independent mid-size agency, RPR possesses a firm understanding of the marketplace in New York and across the United ","VP, Lifestyle/Luxury",0,0,0.9999585151672363,4.1484832763671875e-05,0.7,1,BERT:bert_class_weighted,Class weight
1158,emscad_08069,"We are a small team changing the way everyone thinks and deals with tax. It does not have to be a pain, boring and ugly.",Python Backend Engineers,0,0,0.9999299645423889,7.003545761108398e-05,0.7,1,BERT:bert_class_weighted,Class weight
1159,emscad_08096,Virteva delivers managed IT services and project-based consulting services that optimize our customer’s IT infrastructur,Senior SCCM Consultant,0,0,0.9999481439590454,5.1856040954589844e-05,0.7,1,BERT:bert_class_weighted,Class weight
1160,emscad_08102,Want to build a 21st century financial service?,International Bank Network Builder,0,0,0.9999575018882751,4.2498111724853516e-05,0.7,1,BERT:bert_class_weighted,Class weight
1161,emscad_08121,Visual BI is one of the leading and fastest growing firms focusing exclusively on BI & Analytics. Our offerings cover en,SAP BOBJ Lead / Architect,0,0,0.9999554753303528,4.45246696472168e-05,0.7,1,BERT:bert_class_weighted,Class weight
1162,emscad_08126,"Infolob Solutions is a leader in Managed IT services, Enterprise Application Software, IT staffing and Consulting and Ap",Need a Documentum developer,0,0,0.9999538660049438,4.6133995056152344e-05,0.7,1,BERT:bert_class_weighted,Class weight
1163,emscad_08138,We are a young tech company specialising in long-term data storage.,Windows Desktop Application Developer,0,0,0.9999576807022095,4.2319297790527344e-05,0.7,1,BERT:bert_class_weighted,Class weight
1164,emscad_08140,"SampraSoft is a fast growing IT solutions company headquartered in Atlanta, GA, USA, specialized in IT consulting, Staff",Tibco Architect,0,0,0.9999505281448364,4.947185516357422e-05,0.7,1,BERT:bert_class_weighted,Class weight
1165,emscad_08141,"""Our mission to our clients is to preserve their independence, enhance their quality of life, promote health & wellbeing",Scheduling Assistants,0,0,0.9999430775642395,5.692243576049805e-05,0.7,1,BERT:bert_class_weighted,Class weight
1166,emscad_08146,"WDM Group is an innovative, forward thinking digital company aimed at bringing business executives up-to-date with the l",Inside Sales Representitive,0,0,0.9999251365661621,7.486343383789062e-05,0.7,1,BERT:bert_class_weighted,Class weight
1167,emscad_08151,"Sarbari is a high-growth, investment-backed software company. We provide the restaurant industry with exciting new solut",Sales Consultant Boston,0,0,0.9999581575393677,4.184246063232422e-05,0.7,1,BERT:bert_class_weighted,Class weight
1168,emscad_08158,United Cerebral Palsy of Oregon & SW Washington (UCP) supports adults with all kinds of developmental disabilities (not ,"Full-Time Caregiver (Position C) for a Shy, Sweet Young Woman",0,0,0.9999560117721558,4.398822784423828e-05,0.7,1,BERT:bert_class_weighted,Class weight
1169,emscad_08161,"Spark44 is a new type of agency, established as a joint venture with Jaguar Land Rover globally. We’re not an in house d","Project Manager, Global - Agency for Jaguar Land Rover",0,0,0.999925434589386,7.456541061401367e-05,0.7,1,BERT:bert_class_weighted,Class weight
1170,emscad_08188,"Red Star Yeast Company LLC (RSYC), a leader in the Yeast Manufacturing Industry, is a joint venture between Lesaffre Yea",Laboratory Technician (2nd Shift),0,0,0.9999549388885498,4.506111145019531e-05,0.7,1,BERT:bert_class_weighted,Class weight
1171,emscad_08195,"VouchedFor is a highly disruptive start up in the Financial Advice market. Created in 2011, we are an innovative start-u",Senior API Developer Syfmony2,0,0,0.9999629259109497,3.707408905029297e-05,0.7,1,BERT:bert_class_weighted,Class weight
1172,emscad_08212,Applied Memetics LLC is a professional services company dedicated to integrating and delivering best practice communicat,Multimedia/Digital Producer,0,0,0.9999542236328125,4.57763671875e-05,0.7,1,BERT:bert_class_weighted,Class weight
1173,emscad_08215,"Vend is looking for some awesome new talent to come join us. You'll be working in an awesome team doing awesome things, ",Awesome Data Insertion Specialist,0,0,0.9999635219573975,3.647804260253906e-05,0.7,1,BERT:bert_class_weighted,Class weight
1174,emscad_08216,"Novitex Enterprise Solutions, formerly Pitney Bowes Management Services, delivers innovative document and communications",Customer Service Associate - Records Clerk,0,0,0.9999599456787109,4.00543212890625e-05,0.7,1,BERT:bert_class_weighted,Class weight
1175,emscad_08218,The Business Analyst will be a senior member within the Project Management Office responsible for leading and contributi,Business Analyst,0,0,0.999934196472168,6.580352783203125e-05,0.7,1,BERT:bert_class_weighted,Class weight
1176,emscad_08220,Roka Security is a boutique security firm that specializes in full-scale network protection and defending against advanc,Software Engineer,0,0,0.9999547600746155,4.5239925384521484e-05,0.7,1,BERT:bert_class_weighted,Class weight
1177,emscad_08224,America's Favorite online retailer of fine home furnishings and other accessories. We combine the best selection of prod,eCommerce Specialist / Database Management for Home Decor Company,0,0,0.9999586939811707,4.13060188293457e-05,0.7,1,BERT:bert_class_weighted,Class weight
1178,emscad_08228,Fundation is a technology-empowered direct lender that delivers small balance commercial loans nationwide. The firm prov,"Analyst - Credit, Marketing & Customer Analytics - High Growth Specialty Finance Company",0,0,0.9999454617500305,5.453824996948242e-05,0.7,1,BERT:bert_class_weighted,Class weight
1179,emscad_08232,"Founded in 1997, The Missing Link is a premium provider of information technology solutions across applications, infrast",Service Desk Engineer,0,0,0.9999575018882751,4.2498111724853516e-05,0.7,1,BERT:bert_class_weighted,Class weight
1180,emscad_08269,Reporting to the CRM & BI Director. The head of Market Research will be responsible for the day-to-day management of mul,Head of Market Research,0,0,0.9998294115066528,0.00017058849334716797,0.7,1,BERT:bert_class_weighted,Class weight
1181,emscad_08276,"VeriPic is a leading supplier of enterprise photo and evidence management software to Law Enforcement Agencies, Military",Junior Sales Representative,0,0,0.9999200105667114,7.998943328857422e-05,0.7,1,BERT:bert_class_weighted,Class weight
1182,emscad_08277,Ensight is an international energy design and implementation practice specialising in sophisticated whole-of-business en,Communications and Promotions Officer,0,0,0.9999611973762512,3.88026237487793e-05,0.7,1,BERT:bert_class_weighted,Class weight
1183,emscad_08292,"Wiget Media is an online advertising network, with a daily reach of 50m+ unique users world-wide. Our goal is to build o",Senior Back-End Developer,0,0,0.9999594688415527,4.0531158447265625e-05,0.7,1,BERT:bert_class_weighted,Class weight
1184,emscad_08304,Visual BI is one of the leading and fastest growing firms focusing exclusively on BI & Analytics. Our offerings cover en,SAP BW Sr. Developer,0,0,0.9999266266822815,7.337331771850586e-05,0.7,1,BERT:bert_class_weighted,Class weight
1185,emscad_08326,"ABC Supply Co., Inc. is the nation’s largest wholesale distributor of roofing and one of the largest distributors of sid",Outside Sales Professional-Alsip,0,0,0.9999454617500305,5.453824996948242e-05,0.7,1,BERT:bert_class_weighted,Class weight
1186,emscad_08330,"Pricing Recruiters is the leading global resource for the procurement, vetting and placement of qualified, pricing and p","Alliance Data - Manager, Pricing & Profit Analysis",0,0,0.9999547600746155,4.5239925384521484e-05,0.7,1,BERT:bert_class_weighted,Class weight
1187,emscad_08331,"SpotSource Solutions LLC is a Global Human Capital Management Consulting firm headquartered in Miami, Florida. Founded i",Field Sales Representative,0,0,0.9999538660049438,4.6133995056152344e-05,0.7,1,BERT:bert_class_weighted,Class weight
1188,emscad_08334,StayClassy is a fast-growing San Diego-based startup that develops an online fundraising product used by thousands of No,Account Executive,0,0,0.9999596476554871,4.035234451293945e-05,0.7,1,BERT:bert_class_weighted,Class weight
1189,emscad_08341,"Talent Inc., is redefining how job seekers brand themselves to employers. As the largest resume writing service in the c",Resume Writers Wanted!,0,0,0.9999131560325623,8.684396743774414e-05,0.7,1,BERT:bert_class_weighted,Class weight
1190,emscad_08351,WHY WORK AT IMAGINET,Business Development Manager,0,0,0.9999410510063171,5.894899368286133e-05,0.7,1,BERT:bert_class_weighted,Class weight
1191,emscad_08355,"SummaView is een jong bedrijf uit Amersfoort die mensen, kennis en software levert ophet snijvlak van controlling en Bus",OUD: Applicatieontwikkelaar,0,0,0.9999479651451111,5.2034854888916016e-05,0.7,1,BERT:bert_class_weighted,Class weight
1192,emscad_08362,Want to build a 21st century financial service?,"Operational Guru, London. Paid internship - 3 months",0,0,0.9999572038650513,4.279613494873047e-05,0.7,1,BERT:bert_class_weighted,Class weight
1193,emscad_08378,"For over 20 years NAC Marketing Company, LLC d/b/a New Vitality has helped people be healthy and live better by marketin",Phone Sales,0,0,0.9999505281448364,4.947185516357422e-05,0.7,1,BERT:bert_class_weighted,Class weight
1194,emscad_08389,LawnStarter is a funded startup revolutionizing the $74 Billion lawn care industry.,Head of Operations,0,0,0.9999428391456604,5.716085433959961e-05,0.7,1,BERT:bert_class_weighted,Class weight
1195,emscad_08394,"Weekly CASH Jobs, Hiring Part Time Workers. You can do it all from home, in your free time, at your own place. Spend 30 ","Weekly CASH Jobs, Hiring Part Time Workers.",1,1,0.0,1.0,0.7,1,BERT:bert_class_weighted,Class weight
1196,emscad_08409,About the Company We are ticketscript - the European market leaders in digital self-ticketing. Whether it’s massive danc,Junior Developer,0,0,0.9999475479125977,5.245208740234375e-05,0.7,1,BERT:bert_class_weighted,Class weight
1197,emscad_08413,"Westview Financial Services , located in Virginia Beach, VA has a full-time Sales Representative position available imme",Sales Representative,0,0,0.9999184608459473,8.153915405273438e-05,0.7,1,BERT:bert_class_weighted,Class weight
1198,emscad_08424,Outstanding Member Service Starts With Outstanding People,Call Center Manager,0,0,0.9999452233314514,5.4776668548583984e-05,0.7,1,BERT:bert_class_weighted,Class weight
1199,emscad_08435,"Lakefront Brewery is a leader in brewing the best beers in Milwaukee. Founded in 1987, Lakefront has been brewing for mo",Sous Chef,0,0,0.9999518394470215,4.8160552978515625e-05,0.7,1,BERT:bert_class_weighted,Class weight
1200,emscad_08454,"Gelato Group is a SaaS company. We've developed a global print engine integrated with the print ecosystem’s key players,",Key Account Manager,0,0,0.9999591708183289,4.082918167114258e-05,0.7,1,BERT:bert_class_weighted,Class weight
1201,emscad_08464,In the Direct Sales role you'll have the opportunity to directly impact the growth of our company. You will be responsib,Direct Sales Opportunity,0,0,0.9998775720596313,0.00012242794036865234,0.7,1,BERT:bert_class_weighted,Class weight
1202,emscad_08469,StayClassy is a fast-growing San Diego-based startup that develops an online fundraising product used by thousands of No,Software Engineer,0,0,0.9999592900276184,4.07099723815918e-05,0.7,1,BERT:bert_class_weighted,Class weight
1203,emscad_08483,Edison International and Refined Resources have partnered up in an effort to streamline the hiring process and provide a,Operator Mechanic 1,1,1,0.0,1.0,0.7,1,BERT:bert_class_weighted,Class weight
1204,emscad_08495,Massive Media is the social media company behind the successful digital brands #URL_18234f381f5e7b9a9ffdc727cd05c9046edf,Business Developer France,0,0,0.9999608397483826,3.916025161743164e-05,0.7,1,BERT:bert_class_weighted,Class weight
1205,emscad_08502,We Provide Full Time Permanent Positions for many medium to large US companies. We are interested in finding/recruiting ,Quality Manager,0,0,0.999963104724884,3.68952751159668e-05,0.7,1,BERT:bert_class_weighted,Class weight
1206,emscad_08507,"With over 30 years of experience in the industry, Mercer Foods has been providing superior quality freeze dried foods an",Freeze Dry Laborer - Full Time,0,0,0.999943733215332,5.626678466796875e-05,0.7,1,BERT:bert_class_weighted,Class weight
1207,emscad_08510,Established on the principles that full time education is not for everyone Spectrum Learning is made up of a team of pas,Midlands Level 2 and 3 DGV NVQ Assessors Under,0,0,0.9999531507492065,4.684925079345703e-05,0.7,1,BERT:bert_class_weighted,Class weight
1208,emscad_08518,"Valor Services provides Workforce Solutions that meet the needs of companies across the Private Sector, with a special f",General Operator - Wireline,0,0,0.9999547600746155,4.5239925384521484e-05,0.7,1,BERT:bert_class_weighted,Class weight
1209,emscad_08532,"Valor Services provides Workforce Solutions that meet the needs of companies across the Private Sector, with a special f",Safety Director - Up to $200k per year,0,0,0.9999417066574097,5.829334259033203e-05,0.7,1,BERT:bert_class_weighted,Class weight
1210,emscad_08538,WHY WORK AT IMAGINET,SharePoint Project Manager,0,0,0.9999417066574097,5.829334259033203e-05,0.7,1,BERT:bert_class_weighted,Class weight
1211,emscad_08539,"HRdownloads was founded in 2008, and since that time has evolved to become the leader in delivering strategic Human Reso",Administrative Support Clerk - 11 Month Contract,0,0,0.9999454617500305,5.453824996948242e-05,0.7,1,BERT:bert_class_weighted,Class weight
1212,emscad_08544,"Headquartered in Milan and New York and with 400 million users all around the world, Beintoo is a true engagement platfo",The Beintoo Academy - 10 Internships for entrepreneurial students or recent graduates,0,0,0.9999634027481079,3.6597251892089844e-05,0.7,1,BERT:bert_class_weighted,Class weight
1213,emscad_08554,This position is responsible for initiating and completing complex aspects of project financial management and cost cont,Project Controls Specialist,0,0,0.9998944401741028,0.0001055598258972168,0.7,1,BERT:bert_class_weighted,Class weight
1214,emscad_08562,The Albany Charter School Network is a family of charter schools in the City of Albany that works to prepare children fo,Secondary Science Teacher,0,0,0.9999522566795349,4.774332046508789e-05,0.7,1,BERT:bert_class_weighted,Class weight
1215,emscad_08581,"True Shabu is a new restaurant in Anaheim Hills, California offering fresh and delicious ""shabu-shabu"" hot pot cuisine w",Cook/Food Prep,0,0,0.999956488609314,4.3511390686035156e-05,0.7,1,BERT:bert_class_weighted,Class weight
1216,emscad_08587,We Provide Full Time Permanent Positions for many medium to large US companies. We are interested in finding/recruiting ,"Plant Manager - SixSigma PSM - Pittsburgh, PA",0,0,0.9999479651451111,5.2034854888916016e-05,0.7,1,BERT:bert_class_weighted,Class weight
1217,emscad_08602,Apply using below link,RN PACU,1,1,0.0,1.0,0.7,1,BERT:bert_class_weighted,Class weight
1218,emscad_08613,In 1998 a broad coalition of Bayview Hunters Point institutions and residents sought to implement findings and recommend,Executive Director,0,0,0.9998889565467834,0.00011104345321655273,0.7,1,BERT:bert_class_weighted,Class weight
1219,emscad_08615,"Knowit består av 1800 spesialister som jobber i skjæringspunktet mellom strategi, kreativitet og teknologi. Kulturen vår",Hvilke APPS vil du skape?,0,0,0.9998751878738403,0.00012481212615966797,0.7,1,BERT:bert_class_weighted,Class weight
1220,emscad_08622,"Come be a part of one of the fastest growing, well-funded and exciting startups in Silicon Valley. Peel makes the world’",Remote Control Solutions Architect,0,0,0.9999454617500305,5.453824996948242e-05,0.7,1,BERT:bert_class_weighted,Class weight
1221,emscad_08624,Human capital is usually the biggest asset and expense for a company. Making the right hire – the first time – is critic,Vice President of Finance,0,0,0.9999505281448364,4.947185516357422e-05,0.7,1,BERT:bert_class_weighted,Class weight
1222,emscad_08625,"Job Overview Apex is an environmental consulting firm that offers stable leadership and growth, views employees as valua",Construction Superintendent,0,0,0.9999491572380066,5.08427619934082e-05,0.7,1,BERT:bert_class_weighted,Class weight
1223,emscad_08634,"Valor Services provides Workforce Solutions that meet the needs of companies across the Private Sector, with a special f",CPA Accounting Manager / Medical Billing,0,0,0.9999469518661499,5.3048133850097656e-05,0.7,1,BERT:bert_class_weighted,Class weight
1224,emscad_08640,"Declara is focused on bringing data to life. Our technology platform uses machine learning, search, algorithms and recom",Director of Curriculum & Instructional Design,0,0,0.9999505281448364,4.947185516357422e-05,0.7,1,BERT:bert_class_weighted,Class weight
1225,emscad_08652,"We are Netguru and we love to develop web application based on Ruby On Rails framework. We value quality, transparent co",Senior Developer Ruby on Rails,0,0,0.9999524354934692,4.756450653076172e-05,0.7,1,BERT:bert_class_weighted,Class weight
1226,emscad_08654,Visual BI is one of the leading and fastest growing firms focusing exclusively on BI & Analytics. Our offerings cover en,Top Star BI Hire Program ( SAP BW / BO / HANA),0,0,0.9999462962150574,5.370378494262695e-05,0.7,1,BERT:bert_class_weighted,Class weight
1227,emscad_08655,"Founded in 1993, our group has, in a few short years, earned an excellent reputation for performance & consistent, repea",Production Supervisor,1,1,0.0009765625,0.9990234375,0.7,1,BERT:bert_class_weighted,Class weight
1228,emscad_08656,Massive Media is the social media company behind the successful digital brands #URL_18234f381f5e7b9a9ffdc727cd05c9046edf,Business Developer - Netlog,0,0,0.9999499320983887,5.0067901611328125e-05,0.7,1,BERT:bert_class_weighted,Class weight
1229,emscad_08660,Crowd Analyzer is the 1st fully automated social web monitoring tool in the MENA region which supports Arabic sentiment ,Senior Software Engineer,0,0,0.999945878982544,5.412101745605469e-05,0.7,1,BERT:bert_class_weighted,Class weight
1230,emscad_08665,Crowd Analyzer is the 1st fully automated social web monitoring tool in the MENA region which supports Arabic sentiment ,Senior UI/UX Designer,0,0,0.9999369978904724,6.300210952758789e-05,0.7,1,BERT:bert_class_weighted,Class weight
1231,emscad_08679,We’re always looking for highly motivated “founder-types” to join us as we grow. Here’s what you need to know.,Happiness Recruiter,0,0,0.9999302625656128,6.973743438720703e-05,0.7,1,BERT:bert_class_weighted,Class weight
1232,emscad_08697,"Here is the requirement mentioned below. Please respond with Resume, and Phone number Reply me ASAP...",IOS Lead Developer at MA,0,0,0.95904541015625,0.04095458984375,0.7,1,BERT:bert_class_weighted,Class weight
1233,emscad_08700,Tile is one of the most successful crowd-funded campaigns in history and is building the world’s largest lost and found.,Social Media & Communications Manager,0,0,0.9999497532844543,5.02467155456543e-05,0.7,1,BERT:bert_class_weighted,Class weight
1234,emscad_08703,We are seeking individuals to be connected with companies who are hiring employees directly to work from their homes. Yo,Data Processing Agent,1,1,0.0,1.0,0.7,1,BERT:bert_class_weighted,Class weight
1235,emscad_08707,We are seeking individuals to be connected with companies who are hiring employees directly to work from their homes. Yo,Receptionist Entry Level position,1,1,0.0,1.0,0.7,1,BERT:bert_class_weighted,Class weight
1236,emscad_08708,Opportunity for a Software Architect or a Lead Developer looking to make the step to the next level. (.Net/C# expert),Software Architect,0,0,0.9998161792755127,0.0001838207244873047,0.7,1,BERT:bert_class_weighted,Class weight
1237,emscad_08709,Since 1973: Working together to make our community healthy,Primary Care Outreach Nurse,0,0,0.9999547600746155,4.5239925384521484e-05,0.7,1,BERT:bert_class_weighted,Class weight
1238,emscad_08713,"GPL Technologies is a solutions provider focused on the design, implementation, and support of high-performance informat",Systems Engineer - Vancouver,0,0,0.9999648928642273,3.510713577270508e-05,0.7,1,BERT:bert_class_weighted,Class weight
1239,emscad_08717,MERL's internship program gives students excellent opportunities to work in an industrial research lab environment side-,Smart Grid Operation and Control,0,0,0.9999354481697083,6.455183029174805e-05,0.7,1,BERT:bert_class_weighted,Class weight
1240,emscad_08742,Established on the principles that full time education is not for everyone Spectrum Learning is made up of a team of pas,Content Writer,0,0,0.9999604225158691,3.9577484130859375e-05,0.7,1,BERT:bert_class_weighted,Class weight
1241,emscad_08749,Wedo is a collection of niched e-commerce stores which aim to be the first destination for online shoppers buying in the,Delivery driver at Colchester Home,0,0,0.9999594688415527,4.0531158447265625e-05,0.7,1,BERT:bert_class_weighted,Class weight
1242,emscad_08775,The AdPilot is a startup working on the automation of Google AdWords for eshops. We believe that online advertising is t,Marketing intern,0,0,0.9999622106552124,3.7789344787597656e-05,0.7,1,BERT:bert_class_weighted,Class weight
1243,emscad_08790,Interactive Strategies is a boutique digital agency whose strength lies in understanding the complex relationship that e,Fall Internships,0,0,0.9999576807022095,4.2319297790527344e-05,0.7,1,BERT:bert_class_weighted,Class weight
1244,emscad_08797,Searching for the perfect creative agent or mission? Inside Job Agency finds out the details you need to know in order t,Digital Project Coordinator,0,0,0.9999591708183289,4.082918167114258e-05,0.7,1,BERT:bert_class_weighted,Class weight
1245,emscad_08802,"A lovely School set in a village location on the outskirts of Bristol are currently seeking an experienced Year 1, Key S",Qualified Year 1 Teacher,0,0,0.999868631362915,0.00013136863708496094,0.7,1,BERT:bert_class_weighted,Class weight
1246,emscad_08805,The Copywriter is responsible for conceptual and copy/messaging development and the execution of content driven delivera,Copywriter,0,0,0.9999508857727051,4.9114227294921875e-05,0.7,1,BERT:bert_class_weighted,Class weight
1247,emscad_08816,Who is Ramberg Associates?,Registrar's in General Medicine Australia wide!,0,0,0.9999592900276184,4.07099723815918e-05,0.7,1,BERT:bert_class_weighted,Class weight
1248,emscad_08817,"At McLane Intel, we believe that everyone should love where they work! We understand that our ongoing success is attribu",Desktop Support Technician,0,0,0.9999483823776245,5.161762237548828e-05,0.7,1,BERT:bert_class_weighted,Class weight
1249,emscad_08832,"Novitex Enterprise Solutions, formerly Pitney Bowes Management Services, delivers innovative document and communications",Customer Service Associate - Part Time,0,0,0.9999602437019348,3.975629806518555e-05,0.7,1,BERT:bert_class_weighted,Class weight
1250,emscad_08834,"L O OP is an award winning interactive agency based in Salzburg with satellite offices in Copenhagen, Berlin, Sydney and",Dev Internship Salzburg,0,0,0.999956488609314,4.3511390686035156e-05,0.7,1,BERT:bert_class_weighted,Class weight
1251,emscad_08852,Job Title: Certified Occupational Therapist Assistant Part Time/Full Time,Certified Occupational Therapy Assitant,0,0,0.9821319580078125,0.0178680419921875,0.7,1,BERT:bert_class_weighted,Class weight
1252,emscad_08861,"Candidate will be doing video recording, video editing of our on-going training and then produce decent e-learning conte",Video Editor,0,0,0.9999352097511292,6.479024887084961e-05,0.7,1,BERT:bert_class_weighted,Class weight
1253,emscad_08863,Established on the principles that full time education is not for everyone Spectrum Learning is made up of a team of pas,Northern Ireland Beauty/Fragrance Promotional Staff Needed,0,0,0.9999628067016602,3.719329833984375e-05,0.7,1,BERT:bert_class_weighted,Class weight
1254,emscad_08872,"If you're a closer and have the following qualities of a successful sales person, we want to speak with you: Willingness",Business Account Manager,0,0,0.9987277984619141,0.0012722015380859375,0.7,1,BERT:bert_class_weighted,Class weight
1255,emscad_08884,Established on the principles that full time education is not for everyone Spectrum Learning is made up of a team of pas,M1 Apprentice Office Administrator Under NAS 16-18 Year Olds Only,0,0,0.9999552965164185,4.470348358154297e-05,0.7,1,BERT:bert_class_weighted,Class weight
1256,emscad_08892,Axonix is a global mobile advertising technology company that's powered by a platform with a 4 year history of leading t,Gap Year Java Software Developer,0,0,0.9999328851699829,6.711483001708984e-05,0.7,1,BERT:bert_class_weighted,Class weight
1257,emscad_08894,The Beans Group is a media company that exists to empower young people to thrive. We have been on an exponential growth ,UX Designer - Birmingham,0,0,0.9999597668647766,4.023313522338867e-05,0.7,1,BERT:bert_class_weighted,Class weight
1258,emscad_08903,MISSION:,"Experienced MALE PCP's NEEDED FOR IMMEDIATE CLIENTS! HIGHEST PCP COMPENSATION, BENEFITS & BONUS PROGRAM!!!",0,0,0.999929666519165,7.033348083496094e-05,0.7,1,BERT:bert_class_weighted,Class weight
1259,emscad_08912,Leapfrog Services provides managed IT services for businesses and nonprofits worldwide. Founded in 1998 with the philoso,Network/System Administrator/Engineer,0,0,0.9999522566795349,4.774332046508789e-05,0.7,1,BERT:bert_class_weighted,Class weight
1260,emscad_08913,"Namely is the leading end-to-end HR and payroll platform for growing companies. Offerings include human payroll, benefit",Software Engineer (Payroll),0,0,0.9999578595161438,4.214048385620117e-05,0.7,1,BERT:bert_class_weighted,Class weight
1261,emscad_08914,Our Mortgage Team guides both new and existing clients in purchasing and maintaining the home of their dreams. Our goal ,Loan Specialist (Early Stage),0,0,0.9999511241912842,4.887580871582031e-05,0.7,1,BERT:bert_class_weighted,Class weight
1262,emscad_08915,We’re on a mission to identify a smart and engaging Front-End Developer to join our client’s engineering team. We know y,Front End Web Developer,0,0,0.9998464584350586,0.00015354156494140625,0.7,1,BERT:bert_class_weighted,Class weight
1263,emscad_08922,"Founded by serial entrepreneur Clive Jackson and launched in 2011, Victor is one of the world’s most trusted names in pr",Customer Services Executive: up to 35k depending on experience,0,0,0.999933660030365,6.633996963500977e-05,0.7,1,BERT:bert_class_weighted,Class weight
1264,emscad_08928,"Equinix is the leading global interconnection platform, accelerating business performance by connecting companies to the","Sr. Manager, Global Solutions Architects",0,0,0.9999268651008606,7.31348991394043e-05,0.7,1,BERT:bert_class_weighted,Class weight
1265,emscad_08936,"We are not your average Monday mail recruiters. We are here to align stars and connect dots, not just match titles with ",NARRATIVE: Director of Content Development,0,0,0.9999600648880005,3.993511199951172e-05,0.7,1,BERT:bert_class_weighted,Class weight
1266,emscad_08937,"Hi ""Tech Leads"",",iPhone - Project Leader,0,0,0.9999487400054932,5.125999450683594e-05,0.7,1,BERT:bert_class_weighted,Class weight
1267,emscad_08943,"Cigniti Inc. is a 15 year old Irving, TX based professional services and staffing company which helped companies like Tr",Solutions Architect-Enterprise Information Management,0,0,0.9999535083770752,4.649162292480469e-05,0.7,1,BERT:bert_class_weighted,Class weight
1268,emscad_08946,"Cigniti Inc. is a 15 year old Irving, TX based professional services and staffing company which helped companies like Tr",Golden Gate Expert,0,0,0.9999516606330872,4.83393669128418e-05,0.7,1,BERT:bert_class_weighted,Class weight
1269,emscad_08954,Shirley Parsons LLC is a specialist recruitment consultancy working within the Environmental and Health & Safety markets,Environmental Health & Safety Compliance Manager,0,0,0.9999610185623169,3.898143768310547e-05,0.7,1,BERT:bert_class_weighted,Class weight
1270,emscad_08967,We Help Create Communities that Withstand the Test of Time,Maintenance Technician,0,0,0.9999573230743408,4.267692565917969e-05,0.7,1,BERT:bert_class_weighted,Class weight
1271,emscad_08979,"Conseev is a small, fun, fast-growing technology company that is looking for an ambitious individual to help build out t",Marketing Manager,0,0,0.9999279975891113,7.200241088867188e-05,0.7,1,BERT:bert_class_weighted,Class weight
1272,emscad_08983,"Valor Services provides Workforce Solutions that meet the needs of companies across the Private Sector, with a special f",Recruiter / Sourcer,0,0,0.9999393820762634,6.0617923736572266e-05,0.7,1,BERT:bert_class_weighted,Class weight
1273,emscad_08989,"Novitex Enterprise Solutions, formerly Pitney Bowes Management Services, delivers innovative document and communications",Customer Service Associate,0,0,0.9999628067016602,3.719329833984375e-05,0.7,1,BERT:bert_class_weighted,Class weight
1274,emscad_08998,You will collaborate with the team leader and application development management and development staff to develop techni,Senior JAVA Developer,0,0,0.9998911023139954,0.00010889768600463867,0.7,1,BERT:bert_class_weighted,Class weight
1275,emscad_08999,"Lost My Name combines the power of storytelling with the possibilities of technology to make magical, personalised books",Data analyst intership (paid),0,0,0.99993497133255,6.502866744995117e-05,0.7,1,BERT:bert_class_weighted,Class weight
1276,emscad_09005,EUROPEAN DYNAMICS (#URL_c66532ffa1ce76ab447da6774719060c42c584edbf44d74cdb94fc4ac219ca45#) is a leading European Softwar,Expert on XML Legislative Standards,0,0,0.9999589920043945,4.100799560546875e-05,0.7,1,BERT:bert_class_weighted,Class weight
1277,emscad_09007,This position will be working on a new software release.,Java Developer,0,0,0.9999556541442871,4.4345855712890625e-05,0.7,1,BERT:bert_class_weighted,Class weight
1278,emscad_09008,"Indianapolis eye doctors since 1940 and now with eye doctors across the state at our 19 locations, Dr. Tavel Family Eye ",Optometrist,0,0,0.9999549388885498,4.506111145019531e-05,0.7,1,BERT:bert_class_weighted,Class weight
1279,emscad_09023,Established on the principles that full time education is not for everyone Spectrum Learning is made up of a team of pas,Wakefield Social Media Apprenticeship Under NAS 16-18 Year Olds Only,0,0,0.9999520778656006,4.792213439941406e-05,0.7,1,BERT:bert_class_weighted,Class weight
1280,emscad_09040,PEI Media ( #URL_4cffe430b8da4c0d7e6074d11e638d28a1e165c8782b891e111fc17606c3d961# ) provides a range of highly respecte,"Reporter ""Private Equity International""",0,0,0.9999558329582214,4.416704177856445e-05,0.7,1,BERT:bert_class_weighted,Class weight
1281,emscad_09044,"Recombine provides clinical genetic testing. CarrierMap, the first product created at Recombine, is the most comprehensi",Director of Operations,0,0,0.9999487400054932,5.125999450683594e-05,0.7,1,BERT:bert_class_weighted,Class weight
1282,emscad_09060,Le Meridien is situated in the heart of kuala lumpur's tourist centre. We provide and exciting and entertaining experien,Executive Chef,1,1,0.00048828125,0.99951171875,0.7,1,BERT:bert_class_weighted,Class weight
1283,emscad_09063,"For over 15 years, CaseNEX has been a leader in the education technology industry and continues to provide flexible and ",JavaScript Developer,0,0,0.9999093413352966,9.065866470336914e-05,0.7,1,BERT:bert_class_weighted,Class weight
1284,emscad_09064,"Valor Services provides Workforce Solutions that meet the needs of companies across the Private Sector, with a special f",Sales Account Manager - Oil and Gas,0,0,0.9999475479125977,5.245208740234375e-05,0.7,1,BERT:bert_class_weighted,Class weight
1285,emscad_09065,"We are a well established Web Development, Design and Marketing firm located in Wilmington, North Carolina. We offer a r",Experienced Graphic Designer,0,0,0.9999544024467468,4.559755325317383e-05,0.7,1,BERT:bert_class_weighted,Class weight
1286,emscad_09077,IntelliBright was created to leverage enterprise level online business practices to generate exclusive leads on behalf o,SEM Manager/Analyst at IntelliBright,0,0,0.9999566674232483,4.3332576751708984e-05,0.7,1,BERT:bert_class_weighted,Class weight
1287,emscad_09106,"We design, deploy, and maintain advanced technologies that enable our customers to achieve operational excellence at sub",Security Administrator,0,0,0.9999452233314514,5.4776668548583984e-05,0.7,1,BERT:bert_class_weighted,Class weight
1288,emscad_09113,"EME International is a global leader in enterprise mobility solutions, partnering with thousands of device makers and co",.Net & Cross Platform Developer ( Jr. & Sr. ),0,0,0.999956488609314,4.3511390686035156e-05,0.7,1,BERT:bert_class_weighted,Class weight
1289,emscad_09115,United Med Force was created due to the high demand for elite sales professionals in the healthcare industry. United Med,Pharmaceutical / Compound Sales Representative- Washington,0,0,0.9999556541442871,4.4345855712890625e-05,0.7,1,BERT:bert_class_weighted,Class weight
1290,emscad_09126,"Based in Hoxton, London, Forward Partners are a “startup catalyst”, combining investment with practical hands-on experti",Internship at Forward Partners,0,0,0.9999489784240723,5.1021575927734375e-05,0.7,1,BERT:bert_class_weighted,Class weight
1291,emscad_09139,"Workable is a product-driven software company. With thousands of enterprise users and millions in venture funding, we're",Front-End/JavaScript Engineer,1,0,0.9999310374259949,6.896257400512695e-05,0.7,0,BERT:bert_class_weighted,Class weight
1292,emscad_09140,Project Controls Specialist position catered towards the engineering group. This position would serve as a PCS supportin,Project Controls Specialist,0,0,0.9998639822006226,0.0001360177993774414,0.7,1,BERT:bert_class_weighted,Class weight
1293,emscad_09147,Great Customer Service from Start to Finish,Sales Professional - Buiding Products,0,0,0.9999531507492065,4.684925079345703e-05,0.7,1,BERT:bert_class_weighted,Class weight
1294,emscad_09151,"As augmented reality jobs go, one at Blippar is hard to beat. We are a rapidly expanding creative startup at the forefro",Agency Account Manager,0,0,0.9999497532844543,5.02467155456543e-05,0.7,1,BERT:bert_class_weighted,Class weight
1295,emscad_09154,Who are We?,Healthcare IT Recruiter,0,0,0.9999573230743408,4.267692565917969e-05,0.7,1,BERT:bert_class_weighted,Class weight
1296,emscad_09155,"Valor Services provides Workforce Solutions that meet the needs of companies across the Private Sector, with a special f",ER&S Project Controls Approval Management Specialist,0,0,0.9999485611915588,5.143880844116211e-05,0.7,1,BERT:bert_class_weighted,Class weight
1297,emscad_09157,"Babbel enables anyone to learn languages in an easy and interactive way. The learning system offers 13 languages, from E",Personal Assistant to the CEO (m/f),0,0,0.9999554753303528,4.45246696472168e-05,0.7,1,BERT:bert_class_weighted,Class weight
1298,emscad_09171,"Neusoft America is a division of Neusoft, the largest IT Solutions & Services provider in China with a US presence that ",Android Framework Software Engineer,0,0,0.9999566674232483,4.3332576751708984e-05,0.7,1,BERT:bert_class_weighted,Class weight
1299,emscad_09174,The story of the Great Chicago Fire of 1871 isn’t really about the fire. It’s about what happened next: A remarkable mom,Lead Full Stack Developer - SpotHero,0,0,0.9999524354934692,4.756450653076172e-05,0.7,1,BERT:bert_class_weighted,Class weight
1300,emscad_09177,Established on the principles that full time education is not for everyone Spectrum Learning is made up of a team of pas,Manchester Apprentice Office Administrator Under NAS 16-18 Year Olds Only,0,0,0.999960720539093,3.927946090698242e-05,0.7,1,BERT:bert_class_weighted,Class weight
1301,emscad_09204,"Levo League is a thriving community of young professionals, role models, and innovative companies taking Gen Y by storm.",Full Stack Developer,0,0,0.9999489784240723,5.1021575927734375e-05,0.7,1,BERT:bert_class_weighted,Class weight
1302,emscad_09216,"Crosspoint solutions CrossPoint Solutions NV , gevestigd te Kontich, maakt deel uit van de sterke en steeds groeiende Cr",Analist / Projectleider,0,0,0.9999245405197144,7.545948028564453e-05,0.7,1,BERT:bert_class_weighted,Class weight
1303,emscad_09230,Why CSD?,Minnesota Part time Maintenance,0,0,0.9999544024467468,4.559755325317383e-05,0.7,1,BERT:bert_class_weighted,Class weight
1304,emscad_09231,The Boston Consulting Group ( #URL_45423e1e16703aa4d8ee444d3ad69bb51525f1dad0b3115713cf80dc496299e2# ) has launched a ne,Product Manager,0,0,0.9999596476554871,4.035234451293945e-05,0.7,1,BERT:bert_class_weighted,Class weight
1305,emscad_09241,"HealthLink provides a computer communications system that links the information technology systems of more than 10,000 m",Content Manager/Medical Writer,0,0,0.999929666519165,7.033348083496094e-05,0.7,1,BERT:bert_class_weighted,Class weight
1306,emscad_09247,Gust is a global platform for the sourcing and management of early-stage investments. Gust enables skilled entrepreneurs,"Manager, Business Development",0,0,0.9999568462371826,4.315376281738281e-05,0.7,1,BERT:bert_class_weighted,Class weight
1307,emscad_09248,Upstream’s mission is to revolutionise the way companies market to consumers through cutting edge technology. This is an,Applications Administrator,0,0,0.9999573230743408,4.267692565917969e-05,0.7,1,BERT:bert_class_weighted,Class weight
1308,emscad_09252,"ABC Supply Co., Inc. is the nation’s largest wholesale distributor of roofing and one of the largest distributors of sid",CDL Driver-Gurnee,0,0,0.9999471306800842,5.2869319915771484e-05,0.7,1,BERT:bert_class_weighted,Class weight
1309,emscad_09254,"SpotSource Solutions LLC is a Global Human Capital Management Consulting firm headquartered in Miami, Florida. Founded i",Sales Leader,0,0,0.9999552965164185,4.470348358154297e-05,0.7,1,BERT:bert_class_weighted,Class weight
1310,emscad_09259,Massive Media is the social media company behind the successful digital brands #URL_18234f381f5e7b9a9ffdc727cd05c9046edf,Assistant Accounting,0,0,0.9999419450759888,5.805492401123047e-05,0.7,1,BERT:bert_class_weighted,Class weight
1311,emscad_09265,The Global eCommerce & Digital Manager will be responsible for:,"Assistant Manager, Global eCommerce & Digital Marketing",0,0,0.9999531507492065,4.684925079345703e-05,0.7,1,BERT:bert_class_weighted,Class weight
1312,emscad_09267,This Junior development opportunity is all about joining an established team and growing your development skills while p,Software Engineer I-Junior Developer,0,0,0.9998775720596313,0.00012242794036865234,0.7,1,BERT:bert_class_weighted,Class weight
1313,emscad_09279,"Valor Services provides Workforce Solutions that meet the needs of companies across the Private Sector, with a special f",Desktop Deployment Technician Level 3+,0,0,0.999958336353302,4.166364669799805e-05,0.7,1,BERT:bert_class_weighted,Class weight
1314,emscad_09286,#URL_50cc89ecbf2d4ceda36598af3573463d57b5ad2c45a628f06cf5c12851136fdb# is the crowdfunding platform to finance creativit,"Expert lead, investment and banking activities",0,0,0.9999560117721558,4.398822784423828e-05,0.7,1,BERT:bert_class_weighted,Class weight
1315,emscad_09307,"With offices across UK, mainland Europe, Australia, New Zealand, and the United States, Squiz helps clients across the g",Head of Client Services (Group Account Director),0,0,0.9999635219573975,3.647804260253906e-05,0.7,1,BERT:bert_class_weighted,Class weight
1316,emscad_09309,Established on the principles that full time education is not for everyone Spectrum Learning is made up of a team of pas,Oxford Customer Service Apprenticeship Under NAS 16-18 Year Olds Only,0,0,0.9999576807022095,4.2319297790527344e-05,0.7,1,BERT:bert_class_weighted,Class weight
1317,emscad_09312,"Located in the heart of downtown Kansas City, we’re redefining the future of fan engagement and innovative business solu",Engineering Lead,0,0,0.999960720539093,3.927946090698242e-05,0.7,1,BERT:bert_class_weighted,Class weight
1318,emscad_09325,"Shyp is the easiest way to send anything, anywhere.",Shyp Hero Courier - Los Angeles,0,0,0.9999594688415527,4.0531158447265625e-05,0.7,1,BERT:bert_class_weighted,Class weight
1319,emscad_09327,Position: BIG DATA - Hadoop Designer,Big Data - Hadoop Designer,0,0,0.9978427886962891,0.0021572113037109375,0.7,1,BERT:bert_class_weighted,Class weight
1320,emscad_09334,Zylun is expanding the recruiting landscape for companies worldwide. We help businesses better compete and increase prof,ANDROID DEVELOPER,0,0,0.9995720386505127,0.0004279613494873047,0.7,1,BERT:bert_class_weighted,Class weight
1321,emscad_09366,Established on the principles that full time education is not for everyone Spectrum Learning is made up of a team of pas,Thirsk Manufacturing Apprenticeship Under NAS 16-18 Year Olds Only,0,0,0.999947726726532,5.227327346801758e-05,0.7,1,BERT:bert_class_weighted,Class weight
1322,emscad_09369,Are you passionate about coding and problem solving? Are you excited about working in a dynamic environment where you wi,Software Developer,0,0,0.9997602701187134,0.0002397298812866211,0.7,1,BERT:bert_class_weighted,Class weight
1323,emscad_09376,"We're an emerging technology agency, and we build breakthrough products through user-centered design. We're building a t",Senior QA Engineer,0,0,0.9998736381530762,0.00012636184692382812,0.7,1,BERT:bert_class_weighted,Class weight
1324,emscad_09383,Established on the principles that full time education is not for everyone Spectrum Learning is made up of a team of pas,Doncaster Apprentice Admin Assistant Under NAS 16-18 Year Olds Only,0,0,0.9999538660049438,4.6133995056152344e-05,0.7,1,BERT:bert_class_weighted,Class weight
1325,emscad_09385,Powerful Business Intelligence and Simple Inventory Management for mobile points of sale.,Software Engineer I,0,0,0.999940812587738,5.918741226196289e-05,0.7,1,BERT:bert_class_weighted,Class weight
1326,emscad_09389,Roka Security is a boutique security firm that specializes in full-scale network protection and defending against advanc,Python Software Developer,0,0,0.9999489784240723,5.1021575927734375e-05,0.7,1,BERT:bert_class_weighted,Class weight
1327,emscad_09394,"Practical Fish was founded in June, 2012 with a vision to provide high quality software development services.",QA Engineer (1-4 Years Exp),0,0,0.9999369978904724,6.300210952758789e-05,0.7,1,BERT:bert_class_weighted,Class weight
1328,emscad_09400,"As a maestro commands notes, instruments and timing to produce a symphony, an ideal website content management system (C",Web ASP.NET/C# Developer (Remote),0,0,0.9999547600746155,4.5239925384521484e-05,0.7,1,BERT:bert_class_weighted,Class weight
1329,emscad_09414,Want to build a 21st century financial service?,HR Intern (paid - immediate start),0,0,0.9999552965164185,4.470348358154297e-05,0.7,1,BERT:bert_class_weighted,Class weight
1330,emscad_09443,Established on the principles that full time education is not for everyone Spectrum Learning is made up of a team of pas,WF4 Customer Service Apprenticeship Under NAS 16-18 Year Olds Only,0,0,0.999945878982544,5.412101745605469e-05,0.7,1,BERT:bert_class_weighted,Class weight
1331,emscad_09450,"L O OP is an award winning interactive agency based in Salzburg with satellite offices in Copenhagen, Berlin, Sydney and",Digital Project Manager NYC,0,0,0.9999614953994751,3.8504600524902344e-05,0.7,1,BERT:bert_class_weighted,Class weight
1332,emscad_09463,RESPONSIBILITIES:,TPM ESRI Support Analyst,0,0,0.9999181032180786,8.189678192138672e-05,0.7,1,BERT:bert_class_weighted,Class weight
1333,emscad_09471,Rocketgraph is a marketplace where developers and designers can create and offer cloud powered reports.,Full Stack Engineer,0,0,0.9999372363090515,6.276369094848633e-05,0.7,1,BERT:bert_class_weighted,Class weight
1334,emscad_09473,"We believe clients need a business partner who gets their business, gets the uniqueness of their culture and gets their ",Account Supervisor,0,0,0.9999240040779114,7.599592208862305e-05,0.7,1,BERT:bert_class_weighted,Class weight
1335,emscad_09476,Arrival Education is a social enterprise that transforms the life prospects of young people from disadvantaged communiti,Programme Facilitator: Young People,0,0,0.9999646544456482,3.534555435180664e-05,0.7,1,BERT:bert_class_weighted,Class weight
1336,emscad_09482,"SpotSource Solutions LLC is a Global Human Capital Management Consulting firm headquartered in Miami, Florida. Founded i",Field Sales Representative,0,0,0.9999538660049438,4.6133995056152344e-05,0.7,1,BERT:bert_class_weighted,Class weight
1337,emscad_09493,Millionaires In Training Recruiting Group specializes in placing qualified job seekers in the most successful direct sal,Green Mountain Energy Sales Representative,0,0,0.9999288320541382,7.11679458618164e-05,0.7,1,BERT:bert_class_weighted,Class weight
1338,emscad_09503,Medopad is the leading enterprise mobile health solution that delivers patient information and clinical applications str,Intern & Graduate / Open Positions,0,0,0.999947726726532,5.227327346801758e-05,0.7,1,BERT:bert_class_weighted,Class weight
1339,emscad_09504,PowerbyProxi and its customers are leading a revolution to deliver unplugged power. We have changed the way electricity ,Applications Engineer,0,0,0.9999573230743408,4.267692565917969e-05,0.7,1,BERT:bert_class_weighted,Class weight
1340,emscad_09507,Our History,Heavy Duty Driver,0,0,0.9999467134475708,5.328655242919922e-05,0.7,1,BERT:bert_class_weighted,Class weight
1341,emscad_09511,hello world,COO/CFO,0,0,0.9999538660049438,4.6133995056152344e-05,0.7,1,BERT:bert_class_weighted,Class weight
1342,emscad_09523,"Based in the heart of the City, this exceptional opportunity as Office Manager / HR in a fast-growing tech start-up is a",Office Manager / HR,0,0,0.9999563694000244,4.363059997558594e-05,0.7,1,BERT:bert_class_weighted,Class weight
1343,emscad_09535,"Based in the heart of the City, this exceptional opportunity as Team Leader Concierge in a fast-growing tech start-up is",Team Leader Concierge,0,0,0.9999572038650513,4.279613494873047e-05,0.7,1,BERT:bert_class_weighted,Class weight
1344,emscad_09540,"Based in the heart of the City, this exceptional opportunity as Financial Manager / CFO in a fast-growing tech start-up ",Financial Manager / CFO,0,0,0.9999586939811707,4.13060188293457e-05,0.7,1,BERT:bert_class_weighted,Class weight
1345,emscad_09547,MeUndies is a lifestyle brand that is transforming the way people perceive and purchase their basics. As a vertically in,Marketing Analytics Lead,0,0,0.9999540448188782,4.595518112182617e-05,0.7,1,BERT:bert_class_weighted,Class weight
1346,emscad_09560,Roland & Associates is a Corporate Recruitment Organization providing solutions to Global MNC’s for the past 12 years.,Occupational Physical Therapist,0,0,0.9999524354934692,4.756450653076172e-05,0.7,1,BERT:bert_class_weighted,Class weight
1347,emscad_09569,"We are searching for a strong professional QA member to Lead, Create and Develop test cases and procedures as derived fr",Senior QA Member - Bulgaria,0,0,0.9998931884765625,0.0001068115234375,0.7,1,BERT:bert_class_weighted,Class weight
1348,emscad_09570,"Neusoft America is a division of Neusoft, the largest IT Solutions & Services provider in China with a US presence that ",HMI Software Engineer,0,0,0.9999450445175171,5.4955482482910156e-05,0.7,1,BERT:bert_class_weighted,Class weight
1349,emscad_09577,Established on the principles that full time education is not for everyone Spectrum Learning is made up of a team of pas,York Fragrance and Beauty Promotional Work,0,0,0.9999575018882751,4.2498111724853516e-05,0.7,1,BERT:bert_class_weighted,Class weight
1350,emscad_09597,"Being into the IT domain for over 4 years, Walkover specializes in web based application development and mobile applicat",Windows Phone Application Developer,0,0,0.9999015927314758,9.840726852416992e-05,0.7,1,BERT:bert_class_weighted,Class weight
1351,emscad_09616,"We are a successful, growing general contractor located in Skagit County with a contract backlog. We believe that we hav",Construction Project Engineer,0,0,0.9999305009841919,6.949901580810547e-05,0.7,1,BERT:bert_class_weighted,Class weight
1352,emscad_09627,"Valor Services provides Workforce Solutions that meet the needs of companies across the Private Sector, with a special f",Sr. Engineering Tech,0,0,0.999943733215332,5.626678466796875e-05,0.7,1,BERT:bert_class_weighted,Class weight
1353,emscad_09630,"In OPUS Integrated Communication we plan, organize and implement the strategic communication and marketing for companies",Account Manager,0,0,0.9999489784240723,5.1021575927734375e-05,0.7,1,BERT:bert_class_weighted,Class weight
1354,emscad_09633,"We are a startup digital agency that is “helping companies make money online” by specializing in AdWords, Analytics and ",Data Analyst (internship),0,0,0.9999524354934692,4.756450653076172e-05,0.7,1,BERT:bert_class_weighted,Class weight
1355,emscad_09637,InVision is a venture-backed startup working to create the world's best design communication and collaboration platform.,Engineering Project/Program Manager (remote/telecommute),0,0,0.9999608397483826,3.916025161743164e-05,0.7,1,BERT:bert_class_weighted,Class weight
1356,emscad_09643,Established on the principles that full time education is not for everyone Spectrum Learning is made up of a team of pas,Peterborough Beauty/Fragrance Staff Needed,0,0,0.9999561905860901,4.380941390991211e-05,0.7,1,BERT:bert_class_weighted,Class weight
1357,emscad_09644,"LCC is a great company to work, we have a very fun culture and are flexible on work timings! As we are a global company ",Site Solution Designer,0,0,0.9999008178710938,9.918212890625e-05,0.7,1,BERT:bert_class_weighted,Class weight
1358,emscad_09646,BADR is an established company that is striding in to the world of big-data with formal expertise and the right technolo,iOS Senior Software Engineer,0,0,0.9999540448188782,4.595518112182617e-05,0.7,1,BERT:bert_class_weighted,Class weight
1359,emscad_09654,Blackwater Agency has a few positions for Security Officers who meets the following requirements in Miami . The duties w,Immediate D & G Officer Opening (North Miami),0,0,0.9999008178710938,9.918212890625e-05,0.7,1,BERT:bert_class_weighted,Class weight
1360,emscad_09672,Soft ware Com petitiveness International (SOFTCOM INTERNATIONAL) is characterized for personel excellence .,Senior Java developers (Java SE),0,0,0.9999563694000244,4.363059997558594e-05,0.7,1,BERT:bert_class_weighted,Class weight
1361,emscad_09678,Forward3D is the largest independent digital marketing agency in Britain. We run cutting edge digital marketing campaign,Receptionist - 10 hours a week,0,0,0.999965488910675,3.451108932495117e-05,0.7,1,BERT:bert_class_weighted,Class weight
1362,emscad_09683,"Empower America is mission driven to recruit, train and employ our military veterans into careers in renewable energy th",Military Veterans Wanted for Solar Energy Construction,0,0,0.9999529719352722,4.70280647277832e-05,0.7,1,BERT:bert_class_weighted,Class weight
1363,emscad_09695,Reformation is a group of young designers and forward-thinkers led by Founder / CEO / Creative Director – Yael Aflalo. I,QA Manager,0,0,0.9999524354934692,4.756450653076172e-05,0.7,1,BERT:bert_class_weighted,Class weight
1364,emscad_09715,Job description:,Ad campaign coordinator (Polish speaking),0,0,0.9999611973762512,3.88026237487793e-05,0.7,1,BERT:bert_class_weighted,Class weight
1365,emscad_09727,"Farmigo is a mission-driven startup with a simple, ambitious goal: we want to make local, sustainably produced food more",Director of Partnerships,0,0,0.9999538660049438,4.6133995056152344e-05,0.7,1,BERT:bert_class_weighted,Class weight
1366,emscad_09734,At the core of IT’s challenges is a perennial cycle where the majority of budgets are consumed maintaining existing syst,Supply Chain Logistics Analyst,0,0,0.9999485611915588,5.143880844116211e-05,0.7,1,BERT:bert_class_weighted,Class weight
1367,emscad_09738,"Babbel enables anyone to learn languages in an easy and interactive way. The learning system offers 13 languages, from E",Freelance Authors and Editors (m/f) for Danish Courses,0,0,0.999963104724884,3.68952751159668e-05,0.7,1,BERT:bert_class_weighted,Class weight
1368,emscad_09739,"Tidewater Finance Co. was established in 1992 for the initial purpose of purchasing, and servicing retail installment co",Marketing Representative,0,0,0.9999503493309021,4.965066909790039e-05,0.7,1,BERT:bert_class_weighted,Class weight
1369,emscad_09745,Flite delivers ad innovation at scale to the world's top publishers and brands. Marketers use the self-service Flite Pla,Account Executive (New York City),0,0,0.999965488910675,3.451108932495117e-05,0.7,1,BERT:bert_class_weighted,Class weight
1370,emscad_09754,We are looking for a contractors/individual who can perform general maintenance and repairs on residential properties. W,Property Preservation Field Crews,1,1,0.0,1.0,0.7,1,BERT:bert_class_weighted,Class weight
1371,emscad_09755,carwow is a comparison site that takes the uncertainty and hassle out of buying a new car. We’re passionate about gettin,Automotive Writer,0,0,0.9999522566795349,4.774332046508789e-05,0.7,1,BERT:bert_class_weighted,Class weight
1372,emscad_09770,SalesDouble is a small but well established and fast growing national firm specializing in sales and marketing solutions,Administrative / General Office / Data Entry,0,0,0.650390625,0.349609375,0.7,1,BERT:bert_class_weighted,Class weight
1373,emscad_09782,Tullow Oil Limited require the services of an experience Security Guards. Salary monthly:Negotiable and attractive Locat,Security Guard,0,0,0.9998488426208496,0.00015115737915039062,0.7,1,BERT:bert_class_weighted,Class weight
1374,emscad_09785,Our family owned Tile & Stone company is looking for pickup driver part time picking up materials from our suppliers.,Pick Up Driver Needed!!!,0,0,0.9999326467514038,6.73532485961914e-05,0.7,1,BERT:bert_class_weighted,Class weight
1375,emscad_09786,"Super Soccer Stars is the country's most popular soccer development program for kids. For over a decade, we have provide",Coaching Coordinator,0,0,0.9999589920043945,4.100799560546875e-05,0.7,1,BERT:bert_class_weighted,Class weight
1376,emscad_09790,Reevoo is a pioneering Ratings and Reviews provider. We are the independent reviews service people trust. And Our Engine,Ruby Developer,0,0,0.9999421834945679,5.7816505432128906e-05,0.7,1,BERT:bert_class_weighted,Class weight
1377,emscad_09794,"Novitex Enterprise Solutions, formerly Pitney Bowes Management Services, delivers innovative document and communications",Customer Service Team Lead,0,0,0.9999620914459229,3.790855407714844e-05,0.7,1,BERT:bert_class_weighted,Class weight
1378,emscad_09796,Essence London is a members lifestyle club – offering bespoke concierge service and proactive assistance to a select few,Membership Consultant for Arabic Desk,0,0,0.9999398589134216,6.014108657836914e-05,0.7,1,BERT:bert_class_weighted,Class weight
1379,emscad_09797,We are a PR and social media agency that goes ALL IN to create campaigns people can't stop talking about for major consu,Operations Manager,0,0,0.9999540448188782,4.595518112182617e-05,0.7,1,BERT:bert_class_weighted,Class weight
1380,emscad_09820,Salary Range,"Coding Manager (Hospital Near Portland, OR)",0,0,0.9999462962150574,5.370378494262695e-05,0.7,1,BERT:bert_class_weighted,Class weight
1381,emscad_09826,Point Nine Capital is a Berlin-based venture capital firm focused exclusively on early-stage Internet investments in are,Work for Point Nine (VC),0,0,0.9999625086784363,3.74913215637207e-05,0.7,1,BERT:bert_class_weighted,Class weight
1382,emscad_09835,#URL_ddb080358fa5eecf5a67c649cfb4ffc343c484389f1bbaf2a1cb071e3f2b6e7e# and Aptitude Staffing Solutions have partnered up,Director of Product Management,1,1,0.0,1.0,0.7,1,BERT:bert_class_weighted,Class weight
1383,emscad_09836,VisaHQ hires a diverse and internationally minded staff of professional and reliable employees who are dedicated to brea,Outside Sales Executive,0,0,0.9999299645423889,7.003545761108398e-05,0.7,1,BERT:bert_class_weighted,Class weight
1384,emscad_09856,"Novitex Enterprise Solutions, formerly Pitney Bowes Management Services, delivers innovative document and communications",Customer Service Team Lead,0,0,0.9999610185623169,3.898143768310547e-05,0.7,1,BERT:bert_class_weighted,Class weight
1385,emscad_09858,"Founded in the mid 2000′s, our services include building and management of systems that provide the overall web infrastr",Project Manager / Architect,0,0,0.9999572038650513,4.279613494873047e-05,0.7,1,BERT:bert_class_weighted,Class weight
1386,emscad_09881,Shirley Parsons LLC is a specialist recruitment consultancy working within the Environmental and Health & Safety markets,EHS Compliance Manager,0,0,0.9999533295631409,4.667043685913086e-05,0.7,1,BERT:bert_class_weighted,Class weight
1387,emscad_09893,"Novitex Enterprise Solutions, formerly Pitney Bowes Management Services, delivers innovative document and communications",Team Lead Driver II,0,0,0.9999585151672363,4.1484832763671875e-05,0.7,1,BERT:bert_class_weighted,Class weight
1388,emscad_09899,"Founded by serial entrepreneur Clive Jackson and launched in 2011, Victor is one of the world’s most trusted names in pr",Want to work at Victor?,0,0,0.9999585151672363,4.1484832763671875e-05,0.7,1,BERT:bert_class_weighted,Class weight
1389,emscad_09913,Human Resource Solutions for the Consulting | Staffing | Outsourcing Industries,4 month role Tier 3 Support,0,0,0.9998691082000732,0.0001308917999267578,0.7,1,BERT:bert_class_weighted,Class weight
1390,emscad_09918,"Argenta Field Solutions values the client, creates income streams for them through our sales mechanism and focuses on qu",Sales Representative with Management Training - AT&T,0,0,0.9999483823776245,5.161762237548828e-05,0.7,1,BERT:bert_class_weighted,Class weight
1391,emscad_09923,We Provide Full Time Permanent Positions for many medium to large US companies. We are interested in finding/recruiting ,Lean Manufacturing,0,0,0.9999629259109497,3.707408905029297e-05,0.7,1,BERT:bert_class_weighted,Class weight
1392,emscad_09927,Market News International is a financial news service company based in New York City. We are a subsidiary division to De,Office Administrator/Accounts Receivable Liaison,0,0,0.9999552965164185,4.470348358154297e-05,0.7,1,BERT:bert_class_weighted,Class weight
1393,emscad_09933,About the Company We are ticketscript - the European market leaders in digital self-ticketing. Whether it’s massive danc,Account Manager NL,0,0,0.999961793422699,3.820657730102539e-05,0.7,1,BERT:bert_class_weighted,Class weight
1394,emscad_09935,WorkSmart is the leading Managed IT Services consulting firm in the Carolinas. We provide small & mid-sized businesses w,Technical Support Representative,0,0,0.9999585151672363,4.1484832763671875e-05,0.7,1,BERT:bert_class_weighted,Class weight
1395,emscad_09942,Vayu builds affordable unmanned aerial vehicles (UAVs) for healthcare supply chain management and post-disaster aid deli,Avionics Systems Engineer,0,0,0.9999549388885498,4.506111145019531e-05,0.7,1,BERT:bert_class_weighted,Class weight
1396,emscad_09949,POSITION SUMMARY:,Quality Assurance Engineer,0,0,0.9984636306762695,0.0015363693237304688,0.7,1,BERT:bert_class_weighted,Class weight
1397,emscad_09962,"Babbel enables anyone to learn languages in an easy and interactive way. The learning system offers 13 languages, from E",Freelance Translators (m/f) into Brazilian Portuguese,0,0,0.9999549388885498,4.506111145019531e-05,0.7,1,BERT:bert_class_weighted,Class weight
1398,emscad_09963,"Palm Springs, CA area",Assistant Chief Nursing Officer,0,0,0.9996993541717529,0.0003006458282470703,0.7,1,BERT:bert_class_weighted,Class weight
1399,emscad_09968,"Namely is the leading end-to-end HR and payroll platform for growing companies. Offerings include human payroll, benefit",Sales Development Specialist,0,0,0.9999611973762512,3.88026237487793e-05,0.7,1,BERT:bert_class_weighted,Class weight
1400,emscad_09975,Zylun is expanding the recruiting landscape for companies worldwide. We help businesses better compete and increase prof,FRONT END WEB DEVELOPER,0,0,0.9999324083328247,6.759166717529297e-05,0.7,1,BERT:bert_class_weighted,Class weight
1401,emscad_09978,Transifex is a SaaS continuous localization platform powering the process of launching products into multiple languages ,Marketing Program Manager,0,0,0.9999611973762512,3.88026237487793e-05,0.7,1,BERT:bert_class_weighted,Class weight
1402,emscad_09988,United Cerebral Palsy of Oregon & SW Washington (UCP) supports adults with all kinds of developmental disabilities (not ,Employment Specialist,0,0,0.9999552965164185,4.470348358154297e-05,0.7,1,BERT:bert_class_weighted,Class weight
1403,emscad_09989,About Fundzio,Business Cash Advance Sales - $100K +++ Earning potential!,0,0,0.931396484375,0.068603515625,0.7,1,BERT:bert_class_weighted,Class weight
1404,emscad_10000,United Cerebral Palsy of Oregon & SW Washington (UCP) supports adults with all kinds of developmental disabilities (not ,Personal Agent/Special Projects Coordinator,0,0,0.9999619126319885,3.808736801147461e-05,0.7,1,BERT:bert_class_weighted,Class weight
1405,emscad_10001,United Cerebral Palsy of Oregon & SW Washington (UCP) supports adults with all kinds of developmental disabilities (not ,Weekend Caregiver for a Hip Young Man,0,0,0.9999505281448364,4.947185516357422e-05,0.7,1,BERT:bert_class_weighted,Class weight
1406,emscad_10015,Our History,Driver - Light Duty (Kent),0,0,0.999943733215332,5.626678466796875e-05,0.7,1,BERT:bert_class_weighted,Class weight
1407,emscad_10019,KeyMe is a robotics company based in NYC. We have a fun and laid back culture with highly motivated team members. Our fo,Ruby on Rails Developer,0,0,0.9999522566795349,4.774332046508789e-05,0.7,1,BERT:bert_class_weighted,Class weight
1408,emscad_10021,"Based in Hoxton, London, Forward Partners are a “startup catalyst”, combining investment with practical hands-on experti",Software Engineer at a Venture Capital Studio,0,0,0.99994957447052,5.042552947998047e-05,0.7,1,BERT:bert_class_weighted,Class weight
1409,emscad_10026,We are seeking an experienced e-commerce marketing manager. The successful candidate will develop / manage e-commerce st,Marketing Manager,0,0,0.9999294281005859,7.05718994140625e-05,0.7,1,BERT:bert_class_weighted,Class weight
1410,emscad_10031,Want to build a 21st century financial service?,Android developer,0,0,0.9998836517333984,0.0001163482666015625,0.7,1,BERT:bert_class_weighted,Class weight
1411,emscad_10036,Tel Tech Networks is a Voice/Data/Video/Security systems contractor operating primarily in the Southwestern United State,Fiber Technician,0,0,0.9999540448188782,4.595518112182617e-05,0.7,1,BERT:bert_class_weighted,Class weight
1412,emscad_10046,Our History,Driver - Heavy Duty (Kent),0,0,0.999943733215332,5.626678466796875e-05,0.7,1,BERT:bert_class_weighted,Class weight
1413,emscad_10056,PowerbyProxi and its customers are leading a revolution to deliver unplugged power. We have changed the way electricity ,Director - Product Verification & Testing,0,0,0.9999481439590454,5.1856040954589844e-05,0.7,1,BERT:bert_class_weighted,Class weight
1414,emscad_10067,Dropoff is modernizing courier and same-day delivery by providing our business customers a superior experience built on ,"Dropoff Driver ""Agent"" - Austin",0,0,0.9999469518661499,5.3048133850097656e-05,0.7,1,BERT:bert_class_weighted,Class weight
1415,emscad_10110,"Typeform is a tech start-up which is transforming data collection into a flexible, intuitive and incredibly engaging use",SysAdmin,0,0,0.9999531507492065,4.684925079345703e-05,0.7,1,BERT:bert_class_weighted,Class weight
1416,emscad_10119,United Cerebral Palsy of Oregon & SW Washington (UCP) supports adults with all kinds of developmental disabilities (not ,Fiscal and Data Manager,0,0,0.9999619126319885,3.808736801147461e-05,0.7,1,BERT:bert_class_weighted,Class weight
1417,emscad_10120,Massive Media is the social media company behind the successful digital brands #URL_18234f381f5e7b9a9ffdc727cd05c9046edf,Head of Mobile Development,0,0,0.999887228012085,0.00011277198791503906,0.7,1,BERT:bert_class_weighted,Class weight
1418,emscad_10135,Massive Media is the social media company behind the successful digital brands #URL_18234f381f5e7b9a9ffdc727cd05c9046edf,Assistant Reception/Administration,0,0,0.9999556541442871,4.4345855712890625e-05,0.7,1,BERT:bert_class_weighted,Class weight
1419,emscad_10151,"Novitex Enterprise Solutions, formerly Pitney Bowes Management Services, delivers innovative document and communications",Customer Service Associate- On Call,0,0,0.9999634027481079,3.6597251892089844e-05,0.7,1,BERT:bert_class_weighted,Class weight
1420,emscad_10160,"Voyageur is one of Ontario's leading transportation companies, serving Southwestern and Central Ontario for over 34 year",Customer Service Representative,0,0,0.9999513030052185,4.869699478149414e-05,0.7,1,BERT:bert_class_weighted,Class weight
1421,emscad_10161,"Novitex Enterprise Solutions, formerly Pitney Bowes Management Services, delivers innovative document and communications",Customer Service Associate- Part Time,0,0,0.9999635219573975,3.647804260253906e-05,0.7,1,BERT:bert_class_weighted,Class weight
1422,emscad_10166,Workable is a venture-backed startup making cloud-based recruitment software for fast-growing companies around the world,Domain Expert,0,0,0.9999481439590454,5.1856040954589844e-05,0.7,1,BERT:bert_class_weighted,Class weight
1423,emscad_10169,"We're an emerging technology agency, and we build breakthrough products through user-centered design. We're building a t","Director, Client Services & Business Strategy",0,0,0.9997941255569458,0.00020587444305419922,0.7,1,BERT:bert_class_weighted,Class weight
1424,emscad_10194,"With over 1,300 investment professionals located throughout the United States and Canada, Marcus & Millichap (NYSE: MMI)",Part Time Administrative Assistant,0,0,0.9998902678489685,0.00010973215103149414,0.7,1,BERT:bert_class_weighted,Class weight
1425,emscad_10201,"#URL_c59e83e0460115b6817e5222a26b0e0f821ffad0ef2167b473cb66e5e7192142# is the creator of the first ""Everywhere"" social n",VP Strategic & Partnerships,0,0,0.9999605417251587,3.9458274841308594e-05,0.7,1,BERT:bert_class_weighted,Class weight
1426,emscad_10203,ding* is the world’s largest top-up provider. Created to help people working abroad to support and keep in touch with lo,Customer Acquisition Legend (Digital Marketing Manager),0,0,0.999965488910675,3.451108932495117e-05,0.7,1,BERT:bert_class_weighted,Class weight
1427,emscad_10232,We Provide Full Time Permanent Positions for many medium to large US companies. We are interested in finding/recruiting ,"SAP SD Analyst - SAP CRM BW Vendavo - Charlotte, NC",0,0,0.999944806098938,5.519390106201172e-05,0.7,1,BERT:bert_class_weighted,Class weight
1428,emscad_10243,The Below The Line Specialist will be the key person handing the BTL activations related both to Corporate and Brand-foc,BTL Specialist,0,0,0.9999218583106995,7.814168930053711e-05,0.7,1,BERT:bert_class_weighted,Class weight
1429,emscad_10247,Our History,Driver - Light Duty (Portland),0,0,0.999943733215332,5.626678466796875e-05,0.7,1,BERT:bert_class_weighted,Class weight
1430,emscad_10252,Established on the principles that full time education is not for everyone Spectrum Learning is made up of a team of pas,Kitchen manager/Chef,0,0,0.9999581575393677,4.184246063232422e-05,0.7,1,BERT:bert_class_weighted,Class weight
1431,emscad_10258,"As a Database Analyst you’ll leverage our customer and prospect databases to drive revenue, gain new customers, and disc",Database Analyst,0,0,0.9999412298202515,5.8770179748535156e-05,0.7,1,BERT:bert_class_weighted,Class weight
1432,emscad_10264,InVision is a venture-backed startup working to create the world's best design communication and collaboration platform.,Director of PR & Communications,0,0,0.9999544024467468,4.559755325317383e-05,0.7,1,BERT:bert_class_weighted,Class weight
1433,emscad_10271,We Provide Full Time Permanent Positions for many medium to large US companies. We are interested in finding/recruiting ,Manufacturing Engineering Manager,0,0,0.999960720539093,3.927946090698242e-05,0.7,1,BERT:bert_class_weighted,Class weight
1434,emscad_10273,"Agrospecom is a company with a leadership position in the Food Safety sector in Greece. Since 2013, we have embarked on ",Software/Hardware Engineers,0,0,0.9999516606330872,4.83393669128418e-05,0.7,1,BERT:bert_class_weighted,Class weight
1435,emscad_10279,"Novitex Enterprise Solutions, formerly Pitney Bowes Management Services, delivers innovative document and communications",Customer Service Associate - Part Time,0,0,0.9999616146087646,3.838539123535156e-05,0.7,1,BERT:bert_class_weighted,Class weight
1436,emscad_10285,"Crossroads Treatment Centers is a nationally-accredited, medication-assisted, out-patient program that delivers fast, ef",Substance Abuse Counselor (Greensboro Center),0,0,0.9999580383300781,4.1961669921875e-05,0.7,1,BERT:bert_class_weighted,Class weight
1437,emscad_10298,AdExtent is proud to provide cutting edge ReTargeting solution to advertisers and agencies. Our team is a made up of a g,Technical Account Manager,0,0,0.9999527931213379,4.7206878662109375e-05,0.7,1,BERT:bert_class_weighted,Class weight
1438,emscad_10310,"Novitex Enterprise Solutions, formerly Pitney Bowes Management Services, delivers innovative document and communications",Customer Service Associate,0,0,0.9999628067016602,3.719329833984375e-05,0.7,1,BERT:bert_class_weighted,Class weight
1439,emscad_10314,"Novitex Enterprise Solutions, formerly Pitney Bowes Management Services, delivers innovative document and communications",Customer Service Associate,0,0,0.999961793422699,3.820657730102539e-05,0.7,1,BERT:bert_class_weighted,Class weight
1440,emscad_10318,"Novitex Enterprise Solutions, formerly Pitney Bowes Management Services, delivers innovative document and communications",Inventory Capture Associate,0,0,0.9999600648880005,3.993511199951172e-05,0.7,1,BERT:bert_class_weighted,Class weight
1441,emscad_10325,"At McLane Intel, we believe that everyone should love where they work! We understand that our ongoing success is attribu",Desktop Support Technician,0,0,0.9999483823776245,5.161762237548828e-05,0.7,1,BERT:bert_class_weighted,Class weight
1442,emscad_10326,"Propoint provides custom, visual solutions that help our corporate clients engage their audience, win big, and set them ",Business Manager,0,0,0.9999625086784363,3.74913215637207e-05,0.7,1,BERT:bert_class_weighted,Class weight
1443,emscad_10329,We Provide Full Time Permanent Positions for many medium to large US companies. We are interested in finding/recruiting ,Financial Officer,0,0,0.9999605417251587,3.9458274841308594e-05,0.7,1,BERT:bert_class_weighted,Class weight
1444,emscad_10331,Making music is easier now than ever.,Software Engineer,0,0,0.9999507069587708,4.929304122924805e-05,0.7,1,BERT:bert_class_weighted,Class weight
1445,emscad_10340,"Nubank is an early stage, technology-driven financial services startup funded by Sequoia Capital and Kaszek Ventures. We",Marketing Communications Manager - Web content and social media,0,0,0.9999648928642273,3.510713577270508e-05,0.7,1,BERT:bert_class_weighted,Class weight
1446,emscad_10349,Varsity Technologies helps schools and non-profits make strategic information technology decisions that enable them to m,Systems Administrator,0,0,0.9999359846115112,6.401538848876953e-05,0.7,1,BERT:bert_class_weighted,Class weight
1447,emscad_10353,"In 1981, Walker Engineering, Inc was formed in Dallas, Texas. The company started with only three employees, and during ",Superintendent,0,0,0.9993243217468262,0.0006756782531738281,0.7,1,BERT:bert_class_weighted,Class weight
1448,emscad_10358,Established on the principles that full time education is not for everyone Spectrum Learning is made up of a team of pas,LS12 4QQ Data Processing assistant apprenticeship 16-18 year olds only!,0,0,0.9999493360519409,5.066394805908203e-05,0.7,1,BERT:bert_class_weighted,Class weight
1449,emscad_10375,We’re always looking for highly motivated “founder-types” to join us as we grow. Here’s what you need to know.,PR Director,0,0,0.9999227523803711,7.724761962890625e-05,0.7,1,BERT:bert_class_weighted,Class weight
1450,emscad_10381,Established on the principles that full time education is not for everyone Spectrum Learning is made up of a team of pas,Wakefield Apprentice Fundraiser and Social Developer Under NAS 16-18 Year Olds Only,0,0,0.9999563694000244,4.363059997558594e-05,0.7,1,BERT:bert_class_weighted,Class weight
1451,emscad_10389,"Novitex Enterprise Solutions, formerly Pitney Bowes Management Services, delivers innovative document and communications",General Clerk 1,0,0,0.9999487400054932,5.125999450683594e-05,0.7,1,BERT:bert_class_weighted,Class weight
1452,emscad_10392,Established on the principles that full time education is not for everyone Spectrum Learning is made up of a team of pas,Beauty & Fragrance consultants needed,0,0,0.9999578595161438,4.214048385620117e-05,0.7,1,BERT:bert_class_weighted,Class weight
1453,emscad_10396,Young & Shand is a full service digital agency that loves a challenge.,Intern/Account Executive/Receiptionist,0,0,0.9999651908874512,3.4809112548828125e-05,0.7,1,BERT:bert_class_weighted,Class weight
1454,emscad_10425,"Launched in 2010, Lyst is an innovative way to shop for fashion online that’s used by millions every month. Lyst partner",Community Manager,0,0,0.9999516606330872,4.83393669128418e-05,0.7,1,BERT:bert_class_weighted,Class weight
1455,emscad_10446,"Jolie Cheveux, Inc is a hair supplying company that offers 100% Virgin Remy hair. Committed to the quality ONLY, Jolie o",Looking For Hair Extension Promotional Models,0,0,0.9999221563339233,7.784366607666016e-05,0.7,1,BERT:bert_class_weighted,Class weight
1456,emscad_10449,Young & Shand is a full service digital agency that loves a challenge.,Senior Account Manager,0,0,0.9999644756317139,3.552436828613281e-05,0.7,1,BERT:bert_class_weighted,Class weight
1457,emscad_10454,"Frequency540 (FQ540) is a full service digital agency focused on creating prosperity for our clients, our people, and pa",Digital Analytics and Strategy Manager,0,0,0.9999597668647766,4.023313522338867e-05,0.7,1,BERT:bert_class_weighted,Class weight
1458,emscad_10459,NFP is a leader in the delivery of benefits solutions for companies of all sizes and in the delivery of life insurance a,Employee Benefits Account Manager - Charlotte,0,0,0.9999558329582214,4.416704177856445e-05,0.7,1,BERT:bert_class_weighted,Class weight
1459,emscad_10461,"At McLane Intel, we believe that everyone should love where they work! We understand that our ongoing success is attribu",Help Desk - Tier 1 Support Specialist,0,0,0.9999381899833679,6.181001663208008e-05,0.7,1,BERT:bert_class_weighted,Class weight
1460,emscad_10462,ComboApp is a full cycle communications and marketing solutions provider for a global mobile marketplace.,Senior Sales Manager,0,0,0.9999591708183289,4.082918167114258e-05,0.7,1,BERT:bert_class_weighted,Class weight
1461,emscad_10465,"Wiredrive is a fast growing, privately-owned SaaS company with headquarters in Marina del Rey and offices in New York Ci",Sr Software Engineer (Python/Django),0,0,0.9999578595161438,4.214048385620117e-05,0.7,1,BERT:bert_class_weighted,Class weight
1462,emscad_10467,All Points Broadband ( #URL_d1c13f1c9c5d7b7a95b9a3425fca5f70f42b37ebfc6ae7ec54ae1f4dc4cf8fca# ) is a leading broadband I,Chief Operating Officer (COO) for Telecom Venture,0,0,0.9999432563781738,5.6743621826171875e-05,0.7,1,BERT:bert_class_weighted,Class weight
1463,emscad_10476,POSist is a completely cloud based POS for Restaurant industry.. It helps a standalone food outlet to a large food chain,Area Sales Manager - Bangalore,0,0,0.9999533295631409,4.667043685913086e-05,0.7,1,BERT:bert_class_weighted,Class weight
1464,emscad_10479,"Shyp is the easiest way to send anything, anywhere.",Part Time Delivery Driver - NYC,0,0,0.9999611973762512,3.88026237487793e-05,0.7,1,BERT:bert_class_weighted,Class weight
1465,emscad_10483,Aptitude Staffing Solutions has redesigned the recruiting wheel. Our innovative new platform cuts the recruiting time in,Senior System Test Engineer,1,1,0.0,1.0,0.7,1,BERT:bert_class_weighted,Class weight
1466,emscad_10490,"With over 1,300 investment professionals located throughout the United States and Canada, Marcus & Millichap (NYSE: MMI)",Administrative Assistant - Commercial Real Estate,0,0,0.9999012351036072,9.876489639282227e-05,0.7,1,BERT:bert_class_weighted,Class weight
1467,emscad_10505,Outstanding Member Service Starts With Outstanding People,Mortgage HELOC Underwriter,0,0,0.9999421834945679,5.7816505432128906e-05,0.7,1,BERT:bert_class_weighted,Class weight
1468,emscad_10513,100mentors answers the question: « What do you want to be in 5 years ?»,Software Developer,0,0,0.9999054074287415,9.459257125854492e-05,0.7,1,BERT:bert_class_weighted,Class weight
1469,emscad_10524,"Tidewater Finance Co. was established in 1992 for the initial purpose of purchasing, and servicing retail installment co",Collections Supervisor,0,0,0.9999485611915588,5.143880844116211e-05,0.7,1,BERT:bert_class_weighted,Class weight
1470,emscad_10531,The story of the Great Chicago Fire of 1871 isn’t really about the fire. It’s about what happened next: A remarkable mom,Software Engineer - Narrative Science,0,0,0.999956488609314,4.3511390686035156e-05,0.7,1,BERT:bert_class_weighted,Class weight
1471,emscad_10537,"Qualifications & Experience *Minimum 4 years systems development experience in Java, J2EE (Back-end) *Knowledge of multi",Java Developer,0,0,0.9992384910583496,0.0007615089416503906,0.7,1,BERT:bert_class_weighted,Class weight
1472,emscad_10554,"Space Ape Games is an Award Winning Mobile/Social Gaming startup founded in 2012. We’re a small, high-performing team wi",3D Artist (Character),0,0,0.9999426007270813,5.739927291870117e-05,0.7,1,BERT:bert_class_weighted,Class weight
1473,emscad_10556,London's Going Out App! Explovia simply and brilliantly combines Group Chat with Event Booking.,Head of Marketing,0,0,0.9999121427536011,8.785724639892578e-05,0.7,1,BERT:bert_class_weighted,Class weight
1474,emscad_10570,"SummaView is een jong bedrijf uit Amersfoort die mensen, kennis en software levert ophet snijvlak van controlling en Bus",OUD: Business Controller 6.,0,0,0.9999452233314514,5.4776668548583984e-05,0.7,1,BERT:bert_class_weighted,Class weight
1475,emscad_10572,PowToon (#URL_84da40102d63eebf414f1476e73cf04c518288708e1f2fe344ec3f0417a067aa#) is a brand new presentation software th,R&D Manager,0,0,0.9999224543571472,7.75456428527832e-05,0.7,1,BERT:bert_class_weighted,Class weight
1476,emscad_10573,MediaMonks is the biggest creative digital production company on the planet . We specialize in working for and with adve,iOS Developer,0,0,0.9999511241912842,4.887580871582031e-05,0.7,1,BERT:bert_class_weighted,Class weight
1477,emscad_10601,hello world,Creative Director,0,0,0.9999558329582214,4.416704177856445e-05,0.7,1,BERT:bert_class_weighted,Class weight
1478,emscad_10603,Our Company,HR Specialist,0,0,0.9999629259109497,3.707408905029297e-05,0.7,1,BERT:bert_class_weighted,Class weight
1479,emscad_10607,About Us:,Sr. Vice President - Global & Strategic Accounts,0,0,0.9999434947967529,5.650520324707031e-05,0.7,1,BERT:bert_class_weighted,Class weight
1480,emscad_10611,"We design, build, sell, and service the most innovative operations management technology in the world.",Software Engineer,0,0,0.9999396204948425,6.03795051574707e-05,0.7,1,BERT:bert_class_weighted,Class weight
1481,emscad_10620,"Brainbow is a London-based startup founded by entrepreneurs from Google, Amazon, Playfish / EA and academia with a missi",Community Management Intern,0,0,0.9999352097511292,6.479024887084961e-05,0.7,1,BERT:bert_class_weighted,Class weight
1482,emscad_10633,"Shyp is the easiest way to send anything, anywhere.","Marketing Manager, NYC",0,0,0.9999597668647766,4.023313522338867e-05,0.7,1,BERT:bert_class_weighted,Class weight
1483,emscad_10648,"Niacet is a leading producer of organic salts, including propionates and acetates, serving the Food, Pharmaceutical and ",Electrician,0,0,0.9999499320983887,5.0067901611328125e-05,0.7,1,BERT:bert_class_weighted,Class weight
1484,emscad_10657,Magmic is a leading developer and publisher of mobile social games and entertainment. We publish a full range of content,Production Artist,0,0,0.999960720539093,3.927946090698242e-05,0.7,1,BERT:bert_class_weighted,Class weight
1485,emscad_10666,"Dice is a highly specialized online marketing and software development firm headquartered in Portland, Oregon—the heart ",Sales Executive,0,0,0.9999634027481079,3.6597251892089844e-05,0.7,1,BERT:bert_class_weighted,Class weight
1486,emscad_10678,Established on the principles that full time education is not for everyone Spectrum Learning is made up of a team of pas,Manchester Business Admin Apprenticeships available under NAS 16-18 year olds only!,0,0,0.9999608397483826,3.916025161743164e-05,0.7,1,BERT:bert_class_weighted,Class weight
1487,emscad_10682,"Dice is a highly specialized online marketing and software development firm headquartered in Portland, Oregon—the heart ",Sales Executive,0,0,0.9999632239341736,3.6776065826416016e-05,0.7,1,BERT:bert_class_weighted,Class weight
1488,emscad_10689,"Baremetrics ( #URL_818d0992c7cb169e16509ce673146ace42b9d6b31c698ec7fc0a0ecb023c668c# ) is zero-setup, one-click SaaS ana",Software Engineer,0,0,0.9999310374259949,6.896257400512695e-05,0.7,1,BERT:bert_class_weighted,Class weight
1489,emscad_10690,"Namely is the leading end-to-end HR and payroll platform for growing companies. Offerings include human payroll, benefit",Copywriter,0,0,0.9999576807022095,4.2319297790527344e-05,0.7,1,BERT:bert_class_weighted,Class weight
1490,emscad_10711,#URL_e7c9057d5e6f097876436d175031e95669ede4ebaab52b6be0957c837bc98343#,Title Insurance: Title Assistant / Title Coordinator/ Property Research Examiner,0,0,0.9999068379402161,9.316205978393555e-05,0.7,1,BERT:bert_class_weighted,Class weight
1491,emscad_10712,hello world,Head of Business Intelligence,0,0,0.9999489784240723,5.1021575927734375e-05,0.7,1,BERT:bert_class_weighted,Class weight
1492,emscad_10714,"From the lands of Can Do, Roll Our Sleeves Up and Get It Done, we create and solve things previously unimaginable. We’re",Tier 3 Support Engineer,0,0,0.9999369978904724,6.300210952758789e-05,0.7,1,BERT:bert_class_weighted,Class weight
1493,emscad_10724,About the Company We are ticketscript - the European market leaders in digital self-ticketing. Whether it’s massive danc,Office Manager,0,0,0.9999605417251587,3.9458274841308594e-05,0.7,1,BERT:bert_class_weighted,Class weight
1494,emscad_10737,Envision Consulting conducts retained searches for nonprofit clients seeking to expand and enhance their mission through,PT Environmental Educator,0,0,0.9999274611473083,7.253885269165039e-05,0.7,1,BERT:bert_class_weighted,Class weight
1495,emscad_10741,"Argenta Field Solutions values the client, creates income streams for them through our sales mechanism and focuses on qu",Sales Representative with Management Training - AT&T,0,0,0.9999529719352722,4.70280647277832e-05,0.7,1,BERT:bert_class_weighted,Class weight
1496,emscad_10756,"Technologically advanced community, general acute care medical center with a quality focus in quest of satisfactory pati","Coding Manager & Charge Capture (Chargemaster) Near Bellingham, WA",0,0,0.99993497133255,6.502866744995117e-05,0.7,1,BERT:bert_class_weighted,Class weight
1497,emscad_10766,"Novitex Enterprise Solutions, formerly Pitney Bowes Management Services, delivers innovative document and communications",Customer Service Associate,0,0,0.9999589920043945,4.100799560546875e-05,0.7,1,BERT:bert_class_weighted,Class weight
1498,emscad_10774,"Novitex Enterprise Solutions, formerly Pitney Bowes Management Services, delivers innovative document and communications",Customer Service Associate,0,0,0.9999648928642273,3.510713577270508e-05,0.7,1,BERT:bert_class_weighted,Class weight
1499,emscad_10785,"Novitex Enterprise Solutions, formerly Pitney Bowes Management Services, delivers innovative document and communications",Customer Service Associate - Part Time,0,0,0.9999623894691467,3.7610530853271484e-05,0.7,1,BERT:bert_class_weighted,Class weight
1500,emscad_10788,"Delivering superior customer services for over 10 years, IBEX Global is a business process outsourcer offering an integr",Agent-Inbound Sales Position,0,0,0.9999324083328247,6.759166717529297e-05,0.7,1,BERT:bert_class_weighted,Class weight
1501,emscad_10792,NFP is a leader in the delivery of benefits solutions for companies of all sizes and in the delivery of life insurance a,PR Lead,0,0,0.9999469518661499,5.3048133850097656e-05,0.7,1,BERT:bert_class_weighted,Class weight
1502,emscad_10793,"S2scout, is a Pittsburgh-based talent aquisition firm providing services to small, medium, and large organizations acros",Software Support Engineer,0,0,0.9999599456787109,4.00543212890625e-05,0.7,1,BERT:bert_class_weighted,Class weight
1503,emscad_10798,"Valor Services provides Workforce Solutions that meet the needs of companies across the Private Sector, with a special f",Winch Truck Driver,0,0,0.9999518394470215,4.8160552978515625e-05,0.7,1,BERT:bert_class_weighted,Class weight
1504,emscad_10809,"Although AssistRx was formed in only 2009, we have capitalized on our 30 years of combined experience working within the",UX/UI Designer,0,0,0.9999430775642395,5.692243576049805e-05,0.7,1,BERT:bert_class_weighted,Class weight
1505,emscad_10814,"Novitex Enterprise Solutions, formerly Pitney Bowes Management Services, delivers innovative document and communications",Customer Service Associate,0,0,0.9999589920043945,4.100799560546875e-05,0.7,1,BERT:bert_class_weighted,Class weight
1506,emscad_10817,"Novitex Enterprise Solutions, formerly Pitney Bowes Management Services, delivers innovative document and communications",Customer Service Associate - Part Time,0,0,0.9999629259109497,3.707408905029297e-05,0.7,1,BERT:bert_class_weighted,Class weight
1507,emscad_10825,"Novitex Enterprise Solutions, formerly Pitney Bowes Management Services, delivers innovative document and communications",General Clerk II/Driver II,0,0,0.9999622106552124,3.7789344787597656e-05,0.7,1,BERT:bert_class_weighted,Class weight
1508,emscad_10830,"Novitex Enterprise Solutions, formerly Pitney Bowes Management Services, delivers innovative document and communications",Service Delivery Manager I,0,0,0.999963104724884,3.68952751159668e-05,0.7,1,BERT:bert_class_weighted,Class weight
1509,emscad_10831,Thanks for visiting our Job Board. Please review our open positions and apply to the positions that match your qualifica,UI Developer,0,0,0.9999563694000244,4.363059997558594e-05,0.7,1,BERT:bert_class_weighted,Class weight
1510,emscad_10834,Established on the principles that full time education is not for everyone Spectrum Learning is made up of a team of pas,WF4 3HT Business Admin Apprenticeship available under NAS 16-18 year olds,0,0,0.9999430775642395,5.692243576049805e-05,0.7,1,BERT:bert_class_weighted,Class weight
1511,emscad_10838,We Provide Full Time Permanent Positions for many medium to large US companies. We are interested in finding/recruiting ,Maintenance Superintendent - CMMS SAP - TX,0,0,0.9999531507492065,4.684925079345703e-05,0.7,1,BERT:bert_class_weighted,Class weight
1512,emscad_10848,"Gelato Group is a SaaS company. We've developed a global print engine integrated with the print ecosystem’s key players,",Global Expansion Manager,0,0,0.9999597668647766,4.023313522338867e-05,0.7,1,BERT:bert_class_weighted,Class weight
1513,emscad_10855,If working in a cubical seems like your idea of hell then joining our awesome startup team might be the opportunity you’,Conversion Rate Specialist (Digital Marketing),0,0,0.9999556541442871,4.4345855712890625e-05,0.7,1,BERT:bert_class_weighted,Class weight
1514,emscad_10860,AREX is a highly ambitious financial technology start-up in the alternative financial services space that aims to change,Market Analyst,0,0,0.9999403357505798,5.9664249420166016e-05,0.7,1,BERT:bert_class_weighted,Class weight
1515,emscad_10862,"StudyHall creates opportunities for college, university students, and recent graduates, to work with the best companies ",Are you the next Social Media star? | StudyHall.com,0,0,0.9999117851257324,8.821487426757812e-05,0.7,1,BERT:bert_class_weighted,Class weight
1516,emscad_10864,"Novitex Enterprise Solutions, formerly Pitney Bowes Management Services, delivers innovative document and communications",Service Delivery Manager 2,0,0,0.9999623894691467,3.7610530853271484e-05,0.7,1,BERT:bert_class_weighted,Class weight
1517,emscad_10869,Visual BI is one of the leading and fastest growing firms focusing exclusively on BI & Analytics. Our offerings cover en,QA and Test Engineer,0,0,0.9999568462371826,4.315376281738281e-05,0.7,1,BERT:bert_class_weighted,Class weight
1518,emscad_10870,Massive Media is the social media company behind the successful digital brands #URL_18234f381f5e7b9a9ffdc727cd05c9046edf,Financial Analyst,0,0,0.9999568462371826,4.315376281738281e-05,0.7,1,BERT:bert_class_weighted,Class weight
1519,emscad_10872,United Cerebral Palsy of Oregon & SW Washington (UCP) supports adults with all kinds of developmental disabilities (not ,"Full-Time Caregiver for an Agreeable, Shy Young Man",0,0,0.9999529719352722,4.70280647277832e-05,0.7,1,BERT:bert_class_weighted,Class weight
1520,emscad_10883,"Novitex Enterprise Solutions, formerly Pitney Bowes Management Services, delivers innovative document and communications",Delivery Driver - Part Time,0,0,0.9999614953994751,3.8504600524902344e-05,0.7,1,BERT:bert_class_weighted,Class weight
1521,emscad_10886,"Delivering superior customer services for over 10 years, IBEX Global is a business process outsourcer offering an integr",Agent-Inbound Sales Position,0,0,0.9999374747276306,6.252527236938477e-05,0.7,1,BERT:bert_class_weighted,Class weight
1522,emscad_10895,Established on the principles that full time education is not for everyone Spectrum Learning is made up of a team of pas,Manchester Apprenticeships Under NAS 16-24 Year Olds Only,0,0,0.9999611973762512,3.88026237487793e-05,0.7,1,BERT:bert_class_weighted,Class weight
1523,emscad_10897,"Delivering superior customer services for over 10 years, IBEX Global is a business process outsourcer offering an integr",Advisor-Inbound Technical,0,0,0.9999125003814697,8.749961853027344e-05,0.7,1,BERT:bert_class_weighted,Class weight
1524,emscad_10898,Airenvy’s mission is to provide lucrative yet hassle free full service short term property management all around the wor,Office Manager - Professional Multi-tasker,0,0,0.9999148845672607,8.511543273925781e-05,0.7,1,BERT:bert_class_weighted,Class weight
1525,emscad_10909,"Farmigo is a mission-driven startup with a simple, ambitious goal: we want to make local, sustainably produced food more",Community Support Coordinator,0,0,0.9999570250511169,4.297494888305664e-05,0.7,1,BERT:bert_class_weighted,Class weight
1526,emscad_10914,"Friend MTS is a leading provider of technology to the media and entertainment industry. Specialising in video security, ",Junior Online Security Analyst,0,0,0.9999288320541382,7.11679458618164e-05,0.7,1,BERT:bert_class_weighted,Class weight
1527,emscad_10923,Back to #URL_e25642d9604fc2ff4afed5946b41108218e2ede0a176a370805839fc7cfbc868#,Executive Assistant,0,0,0.9998961091041565,0.00010389089584350586,0.7,1,BERT:bert_class_weighted,Class weight
1528,emscad_10932,Established on the principles that full time education is not for everyone Spectrum Learning is made up of a team of pas,WF5 9TJ Business Admin Apprenticeship available under NAS 16-18 year olds only!,0,0,0.9999535083770752,4.649162292480469e-05,0.7,1,BERT:bert_class_weighted,Class weight
1529,emscad_10940,"Novitex Enterprise Solutions, formerly Pitney Bowes Management Services, delivers innovative document and communications",Customer Service Imaging Technician - Part Time,0,0,0.9999599456787109,4.00543212890625e-05,0.7,1,BERT:bert_class_weighted,Class weight
1530,emscad_10943,Can data be a thing of beauty? We think so.,Interested in Joining the Seabourne Team,0,0,0.9999379515647888,6.204843521118164e-05,0.7,1,BERT:bert_class_weighted,Class weight
1531,emscad_10944,Want to build a 21st century financial service?,Communications Manager,0,0,0.9999611973762512,3.88026237487793e-05,0.7,1,BERT:bert_class_weighted,Class weight
1532,emscad_10954,Aptitude Staffing Solutions has redesigned the recruiting wheel. Our innovative new platform cuts the recruiting time in,Recruitment & Talent Acquisition Professional,1,1,0.0,1.0,0.7,1,BERT:bert_class_weighted,Class weight
1533,emscad_10957,"Novitex Enterprise Solutions, formerly Pitney Bowes Management Services, delivers innovative document and communications",Customer Service Associate,0,0,0.9999626278877258,3.737211227416992e-05,0.7,1,BERT:bert_class_weighted,Class weight
1534,emscad_10968,Formula Resources provides IT staffing and recruiting to startups and F500 companies. We are a team of passionate techno,Python Engineer,0,0,0.9999268651008606,7.31348991394043e-05,0.7,1,BERT:bert_class_weighted,Class weight
1535,emscad_10969,"Novitex Enterprise Solutions, formerly Pitney Bowes Management Services, delivers innovative document and communications",Customer Service Associate,0,0,0.9999625086784363,3.74913215637207e-05,0.7,1,BERT:bert_class_weighted,Class weight
1536,emscad_10971,"Novitex Enterprise Solutions, formerly Pitney Bowes Management Services, delivers innovative document and communications",Customer Service Technical Specialist - On Call,0,0,0.9999578595161438,4.214048385620117e-05,0.7,1,BERT:bert_class_weighted,Class weight
1537,emscad_10975,SLV is a graduate led volunteer organisation in Sri Lanka. SLV provides degree-specific volunteer placements in Sri Lank,Teaching Placement Coordinator in Sri Lanka,0,0,0.9999619126319885,3.808736801147461e-05,0.7,1,BERT:bert_class_weighted,Class weight
1538,emscad_10997,ConsumerTrack is a technology-centric internet marketing company built on a culture of excellence. We are the preferred ,"Research Assistant, Online Publication",0,0,0.9999586939811707,4.13060188293457e-05,0.7,1,BERT:bert_class_weighted,Class weight
1539,emscad_11000,ConsumerTrack is a technology-centric internet marketing company built on a culture of excellence. We are the preferred ,Feature Writer - Personal Finance,0,0,0.9999529719352722,4.70280647277832e-05,0.7,1,BERT:bert_class_weighted,Class weight
1540,emscad_11012,Workable is a venture-backed startup making cloud-based recruitment software for fast-growing companies around the world,Office Manager,0,0,0.9999527931213379,4.7206878662109375e-05,0.7,1,BERT:bert_class_weighted,Class weight
1541,emscad_11023,"As augmented reality jobs go, one at Blippar is hard to beat. We are a rapidly expanding creative startup at the forefro",Android App / UI Developer,0,0,0.99994957447052,5.042552947998047e-05,0.7,1,BERT:bert_class_weighted,Class weight
1542,emscad_11026,"The RealReal is changing the way people buy and sell luxury items. The leader in luxury resale, the company is a full se",Customer Service Manager (Consignor Relations),0,0,0.999920666217804,7.933378219604492e-05,0.7,1,BERT:bert_class_weighted,Class weight
1543,emscad_11047,"Novitex Enterprise Solutions, formerly Pitney Bowes Management Services, delivers innovative document and communications",Technical Services Representative - Print Services,0,0,0.9999591708183289,4.082918167114258e-05,0.7,1,BERT:bert_class_weighted,Class weight
1544,emscad_11049,#URL_c914851eb385d8c6471d602008fc4e84780de02287ca6ee67080b5f24864592f# is a developers tools provider based in LasVegas ,Junior Software Engineer,0,0,0.999929666519165,7.033348083496094e-05,0.7,1,BERT:bert_class_weighted,Class weight
1545,emscad_11051,Yazamo is a rapidly growing digital lifecycle marketing firm focused on developing web marketing strategies for mid size,Digital Marketing Intern,0,0,0.9999604225158691,3.9577484130859375e-05,0.7,1,BERT:bert_class_weighted,Class weight
1546,emscad_11057,The story of the Great Chicago Fire of 1871 isn’t really about the fire. It’s about what happened next: A remarkable mom,Marketing & Communications Manager - Rippleshot,0,0,0.9999505281448364,4.947185516357422e-05,0.7,1,BERT:bert_class_weighted,Class weight
1547,emscad_11068,"Ryanair is Europe’s favourite low fares airline, operating more than 1,600 daily flights (over 500,000 per year) from 69",Android Engineer,0,0,0.9999554753303528,4.45246696472168e-05,0.7,1,BERT:bert_class_weighted,Class weight
1548,emscad_11074,We here at DG3 are looking for competitive sales people who are looking to break into a new market of the way digital ad,Account Executive/Sales Rep,0,0,0.999943733215332,5.626678466796875e-05,0.7,1,BERT:bert_class_weighted,Class weight
1549,emscad_11076,We help teachers get safe & secure jobs abroad :),English Teacher Overseas,0,0,0.9999540448188782,4.595518112182617e-05,0.7,1,BERT:bert_class_weighted,Class weight
1550,emscad_11090,"Novitex Enterprise Solutions, formerly Pitney Bowes Management Services, delivers innovative document and communications",General Clerk 2,0,0,0.9999527931213379,4.7206878662109375e-05,0.7,1,BERT:bert_class_weighted,Class weight
1551,emscad_11111,United Cerebral Palsy of Oregon & SW Washington (UCP) supports adults with all kinds of developmental disabilities (not ,"Full-Time Caregiver (Position C) for a Shy, Sweet Young Woman",0,0,0.9999563694000244,4.363059997558594e-05,0.7,1,BERT:bert_class_weighted,Class weight
1552,emscad_11123,Trudy’s is always looking for the best!,Hiring for all FOH and BOH Positions!,0,1,0.00537109375,0.99462890625,0.7,0,BERT:bert_class_weighted,Class weight
1553,emscad_11130,"Cylance is a global cybersecurity products and service company, specializeing in advanced threat security that detects a",Web Developer,0,0,0.9999086260795593,9.137392044067383e-05,0.7,1,BERT:bert_class_weighted,Class weight
1554,emscad_11140,Visual BI is one of the leading and fastest growing firms focusing exclusively on BI & Analytics. Our offerings cover en,SAP BI/HANA Managing Consultant,0,0,0.9999581575393677,4.184246063232422e-05,0.7,1,BERT:bert_class_weighted,Class weight
1555,emscad_11144,Join a fast-paced growing fashion accessories company!,Sales Assistant - SAACHI,0,0,0.9998500347137451,0.0001499652862548828,0.7,1,BERT:bert_class_weighted,Class weight
1556,emscad_11147,"PINT is a leader in the web industry with 20 years of web design, software development and consulting experience. PINT's",Front End Developer | Client-Side Coder,0,0,0.999960720539093,3.927946090698242e-05,0.7,1,BERT:bert_class_weighted,Class weight
1557,emscad_11150,Established on the principles that full time education is not for everyone Spectrum Learning is made up of a team of pas,Swindon Logistics Apprentice/Warehousing Apprenticeship Under NAS 16-18 Year Olds Only,0,0,0.9999560117721558,4.398822784423828e-05,0.7,1,BERT:bert_class_weighted,Class weight
1558,emscad_11168,"Novitex Enterprise Solutions, formerly Pitney Bowes Management Services, delivers innovative document and communications",Lead Customer Service Associate,0,0,0.9999605417251587,3.9458274841308594e-05,0.7,1,BERT:bert_class_weighted,Class weight
1559,emscad_11182,"At McLane Intel, we believe that everyone should love where they work! We understand that our ongoing success is attribu",Network Analyst Tier I-III,0,0,0.999946117401123,5.3882598876953125e-05,0.7,1,BERT:bert_class_weighted,Class weight
1560,emscad_11200,This position is responsible for supporting the development of the training programs throughout the Customer Operations ,Training Developer,0,0,0.9998111724853516,0.0001888275146484375,0.7,1,BERT:bert_class_weighted,Class weight
1561,emscad_11206,"Anittel is an ASX listed company providing IT & telecommunications services and solutions, with 17 offices throughout Au",Project Manager,0,0,0.9999439120292664,5.608797073364258e-05,0.7,1,BERT:bert_class_weighted,Class weight
1562,emscad_11209,Parrot Analytics is a technology company that is working with TV content sellers and buyers to help them make more data-,Software Engineer Intern,0,0,0.9999629259109497,3.707408905029297e-05,0.7,1,BERT:bert_class_weighted,Class weight
1563,emscad_11211,"Cylance is a global cybersecurity products and service company, specializeing in advanced threat security that detects a",Senior Mac OSX Software Engineer,0,0,0.9998931884765625,0.0001068115234375,0.7,1,BERT:bert_class_weighted,Class weight
1564,emscad_11218,"Vend is looking for some awesome new talent to come join us. You'll be working in an awesome team doing awesome things, ",Data Quality Lead,0,0,0.9999634027481079,3.6597251892089844e-05,0.7,1,BERT:bert_class_weighted,Class weight
1565,emscad_11224,"Change Automotive Recruitment was established in 1993, with the aim of supplying quality, talented individuals into the ",Experienced Telesales Executive,0,0,0.9999268651008606,7.31348991394043e-05,0.7,1,BERT:bert_class_weighted,Class weight
1566,emscad_11225,"We're an emerging technology agency, and we build breakthrough products through user-centered design. We're building a t",Production Artist,0,0,0.9999566674232483,4.3332576751708984e-05,0.7,1,BERT:bert_class_weighted,Class weight
1567,emscad_11231,SilverStripe CMS & Framework is an open source platform of web development tools. The platform is curated by SilverStrip,Senior JavaScript Developer,0,0,0.9999610185623169,3.898143768310547e-05,0.7,1,BERT:bert_class_weighted,Class weight
1568,emscad_11236,Medopad is the leading enterprise mobile health solution that delivers patient information and clinical applications str,Software and Security Engineering / Open Positions,0,0,0.9999441504478455,5.5849552154541016e-05,0.7,1,BERT:bert_class_weighted,Class weight
1569,emscad_11243,"NuORDER is the fast-growing, venture-backed startup changing the way a $130 billion industry does business. An enterpris",Sales Development Rep (Home/Beauty),0,0,0.9999507069587708,4.929304122924805e-05,0.7,1,BERT:bert_class_weighted,Class weight
1570,emscad_11245,"To oversee the operations of the records unit and to properly account for asset acquisition, removal and disposal; To as",Risk and Asset Officer,0,0,0.9996731281280518,0.0003268718719482422,0.7,1,BERT:bert_class_weighted,Class weight
1571,emscad_11248,"Founded by serial entrepreneur Clive Jackson and launched in 2011, Victor is one of the world’s most trusted names in pr",Product manager,0,0,0.9999594688415527,4.0531158447265625e-05,0.7,1,BERT:bert_class_weighted,Class weight
1572,emscad_11276,We Provide Full Time Permanent Positions for many medium to large US companies. We are interested in finding/recruiting ,PROGRESS Systems Supervisor,0,0,0.9999586939811707,4.13060188293457e-05,0.7,1,BERT:bert_class_weighted,Class weight
1573,emscad_11279,Established on the principles that full time education is not for everyone Spectrum Learning is made up of a team of pas,M16 9HQ Retail Assistant Apprenticeship available under NAS 16-18 year olds only Edit,0,0,0.9999263286590576,7.367134094238281e-05,0.7,1,BERT:bert_class_weighted,Class weight
1574,emscad_11286,We’re always looking for highly motivated “founder-types” to join us as we grow. Here’s what you need to know.,In-House Sales Recruiter - NY,0,0,0.9999499320983887,5.0067901611328125e-05,0.7,1,BERT:bert_class_weighted,Class weight
1575,emscad_11289,"With offices across UK, mainland Europe, Australia, New Zealand, and the United States, Squiz helps clients across the g",Business Development Manager - Berlin,0,0,0.9999535083770752,4.649162292480469e-05,0.7,1,BERT:bert_class_weighted,Class weight
1576,emscad_11313,"C2C is a forward-thinking software development company with its headquarters in Punta Gorda, Florida. We use the latest ",Front-End Developer (JS/CSS/HTML),0,0,0.9999632239341736,3.6776065826416016e-05,0.7,1,BERT:bert_class_weighted,Class weight
1577,emscad_11323,MaxPlayTM is a cross-platform digital publishing company focused on revolutionizing the games as a service market. You p,General Application,0,0,0.9999302625656128,6.973743438720703e-05,0.7,1,BERT:bert_class_weighted,Class weight
1578,emscad_11327,"MedTalent is a modern staffing company that specializes in the placement of physicians, nurses and healthcare profession",Administrative Assistant,0,0,0.9999524354934692,4.756450653076172e-05,0.7,1,BERT:bert_class_weighted,Class weight
1579,emscad_11329,"ABC Supply Co., Inc. is the nation’s largest wholesale distributor of roofing and one of the largest distributors of sid",Inside Sales Professional-Niles,0,0,0.9999554753303528,4.45246696472168e-05,0.7,1,BERT:bert_class_weighted,Class weight
1580,emscad_11343,"The MarketMaker4 leadership team has extensive experience in e-procurement, online auctions, market intelligence, strate",Linux System Manager - SaaS,0,0,0.9999493360519409,5.066394805908203e-05,0.7,1,BERT:bert_class_weighted,Class weight
1581,emscad_11346,"VolunteerMark LLC is seeking a confident, highly motivated, and entrepreneurial Merchant Sales Account Executive to sell",B2B Outside Sales - commissions only,0,0,0.9999203085899353,7.969141006469727e-05,0.7,1,BERT:bert_class_weighted,Class weight
1582,emscad_11356,We Provide Full Time Permanent Positions for many medium to large US companies. We are interested in finding/recruiting ,Product Engineer,0,0,0.9999594688415527,4.0531158447265625e-05,0.7,1,BERT:bert_class_weighted,Class weight
1583,emscad_11376,"Squiz is one of the world's leading web solutions companies. We design, build and manage engaging websites and online ap",Web Project Manager,0,0,0.9999613165855408,3.8683414459228516e-05,0.7,1,BERT:bert_class_weighted,Class weight
1584,emscad_11378,Forward3D is the largest independent digital marketing agency in Britain. We run cutting edge digital marketing campaign,SEO Manager,0,0,0.9999651908874512,3.4809112548828125e-05,0.7,1,BERT:bert_class_weighted,Class weight
1585,emscad_11381,Tal & Associates is a Premier Healthcare Search Firm specializing in aligning talented people in the healthcare field wi,Ambulatory Site Director,0,0,0.9999610185623169,3.898143768310547e-05,0.7,1,BERT:bert_class_weighted,Class weight
1586,emscad_11393,"J-Curve Technologies, a privately held Arizona-based organization, is an award-winning premier outsourcer of shared tech",Customer Care Specialist,0,0,0.9999426007270813,5.739927291870117e-05,0.7,1,BERT:bert_class_weighted,Class weight
1587,emscad_11396,Blues Jewellery is a name which epitomizes Elegance and Opulence. Established in the year 2008 in the heart of South Del,Typist/Stenographer,0,0,0.9999285936355591,7.140636444091797e-05,0.7,1,BERT:bert_class_weighted,Class weight
1588,emscad_11408,"Local agency looking to hire part-time, full-time and respite caregivers.",Caregiver's and CNA's needed ASAP,0,0,0.9998741149902344,0.000125885009765625,0.7,1,BERT:bert_class_weighted,Class weight
1589,emscad_11409,Visual BI is one of the leading and fastest growing firms focusing exclusively on BI & Analytics. Our offerings cover en,UI / UX / Graphic Designer,0,0,0.9999616146087646,3.838539123535156e-05,0.7,1,BERT:bert_class_weighted,Class weight
1590,emscad_11423,"At iMATCHATIVE, we believe in the power of science and technology to inspire creative solutions and to transform busines",Dev/Ops Engineer,0,0,0.9999441504478455,5.5849552154541016e-05,0.7,1,BERT:bert_class_weighted,Class weight
1591,emscad_11439,Salary ranges to approximately $110+,Sr. Lawson System Administrator (Hospital near the Dallas Area),0,0,0.9998863339424133,0.00011366605758666992,0.7,1,BERT:bert_class_weighted,Class weight
1592,emscad_11457,"NuORDER is the fast-growing, venture-backed startup changing the way a $130 billion industry does business. An enterpris",Graphic Designer,0,0,0.9999545812606812,4.5418739318847656e-05,0.7,1,BERT:bert_class_weighted,Class weight
1593,emscad_11462,Openlane is a fully-funded education services company that creates and delivers continuing education courses for enthusi,Senior Instructional Designer,0,0,0.9999661445617676,3.3855438232421875e-05,0.7,1,BERT:bert_class_weighted,Class weight
1594,emscad_11472,At the core of IT’s challenges is a perennial cycle where the majority of budgets are consumed maintaining existing syst,Teaching/Instructional Aide,0,0,0.9999184608459473,8.153915405273438e-05,0.7,1,BERT:bert_class_weighted,Class weight
1595,emscad_11486,Established on the principles that full time education is not for everyone Spectrum Learning is made up of a team of pas,BD10 9TQ Recruitment Apprenticeship Available Under NAS 16-18 year olds only!,0,0,0.9999540448188782,4.595518112182617e-05,0.7,1,BERT:bert_class_weighted,Class weight
1596,emscad_11489,Zaius is a digital intuition platform enabling companies to optimize consumer experiences across channels. We're poised ,Software Engineer - Frontend,0,0,0.9999566674232483,4.3332576751708984e-05,0.7,1,BERT:bert_class_weighted,Class weight
1597,emscad_11490,Daxx is looking for Researcher/Assistant to Recruiter to work in Kiev. Become a member of international team of our clie,Researcher/Assistant to Recruiter,0,0,0.9999200105667114,7.998943328857422e-05,0.7,1,BERT:bert_class_weighted,Class weight
1598,emscad_11494,"Squiz is one of the world's leading web solutions companies. We design, build and manage engaging websites and online ap",CRM Developer,0,0,0.9999646544456482,3.534555435180664e-05,0.7,1,BERT:bert_class_weighted,Class weight
1599,emscad_11500,"WellAware is an oil field communications and software-as-a-service (SaaS) company based in San Antonio, TX that provides",Product Marketing Manager,0,0,0.9999410510063171,5.894899368286133e-05,0.7,1,BERT:bert_class_weighted,Class weight
1600,emscad_11501,Fabrily makes it easy for campaigners/communities/charities/causes/artists. etc... to raise funds and awareness with cus,CUSTOMER EXPERIENCE SUPERSTAR (Languages are a plus),0,0,0.9999493360519409,5.066394805908203e-05,0.7,1,BERT:bert_class_weighted,Class weight
1601,emscad_11503,Established on the principles that full time education is not for everyone Spectrum Learning is made up of a team of pas,CV2 4GA Customer Service Apprenticeship under NAS 16-24 year olds only!,0,0,0.9999465346336365,5.346536636352539e-05,0.7,1,BERT:bert_class_weighted,Class weight
1602,emscad_11530,Balanced Labs exists to provide accountants and small businesses everywhere with a better life through intelligent and e,Solution Architect,0,0,0.9999285936355591,7.140636444091797e-05,0.7,1,BERT:bert_class_weighted,Class weight
1603,emscad_11560,in Bielefeld (Germany) or remote – The position is open from now,UI / UX Frontend-Developer (m/f),0,0,0.9999580383300781,4.1961669921875e-05,0.7,1,BERT:bert_class_weighted,Class weight
1604,emscad_11561,"We experiment with new digital products, retail experiences and business models at M&S.com",Senior Full Stack Ruby Engineer (M&S Labs),0,0,0.999961793422699,3.820657730102539e-05,0.7,1,BERT:bert_class_weighted,Class weight
1605,emscad_11588,Bright Edge and Aptitude Staffing Solutions have partnered up in an effort to streamline the hiring process and provide ,SEO Analysis,1,1,0.0,1.0,0.7,1,BERT:bert_class_weighted,Class weight
1606,emscad_11601,Want to build a 21st century financial service?,Performance Marketing Manager - Paid Social,0,0,0.9999611973762512,3.88026237487793e-05,0.7,1,BERT:bert_class_weighted,Class weight
1607,emscad_11604,"Squiz is one of the world's leading web solutions companies. We design, build and manage engaging websites and online ap",Senior Digital Designer,0,0,0.9999600648880005,3.993511199951172e-05,0.7,1,BERT:bert_class_weighted,Class weight
1608,emscad_11605,"EME International is a global leader in enterprise mobility solutions, partnering with thousands of device makers and co",AX Technical Consultant,0,0,0.9999203085899353,7.969141006469727e-05,0.7,1,BERT:bert_class_weighted,Class weight
1609,emscad_11614,Established on the principles that full time education is not for everyone Spectrum Learning is made up of a team of pas,TELESALES Agents,0,0,0.9999599456787109,4.00543212890625e-05,0.7,1,BERT:bert_class_weighted,Class weight
1610,emscad_11619,In Bielefeld (Germany) or remote – The position is open from now,Web-Designer (m/f),0,0,0.9999585151672363,4.1484832763671875e-05,0.7,1,BERT:bert_class_weighted,Class weight
1611,emscad_11620,"Cylance is a global cybersecurity products and service company, specializeing in advanced threat security that detects a",Sr. Software Engineer/Researcher,0,0,0.9999313354492188,6.866455078125e-05,0.7,1,BERT:bert_class_weighted,Class weight
1612,emscad_11622,Priority Care Group are a family run care group with 6 Care Homes in Scotland.,Assistant Cook,0,0,0.9999547600746155,4.5239925384521484e-05,0.7,1,BERT:bert_class_weighted,Class weight
1613,emscad_11624,The Boston Consulting Group ( #URL_45423e1e16703aa4d8ee444d3ad69bb51525f1dad0b3115713cf80dc496299e2# ) has launched a ne,Studio Jr. Visual Designer,0,0,0.9999614953994751,3.8504600524902344e-05,0.7,1,BERT:bert_class_weighted,Class weight
1614,emscad_11629,Making Mobile Device Management Clear is Clearmark Technologies mission. Our team is made up of bright people who thrive,Sales Professional- SMB (Full-Time),1,1,0.00048828125,0.99951171875,0.7,1,BERT:bert_class_weighted,Class weight
1615,emscad_11640,United Cerebral Palsy of Oregon & SW Washington (UCP) supports adults with all kinds of developmental disabilities (not ,"Full-Time Caregiver (Position B) for a Shy, Sweet Young Woman",0,0,0.9999552965164185,4.470348358154297e-05,0.7,1,BERT:bert_class_weighted,Class weight
1616,emscad_11641,"We’re a group of designers, developers, producers and technical toy makers who work together to make forward thinking pr",Full Stack Developer,0,0,0.9999456405639648,5.435943603515625e-05,0.7,1,BERT:bert_class_weighted,Class weight
1617,emscad_11651,"Network Locum is a disruptive healthtech startup, which has grown tremendously quickly and has venture funding. We are a",UX Designer,0,0,0.9999513030052185,4.869699478149414e-05,0.7,1,BERT:bert_class_weighted,Class weight
1618,emscad_11654,WorkSmart is the leading Managed IT Services consulting firm in the Carolinas. We provide small & mid-sized businesses w,New Business Developer,0,0,0.9999560117721558,4.398822784423828e-05,0.7,1,BERT:bert_class_weighted,Class weight
1619,emscad_11655,"We provide a fresh perspective to HR and career solutions. Building on solid expertise, international experience, and a ",Web Developer,0,0,0.999958336353302,4.166364669799805e-05,0.7,1,BERT:bert_class_weighted,Class weight
1620,emscad_11664,"Babbel enables anyone to learn languages in an easy and interactive way. The learning system offers 13 languages, from E",Team Coordinator Quality Assurance (m/f),0,0,0.9999544024467468,4.559755325317383e-05,0.7,1,BERT:bert_class_weighted,Class weight
1621,emscad_11666,AREX is a highly ambitious financial technology start-up in the alternative financial services space that aims to change,Senior Financial Engineer,0,0,0.9999527931213379,4.7206878662109375e-05,0.7,1,BERT:bert_class_weighted,Class weight
1622,emscad_11667,We help teachers get safe & secure jobs abroad :),English Teacher Overseas,0,0,0.999956488609314,4.3511390686035156e-05,0.7,1,BERT:bert_class_weighted,Class weight
1623,emscad_11671,"We’ve built revolutionary technology that is changing the way people get around cities. Using Via, a luxury ride booked ",Marketing Principal,0,0,0.9999608397483826,3.916025161743164e-05,0.7,1,BERT:bert_class_weighted,Class weight
1624,emscad_11672,"For over 20 years NAC Marketing Company, LLC d/b/a New Vitality has helped people be healthy and live better by marketin",Customer Service Representatives,0,0,0.9999462962150574,5.370378494262695e-05,0.7,1,BERT:bert_class_weighted,Class weight
1625,emscad_11678,RhodeCode provides the leading source code management solution for enterprises. We are powering the world`s largest orga,Senior Python Backend Developer,0,0,0.9999499320983887,5.0067901611328125e-05,0.7,1,BERT:bert_class_weighted,Class weight
1626,emscad_11681,Our Mission,UX/UI HTML/CSS Designer,0,0,0.9999491572380066,5.08427619934082e-05,0.7,1,BERT:bert_class_weighted,Class weight
1627,emscad_11714,"WillDom is a top notch IT Outsourcing Business Ecosystem, where each member contributes in creating world class value. W",Open Project,0,0,0.9999545812606812,4.5418739318847656e-05,0.7,1,BERT:bert_class_weighted,Class weight
1628,emscad_11716,Position :Software Web Applications Engineer Job Type : Full Time Job Location : United States-Rhode Island-Middletown U,Hiring for Software Web Applications Engineer,1,0,0.9899444580078125,0.0100555419921875,0.7,0,BERT:bert_class_weighted,Class weight
1629,emscad_11724,"From the lands of Can Do, Roll Our Sleeves Up and Get It Done, we create and solve things previously unimaginable. We’re",Senior Sales Executive - East,0,0,0.9999285936355591,7.140636444091797e-05,0.7,1,BERT:bert_class_weighted,Class weight
1630,emscad_11730,Only GC and US Citizens should apply,OBIEE Developer,0,0,0.9999107718467712,8.922815322875977e-05,0.7,1,BERT:bert_class_weighted,Class weight
1631,emscad_11731,We’re not doctors. We are geeks who understand doctors.,Android Developer (Kit Kat Kruncher),0,0,0.9998540878295898,0.00014591217041015625,0.7,1,BERT:bert_class_weighted,Class weight
1632,emscad_11734,VENTURE Credit Union Cooperative Society Limited is a member-owned credit union based in Trinidad and Tobago. We are com,ICT Technician,0,0,0.9999493360519409,5.066394805908203e-05,0.7,1,BERT:bert_class_weighted,Class weight
1633,emscad_11754,Staffing & Recruiting done right for the Oil & Energy Industry!,Process Engineer,1,1,0.0,1.0,0.7,1,BERT:bert_class_weighted,Class weight
1634,emscad_11755,Staffing & Recruiting done right for the Oil & Energy Industry!,UST Testing Technician,1,1,0.0,1.0,0.7,1,BERT:bert_class_weighted,Class weight
1635,emscad_11758,Staffing & Recruiting done right for the Oil & Energy Industry!,UTC Lead Testing Technician,1,1,0.0,1.0,0.7,1,BERT:bert_class_weighted,Class weight
1636,emscad_11763,Aptitude Staffing Solutions has redesigned the recruiting wheel. Our innovative new platform cuts the recruiting time in,Client Service Manager,1,1,0.0,1.0,0.7,1,BERT:bert_class_weighted,Class weight
1637,emscad_11772,Aptitude Staffing Solutions has redesigned the recruiting wheel. Our innovative new platform cuts the recruiting time in,Accounts Receivable Specialist,1,1,0.0,1.0,0.7,1,BERT:bert_class_weighted,Class weight
1638,emscad_11776,Avelgood Apps is creating cutting-edge audio and image recognition technologies that help people identify and engage wit,Software Engineer - Image Recognition,0,0,0.9999640583992004,3.594160079956055e-05,0.7,1,BERT:bert_class_weighted,Class weight
1639,emscad_11778,We are a leading medical specialty products supplier to Long-Term Care facilities throughout the country. Throughout the,Account Representative,0,0,0.9999171495437622,8.285045623779297e-05,0.7,1,BERT:bert_class_weighted,Class weight
1640,emscad_11780,"Farmigo is a mission-driven startup with a simple, ambitious goal: we want to make local, sustainably produced food more",Paid Media Manager,0,0,0.9999589920043945,4.100799560546875e-05,0.7,1,BERT:bert_class_weighted,Class weight
1641,emscad_11781,We Provide Full Time Permanent Positions for many medium to large US companies. We are interested in finding/recruiting ,"Web Developer - JavaScript AJAX HTML - Vancouver, British Columbia",0,0,0.9999554753303528,4.45246696472168e-05,0.7,1,BERT:bert_class_weighted,Class weight
1642,emscad_11786,"Optimy is a fast-growing company that develops and sells a unique solution (as a SaaS web- application) for sponsorship,",Client Service Manager (EN & FR),0,0,0.9999578595161438,4.214048385620117e-05,0.7,1,BERT:bert_class_weighted,Class weight
1643,emscad_11792,"Reinventing the specialty mortgage servicing process by providing the highest level of customer service to our clients, ",Litigation Specialist,0,0,0.9999430775642395,5.692243576049805e-05,0.7,1,BERT:bert_class_weighted,Class weight
1644,emscad_11796,"WellAware is an oil field communications and software-as-a-service (SaaS) company based in San Antonio, TX that provides",Information Technology Administrator,0,0,0.9999527931213379,4.7206878662109375e-05,0.7,1,BERT:bert_class_weighted,Class weight
1645,emscad_11805,Upstream’s mission is to revolutionise the way companies market to consumers through cutting edge technology. This is an,Project Manager,0,0,0.9999527931213379,4.7206878662109375e-05,0.7,1,BERT:bert_class_weighted,Class weight
1646,emscad_11806,Yoyo has built a platform the creates better relationships between retailers and consumers. Our consumer app seamlessly ,Android Engineer,0,0,0.9999452233314514,5.4776668548583984e-05,0.7,1,BERT:bert_class_weighted,Class weight
1647,emscad_11816,Our History,Driver - Medium Duty (LA/OC),0,0,0.9999374747276306,6.252527236938477e-05,0.7,1,BERT:bert_class_weighted,Class weight
1648,emscad_11826,Our History,Inside Sales Representative (San Diego),0,0,0.9999471306800842,5.2869319915771484e-05,0.7,1,BERT:bert_class_weighted,Class weight
1649,emscad_11845,"Based in the South of England, Sentios Technology provides managed kiosk solutions and service delivery for end users an",Software Developer,0,0,0.9999563694000244,4.363059997558594e-05,0.7,1,BERT:bert_class_weighted,Class weight
1650,emscad_11850,"Optimy is a fast-growing company that develops and sells a unique solution (as a SaaS web- application) for sponsorship,",Native French speaking Account Manager,0,0,0.9999575018882751,4.2498111724853516e-05,0.7,1,BERT:bert_class_weighted,Class weight
1651,emscad_11861,Outstanding Member Service Starts With Outstanding People,Branch Manager,0,0,0.9999268651008606,7.31348991394043e-05,0.7,1,BERT:bert_class_weighted,Class weight
1652,emscad_11862,The Albany Charter School Network is a family of charter schools in the City of Albany that works to prepare children fo,Secondary Science Teacher,0,0,0.9999514818191528,4.851818084716797e-05,0.7,1,BERT:bert_class_weighted,Class weight
1653,emscad_11867,"Founded in 2009, the Fonpit AG rose with its international web portal ANDROIDPIT to the world's largest Android communit",Sales Manager (m/f) Mobile Marketing,0,0,0.9999594688415527,4.0531158447265625e-05,0.7,1,BERT:bert_class_weighted,Class weight
1654,emscad_11879,"#URL_c59e83e0460115b6817e5222a26b0e0f821ffad0ef2167b473cb66e5e7192142# is the creator of the first ""Everywhere"" social n",UI Designer,0,0,0.9999614953994751,3.8504600524902344e-05,0.7,1,BERT:bert_class_weighted,Class weight
1655,emscad_11888,"Cohaesus is a trusted partner to the world's greatest advertising, marketing, communications and creative agencies. By b",C# Developer,0,0,0.9999405741691589,5.942583084106445e-05,0.7,1,BERT:bert_class_weighted,Class weight
1656,emscad_11896,"WDM have been in business for more than a decade, starting from a two-man operation to develop into a full-service agenc",Experienced PHP Developer,0,0,0.9999578595161438,4.214048385620117e-05,0.7,1,BERT:bert_class_weighted,Class weight
1657,emscad_11913,"CloudShare is creative, vibrant... and growing fast.",WEB DEVELOPER (CLIENT + SERVER),0,0,0.9999467134475708,5.328655242919922e-05,0.7,1,BERT:bert_class_weighted,Class weight
1658,emscad_11929,Established on the principles that full time education is not for everyone Spectrum Learning is made up of a team of pas,Fragrance consultants needed in Nottingham,0,0,0.9999578595161438,4.214048385620117e-05,0.7,1,BERT:bert_class_weighted,Class weight
1659,emscad_11933,"Keycafe is the leading key exchange solution for Airbnb hosts, property managers and real estate agents. We have over 10",Senior Software Engineer,0,0,0.9999554753303528,4.45246696472168e-05,0.7,1,BERT:bert_class_weighted,Class weight
1660,emscad_11936,Key Responsibilities,Regional Change Consultant,0,0,0.9999307990074158,6.920099258422852e-05,0.7,1,BERT:bert_class_weighted,Class weight
1661,emscad_11949,"21st century financial software, in the cloud",UX Designer / Web Developer,0,0,0.9999497532844543,5.02467155456543e-05,0.7,1,BERT:bert_class_weighted,Class weight
1662,emscad_11959,"Space Ape Games is an Award Winning Mobile/Social Gaming startup founded in 2012. We’re a small, high-performing team wi",3D Animator,0,0,0.9999364614486694,6.35385513305664e-05,0.7,1,BERT:bert_class_weighted,Class weight
1663,emscad_11962,"Maxnet offers Staff Augmentation Solutions for Big Data Analytics in Retail, Healthcare and Regulatory & Compliance.",BA Recon GL,0,0,0.999944806098938,5.519390106201172e-05,0.7,1,BERT:bert_class_weighted,Class weight
1664,emscad_11966,We are looking for an Android Developer who possesses a passion for pushing mobile technologies to the limits and will w,Android Developer,0,0,0.9950675964355469,0.004932403564453125,0.7,1,BERT:bert_class_weighted,Class weight
1665,emscad_11967,"It's not about what brands say. It's what they do that matters. People are no longer satisfied with simply ""hearing"" a b",Account Manager,0,0,0.9999410510063171,5.894899368286133e-05,0.7,1,BERT:bert_class_weighted,Class weight
1666,emscad_11976,We are an innovative personnel-sourcing firm with solid team strength in recruiting candidates for various domains in th,"Python Lead Developer Job opportunity at Long Island, NY",0,0,0.9999544024467468,4.559755325317383e-05,0.7,1,BERT:bert_class_weighted,Class weight
1667,emscad_11982,Tank Utility ( #URL_ab4bdb2acb5bcb4b9ea2a35e5a02ad012a5e4d6354e18efeb66f623f544174cb# ) is a new Boston-based company. W,Product Research and Marketing,0,0,0.9999619126319885,3.808736801147461e-05,0.7,1,BERT:bert_class_weighted,Class weight
1668,emscad_11986,As Project Supervisor you will be responsible for:,Project Supervisor,0,0,0.8365478515625,0.1634521484375,0.7,1,BERT:bert_class_weighted,Class weight
1669,emscad_11996,"Friend MTS is a leading provider of technology to the media and entertainment industry. Specialising in video security, ",Marketing Manager,0,0,0.9999475479125977,5.245208740234375e-05,0.7,1,BERT:bert_class_weighted,Class weight
1670,emscad_11999,PowerbyProxi and its customers are leading a revolution to deliver unplugged power. We have changed the way electricity ,Senior Engineer - Power Electronics,0,0,0.9999318718910217,6.812810897827148e-05,0.7,1,BERT:bert_class_weighted,Class weight
1671,emscad_12002,We Provide Full Time Permanent Positions for many medium to large US companies. We are interested in finding/recruiting ,Process Engineer - EIT PSM Lean Six Sigma - LA,0,0,0.9999426007270813,5.739927291870117e-05,0.7,1,BERT:bert_class_weighted,Class weight
1672,emscad_12012,"Infrascale is the only complete cloud backup and disaster recovery solution, designed for MSPs. Located in El Segundo, C",Inside Sales Representative,0,0,0.9999527931213379,4.7206878662109375e-05,0.7,1,BERT:bert_class_weighted,Class weight
1673,emscad_12017,Zylun’s mission is to help small and medium size enterprises take advantage of a highly skilled global workforce in a si,AUTOCAD OPERATOR,0,0,0.9999545812606812,4.5418739318847656e-05,0.7,1,BERT:bert_class_weighted,Class weight
1674,emscad_12030,As a customer support dude on #URL_0a1667009951cdc20258aaca432753946ff57cfec7cf4bf118cb98e4581aa061# you will work with ,Customer Support Dude,0,0,0.9999445676803589,5.543231964111328e-05,0.7,1,BERT:bert_class_weighted,Class weight
1675,emscad_12033,Ready to let your star shine? Discover the career you’ve been dreaming about at AvaStars where...,TEMPLATE - Technology Systems Engineer,0,0,0.9999417066574097,5.829334259033203e-05,0.7,1,BERT:bert_class_weighted,Class weight
1676,emscad_12040,"We design, build, sell, and service the most innovative operations management technology in the world.",Cold Call Applicants,0,0,0.9998446702957153,0.00015532970428466797,0.7,1,BERT:bert_class_weighted,Class weight
1677,emscad_12042,Did you know that we are one of the largest private construction companies in the UK? As a family-owned business we know,Project Manager,0,0,0.9999625086784363,3.74913215637207e-05,0.7,1,BERT:bert_class_weighted,Class weight
1678,emscad_12051,We help teachers get safe & secure jobs abroad :),Teach English Overseas (Conversational),0,0,0.9999538660049438,4.6133995056152344e-05,0.7,1,BERT:bert_class_weighted,Class weight
1679,emscad_12052,Unify — formerly known as Siemens Enterprise Communications — is a premier communications software and services firms. O,Systems Architect,0,0,0.999929666519165,7.033348083496094e-05,0.7,1,BERT:bert_class_weighted,Class weight
1680,emscad_12054,"Salary: £18,000 - £20,000 Basic",Trainee Recruitment Consultant,0,0,0.9998780488967896,0.00012195110321044922,0.7,1,BERT:bert_class_weighted,Class weight
1681,emscad_12061,"Keycafe is the leading key exchange solution for Airbnb hosts, property managers and real estate agents. We have over 10",Community Manager,0,0,0.9999445676803589,5.543231964111328e-05,0.7,1,BERT:bert_class_weighted,Class weight
1682,emscad_12077,Leadership talent acquisition. Specializing in teaching and training positions for the Kingdom of Saudi Arabia. - Engine,Instructor - Industrial (Electrical/Mechanical),0,0,0.9999334216117859,6.657838821411133e-05,0.7,1,BERT:bert_class_weighted,Class weight
1683,emscad_12085,"Founded in 2010 by a team from Google’s London and New York offices, Qubit work with some of the biggest names in Online",Technical Partner Manager,0,0,0.999961793422699,3.820657730102539e-05,0.7,1,BERT:bert_class_weighted,Class weight
1684,emscad_12089,"Namely is the leading end-to-end HR and payroll platform for growing companies. Offerings include human payroll, benefit",Sales Operations Analyst,0,0,0.9999599456787109,4.00543212890625e-05,0.7,1,BERT:bert_class_weighted,Class weight
1685,emscad_12091,"Social Care Alba is the highest graded Care at Home Company in the country. We hold awards in Investors in People, Healt",Support Worker (Care),0,0,0.9999628067016602,3.719329833984375e-05,0.7,1,BERT:bert_class_weighted,Class weight
1686,emscad_12096,Zylun’s mission is to help small and medium size enterprises take advantage of a highly skilled global workforce in a si,SR. PHP DEVELOPER (COMMANDLINE & OOP),0,0,0.9999586939811707,4.13060188293457e-05,0.7,1,BERT:bert_class_weighted,Class weight
1687,emscad_12118,"The SharePoint Architect will lead the team while utilizing an iterative approach to architectural design, development, ",SharePoint Architect,0,0,0.9999374747276306,6.252527236938477e-05,0.7,1,BERT:bert_class_weighted,Class weight
1688,emscad_12120,"90 Seconds, the worlds Cloud Video Production Service.",Part-Time Admin/Accounts Ninja,0,0,0.9999536871910095,4.6312808990478516e-05,0.7,1,BERT:bert_class_weighted,Class weight
1689,emscad_12147,"Depop is an exciting new mobile marketplace where you can sell things by simply taking a picture, as well as follow your",Support Agent,0,0,0.9999412298202515,5.8770179748535156e-05,0.7,1,BERT:bert_class_weighted,Class weight
1690,emscad_12152,"Glownet is the UK startup that is revolutionizing the live event experience for promoters, festival goers, caterers and ",Lead Developer / Scrum Master,0,0,0.9999632239341736,3.6776065826416016e-05,0.7,1,BERT:bert_class_weighted,Class weight
1691,emscad_12154,"Advertising Campaign Coordinator is responsible for coordinating multiple internet advertising campaigns, using our plat",Ad campaign coordinator (Spanish speaking),0,0,0.9999592900276184,4.07099723815918e-05,0.7,1,BERT:bert_class_weighted,Class weight
1692,emscad_12164,AREX is a highly ambitious financial technology start-up in the alternative financial services space that aims to change,Customer Service Manager,0,0,0.999946117401123,5.3882598876953125e-05,0.7,1,BERT:bert_class_weighted,Class weight
1693,emscad_12167,Zylun’s mission is to help small and medium size enterprises take advantage of a highly skilled global workforce in a si,.NET DEVELOPER,0,0,0.999945878982544,5.412101745605469e-05,0.7,1,BERT:bert_class_weighted,Class weight
1694,emscad_12194,"DICE gets fans the best tickets at face value with No Booking Fees. We're based in Shoreditch, London and 100% mobile so",Head of Digital and Social Marketing,0,0,0.9999417066574097,5.829334259033203e-05,0.7,1,BERT:bert_class_weighted,Class weight
1695,emscad_12198,We Provide Full Time Permanent Positions for many medium to large US companies. We are interested in finding/recruiting ,Lean Manufacturing,0,0,0.9999629259109497,3.707408905029297e-05,0.7,1,BERT:bert_class_weighted,Class weight
1696,emscad_12212,Established on the principles that full time education is not for everyone Spectrum Learning is made up of a team of pas,DH7 Business Admin Apprenticeship Under NAS 16-24 Year Olds Only,0,0,0.9999403357505798,5.9664249420166016e-05,0.7,1,BERT:bert_class_weighted,Class weight
1697,emscad_12215,"ustwo offers you the opportunity to be yourself, whilst delivering the best work on the planet for some of the biggest a",Product Owner,0,0,0.9999473094940186,5.269050598144531e-05,0.7,1,BERT:bert_class_weighted,Class weight
1698,emscad_12217,"Social Care Alba is the highest graded Care at Home Company in the country. We hold awards in Investors in People, Healt",Personal Care Assistant,0,0,0.9999628067016602,3.719329833984375e-05,0.7,1,BERT:bert_class_weighted,Class weight
1699,emscad_12219,Established on the principles that full time education is not for everyone Spectrum Learning is made up of a team of pas,Fragrance and Beauty Sales/Promotional Staff needed,0,0,0.9999527931213379,4.7206878662109375e-05,0.7,1,BERT:bert_class_weighted,Class weight
1700,emscad_12233,"Building a better scribe company and the world's very best medical scribes. Better, stronger, faster than before",Medical Scribe,0,0,0.9998190402984619,0.00018095970153808594,0.7,1,BERT:bert_class_weighted,Class weight
1701,emscad_12244,Avocarrot is a native mobile ad network with offices in Silicon Valley and Athens. We are building the next generation o,Mobile Software Engineer,0,0,0.9999573230743408,4.267692565917969e-05,0.7,1,BERT:bert_class_weighted,Class weight
1702,emscad_12247,Zylun’s mission is to help small and medium size enterprises take advantage of a highly skilled global workforce in a si,SENIOR .NET DEVELOPER,0,0,0.9999522566795349,4.774332046508789e-05,0.7,1,BERT:bert_class_weighted,Class weight
1703,emscad_12257,NOW: Pensions is a UK based multi-employer trust serving thousands of employers and hundreds of thousands of employees f,Salesforce Administrator ADM201+ (contractor or permanent),0,0,0.9999551177024841,4.488229751586914e-05,0.7,1,BERT:bert_class_weighted,Class weight
1704,emscad_12269,WHY WORK AT IMAGINET,General Category,0,0,0.9999302625656128,6.973743438720703e-05,0.7,1,BERT:bert_class_weighted,Class weight
1705,emscad_12293,"Meet cove, a network of neighborhood productive spaces with a community defining how to be productive together. We are a","Onsite Host (Washington, DC)",0,0,0.9999635219573975,3.647804260253906e-05,0.7,1,BERT:bert_class_weighted,Class weight
1706,emscad_12297,We Provide Full Time Permanent Positions for many medium to large US companies. We are interested in finding/recruiting ,Continuous Improvement Supervisor - Six Sigma 5S Lean - GA,0,0,0.9999369978904724,6.300210952758789e-05,0.7,1,BERT:bert_class_weighted,Class weight
1707,emscad_12306,"At Hayes-Corp, we create the fun stuff. With a focus on software development for mobile platforms, we are constantly loo","Executive Assistant (Tech, Internet, Global, Mobile, Growth)",0,0,0.9999307990074158,6.920099258422852e-05,0.7,1,BERT:bert_class_weighted,Class weight
1708,emscad_12318,InVision is a venture-backed startup working to create the world's best design communication and collaboration platform.,Content Writer / Editor,0,0,0.9999558329582214,4.416704177856445e-05,0.7,1,BERT:bert_class_weighted,Class weight
1709,emscad_12329,Simworx is acknowledged as one of the world’s leaders in the supply of 4D Effects Cinemas and Motion Simulation Attracti,Commercial Project Manager,0,0,0.9999547600746155,4.5239925384521484e-05,0.7,1,BERT:bert_class_weighted,Class weight
1710,emscad_12353,"Squiz is one of the world's leading web solutions companies. We design, build and manage engaging websites and online ap",Web Solutions Architect,0,0,0.9999647736549377,3.522634506225586e-05,0.7,1,BERT:bert_class_weighted,Class weight
1711,emscad_12360,Established on the principles that full time education is not for everyone Spectrum Learning is made up of a team of pas,Wolverhampton Fragrance and Beauty Promotional Staff,0,0,0.9999589920043945,4.100799560546875e-05,0.7,1,BERT:bert_class_weighted,Class weight
1712,emscad_12364,"We experiment with new digital products, retail experiences and business models at M&S.com",Software Engineer in Test,0,0,0.9999623894691467,3.7610530853271484e-05,0.7,1,BERT:bert_class_weighted,Class weight
1713,emscad_12370,Xpitality was created by its partners who have over 12 years experience in the hotel marketing sector. We combine the sp,"Web developer/Sviluppatore web (Ruby, PHP)",0,0,0.9999581575393677,4.184246063232422e-05,0.7,1,BERT:bert_class_weighted,Class weight
1714,emscad_12379,Established on the principles that full time education is not for everyone Spectrum Learning is made up of a team of pas,Elland Administrator Apprenticeship Under NAS 16-18 Year Olds Only,0,0,0.9999475479125977,5.245208740234375e-05,0.7,1,BERT:bert_class_weighted,Class weight
1715,emscad_12384,We are looking for an ambitious Java Web Developer to join a company offering solutions related to web content managemen,Java Web Developer,0,0,0.9999419450759888,5.805492401123047e-05,0.7,1,BERT:bert_class_weighted,Class weight
1716,emscad_12402,"Our client based in Liverpool, UK is looking to hire a Software Engineer /C# to join their team. You will be a self-moti",Software Engineer /C# - UK,0,0,0.9999578595161438,4.214048385620117e-05,0.7,1,BERT:bert_class_weighted,Class weight
1717,emscad_12405,Your main work tasks will include:,UIX JS Developer - UK,0,0,0.9999493360519409,5.066394805908203e-05,0.7,1,BERT:bert_class_weighted,Class weight
1718,emscad_12424,The Beans Group is a media company that exists to empower young people to thrive. We have been on an exponential growth ,Junior Software Engineer,0,0,0.9999589920043945,4.100799560546875e-05,0.7,1,BERT:bert_class_weighted,Class weight
1719,emscad_12425,"The Graham Marketing Group / RSVP Publications – Charleston, SC",Media Advertising Sales Representative (3-5 years sales exp. a must),0,0,0.9998584985733032,0.00014150142669677734,0.7,1,BERT:bert_class_weighted,Class weight
1720,emscad_12431,Established on the principles that full time education is not for everyone Spectrum Learning is made up of a team of pas,AB12 3LE DGV Apprenticeships Under NAS 18 Year Olds Only,0,0,0.9999310374259949,6.896257400512695e-05,0.7,1,BERT:bert_class_weighted,Class weight
1721,emscad_12432,"Horizon Video Technologies Inc. is the company behind the award winning mobile app, Horizon .",Android Developer,0,0,0.9998427629470825,0.00015723705291748047,0.7,1,BERT:bert_class_weighted,Class weight
1722,emscad_12444,"Based in San Francisco with a development office in Budapest, Hungary, Secret Sauce Partners enables the world's largest",Senior System Administrator,0,0,0.9999487400054932,5.125999450683594e-05,0.7,1,BERT:bert_class_weighted,Class weight
1723,emscad_12450,We Provide Full Time Permanent Positions for many medium to large US companies. We are interested in finding/recruiting ,Research Scientist -- Marketing Sciences,0,0,0.9999580383300781,4.1961669921875e-05,0.7,1,BERT:bert_class_weighted,Class weight
1724,emscad_12453,"We're an emerging technology agency, and we build breakthrough products through user-centered design. We're building a t",Receptionist,0,0,0.999899685382843,0.00010031461715698242,0.7,1,BERT:bert_class_weighted,Class weight
1725,emscad_12459,"About the Company Adform is a premier partner for media agencies, trading desks, advertisers and publishers, offering th",Platform Solutions Consultant (Germany),0,0,0.9999602437019348,3.975629806518555e-05,0.7,1,BERT:bert_class_weighted,Class weight
1726,emscad_12499,Hawkeye Recruitment provides cost effective recruitment advertising solutions to help you cast the widest net to find th,Police Officer,0,0,0.9999527931213379,4.7206878662109375e-05,0.7,1,BERT:bert_class_weighted,Class weight
1727,emscad_12504,"We're an emerging technology agency, and we build breakthrough products through user-centered design. We're building a t",Interaction Designer,0,0,0.9998831748962402,0.00011682510375976562,0.7,1,BERT:bert_class_weighted,Class weight
1728,emscad_12525,Hawkeye Recruitment provides cost effective recruitment advertising solutions to help you cast the widest net to find th,Outside Sales Rep - Sales Manager,0,0,0.9999417066574097,5.829334259033203e-05,0.7,1,BERT:bert_class_weighted,Class weight
1729,emscad_12557,Established on the principles that full time education is not for everyone Spectrum Learning is made up of a team of pas,Dewsbury Business Admin Apprenticeship Under NAS 16-18 Year Olds Only,0,0,0.9999545812606812,4.5418739318847656e-05,0.7,1,BERT:bert_class_weighted,Class weight
1730,emscad_12564,Job Description: Primary job responsibilities are provide support for all company based customers within the area. Focus,Customer Service Technical Support/Help Desk II,0,0,0.9993762969970703,0.0006237030029296875,0.7,1,BERT:bert_class_weighted,Class weight
1731,emscad_12579,MarketInvoice is one of the most high-profile London based fin-tech companies. The Company is Europe’s leading P2P invoi,Director of Operations,0,0,0.9999613165855408,3.8683414459228516e-05,0.7,1,BERT:bert_class_weighted,Class weight
1732,emscad_12600,"At Total Eclipse we create fun, original, and addictive games that are easy to learn yet hard to master. We have a stron",Illustrator for Games,0,0,0.9999452233314514,5.4776668548583984e-05,0.7,1,BERT:bert_class_weighted,Class weight
1733,emscad_12603,"Maxnet offers Staff Augmentation Solutions for Big Data Analytics in Retail, Healthcare and Regulatory & Compliance.",Web method Developer,0,0,0.9999489784240723,5.1021575927734375e-05,0.7,1,BERT:bert_class_weighted,Class weight
1734,emscad_12611,"Local Projects is a media design firm for museums and public spaces. While innovation drives much of today’s design, we’",Graphic Designer,0,0,0.9999531507492065,4.684925079345703e-05,0.7,1,BERT:bert_class_weighted,Class weight
1735,emscad_12614,"Vend is looking for some awesome new talent to come join us. You'll be working in an awesome team doing awesome things, ",Director Channel Sales - North America,0,0,0.999963641166687,3.635883331298828e-05,0.7,1,BERT:bert_class_weighted,Class weight
1736,emscad_12626,"The MarketMaker4 leadership team has extensive experience in e-procurement, online auctions, market intelligence, strate",Inside Sales Associate - Leader in E-sourcing,0,0,0.9999540448188782,4.595518112182617e-05,0.7,1,BERT:bert_class_weighted,Class weight
1737,emscad_12634,"We're an emerging technology agency, and we build breakthrough products through user-centered design. We're building a t",Contract UI/UX Designer,0,0,0.9999381899833679,6.181001663208008e-05,0.7,1,BERT:bert_class_weighted,Class weight
1738,emscad_12636,"Red Star Yeast Company LLC (RSYC), a leader in the Yeast Manufacturing Industry, is a joint venture between Lesaffre Yea",Maintenance Engineer,0,0,0.9999580383300781,4.1961669921875e-05,0.7,1,BERT:bert_class_weighted,Class weight
1739,emscad_12638,We Help Create Communities that Withstand the Test of Time,HOA Property Inspector,0,0,0.9993109703063965,0.0006890296936035156,0.7,1,BERT:bert_class_weighted,Class weight
1740,emscad_12649,"We are looking for a full-time software engineer to join a high frequency algorithmic trading team based in Athens, work",Software Engineer - Algorithmic Trading,0,0,0.9999326467514038,6.73532485961914e-05,0.7,1,BERT:bert_class_weighted,Class weight
1741,emscad_12654,We Provide Full Time Permanent Positions for many medium to large US companies. We are interested in finding/recruiting ,"Manufacturing Representative - HSES Manufacturing exp - Columbia, SC",0,0,0.9999547600746155,4.5239925384521484e-05,0.7,1,BERT:bert_class_weighted,Class weight
1742,emscad_12655,"Recombine provides clinical genetic testing. CarrierMap, the first product created at Recombine, is the most comprehensi",Director of Managed Care,0,0,0.9999426007270813,5.739927291870117e-05,0.7,1,BERT:bert_class_weighted,Class weight
1743,emscad_12663,Established on the principles that full time education is not for everyone Spectrum Learning is made up of a team of pas,Beauty & Fragrance consultants needed,0,0,0.9999578595161438,4.214048385620117e-05,0.7,1,BERT:bert_class_weighted,Class weight
1744,emscad_12668,BillGuard is a personal finance security service powered by the collective knowledge of millions of people . The family ,QA Manager,0,0,0.9999471306800842,5.2869319915771484e-05,0.7,1,BERT:bert_class_weighted,Class weight
1745,emscad_12672,"Voyageur is one of Ontario's leading transportation companies, serving Southwestern and Central Ontario for over 34 year","School Bus Driver - Kitchener-Waterloo, Wellington County",0,0,0.9999604225158691,3.9577484130859375e-05,0.7,1,BERT:bert_class_weighted,Class weight
1746,emscad_12682,"WillDom is a top notch IT Outsourcing Business Ecosystem, where each member contributes in creating world class value. W",Drupal Developer - Remote - USA Only,0,0,0.9999536871910095,4.6312808990478516e-05,0.7,1,BERT:bert_class_weighted,Class weight
1747,emscad_12688,"Intercom ( #URL_cb674f93cbcd215a3a0a57a8615a565545949eead8adbbc73307c26d6a6af81b# ) is a simple, personal messaging serv",Product Manager,0,0,0.9999389052391052,6.109476089477539e-05,0.7,1,BERT:bert_class_weighted,Class weight
1748,emscad_12700,Who are We?,Business Development Associate,0,0,0.9999467134475708,5.328655242919922e-05,0.7,1,BERT:bert_class_weighted,Class weight
1749,emscad_12709,"We're an emerging technology agency, and we build breakthrough products through user-centered design. We're building a t",Android Engineer,0,0,0.9998133182525635,0.00018668174743652344,0.7,1,BERT:bert_class_weighted,Class weight
1750,emscad_12714,Want to build a 21st century financial service?,CUSTOMER SUPPORT ASSOCIATE - GERMAN,0,0,0.9999613165855408,3.8683414459228516e-05,0.7,1,BERT:bert_class_weighted,Class weight
1751,emscad_12728,We Provide Full Time Permanent Positions for many medium to large US companies. We are interested in finding/recruiting ,PeopleSoft HCM Analyst,0,0,0.9999616146087646,3.838539123535156e-05,0.7,1,BERT:bert_class_weighted,Class weight
1752,emscad_12729,Indicative is changing the way internet business make decisions with data.,UI/UX Lead Designer,0,0,0.9999305009841919,6.949901580810547e-05,0.7,1,BERT:bert_class_weighted,Class weight
1753,emscad_12738,Two Bulls is a boutique software development firm. We work with a select group of major clients and leading startups to ,Graduate Developer,0,0,0.999947726726532,5.227327346801758e-05,0.7,1,BERT:bert_class_weighted,Class weight
1754,emscad_12758,Our mission is to bring the world's best-loved local restaurants into everyone's home or office - fast.,Regional Manager,0,0,0.9999620914459229,3.790855407714844e-05,0.7,1,BERT:bert_class_weighted,Class weight
1755,emscad_12766,Kettle is an independent digital agency based in New York City and the Bay Area. We’re committed to making digital do mo,General submissions - NYC,0,0,0.9999608397483826,3.916025161743164e-05,0.7,1,BERT:bert_class_weighted,Class weight
1756,emscad_12770,We Provide Full Time Permanent Positions for many medium to large US companies. We are interested in finding/recruiting ,IT Security Analyst,0,0,0.9999640583992004,3.594160079956055e-05,0.7,1,BERT:bert_class_weighted,Class weight
1757,emscad_12772,CGSoft provides innovative software products and requisite high-standard services which cover the whole spectrum of “e-b,Junior Consultant,0,0,0.9999403357505798,5.9664249420166016e-05,0.7,1,BERT:bert_class_weighted,Class weight
1758,emscad_12779,We are a digital marketing agency with an emphasis upon quality development that is developed and sold in a consultative,Sales Agents $400/wk Plus Commission,0,0,0.9999178051948547,8.219480514526367e-05,0.7,1,BERT:bert_class_weighted,Class weight
1759,emscad_12791,"We, XDuce Corporation are oracle premium partner with focus on SOA, Cloud & Mobile Technologies We are working Directly ",Java / Solution Architect,0,0,0.9999432563781738,5.6743621826171875e-05,0.7,1,BERT:bert_class_weighted,Class weight
1760,emscad_12802,Established on the principles that full time education is not for everyone Spectrum Learning is made up of a team of pas,Luxury fragrance consultants needed for Xmas!,0,0,0.9999605417251587,3.9458274841308594e-05,0.7,1,BERT:bert_class_weighted,Class weight
1761,emscad_12805,If working in a cubical seems like your idea of hell then joining our awesome startup team might be the opportunity you’,"Director of Sales, USA",0,0,0.9999061226844788,9.387731552124023e-05,0.7,1,BERT:bert_class_weighted,Class weight
1762,emscad_12811,We Provide Full Time Permanent Positions for many medium to large US companies. We are interested in finding/recruiting ,Mechanical Supplier Quality Engineer - ASQ NDT ISO Six Sigma - FL,0,0,0.9999540448188782,4.595518112182617e-05,0.7,1,BERT:bert_class_weighted,Class weight
1763,emscad_12818,Tel Tech Networks is a Voice/Data/Video/Security systems contractor operating primarily in the Southwestern United State,Fiber Technician,0,0,0.9999544024467468,4.559755325317383e-05,0.7,1,BERT:bert_class_weighted,Class weight
1764,emscad_12829,We love the convenience of paying with plastic: swiping a debit or credit card is so much faster and more convenient tha,Firmware Engineer,0,0,0.9999456405639648,5.435943603515625e-05,0.7,1,BERT:bert_class_weighted,Class weight
1765,emscad_12831,"Loftplan are a specialist loft conversion company. Operating for over 20 years, Loftplan have installed over 4000 loft c",Carpenter (1st and 2nd fix),0,0,0.9999551177024841,4.488229751586914e-05,0.7,1,BERT:bert_class_weighted,Class weight
1766,emscad_12834,"""Only stupid questions create wealth"" - Gary Hamel A successful business needs stupid questions and great design. We do ",Web Designer / Front End Developer,0,0,0.9999299645423889,7.003545761108398e-05,0.7,1,BERT:bert_class_weighted,Class weight
1767,emscad_12838,We believe cities are complicated. And your mobile device should save you from the everyday challenges of living in them,Product,0,0,0.9999145269393921,8.547306060791016e-05,0.7,1,BERT:bert_class_weighted,Class weight
1768,emscad_12849,SilverStripe CMS & Framework is an open source platform of web development tools. The platform is curated by SilverStrip,Senior Operations Developer,0,0,0.9999616146087646,3.838539123535156e-05,0.7,1,BERT:bert_class_weighted,Class weight
1769,emscad_12855,Must Be GC or GC-EAD or US citizen.,PL/SQL Developer,0,0,0.9999400973320007,5.990266799926758e-05,0.7,1,BERT:bert_class_weighted,Class weight
1770,emscad_12862,9+ years of Experience in SAP Environment,SAP SCM (WM/EWM) Consultant,0,0,0.9998488426208496,0.00015115737915039062,0.7,1,BERT:bert_class_weighted,Class weight
1771,emscad_12865,Want to help build an application that is seen by millions each month?,Backend engineer (first hire),0,0,0.9998736381530762,0.00012636184692382812,0.7,1,BERT:bert_class_weighted,Class weight
1772,emscad_12866,"WDM Group is an innovative, forward thinking digital company aimed at bringing business executives up-to-date with the l",Senior PHP Developer,0,0,0.9999374747276306,6.252527236938477e-05,0.7,1,BERT:bert_class_weighted,Class weight
1773,emscad_12879,At the core of IT’s challenges is a perennial cycle where the majority of budgets are consumed maintaining existing syst,Office Administrator,0,0,0.9999012351036072,9.876489639282227e-05,0.7,1,BERT:bert_class_weighted,Class weight
1774,emscad_12890,Seeking full and part-time day janitors and supervisors to clean commercial office buildings in San Francisco. Duties in,Janitors (San Francisco),0,0,0.9999456405639648,5.435943603515625e-05,0.7,1,BERT:bert_class_weighted,Class weight
1775,emscad_12891,WHAT WE DO,Software Developer - Intermediate to Senior,0,0,0.9999591708183289,4.082918167114258e-05,0.7,1,BERT:bert_class_weighted,Class weight
1776,emscad_12897,THE COMPANY: theAudience ( #URL_f3517a05fc71a73ef91dd5d00f6443a8da91d54cee2beb7373234066761c761b# ),"Manager, Brand Strategy",0,0,0.9999473094940186,5.269050598144531e-05,0.7,1,BERT:bert_class_weighted,Class weight
1777,emscad_12921,"For over 20 years NAC Marketing Company, LLC d/b/a New Vitality has helped people be healthy and live better by marketin",Senior Financial Analyst,0,0,0.9999573230743408,4.267692565917969e-05,0.7,1,BERT:bert_class_weighted,Class weight
1778,emscad_12930,Take Out Brands is a food franchise business with a #URL_4524df5c91ce800c4ba16ef1406d622db7d51d37105a7fcee27521e61854615,Store Manager - Papa John's Pizza,0,0,0.9999527931213379,4.7206878662109375e-05,0.7,1,BERT:bert_class_weighted,Class weight
1779,emscad_12938,"One Design Company is a digital design, strategy and development agency. We’ve called Chicago our home for nearly a deca",Senior Interactive Designer,0,0,0.9999485611915588,5.143880844116211e-05,0.7,1,BERT:bert_class_weighted,Class weight
1780,emscad_12939,The Technical Team and offering at VML London has a very strong heritage dating back to the mid-nineties when the London,Account Manager - Luxury Car Brand,0,0,0.9999531507492065,4.684925079345703e-05,0.7,1,BERT:bert_class_weighted,Class weight
1781,emscad_12962,We Provide Full Time Permanent Positions for many medium to large US companies. We are interested in finding/recruiting ,Sales & Marketing Manager - Business Management Exp Database - CT,0,0,0.9999357461929321,6.42538070678711e-05,0.7,1,BERT:bert_class_weighted,Class weight
1782,emscad_12967,"Vend is looking for some awesome new talent to come join us. You'll be working in an awesome team doing awesome things, ",Head of Product Design,0,0,0.9999614953994751,3.8504600524902344e-05,0.7,1,BERT:bert_class_weighted,Class weight
1783,emscad_12971,The front door to most businesses is online. Connectivity allows business owners know every first impression. We are pas,Account Executive,0,0,0.9999334216117859,6.657838821411133e-05,0.7,1,BERT:bert_class_weighted,Class weight
1784,emscad_12973,"R.H. ÁGIL es una empresa dedicada a ofrecer servicios de Recursos Humanos, especializada en las áreas de Asesoría, Admin",Analista de Recursos Humanos,0,0,0.9998623132705688,0.00013768672943115234,0.7,1,BERT:bert_class_weighted,Class weight
1785,emscad_12976,"WorkHub, a Berlin-based technology startup, is innovating at the intersection of mobile technology and digital outsourci",Chief Marketing Officer (CMO),0,0,0.9999619126319885,3.808736801147461e-05,0.7,1,BERT:bert_class_weighted,Class weight
1786,emscad_12979,"NuORDER is the fast-growing, venture-backed startup changing the way a $130 billion industry does business. An enterpris",Technical Support Representative,0,0,0.9999499320983887,5.0067901611328125e-05,0.7,1,BERT:bert_class_weighted,Class weight
1787,emscad_12986,"As augmented reality jobs go, one at Blippar is hard to beat. We are a rapidly expanding creative startup at the forefro",Flash Developer,0,0,0.9999469518661499,5.3048133850097656e-05,0.7,1,BERT:bert_class_weighted,Class weight
1788,emscad_12989,We Provide Full Time Permanent Positions for many medium to large US companies. We are interested in finding/recruiting ,"Electrical Reliability Specialist - CMMS EAM MS Office - Memphis, TN",0,0,0.9999581575393677,4.184246063232422e-05,0.7,1,BERT:bert_class_weighted,Class weight
1789,emscad_12998,EUROPEAN DYNAMICS (#URL_c66532ffa1ce76ab447da6774719060c42c584edbf44d74cdb94fc4ac219ca45#) is a leading European Softwar,Senior PowerBuilder Developer,0,0,0.9999570250511169,4.297494888305664e-05,0.7,1,BERT:bert_class_weighted,Class weight
1790,emscad_12999,Citymart helps cities to transform their communities by strengthening their innovation capacity and sharing inspiring so,Junior Analyst,0,0,0.9999326467514038,6.73532485961914e-05,0.7,1,BERT:bert_class_weighted,Class weight
1791,emscad_13004,Priority Care Group are a family run care group with 6 Care Homes in Scotland.,Care Assistant,0,0,0.9999610185623169,3.898143768310547e-05,0.7,1,BERT:bert_class_weighted,Class weight
1792,emscad_13008,"Namely is the leading end-to-end HR and payroll platform for growing companies. Offerings include human payroll, benefit",Support Engineer,0,0,0.9999563694000244,4.363059997558594e-05,0.7,1,BERT:bert_class_weighted,Class weight
1793,emscad_13015,"Working in over 60 countries and 30 languages, Autotorq is one of the world’s leading digital automotive agencies.",Digital Senior Account Manager,0,0,0.999966025352478,3.3974647521972656e-05,0.7,1,BERT:bert_class_weighted,Class weight
1794,emscad_13039,MERL's internship program gives students excellent opportunities to work in an industrial research lab environment side-,Motion Trajectory Analysis,0,0,0.9999445676803589,5.543231964111328e-05,0.7,1,BERT:bert_class_weighted,Class weight
1795,emscad_13048,We Provide Full Time Permanent Positions for many medium to large US companies. We are interested in finding/recruiting ,IT Security,0,0,0.9999626278877258,3.737211227416992e-05,0.7,1,BERT:bert_class_weighted,Class weight
1796,emscad_13062,MaxPlayTM is a cross-platform digital publishing company focused on revolutionizing the games as a service market. You p,Senior QA Engineer,0,0,0.9999533295631409,4.667043685913086e-05,0.7,1,BERT:bert_class_weighted,Class weight
1797,emscad_13063,Red Canary is a computer security startup that provides managed threat detection to alert our customers when their busin,Analyst,0,0,0.9999568462371826,4.315376281738281e-05,0.7,1,BERT:bert_class_weighted,Class weight
1798,emscad_13072,"Shapeways is the leading 3D printing marketplace and community, empowering designers to bring amazing products to life. ",Interaction Designer,0,0,0.9999629259109497,3.707408905029297e-05,0.7,1,BERT:bert_class_weighted,Class weight
1799,emscad_13076,Established on the principles that full time education is not for everyone Spectrum Learning is made up of a team of pas,Aberdeen Driving Goods Vehicle Apprenticeships Under NAS 18-24 Year Olds Only,0,0,0.9999573230743408,4.267692565917969e-05,0.7,1,BERT:bert_class_weighted,Class weight
1800,emscad_13078,At Shyp we're using technology to change the way everyone sends things around the world. Our platform is fantastically u,Senior Backend API/ Web Services Engineer,0,0,0.9999568462371826,4.315376281738281e-05,0.7,1,BERT:bert_class_weighted,Class weight
1801,emscad_13079,"Valor Services provides Workforce Solutions that meet the needs of companies across the Private Sector, with a special f",Accounts Payable Clerk,0,0,0.9999454617500305,5.453824996948242e-05,0.7,1,BERT:bert_class_weighted,Class weight
1802,emscad_13080,Why CSD?,Customer Experience Representative,0,0,0.9999291300773621,7.086992263793945e-05,0.7,1,BERT:bert_class_weighted,Class weight
1803,emscad_13089,"We build software for fashion retailers, to help them make the right commercial decisions about what to sell, and how to",Strategic Account Director - London,0,0,0.9999629259109497,3.707408905029297e-05,0.7,1,BERT:bert_class_weighted,Class weight
1804,emscad_13095,"Establishes, develops and maintains business relationships with current and prospective Customers.",Sales Representative,0,0,0.9999121427536011,8.785724639892578e-05,0.7,1,BERT:bert_class_weighted,Class weight
1805,emscad_13103,"PART-TIME WORK FROM YOUR PLACE Flexible schedule, $65 per hr Guaranteed pay. No experience is required & training given.",PART-TIME WORK FROM YOUR PLACE,1,1,0.0,1.0,0.7,1,BERT:bert_class_weighted,Class weight
1806,emscad_13114,"Act as the primary, often self-directed, inside liaison between the company and assigned customers, increasing sales by ",Sales Support Representative/ $20hr,0,0,0.91326904296875,0.08673095703125,0.7,1,BERT:bert_class_weighted,Class weight
1807,emscad_13119,"ClarusApex is an international recruiting company with representations in the Netherlands, Austria, Ukraine, Cyprus and ",Psychiatric Nurse from Europe (Relocation to England),0,0,0.9999585151672363,4.1484832763671875e-05,0.7,1,BERT:bert_class_weighted,Class weight
1808,emscad_13120,"Fusemachines combines the power of Data Science, Artificial Intelligence and Natural Language Processing to build unique",Customer Success Intern,0,0,0.9999481439590454,5.1856040954589844e-05,0.7,1,BERT:bert_class_weighted,Class weight
1809,emscad_13131,"ClearPoint are masters of software engineering, designing seriously clever solutions for big business and savvy start-up",.Net Developer - New Product to Market,0,0,0.9999632239341736,3.6776065826416016e-05,0.7,1,BERT:bert_class_weighted,Class weight
1810,emscad_13142,Massive Media is the social media company behind the successful digital brands #URL_18234f381f5e7b9a9ffdc727cd05c9046edf,Community Manager,0,0,0.9999560117721558,4.398822784423828e-05,0.7,1,BERT:bert_class_weighted,Class weight
1811,emscad_13148,"As our Digital Marketing Specialist, you will join our Digital Team. We're a bunch of creative, business-minded people t","Digital Marketing Coordinator, Singapore",0,0,0.9999556541442871,4.4345855712890625e-05,0.7,1,BERT:bert_class_weighted,Class weight
1812,emscad_13163,"The Belfry Inn & Bistro is an award winning B & B and restaurant located in Sandwich Village, Cape Cod.",Wait Staff/Servers Wanted - Great Tips,0,0,0.9999366998672485,6.330013275146484e-05,0.7,1,BERT:bert_class_weighted,Class weight
1813,emscad_13170,"At Atlas Lift Tech, safety always comes first! We are a fast growing company with an innovative vision of making Safe Pa",Training Field Supervisor (Head Coach),0,0,0.999943733215332,5.626678466796875e-05,0.7,1,BERT:bert_class_weighted,Class weight
1814,emscad_13171,We Provide Full Time Permanent Positions for many medium to large US companies. We are interested in finding/recruiting ,Peoplesoft Commitment Control,0,0,0.9999545812606812,4.5418739318847656e-05,0.7,1,BERT:bert_class_weighted,Class weight
1815,emscad_13188,Digital Shadows is a cyber threat intelligence company that protects organisations from data loss and targeted cyber att,Lead information security technology analyst,0,0,0.9999634027481079,3.6597251892089844e-05,0.7,1,BERT:bert_class_weighted,Class weight
1816,emscad_13191,Established on the principles that full time education is not for everyone Spectrum Learning is made up of a team of pas,Liverpool Fragrance/Beauty Promotional staff,0,0,0.9999592900276184,4.07099723815918e-05,0.7,1,BERT:bert_class_weighted,Class weight
1817,emscad_13193,"Vend is looking for some awesome new talent to come join us. You'll be working in an awesome team doing awesome things, ",Channel Marketing Manager,0,0,0.9999644756317139,3.552436828613281e-05,0.7,1,BERT:bert_class_weighted,Class weight
1818,emscad_13202,We Provide Full Time Permanent Positions for many medium to large US companies. We are interested in finding/recruiting ,Cyber Security Engineers - C++ ARM WLAN WIMAX Bluetooth - MD,0,0,0.999958336353302,4.166364669799805e-05,0.7,1,BERT:bert_class_weighted,Class weight
1819,emscad_13206,Established on the principles that full time education is not for everyone Spectrum Learning is made up of a team of pas,Middlesex DGV Apprenticeship available for 18 year olds only,0,0,0.9999540448188782,4.595518112182617e-05,0.7,1,BERT:bert_class_weighted,Class weight
1820,emscad_13210,SQLearn has an extensive experience and expertise in the elearning field. Dominates the Greek elearning market and has c,Web Designer,0,0,0.9999558329582214,4.416704177856445e-05,0.7,1,BERT:bert_class_weighted,Class weight
1821,emscad_13212,We build digital companies with creative technology. Backbone is a digital web agency that specializes in developing dyn,Office Manager,0,0,0.9999672770500183,3.272294998168945e-05,0.7,1,BERT:bert_class_weighted,Class weight
1822,emscad_13222,"We're artists, thinkers, and doers in an open, collaborative, and challenging environment. We love to work our hearts ou",VP of Account Services,0,0,0.9998831748962402,0.00011682510375976562,0.7,1,BERT:bert_class_weighted,Class weight
1823,emscad_13227,"Hi,",Fulltime opening for Jr Software Developer Opening at Location : New Heaven CT,0,0,0.9987382888793945,0.0012617111206054688,0.7,1,BERT:bert_class_weighted,Class weight
1824,emscad_13231,"SpotSource Solutions LLC is a Global Human Capital Management Consulting firm headquartered in Miami, Florida. Founded i",SALES - B2B,0,0,0.9999535083770752,4.649162292480469e-05,0.7,1,BERT:bert_class_weighted,Class weight
1825,emscad_13239,Established on the principles that full time education is not for everyone Spectrum Learning is made up of a team of pas,Cosmetic counter staff,0,0,0.999958336353302,4.166364669799805e-05,0.7,1,BERT:bert_class_weighted,Class weight
1826,emscad_13246,"Tidewater Finance Co. was established in 1992 for the initial purpose of purchasing, and servicing retail installment co",ARC Manager,0,0,0.9999331831932068,6.681680679321289e-05,0.7,1,BERT:bert_class_weighted,Class weight
1827,emscad_13254,Point Nine Capital is a Berlin-based venture capital firm focused exclusively on early-stage Internet investments in are,Take First Steps (Intern),0,0,0.9999620914459229,3.790855407714844e-05,0.7,1,BERT:bert_class_weighted,Class weight
1828,emscad_13256,Visual BI is one of the leading and fastest growing firms focusing exclusively on BI & Analytics. Our offerings cover en,Flex Developer,0,0,0.9999551177024841,4.488229751586914e-05,0.7,1,BERT:bert_class_weighted,Class weight
1829,emscad_13260,TalkLocal is seeking to bring together the brightest minds to develop the most efficient methods of connecting consumers,Development Intern,0,0,0.9999570250511169,4.297494888305664e-05,0.7,1,BERT:bert_class_weighted,Class weight
1830,emscad_13261,We Provide Full Time Permanent Positions for many medium to large US companies. We are interested in finding/recruiting ,Manufacturing Operations Supervisor,0,0,0.9999623894691467,3.7610530853271484e-05,0.7,1,BERT:bert_class_weighted,Class weight
1831,emscad_13284,Established on the principles that full time education is not for everyone Spectrum Learning is made up of a team of pas,Essex DGV Apprenticeship available for 18 year olds only,0,0,0.999956488609314,4.3511390686035156e-05,0.7,1,BERT:bert_class_weighted,Class weight
1832,emscad_13290,Established on the principles that full time education is not for everyone Spectrum Learning is made up of a team of pas,Beauty & Fragrance consultants needed,0,0,0.9999578595161438,4.214048385620117e-05,0.7,1,BERT:bert_class_weighted,Class weight
1833,emscad_13300,"The RealReal is changing the way people buy and sell luxury items. The leader in luxury resale, the company is a full se",Senior Ruby on Rails Engineer,0,0,0.9999563694000244,4.363059997558594e-05,0.7,1,BERT:bert_class_weighted,Class weight
1834,emscad_13301,Η Play Venture A.Ε. είναι μια νέα εταιρεία στο κλάδο του online Gambling (mobile & web) που επενδύει σε καινοτόμες τεχνο,Software Engineer,0,0,0.9999475479125977,5.245208740234375e-05,0.7,1,BERT:bert_class_weighted,Class weight
1835,emscad_13311,At Founders we create companies. We are are a team of people who constantly work and experiment with business models app,Full-Stack Digital Marketer,0,0,0.9999414682388306,5.8531761169433594e-05,0.7,1,BERT:bert_class_weighted,Class weight
1836,emscad_13314,We Provide Full Time Permanent Positions for many medium to large US companies. We are interested in finding/recruiting ,Electrical Maintenance Technician,0,0,0.999963641166687,3.635883331298828e-05,0.7,1,BERT:bert_class_weighted,Class weight
1837,emscad_13319,EUROPEAN DYNAMICS (#URL_c66532ffa1ce76ab447da6774719060c42c584edbf44d74cdb94fc4ac219ca45#) is a leading European Softwar,Business Development Officer,0,0,0.9999570250511169,4.297494888305664e-05,0.7,1,BERT:bert_class_weighted,Class weight
1838,emscad_13334,We Provide Full Time Permanent Positions for many medium to large US companies. We are interested in finding/recruiting ,Manufacturing Engineer,0,0,0.9999622106552124,3.7789344787597656e-05,0.7,1,BERT:bert_class_weighted,Class weight
1839,emscad_13349,Who is Ramberg Associates?,"General Practitioner - Gold Coast, Queensland, Australia",0,0,0.9999575018882751,4.2498111724853516e-05,0.7,1,BERT:bert_class_weighted,Class weight
1840,emscad_13358,"24/7 Networks has all the best IT people in Colorado, except one.",Proposal and Sales Specialist,0,0,0.9999522566795349,4.774332046508789e-05,0.7,1,BERT:bert_class_weighted,Class weight
1841,emscad_13360,Want to be part of a NZ success story that’s going places?,Senior Java Developer (Malaysia),0,0,0.9999483823776245,5.161762237548828e-05,0.7,1,BERT:bert_class_weighted,Class weight
1842,emscad_13366,"Slable is a small I.T. consulting firm based out of Woodbridge, VA. We offer computer/network support, VoIP telephone sy",I.T. Consulting (MSP) Sales Associate,0,0,0.9999545812606812,4.5418739318847656e-05,0.7,1,BERT:bert_class_weighted,Class weight
1843,emscad_13367,As a General Secretary you will be responsible for providing administrative support to ensure efficient operation of the,General Secretary,0,0,0.9998377561569214,0.00016224384307861328,0.7,1,BERT:bert_class_weighted,Class weight
1844,emscad_13379,Role: Responsible for providing field technical support at our client customer sites in British Columbia by performing c,Field Service Technician,0,0,0.999943733215332,5.626678466796875e-05,0.7,1,BERT:bert_class_weighted,Class weight
1845,emscad_13383,"Friend MTS is a leading provider of technology to the media and entertainment industry. Specialising in video security, ","Solutions Architect, Europe",0,0,0.9999489784240723,5.1021575927734375e-05,0.7,1,BERT:bert_class_weighted,Class weight
1846,emscad_13387,Description: Our Client's Cloud Reliability Engineering team is looking for a Senior Cloud Engineer to help us improve t,Cloud Engineer/DevOps/OpenStack,0,0,0.9998409748077393,0.0001590251922607422,0.7,1,BERT:bert_class_weighted,Class weight
1847,emscad_13388,WHY WORK AT IMAGINET,SharePoint Systems Engineer,0,0,0.9999430775642395,5.692243576049805e-05,0.7,1,BERT:bert_class_weighted,Class weight
1848,emscad_13390,"Focus Lab, LLC is a boutique brand and interactive design company headquartered in the heart of Savannah, Ga. Our client",UI / Web Design,0,0,0.9999599456787109,4.00543212890625e-05,0.7,1,BERT:bert_class_weighted,Class weight
1849,emscad_13392,"Newmedica is a dynamic, innovative UK healthcare company that works in partnership with the NHS to deliver specialist cl",Human Resources Assistant,0,0,0.9999605417251587,3.9458274841308594e-05,0.7,1,BERT:bert_class_weighted,Class weight
1850,emscad_13418,"Ryanair is Europe’s favourite low fares airline, operating more than 1,600 daily flights (over 500,000 per year) from 69",Team Administrator for IT Department,0,0,0.9999366998672485,6.330013275146484e-05,0.7,1,BERT:bert_class_weighted,Class weight
1851,emscad_13422,We are on a mission: Making cities smarter.,Insights & Analytics Intern,0,0,0.9999524354934692,4.756450653076172e-05,0.7,1,BERT:bert_class_weighted,Class weight
1852,emscad_13432,"With over 30 years of experience in the industry, Mercer Foods has been providing superior quality freeze dried foods an",Forklift Operator,0,0,0.999940812587738,5.918741226196289e-05,0.7,1,BERT:bert_class_weighted,Class weight
1853,emscad_13449,We're looking for a Sales and Marketing Manager to join the team at Pong! Your time will be divided between managing the,Sales and Marketing Executive,0,0,0.9994935989379883,0.0005064010620117188,0.7,1,BERT:bert_class_weighted,Class weight
1854,emscad_13455,We Provide Full Time Permanent Positions for many medium to large US companies. We are interested in finding/recruiting ,Sales Manager,0,0,0.9999611973762512,3.88026237487793e-05,0.7,1,BERT:bert_class_weighted,Class weight
1855,emscad_13460,Great Part Time Jobs & Cash In Hand Jobs. No Experience Required And Never Any Fees. Work Anytime 1 To 2 Hrs Daily In Fr,Great Part Time Jobs & Cash In Hand Jobs.,1,1,0.0,1.0,0.7,1,BERT:bert_class_weighted,Class weight
1856,emscad_13471,PHP (recursive acronym for PHP: Hypertext Preprocessor ) is a widely-used open source general-purpose scripting language,PHP Developer,0,0,0.9999107718467712,8.922815322875977e-05,0.7,1,BERT:bert_class_weighted,Class weight
1857,emscad_13479,Casper is a sleep startup that re-imagines the experience of purchasing a mattress. We launched in April 2014 with an ou,Social Media Producer,0,0,0.9998944401741028,0.0001055598258972168,0.7,1,BERT:bert_class_weighted,Class weight
1858,emscad_13496,"At Atlas Lift Tech, safety always comes first! We are a fast growing company with an innovative vision of making Safe Pa",EMTs (Lift Coaches) Orange County,0,0,0.9999600648880005,3.993511199951172e-05,0.7,1,BERT:bert_class_weighted,Class weight
1859,emscad_13501,Our team is carefully balanced with the best specialists in the healthcare market and experts in web development and use,SEM / Performance Specialist (Neo!),0,0,0.9999012351036072,9.876489639282227e-05,0.7,1,BERT:bert_class_weighted,Class weight
1860,emscad_13507,Roka Security is a boutique security firm that specializes in full-scale network protection and defending against advanc,Sales Person,0,0,0.9998984932899475,0.00010150671005249023,0.7,1,BERT:bert_class_weighted,Class weight
1861,emscad_13509,Established on the principles that full time education is not for everyone Spectrum Learning is made up of a team of pas,West Yorkshire Telesales Executives,0,0,0.9999599456787109,4.00543212890625e-05,0.7,1,BERT:bert_class_weighted,Class weight
1862,emscad_13513,"Critical Nurse Staffing, Inc. is enrolled with the U.S Department of Labor to provide nursing care to the former defense","Home Health RN/Case Manager--Aiken or North Augusta, SC",0,0,0.9999591708183289,4.082918167114258e-05,0.7,1,BERT:bert_class_weighted,Class weight
1863,emscad_13515,Our History,Machine Operator (Hayward),0,0,0.9999200105667114,7.998943328857422e-05,0.7,1,BERT:bert_class_weighted,Class weight
1864,emscad_13521,Want to build a 21st century financial service?,Community Ambassador UK (Remote),0,0,0.9999572038650513,4.279613494873047e-05,0.7,1,BERT:bert_class_weighted,Class weight
1865,emscad_13527,MaxPlayTM is a cross-platform digital publishing company focused on revolutionizing the games as a service market. You p,Graphics Engineer,0,0,0.9999605417251587,3.9458274841308594e-05,0.7,1,BERT:bert_class_weighted,Class weight
1866,emscad_13535,"ustwo offers you the opportunity to be yourself, whilst delivering the best work on the planet for some of the biggest a",Personal Assistant to Founders,0,0,0.9999620914459229,3.790855407714844e-05,0.7,1,BERT:bert_class_weighted,Class weight
1867,emscad_13539,"Riskalyze is revolutionizing the way people invest, by aligning the world’s investments with investor risk tolerance. Na",UX Engineer,0,0,0.9999423623085022,5.7637691497802734e-05,0.7,1,BERT:bert_class_weighted,Class weight
1868,emscad_13545,TaskUs provides outsourced customer care and back office support to more than 100 of the world’s fastest growing compani,"Business Development Specialist, Enterprise Sales - San Francisco (Remote)",0,0,0.9999605417251587,3.9458274841308594e-05,0.7,1,BERT:bert_class_weighted,Class weight
1869,emscad_13551,"R.H. ÁGIL es una empresa dedicada a ofrecer servicios de Recursos Humanos, especializada en las áreas de Asesoría, Admin",C.V. para Base de Datos,0,0,0.9998992681503296,0.00010073184967041016,0.7,1,BERT:bert_class_weighted,Class weight
1870,emscad_13561,Fabrily makes it easy for campaigners/communities/charities/causes/artists. etc... to raise funds and awareness with cus,Data & Analytics Intern,0,0,0.9999456405639648,5.435943603515625e-05,0.7,1,BERT:bert_class_weighted,Class weight
1871,emscad_13566,We build digital companies with creative technology. Backbone is a digital web agency that specializes in developing dyn,Front end Web Developer,0,0,0.9999661445617676,3.3855438232421875e-05,0.7,1,BERT:bert_class_weighted,Class weight
1872,emscad_13579,"Being into the IT domain for over 4 years, Walkover specializes in web based application development and mobile applicat",Technical Support Executive,0,0,0.9998803734779358,0.00011962652206420898,0.7,1,BERT:bert_class_weighted,Class weight
1873,emscad_13591,"Maxnet offers Staff Augmentation Solutions for Big Data Analytics in Retail, Healthcare and Regulatory & Compliance.",Lead Business Intelligence,0,0,0.9999128580093384,8.71419906616211e-05,0.7,1,BERT:bert_class_weighted,Class weight
1874,emscad_13593,We Provide Full Time Permanent Positions for many medium to large US companies. We are interested in finding/recruiting ,Production Manager,0,0,0.9999481439590454,5.1856040954589844e-05,0.7,1,BERT:bert_class_weighted,Class weight
1875,emscad_13594,"Babbel enables anyone to learn languages in an easy and interactive way. The learning system offers 13 languages, from E",Internal IT Support Engineer,0,0,0.9999622106552124,3.7789344787597656e-05,0.7,1,BERT:bert_class_weighted,Class weight
1876,emscad_13606,"Alliance Solutions Group is a family of 9 specialized brands providing temporary and contract staffing, direct-hire recr",Healthcare Recruiter,0,0,0.9999354481697083,6.455183029174805e-05,0.7,1,BERT:bert_class_weighted,Class weight
1877,emscad_13607,"Squiz is one of the world's leading web solutions companies. We design, build and manage engaging websites and online ap",Graduate Program,0,0,0.9999614953994751,3.8504600524902344e-05,0.7,1,BERT:bert_class_weighted,Class weight
1878,emscad_13617,"Anittel is an ASX listed company providing IT & telecommunications services and solutions, with 17 offices throughout Au",Support Engineer,0,0,0.9999594688415527,4.0531158447265625e-05,0.7,1,BERT:bert_class_weighted,Class weight
1879,emscad_13618,"A Unique Job With a Great Company Do you want an exciting job you love, working with other superstars? Are you excited b",Sales Development Representative,0,0,0.9993252754211426,0.0006747245788574219,0.7,1,BERT:bert_class_weighted,Class weight
1880,emscad_13625,"Nubank is an early stage, technology-driven financial services startup funded by Sequoia Capital and Kaszek Ventures. We",Front-end Engineer,0,0,0.999960720539093,3.927946090698242e-05,0.7,1,BERT:bert_class_weighted,Class weight
1881,emscad_13634,"Location: San Antonio, TX Duration: 9+ months",Quality Analyst - Oracle EBS,0,0,0.9995565414428711,0.00044345855712890625,0.7,1,BERT:bert_class_weighted,Class weight
1882,emscad_13638,"Uncle Maddio’s is a fast-casual pizza joint opening in South Austin at 5601 Brodie Ln, Sunset Valley, Texas. We’re looki",Hiring Servers!,0,0,0.9999520778656006,4.792213439941406e-05,0.7,1,BERT:bert_class_weighted,Class weight
1883,emscad_13655,"We have created the world’s leading lean customer experience platform – its not just us that think that, Gartner does to",Javascript Front-end Engineer,0,0,0.9999560117721558,4.398822784423828e-05,0.7,1,BERT:bert_class_weighted,Class weight
1884,emscad_13669,Brosa is a transformative lifestyle brand with an ambitious objective: to offer designer furniture at accessible price p,Customer Experience Champion (Full-Time),0,0,0.9999473094940186,5.269050598144531e-05,0.7,1,BERT:bert_class_weighted,Class weight
1885,emscad_13687,"We provide a fresh perspective to HR and career solutions. Building on solid expertise, international experience, and a ",Oracle Developer,0,0,0.9999623894691467,3.7610530853271484e-05,0.7,1,BERT:bert_class_weighted,Class weight
1886,emscad_13705,"One Zero Capital is an investment holding company focused on the convergence of technology, consumer finance, and credit",Mortgage Loan Processor,0,0,0.9999526143074036,4.738569259643555e-05,0.7,1,BERT:bert_class_weighted,Class weight
1887,emscad_13709,We Provide Full Time Permanent Positions for many medium to large US companies. We are interested in finding/recruiting ,Injection Molding Supervisor,0,0,0.9999629259109497,3.707408905029297e-05,0.7,1,BERT:bert_class_weighted,Class weight
1888,emscad_13711,"Vend is looking for some awesome new talent to come join us. You'll be working in an awesome team doing awesome things, ",Internal IT Administrator,0,0,0.9999634027481079,3.6597251892089844e-05,0.7,1,BERT:bert_class_weighted,Class weight
1889,emscad_13716,"90 Seconds, the worlds Cloud Video Production Service.",Product & Online Marketing Manager,0,0,0.9999575018882751,4.2498111724853516e-05,0.7,1,BERT:bert_class_weighted,Class weight
1890,emscad_13718,Playfair Capital is an early stage technology investment fund based in London.,Financial / Accounting Manager,0,0,0.9999403357505798,5.9664249420166016e-05,0.7,1,BERT:bert_class_weighted,Class weight
1891,emscad_13728,Walle is hiring! We seek a well-rounded engineer with a good foundation in software product development and engineering ,Django Developer,0,0,0.9980278015136719,0.001972198486328125,0.7,1,BERT:bert_class_weighted,Class weight
1892,emscad_13733,"Reinventing the specialty mortgage servicing process by providing the highest level of customer service to our clients, ",Recovery Specialist-Spanish Speaking-Fluently,0,0,0.9999520778656006,4.792213439941406e-05,0.7,1,BERT:bert_class_weighted,Class weight
1893,emscad_13752,"Interana is for interactive exploration of event data. With a simple, interactive interface, Interana enables people to ",Senior Front End Engineer,0,0,0.9999497532844543,5.02467155456543e-05,0.7,1,BERT:bert_class_weighted,Class weight
1894,emscad_13764,Our History,"Machine Operator (Kent, WA)",0,0,0.9999334216117859,6.657838821411133e-05,0.7,1,BERT:bert_class_weighted,Class weight
1895,emscad_13774,Our team is carefully balanced with the best specialists in the healthcare market and experts in web development and use,Internship Programme (The Rookie!),0,0,0.9999386668205261,6.133317947387695e-05,0.7,1,BERT:bert_class_weighted,Class weight
1896,emscad_13787,"HealthLink provides a computer communications system that links the information technology systems of more than 10,000 m",Business Analyst,0,0,0.9999181032180786,8.189678192138672e-05,0.7,1,BERT:bert_class_weighted,Class weight
1897,emscad_13805,ABOUT,Support Associate,0,0,0.9999499320983887,5.0067901611328125e-05,0.7,1,BERT:bert_class_weighted,Class weight
1898,emscad_13807,"Babbel enables anyone to learn languages in an easy and interactive way. The learning system offers 13 languages, from E",Freelance Translators (m/f) from Russian and German into Spanish,0,0,0.9999623894691467,3.7610530853271484e-05,0.7,1,BERT:bert_class_weighted,Class weight
1899,emscad_13810,"hedgehog lab is a post-PC digital agency. We architect, design, develop, and market apps & digital solutions for phones,",Office Manager,0,0,0.9999625086784363,3.74913215637207e-05,0.7,1,BERT:bert_class_weighted,Class weight
1900,emscad_13821,"Ryanair is Europe’s favourite low fares airline, operating more than 1,600 daily flights (over 500,000 per year) from 69",Site Analytics Manager,0,0,0.9999419450759888,5.805492401123047e-05,0.7,1,BERT:bert_class_weighted,Class weight
1901,emscad_13839,"Urban Robotics Inc. provides cutting edge software and hardware solutions for Intelligence, Surveillance and Reconnaissa",Quality Assurance Monk,0,0,0.9999497532844543,5.02467155456543e-05,0.7,1,BERT:bert_class_weighted,Class weight
1902,emscad_13842,"""Our mission to our clients is to preserve their independence, enhance their quality of life, promote health & wellbeing",Caregiver Paw Paw/Lawton,0,0,0.9999570250511169,4.297494888305664e-05,0.7,1,BERT:bert_class_weighted,Class weight
1903,emscad_13846,Position: Business Process Analys,Business Process Analyst,0,0,0.9998190402984619,0.00018095970153808594,0.7,1,BERT:bert_class_weighted,Class weight
1904,emscad_13850,Want to build a 21st century financial service?,Welcome desk Administrator,0,0,0.9999604225158691,3.9577484130859375e-05,0.7,1,BERT:bert_class_weighted,Class weight
1905,emscad_13853,WineAccess is a fast growing wine e-commerce company that connects wine lovers with some of the best wines produced by s,Email Marketing Analyst,0,0,0.9999578595161438,4.214048385620117e-05,0.7,1,BERT:bert_class_weighted,Class weight
1906,emscad_13855,"Radico is building next-generation vertical marketplaces, and we're seeking a talented designer to help us build our vin",Lead Designer,0,0,0.9998923540115356,0.00010764598846435547,0.7,1,BERT:bert_class_weighted,Class weight
1907,emscad_13868,Rogue Rocket Games has an immediate opening for a strong Gameplay Programmer on contract to help us finish up a iOS/Andr,Contract Gameplay Programmer,0,0,0.9998300075531006,0.00016999244689941406,0.7,1,BERT:bert_class_weighted,Class weight
1908,emscad_13874,"The Aguilar Group is a nationwide search and recruitment agency, dedicated to working with our clients to help them find",Manager Trainee (Albuquerque),0,0,0.9999575018882751,4.2498111724853516e-05,0.7,1,BERT:bert_class_weighted,Class weight
1909,emscad_13884,Are you looking for an opportunity to challenge yourself and a career that allows you to make a strong impact every day?,Junior Coordinator to the Sales Director,0,0,0.9998845458030701,0.00011545419692993164,0.7,1,BERT:bert_class_weighted,Class weight
1910,emscad_13904,NL Group supplies specialist healthcare recruitment and staffing solutions to the NHS and private healthcare providers i,Registered General Nurse (RN Adults),0,0,0.9999599456787109,4.00543212890625e-05,0.7,1,BERT:bert_class_weighted,Class weight
1911,emscad_13916,"Dice is a highly specialized online marketing and software development firm headquartered in Portland, Oregon—the heart ",Sales Manager,0,0,0.9999626278877258,3.737211227416992e-05,0.7,1,BERT:bert_class_weighted,Class weight
1912,emscad_13923,We Provide Full Time Permanent Positions for many medium to large US companies. We are interested in finding/recruiting ,"Engineering Manager - Project Engineering Exp - Houston, TX",0,0,0.9999499320983887,5.0067901611328125e-05,0.7,1,BERT:bert_class_weighted,Class weight
1913,emscad_13936,Established on the principles that full time education is not for everyone Spectrum Learning is made up of a team of pas,Brighton Beauty and Fragrance Promotional Staff,0,0,0.9999589920043945,4.100799560546875e-05,0.7,1,BERT:bert_class_weighted,Class weight
1914,emscad_13938,"24MEDIA is Greece's leading and fastest-growing digital publishing group, managing over 20 premium brands that connect a",Front page / News Editor,0,0,0.9999623894691467,3.7610530853271484e-05,0.7,1,BERT:bert_class_weighted,Class weight
1915,emscad_13941,"Tidewater Finance Co. was established in 1992 for the initial purpose of purchasing, and servicing retail installment co",Collections Supervisor,0,0,0.9999467134475708,5.328655242919922e-05,0.7,1,BERT:bert_class_weighted,Class weight
1916,emscad_13967,"Squiz is one of the world's leading web solutions companies. We design, build and manage engaging websites and online ap",Junior Product Support Engineer - Funnelback,0,0,0.9999642372131348,3.5762786865234375e-05,0.7,1,BERT:bert_class_weighted,Class weight
1917,emscad_13971,Aflac At A Glance,Benefits Consultant,0,0,0.9997045993804932,0.00029540061950683594,0.7,1,BERT:bert_class_weighted,Class weight
1918,emscad_13980,"Critical Nurse Staffing, Inc. is enrolled with the U.S Department of Labor to provide nursing care to the former defense","Home Health CNA--Groveland, ID",0,0,0.9999531507492065,4.684925079345703e-05,0.7,1,BERT:bert_class_weighted,Class weight
1919,emscad_14010,"SENIOR BUSINESS MANAGEMENT CONSULTANT, London","SENIOR BUSINESS MANAGEMENT CONSULTANT, London",0,0,0.9998989105224609,0.0001010894775390625,0.7,1,BERT:bert_class_weighted,Class weight
1920,emscad_14013,Transifex is a SaaS continuous localization platform powering the process of launching products into multiple languages ,Software Engineer - Office of the CTO,0,0,0.9999432563781738,5.6743621826171875e-05,0.7,1,BERT:bert_class_weighted,Class weight
1921,emscad_14018,MeUndies is a lifestyle brand that is transforming the way people perceive and purchase their basics. As a vertically in,Head of Marketing,0,0,0.9999619126319885,3.808736801147461e-05,0.7,1,BERT:bert_class_weighted,Class weight
1922,emscad_14033,Multi-Tiered Animal Rescue & Education Solution dedicated to saving as many animals as possible!,"Producers, Directors, Writers, Researchers, & Hosts are all needed for our 24/7 programming ASAP!",0,0,0.9999483823776245,5.161762237548828e-05,0.7,1,BERT:bert_class_weighted,Class weight
1923,emscad_14047,Priority Care Group are a family run care group with 6 Care Homes in Scotland.,Assistant Cook,0,0,0.9999547600746155,4.5239925384521484e-05,0.7,1,BERT:bert_class_weighted,Class weight
1924,emscad_14078,"Medical Receptionist/Marketing Liaison (Killeen, TX)",Medical Receptionist/Marketing Liaison,0,0,0.9999310374259949,6.896257400512695e-05,0.7,1,BERT:bert_class_weighted,Class weight
1925,emscad_14085,An experienced catering assistant required for a fast food shop.,Catering Assistant,0,0,0.9998506307601929,0.0001493692398071289,0.7,1,BERT:bert_class_weighted,Class weight
1926,emscad_14089,"ClarusApex is an international recruiting company with representations in the Netherlands, Austria, Ukraine, Cyprus and ",Factory Integration Software Team Leader,0,0,0.9999573230743408,4.267692565917969e-05,0.7,1,BERT:bert_class_weighted,Class weight
1927,emscad_14092,Health Care Assistants required for the Bromley and Orpington areas. Must be 18+. The post involves supporting individua,Healthcare Assistant,0,0,0.9999086260795593,9.137392044067383e-05,0.7,1,BERT:bert_class_weighted,Class weight
1928,emscad_14095,The Albany Charter School Network is a family of charter schools in the City of Albany that works to prepare children fo,High School Economics Teacher,0,0,0.9999516606330872,4.83393669128418e-05,0.7,1,BERT:bert_class_weighted,Class weight
1929,emscad_14102,Blackwater Agency has a few positions for Security Officers who meets the following requirements in Miami . The duties w,Seeking Security Officers With D license,0,0,0.9998919367790222,0.0001080632209777832,0.7,1,BERT:bert_class_weighted,Class weight
1930,emscad_14105,"Valor Services provides Workforce Solutions that meet the needs of companies across the Private Sector, with a special f",DOT Supervisor,0,0,0.999950110912323,4.988908767700195e-05,0.7,1,BERT:bert_class_weighted,Class weight
1931,emscad_14110,"Consulting | London, United Kingdom",Consultant- Cornerstone OnDemand- UK,0,0,0.9999200105667114,7.998943328857422e-05,0.7,1,BERT:bert_class_weighted,Class weight
1932,emscad_14117,"The job is to build a prototype, using a tool like #URL_401e510de6cf07e62860479905afda1609afd519384a3b04136a93a624955f78",UX specialist and Designer,0,0,0.9999104142189026,8.958578109741211e-05,0.7,1,BERT:bert_class_weighted,Class weight
1933,emscad_14124,Tizaro has a fabulous online marketing team who are wizards when it comes to customer acquisition. Your role is to take ,Inhouse Sales Associate,0,0,0.9997973442077637,0.00020265579223632812,0.7,1,BERT:bert_class_weighted,Class weight
1934,emscad_14143,"SampraSoft is a fast growing IT solutions company headquartered in Atlanta, GA, USA, specialized in IT consulting, Staff",DB2 UDB DBA,0,0,0.9999405741691589,5.942583084106445e-05,0.7,1,BERT:bert_class_weighted,Class weight
1935,emscad_14167,"We're an emerging technology agency, and we build breakthrough products through user-centered design. We're building a t",Senior UI/UX Designer,0,0,0.9999423623085022,5.7637691497802734e-05,0.7,1,BERT:bert_class_weighted,Class weight
1936,emscad_14172,“Pride is a personal commitment. It is an attitude which separates excellence from mediocrity. ” – Author Unknown,P/T Retail Staff Member -- Must LOVE Dogs,0,0,0.99994957447052,5.042552947998047e-05,0.7,1,BERT:bert_class_weighted,Class weight
1937,emscad_14179,The Albany Charter School Network is a family of charter schools in the City of Albany that works to prepare children fo,Lunch Monitor,0,0,0.9999572038650513,4.279613494873047e-05,0.7,1,BERT:bert_class_weighted,Class weight
1938,emscad_14187,"We believe clients need a business partner who gets their business, gets the uniqueness of their culture and gets their ",Jr. Art Director,0,0,0.9999454617500305,5.453824996948242e-05,0.7,1,BERT:bert_class_weighted,Class weight
1939,emscad_14207,Mindworks interactive is one of the fastest growing Digital Agencies and the leading Performance Marketing Agency in Gre,Senior Digital Account Manager,0,0,0.9999580383300781,4.1961669921875e-05,0.7,1,BERT:bert_class_weighted,Class weight
1940,emscad_14216,"The Aguilar Group is a nationwide search and recruitment agency, dedicated to working with our clients to help them find",Manager Trainee (Pittsburgh),0,0,0.9999605417251587,3.9458274841308594e-05,0.7,1,BERT:bert_class_weighted,Class weight
1941,emscad_14219,"Critical Nurse Staffing, Inc. is enrolled with the U.S Department of Labor to provide nursing care to the former defense","Home Health Aide/CNA--Mesquite, NV",0,0,0.9999540448188782,4.595518112182617e-05,0.7,1,BERT:bert_class_weighted,Class weight
1942,emscad_14222,Aptitude Staffing Solutions has redesigned the recruiting wheel. Our innovative new platform cuts the recruiting time in,Design Generalist,1,1,0.0,1.0,0.7,1,BERT:bert_class_weighted,Class weight
1943,emscad_14234,"We are an digital product agency specialising in web and mobile development. Established in 2006, we have offices in Sin",Admin Assistant - Seoul,0,0,0.9999575018882751,4.2498111724853516e-05,0.7,1,BERT:bert_class_weighted,Class weight
1944,emscad_14240,Minimum 7 years experience in Java Development .,Java Developer,0,0,0.9995317459106445,0.00046825408935546875,0.7,1,BERT:bert_class_weighted,Class weight
1945,emscad_14241,We Provide Full Time Permanent Positions for many medium to large US companies. We are interested in finding/recruiting ,"Business Development Manager - Sales Marketing Exp - Providence, RI",0,0,0.999958336353302,4.166364669799805e-05,0.7,1,BERT:bert_class_weighted,Class weight
1946,emscad_14260,Lone Star legal Aid (LSLA) seeks a full time Legal Secretary for its Nacogdoches Branch Office. LSLA is a 501 (c) (3) no,Legal Secretary,0,0,0.9998286962509155,0.00017130374908447266,0.7,1,BERT:bert_class_weighted,Class weight
1947,emscad_14270,"The RealReal is changing the way people buy and sell luxury items. The leader in luxury resale, the company is a full se",Customer Service Representative,0,0,0.9999573230743408,4.267692565917969e-05,0.7,1,BERT:bert_class_weighted,Class weight
1948,emscad_14271,build a website,Northwestern Hospital,1,0,0.83837890625,0.16162109375,0.7,0,BERT:bert_class_weighted,Class weight
1949,emscad_14273,"Critical Nurse Staffing, Inc. is enrolled with the U.S Department of Labor to provide nursing care to the former defense","Home Health Aide--Egnar, CO",0,0,0.9999536871910095,4.6312808990478516e-05,0.7,1,BERT:bert_class_weighted,Class weight
1950,emscad_14285,Printfresh is a leading fashion textile design studio. We are a growing company with an enthusiastic group of people pas,Internship,0,0,0.9999417066574097,5.829334259033203e-05,0.7,1,BERT:bert_class_weighted,Class weight
1951,emscad_14308,"Vend is looking for some awesome new talent to come join us. You'll be working in an awesome team doing awesome things, ",Product Managers,0,0,0.9999634027481079,3.6597251892089844e-05,0.7,1,BERT:bert_class_weighted,Class weight
1952,emscad_14344,ExaVault is merging the old and the new.,UI / UX Lead - Next-Gen Online File Transfer App,0,0,0.9999307990074158,6.920099258422852e-05,0.7,1,BERT:bert_class_weighted,Class weight
1953,emscad_14345,10 Minutes With is an educational website designed to help students and graduates understand the true nature of differen,Senior Interaction Designer,0,0,0.9999381899833679,6.181001663208008e-05,0.7,1,BERT:bert_class_weighted,Class weight
1954,emscad_14349,"Vend is looking for some awesome new talent to come join us. You'll be working in an awesome team doing awesome things, ",Channel Account Manager,0,0,0.9999638199806213,3.618001937866211e-05,0.7,1,BERT:bert_class_weighted,Class weight
1955,emscad_14369,"Plans, analyzes and implements instant Scratch ticket game projects to produce a 12-month product and marketing plan",Instant Lotteries Marketing Specialist,0,0,0.9999224543571472,7.75456428527832e-05,0.7,1,BERT:bert_class_weighted,Class weight
1956,emscad_14370,"We are a startup digital agency that is “helping companies make money online” by specializing in AdWords, Analytics and ",Web Developer (internship),0,0,0.99994957447052,5.042552947998047e-05,0.7,1,BERT:bert_class_weighted,Class weight
1957,emscad_14398,"Namely is the leading end-to-end HR and payroll platform for growing companies. Offerings include human payroll, benefit",Visual Designer,0,0,0.9999545812606812,4.5418739318847656e-05,0.7,1,BERT:bert_class_weighted,Class weight
1958,emscad_14411,Axonix is a global mobile advertising technology company that's powered by a platform with a 4 year history of leading t,Business Development,0,0,0.9999405741691589,5.942583084106445e-05,0.7,1,BERT:bert_class_weighted,Class weight
1959,emscad_14433,#URL_e7c9057d5e6f097876436d175031e95669ede4ebaab52b6be0957c837bc98343#,"Title Insurance: Commercial Counsel -New York, NY",0,0,0.9999538660049438,4.6133995056152344e-05,0.7,1,BERT:bert_class_weighted,Class weight
1960,emscad_14437,The Albany Charter School Network is a family of charter schools in the City of Albany that works to prepare children fo,High School English Language Arts Teacher,0,0,0.9999526143074036,4.738569259643555e-05,0.7,1,BERT:bert_class_weighted,Class weight
1961,emscad_14441,United Cerebral Palsy of Oregon & SW Washington (UCP) supports adults with all kinds of developmental disabilities (not ,On-Call Caregiver--You Choose the Hours!,0,0,0.9999586939811707,4.13060188293457e-05,0.7,1,BERT:bert_class_weighted,Class weight
1962,emscad_14450,The Beans Group is a media company that exists to empower young people to thrive. We have been on an exponential growth ,UX/ Visual Designer,0,0,0.9999558329582214,4.416704177856445e-05,0.7,1,BERT:bert_class_weighted,Class weight
1963,emscad_14451,LKM Search Solutions is an Executive Search Firm that cares about your future. We work hard to find the position that is,Patent Agent,0,0,0.9999421834945679,5.7816505432128906e-05,0.7,1,BERT:bert_class_weighted,Class weight
1964,emscad_14454,We believe cities are complicated. And your mobile device should save you from the everyday challenges of living in them,Software Engineer (Senior and Junior),0,0,0.9999527931213379,4.7206878662109375e-05,0.7,1,BERT:bert_class_weighted,Class weight
1965,emscad_14465,We Provide Full Time Permanent Positions for many medium to large US companies. We are interested in finding/recruiting ,Quality Assurance Manager - Dairy Manufacturing,0,0,0.9999611973762512,3.88026237487793e-05,0.7,1,BERT:bert_class_weighted,Class weight
1966,emscad_14469,We Provide Full Time Permanent Positions for many medium to large US companies. We are interested in finding/recruiting ,Process Improvement Project Engineering Manager,0,0,0.9999568462371826,4.315376281738281e-05,0.7,1,BERT:bert_class_weighted,Class weight
1967,emscad_14470,"Critical Nurse Staffing, Inc. is enrolled with the U.S Department of Labor to provide nursing care to the former defense","Home Health RN--Show Low, AZ",0,0,0.9999570250511169,4.297494888305664e-05,0.7,1,BERT:bert_class_weighted,Class weight
1968,emscad_14473,"Critical Nurse Staffing, Inc. is enrolled with the U.S Department of Labor to provide nursing care to the former defense","Home Health CNA--Arco, ID",0,0,0.9999547600746155,4.5239925384521484e-05,0.7,1,BERT:bert_class_weighted,Class weight
1969,emscad_14479,Tier 1 Technical Support Help Desk Agent,Tier 1 Technical Support Help Desk Agent,0,0,0.9999313354492188,6.866455078125e-05,0.7,1,BERT:bert_class_weighted,Class weight
1970,emscad_14487,#URL_e08bd09c0b78a30f1de0802b96ff2d19dc5d486af0a28f3e36fed9fdf5cc9ba3# helps digital media publishers run their business,UW Internships 2014-15,0,0,0.9999585151672363,4.1484832763671875e-05,0.7,1,BERT:bert_class_weighted,Class weight
1971,emscad_14489,"Come be a part of one of the fastest growing, well-funded and exciting startups in Silicon Valley. Peel makes the world’",Program Manager,0,0,0.9999576807022095,4.2319297790527344e-05,0.7,1,BERT:bert_class_weighted,Class weight
1972,emscad_14514,hello world,Product Manager Cloud Product (m/w),0,0,0.9999597668647766,4.023313522338867e-05,0.7,1,BERT:bert_class_weighted,Class weight
1973,emscad_14515,Fundation is a technology-empowered direct lender that delivers small balance commercial loans nationwide. The firm prov,Partnership Manager - High Growth Specialty Finance Company,0,0,0.999943733215332,5.626678466796875e-05,0.7,1,BERT:bert_class_weighted,Class weight
1974,emscad_14519,RhodeCode provides the leading source code management solution for enterprises. We are powering the world`s largest orga,Senior Frontend Developer (Javascript),0,0,0.9999507069587708,4.929304122924805e-05,0.7,1,BERT:bert_class_weighted,Class weight
1975,emscad_14530,Forward3D is the largest independent digital marketing agency in Britain. We run cutting edge digital marketing campaign,Junior Communications and Marketing Executive,0,0,0.9999651908874512,3.4809112548828125e-05,0.7,1,BERT:bert_class_weighted,Class weight
1976,emscad_14538,Virteva delivers managed IT services and project-based consulting services that optimize our customer’s IT infrastructur,Service Desk Analyst Intern,0,0,0.9999518394470215,4.8160552978515625e-05,0.7,1,BERT:bert_class_weighted,Class weight
1977,emscad_14549,Position: Java Developer,Java Developer,0,0,0.9999505281448364,4.947185516357422e-05,0.7,1,BERT:bert_class_weighted,Class weight
1978,emscad_14553,Want to build a 21st century financial service?,Visual Designer,0,0,0.9999626278877258,3.737211227416992e-05,0.7,1,BERT:bert_class_weighted,Class weight
1979,emscad_14559,Flite delivers ad innovation at scale to the world's top publishers and brands. Marketers use the self-service Flite Pla,Sales Director (Chicago),0,0,0.9999638199806213,3.618001937866211e-05,0.7,1,BERT:bert_class_weighted,Class weight
1980,emscad_14564,MediaMonks is the biggest creative digital production company on the planet . We specialize in working for and with adve,BANNER ANIMATOR,0,0,0.9999462962150574,5.370378494262695e-05,0.7,1,BERT:bert_class_weighted,Class weight
1981,emscad_14571,Bletchley is a design-focused engineering-led company building software for the web and mobile. We're a dozen person tea,Senior Javascript Engineer (Contract),0,0,0.9999586939811707,4.13060188293457e-05,0.7,1,BERT:bert_class_weighted,Class weight
1982,emscad_14589,Shirley Parsons LLC is a specialist recruitment consultancy working within the Environmental and Health & Safety markets,Safety Specialist,0,0,0.9999592900276184,4.07099723815918e-05,0.7,1,BERT:bert_class_weighted,Class weight
1983,emscad_14590,"We're Food52, and we've created a groundbreaking and award-winning cooking site. We support, connect, and celebrate home",Senior Graphic Designer,0,0,0.9999643564224243,3.5643577575683594e-05,0.7,1,BERT:bert_class_weighted,Class weight
1984,emscad_14621,Are you passionate about changing the world by selling software that helps diagnose global diseases? Want to be part of ,"High-Tech Sales & Business Development Manager, EU",0,0,0.9998992681503296,0.00010073184967041016,0.7,1,BERT:bert_class_weighted,Class weight
1985,emscad_14626,"Crossroads Treatment Centers is a nationally-accredited, medication-assisted, out-patient program that delivers fast, ef",Nurse Practitioner (Sugarloaf Center),0,0,0.9999552965164185,4.470348358154297e-05,0.7,1,BERT:bert_class_weighted,Class weight
1986,emscad_14631,"Vend is looking for some awesome new talent to come join us. You'll be working in an awesome team doing awesome things, ",Financial Controller,0,0,0.999963641166687,3.635883331298828e-05,0.7,1,BERT:bert_class_weighted,Class weight
1987,emscad_14649,"From the lands of Can Do, Roll Our Sleeves Up and Get It Done, we create and solve things previously unimaginable. We’re",Senior Sales Executive - Southern CA,0,0,0.999946117401123,5.3882598876953125e-05,0.7,1,BERT:bert_class_weighted,Class weight
1988,emscad_14650,"From the lands of Can Do, Roll Our Sleeves Up and Get It Done, we create and solve things previously unimaginable. We’re",Senior Sales Executive - Boston,0,0,0.9999522566795349,4.774332046508789e-05,0.7,1,BERT:bert_class_weighted,Class weight
1989,emscad_14660,"Indianapolis eye doctors since 1940 and now with eye doctors across the state at our 19 locations, Dr. Tavel Family Eye ",Receptionist-Terre Haute,0,0,0.9999485611915588,5.143880844116211e-05,0.7,1,BERT:bert_class_weighted,Class weight
1990,emscad_14661,"Midven is an owner managed, entrepreneurial, venture capital company located in the heart of Birmingham. We have been su",Portfolio Roles,0,0,0.9999545812606812,4.5418739318847656e-05,0.7,1,BERT:bert_class_weighted,Class weight
1991,emscad_14717,"Valor Services provides Workforce Solutions that meet the needs of companies across the Private Sector, with a special f",Sr. Reservoir Engineer,0,0,0.9999487400054932,5.125999450683594e-05,0.7,1,BERT:bert_class_weighted,Class weight
1992,emscad_14724,Hawkeye Recruitment provides cost effective recruitment advertising solutions to help you cast the widest net to find th,Construction Workers,0,0,0.9999549388885498,4.506111145019531e-05,0.7,1,BERT:bert_class_weighted,Class weight
1993,emscad_14726,Working at FBN,Field Operations Specialist,0,0,0.9999572038650513,4.279613494873047e-05,0.7,1,BERT:bert_class_weighted,Class weight
1994,emscad_14729,"PINT is a leader in the web industry with 20 years of web design, software development and consulting experience. PINT's",Information Architect and UI/UX Designer,0,0,0.9999619126319885,3.808736801147461e-05,0.7,1,BERT:bert_class_weighted,Class weight
1995,emscad_14737,Existanze Integrated Solutions was founded in 2005 and has established itself as a company with deep technical knowledge,Software Developer,0,0,0.9999328851699829,6.711483001708984e-05,0.7,1,BERT:bert_class_weighted,Class weight
1996,emscad_14753,ConsumerTrack is a technology-centric internet marketing company built on a culture of excellence. We are the preferred ,Strategic Partnerships Manager - Digital Media,0,0,0.9999586939811707,4.13060188293457e-05,0.7,1,BERT:bert_class_weighted,Class weight
1997,emscad_14766,"As augmented reality jobs go, one at Blippar is hard to beat. We are a rapidly expanding creative startup at the forefro",Designer (Mobile and Augmented Reality),0,0,0.99994957447052,5.042552947998047e-05,0.7,1,BERT:bert_class_weighted,Class weight
1998,emscad_14795,We Provide Full Time Permanent Positions for many medium to large US companies. We are interested in finding/recruiting ,Controls Engineer,0,0,0.9999632239341736,3.6776065826416016e-05,0.7,1,BERT:bert_class_weighted,Class weight
1999,emscad_14801,"As augmented reality jobs go, one at Blippar is hard to beat. We are a rapidly expanding creative startup at the forefro",Blipp Developer,0,0,0.9999487400054932,5.125999450683594e-05,0.7,1,BERT:bert_class_weighted,Class weight
2000,emscad_14813,"How about moving to the sunny country side of New Zealand close to fantastic wineries, rivers and beaches with no traffi",UX Lead,0,0,0.9999299645423889,7.003545761108398e-05,0.7,1,BERT:bert_class_weighted,Class weight
2001,emscad_14815,"#URL_25e85371e7108e279a4b25d6e965889a44917879b7b587c905714ef30f933cb8# is a young, growing e-commerce company with our e",Production Artist,0,0,0.9999542236328125,4.57763671875e-05,0.7,1,BERT:bert_class_weighted,Class weight
2002,emscad_14819,"Voyageur is one of Ontario's leading transportation companies, serving Southwestern and Central Ontario for over 34 year",Supervisor - Voyageur Medical,0,0,0.9999600648880005,3.993511199951172e-05,0.7,1,BERT:bert_class_weighted,Class weight
2003,emscad_14823,Mutatio delivers Business Intelligence and Customer Relationship Management solutions for government. Everyone here is r,ETL Developer,0,0,0.9999224543571472,7.75456428527832e-05,0.7,1,BERT:bert_class_weighted,Class weight
2004,emscad_14824,We Provide Full Time Permanent Positions for many medium to large US companies. We are interested in finding/recruiting ,Buyer,0,0,0.9999635219573975,3.647804260253906e-05,0.7,1,BERT:bert_class_weighted,Class weight
2005,emscad_14842,Stack Exchange is a fast-growing network of over 100 question and answer sites on diverse topics from computer programmi,Sales Representative EMEA,0,0,0.999958336353302,4.166364669799805e-05,0.7,1,BERT:bert_class_weighted,Class weight
2006,emscad_14844,2 SAP ABAP Developers,SAP ABAP,0,0,0.9999042749404907,9.572505950927734e-05,0.7,1,BERT:bert_class_weighted,Class weight
2007,emscad_14849,"We design, deploy, and maintain advanced technologies that enable our customers to achieve operational excellence at sub",Network Security Engineer,0,0,0.9999369978904724,6.300210952758789e-05,0.7,1,BERT:bert_class_weighted,Class weight
2008,emscad_14852,The OneReach team is comprised of a diverse group of wonderful people from all walks of life. We’re currently hiring for,Customer Success Agent (Technical Product Support),0,0,0.9999381899833679,6.181001663208008e-05,0.7,1,BERT:bert_class_weighted,Class weight
2009,emscad_14853,"We’re on the hunt for talented, energetic individuals who’re looking to gain experience, and pick some new tricks from a",Account Management Intern,0,0,0.9996862411499023,0.00031375885009765625,0.7,1,BERT:bert_class_weighted,Class weight
2010,emscad_14858,"This is a part-time, paid position which can be done partially virtually. We’re looking for a social media intern to hel",Social Media Intern,0,0,0.9999334216117859,6.657838821411133e-05,0.7,1,BERT:bert_class_weighted,Class weight
2011,emscad_14859,You Don't Know It All,Marketing Intern - Start Somewhere Great,0,0,0.9999310374259949,6.896257400512695e-05,0.7,1,BERT:bert_class_weighted,Class weight
2012,emscad_14866,Rarely Impossible exists due to a passion for working with amazing clients and aiding them to bring their ideas to life.,senior c# developer,0,0,0.9999586939811707,4.13060188293457e-05,0.7,1,BERT:bert_class_weighted,Class weight
2013,emscad_14879,We Provide Full Time Permanent Positions for many medium to large US companies. We are interested in finding/recruiting ,"Database Architect - SQL SaaS C#.Net JSON XML - Denver, CO",0,0,0.9999513030052185,4.869699478149414e-05,0.7,1,BERT:bert_class_weighted,Class weight
2014,emscad_14883,"CloudSymphony is a leading European Salesforce Consulting Partner. Over the past two years, CloudSymphony has built an e",Salesforce Developer,0,0,0.9999471306800842,5.2869319915771484e-05,0.7,1,BERT:bert_class_weighted,Class weight
2015,emscad_14905,"Urban Robotics Inc. provides cutting edge software and hardware solutions for Intelligence, Surveillance and Reconnaissa",Senior Software Mastermind,0,0,0.9999456405639648,5.435943603515625e-05,0.7,1,BERT:bert_class_weighted,Class weight
2016,emscad_14910,About Book‘n’Bloom,Back-End Developer,0,0,0.9999315738677979,6.842613220214844e-05,0.7,1,BERT:bert_class_weighted,Class weight
2017,emscad_14914,"Propoint provides custom, visual solutions that help our corporate clients engage their audience, win big, and set them ",Account Coordinator,0,0,0.9999570250511169,4.297494888305664e-05,0.7,1,BERT:bert_class_weighted,Class weight
2018,emscad_14915,Fortune Brands creates products and services that help fulfill the dreams of homeowners and help people feel more secure,Temporary Benefits Analyst,0,0,0.9999245405197144,7.545948028564453e-05,0.7,1,BERT:bert_class_weighted,Class weight
2019,emscad_14917,Flite delivers ad innovation at scale to the world's top publishers and brands. Marketers use the self-service Flite Pla,Senior Java Systems Engineer,0,0,0.9999518394470215,4.8160552978515625e-05,0.7,1,BERT:bert_class_weighted,Class weight
2020,emscad_14922,"We build software for fashion retailers, to help them make the right commercial decisions about what to sell, and how to",Data Scientist,0,0,0.9999614953994751,3.8504600524902344e-05,0.7,1,BERT:bert_class_weighted,Class weight
2021,emscad_14923,Positionly Inc. is a company that provides the highest quality SEO software for 2000+ companies worldwide. Our product o,Internet Marketing Manager/Internet Marketing Specialist [paid campaigns],0,0,0.999958336353302,4.166364669799805e-05,0.7,1,BERT:bert_class_weighted,Class weight
2022,emscad_14941,"Valor Services provides Workforce Solutions that meet the needs of companies across the Private Sector, with a special f",Crane Operator,0,0,0.9999570250511169,4.297494888305664e-05,0.7,1,BERT:bert_class_weighted,Class weight
2023,emscad_14947,incrediblue is busting the myth that boating is only for the rich and famous by enabling any traveller to book an amazin,Interested to join our team?,0,0,0.9999151825904846,8.481740951538086e-05,0.7,1,BERT:bert_class_weighted,Class weight
2024,emscad_14948,ConsumerTrack is a technology-centric internet marketing company built on a culture of excellence. We are the preferred ,Freelance Writer -- Finance,0,0,0.9999473094940186,5.269050598144531e-05,0.7,1,BERT:bert_class_weighted,Class weight
2025,emscad_14952,"TapHunter ( #URL_95b1bf876c79465b7a563292438e8293a651920b605b528509c8d4c14bfc174e# ) provides bars, restaurants, bottle ",Inside Sales Consultant,0,0,0.9999616146087646,3.838539123535156e-05,0.7,1,BERT:bert_class_weighted,Class weight
2026,emscad_14976,"Entertainment everywhere. Operating under the StarzPlay brand, Playco Ltd., delivers a premium video-on-demand service. ",Backend Developer,0,0,0.9999591708183289,4.082918167114258e-05,0.7,1,BERT:bert_class_weighted,Class weight
2027,emscad_14983,"At Nobilissimus Apps, we love creating apps people will love & we enjoy every single moment of the process. Only then it",Senior iOS Developer,0,0,0.9998670816421509,0.0001329183578491211,0.7,1,BERT:bert_class_weighted,Class weight
2028,emscad_14985,Why CSD?,National Programs Development Specialist,0,0,0.9999266266822815,7.337331771850586e-05,0.7,1,BERT:bert_class_weighted,Class weight
2029,emscad_14989,NOW: Pensions is a UK based multi-employer trust serving thousands of employers and hundreds of thousands of employees f,Case Handler,0,0,0.999960720539093,3.927946090698242e-05,0.7,1,BERT:bert_class_weighted,Class weight
2030,emscad_14993,Since 1978,Social Media Manager,0,0,0.9999516606330872,4.83393669128418e-05,0.7,1,BERT:bert_class_weighted,Class weight
2031,emscad_15000,"We enable companies of all sizes to discover the power of design-driven product development. That’s why designers, produ",Senior Full-Stack Developer,0,0,0.9999479651451111,5.2034854888916016e-05,0.7,1,BERT:bert_class_weighted,Class weight
2032,emscad_15008,"Meet cove, a network of neighborhood productive spaces with a community defining how to be productive together. We are a",Lead Web Developer (full stack),0,0,0.9999610185623169,3.898143768310547e-05,0.7,1,BERT:bert_class_weighted,Class weight
2033,emscad_15030,"Critical Nurse Staffing, Inc. is enrolled with the U.S Department of Labor to provide nursing care to the former defense","Home Health CNA--Shelley, ID",0,0,0.9999542236328125,4.57763671875e-05,0.7,1,BERT:bert_class_weighted,Class weight
2034,emscad_15034,"We're a not so traditional, fun filled, results driven marketing agency of 16 full time marketing, design, development, ",Web Developer (Part-Time),0,0,0.9999155402183533,8.445978164672852e-05,0.7,1,BERT:bert_class_weighted,Class weight
2035,emscad_15065,Workable is a venture-backed startup making cloud-based recruitment software for fast-growing companies around the world,Customer Support Specialist,0,0,0.9999483823776245,5.161762237548828e-05,0.7,1,BERT:bert_class_weighted,Class weight
2036,emscad_15069,Established on the principles that full time education is not for everyone Spectrum Learning is made up of a team of pas,NE9 5AN Business Admin Apprenticeship available under NAS 16-18 year olds only!,0,0,0.9999412298202515,5.8770179748535156e-05,0.7,1,BERT:bert_class_weighted,Class weight
2037,emscad_15080,"Pockee is a unique mobile coupon platform that brings together FMCG brands with retailers, eventually enabling consumers",Android Developer,0,0,0.9999639391899109,3.606081008911133e-05,0.7,1,BERT:bert_class_weighted,Class weight
2038,emscad_15081,**Please Note** Applications without a cover letter will not be accepted.,Operations and Customer Relations Assistant,0,0,0.9988260269165039,0.0011739730834960938,0.7,1,BERT:bert_class_weighted,Class weight
2039,emscad_15097,SnapStream is powerful television search technology used by organizations that want to put their finger on the pulse of ,Web Developer,0,0,0.9999307990074158,6.920099258422852e-05,0.7,1,BERT:bert_class_weighted,Class weight
2040,emscad_15100,Our Mission,Accounts Payable Supervisor,0,0,0.9999374747276306,6.252527236938477e-05,0.7,1,BERT:bert_class_weighted,Class weight
2041,emscad_15104,"From the lands of Can Do, Roll Our Sleeves Up and Get It Done, we create and solve things previously unimaginable. We’re",Site Reliability Engineer (SRE),0,0,0.9999514818191528,4.851818084716797e-05,0.7,1,BERT:bert_class_weighted,Class weight
2042,emscad_15112,We Provide Full Time Permanent Positions for many medium to large US companies. We are interested in finding/recruiting ,Automotive Controls Engineer,0,0,0.9999638199806213,3.618001937866211e-05,0.7,1,BERT:bert_class_weighted,Class weight
2043,emscad_15120,"College Girl Cleaning Service is an Orlando, Fl founded residential house cleaning, commercial cleaning, housekeeping an",Residential House Cleaner,0,0,0.9999426007270813,5.739927291870117e-05,0.7,1,BERT:bert_class_weighted,Class weight
2044,emscad_15131,"Crossroads Treatment Centers is a nationally-accredited, medication-assisted, out-patient program that delivers fast, ef",Substance Abuse Counselor (Columbia Center),0,0,0.9999597668647766,4.023313522338867e-05,0.7,1,BERT:bert_class_weighted,Class weight
2045,emscad_15136,"We are a well established Web Development, Design and Marketing firm located in Wilmington, North Carolina. We offer a r",Web Developer/Programmer,0,0,0.999960720539093,3.927946090698242e-05,0.7,1,BERT:bert_class_weighted,Class weight
2046,emscad_15159,Tile is one of the most successful crowd-funded campaigns in history and is building the world’s largest lost and found.,Senior Accountant,0,0,0.9999580383300781,4.1961669921875e-05,0.7,1,BERT:bert_class_weighted,Class weight
2047,emscad_15189,#URL_1d83f1a3e1e8a88f4c1622930ea14a4f0d6591065c616ef0acac986862cdfd9a# is looking for people who want to have a lot of f,Commissioned Sales Rep - Nationwide,0,0,0.9998681545257568,0.00013184547424316406,0.7,1,BERT:bert_class_weighted,Class weight
2048,emscad_15212,If working in a cubical seems like your idea of hell then joining our awesome startup team might be the opportunity you’,Head of Product Design,0,0,0.9998766183853149,0.0001233816146850586,0.7,1,BERT:bert_class_weighted,Class weight
2049,emscad_15217,"Entertainment everywhere. Operating under the StarzPlay brand, Playco Ltd., delivers a premium video-on-demand service. ",Lead Designer,0,0,0.9999520778656006,4.792213439941406e-05,0.7,1,BERT:bert_class_weighted,Class weight
2050,emscad_15219,Addy's mission is to make every delivery efficient and delightful.,Account Manager,0,0,0.9999646544456482,3.534555435180664e-05,0.7,1,BERT:bert_class_weighted,Class weight
2051,emscad_15225,GrowthRocks is looking for a rockstar Growth Engineer!,Growth Engineer,0,0,0.9997367858886719,0.000263214111328125,0.7,1,BERT:bert_class_weighted,Class weight
2052,emscad_15237,Workable is a venture-backed startup making cloud-based recruitment software for fast-growing companies around the world,Developer,0,0,0.9999467134475708,5.328655242919922e-05,0.7,1,BERT:bert_class_weighted,Class weight
2053,emscad_15252,Printfresh is a leading fashion textile design studio. We are a growing company with an enthusiastic group of people pas,Print Designer,0,0,0.9999568462371826,4.315376281738281e-05,0.7,1,BERT:bert_class_weighted,Class weight
2054,emscad_15260,"DICE gets fans the best tickets at face value with No Booking Fees. We're based in Shoreditch, London and 100% mobile so",MongoDB DBA and Linux automation guru,0,0,0.9999491572380066,5.08427619934082e-05,0.7,1,BERT:bert_class_weighted,Class weight
2055,emscad_15262,Want to transform finance?,Senior Software Engineer (Bitcoin!),0,0,0.9999591708183289,4.082918167114258e-05,0.7,1,BERT:bert_class_weighted,Class weight
2056,emscad_15272,Lesaffre Yeast Corporation is a French privately owned company that has been the worldwide leader in yeast manufacturing,Supply Chain Business Analyst,0,0,0.9999493360519409,5.066394805908203e-05,0.7,1,BERT:bert_class_weighted,Class weight
2057,emscad_15274,"Namely is the leading end-to-end HR and payroll platform for growing companies. Offerings include human payroll, benefit",Security Engineer,0,0,0.9999545812606812,4.5418739318847656e-05,0.7,1,BERT:bert_class_weighted,Class weight
2058,emscad_15280,Qualified Staffing Services That Meet Your Technical Needs,Machine Operator,0,0,0.9999497532844543,5.02467155456543e-05,0.7,1,BERT:bert_class_weighted,Class weight
2059,emscad_15283,"We're an emerging technology agency, and we build breakthrough products through user-centered design. We're building a t","VP, Creative",0,0,0.9998952746391296,0.00010472536087036133,0.7,1,BERT:bert_class_weighted,Class weight
2060,emscad_15290,We Provide Full Time Permanent Positions for many medium to large US companies. We are interested in finding/recruiting ,JAVA Developer,0,0,0.9999597668647766,4.023313522338867e-05,0.7,1,BERT:bert_class_weighted,Class weight
2061,emscad_15334,Job Responsibilities:,Compliance Analyst,0,0,0.9998655319213867,0.00013446807861328125,0.7,1,BERT:bert_class_weighted,Class weight
2062,emscad_15352,"Adform is the best resourced European display ad tech company, with around 370 people in 15 European countries and US. W",Program Development Manager,0,0,0.9999578595161438,4.214048385620117e-05,0.7,1,BERT:bert_class_weighted,Class weight
2063,emscad_15360,Lesaffre Yeast Corporation is a French privately owned company that has been the worldwide leader in yeast manufacturing,Technical Sales Manager,0,0,0.9999421834945679,5.7816505432128906e-05,0.7,1,BERT:bert_class_weighted,Class weight
2064,emscad_15364,"Curvo Labs is an exciting, funded start-up determined to change the world by making a huge dent in the cost of healthcar",Sales Development Representative (hospital and surgery center sales),0,0,0.9999558329582214,4.416704177856445e-05,0.7,1,BERT:bert_class_weighted,Class weight
2065,emscad_15377,ding* is the world’s largest top-up provider. Created to help people working abroad to support and keep in touch with lo,.Net Developer GURU (and coffee drinking extraordinaire),0,0,0.9999650716781616,3.4928321838378906e-05,0.7,1,BERT:bert_class_weighted,Class weight
2066,emscad_15391,"DICE gets fans the best tickets at face value with No Booking Fees. We're based in Shoreditch, London and 100% mobile so",Design Internship,0,0,0.9999374747276306,6.252527236938477e-05,0.7,1,BERT:bert_class_weighted,Class weight
2067,emscad_15403,The Online Talent Booking Agency.,Male Extras - Shortland St,0,0,0.9998358488082886,0.00016415119171142578,0.7,1,BERT:bert_class_weighted,Class weight
2068,emscad_15414,"Baremetrics ( #URL_818d0992c7cb169e16509ce673146ace42b9d6b31c698ec7fc0a0ecb023c668c# ) is zero-setup, one-click SaaS ana",Data Scientist,0,0,0.9998992681503296,0.00010073184967041016,0.7,1,BERT:bert_class_weighted,Class weight
2069,emscad_15446,"Critical Nurse Staffing, Inc. is enrolled with the U.S Department of Labor to provide nursing care to the former defense","Case Manager Assistant--Grand Junction, CO",0,0,0.999950110912323,4.988908767700195e-05,0.7,1,BERT:bert_class_weighted,Class weight
2070,emscad_15459,Lead Android Developer,Lead Android Developer,0,0,0.9993810653686523,0.0006189346313476562,0.7,1,BERT:bert_class_weighted,Class weight
2071,emscad_15470,Dropoff is modernizing courier and same-day delivery by providing our business customers a superior experience built on ,"Dropoff Driver ""Agent"" - Houston",0,0,0.9999405741691589,5.942583084106445e-05,0.7,1,BERT:bert_class_weighted,Class weight
2072,emscad_15474,"Vend is looking for some awesome new talent to come join us. You'll be working in an awesome team doing awesome things, ",Marketing Manager,0,0,0.9999635219573975,3.647804260253906e-05,0.7,1,BERT:bert_class_weighted,Class weight
2073,emscad_15487,"OgilvyOne worldwide, Athens was established in 1987. The company provides Digital, CRM and Promotional services to Greek",Digital Copywriter,0,0,0.9999628067016602,3.719329833984375e-05,0.7,1,BERT:bert_class_weighted,Class weight
2074,emscad_15508,Contentful ( #URL_0252efddcbc4b8f51969fca7b054595976ea4678fd880b3653151e618d447b33# ) is an API-first content management,Frontend Javascript/AngularJS developer,0,0,0.9999586939811707,4.13060188293457e-05,0.7,1,BERT:bert_class_weighted,Class weight
2075,emscad_15519,"""Our mission to our clients is to preserve their independence, enhance their quality of life, promote health & wellbeing",Caregiver/HHA/CNA-Cassopolis,0,0,0.9999581575393677,4.184246063232422e-05,0.7,1,BERT:bert_class_weighted,Class weight
2076,emscad_15522,"Palerra, Inc. designed LORICTM to protect an enterprise’s entire cloud footprint from branded applications such as Micro",Senior Marketing Manager (Part Time),0,0,0.9999522566795349,4.774332046508789e-05,0.7,1,BERT:bert_class_weighted,Class weight
2077,emscad_15535,"TrendKite helps PR professionals and agencies build a timely, highly accurate picture of their brands' media coverage wi",Senior Software Engineer/Architect (Java/Solr/ElasticSearch),0,0,0.9999589920043945,4.100799560546875e-05,0.7,1,BERT:bert_class_weighted,Class weight
2078,emscad_15537,carwow is a comparison site that takes the uncertainty and hassle out of buying a new car. We’re passionate about gettin,Digital Marketing Exec,0,0,0.9999538660049438,4.6133995056152344e-05,0.7,1,BERT:bert_class_weighted,Class weight
2079,emscad_15551,"We’re Digital Telepathy, but our friends call us DT. Committed to being designers of the Web, we help startups solve the",Copywriter (Contract Position),0,0,0.9999554753303528,4.45246696472168e-05,0.7,1,BERT:bert_class_weighted,Class weight
2080,emscad_15562,Shape the Future.,Client Ambassador,0,0,0.9999596476554871,4.035234451293945e-05,0.7,1,BERT:bert_class_weighted,Class weight
2081,emscad_15572,United Cerebral Palsy of Oregon & SW Washington (UCP) supports adults with all kinds of developmental disabilities (not ,Employment Specialist,0,0,0.9999578595161438,4.214048385620117e-05,0.7,1,BERT:bert_class_weighted,Class weight
2082,emscad_15580,Want to build a 21st century financial service?,Community Ambassador Spanish-speaking (Remote),0,0,0.9999580383300781,4.1961669921875e-05,0.7,1,BERT:bert_class_weighted,Class weight
2083,emscad_15596,Consult clients and lead the design effort and direction,UX Architect,0,0,0.9998563528060913,0.0001436471939086914,0.7,1,BERT:bert_class_weighted,Class weight
2084,emscad_15605,Community Action Partnership of Ramsey & Washington Counties (Community Action) was established in 1964 as a program of ,Human Resources Coordinator-Staffing and Records Management,0,0,0.9999426007270813,5.739927291870117e-05,0.7,1,BERT:bert_class_weighted,Class weight
2085,emscad_15606,MaxPlayTM is a cross-platform digital publishing company focused on revolutionizing the games as a service market. You p,Senior Technical Artist,0,0,0.999956488609314,4.3511390686035156e-05,0.7,1,BERT:bert_class_weighted,Class weight
2086,emscad_15631,Zylun’s mission is to help small and medium size enterprises take advantage of a highly skilled global workforce in a si,STEEL DETAILER,0,0,0.9999374747276306,6.252527236938477e-05,0.7,1,BERT:bert_class_weighted,Class weight
2087,emscad_15632,Zylun’s mission is to help small and medium size enterprises take advantage of a highly skilled global workforce in a si,RUBY ON RAILS DEVELOPER,0,0,0.9999576807022095,4.2319297790527344e-05,0.7,1,BERT:bert_class_weighted,Class weight
2088,emscad_15640,"Argenta Field Solutions values the client, creates income streams for them through our sales mechanism and focuses on qu",Sales Rep for AT&T Solutions Provider - Management Training,0,0,0.9999508857727051,4.9114227294921875e-05,0.7,1,BERT:bert_class_weighted,Class weight
2089,emscad_15662,"Based in Tokyo, we are an international team of engineers and consultants who are dedicated to pushing the boundaries of",Smartphone HTML5 Game Developer,0,0,0.9999551177024841,4.488229751586914e-05,0.7,1,BERT:bert_class_weighted,Class weight
2090,emscad_15663,"Sparkol is a growing software company based outside of Bristol, UK.",UI Designer,0,0,0.9999648928642273,3.510713577270508e-05,0.7,1,BERT:bert_class_weighted,Class weight
2091,emscad_15673,"With an exceptional record of over 50% growth in each of the last 5 years, we’ve become the UK’s largest online retailer",Junior Data Analyst,0,0,0.999961793422699,3.820657730102539e-05,0.7,1,BERT:bert_class_weighted,Class weight
2092,emscad_15684,"ustwo offers you the opportunity to be yourself, whilst delivering the best work on the planet for some of the biggest a",Android Developer,0,0,0.9998927712440491,0.00010722875595092773,0.7,1,BERT:bert_class_weighted,Class weight
2093,emscad_15698,"Flight pricing is highly complex and opaque, so travelers often don't have the information they need to get the best dea",Data Scientist,0,0,0.9999251365661621,7.486343383789062e-05,0.7,1,BERT:bert_class_weighted,Class weight
2094,emscad_15700,We Provide Full Time Permanent Positions for many medium to large US companies. We are interested in finding/recruiting ,Maintenance Engineer - Industry Exp MS Office - PA,0,0,0.9999328851699829,6.711483001708984e-05,0.7,1,BERT:bert_class_weighted,Class weight
2095,emscad_15703,Opportunity: We are a small company with less than 50 employees and have been in business since 1988. We are also one of,Senior Systems Tech - Systems Administrator,0,0,0.9999313354492188,6.866455078125e-05,0.7,1,BERT:bert_class_weighted,Class weight
2096,emscad_15708,"Babbel enables anyone to learn languages in an easy and interactive way. The learning system offers 13 languages, from E",Freelance Translators (m/f) from Brazilian Portuguese and German into Italian,0,0,0.999963104724884,3.68952751159668e-05,0.7,1,BERT:bert_class_weighted,Class weight
2097,emscad_15718,"Responsible for the planning, organizing, and management of project tasks and resources to bring about the successful co",Implementation Manager,0,0,0.9989852905273438,0.00101470947265625,0.7,1,BERT:bert_class_weighted,Class weight
2098,emscad_15719,"Critical Nurse Staffing, Inc. is enrolled with the U.S Department of Labor to provide nursing care to the former defense","Home Health Aide-Montrose, CO",0,0,0.9999529719352722,4.70280647277832e-05,0.7,1,BERT:bert_class_weighted,Class weight
2099,emscad_15729,"Daily Secret is one of the fastest growing digital media brand for premium audiences around the world, serving 1.8 milli",Business Development Director,0,0,0.999958336353302,4.166364669799805e-05,0.7,1,BERT:bert_class_weighted,Class weight
2100,emscad_15740,"Empower America is mission driven to recruit, train and employ our military veterans into careers in renewable energy th",Military Veterans Wanted for Recruiting and Sales,0,0,0.9999483823776245,5.161762237548828e-05,0.7,1,BERT:bert_class_weighted,Class weight
2101,emscad_15742,DESIGNER @ MARKETING TEAM VILNIUS,UI Designer,0,0,0.9999471306800842,5.2869319915771484e-05,0.7,1,BERT:bert_class_weighted,Class weight
2102,emscad_15745,Burns & McBride has been providing quality home service solutions for generations.,HVAC Technician,0,0,0.9999556541442871,4.4345855712890625e-05,0.7,1,BERT:bert_class_weighted,Class weight
2103,emscad_15752,"From the lands of Can Do, Roll Our Sleeves Up and Get It Done, we create and solve things previously unimaginable. We’re",Senior Sales Engineer,0,0,0.999929666519165,7.033348083496094e-05,0.7,1,BERT:bert_class_weighted,Class weight
2104,emscad_15755,incrediblue is busting the myth that boating is only for the rich and famous by enabling any traveller to book an amazin,Senior Marketing Manager,0,0,0.9999046325683594,9.5367431640625e-05,0.7,1,BERT:bert_class_weighted,Class weight
2105,emscad_15767,Playfair Capital is an early stage technology investment fund based in London.,Global Business Development Manager,0,0,0.9999514818191528,4.851818084716797e-05,0.7,1,BERT:bert_class_weighted,Class weight
2106,emscad_15775,"Take the lead and have a significant impact on an early stage, well funded social Q&A startup, Ponder, based out of the ",Senior iOS Engineer,0,0,0.9999602437019348,3.975629806518555e-05,0.7,1,BERT:bert_class_weighted,Class weight
2107,emscad_15781,"Shapeways is the leading 3D printing marketplace and community, empowering designers to bring amazing products to life. ",Principal Database Engineer,0,0,0.9999644756317139,3.552436828613281e-05,0.7,1,BERT:bert_class_weighted,Class weight
2108,emscad_15784,"Shapeways is the leading 3D printing marketplace and community, empowering designers to bring amazing products to life. ",Engineering Team Lead,0,0,0.9999657273292542,3.427267074584961e-05,0.7,1,BERT:bert_class_weighted,Class weight
2109,emscad_15788,Premise is building a novel information-gathering network on a global scale. The network harnesses the explosion in mobi,Software Engineer - Android,0,0,0.9999563694000244,4.363059997558594e-05,0.7,1,BERT:bert_class_weighted,Class weight
2110,emscad_15794,"Vend is looking for some awesome new talent to come join us. You'll be working in an awesome team doing awesome things, ",VP of Strategy,0,0,0.9999610185623169,3.898143768310547e-05,0.7,1,BERT:bert_class_weighted,Class weight
2111,emscad_15799,"Vend is looking for some awesome new talent to come join us. You'll be working in an awesome team doing awesome things, ",Customer Support Star,0,0,0.9999622106552124,3.7789344787597656e-05,0.7,1,BERT:bert_class_weighted,Class weight
2112,emscad_15800,United Med Force was created due to the high demand for elite sales professionals in the healthcare industry. United Med,Pharmaceutical / Compound Sales Representative- Massachusetts,0,0,0.9999580383300781,4.1961669921875e-05,0.7,1,BERT:bert_class_weighted,Class weight
2113,emscad_15808,"Restrooms : Clean and disinfect sinks, countertops, toilets, mirrors, floors, etc. Replenish bathroom supplies. Polish m",Retail Store Cleaner,0,0,0.9993987083435059,0.0006012916564941406,0.7,1,BERT:bert_class_weighted,Class weight
2114,emscad_15814,"Critical Nurse Staffing, Inc. is enrolled with the U.S Department of Labor to provide nursing care to the former defense","Home Health RN- Nucla, CO",0,0,0.9999576807022095,4.2319297790527344e-05,0.7,1,BERT:bert_class_weighted,Class weight
2115,emscad_15823,Η εταιρεία AMCO ABEE είναι μια δυναμικά αναπτυσσόμενη εταιρεία που δραστηριοποιείται στην παροχή ολοκληρωμένων λύσεων αυ,Senior Software Engineer,0,0,0.9999344348907471,6.556510925292969e-05,0.7,1,BERT:bert_class_weighted,Class weight
2116,emscad_15835,Lifehack is widely recognized as one of the premier productivity and lifestyle content sites on the web. With over 10 mi,Social Media Manager,0,0,0.9998867511749268,0.00011324882507324219,0.7,1,BERT:bert_class_weighted,Class weight
2117,emscad_15851,"Fusemachines combines the power of Data Science, Artificial Intelligence and Natural Language Processing to build unique",Chief Marketing Officer,0,0,0.9999570250511169,4.297494888305664e-05,0.7,1,BERT:bert_class_weighted,Class weight
2118,emscad_15860,We Provide Full Time Permanent Positions for many medium to large US companies. We are interested in finding/recruiting ,"Sr. Corporate HR Manager - Florence area, AL",0,0,0.9999576807022095,4.2319297790527344e-05,0.7,1,BERT:bert_class_weighted,Class weight
2119,emscad_15876,"Indianapolis eye doctors since 1940 and now with eye doctors across the state at our 19 locations, Dr. Tavel Family Eye ",Receptionist,0,0,0.9999467134475708,5.328655242919922e-05,0.7,1,BERT:bert_class_weighted,Class weight
2120,emscad_15887,"Intale SA is a dynamic technology company located in Athens, whose products and services act as the main pillar of a sus",Senior Developer,0,0,0.9999610185623169,3.898143768310547e-05,0.7,1,BERT:bert_class_weighted,Class weight
2121,emscad_15888,"ustwo offers you the opportunity to be yourself, whilst delivering the best work on the planet for some of the biggest a",Interaction Designer (UX) - New York,0,0,0.9999570250511169,4.297494888305664e-05,0.7,1,BERT:bert_class_weighted,Class weight
2122,emscad_15889,EROAD was established to modernise New Zealand’s paper-based RUC regime and in 2009 launched the world’s first GPS/cellu,Regional Sales Manager - Lower North Island,0,0,0.9999592900276184,4.07099723815918e-05,0.7,1,BERT:bert_class_weighted,Class weight
2123,emscad_15893,"Adform is the best resourced European display ad tech company, with around 400 people in 15 European countries and US. W",C# Developer,0,0,0.9999520778656006,4.792213439941406e-05,0.7,1,BERT:bert_class_weighted,Class weight
2124,emscad_15897,IDEAL Group is a holding company focusing in three major activities; distribution of Advanced Consumer Products and Whit,Digital Marketing Executive,0,0,0.9999558329582214,4.416704177856445e-05,0.7,1,BERT:bert_class_weighted,Class weight
2125,emscad_15900,We Provide Full Time Permanent Positions for many medium to large US companies. We are interested in finding/recruiting ,Electrical Engineer,0,0,0.9999625086784363,3.74913215637207e-05,0.7,1,BERT:bert_class_weighted,Class weight
2126,emscad_15903,Green Street Advisors is the industry leader in real estate and real estate investment trust (REITs) research for over 2,2015 MBA- Research Associate,0,0,0.9999410510063171,5.894899368286133e-05,0.7,1,BERT:bert_class_weighted,Class weight
2127,emscad_15908,"Ryanair is Europe’s favourite low fares airline, operating more than 1,600 daily flights (over 500,000 per year) from 69",Fraud and Card Payment Manager,0,0,0.9999465346336365,5.346536636352539e-05,0.7,1,BERT:bert_class_weighted,Class weight
2128,emscad_15913,"Our team is made of designers, physics wizards, educators, writers, musicians, and illustrators. We work together to bui",Intern: Editorial & Research,0,0,0.9999623894691467,3.7610530853271484e-05,0.7,1,BERT:bert_class_weighted,Class weight
2129,emscad_15928,Contentful ( #URL_0252efddcbc4b8f51969fca7b054595976ea4678fd880b3653151e618d447b33# ) is an API-first content management,Sales Engineer / Consultant,0,0,0.9999481439590454,5.1856040954589844e-05,0.7,1,BERT:bert_class_weighted,Class weight
2130,emscad_15935,"Suneris, Inc is a medical device company,based out of Brooklyn, NY, working towards solving problems associated with wou",Quality Assurance Intern,0,0,0.9999602437019348,3.975629806518555e-05,0.7,1,BERT:bert_class_weighted,Class weight
2131,emscad_15938,"Qrator is a visual (web & mobile) platform that connects a wide range of creative professionals (artisans, craftmen, fas",Content Marketing Executive,0,0,0.9999614953994751,3.8504600524902344e-05,0.7,1,BERT:bert_class_weighted,Class weight
2132,emscad_15941,"Baesman is a nationally-recognized, single-source provider of direct marketing strategy and solutions, including CRM dat","Business Development, Marketing Consultant",0,0,0.9999560117721558,4.398822784423828e-05,0.7,1,BERT:bert_class_weighted,Class weight
2133,emscad_15964,"At McLane Intel, we believe that everyone should love where they work! We understand that our ongoing success is attribu",Office Administrator,0,0,0.9999362230300903,6.377696990966797e-05,0.7,1,BERT:bert_class_weighted,Class weight
2134,emscad_15969,Visual BI is one of the leading and fastest growing firms focusing exclusively on BI & Analytics. Our offerings cover en,BI Software Developer Trainee (Fresher),0,0,0.9999556541442871,4.4345855712890625e-05,0.7,1,BERT:bert_class_weighted,Class weight
2135,emscad_15972,"Based in the heart of the City, this exceptional opportunity as City Launcher in a fast-growing tech start-up is a chall",City Launcher,0,0,0.9999589920043945,4.100799560546875e-05,0.7,1,BERT:bert_class_weighted,Class weight
2136,emscad_15978,"Come be a part of one of the fastest growing, well-funded and exciting startups in Silicon Valley. Peel makes the world’",Applications Engineer,0,0,0.999958336353302,4.166364669799805e-05,0.7,1,BERT:bert_class_weighted,Class weight
2137,emscad_15982,LKM Search Solutions is an Executive Search Firm that cares about your future. We work hard to find the position that is,Corporate M&A Associates,0,0,0.999925434589386,7.456541061401367e-05,0.7,1,BERT:bert_class_weighted,Class weight
2138,emscad_15989,SLI Systems is a SaaS company revolutionizing the way online retailers do business. SLI works closely with online retail,IT Support Associate,0,0,0.9999497532844543,5.02467155456543e-05,0.7,1,BERT:bert_class_weighted,Class weight
2139,emscad_16028,"EVH is a fashion, lifestyle, design and luxury communications, digital, events and sales agency. With integrity and inte",Content & Social Media Strategist,0,0,0.9999489784240723,5.1021575927734375e-05,0.7,1,BERT:bert_class_weighted,Class weight
2140,emscad_16043,We Provide Full Time Permanent Positions for many medium to large US companies. We are interested in finding/recruiting ,Application Developer,0,0,0.9999628067016602,3.719329833984375e-05,0.7,1,BERT:bert_class_weighted,Class weight
2141,emscad_16046,Visual BI is one of the leading and fastest growing firms focusing exclusively on BI & Analytics. Our offerings cover en,UI / UX / Graphic Design Intern,0,0,0.9999610185623169,3.898143768310547e-05,0.7,1,BERT:bert_class_weighted,Class weight
2142,emscad_16047,#URL_50cc89ecbf2d4ceda36598af3573463d57b5ad2c45a628f06cf5c12851136fdb# is the crowdfunding platform to finance creativit,Interns across Europe,0,0,0.9999623894691467,3.7610530853271484e-05,0.7,1,BERT:bert_class_weighted,Class weight
2143,emscad_16056,"Essence is a global digital agency and the world’s largest independent buyer of digital media. We blend data science, ob",Python Developer,0,0,0.9999334216117859,6.657838821411133e-05,0.7,1,BERT:bert_class_weighted,Class weight
2144,emscad_16058,"Founded in 2010 by a team from Google’s London and New York offices, Qubit work with some of the biggest names in Online",Product Marketing Manager,0,0,0.9999620914459229,3.790855407714844e-05,0.7,1,BERT:bert_class_weighted,Class weight
2145,emscad_16063,"Welcome to Groove, one of the fastest-growing and high-energy dance production companies in the nation! At Groove, we st",Non-CDL Seasonal Truck Drivers Wanted,0,0,0.9999622106552124,3.7789344787597656e-05,0.7,1,BERT:bert_class_weighted,Class weight
2146,emscad_16069,"PINT is a leader in the web industry with 20 years of web design, software development and consulting experience. PINT's",Internship,0,0,0.999963104724884,3.68952751159668e-05,0.7,1,BERT:bert_class_weighted,Class weight
2147,emscad_16071,Synapse Games is exploding onto the mobile gaming market after over five years experience making social games. We are a ,Unity/C# Engineer,0,0,0.9999268651008606,7.31348991394043e-05,0.7,1,BERT:bert_class_weighted,Class weight
2148,emscad_16081,Casper is a sleep startup that re-imagines the experience of purchasing a mattress. We launched in April 2014 with an ou,Talent Acquisition Manager,0,0,0.9999540448188782,4.595518112182617e-05,0.7,1,BERT:bert_class_weighted,Class weight
2149,emscad_16097,"Squiz is one of the world's leading web solutions companies. We design, build and manage engaging websites and online ap",Front End Software Engineer,0,0,0.9999614953994751,3.8504600524902344e-05,0.7,1,BERT:bert_class_weighted,Class weight
2150,emscad_16122,NFP is a leader in the delivery of benefits solutions for companies of all sizes and in the delivery of life insurance a,Sr. Account Executive - New York City,0,0,0.9999608397483826,3.916025161743164e-05,0.7,1,BERT:bert_class_weighted,Class weight
2151,emscad_16149,"Cloudit specialise in web based, leading-edge technologies which help drive your business forward. With over 20 years in",Junior Software Engineer,0,0,0.9998813271522522,0.00011867284774780273,0.7,1,BERT:bert_class_weighted,Class weight
2152,emscad_16154,We Provide Full Time Permanent Positions for many medium to large US companies. We are interested in finding/recruiting ,Talent Management Process Manager,0,0,0.9999597668647766,4.023313522338867e-05,0.7,1,BERT:bert_class_weighted,Class weight
2153,emscad_16159,THE COMPANY: FlashFunders ( #URL_e3b6d99b3442da190b75a52397dfcbed486fa7a5ea8b8fd653d8ad070d0d6065# ),Senior UI/UX Designer,0,0,0.9999522566795349,4.774332046508789e-05,0.7,1,BERT:bert_class_weighted,Class weight
2154,emscad_16166,Web and iOS development shop based in Warsaw. We have worked with clients like Pinterest or Tagasauris. We can fill a ro,Art Director,0,0,0.9999608397483826,3.916025161743164e-05,0.7,1,BERT:bert_class_weighted,Class weight
2155,emscad_16176,"Argenta Field Solutions values the client, creates income streams for them through our sales mechanism and focuses on qu",Sales Representative with Management Training - DirecTV,0,0,0.9999554753303528,4.45246696472168e-05,0.7,1,BERT:bert_class_weighted,Class weight
2156,emscad_16187,Playfair Capital is an early stage technology investment fund based in London.,Sales Director,0,0,0.9999573230743408,4.267692565917969e-05,0.7,1,BERT:bert_class_weighted,Class weight
2157,emscad_16188,"Denver Website Repair, a local web development company specializing in website repair, upgrades, and website maintenance",Web Development Shop Seeks Office and Project Coordinator,0,0,0.9999417066574097,5.829334259033203e-05,0.7,1,BERT:bert_class_weighted,Class weight
2158,emscad_16195,Layar is a young and ambitious company located in the heart of Amsterdam. As the global leader in mobile augmented reali,DevOps Engineer,0,0,0.9999578595161438,4.214048385620117e-05,0.7,1,BERT:bert_class_weighted,Class weight
2159,emscad_16196,The Business Analyst is responsible for the daily processing and oversight of key compliance and regulatory functions wi,Business Analyst,0,0,0.9998923540115356,0.00010764598846435547,0.7,1,BERT:bert_class_weighted,Class weight
2160,emscad_16239,"Crossroads Treatment Centers is a nationally-accredited, medication-assisted, out-patient program that delivers fast, ef",Licensed Practical Nurse (Greensboro Center),0,0,0.9999576807022095,4.2319297790527344e-05,0.7,1,BERT:bert_class_weighted,Class weight
2161,emscad_16241,Inkly is changing the way people communicate around the world. Greetings cards is where we started but we’re moving way ,Greetings Card Designer Intern,0,0,0.9999452233314514,5.4776668548583984e-05,0.7,1,BERT:bert_class_weighted,Class weight
2162,emscad_16244,Flite delivers ad innovation at scale to the world's top publishers and brands. Marketers use the self-service Flite Pla,Sales Director (NYC),0,0,0.999963641166687,3.635883331298828e-05,0.7,1,BERT:bert_class_weighted,Class weight
2163,emscad_16245,Hi!,Front-End Developer,0,0,0.9998964667320251,0.00010353326797485352,0.7,1,BERT:bert_class_weighted,Class weight
2164,emscad_16253,Visual BI is one of the leading and fastest growing firms focusing exclusively on BI & Analytics. Our offerings cover en,Senior Web/UI Developer ( Javascript / HTML5 / CSS3 ),0,0,0.9999556541442871,4.4345855712890625e-05,0.7,1,BERT:bert_class_weighted,Class weight
2165,emscad_16257,ConsumerTrack is a technology-centric internet marketing company built on a culture of excellence. We are the preferred ,Freelance Writer -- Travel,0,0,0.9999471306800842,5.2869319915771484e-05,0.7,1,BERT:bert_class_weighted,Class weight
2166,emscad_16259,InVision is a venture-backed startup working to create the world's best design communication and collaboration platform.,Sr. Front-End Developer (Angular) [remote/telecommute],0,0,0.9999558329582214,4.416704177856445e-05,0.7,1,BERT:bert_class_weighted,Class weight
2167,emscad_16267,Community Action Partnership of Ramsey & Washington Counties (Community Action) was established in 1964 as a program of ,Journeyman Carpenter,0,0,0.9999489784240723,5.1021575927734375e-05,0.7,1,BERT:bert_class_weighted,Class weight
2168,emscad_16272,"Babbel enables anyone to learn languages in an easy and interactive way. The learning system offers 13 languages, from E",Senior SEM Manager Spanish,0,0,0.999958336353302,4.166364669799805e-05,0.7,1,BERT:bert_class_weighted,Class weight
2169,emscad_16276,"WDM Group is an innovative, forward thinking digital company aimed at bringing business executives up-to-date with the l",Social Media/Brand Content Manager,0,0,0.9999426007270813,5.739927291870117e-05,0.7,1,BERT:bert_class_weighted,Class weight
2170,emscad_16291,"We're a young, early stage startup that has raised funding from some of India's most notable Angel Investors including S",Full Stack Web Developer,0,0,0.9999566674232483,4.3332576751708984e-05,0.7,1,BERT:bert_class_weighted,Class weight
2171,emscad_16295,PGI is a fast growing organic herb/spice/botanicals importing and production company that utilizes extensive food safety,"Order Processing Coordinator @ PGI, a Food Production Company",0,0,0.9999302625656128,6.973743438720703e-05,0.7,1,BERT:bert_class_weighted,Class weight
2172,emscad_16296,Contentful ( #URL_0252efddcbc4b8f51969fca7b054595976ea4678fd880b3653151e618d447b33# ) is an API-first content management,Ruby / Rails Developer,0,0,0.9999622106552124,3.7789344787597656e-05,0.7,1,BERT:bert_class_weighted,Class weight
2173,emscad_16311,Upstream’s mission is to revolutionise the way companies market to consumers through cutting edge technology. This is an,Senior Software Engineer,0,0,0.9999544024467468,4.559755325317383e-05,0.7,1,BERT:bert_class_weighted,Class weight
2174,emscad_16313,"Wiredrive is a fast growing, privately-owned SaaS company with headquarters in Marina del Rey and offices in New York Ci",Web Designer,0,0,0.9999576807022095,4.2319297790527344e-05,0.7,1,BERT:bert_class_weighted,Class weight
2175,emscad_16318,We Provide Full Time Permanent Positions for many medium to large US companies. We are interested in finding/recruiting ,IT Security Analyst,0,0,0.9999640583992004,3.594160079956055e-05,0.7,1,BERT:bert_class_weighted,Class weight
2176,emscad_16324,PROSULTING IS PEOPLE The ProSulting difference is easy to see. Our passion for delivering qualified pre-screened personn,Business Development Manager,0,0,0.9999266266822815,7.337331771850586e-05,0.7,1,BERT:bert_class_weighted,Class weight
2177,emscad_16335,Ready to let your star shine? Discover the career you’ve been dreaming about at AvaStars where...,Star (Retail Associate) - Oakbrook Center,0,0,0.9999516606330872,4.83393669128418e-05,0.7,1,BERT:bert_class_weighted,Class weight
2178,emscad_16340,"POS-X is a rapidly growing point-of-sale hardware manufacturer located in Bellingham, WA. The POS-X environment consists",Technical Support Technician,0,0,0.9999602437019348,3.975629806518555e-05,0.7,1,BERT:bert_class_weighted,Class weight
2179,emscad_16344,"Programize, a dynamic software development house seeking to boost Greece’s technology exposure, is looking for motivated",Mobile App and Web app programming positions (all levels),0,0,0.9999578595161438,4.214048385620117e-05,0.7,1,BERT:bert_class_weighted,Class weight
2180,emscad_16352,"DevOps Engineer - Linux, Java, AWS, Python or Ruby Central London Offices My client, a fast growing and very well respec","DevOps Engineer - Linux, Java,AWS,Python or Ruby",0,0,0.9999508857727051,4.9114227294921875e-05,0.7,1,BERT:bert_class_weighted,Class weight
2181,emscad_16353,We Provide Full Time Permanent Positions for many medium to large US companies. We are interested in finding/recruiting ,Financial Officer,0,0,0.9999611973762512,3.88026237487793e-05,0.7,1,BERT:bert_class_weighted,Class weight
2182,emscad_16384,PROSULTING IS PEOPLE The ProSulting difference is easy to see. Our passion for delivering qualified pre-screened personn,Junior Marketing Coordinator,0,0,0.9999471306800842,5.2869319915771484e-05,0.7,1,BERT:bert_class_weighted,Class weight
2183,emscad_16388,Airenvy’s mission is to provide lucrative yet hassle free full service short term property management all around the wor,Data Scientist,0,0,0.999920666217804,7.933378219604492e-05,0.7,1,BERT:bert_class_weighted,Class weight
2184,emscad_16393,"At LendInvest fundamentally changing the way people think about their savings, investments and how you get a mortgage. W",Business Development Manager (Bridging Finance),0,0,0.9999526143074036,4.738569259643555e-05,0.7,1,BERT:bert_class_weighted,Class weight
2185,emscad_16399,"Super Soccer Stars is the country's most popular soccer development program for kids. For over a decade, we have provide",Regional Coordinator for NEW Southern US Office,0,0,0.9999454617500305,5.453824996948242e-05,0.7,1,BERT:bert_class_weighted,Class weight
2186,emscad_16415,"Namely is the leading end-to-end HR and payroll platform for growing companies. Offerings include human payroll, benefit","Product Manager, Talent Management & Compensation",0,0,0.9999547600746155,4.5239925384521484e-05,0.7,1,BERT:bert_class_weighted,Class weight
2187,emscad_16426,Airenvy’s mission is to provide lucrative yet hassle free full service short term property management all around the wor,Rockstar Sales Representative,0,0,0.999923050403595,7.69495964050293e-05,0.7,1,BERT:bert_class_weighted,Class weight
2188,emscad_16442,Printfresh is a leading fashion textile design studio. We are a growing company with an enthusiastic group of people pas,Print Designer or Junior Print Designer,0,0,0.9999625086784363,3.74913215637207e-05,0.7,1,BERT:bert_class_weighted,Class weight
2189,emscad_16443,"#URL_25e85371e7108e279a4b25d6e965889a44917879b7b587c905714ef30f933cb8# is a young, growing e-commerce company with our e",Fulfillment Associate,0,0,0.9999467134475708,5.328655242919922e-05,0.7,1,BERT:bert_class_weighted,Class weight
2190,emscad_16450,"Exciting career opportunity for Advanced NP or Physician Assistant to join a fun, fast-growing interdisciplinary behavio",Psychiatric Nurse Practitioner/Physician Assistant,0,0,0.9999224543571472,7.75456428527832e-05,0.7,1,BERT:bert_class_weighted,Class weight
2191,emscad_16451,Crest Financial is one of the leading privately held consumer financing companies in the United States. Crest blends the,Retailer Services,0,0,0.9999452233314514,5.4776668548583984e-05,0.7,1,BERT:bert_class_weighted,Class weight
2192,emscad_16453,CallCentre People Recruitment is recognised as being specialists within the CallCentre industry.,Home-based Inbound Sales Representative,0,0,0.9999260306358337,7.396936416625977e-05,0.7,1,BERT:bert_class_weighted,Class weight
2193,emscad_16455,Airenvy’s mission is to provide lucrative yet hassle free full service short term property management all around the wor,Operations Lead,0,0,0.9999117851257324,8.821487426757812e-05,0.7,1,BERT:bert_class_weighted,Class weight
2194,emscad_16460,"2.5 years ago when we started on the development of Witkit, we had a mission: allowing businesses to capitalize on colla",Senior Front-End Developer (Javascript),0,0,0.9998867511749268,0.00011324882507324219,0.7,1,BERT:bert_class_weighted,Class weight
2195,emscad_16469,"Exciting opportunity to join a fun, fast-growing behavioral health & wellness group practice with locations in Cleburne ",Licensed Massage Therapist/Integrated Practice Model!,0,0,0.9997546672821045,0.0002453327178955078,0.7,1,BERT:bert_class_weighted,Class weight
2196,emscad_16472,"Growing event production company providing staging, scenic, and drapery primarily in the state of Florida. We have a sec",Carpenter,0,0,0.9999386668205261,6.133317947387695e-05,0.7,1,BERT:bert_class_weighted,Class weight
2197,emscad_16479,"At Atlas Lift Tech, safety always comes first! We are a fast growing company with an innovative vision of making Safe Pa",HR Generalist,0,0,0.9998736381530762,0.00012636184692382812,0.7,1,BERT:bert_class_weighted,Class weight
2198,emscad_16487,Telecommute,Design Intern,0,0,0.9999135136604309,8.64863395690918e-05,0.7,1,BERT:bert_class_weighted,Class weight
2199,emscad_16494,"We're looking for fun, smart, and self organized team player who will take part in planning, coding, testing, and code r",Software Engineer,0,0,0.999944806098938,5.519390106201172e-05,0.7,1,BERT:bert_class_weighted,Class weight
2200,emscad_16497,Tile is one of the most successful crowd-funded campaigns in history and is building the world’s largest lost and found.,Mobile UX Designer,0,0,0.9999597668647766,4.023313522338867e-05,0.7,1,BERT:bert_class_weighted,Class weight
2201,emscad_16534,#URL_e7c9057d5e6f097876436d175031e95669ede4ebaab52b6be0957c837bc98343#,Title Insurance & Settlement Sales: Midwestern Account Executive,0,0,0.9999405741691589,5.942583084106445e-05,0.7,1,BERT:bert_class_weighted,Class weight
2202,emscad_16553,Nursing & Therapy Positions-Home Care,Nursing & Therapy Positions- Home Care,1,0,0.9999215602874756,7.843971252441406e-05,0.7,0,BERT:bert_class_weighted,Class weight
2203,emscad_16561,"CARES is Alabama’s approach to the modernization of the enrollment and eligibility systems for Medicaid, Child Health In",Senior Developer,0,0,0.9999529719352722,4.70280647277832e-05,0.7,1,BERT:bert_class_weighted,Class weight
2204,emscad_16573,Sales and Customer Service Opportunity - This company delivers flawlessly executed promotional programs and strategicall,Sales and Customer Service Roles - No Experience Required,0,0,0.9998506307601929,0.0001493692398071289,0.7,1,BERT:bert_class_weighted,Class weight
2205,emscad_16576,Do you want to be part of a services company with both a proven record of success and planned growth? TriNet is a leadin,Release Engineer,0,0,0.9999522566795349,4.774332046508789e-05,0.7,1,BERT:bert_class_weighted,Class weight
2206,emscad_16583,"e-Solutions Inc. is a talent-driven consulting company providing individual consultants, project teams, and strategic ou",Devops engineer,0,0,0.9999527931213379,4.7206878662109375e-05,0.7,1,BERT:bert_class_weighted,Class weight
2207,emscad_16597,"LEI Home Enhancements, is an Ohio based company that has been installing windows, siding, doors and decks in homes throu",25 CLIENT SUPPORT OFFICERS HIRING : IMMEDIATELY PLACING,0,0,0.9999531507492065,4.684925079345703e-05,0.7,1,BERT:bert_class_weighted,Class weight
2208,emscad_16606,"Ruby on Rails Web Engineer (RoR) Now Hiring Ruby on Rails Web Engineer for one of our client in Long Beach, CA Job Role ",Ruby on Rails Web Developer,0,0,0.9999215602874756,7.843971252441406e-05,0.7,1,BERT:bert_class_weighted,Class weight
2209,emscad_16615,"LEI Home Enhancements, is an Ohio based company that has been installing windows, siding, doors and decks in homes throu",Promotions / Marketing Assistant,0,0,0.9999644756317139,3.552436828613281e-05,0.7,1,BERT:bert_class_weighted,Class weight
2210,emscad_16626,At Tristan Sims International our Executive Recruitment offering is composed of thousands of leading global professional,Customer Engagement Solutions Sales Executive,0,0,0.9999203085899353,7.969141006469727e-05,0.7,1,BERT:bert_class_weighted,Class weight
2211,emscad_16627,HEALTH COACHES WANTED!,Health Coach,0,0,0.9997934103012085,0.0002065896987915039,0.7,1,BERT:bert_class_weighted,Class weight
2212,emscad_16635,Tribal Worldwide Athens is a digitally centric advertising agency that draws no lines.,Web Designer,0,0,0.9999475479125977,5.245208740234375e-05,0.7,1,BERT:bert_class_weighted,Class weight
2213,emscad_16643,We consider ourselves the ultimate solution for real estate data and analytics. There's a huge demand for streamlined an,Sales Executive,0,0,0.9999608397483826,3.916025161743164e-05,0.7,1,BERT:bert_class_weighted,Class weight
2214,emscad_16645,"PeerPoint Solutions provides temporary, temp-to-perm, and permanent IT staffing solutions with one mission, to provide t",Company Promotion / Technical Recruiter / Part Time,0,0,0.9999487400054932,5.125999450683594e-05,0.7,1,BERT:bert_class_weighted,Class weight
2215,emscad_16653,Welcome to Trans4u Ltd.,Freelance Interpreters in London,0,0,0.9999475479125977,5.245208740234375e-05,0.7,1,BERT:bert_class_weighted,Class weight
2216,emscad_16667,"CARES is Alabama’s approach to the modernization of the enrollment and eligibility systems for Medicaid, Child Health In",Automated Test Developer,0,0,0.9999454617500305,5.453824996948242e-05,0.7,1,BERT:bert_class_weighted,Class weight
2217,emscad_16673,"Established in 1957, Windham Brannon, PC, is one of Atlanta’s largest and most prestigious independent certified public ",Tax Associate,0,0,0.9999536871910095,4.6312808990478516e-05,0.7,1,BERT:bert_class_weighted,Class weight
2218,emscad_16685,"VAM SYSTEMS is a Business Consulting, IT Solutions and Services company with operations in UAE, Qatar, Bahrain, USA, Aus",Immediate Opening : Dotnet Developer,0,0,0.9998919367790222,0.0001080632209777832,0.7,1,BERT:bert_class_weighted,Class weight
2219,emscad_16692,Runscope is building tools for developers working on API-driven mobile and web applications. We have a clear vision for ,Full-stack Web Engineer,0,0,0.9999561905860901,4.380941390991211e-05,0.7,1,BERT:bert_class_weighted,Class weight
2220,emscad_16698,Selectus is a leading provider of Novated Lease management services and salary packaging administration to employers and,Nothing that suits right now?,0,0,0.9998701810836792,0.00012981891632080078,0.7,1,BERT:bert_class_weighted,Class weight
2221,emscad_16701,Daily Secret is the fastest growing digital media brand for young and affluent professionals around the world. Covering ,Junior Graphic Designer,0,0,0.9999596476554871,4.035234451293945e-05,0.7,1,BERT:bert_class_weighted,Class weight
2222,emscad_16710,Who are you?,Sales Representative,0,0,0.9983158111572266,0.0016841888427734375,0.7,1,BERT:bert_class_weighted,Class weight
2223,emscad_16715,"A Creative agency for Web Design & Development, Software Development and Mobile Application Development. We offering a v",Internship Program 2013,0,0,0.9999526143074036,4.738569259643555e-05,0.7,1,BERT:bert_class_weighted,Class weight
2224,emscad_16716,"If you are passionate about helping people, you may be a good fit for our Customer Service Representative position. As a",Customer Service Representative,0,0,0.90277099609375,0.09722900390625,0.7,1,BERT:bert_class_weighted,Class weight
2225,emscad_16719,We're Hiring!,iOS Developer,0,0,0.9999412298202515,5.8770179748535156e-05,0.7,1,BERT:bert_class_weighted,Class weight
2226,emscad_16720,We're Hiring!,Android Developer,0,0,0.9999266266822815,7.337331771850586e-05,0.7,1,BERT:bert_class_weighted,Class weight
2227,emscad_16724,"A Creative agency for Web Design & Development, Software Development and Mobile Application Development. We offering a v",Web Content Writer (SEO Compliance),0,0,0.9999507069587708,4.929304122924805e-05,0.7,1,BERT:bert_class_weighted,Class weight
2228,emscad_16741,"VAM SYSTEMS is a Business Consulting, IT Solutions and Services company with operations in UAE, Qatar, Bahrain, USA, Aus",Sharepoint Developer Required for UAE,0,0,0.9998992681503296,0.00010073184967041016,0.7,1,BERT:bert_class_weighted,Class weight
2229,emscad_16743,Join Our Team,A Player,0,0,0.9998863339424133,0.00011366605758666992,0.7,1,BERT:bert_class_weighted,Class weight
2230,emscad_16746,We are looking for a TALENTED individual to join a dynamic and fast growing Keller Williams office in the White Plains a,Director of Agent Services,0,0,0.9993796348571777,0.0006203651428222656,0.7,1,BERT:bert_class_weighted,Class weight
2231,emscad_16753,"LEI Home Enhancements, is an Ohio based company that has been installing windows, siding, doors and decks in homes throu",Customer Service Reps Needed For Expansion,0,0,0.9999578595161438,4.214048385620117e-05,0.7,1,BERT:bert_class_weighted,Class weight
2232,emscad_16759,Welcome to Trans4u Ltd.,Mongolian Telephone Interpreter,0,0,0.9999352097511292,6.479024887084961e-05,0.7,1,BERT:bert_class_weighted,Class weight
2233,emscad_16760,"Consulting | Birmingham, United Kingdom Since 2006, Appirio has helped companies power their business with the cloud. We","Salesforce.com Developer - Birmingham, England",0,0,0.9999575018882751,4.2498111724853516e-05,0.7,1,BERT:bert_class_weighted,Class weight
2234,emscad_16761,"LEI Home Enhancements, is an Ohio based company that has been installing windows, siding, doors and decks in homes throu",Customer Service Reps Needed For Expansion,0,0,0.9999578595161438,4.214048385620117e-05,0.7,1,BERT:bert_class_weighted,Class weight
2235,emscad_16763,"“When a new product enters a market, no matter how good it is, that company must overcome apathy”.",Head of Marketing/Demand Generation,0,0,0.9999533295631409,4.667043685913086e-05,0.7,1,BERT:bert_class_weighted,Class weight
2236,emscad_16764,"LEI Home Enhancements, is an Ohio based company that has been installing windows, siding, doors and decks in homes throu",Customer Service Specialist in our Promotions Department,0,0,0.9999597668647766,4.023313522338867e-05,0.7,1,BERT:bert_class_weighted,Class weight
2237,emscad_16774,"Network Closing Services has been serving Lenders, Real Estate Consumers, and Professionals since 1999. We provide court",Title Closer,0,0,0.999945878982544,5.412101745605469e-05,0.7,1,BERT:bert_class_weighted,Class weight
2238,emscad_16775,Daily Secret is the fastest growing digital media brand for young and affluent professionals around the world. Covering ,Greek Product Manager,0,0,0.9999608397483826,3.916025161743164e-05,0.7,1,BERT:bert_class_weighted,Class weight
2239,emscad_16776,Maintains the work structure by updating job requirements and job descriptions for all positions.,HR Manager,0,0,0.9998012781143188,0.00019872188568115234,0.7,1,BERT:bert_class_weighted,Class weight
2240,emscad_16789,"Ideas2Life is a startup team of people in Cyprus, who are passionate about exploring, conceptualizing and developing new",Senior Web Developer,0,0,0.9999580383300781,4.1961669921875e-05,0.7,1,BERT:bert_class_weighted,Class weight
2241,emscad_16795,"Network Closing Services has been serving Lenders, Real Estate Consumers, and Professionals since 1999. We provide court",Escrow Officer / Title Closer,0,0,0.9999454617500305,5.453824996948242e-05,0.7,1,BERT:bert_class_weighted,Class weight
2242,emscad_16798,Our Company currently has immediate openings for Customer Support Representatives. Our Support Team responds to any issu,Customer Support Team Member,0,0,0.9969902038574219,0.003009796142578125,0.7,1,BERT:bert_class_weighted,Class weight
2243,emscad_16801,"LEI Home Enhancements, is an Ohio based company that has been installing windows, siding, doors and decks in homes throu",Friendly Customer Service Employees,0,0,0.9999613165855408,3.8683414459228516e-05,0.7,1,BERT:bert_class_weighted,Class weight
2244,emscad_16815,"Ruby on Rails Web Engineer (RoR) Now Hiring Ruby on Rails Web Engineer for one of our client in Long Beach, CA Job Role ",RoR/HTML/Java Developer,0,0,0.9999114871025085,8.851289749145508e-05,0.7,1,BERT:bert_class_weighted,Class weight
2245,emscad_16822,"MemSQL is a scalable real-time analytics platform. We make it easy to query Big Data quickly, allowing companies to move",Receptionist/Executive Assistant,0,0,0.9998500347137451,0.0001499652862548828,0.7,1,BERT:bert_class_weighted,Class weight
2246,emscad_16823,"Rose is a recruiter with TRAK Services in Washington, DC, an agency with 30 years of experience recruiting and placing c",Administrative Assistant,0,0,0.9999352097511292,6.479024887084961e-05,0.7,1,BERT:bert_class_weighted,Class weight
2247,emscad_16828,WE ARE GLOBAL BEACH,Frontend Web Developer: Up to 35k (depending on experience) plus private medical insurance,0,0,0.9999527931213379,4.7206878662109375e-05,0.7,1,BERT:bert_class_weighted,Class weight
2248,emscad_16830,"Our client is seeking a Java Developer who creates user information solutions by developing, implementing, and maintaini",Java Developer,0,0,0.9998313188552856,0.00016868114471435547,0.7,1,BERT:bert_class_weighted,Class weight
2249,emscad_16857,Daily Secret is the fastest growing digital media brand for young and affluent professionals around the world. Covering ,Creative Services Director,0,0,0.9999439120292664,5.608797073364258e-05,0.7,1,BERT:bert_class_weighted,Class weight
2250,emscad_16859,LendInvest utilises technology and innovation to improve access to mortgages and provides investors with better returns.,Senior Frontend Developer,0,0,0.9999426007270813,5.739927291870117e-05,0.7,1,BERT:bert_class_weighted,Class weight
2251,emscad_16880,The Company!,Senior Software Developer,0,0,0.9999396204948425,6.03795051574707e-05,0.7,1,BERT:bert_class_weighted,Class weight
2252,emscad_16883,"AbellTech was recently started in early 2013 and is growing rapidly. Located on the East Coast of the United States, our",Wordpress & Squarespace Developer,0,0,0.9999580383300781,4.1961669921875e-05,0.7,1,BERT:bert_class_weighted,Class weight
2253,emscad_16897,"Our client is looking for a PHP developer who is dedicated to their craft, writes code that they are proud of and can hi",PHP Developer,0,0,0.9998867511749268,0.00011324882507324219,0.7,1,BERT:bert_class_weighted,Class weight
2254,emscad_16952,"IntrinsicTel operates as a call center, performing many call center functions such as: collections, consumer billing, cu",Customer Service Agent,0,0,0.9999100565910339,8.994340896606445e-05,0.7,1,BERT:bert_class_weighted,Class weight
2255,emscad_16957,"LEI Home Enhancements, is an Ohio based company that has been installing windows, siding, doors and decks in homes throu",Customer Relations - Full Time - No Call Center,0,0,0.9999547600746155,4.5239925384521484e-05,0.7,1,BERT:bert_class_weighted,Class weight
2256,emscad_16973,We bring you strong solutions!,Commercial Electricians Needed,0,0,0.9995179176330566,0.0004820823669433594,0.7,1,BERT:bert_class_weighted,Class weight
2257,emscad_16975,"We turn your web design (PSD, PNG, AI, etc.) into a hand coded, pixel perfect and W3C compliant HTML5/CSS3/JS beauty eve",Frontend / UI Designer,0,0,0.9999412298202515,5.8770179748535156e-05,0.7,1,BERT:bert_class_weighted,Class weight
2258,emscad_16989,Selectus is a leading provider of Novated Lease management services and salary packaging administration to employers and,Settlements Coordinator,0,0,0.9999511241912842,4.887580871582031e-05,0.7,1,BERT:bert_class_weighted,Class weight
2259,emscad_17000,"Network Closing Services has been serving Lenders, Real Estate Consumers, and Professionals since 1999. We provide court",Title/Escrow Closer,0,0,0.9999426007270813,5.739927291870117e-05,0.7,1,BERT:bert_class_weighted,Class weight
2260,emscad_17012,"Network Closing Services has been serving Lenders, Real Estate Consumers, and Professionals since 1999. We provide court",Account Executive,0,0,0.9999441504478455,5.5849552154541016e-05,0.7,1,BERT:bert_class_weighted,Class weight
2261,emscad_17026,"Network Closing Services has been serving Lenders, Real Estate Consumers, and Professionals since 1999. We provide court",Title Account Executive,0,0,0.9999456405639648,5.435943603515625e-05,0.7,1,BERT:bert_class_weighted,Class weight
2262,emscad_17030,Our Mission,Senior Software Engineer --- Web Application UI,0,0,0.9999487400054932,5.125999450683594e-05,0.7,1,BERT:bert_class_weighted,Class weight
2263,emscad_17035,"e-Solutions Inc. is a talent-driven consulting company providing individual consultants, project teams, and strategic ou",Business Analyst with FX (Foreign Exchange),0,0,0.9999499320983887,5.0067901611328125e-05,0.7,1,BERT:bert_class_weighted,Class weight
2264,emscad_17041,"Are you looking to take a step into the tech startup world? Twentify, the Istanbul-based technology startup, might be ex",Sales & Customer Relations Director,0,0,0.9999359846115112,6.401538848876953e-05,0.7,1,BERT:bert_class_weighted,Class weight
2265,emscad_17047,Το αθηνόραμα ζητάει Web/Mobile Front End Developer για να στελεχώσει το τμήμα νέων μέσων με σκοπό την ανάπτυξη Mobile Ap,Web/Mobile Front End developer,0,0,0.9999465346336365,5.346536636352539e-05,0.7,1,BERT:bert_class_weighted,Class weight
2266,emscad_17054,We are looking for Junior .net developer to add to our development crew. You will work with the latest Microsoft technol,Junior Developer,0,0,0.9996154308319092,0.0003845691680908203,0.7,1,BERT:bert_class_weighted,Class weight
2267,emscad_17062,"Network Closing Services has been serving Lenders, Real Estate Consumers, and Professionals since 1999. We provide court",Title Settlement / Title Closer,0,0,0.9999452233314514,5.4776668548583984e-05,0.7,1,BERT:bert_class_weighted,Class weight
2268,emscad_17063,"KCS is a provider of IT consulting, IT staffing, and PMO design. We focus on win-win solutions that offer top notch tale",IT Project Manager - Austin,0,0,0.9999535083770752,4.649162292480469e-05,0.7,1,BERT:bert_class_weighted,Class weight
2269,emscad_17065,If you are ready to take the final step towards financial success within sales then please apply with an up to date Resu,Sales professionals/Money motivated/Passion for international travel,0,0,0.9996762275695801,0.0003237724304199219,0.7,1,BERT:bert_class_weighted,Class weight
2270,emscad_17068,Position: Web App Tester/QA,Web App Tester/QA,0,0,0.9988307952880859,0.0011692047119140625,0.7,1,BERT:bert_class_weighted,Class weight
2271,emscad_17076,"Network Closing Services has been serving Lenders, Real Estate Consumers, and Professionals since 1999. We provide court",Title Closer,0,0,0.999945878982544,5.412101745605469e-05,0.7,1,BERT:bert_class_weighted,Class weight
2272,emscad_17091,"At Total Eclipse we create fun, original, and addictive games that are easy to learn yet hard to master. We have a stron",Software Engineer for Games,0,0,0.9999485611915588,5.143880844116211e-05,0.7,1,BERT:bert_class_weighted,Class weight
2273,emscad_17103,"Keycafe is the leading key exchange solution for Airbnb hosts, property managers and real estate agents. We have over 10",Community Manager,0,0,0.999956488609314,4.3511390686035156e-05,0.7,1,BERT:bert_class_weighted,Class weight
2274,emscad_17108,"PINT is a leader in the web industry with 20 years of web design, software development and consulting experience. PINT's",Marketing Associate,0,0,0.9999575018882751,4.2498111724853516e-05,0.7,1,BERT:bert_class_weighted,Class weight
2275,emscad_17133,"LEI Home Enhancements, is an Ohio based company that has been installing windows, siding, doors and decks in homes throu",Customer Service Positions (Base plus commissions),0,0,0.9999511241912842,4.887580871582031e-05,0.7,1,BERT:bert_class_weighted,Class weight
2276,emscad_17137,"Declara is focused on bringing data to life. Our technology platform uses machine learning, search, algorithms and recom",Business Development Analyst,0,0,0.9999526143074036,4.738569259643555e-05,0.7,1,BERT:bert_class_weighted,Class weight
2277,emscad_17145,Credit Karma Inc.,SR. ANDROID ENGINEER,0,0,0.9999540448188782,4.595518112182617e-05,0.7,1,BERT:bert_class_weighted,Class weight
2278,emscad_17149,"Electus believes in long-term relationships with our candidates. We provide a combination of recruiting expertise, data,",Rational Software Architect,0,0,0.9999469518661499,5.3048133850097656e-05,0.7,1,BERT:bert_class_weighted,Class weight
2279,emscad_17152,"LogiSense Corporation is a well-established software company with rapidly growing business in Telecommunications, Hosted",Project Manager,0,0,0.9999068379402161,9.316205978393555e-05,0.7,1,BERT:bert_class_weighted,Class weight
2280,emscad_17154,Ripple is the Humans First® IT company. Companies partner with us to take care of thier IT so people can get more work d,Computer Support Specialist,0,0,0.9999263286590576,7.367134094238281e-05,0.7,1,BERT:bert_class_weighted,Class weight
2281,emscad_17168,RhodeCode provides the leading source code management solution for enterprises. We are powering the world`s largest orga,Technical Writer,0,0,0.9999558329582214,4.416704177856445e-05,0.7,1,BERT:bert_class_weighted,Class weight
2282,emscad_17172,"The RealReal is changing the way people buy and sell luxury items. The leader in luxury resale, the company is a full se",Customer Service Representative (Consignor Relations),0,0,0.9999282956123352,7.170438766479492e-05,0.7,1,BERT:bert_class_weighted,Class weight
2283,emscad_17183,Established on the principles that full time education is not for everyone Spectrum Learning is made up of a team of pas,DH8 Bricklaying Apprenticeship Under NAS 16-18 Year Olds Only,0,0,0.9999450445175171,5.4955482482910156e-05,0.7,1,BERT:bert_class_weighted,Class weight
2284,emscad_17184,"At Cedexis, we’re passionate about solutions for a faster web and we need people to bring our message to the world.",Solutions Engineer,0,0,0.999945878982544,5.412101745605469e-05,0.7,1,BERT:bert_class_weighted,Class weight
2285,emscad_17189,Established on the principles that full time education is not for everyone Spectrum Learning is made up of a team of pas,Hinckley Apprentice Business Support Coordinator Under NAS 16-18 Year Olds Only,0,0,0.9999529719352722,4.70280647277832e-05,0.7,1,BERT:bert_class_weighted,Class weight
2286,emscad_17191,"Headquarters in France, Montpellier (Place de la Comédie) & in the USA.","Engineer, Testing and Support Team",0,0,0.9999364614486694,6.35385513305664e-05,0.7,1,BERT:bert_class_weighted,Class weight
2287,emscad_17194,"FashionUnited is a fully independent international B2B fashion platform. Globally active, the platform reaches almost 1.",Editor United Kingdom - Amsterdam,0,0,0.9999514818191528,4.851818084716797e-05,0.7,1,BERT:bert_class_weighted,Class weight
2288,emscad_17199,"Argenta Field Solutions values the client, creates income streams for them through our sales mechanism and focuses on qu",Paid Training for Direct Sales Representative with Management Opportunity,0,0,0.9998629093170166,0.00013709068298339844,0.7,1,BERT:bert_class_weighted,Class weight
2289,emscad_17203,Our client is looking for qualified candidates that can perform the job description below:,Java Developer,0,0,0.9999203085899353,7.969141006469727e-05,0.7,1,BERT:bert_class_weighted,Class weight
2290,emscad_17209,Established on the principles that full time education is not for everyone Spectrum Learning is made up of a team of pas,Birmingham Business Admin Apprenticeship Under NAS 16-18 Year Olds Only,0,0,0.9999592900276184,4.07099723815918e-05,0.7,1,BERT:bert_class_weighted,Class weight
2291,emscad_17215,"The Currency Cloud is challenging the old financial order, a landscape where global payments are costly and charges hidd",Sales Manager,0,0,0.9999268651008606,7.31348991394043e-05,0.7,1,BERT:bert_class_weighted,Class weight
2292,emscad_17223,EROAD was established to modernise New Zealand’s paper-based RUC regime and in 2009 launched the world’s first GPS/cellu,Test Engineer,0,0,0.9999580383300781,4.1961669921875e-05,0.7,1,BERT:bert_class_weighted,Class weight
2293,emscad_17237,Visual BI is one of the leading and fastest growing firms focusing exclusively on BI & Analytics. Our offerings cover en,SAP HANA - Lead Consultant,0,0,0.9999576807022095,4.2319297790527344e-05,0.7,1,BERT:bert_class_weighted,Class weight
2294,emscad_17245,About Jeri Davis International,Director of Clinical,0,0,0.9998919367790222,0.0001080632209777832,0.7,1,BERT:bert_class_weighted,Class weight
2295,emscad_17247,"Space Ape Games is an Award Winning Mobile/Social Gaming startup founded in 2012. We’re a small, high-performing team wi",Product Marketing Manager,0,0,0.9999417066574097,5.829334259033203e-05,0.7,1,BERT:bert_class_weighted,Class weight
2296,emscad_17249,We are looking for a Technical Writer to produce high-quality documentation that contributes to the overall success of o,Technical writer 2,0,0,0.9997584819793701,0.0002415180206298828,0.7,1,BERT:bert_class_weighted,Class weight
2297,emscad_17250,"Hi, we are dopios",Senior Software Engineer,0,0,0.9999391436576843,6.085634231567383e-05,0.7,1,BERT:bert_class_weighted,Class weight
2298,emscad_17254,Community Action Partnership of Ramsey & Washington Counties (Community Action) was established in 1964 as a program of ,Head Start Bus Driver,0,0,0.999925434589386,7.456541061401367e-05,0.7,1,BERT:bert_class_weighted,Class weight
2299,emscad_17263,"Cloud 66 helps Devs and Ops deploy their applications on any public cloud. With Cloud 66, developers can deploy their we",Marketing Intern,0,0,0.9999497532844543,5.02467155456543e-05,0.7,1,BERT:bert_class_weighted,Class weight
2300,emscad_17268,"Our client is looking for a polished professional with a good sense of humor that is willing to ""roll up their sleeves"" ",Software Project Manager,0,0,0.9999260306358337,7.396936416625977e-05,0.7,1,BERT:bert_class_weighted,Class weight
2301,emscad_17273,"EVH is a fashion, lifestyle, design and luxury communications, digital, events and sales agency. With integrity and inte",Fashion/Lifestyle Account Manager,0,0,0.9999465346336365,5.346536636352539e-05,0.7,1,BERT:bert_class_weighted,Class weight
2302,emscad_17274,"A dedicated QPIFY Team is currently looking for a Content Strategist. The successful candidate will work across clients,",Content Strategist,0,0,0.9999414682388306,5.8531761169433594e-05,0.7,1,BERT:bert_class_weighted,Class weight
2303,emscad_17286,"NY Marketing Firm is family-owned and operated right here in New York, NY. Other companies may offer similar services, b",Management - Entry-Level,0,0,0.9999522566795349,4.774332046508789e-05,0.7,1,BERT:bert_class_weighted,Class weight
2304,emscad_17289,"We believe clients need a business partner who gets their business, gets the uniqueness of their culture and gets their ",Account Manager,0,0,0.9999082684516907,9.173154830932617e-05,0.7,1,BERT:bert_class_weighted,Class weight
2305,emscad_17291,"Wallflowr is a Cambridge, MA based company working on developing technologies for a safer home and work environment. Wal",Embedded Software / Firmware Engineer,0,0,0.9999561905860901,4.380941390991211e-05,0.7,1,BERT:bert_class_weighted,Class weight
2306,emscad_17300,MarketInvoice is one of the most high-profile London based fin-tech companies. The Company is Europe’s leading P2P invoi,Business Development Manager (Partnerships),0,0,0.9999560117721558,4.398822784423828e-05,0.7,1,BERT:bert_class_weighted,Class weight
2307,emscad_17311,ADstruc is the leading workflow management solution to plan and buy outdoor advertising. With hundreds of national and l,Account Executive,0,0,0.9999589920043945,4.100799560546875e-05,0.7,1,BERT:bert_class_weighted,Class weight
2308,emscad_17313,"Founded in 2010 by a team from Google’s London and New York offices, Qubit work with some of the biggest names in Online",Web Developer,0,0,0.999961793422699,3.820657730102539e-05,0.7,1,BERT:bert_class_weighted,Class weight
2309,emscad_17316,Our History,Sr. Systems Administrator,0,0,0.9999400973320007,5.990266799926758e-05,0.7,1,BERT:bert_class_weighted,Class weight
2310,emscad_17327,About Rocket Internet,SEM Specialist (m/f) - Venture,0,0,0.9999591708183289,4.082918167114258e-05,0.7,1,BERT:bert_class_weighted,Class weight
2311,emscad_17338,"Shyp is the easiest way to send anything, anywhere.",Part Time Driver and Handler,0,0,0.9999452233314514,5.4776668548583984e-05,0.7,1,BERT:bert_class_weighted,Class weight
2312,emscad_17339,"We experiment with new digital products, retail experiences and business models at M&S.com",Product Owner,0,0,0.9999647736549377,3.522634506225586e-05,0.7,1,BERT:bert_class_weighted,Class weight
2313,emscad_17342,We need awesome people!,Database Developer Search,0,0,0.9999588131904602,4.118680953979492e-05,0.7,1,BERT:bert_class_weighted,Class weight
2314,emscad_17346,We here at DG3 are looking for competitive sales people who are looking to break into a new market of the way digital ad,Account Executive,0,0,0.9999497532844543,5.02467155456543e-05,0.7,1,BERT:bert_class_weighted,Class weight
2315,emscad_17368,"Maxnet offers Staff Augmentation Solutions for Big Data Analytics in Retail, Healthcare and Regulatory & Compliance.",Consulting Services Account Manager (IT/Finance),0,0,0.9999538660049438,4.6133995056152344e-05,0.7,1,BERT:bert_class_weighted,Class weight
2316,emscad_17370,EUROPEAN DYNAMICS (#URL_c66532ffa1ce76ab447da6774719060c42c584edbf44d74cdb94fc4ac219ca45#) is a leading European Softwar,Java Developer,0,0,0.9999487400054932,5.125999450683594e-05,0.7,1,BERT:bert_class_weighted,Class weight
2317,emscad_17389,"Babbel enables anyone to learn languages in an easy and interactive way. The learning system offers 13 languages, from E",Content Marketing Manager Italian,0,0,0.9999538660049438,4.6133995056152344e-05,0.7,1,BERT:bert_class_weighted,Class weight
2318,emscad_17390,"Smart, creative, personable Customer Service employee wanted Responsibilities include: * Answering phones * Entering and",Customer Service,1,1,0.01220703125,0.98779296875,0.7,1,BERT:bert_class_weighted,Class weight
2319,emscad_17400,"WEEKLY JOBS, Part Time Workers Required. You can do it all from home, in your free time, at your own place. Spend 30 min","WEEKLY JOBS, Part Time Workers Required.",1,1,0.0,1.0,0.7,1,BERT:bert_class_weighted,Class weight
2320,emscad_17402,"Our client, an Important International Hospitality Group, is looking for an Assistant Hotel Manager in Tunisia.",Assistant Hotel Manager,0,0,0.9998650550842285,0.00013494491577148438,0.7,1,BERT:bert_class_weighted,Class weight
2321,emscad_17414,Advancr gets app developers/publishers paid quicker for revenues earned on the world's leading App Stores.,Junior Back End Developer - Java,0,0,0.9999581575393677,4.184246063232422e-05,0.7,1,BERT:bert_class_weighted,Class weight
2322,emscad_17418,"WellAware is an oil field communications and software-as-a-service (SaaS) company based in San Antonio, TX that provides",Senior QA Engineer,0,0,0.9999381899833679,6.181001663208008e-05,0.7,1,BERT:bert_class_weighted,Class weight
2323,emscad_17419,Tribal Worldwide Athens is a digitally centric advertising agency that draws no lines.,Junior Web Designer,0,0,0.9999625086784363,3.74913215637207e-05,0.7,1,BERT:bert_class_weighted,Class weight
2324,emscad_17446,"ABC Supply Co., Inc. is the nation’s largest wholesale distributor of roofing and one of the largest distributors of sid",Outside Sales Professional-Greater Chicago Area,0,0,0.9999469518661499,5.3048133850097656e-05,0.7,1,BERT:bert_class_weighted,Class weight
2325,emscad_17468,HealthCare California is a locally-owned and operated home health agency providing a variety of home health and medical ,Human Resources Coordinator,0,0,0.9999629259109497,3.707408905029297e-05,0.7,1,BERT:bert_class_weighted,Class weight
2326,emscad_17478,hello world,BI Consultant & Database Expert,0,0,0.9999589920043945,4.100799560546875e-05,0.7,1,BERT:bert_class_weighted,Class weight
2327,emscad_17484,"Tidewater Finance Co. was established in 1992 for the initial purpose of purchasing, and servicing retail installment co",Sub-prime Automotive Finance Analyst/Underwriter,0,0,0.999956488609314,4.3511390686035156e-05,0.7,1,BERT:bert_class_weighted,Class weight
2328,emscad_17490,Everyone has a story to tell. Everyone is unique. Everyone wants to love and be loved. Everyone who wants to learn is wi,"Front-end Web Developer (AngularJS, HTML5)",0,0,0.99994957447052,5.042552947998047e-05,0.7,1,BERT:bert_class_weighted,Class weight
2329,emscad_17493,"GPL Technologies is a solutions provider focused on the design, implementation, and support of high-performance informat",Administrative Assistant,0,0,0.9999623894691467,3.7610530853271484e-05,0.7,1,BERT:bert_class_weighted,Class weight
2330,emscad_17504,"Maxnet offers Staff Augmentation Solutions for Big Data Analytics in Retail, Healthcare and Regulatory & Compliance.",SQL Developer,0,0,0.9999467134475708,5.328655242919922e-05,0.7,1,BERT:bert_class_weighted,Class weight
2331,emscad_17517,What Now?! is an innovative new app that simulates a “live” smartphone experience whilst abroad – without paying for roa,iOS Developer - Official London Travel App,0,0,0.9999432563781738,5.6743621826171875e-05,0.7,1,BERT:bert_class_weighted,Class weight
2332,emscad_17518,Cash Job Opportunity To Immediate Start. No Experience Required And Never Any Fees. Work Anytime 1 To 2 Hrs Daily In Fre,Cash Job Opportunity To Immediate Start.,1,1,0.0,1.0,0.7,1,BERT:bert_class_weighted,Class weight
2333,emscad_17534,"Quality Assurance: 100% Employee Owned Windings, Inc., #URL_6606cbb7a48bfa97e44a8291080db53150be427c46f47417707c84c42e67",Quality Engineer,1,0,0.9999000430107117,9.995698928833008e-05,0.7,0,BERT:bert_class_weighted,Class weight
2334,emscad_17535,We need a Photoshop master - AE adventage...,Photoshop master,1,0,0.8580322265625,0.1419677734375,0.7,0,BERT:bert_class_weighted,Class weight
2335,emscad_17551,Find more jobs at #URL_1efb08d6a6da1c56afb2d0c686e1ed0dc14d0fbcb22482369e8a69999aa0d278#,ICU RN,1,1,0.0,1.0,0.7,1,BERT:bert_class_weighted,Class weight
2336,emscad_17554,"We are looking for a team oriented person who loves to multitask, with outstanding communication and customer service. C",FRONT OFFICE MANAGER,1,1,0.0,1.0,0.7,1,BERT:bert_class_weighted,Class weight
2337,emscad_17558,"Technician Instrument & Controls Location Deweyville, TX Category: Maintenance Type: Full Time Hourly # Openings: 1",Technician Instrument & Controls,1,0,0.9998923540115356,0.00010764598846435547,0.7,0,BERT:bert_class_weighted,Class weight
2338,emscad_17572,DMT Instant Reward. We are Hiring all The Time.,Work From Home (Easy Money),1,1,0.0,1.0,0.7,1,BERT:bert_class_weighted,Class weight
2339,emscad_17583,Apply using below link,RNFA - St. Joseph Medical Center,1,1,0.0,1.0,0.7,1,BERT:bert_class_weighted,Class weight
2340,emscad_17586,...We are looking for inbound call representatives We provide complete training ...We pay Daily! $20.00 to $200.00 plus ,Success is Knocking...,1,1,0.0,1.0,0.7,1,BERT:bert_class_weighted,Class weight
2341,emscad_17587,"We produce Networking Software (IOS & NX-OS)Optical Networking , Routers,Toric Marker,Pre-chopper,Spectacles,Application","Data Entry, Clerical Admin, Administrative Assistant, Customer Service, Accounting, payroll Clerk, Book keeping",1,1,0.00048828125,0.99951171875,0.7,1,BERT:bert_class_weighted,Class weight
2342,emscad_17601,Our Company is seeking a Part Time Admin Assistant Monday to Friday between the hours of 8.00am to 12.00pm. General offi,Admin Assistant Position,1,1,0.00048828125,0.99951171875,0.7,1,BERT:bert_class_weighted,Class weight
2343,emscad_17604,We are a nationwide recruiting and training firm that recruits and trains entry-level employees in the skilled trade ind,Call Center Representative,1,1,0.0,1.0,0.7,1,BERT:bert_class_weighted,Class weight
2344,emscad_17610,Job Title: Customer Service Representative Position Type: Full-Time Short Description: Customer Service Representative C,CUSTOMER SERVICES REP( FULL TIME POSITION),1,0,0.978790283203125,0.021209716796875,0.7,0,BERT:bert_class_weighted,Class weight
2345,emscad_17617,2018,CNC Programmer,1,1,0.0,1.0,0.7,1,BERT:bert_class_weighted,Class weight
2346,emscad_17636,"Our globally connected world has forced businesses to rethink how they communicate. Mobile lifestyles, a flood of techno",Data Entry Representative,1,1,0.00048828125,0.99951171875,0.7,1,BERT:bert_class_weighted,Class weight
2347,emscad_17637,"Weekend Staff Needed, Part Time Cash Jobs. You can do it all from home, in your free time, at your own place. Spend 30 m","Weekend Staff Needed, Part Time Cash Jobs.",1,1,0.0,1.0,0.7,1,BERT:bert_class_weighted,Class weight
2348,emscad_17642,2048,Project Engineer Medical Device 2048,1,1,0.0,1.0,0.7,1,BERT:bert_class_weighted,Class weight
2349,emscad_17646,Take calls at home for our ad company.,Customer Service Rep,1,1,0.0,1.0,0.7,1,BERT:bert_class_weighted,Class weight
2350,emscad_17651,Prepares source data for computer entry by compiling and sorting information; establishing entry priorities.,Data Entry,1,0,0.9986114501953125,0.0013885498046875,0.7,0,BERT:bert_class_weighted,Class weight
2351,emscad_17653,The Clerical Assistant will be responsible for accurately and efficiently process data into company systems. A high degr,Clerical Assistant,1,0,0.3603515625,0.6396484375,0.7,0,BERT:bert_class_weighted,Class weight
2352,emscad_17674,Greetings from VAM SYSTEMS.....,Urgently Required Senior VMware and MS Windows Systems Administrator for Qatar.,1,1,0.0,1.0,0.7,1,BERT:bert_class_weighted,Class weight
2353,emscad_17678,"Part Time & Full Time Jobs, Cash In Hands. You can do it all from home, in your free time, at your own place. Spend 30 m","Part Time & Full Time Jobs, Cash In Hands.",1,1,0.0,1.0,0.7,1,BERT:bert_class_weighted,Class weight
2354,emscad_17731,"We need someone who is smart, funny, great with people, wants to make a difference and also make great money...is that y",Licensed Life Insurance Agent,1,1,0.0,1.0,0.7,1,BERT:bert_class_weighted,Class weight
2355,emscad_17742,We Are Looking for Interns for Project Development. You Will be responsible for gathering and arranging projects for the,Intern Project Developer,1,0,0.9997584819793701,0.0002415180206298828,0.7,0,BERT:bert_class_weighted,Class weight
2356,emscad_17746,Answers customer/client requests or inquiries concerning services Responsible for improving customer retention through p,Customer Service Position,1,1,0.0,1.0,0.7,1,BERT:bert_class_weighted,Class weight
2357,emscad_17771,Titan Business Properties (TBP) is one of country's most pre-eminent and prolific developers. As an all-encompassing pro,Receptionist - Administrative Assistant,1,0,0.999950110912323,4.988908767700195e-05,0.7,0,BERT:bert_class_weighted,Class weight
2358,emscad_17773,"International media company looking for motivated, self-directed sales professionals who want to take control of their c",Sales professionals,1,0,0.90753173828125,0.09246826171875,0.7,0,BERT:bert_class_weighted,Class weight
2359,emscad_17776,"processing letters, proposals and contracts in an accurate and timely manner effectively communicating with clients coor",Administrative Clerk,1,1,0.0,1.0,0.7,1,BERT:bert_class_weighted,Class weight
2360,emscad_17787,We is a market leader in manufacturing and designing high quality LED Lighting products with a global presence. We are a,Office Clerk,1,0,0.9949111938476562,0.00508880615234375,0.7,0,BERT:bert_class_weighted,Class weight
2361,emscad_17799,"AVAILABLE POSITIONS: Catering staffs, managers, cafe staffs, casino staffs, reservation clerks, accountants, cashiers, r",Vacancies At The Cafe Royal Hotel London,1,1,0.00048828125,0.99951171875,0.7,1,BERT:bert_class_weighted,Class weight
2362,emscad_17803,Our company is looking for a full time employee to manage our front desk. Experience in physical therapy or fitness faci,Front Office Manager/reception,1,1,0.0,1.0,0.7,1,BERT:bert_class_weighted,Class weight
2363,emscad_17809,"We are hiring home / domestic #URL_a611accdf5e94eb5fe30981160c8d3567cd60b01d074a6bfea919aca521be808# mother is home, bef","vacancies,nannies,cooks,drivers and housekeepers needed",1,0,0.9991521835327148,0.0008478164672851562,0.7,0,BERT:bert_class_weighted,Class weight
2364,emscad_17813,"Position :Manager, Business Solutions-SAP/Supply Chain Job Type : Full Time Job Location : United States-Washington–Bell",Hiring for SAP Supply Chain Manager,1,1,0.0146484375,0.9853515625,0.7,1,BERT:bert_class_weighted,Class weight
2365,emscad_17817,"What you will be doing processing letters, proposals and contracts in an accurate and timely manner effectively communic",Administrative Clerk,1,1,0.0,1.0,0.7,1,BERT:bert_class_weighted,Class weight
2366,emscad_17821,Currently seeking an Office Assistant for our home office on a casual part time basis. This job involves personal and of,Office/Personal Assistant (15-20 hours per week),1,0,0.961639404296875,0.038360595703125,0.7,0,BERT:bert_class_weighted,Class weight
2367,emscad_17825,"Anthony Warren is a Marketing and Advertising consultant. After completing one enlistment as a U.S. Marine at Quantico, ",Military Benefits Counselor,1,1,0.00048828125,0.99951171875,0.7,1,BERT:bert_class_weighted,Class weight
2368,emscad_17833,"Based in the heart of the City, this exceptional opportunity as Sales Controller / Assistant in a fast-growing tech star",Sales Controller / Assistant,0,0,0.9999578595161438,4.214048385620117e-05,0.7,1,BERT:bert_class_weighted,Class weight
2369,emscad_17840,Job Title: SAS Grid Developer,SAS Grid Developer,0,0,0.9998822808265686,0.00011771917343139648,0.7,1,BERT:bert_class_weighted,Class weight
2370,emscad_17847,"Frequency540 (FQ540) is a full service digital agency focused on creating prosperity for our clients, our people, and pa",Project Manager,0,0,0.9999629259109497,3.707408905029297e-05,0.7,1,BERT:bert_class_weighted,Class weight
2371,emscad_17865,MERL's internship program gives students excellent opportunities to work in an industrial research lab environment side-,Next Generation Depth Sensing,0,0,0.999938428401947,6.157159805297852e-05,0.7,1,BERT:bert_class_weighted,Class weight
